
#include "be_TARASK.h"
#include <core/StringArray.h>


// :::::::::::::::::::::::::::::::::::::::::::::::::::::::::::::::::::::::::::::::::::::::::::::::::
// This file has been Generated by CldrGen.py
// :::::::::::::::::::::::::::::::::::::::::::::::::::::::::::::::::::::::::::::::::::::::::::::::::


namespace core {
    using namespace util;
    namespace locales {
        
        String Be_Tarask::displayLanguage(gint language, gint script, gint region) const {
            switch(language) {
				case 1: return String(CharArray::of(0x0430, 0x0431, 0x0445, 0x0430, 0x0441, 0x043A, 0x0430, 0x044F));
				case 4: return String(CharArray::of(0x0430, 0x0434, 0x0430, 0x043D, 0x0433, 0x043C, 0x044D, 0x0441, 0x043A, 0x0430, 0x044F));
				case 10: return String(CharArray::of(0x0430, 0x0433, 0x044D, 0x043C, 0x0441, 0x043A, 0x0430, 0x044F));
				case 13: return String(CharArray::of(0x0430, 0x043A, 0x0430, 0x043D, 0x0441, 0x043A, 0x0430, 0x044F));
				case 14: return String(CharArray::of(0x0430, 0x043A, 0x0430, 0x0434, 0x0437, 0x043A, 0x0430, 0x044F));
				case 16: return String(CharArray::of(0x0430, 0x043B, 0x0435, 0x045E, 0x0446, 0x043A, 0x0430, 0x044F));
				case 19: return String(CharArray::of(0x0430, 0x043C, 0x0433, 0x0430, 0x0440, 0x0441, 0x043A, 0x0430, 0x044F));
				case 21: return String(CharArray::of(0x0441, 0x0442, 0x0430, 0x0440, 0x0430, 0x0430, 0x043D, 0x0433, 0x0435, 0x043B, 0x044C, 0x0441, 0x043A, 0x0430, 0x044F));
				case 23: return String(CharArray::of(0x0430, 0x043D, 0x0433, 0x0456, 0x0446, 0x043A, 0x0430, 0x044F));
				case 26: return String(CharArray::of(0x0430, 0x0440, 0x0430, 0x043C, 0x044D, 0x0439, 0x0441, 0x043A, 0x0430, 0x044F));
				case 27: return String(CharArray::of(0x043C, 0x0430, 0x043F, 0x0443, 0x0434, 0x0443, 0x043D, 0x0433, 0x0443, 0x043D, 0x0441, 0x043A, 0x0430, 0x044F));
				case 29: return String(CharArray::of(0x0430, 0x0440, 0x0430, 0x043F, 0x0430, 0x0441, 0x043A, 0x0430, 0x044F));
				case 42: return String(CharArray::of(0x0430, 0x0432, 0x0430, 0x0434, 0x0433, 0x0456, 0x0441, 0x043A, 0x0430, 0x044F));
				case 43: return String(CharArray::of(0x0430, 0x0439, 0x043C, 0x0430, 0x0440, 0x0441, 0x043A, 0x0430, 0x044F));
				case 44: return String(CharArray::of(0x0430, 0x0437, 0x044D, 0x0440, 0x0431, 0x0430, 0x0439, 0x0434, 0x0436, 0x0430, 0x043D, 0x0441, 0x043A, 0x0430, 0x044F));
				case 49: return String(CharArray::of(0x0431, 0x0430, 0x0441, 0x0430, 0x0439, 0x0441, 0x043A, 0x0430, 0x044F));
            default: break;
            }
            return String();
        }
        
        String Be_Tarask::displayScript(gint script) const {
            switch(script) {
				case 13: return String(CharArray::of(0x0431, 0x044D, 0x043D, 0x0433, 0x0430, 0x043B, 0x044C, 0x0441, 0x043A, 0x0430, 0x0435));
				case 16: return String(CharArray::of(0x0431, 0x0430, 0x043F, 0x0430, 0x043C, 0x043E, 0x0444, 0x0441, 0x043A, 0x0430, 0x0435));
				case 33: return String(CharArray::of(0x0434, 0x044D, 0x0432, 0x0430, 0x043D, 0x0430, 0x0433, 0x0430, 0x0440, 0x0441, 0x043A, 0x0430, 0x0435));
				case 43: return String(CharArray::of(0x044D, 0x0442, 0x044B, 0x0451, 0x043F, 0x0441, 0x043A, 0x0430, 0x0435));
				case 52: return String(CharArray::of(0x0433, 0x0440, 0x044D, 0x0446, 0x043A, 0x0430, 0x0435));
				case 53: return String(CharArray::of(0x0433, 0x0443, 0x0434, 0x0436, 0x0430, 0x0440, 0x0430, 0x0446, 0x043A, 0x0430, 0x0435));
				case 55: return String(CharArray::of(0x0433, 0x0443, 0x0440, 0x043C, 0x0443, 0x043A, 0x0445, 0x0456, 0x0439, 0x0441, 0x043A, 0x0430, 0x0435));
				case 57: return String(CharArray::of(0x0445, 0x0430, 0x043D, 0x0433, 0x044B, 0x043B, 0x044C, 0x0441, 0x043A, 0x0430, 0x0435));
				case 58: return String(CharArray::of(0x0445, 0x0430, 0x043D, 0x0441, 0x043A, 0x0430, 0x0435));
				case 63: return String(CharArray::of(0x0433, 0x0430, 0x0431, 0x0440, 0x044D, 0x0439, 0x0441, 0x043A, 0x0430, 0x0435));
				case 68: return String(CharArray::of(0x044F, 0x043F, 0x043E, 0x043D, 0x0441, 0x043A, 0x0430, 0x0435, 0x20, 0x0441, 0x043A, 0x043B, 0x0430, 0x0434, 0x043E, 0x0432, 0x0430, 0x0435));
				case 72: return String(CharArray::of(0x0447, 0x0430, 0x043C, 0x043E, 0x0441, 0x043A, 0x0430, 0x0435));
				case 77: return String(CharArray::of(0x043A, 0x0430, 0x0442, 0x0430, 0x043A, 0x0430, 0x043D, 0x0441, 0x043A, 0x0430, 0x0435));
				case 80: return String(CharArray::of(0x043A, 0x0433, 0x043C, 0x044D, 0x0440, 0x0441, 0x043A, 0x0430, 0x0435));
				case 83: return String(CharArray::of(0x043A, 0x0430, 0x043D, 0x0430, 0x0434, 0x0437, 0x043A, 0x0430, 0x0435));
				case 111: return String(CharArray::of(0x043C, 0x0430, 0x043B, 0x0430, 0x044F, 0x043B, 0x0430, 0x043C, 0x0441, 0x043A, 0x0430, 0x0435));
				case 184: return String(CharArray::of(0x0442, 0x044B, 0x0431, 0x044D, 0x0446, 0x043A, 0x0430, 0x0435));
				case 204: return String(CharArray::of(0x044D, 0x043C, 0x0430, 0x0434, 0x0437, 0x0456));
				case 205: return String(CharArray::of(0x0441, 0x044B, 0x043C, 0x0431, 0x0430, 0x043B, 0x0456));
				case 206: return String(CharArray::of(0x0431, 0x0435, 0x0441, 0x044C, 0x043F, 0x0456, 0x0441, 0x044C, 0x043C, 0x0435, 0x043D, 0x043D, 0x0430, 0x044F));
            default: break;
            }
            return String();
        }
        
        String Be_Tarask::displayCountry(gint region) const {
            switch(region) {

				case 0: return String(CharArray::of(0x0421, 0x044C, 0x0432, 0x0435, 0x0442));

				case 2: return String(CharArray::of(0x041F, 0x0430, 0x045E, 0x043D, 0x043E, 0x0447, 0x043D, 0x0430, 0x044F, 0x20, 0x0410, 0x043C, 0x044D, 0x0440, 0x044B, 0x043A, 0x0430));

				case 3: return String(CharArray::of(0x041F, 0x0430, 0x045E, 0x0434, 0x043D, 0x0451, 0x0432, 0x0430, 0x044F, 0x20, 0x0410, 0x043C, 0x044D, 0x0440, 0x044B, 0x043A, 0x0430));

				case 6: return String(CharArray::of(0x0426, 0x044D, 0x043D, 0x0442, 0x0440, 0x0430, 0x043B, 0x044C, 0x043D, 0x0430, 0x044F, 0x20, 0x0410, 0x043C, 0x044D, 0x0440, 0x044B, 0x043A, 0x0430));

				case 11: return String(CharArray::of(0x041F, 0x0430, 0x045E, 0x043D, 0x043E, 0x0447, 0x043D, 0x0430, 0x044F, 0x20, 0x0456, 0x20, 0x041F, 0x0430, 0x045E, 0x0434, 0x043D, 0x0451, 0x0432, 0x0430, 0x044F, 0x20, 0x0410, 0x043C, 0x044D, 0x0440, 0x044B, 0x043A, 0x0456));

				case 13: return String(CharArray::of(0x041A, 0x0430, 0x0440, 0x044B, 0x0431, 0x044B));

				case 16: return String(CharArray::of(0x041F, 0x0430, 0x045E, 0x0434, 0x043D, 0x0451, 0x0432, 0x0430, 0x2D, 0x040E, 0x0441, 0x0445, 0x043E, 0x0434, 0x043D, 0x044F, 0x044F, 0x20, 0x0410, 0x0437, 0x0456, 0x044F));

				case 17: return String(CharArray::of(0x041F, 0x0430, 0x045E, 0x0434, 0x043D, 0x0451, 0x0432, 0x0430, 0x044F, 0x20, 0x042D, 0x045E, 0x0440, 0x043E, 0x043F, 0x0430));

				case 19: return String(CharArray::of(0x041C, 0x044D, 0x043B, 0x0430, 0x043D, 0x044D, 0x0437, 0x0456, 0x044F));

				case 21: return String(CharArray::of(0x041F, 0x0430, 0x043B, 0x0456, 0x043D, 0x044D, 0x0437, 0x0456, 0x044F));

				case 23: return String(CharArray::of(0x0421, 0x044F, 0x0440, 0x044D, 0x0434, 0x043D, 0x044F, 0x044F, 0x20, 0x0410, 0x0437, 0x0456, 0x044F));

				case 25: return String(CharArray::of(0x042D, 0x045E, 0x0440, 0x043E, 0x043F, 0x0430));

				case 26: return String(CharArray::of(0x0423, 0x0441, 0x0445, 0x043E, 0x0434, 0x043D, 0x044F, 0x044F, 0x20, 0x042D, 0x045E, 0x0440, 0x043E, 0x043F, 0x0430));

				case 27: return String(CharArray::of(0x041F, 0x0430, 0x045E, 0x043D, 0x043E, 0x0447, 0x043D, 0x0430, 0x044F, 0x20, 0x042D, 0x045E, 0x0440, 0x043E, 0x043F, 0x0430));

				case 28: return String(CharArray::of(0x0417, 0x0430, 0x0445, 0x043E, 0x0434, 0x043D, 0x044F, 0x044F, 0x20, 0x042D, 0x045E, 0x0440, 0x043E, 0x043F, 0x0430));

				case 30: return String(CharArray::of(0x041B, 0x0430, 0x0446, 0x0456, 0x043D, 0x0441, 0x043A, 0x0430, 0x044F, 0x20, 0x0410, 0x043C, 0x044D, 0x0440, 0x044B, 0x043A, 0x0430));

				case 31: return String(CharArray::of(0x0412, 0x043E, 0x0441, 0x0442, 0x0440, 0x0430, 0x045E, 0x20, 0x0423, 0x0437, 0x044C, 0x043D, 0x044F, 0x0441, 0x0435, 0x043D, 0x044C, 0x043D, 0x044F));

				case 34: return String(CharArray::of(0x0410, 0x045E, 0x0433, 0x0430, 0x043D, 0x0456, 0x0441, 0x0442, 0x0430, 0x043D));

				case 37: return String(CharArray::of(0x0410, 0x043B, 0x044C, 0x0431, 0x0430, 0x043D, 0x0456, 0x044F));

				case 38: return String(CharArray::of(0x0410, 0x0440, 0x043C, 0x044D, 0x043D, 0x0456, 0x044F));

				case 41: return String(CharArray::of(0x0410, 0x0440, 0x0433, 0x0435, 0x043D, 0x0442, 0x044B, 0x043D, 0x0430));

				case 42: return String(CharArray::of(0x0410, 0x043C, 0x044D, 0x0440, 0x044B, 0x043A, 0x0430, 0x043D, 0x0441, 0x043A, 0x0430, 0x0435, 0x20, 0x0421, 0x0430, 0x043C, 0x043E, 0x0430));

				case 46: return String(CharArray::of(0x0410, 0x043B, 0x044F, 0x043D, 0x0434, 0x0437, 0x043A, 0x0456, 0x044F, 0x20, 0x0430, 0x0441, 0x0442, 0x0440, 0x0430, 0x0432, 0x044B));

				case 47: return String(CharArray::of(0x0410, 0x0437, 0x044D, 0x0440, 0x0431, 0x0430, 0x0439, 0x0434, 0x0436, 0x0430, 0x043D));

				case 48: return String(CharArray::of(0x0411, 0x043E, 0x0441, 0x044C, 0x043D, 0x0456, 0x044F, 0x20, 0x0456, 0x20, 0x0413, 0x0435, 0x0440, 0x0446, 0x0430, 0x0433, 0x0430, 0x0432, 0x0456, 0x043D, 0x0430));

				case 50: return String(CharArray::of(0x0411, 0x0430, 0x043D, 0x0433, 0x043B, 0x044F, 0x0434, 0x044D, 0x0448));

				case 51: return String(CharArray::of(0x0411, 0x044D, 0x043B, 0x044C, 0x0433, 0x0456, 0x044F));

				case 53: return String(CharArray::of(0x0411, 0x0430, 0x045E, 0x0433, 0x0430, 0x0440, 0x044B, 0x044F));

				case 56: return String(CharArray::of(0x0411, 0x044D, 0x043D, 0x0456, 0x043D));

				case 57: return String(CharArray::of(0x0421, 0x044D, 0x043D, 0x2D, 0x0411, 0x0430, 0x0440, 0x0442, 0x044D, 0x043B, 0x044C, 0x043C, 0x0456));

				case 58: return String(CharArray::of(0x0411, 0x044D, 0x0440, 0x043C, 0x0443, 0x0434, 0x0437, 0x043A, 0x0456, 0x044F, 0x20, 0x0430, 0x0441, 0x0442, 0x0440, 0x0430, 0x0432, 0x044B));

				case 59: return String(CharArray::of(0x0411, 0x0440, 0x0443, 0x043D, 0x044D, 0x0439));

				case 61: return String(CharArray::of(0x041A, 0x0430, 0x0440, 0x044B, 0x0431, 0x0441, 0x043A, 0x0456, 0x044F, 0x20, 0x041D, 0x0456, 0x0434, 0x044D, 0x0440, 0x043B, 0x044F, 0x043D, 0x0434, 0x044B));

				case 62: return String(CharArray::of(0x0411, 0x0440, 0x0430, 0x0437, 0x044B, 0x043B, 0x0456, 0x044F));

				case 69: return String(CharArray::of(0x0411, 0x044D, 0x043B, 0x0456, 0x0437));

				case 72: return String(CharArray::of(0x041A, 0x043E, 0x043D, 0x0433, 0x0430, 0x20, 0x28, 0x0414, 0x044D, 0x043C, 0x0430, 0x043A, 0x0440, 0x0430, 0x0442, 0x044B, 0x0447, 0x043D, 0x0430, 0x044F, 0x20, 0x0420, 0x044D, 0x0441, 0x043F, 0x0443, 0x0431, 0x043B, 0x0456, 0x043A, 0x0430, 0x29));

				case 74: return String(CharArray::of(0x041A, 0x043E, 0x043D, 0x0433, 0x0430));

				case 75: return String(CharArray::of(0x0428, 0x0432, 0x0430, 0x0439, 0x0446, 0x0430, 0x0440, 0x044B, 0x044F));

				case 79: return String(CharArray::of(0x041A, 0x0430, 0x043C, 0x044D, 0x0440, 0x0443, 0x043D));

				case 82: return String(CharArray::of(0x0412, 0x043E, 0x0441, 0x0442, 0x0440, 0x0430, 0x045E, 0x20, 0x041A, 0x043B, 0x0456, 0x043F, 0x044D, 0x0440, 0x0442, 0x0430, 0x043D));

				case 86: return String(CharArray::of(0x041A, 0x0430, 0x0431, 0x0430, 0x2D, 0x0412, 0x044D, 0x0440, 0x0434, 0x044D));

				case 87: return String(CharArray::of(0x041A, 0x044E, 0x0440, 0x0430, 0x0441, 0x0430, 0x043E));

				case 88: return String(CharArray::of(0x0412, 0x043E, 0x0441, 0x0442, 0x0440, 0x0430, 0x045E, 0x20, 0x0420, 0x0430, 0x0441, 0x0442, 0x0432, 0x0430));

				case 92: return String(CharArray::of(0x041D, 0x044F, 0x043C, 0x0435, 0x0447, 0x0447, 0x044B, 0x043D, 0x0430));

				case 98: return String(CharArray::of(0x0410, 0x043B, 0x044C, 0x0436, 0x044B, 0x0440));

				case 99: return String(CharArray::of(0x0421, 0x044D, 0x045E, 0x0442, 0x0430, 0x20, 0x0456, 0x20, 0x041C, 0x044D, 0x043B, 0x0456, 0x043B, 0x044C, 0x043B, 0x044F));

				case 102: return String(CharArray::of(0x042D, 0x0433, 0x0456, 0x043F, 0x0435, 0x0442));

				case 105: return String(CharArray::of(0x0413, 0x0456, 0x0448, 0x043F, 0x0430, 0x043D, 0x0456, 0x044F));

				case 106: return String(CharArray::of(0x042D, 0x0442, 0x044B, 0x0451, 0x043F, 0x0456, 0x044F));

				case 107: return String(CharArray::of(0x042D, 0x045E, 0x0440, 0x0430, 0x043F, 0x0435, 0x0439, 0x0441, 0x043A, 0x0456, 0x20, 0x0441, 0x0430, 0x044E, 0x0437));

				case 108: return String(CharArray::of(0x042D, 0x045E, 0x0440, 0x0430, 0x0437, 0x043E, 0x043D, 0x0430));

				case 111: return String(CharArray::of(0x0424, 0x043E, 0x043B, 0x043A, 0x043B, 0x044D, 0x043D, 0x0434, 0x0437, 0x043A, 0x0456, 0x044F, 0x20, 0x0430, 0x0441, 0x0442, 0x0440, 0x0430, 0x0432, 0x044B));

				case 112: return String(CharArray::of(0x041C, 0x0456, 0x043A, 0x0440, 0x0430, 0x043D, 0x044D, 0x0437, 0x0456, 0x044F));

				case 119: return String(CharArray::of(0x0424, 0x0440, 0x0430, 0x043D, 0x0446, 0x0443, 0x0441, 0x043A, 0x0430, 0x044F, 0x20, 0x0413, 0x0432, 0x0456, 0x044F, 0x043D, 0x0430));

				case 122: return String(CharArray::of(0x0413, 0x0456, 0x0431, 0x0440, 0x0430, 0x043B, 0x044C, 0x0442, 0x0430, 0x0440));

				case 123: return String(CharArray::of(0x0413, 0x0440, 0x044D, 0x043D, 0x043B, 0x044F, 0x043D, 0x0434, 0x044B, 0x044F));

				case 125: return String(CharArray::of(0x0413, 0x0432, 0x0456, 0x043D, 0x044D, 0x044F));

				case 127: return String(CharArray::of(0x042D, 0x043A, 0x0432, 0x0430, 0x0442, 0x0430, 0x0440, 0x044B, 0x044F, 0x043B, 0x044C, 0x043D, 0x0430, 0x044F, 0x20, 0x0413, 0x0432, 0x0456, 0x043D, 0x044D, 0x044F));

				case 132: return String(CharArray::of(0x0413, 0x0432, 0x0456, 0x043D, 0x044D, 0x044F, 0x2D, 0x0411, 0x0456, 0x0441, 0x0430, 0x045E));

				case 134: return String(CharArray::of(0x0413, 0x0430, 0x043D, 0x043A, 0x043E, 0x043D, 0x0433, 0x20, 0x28, 0x041A, 0x0456, 0x0442, 0x0430, 0x0439, 0x29));

				case 135: return String(CharArray::of(0x0410, 0x0441, 0x0442, 0x0440, 0x0430, 0x0432, 0x044B, 0x20, 0x0425, 0x044D, 0x0440, 0x0434, 0x20, 0x0456, 0x20, 0x041C, 0x0430, 0x043A, 0x0434, 0x043E, 0x043D, 0x0430, 0x043B, 0x044C, 0x0434));

				case 139: return String(CharArray::of(0x0412, 0x0443, 0x0433, 0x043E, 0x0440, 0x0448, 0x0447, 0x044B, 0x043D, 0x0430));

				case 141: return String(CharArray::of(0x0406, 0x043D, 0x0434, 0x0430, 0x043D, 0x044D, 0x0437, 0x0456, 0x044F));

				case 142: return String(CharArray::of(0x0406, 0x0440, 0x043B, 0x044F, 0x043D, 0x0434, 0x044B, 0x044F));

				case 149: return String(CharArray::of(0x0406, 0x0441, 0x044C, 0x043B, 0x044F, 0x043D, 0x0434, 0x044B, 0x044F));

				case 151: return String(CharArray::of(0x0414, 0x0436, 0x044D, 0x0440, 0x0437, 0x0456));

				case 153: return String(CharArray::of(0x042F, 0x0440, 0x0434, 0x0430, 0x043D, 0x0456, 0x044F));

				case 156: return String(CharArray::of(0x041A, 0x044B, 0x0440, 0x0433, 0x044B, 0x0441, 0x0442, 0x0430, 0x043D));

				case 160: return String(CharArray::of(0x0421, 0x044C, 0x0432, 0x044F, 0x0442, 0x044B, 0x20, 0x041A, 0x0456, 0x0442, 0x0441, 0x20, 0x0456, 0x20, 0x041D, 0x044D, 0x0432, 0x0456, 0x0441));

				case 163: return String(CharArray::of(0x041A, 0x0443, 0x0432, 0x044D, 0x0439, 0x0442));

				case 167: return String(CharArray::of(0x041B, 0x0456, 0x0431, 0x0430, 0x043D));

				case 168: return String(CharArray::of(0x0421, 0x044C, 0x0432, 0x044F, 0x0442, 0x0430, 0x044F, 0x20, 0x041B, 0x044E, 0x0441, 0x0456, 0x044F));

				case 169: return String(CharArray::of(0x041B, 0x0456, 0x0445, 0x0442, 0x044D, 0x043D, 0x0448, 0x0442, 0x0430, 0x0439, 0x043D));

				case 171: return String(CharArray::of(0x041B, 0x0456, 0x0431, 0x044D, 0x0440, 0x044B, 0x044F));

				case 173: return String(CharArray::of(0x041B, 0x0435, 0x0442, 0x0443, 0x0432, 0x0430));

				case 174: return String(CharArray::of(0x041B, 0x044E, 0x043A, 0x0441, 0x044D, 0x043C, 0x0431, 0x0443, 0x0440, 0x0433));

				case 176: return String(CharArray::of(0x041B, 0x0456, 0x0431, 0x0456, 0x044F));

				case 181: return String(CharArray::of(0x0421, 0x044D, 0x043D, 0x2D, 0x041C, 0x0430, 0x0440, 0x0442, 0x044D, 0x043D));

				case 186: return String(CharArray::of(0x041C, 0x2019, 0x044F, 0x043D, 0x043C, 0x0430));

				case 188: return String(CharArray::of(0x041C, 0x0430, 0x043A, 0x0430, 0x043E, 0x20, 0x28, 0x041A, 0x0456, 0x0442, 0x0430, 0x0439, 0x29));

				case 190: return String(CharArray::of(0x041C, 0x0430, 0x0440, 0x0442, 0x044B, 0x043D, 0x0456, 0x043A, 0x0430));

				case 192: return String(CharArray::of(0x041C, 0x0430, 0x043D, 0x0441, 0x044D, 0x0440, 0x0430, 0x0442));

				case 194: return String(CharArray::of(0x041C, 0x0430, 0x045E, 0x0440, 0x044B, 0x0446, 0x044B));

				case 197: return String(CharArray::of(0x041C, 0x044D, 0x043A, 0x0441, 0x044B, 0x043A, 0x0430));

				case 206: return String(CharArray::of(0x041D, 0x0456, 0x0434, 0x044D, 0x0440, 0x043B, 0x044F, 0x043D, 0x0434, 0x044B));

				case 207: return String(CharArray::of(0x041D, 0x0430, 0x0440, 0x0432, 0x044D, 0x0433, 0x0456, 0x044F));

				case 208: return String(CharArray::of(0x041D, 0x044D, 0x043F, 0x0430, 0x043B));

				case 209: return String(CharArray::of(0x041D, 0x0430, 0x045E, 0x0440, 0x0443));

				case 210: return String(CharArray::of(0x041D, 0x0456, 0x045E, 0x044D));

				case 211: return String(CharArray::of(0x041D, 0x043E, 0x0432, 0x0430, 0x044F, 0x20, 0x0417, 0x044D, 0x043B, 0x044F, 0x043D, 0x0434, 0x044B, 0x044F));

				case 214: return String(CharArray::of(0x041F, 0x044D, 0x0440, 0x0443));

				case 215: return String(CharArray::of(0x0424, 0x0440, 0x0430, 0x043D, 0x0446, 0x0443, 0x0441, 0x043A, 0x0430, 0x044F, 0x20, 0x041F, 0x0430, 0x043B, 0x0456, 0x043D, 0x044D, 0x0437, 0x0456, 0x044F));

				case 216: return String(CharArray::of(0x041F, 0x0430, 0x043F, 0x0443, 0x0430, 0x2D, 0x041D, 0x043E, 0x0432, 0x0430, 0x044F, 0x20, 0x0413, 0x0432, 0x0456, 0x043D, 0x044D, 0x044F));

				case 220: return String(CharArray::of(0x0421, 0x044D, 0x043D, 0x2D, 0x041F, 0x2019, 0x0435, 0x0440, 0x20, 0x0456, 0x20, 0x041C, 0x0456, 0x043A, 0x0435, 0x043B, 0x0451, 0x043D));

				case 223: return String(CharArray::of(0x041F, 0x0430, 0x043B, 0x0435, 0x0441, 0x0442, 0x044B, 0x043D, 0x0441, 0x043A, 0x0456, 0x044F, 0x20, 0x0422, 0x044D, 0x0440, 0x044B, 0x0442, 0x043E, 0x0440, 0x044B, 0x0456));

				case 225: return String(CharArray::of(0x041F, 0x0430, 0x043B, 0x0430, 0x045E));

				case 228: return String(CharArray::of(0x0417, 0x044C, 0x043D, 0x0435, 0x0448, 0x043D, 0x0456, 0x044F, 0x20, 0x0442, 0x044D, 0x0440, 0x044B, 0x0442, 0x043E, 0x0440, 0x044B, 0x0456, 0x20, 0x0410, 0x043A, 0x0456, 0x044F, 0x043D, 0x0456, 0x0456));

				case 231: return String(CharArray::of(0x0421, 0x044D, 0x0440, 0x0431, 0x0456, 0x044F));

				case 232: return String(CharArray::of(0x0420, 0x0430, 0x0441, 0x0435, 0x044F));

				case 234: return String(CharArray::of(0x0421, 0x0430, 0x0443, 0x0434, 0x0430, 0x045E, 0x0441, 0x043A, 0x0430, 0x044F, 0x20, 0x0410, 0x0440, 0x0430, 0x0431, 0x0456, 0x044F));

				case 236: return String(CharArray::of(0x0421, 0x044D, 0x0439, 0x0448, 0x044D, 0x043B, 0x044C, 0x0441, 0x043A, 0x0456, 0x044F, 0x20, 0x0430, 0x0441, 0x0442, 0x0440, 0x0430, 0x0432, 0x044B));

				case 238: return String(CharArray::of(0x0428, 0x0432, 0x044D, 0x0446, 0x044B, 0x044F));

				case 239: return String(CharArray::of(0x0421, 0x044B, 0x043D, 0x0433, 0x0430, 0x043F, 0x0443, 0x0440));

				case 240: return String(CharArray::of(0x0412, 0x043E, 0x0441, 0x0442, 0x0440, 0x0430, 0x045E, 0x20, 0x0421, 0x044C, 0x0432, 0x044F, 0x0442, 0x0430, 0x044F, 0x20, 0x0413, 0x044D, 0x043B, 0x0435, 0x043D, 0x0430));

				case 242: return String(CharArray::of(0x0428, 0x043F, 0x0456, 0x0446, 0x0431, 0x044D, 0x0440, 0x0433, 0x0435, 0x043D, 0x20, 0x0456, 0x20, 0x042F, 0x043D, 0x2D, 0x041C, 0x0430, 0x044D, 0x043D));

				case 243: return String(CharArray::of(0x0421, 0x043B, 0x0430, 0x0432, 0x0430, 0x0447, 0x0447, 0x044B, 0x043D, 0x0430));

				case 246: return String(CharArray::of(0x0421, 0x044D, 0x043D, 0x044D, 0x0433, 0x0430, 0x043B));

				case 253: return String(CharArray::of(0x0421, 0x044B, 0x0440, 0x044B, 0x044F));

				case 254: return String(CharArray::of(0x042D, 0x0441, 0x045E, 0x0430, 0x0442, 0x044B, 0x043D, 0x0456));

				case 258: return String(CharArray::of(0x0424, 0x0440, 0x0430, 0x043D, 0x0446, 0x0443, 0x0441, 0x043A, 0x0456, 0x044F, 0x20, 0x043F, 0x0430, 0x045E, 0x0434, 0x043D, 0x0451, 0x0432, 0x044B, 0x044F, 0x20, 0x0442, 0x044D, 0x0440, 0x044B, 0x0442, 0x043E, 0x0440, 0x044B, 0x0456));

				case 260: return String(CharArray::of(0x0422, 0x0430, 0x0439, 0x043B, 0x044F, 0x043D, 0x0434));

				case 262: return String(CharArray::of(0x0422, 0x0430, 0x043A, 0x0435, 0x043B, 0x0430, 0x045E));

				case 263: return String(CharArray::of(0x0423, 0x0441, 0x0445, 0x043E, 0x0434, 0x043D, 0x0456, 0x20, 0x0422, 0x044B, 0x043C, 0x043E, 0x0440));

				case 264: return String(CharArray::of(0x0422, 0x0443, 0x0440, 0x043A, 0x043C, 0x044D, 0x043D, 0x0456, 0x0441, 0x0442, 0x0430, 0x043D));

				case 267: return String(CharArray::of(0x0422, 0x0443, 0x0440, 0x044D, 0x0447, 0x0447, 0x044B, 0x043D, 0x0430));

				case 274: return String(CharArray::of(0x0417, 0x044C, 0x043D, 0x0435, 0x0448, 0x043D, 0x0456, 0x044F, 0x20, 0x043C, 0x0430, 0x043B, 0x044B, 0x044F, 0x20, 0x0430, 0x0441, 0x0442, 0x0440, 0x0430, 0x0432, 0x044B, 0x20, 0x0417, 0x0428, 0x0410));

				case 275: return String(CharArray::of(0x0410, 0x0440, 0x0433, 0x0430, 0x043D, 0x0456, 0x0437, 0x0430, 0x0446, 0x044B, 0x044F, 0x20, 0x0410, 0x0431, 0x2019, 0x044F, 0x0434, 0x043D, 0x0430, 0x043D, 0x044B, 0x0445, 0x20, 0x041D, 0x0430, 0x0446, 0x044B, 0x044F, 0x045E));

				case 276: return String(CharArray::of(0x0417, 0x043B, 0x0443, 0x0447, 0x0430, 0x043D, 0x044B, 0x044F, 0x20, 0x0428, 0x0442, 0x0430, 0x0442, 0x044B));

				case 278: return String(CharArray::of(0x0423, 0x0437, 0x0431, 0x044D, 0x043A, 0x0456, 0x0441, 0x0442, 0x0430, 0x043D));

				case 280: return String(CharArray::of(0x0421, 0x044C, 0x0432, 0x044F, 0x0442, 0x044B, 0x20, 0x0412, 0x0456, 0x043D, 0x0446, 0x044D, 0x043D, 0x0442, 0x20, 0x0456, 0x20, 0x0413, 0x0440, 0x044D, 0x043D, 0x0430, 0x0434, 0x0437, 0x0456, 0x043D, 0x044B));

				case 281: return String(CharArray::of(0x0412, 0x044D, 0x043D, 0x044D, 0x0441, 0x0443, 0x044D, 0x043B, 0x0430));

				case 283: return String(CharArray::of(0x0410, 0x043C, 0x044D, 0x0440, 0x044B, 0x043A, 0x0430, 0x043D, 0x0441, 0x043A, 0x0456, 0x044F, 0x20, 0x0412, 0x0456, 0x0440, 0x0433, 0x0456, 0x043D, 0x0441, 0x043A, 0x0456, 0x044F, 0x20, 0x0430, 0x0441, 0x0442, 0x0440, 0x0430, 0x0432, 0x044B));

				case 284: return String(CharArray::of(0x0412, 0x0456, 0x0435, 0x0442, 0x043D, 0x0430, 0x043C));

				case 286: return String(CharArray::of(0x040E, 0x043E, 0x043B, 0x0456, 0x0441, 0x20, 0x0456, 0x20, 0x0424, 0x0443, 0x0442, 0x0443, 0x043D, 0x0430));

				case 288: return String(CharArray::of(0x041F, 0x0441, 0x044D, 0x045E, 0x0434, 0x0430, 0x0430, 0x043A, 0x0446, 0x044D, 0x043D, 0x0442, 0x044B));

				case 289: return String(CharArray::of(0x043F, 0x0441, 0x044D, 0x045E, 0x0434, 0x0430, 0x0434, 0x0432, 0x0443, 0x0445, 0x043D, 0x0430, 0x043F, 0x0440, 0x0430, 0x043C, 0x043A, 0x0430, 0x0432, 0x044B));

				case 291: return String(CharArray::of(0x0415, 0x043C, 0x044D, 0x043D));

				case 296: return String(CharArray::of(0x0417, 0x044B, 0x043C, 0x0431, 0x0430, 0x0431, 0x0432, 0x044D));

				case 297: return String(CharArray::of(0x041D, 0x0435, 0x0432, 0x044F, 0x0434, 0x043E, 0x043C, 0x0430, 0x044F, 0x20, 0x043A, 0x0440, 0x0430, 0x0456, 0x043D, 0x0430));
            default: break;
            }
            return String();
        }
        
        String Be_Tarask::displayVariant(gint variant) const {
            switch(variant) {
            default: break;
            }
            return String();
        }
            
        gbool Be_Tarask::hasVariant() const {
            return true;
        }
        
        gbool Be_Tarask::hasRegion() const {
            return false;
        }
        
        gbool Be_Tarask::hasScript() const {
            return false;
        }
            
        String Be_Tarask::displayCurrency(gint currency, gint count) const {
            switch(currency) { 
				case 3:
					if (count == -1) return String(CharArray::of(0x0430, 0x045E, 0x0433, 0x0430, 0x043D, 0x0441, 0x043A, 0x0456, 0x20, 0x0430, 0x0444, 0x0433, 0x0430, 0x043D, 0x0456));
					if (count == 1) return String(CharArray::of(0x0430, 0x045E, 0x0433, 0x0430, 0x043D, 0x0441, 0x043A, 0x0456, 0x20, 0x0430, 0x0444, 0x0433, 0x0430, 0x043D, 0x0456));
					if (count != 1) return String(CharArray::of(0x0430, 0x045E, 0x0433, 0x0430, 0x043D, 0x0441, 0x043A, 0x0456, 0x044F, 0x20, 0x0430, 0x0444, 0x0433, 0x0430, 0x043D, 0x0456));
					if (count != 1) return String(CharArray::of(0x0430, 0x045E, 0x0433, 0x0430, 0x043D, 0x0441, 0x043A, 0x0456, 0x0445, 0x20, 0x0430, 0x0444, 0x0433, 0x0430, 0x043D, 0x0456));
					if (count != 1) return String(CharArray::of(0x0430, 0x045E, 0x0433, 0x0430, 0x043D, 0x0441, 0x043A, 0x0430, 0x0433, 0x0430, 0x20, 0x0430, 0x0444, 0x0433, 0x0430, 0x043D, 0x0456));
					break;
				case 5:
					if (count == -1) return String(CharArray::of(0x0430, 0x043B, 0x044C, 0x0431, 0x0430, 0x043D, 0x0441, 0x043A, 0x0456, 0x20, 0x043B, 0x0435, 0x043A));
					if (count == 1) return String(CharArray::of(0x0430, 0x043B, 0x044C, 0x0431, 0x0430, 0x043D, 0x0441, 0x043A, 0x0456, 0x20, 0x043B, 0x0435, 0x043A));
					if (count != 1) return String(CharArray::of(0x0430, 0x043B, 0x044C, 0x0431, 0x0430, 0x043D, 0x0441, 0x043A, 0x0456, 0x044F, 0x20, 0x043B, 0x0435, 0x043A, 0x0456));
					if (count != 1) return String(CharArray::of(0x0430, 0x043B, 0x044C, 0x0431, 0x0430, 0x043D, 0x0441, 0x043A, 0x0456, 0x0445, 0x20, 0x043B, 0x0435, 0x043A, 0x0430, 0x045E));
					if (count != 1) return String(CharArray::of(0x0430, 0x043B, 0x044C, 0x0431, 0x0430, 0x043D, 0x0441, 0x043A, 0x0430, 0x0433, 0x0430, 0x20, 0x043B, 0x0435, 0x043A, 0x0430));
					break;
				case 7:
					if (count == -1) return String(CharArray::of(0x043D, 0x0456, 0x0434, 0x044D, 0x0440, 0x043B, 0x044F, 0x043D, 0x0434, 0x0437, 0x043A, 0x0456, 0x20, 0x0430, 0x043D, 0x0442, 0x044B, 0x043B, 0x044C, 0x0441, 0x043A, 0x0456, 0x20, 0x0433, 0x0443, 0x043B, 0x044C, 0x0434, 0x044D, 0x043D));
					if (count == 1) return String(CharArray::of(0x043D, 0x0456, 0x0434, 0x044D, 0x0440, 0x043B, 0x044F, 0x043D, 0x0434, 0x0437, 0x043A, 0x0456, 0x20, 0x0430, 0x043D, 0x0442, 0x044B, 0x043B, 0x044C, 0x0441, 0x043A, 0x0456, 0x20, 0x0433, 0x0443, 0x043B, 0x044C, 0x0434, 0x044D, 0x043D));
					if (count != 1) return String(CharArray::of(0x043D, 0x0456, 0x0434, 0x044D, 0x0440, 0x043B, 0x044F, 0x043D, 0x0434, 0x0437, 0x043A, 0x0456, 0x044F, 0x20, 0x0430, 0x043D, 0x0442, 0x044B, 0x043B, 0x044C, 0x0441, 0x043A, 0x0456, 0x044F, 0x20, 0x0433, 0x0443, 0x043B, 0x044C, 0x0434, 0x044D, 0x043D, 0x044B));
					if (count != 1) return String(CharArray::of(0x043D, 0x0456, 0x0434, 0x044D, 0x0440, 0x043B, 0x0430, 0x043D, 0x0434, 0x0437, 0x043A, 0x0456, 0x0445, 0x20, 0x0430, 0x043D, 0x0442, 0x044B, 0x043B, 0x044C, 0x0441, 0x043A, 0x0456, 0x0445, 0x20, 0x0433, 0x0443, 0x043B, 0x044C, 0x0434, 0x044D, 0x043D, 0x0430, 0x045E));
					if (count != 1) return String(CharArray::of(0x043D, 0x0456, 0x0434, 0x044D, 0x0440, 0x043B, 0x0430, 0x043D, 0x0434, 0x0437, 0x043A, 0x0430, 0x0433, 0x0430, 0x20, 0x0430, 0x043D, 0x0442, 0x044B, 0x043B, 0x044C, 0x0441, 0x043A, 0x0430, 0x0433, 0x0430, 0x20, 0x0433, 0x0443, 0x043B, 0x044C, 0x0434, 0x044D, 0x043D, 0x0430));
					break;
				case 16:
					if (count == -1) return String(CharArray::of(0x0430, 0x0440, 0x0433, 0x0435, 0x043D, 0x0442, 0x044B, 0x043D, 0x0441, 0x043A, 0x0430, 0x0435, 0x20, 0x043F, 0x0435, 0x0441, 0x0430));
					if (count == 1) return String(CharArray::of(0x0430, 0x0440, 0x0433, 0x0435, 0x043D, 0x0442, 0x044B, 0x043D, 0x0441, 0x043A, 0x0430, 0x0435, 0x20, 0x043F, 0x0435, 0x0441, 0x0430));
					if (count != 1) return String(CharArray::of(0x0430, 0x0440, 0x0433, 0x0435, 0x043D, 0x0442, 0x044B, 0x043D, 0x0441, 0x043A, 0x0456, 0x044F, 0x20, 0x043F, 0x0435, 0x0441, 0x0430));
					if (count != 1) return String(CharArray::of(0x0430, 0x0440, 0x0433, 0x0435, 0x043D, 0x0442, 0x044B, 0x043D, 0x0441, 0x043A, 0x0456, 0x0445, 0x20, 0x043F, 0x0435, 0x0441, 0x0430));
					if (count != 1) return String(CharArray::of(0x0430, 0x0440, 0x0433, 0x0435, 0x043D, 0x0442, 0x044B, 0x043D, 0x0441, 0x043A, 0x0430, 0x0433, 0x0430, 0x20, 0x043F, 0x0435, 0x0441, 0x0430));
					break;
				case 18:
					if (count == -1) return String(CharArray::of(0x0430, 0x045E, 0x0441, 0x0442, 0x0440, 0x0430, 0x043B, 0x0456, 0x0439, 0x0441, 0x043A, 0x0456, 0x20, 0x0434, 0x0430, 0x043B, 0x044F, 0x0440));
					if (count == 1) return String(CharArray::of(0x0430, 0x045E, 0x0441, 0x0442, 0x0440, 0x0430, 0x043B, 0x0456, 0x0439, 0x0441, 0x043A, 0x0456, 0x20, 0x0434, 0x0430, 0x043B, 0x044F, 0x0440));
					if (count != 1) return String(CharArray::of(0x0430, 0x045E, 0x0441, 0x0442, 0x0440, 0x0430, 0x043B, 0x0456, 0x0439, 0x0441, 0x043A, 0x0456, 0x044F, 0x20, 0x0434, 0x0430, 0x043B, 0x044F, 0x0440, 0x044B));
					if (count != 1) return String(CharArray::of(0x0430, 0x045E, 0x0441, 0x0442, 0x0440, 0x0430, 0x043B, 0x0456, 0x0439, 0x0441, 0x043A, 0x0456, 0x0445, 0x20, 0x0434, 0x0430, 0x043B, 0x044F, 0x0440, 0x0430, 0x045E));
					if (count != 1) return String(CharArray::of(0x0430, 0x045E, 0x0441, 0x0442, 0x0440, 0x0430, 0x043B, 0x0456, 0x0439, 0x0441, 0x043A, 0x0430, 0x0433, 0x0430, 0x20, 0x0434, 0x0430, 0x043B, 0x044F, 0x0440, 0x0430));
					break;
				case 19:
					if (count == -1) return String(CharArray::of(0x0430, 0x0440, 0x0443, 0x0431, 0x0430, 0x043D, 0x0441, 0x043A, 0x0456, 0x20, 0x0444, 0x043B, 0x044F, 0x0440, 0x044B, 0x043D));
					if (count == 1) return String(CharArray::of(0x0430, 0x0440, 0x0443, 0x0431, 0x0430, 0x043D, 0x0441, 0x043A, 0x0456, 0x20, 0x0444, 0x043B, 0x044F, 0x0440, 0x044B, 0x043D));
					if (count != 1) return String(CharArray::of(0x0430, 0x0440, 0x0443, 0x0431, 0x0430, 0x043D, 0x0441, 0x043A, 0x0456, 0x044F, 0x20, 0x0444, 0x043B, 0x044F, 0x0440, 0x044B, 0x043D, 0x044B));
					if (count != 1) return String(CharArray::of(0x0430, 0x0440, 0x0443, 0x0431, 0x0430, 0x043D, 0x0441, 0x043A, 0x0456, 0x0445, 0x20, 0x0444, 0x043B, 0x044F, 0x0440, 0x044B, 0x043D, 0x0430, 0x045E));
					if (count != 1) return String(CharArray::of(0x0430, 0x0440, 0x0443, 0x0431, 0x0430, 0x043D, 0x0441, 0x043A, 0x0430, 0x0433, 0x0430, 0x20, 0x0444, 0x043B, 0x044F, 0x0440, 0x044B, 0x043D, 0x0430));
					break;
				case 21:
					if (count == -1) return String(CharArray::of(0x0430, 0x0437, 0x044D, 0x0440, 0x0431, 0x0430, 0x0439, 0x0434, 0x0436, 0x0430, 0x043D, 0x0441, 0x043A, 0x0456, 0x20, 0x043C, 0x0430, 0x043D, 0x0430, 0x0442));
					if (count == 1) return String(CharArray::of(0x0430, 0x0437, 0x044D, 0x0440, 0x0431, 0x0430, 0x0439, 0x0434, 0x0436, 0x0430, 0x043D, 0x0441, 0x043A, 0x0456, 0x20, 0x043C, 0x0430, 0x043D, 0x0430, 0x0442));
					if (count != 1) return String(CharArray::of(0x0430, 0x0437, 0x044D, 0x0440, 0x0431, 0x0430, 0x0439, 0x0434, 0x0436, 0x0430, 0x043D, 0x0441, 0x043A, 0x0456, 0x044F, 0x20, 0x043C, 0x0430, 0x043D, 0x0430, 0x0442, 0x044B));
					if (count != 1) return String(CharArray::of(0x0430, 0x0437, 0x044D, 0x0440, 0x0431, 0x0430, 0x0439, 0x0434, 0x0436, 0x0430, 0x043D, 0x0441, 0x043A, 0x0456, 0x0445, 0x20, 0x043C, 0x0430, 0x043D, 0x0430, 0x0442, 0x0430, 0x045E));
					if (count != 1) return String(CharArray::of(0x0430, 0x0437, 0x044D, 0x0440, 0x0431, 0x0430, 0x0439, 0x0434, 0x0436, 0x0430, 0x043D, 0x0441, 0x043A, 0x0430, 0x0433, 0x0430, 0x20, 0x043C, 0x0430, 0x043D, 0x0430, 0x0442, 0x0430));
					break;
				case 23:
					if (count == -1) return String(CharArray::of(0x043A, 0x0430, 0x043D, 0x0432, 0x044D, 0x0440, 0x0442, 0x0430, 0x0432, 0x0430, 0x043D, 0x0430, 0x044F, 0x20, 0x043C, 0x0430, 0x0440, 0x043A, 0x0430, 0x20, 0x0411, 0x043E, 0x0441, 0x044C, 0x043D, 0x0456, 0x0456, 0x20, 0x0456, 0x20, 0x0433, 0x044D, 0x0440, 0x0446, 0x0430, 0x0433, 0x0430, 0x0432, 0x0456, 0x043D, 0x044B));
					if (count == 1) return String(CharArray::of(0x043A, 0x0430, 0x043D, 0x0432, 0x044D, 0x0440, 0x0442, 0x0430, 0x0432, 0x0430, 0x043D, 0x0430, 0x044F, 0x20, 0x043C, 0x0430, 0x0440, 0x043A, 0x0430, 0x20, 0x0411, 0x043E, 0x0441, 0x044C, 0x043D, 0x0456, 0x0456, 0x20, 0x0456, 0x20, 0x0413, 0x0435, 0x0440, 0x0446, 0x0430, 0x0433, 0x0430, 0x0432, 0x0456, 0x043D, 0x044B));
					if (count != 1) return String(CharArray::of(0x043A, 0x0430, 0x043D, 0x0432, 0x044D, 0x0440, 0x0442, 0x0430, 0x0432, 0x0430, 0x043D, 0x044B, 0x044F, 0x20, 0x043C, 0x0430, 0x0440, 0x043A, 0x0456, 0x20, 0x0411, 0x043E, 0x0441, 0x044C, 0x043D, 0x0456, 0x0456, 0x20, 0x0456, 0x20, 0x0413, 0x0435, 0x0440, 0x0446, 0x0430, 0x0433, 0x0430, 0x0432, 0x0456, 0x043D, 0x044B));
					if (count != 1) return String(CharArray::of(0x043A, 0x0430, 0x043D, 0x0432, 0x044D, 0x0440, 0x0442, 0x0430, 0x0432, 0x0430, 0x043D, 0x044B, 0x0445, 0x20, 0x043C, 0x0430, 0x0440, 0x0430, 0x043A, 0x20, 0x0411, 0x043E, 0x0441, 0x044C, 0x043D, 0x0456, 0x0456, 0x20, 0x0456, 0x20, 0x0413, 0x0435, 0x0440, 0x0446, 0x0430, 0x0433, 0x0430, 0x0432, 0x0456, 0x043D, 0x044B));
					if (count != 1) return String(CharArray::of(0x043A, 0x0430, 0x043D, 0x0432, 0x044D, 0x0440, 0x0442, 0x0430, 0x0432, 0x0430, 0x043D, 0x0430, 0x0439, 0x20, 0x043C, 0x0430, 0x0440, 0x043A, 0x0456, 0x20, 0x0411, 0x043E, 0x0441, 0x044C, 0x043D, 0x0456, 0x0456, 0x20, 0x0456, 0x20, 0x0413, 0x0435, 0x0440, 0x0446, 0x0430, 0x0433, 0x0430, 0x0432, 0x0456, 0x043D, 0x044B));
					break;
				case 25:
					if (count == -1) return String(CharArray::of(0x0431, 0x0430, 0x0440, 0x0431, 0x0430, 0x0434, 0x0430, 0x0441, 0x043A, 0x0456, 0x20, 0x0434, 0x0430, 0x043B, 0x044F, 0x0440));
					if (count == 1) return String(CharArray::of(0x0431, 0x0430, 0x0440, 0x0431, 0x0430, 0x0434, 0x0430, 0x0441, 0x043A, 0x0456, 0x20, 0x0434, 0x0430, 0x043B, 0x044F, 0x0440));
					if (count != 1) return String(CharArray::of(0x0431, 0x0430, 0x0440, 0x0431, 0x0430, 0x0434, 0x0430, 0x0441, 0x043A, 0x0456, 0x044F, 0x20, 0x0434, 0x0430, 0x043B, 0x044F, 0x0440, 0x044B));
					if (count != 1) return String(CharArray::of(0x0431, 0x0430, 0x0440, 0x0431, 0x0430, 0x0434, 0x0430, 0x0441, 0x043A, 0x0456, 0x0445, 0x20, 0x0434, 0x0430, 0x043B, 0x044F, 0x0440, 0x0430, 0x045E));
					if (count != 1) return String(CharArray::of(0x0431, 0x0430, 0x0440, 0x0431, 0x0430, 0x0434, 0x0430, 0x0441, 0x043A, 0x0430, 0x0433, 0x0430, 0x20, 0x0434, 0x0430, 0x043B, 0x044F, 0x0440, 0x0430));
					break;
				case 26:
					if (count == -1) return String(CharArray::of(0x0431, 0x0430, 0x043D, 0x0433, 0x043B, 0x044F, 0x0434, 0x044D, 0x0441, 0x043A, 0x0430, 0x044F, 0x20, 0x0442, 0x0430, 0x043A, 0x0430));
					if (count == 1) return String(CharArray::of(0x0431, 0x0430, 0x043D, 0x0433, 0x043B, 0x044F, 0x0434, 0x044D, 0x0441, 0x043A, 0x0430, 0x044F, 0x20, 0x0442, 0x0430, 0x043A, 0x0430));
					if (count != 1) return String(CharArray::of(0x0431, 0x0430, 0x043D, 0x0433, 0x043B, 0x044F, 0x0434, 0x044D, 0x0441, 0x043A, 0x0456, 0x044F, 0x20, 0x0442, 0x0430, 0x043A, 0x0456));
					if (count != 1) return String(CharArray::of(0x0431, 0x0430, 0x043D, 0x0433, 0x043B, 0x044F, 0x0434, 0x044D, 0x0441, 0x043A, 0x0456, 0x0445, 0x20, 0x0442, 0x0430, 0x043A));
					if (count != 1) return String(CharArray::of(0x0431, 0x0430, 0x043D, 0x0433, 0x043B, 0x044F, 0x0434, 0x044D, 0x0441, 0x043A, 0x0430, 0x0439, 0x20, 0x0442, 0x0430, 0x043A, 0x0456));
					break;
				case 32:
					if (count == -1) return String(CharArray::of(0x0431, 0x0430, 0x045E, 0x0433, 0x0430, 0x0440, 0x0441, 0x043A, 0x0456, 0x20, 0x043B, 0x0435, 0x045E));
					if (count == 1) return String(CharArray::of(0x0431, 0x0430, 0x045E, 0x0433, 0x0430, 0x0440, 0x0441, 0x043A, 0x0456, 0x20, 0x043B, 0x0435, 0x045E));
					if (count != 1) return String(CharArray::of(0x0431, 0x0430, 0x045E, 0x0433, 0x0430, 0x0440, 0x0441, 0x043A, 0x0456, 0x044F, 0x20, 0x043B, 0x0435, 0x0432, 0x044B));
					if (count != 1) return String(CharArray::of(0x0431, 0x0430, 0x045E, 0x0433, 0x0430, 0x0440, 0x0441, 0x043A, 0x0456, 0x0445, 0x20, 0x043B, 0x0435, 0x0432, 0x0430, 0x045E));
					if (count != 1) return String(CharArray::of(0x0431, 0x0430, 0x045E, 0x0433, 0x0430, 0x0440, 0x0441, 0x043A, 0x0430, 0x0433, 0x0430, 0x20, 0x043B, 0x0435, 0x0432, 0x0430));
					break;
				case 35:
					if (count == -1) return String(CharArray::of(0x0431, 0x0443, 0x0440, 0x0443, 0x043D, 0x0434, 0x044B, 0x0439, 0x0441, 0x043A, 0x0456, 0x20, 0x0444, 0x0440, 0x0430, 0x043D, 0x043A));
					if (count == 1) return String(CharArray::of(0x0431, 0x0443, 0x0440, 0x0443, 0x043D, 0x0434, 0x044B, 0x0439, 0x0441, 0x043A, 0x0456, 0x20, 0x0444, 0x0440, 0x0430, 0x043D, 0x043A));
					if (count != 1) return String(CharArray::of(0x0431, 0x0443, 0x0440, 0x0443, 0x043D, 0x0434, 0x044B, 0x0439, 0x0441, 0x043A, 0x0456, 0x044F, 0x20, 0x0444, 0x0440, 0x0430, 0x043D, 0x043A, 0x0456));
					if (count != 1) return String(CharArray::of(0x0431, 0x0443, 0x0440, 0x0443, 0x043D, 0x0434, 0x044B, 0x0439, 0x0441, 0x043A, 0x0456, 0x0445, 0x20, 0x0444, 0x0440, 0x0430, 0x043D, 0x043A, 0x0430, 0x045E));
					if (count != 1) return String(CharArray::of(0x0431, 0x0443, 0x0440, 0x0443, 0x043D, 0x0434, 0x044B, 0x0439, 0x0441, 0x043A, 0x0430, 0x0433, 0x0430, 0x20, 0x0444, 0x0440, 0x0430, 0x043D, 0x043A, 0x0430));
					break;
				case 36:
					if (count == -1) return String(CharArray::of(0x0431, 0x044D, 0x0440, 0x043C, 0x0443, 0x0434, 0x0437, 0x043A, 0x0456, 0x20, 0x0434, 0x0430, 0x043B, 0x044F, 0x0440));
					if (count == 1) return String(CharArray::of(0x0431, 0x044D, 0x0440, 0x043C, 0x0443, 0x0434, 0x0437, 0x043A, 0x0456, 0x20, 0x0434, 0x0430, 0x043B, 0x044F, 0x0440));
					if (count != 1) return String(CharArray::of(0x0431, 0x044D, 0x0440, 0x043C, 0x0443, 0x0434, 0x0437, 0x043A, 0x0456, 0x044F, 0x20, 0x0434, 0x0430, 0x043B, 0x044F, 0x0440, 0x044B));
					if (count != 1) return String(CharArray::of(0x0431, 0x044D, 0x0440, 0x043C, 0x0443, 0x0434, 0x0437, 0x043A, 0x0456, 0x0445, 0x20, 0x0434, 0x0430, 0x043B, 0x044F, 0x0440, 0x0430, 0x045E));
					if (count != 1) return String(CharArray::of(0x0431, 0x044D, 0x0440, 0x043C, 0x0443, 0x0434, 0x0437, 0x043A, 0x0430, 0x0433, 0x0430, 0x20, 0x0434, 0x0430, 0x043B, 0x044F, 0x0440, 0x0430));
					break;
				case 37:
					if (count == -1) return String(CharArray::of(0x0431, 0x0440, 0x0443, 0x043D, 0x044D, 0x0439, 0x0441, 0x043A, 0x0456, 0x20, 0x0434, 0x0430, 0x043B, 0x044F, 0x0440));
					if (count == 1) return String(CharArray::of(0x0431, 0x0440, 0x0443, 0x043D, 0x044D, 0x0439, 0x0441, 0x043A, 0x0456, 0x20, 0x0434, 0x0430, 0x043B, 0x044F, 0x0440));
					if (count != 1) return String(CharArray::of(0x0431, 0x0440, 0x0443, 0x043D, 0x044D, 0x0439, 0x0441, 0x043A, 0x0456, 0x20, 0x0434, 0x0430, 0x043B, 0x044F, 0x0440, 0x044B));
					if (count != 1) return String(CharArray::of(0x0431, 0x0440, 0x0443, 0x043D, 0x044D, 0x0439, 0x0441, 0x043A, 0x0456, 0x0445, 0x20, 0x0434, 0x0430, 0x043B, 0x044F, 0x0440, 0x0430, 0x045E));
					if (count != 1) return String(CharArray::of(0x0431, 0x0440, 0x0443, 0x043D, 0x044D, 0x0439, 0x0441, 0x043A, 0x0430, 0x0433, 0x0430, 0x20, 0x0434, 0x0430, 0x043B, 0x044F, 0x0440, 0x0430));
					break;
				case 38:
					if (count == -1) return String(CharArray::of(0x0431, 0x0430, 0x043B, 0x0456, 0x0431, 0x0456, 0x044F, 0x043D, 0x0430));
					break;
				case 49:
					if (count == -1) return String(CharArray::of(0x0431, 0x0430, 0x0433, 0x0430, 0x043C, 0x0441, 0x043A, 0x0456, 0x20, 0x0434, 0x0430, 0x043B, 0x044F, 0x0440));
					if (count == 1) return String(CharArray::of(0x0431, 0x0430, 0x0433, 0x0430, 0x043C, 0x0441, 0x043A, 0x0456, 0x20, 0x0434, 0x0430, 0x043B, 0x044F, 0x0440));
					if (count != 1) return String(CharArray::of(0x0431, 0x0430, 0x0433, 0x0430, 0x043C, 0x0441, 0x043A, 0x0456, 0x044F, 0x20, 0x0434, 0x0430, 0x043B, 0x044F, 0x0440, 0x044B));
					if (count != 1) return String(CharArray::of(0x0431, 0x0430, 0x0433, 0x0430, 0x043C, 0x0441, 0x043A, 0x0456, 0x0445, 0x20, 0x0434, 0x0430, 0x043B, 0x044F, 0x0440, 0x0430, 0x045E));
					if (count != 1) return String(CharArray::of(0x0431, 0x0430, 0x0433, 0x0430, 0x043C, 0x0441, 0x043A, 0x0430, 0x0433, 0x0430, 0x20, 0x0434, 0x0430, 0x043B, 0x044F, 0x0440, 0x0430));
					break;
				case 56:
					if (count == -1) return String(CharArray::of(0x0431, 0x044D, 0x043B, 0x0456, 0x0441, 0x043A, 0x0456, 0x20, 0x0434, 0x0430, 0x043B, 0x044F, 0x0440));
					if (count == 1) return String(CharArray::of(0x0431, 0x044D, 0x043B, 0x0456, 0x0441, 0x043A, 0x0456, 0x20, 0x0434, 0x0430, 0x043B, 0x044F, 0x0440));
					if (count != 1) return String(CharArray::of(0x0431, 0x044D, 0x043B, 0x0456, 0x0441, 0x043A, 0x0456, 0x044F, 0x20, 0x0434, 0x0430, 0x043B, 0x044F, 0x0440, 0x044B));
					if (count != 1) return String(CharArray::of(0x0431, 0x044D, 0x043B, 0x0456, 0x0441, 0x043A, 0x0456, 0x0445, 0x20, 0x0434, 0x0430, 0x043B, 0x044F, 0x0440, 0x0430, 0x045E));
					if (count != 1) return String(CharArray::of(0x0431, 0x044D, 0x043B, 0x0456, 0x0441, 0x043A, 0x0430, 0x0433, 0x0430, 0x20, 0x0434, 0x0430, 0x043B, 0x044F, 0x0440, 0x0430));
					break;
				case 57:
					if (count == -1) return String(CharArray::of(0x043A, 0x0430, 0x043D, 0x0430, 0x0434, 0x0437, 0x043A, 0x0456, 0x20, 0x0434, 0x0430, 0x043B, 0x044F, 0x0440));
					if (count == 1) return String(CharArray::of(0x043A, 0x0430, 0x043D, 0x0430, 0x0434, 0x0437, 0x043A, 0x0456, 0x20, 0x0434, 0x0430, 0x043B, 0x044F, 0x0440));
					if (count != 1) return String(CharArray::of(0x043A, 0x0430, 0x043D, 0x0430, 0x0434, 0x0437, 0x043A, 0x0456, 0x044F, 0x20, 0x0434, 0x0430, 0x043B, 0x044F, 0x0440, 0x044B));
					if (count != 1) return String(CharArray::of(0x043A, 0x0430, 0x043D, 0x0430, 0x0434, 0x0437, 0x043A, 0x0456, 0x0445, 0x20, 0x0434, 0x0430, 0x043B, 0x044F, 0x0440, 0x0430, 0x045E));
					if (count != 1) return String(CharArray::of(0x043A, 0x0430, 0x043D, 0x0430, 0x0434, 0x0437, 0x043A, 0x0430, 0x0433, 0x0430, 0x20, 0x0434, 0x0430, 0x043B, 0x044F, 0x0440, 0x0430));
					break;
				case 58:
					if (count == -1) return String(CharArray::of(0x043A, 0x0430, 0x043D, 0x0433, 0x0430, 0x043B, 0x0435, 0x0441, 0x043A, 0x0456, 0x20, 0x0444, 0x0440, 0x0430, 0x043D, 0x043A));
					if (count == 1) return String(CharArray::of(0x043A, 0x0430, 0x043D, 0x0433, 0x0430, 0x043B, 0x0435, 0x0441, 0x043A, 0x0456, 0x20, 0x0444, 0x0440, 0x0430, 0x043D, 0x043A));
					if (count != 1) return String(CharArray::of(0x043A, 0x0430, 0x043D, 0x0433, 0x0430, 0x043B, 0x0435, 0x0441, 0x043A, 0x0456, 0x044F, 0x20, 0x0444, 0x0440, 0x0430, 0x043D, 0x043A, 0x0456));
					if (count != 1) return String(CharArray::of(0x043A, 0x0430, 0x043D, 0x0433, 0x0430, 0x043B, 0x0435, 0x0441, 0x043A, 0x0456, 0x0445, 0x20, 0x0444, 0x0440, 0x0430, 0x043D, 0x043A, 0x0430, 0x045E));
					if (count != 1) return String(CharArray::of(0x043A, 0x0430, 0x043D, 0x0433, 0x0430, 0x043B, 0x0435, 0x0441, 0x043A, 0x0430, 0x0433, 0x0430, 0x20, 0x0444, 0x0440, 0x0430, 0x043D, 0x043A, 0x0430));
					break;
				case 60:
					if (count == -1) return String(CharArray::of(0x0448, 0x0432, 0x0430, 0x0439, 0x0446, 0x0430, 0x0440, 0x0441, 0x043A, 0x0456, 0x20, 0x0444, 0x0440, 0x0430, 0x043D, 0x043A));
					if (count == 1) return String(CharArray::of(0x0448, 0x0432, 0x0430, 0x0439, 0x0446, 0x0430, 0x0440, 0x0441, 0x043A, 0x0456, 0x20, 0x0444, 0x0440, 0x0430, 0x043D, 0x043A));
					if (count != 1) return String(CharArray::of(0x0448, 0x0432, 0x0430, 0x0439, 0x0446, 0x0430, 0x0440, 0x0441, 0x043A, 0x0456, 0x044F, 0x20, 0x0444, 0x0440, 0x0430, 0x043D, 0x043A, 0x0456));
					if (count != 1) return String(CharArray::of(0x0448, 0x0432, 0x0430, 0x0439, 0x0446, 0x0430, 0x0440, 0x0441, 0x043A, 0x0456, 0x0445, 0x20, 0x0444, 0x0440, 0x0430, 0x043D, 0x043A, 0x0430, 0x045E));
					if (count != 1) return String(CharArray::of(0x0448, 0x0432, 0x0430, 0x0439, 0x0446, 0x0430, 0x0440, 0x0441, 0x043A, 0x0430, 0x0433, 0x0430, 0x20, 0x0444, 0x0440, 0x0430, 0x043D, 0x043A, 0x0430));
					break;
				case 68:
					if (count == -1) return String(CharArray::of(0x043A, 0x0430, 0x043B, 0x044E, 0x043C, 0x0431, 0x0456, 0x0439, 0x0441, 0x043A, 0x0430, 0x0435, 0x20, 0x043F, 0x0435, 0x0441, 0x0430));
					if (count == 1) return String(CharArray::of(0x043A, 0x0430, 0x043B, 0x044E, 0x043C, 0x0431, 0x0456, 0x0439, 0x0441, 0x043A, 0x0430, 0x0435, 0x20, 0x043F, 0x0435, 0x0441, 0x0430));
					if (count != 1) return String(CharArray::of(0x043A, 0x0430, 0x043B, 0x044E, 0x043C, 0x0431, 0x0456, 0x0439, 0x0441, 0x043A, 0x0456, 0x044F, 0x20, 0x043F, 0x0435, 0x0441, 0x0430));
					if (count != 1) return String(CharArray::of(0x043A, 0x0430, 0x043B, 0x044E, 0x043C, 0x0431, 0x0456, 0x0439, 0x0441, 0x043A, 0x0456, 0x0445, 0x20, 0x043F, 0x0435, 0x0441, 0x0430));
					if (count != 1) return String(CharArray::of(0x043A, 0x0430, 0x043B, 0x044E, 0x043C, 0x0431, 0x0456, 0x0439, 0x0441, 0x043A, 0x0430, 0x0433, 0x0430, 0x20, 0x043F, 0x0435, 0x0441, 0x0430));
					break;
				case 70:
					if (count == -1) return String(CharArray::of(0x043A, 0x0430, 0x0441, 0x0442, 0x0430, 0x0440, 0x044B, 0x043A, 0x0430, 0x043D, 0x0441, 0x043A, 0x0456, 0x20, 0x043A, 0x0430, 0x043B, 0x0451, 0x043D));
					if (count == 1) return String(CharArray::of(0x043A, 0x0430, 0x0441, 0x0442, 0x0430, 0x0440, 0x044B, 0x043A, 0x0430, 0x043D, 0x0441, 0x043A, 0x0456, 0x20, 0x043A, 0x0430, 0x043B, 0x0451, 0x043D));
					if (count != 1) return String(CharArray::of(0x043A, 0x0430, 0x0441, 0x0442, 0x0430, 0x0440, 0x044B, 0x043A, 0x0430, 0x043D, 0x0441, 0x043A, 0x0456, 0x044F, 0x20, 0x043A, 0x0430, 0x043B, 0x0451, 0x043D, 0x044B));
					if (count != 1) return String(CharArray::of(0x043A, 0x0430, 0x0441, 0x0442, 0x0430, 0x0440, 0x044B, 0x043A, 0x0430, 0x043D, 0x0441, 0x043A, 0x0456, 0x0445, 0x20, 0x043A, 0x0430, 0x043B, 0x0451, 0x043D, 0x0430, 0x045E));
					if (count != 1) return String(CharArray::of(0x043A, 0x0430, 0x0441, 0x0442, 0x0430, 0x0440, 0x044B, 0x043A, 0x0430, 0x043D, 0x0441, 0x043A, 0x0430, 0x0433, 0x0430, 0x20, 0x043A, 0x0430, 0x043B, 0x0451, 0x043D, 0x0430));
					break;
				case 73:
					if (count == -1) return String(CharArray::of(0x043A, 0x0443, 0x0431, 0x0456, 0x043D, 0x0441, 0x043A, 0x0430, 0x0435, 0x20, 0x043A, 0x0430, 0x043D, 0x0432, 0x044D, 0x0440, 0x0442, 0x0430, 0x0432, 0x0430, 0x043D, 0x0430, 0x0435, 0x20, 0x043F, 0x0435, 0x0441, 0x0430));
					if (count == 1) return String(CharArray::of(0x043A, 0x0443, 0x0431, 0x0456, 0x043D, 0x0441, 0x043A, 0x0430, 0x0435, 0x20, 0x043A, 0x0430, 0x043D, 0x0432, 0x044D, 0x0440, 0x0442, 0x0430, 0x0432, 0x0430, 0x043D, 0x0430, 0x0435, 0x20, 0x043F, 0x0435, 0x0441, 0x0430));
					if (count != 1) return String(CharArray::of(0x043A, 0x0443, 0x0431, 0x0456, 0x043D, 0x0441, 0x043A, 0x0456, 0x044F, 0x20, 0x043A, 0x0430, 0x043D, 0x0432, 0x044D, 0x0440, 0x0442, 0x0430, 0x0432, 0x0430, 0x043D, 0x044B, 0x044F, 0x20, 0x043F, 0x0435, 0x0441, 0x0430));
					if (count != 1) return String(CharArray::of(0x043A, 0x0443, 0x0431, 0x0456, 0x043D, 0x0441, 0x043A, 0x0456, 0x0445, 0x20, 0x043A, 0x0430, 0x043D, 0x0432, 0x044D, 0x0440, 0x0442, 0x0430, 0x0432, 0x0430, 0x043D, 0x044B, 0x0445, 0x20, 0x043F, 0x0435, 0x0441, 0x0430));
					if (count != 1) return String(CharArray::of(0x043A, 0x0443, 0x0431, 0x0456, 0x043D, 0x0441, 0x043A, 0x0430, 0x0433, 0x0430, 0x20, 0x043A, 0x0430, 0x043D, 0x0432, 0x044D, 0x0440, 0x0442, 0x0430, 0x0432, 0x0430, 0x043D, 0x0430, 0x0433, 0x0430, 0x20, 0x043F, 0x0435, 0x0441, 0x0430));
					break;
				case 75:
					if (count == -1) return String(CharArray::of(0x044D, 0x0441, 0x043A, 0x0443, 0x0434, 0x0430, 0x20, 0x041A, 0x0430, 0x0431, 0x0430, 0x2D, 0x0412, 0x044D, 0x0440, 0x0434, 0x044D));
					break;
				case 77:
					if (count == -1) return String(CharArray::of(0x0447, 0x044D, 0x0441, 0x043A, 0x0430, 0x044F, 0x20, 0x043A, 0x0440, 0x043E, 0x043D, 0x0430));
					if (count == 1) return String(CharArray::of(0x0447, 0x044D, 0x0441, 0x043A, 0x0430, 0x044F, 0x20, 0x043A, 0x0440, 0x043E, 0x043D, 0x0430));
					if (count != 1) return String(CharArray::of(0x0447, 0x044D, 0x0441, 0x043A, 0x0456, 0x044F, 0x20, 0x043A, 0x0440, 0x043E, 0x043D, 0x044B));
					if (count != 1) return String(CharArray::of(0x0447, 0x044D, 0x0441, 0x043A, 0x0456, 0x0445, 0x20, 0x043A, 0x0440, 0x043E, 0x043D, 0x0430, 0x045E));
					if (count != 1) return String(CharArray::of(0x0447, 0x044D, 0x0441, 0x043A, 0x0430, 0x0439, 0x20, 0x043A, 0x0440, 0x043E, 0x043D, 0x044B));
					break;
				case 83:
					if (count != 1) return String(CharArray::of(0x0430, 0x043B, 0x044C, 0x0436, 0x044B, 0x0440, 0x0441, 0x043A, 0x0456, 0x0445, 0x20, 0x0434, 0x044B, 0x043D, 0x0430, 0x0440, 0x0430, 0x045E));
					if (count != 1) return String(CharArray::of(0x0430, 0x043B, 0x044C, 0x0436, 0x044B, 0x0440, 0x0441, 0x043A, 0x0430, 0x0433, 0x0430, 0x20, 0x0434, 0x044B, 0x043D, 0x0430, 0x0440, 0x0430));
					break;
				case 87:
					if (count == -1) return String(CharArray::of(0x044D, 0x0433, 0x0456, 0x043F, 0x0435, 0x0446, 0x043A, 0x0456, 0x20, 0x0444, 0x0443, 0x043D, 0x0442));
					if (count == 1) return String(CharArray::of(0x044D, 0x0433, 0x0456, 0x043F, 0x0435, 0x0446, 0x043A, 0x0456, 0x20, 0x0444, 0x0443, 0x043D, 0x0442));
					if (count != 1) return String(CharArray::of(0x044D, 0x0433, 0x0456, 0x043F, 0x0435, 0x0446, 0x043A, 0x0456, 0x044F, 0x20, 0x0444, 0x0443, 0x043D, 0x0442, 0x044B));
					if (count != 1) return String(CharArray::of(0x044D, 0x0433, 0x0456, 0x043F, 0x0435, 0x0446, 0x043A, 0x0456, 0x0445, 0x20, 0x0444, 0x0443, 0x043D, 0x0442, 0x0430, 0x045E));
					if (count != 1) return String(CharArray::of(0x044D, 0x0433, 0x0456, 0x043F, 0x0435, 0x0446, 0x043A, 0x0430, 0x0433, 0x0430, 0x20, 0x0444, 0x0443, 0x043D, 0x0442, 0x0430));
					break;
				case 92:
					if (count == -1) return String(CharArray::of(0x044D, 0x0442, 0x044B, 0x0451, 0x043F, 0x0441, 0x043A, 0x0456, 0x20, 0x0431, 0x044B, 0x0440));
					if (count == 1) return String(CharArray::of(0x044D, 0x0442, 0x044B, 0x0451, 0x043F, 0x0441, 0x043A, 0x0456, 0x20, 0x0431, 0x044B, 0x0440));
					if (count != 1) return String(CharArray::of(0x044D, 0x0442, 0x044B, 0x0451, 0x043F, 0x0441, 0x043A, 0x0456, 0x044F, 0x20, 0x0431, 0x044B, 0x0440, 0x044B));
					if (count != 1) return String(CharArray::of(0x044D, 0x0442, 0x044B, 0x0451, 0x043F, 0x0441, 0x043A, 0x0456, 0x0445, 0x20, 0x0431, 0x044B, 0x0440, 0x0430, 0x045E));
					if (count != 1) return String(CharArray::of(0x044D, 0x0442, 0x044B, 0x0451, 0x043F, 0x0441, 0x043A, 0x0430, 0x0433, 0x0430, 0x20, 0x0431, 0x044B, 0x0440, 0x0430));
					break;
				case 93:
					if (count == -1) return String(CharArray::of(0x044D, 0x045E, 0x0440, 0x0430));
					break;
				case 95:
					if (count == -1) return String(CharArray::of(0x0444, 0x0456, 0x0434, 0x0436, 0x044B, 0x0439, 0x0441, 0x043A, 0x0456, 0x20, 0x0434, 0x0430, 0x043B, 0x044F, 0x0440));
					if (count == 1) return String(CharArray::of(0x0444, 0x0456, 0x0434, 0x0436, 0x044B, 0x0439, 0x0441, 0x043A, 0x0456, 0x20, 0x0434, 0x0430, 0x043B, 0x044F, 0x0440));
					if (count != 1) return String(CharArray::of(0x0444, 0x0456, 0x0434, 0x0436, 0x044B, 0x0439, 0x0441, 0x043A, 0x0456, 0x044F, 0x20, 0x0434, 0x0430, 0x043B, 0x044F, 0x0440, 0x044B));
					if (count != 1) return String(CharArray::of(0x0444, 0x0456, 0x0434, 0x0436, 0x044B, 0x0439, 0x0441, 0x043A, 0x0456, 0x0445, 0x20, 0x0434, 0x0430, 0x043B, 0x044F, 0x0440, 0x0430, 0x045E));
					if (count != 1) return String(CharArray::of(0x0444, 0x0456, 0x0434, 0x0436, 0x044B, 0x0439, 0x0441, 0x043A, 0x0430, 0x0433, 0x0430, 0x20, 0x0434, 0x0430, 0x043B, 0x044F, 0x0440, 0x0430));
					break;
				case 96:
					if (count == -1) return String(CharArray::of(0x0444, 0x0443, 0x043D, 0x0442, 0x20, 0x0424, 0x043E, 0x043B, 0x043A, 0x043B, 0x044D, 0x043D, 0x0434, 0x0437, 0x043A, 0x0456, 0x0445, 0x20, 0x0430, 0x0441, 0x0442, 0x0440, 0x0430, 0x0432, 0x043E, 0x045E));
					if (count == 1) return String(CharArray::of(0x0444, 0x0443, 0x043D, 0x0442, 0x20, 0x0424, 0x043E, 0x043B, 0x043A, 0x043B, 0x044D, 0x043D, 0x0434, 0x0437, 0x043A, 0x0456, 0x0445, 0x20, 0x0430, 0x0441, 0x0442, 0x0440, 0x0430, 0x0432, 0x043E, 0x045E));
					if (count != 1) return String(CharArray::of(0x0444, 0x0443, 0x043D, 0x0442, 0x044B, 0x20, 0x0424, 0x043E, 0x043B, 0x043A, 0x043B, 0x044D, 0x043D, 0x0434, 0x0437, 0x043A, 0x0456, 0x0445, 0x20, 0x0430, 0x0441, 0x0442, 0x0440, 0x0430, 0x0432, 0x043E, 0x045E));
					if (count != 1) return String(CharArray::of(0x0444, 0x0443, 0x043D, 0x0442, 0x0430, 0x045E, 0x20, 0x0424, 0x043E, 0x043B, 0x043A, 0x043B, 0x044D, 0x043D, 0x0434, 0x0437, 0x043A, 0x0456, 0x0445, 0x20, 0x0430, 0x0441, 0x0442, 0x0440, 0x0430, 0x0432, 0x043E, 0x045E));
					if (count != 1) return String(CharArray::of(0x0444, 0x0443, 0x043D, 0x0442, 0x0430, 0x20, 0x0424, 0x043E, 0x043B, 0x043A, 0x043B, 0x044D, 0x043D, 0x0434, 0x0437, 0x043A, 0x0456, 0x0445, 0x20, 0x0430, 0x0441, 0x0442, 0x0440, 0x0430, 0x0432, 0x043E, 0x045E));
					break;
				case 102:
					if (count == -1) return String(CharArray::of(0x0433, 0x0430, 0x043D, 0x0441, 0x043A, 0x0456, 0x20, 0x0441, 0x044D, 0x0434, 0x0437, 0x0456));
					if (count == 1) return String(CharArray::of(0x0433, 0x0430, 0x043D, 0x0441, 0x043A, 0x0456, 0x20, 0x0441, 0x044D, 0x0434, 0x0437, 0x0456));
					if (count != 1) return String(CharArray::of(0x0433, 0x0430, 0x043D, 0x0441, 0x043A, 0x0456, 0x044F, 0x20, 0x0441, 0x044D, 0x0434, 0x0437, 0x0456));
					if (count != 1) return String(CharArray::of(0x0433, 0x0430, 0x043D, 0x0441, 0x043A, 0x0456, 0x0445, 0x20, 0x0441, 0x044D, 0x0434, 0x0437, 0x0456));
					if (count != 1) return String(CharArray::of(0x0433, 0x0430, 0x043D, 0x0441, 0x043A, 0x0430, 0x0433, 0x0430, 0x20, 0x0441, 0x044D, 0x0434, 0x0437, 0x0456));
					break;
				case 103:
					if (count == -1) return String(CharArray::of(0x0433, 0x0456, 0x0431, 0x0440, 0x0430, 0x043B, 0x044C, 0x0442, 0x0430, 0x0440, 0x0441, 0x043A, 0x0456, 0x20, 0x0444, 0x0443, 0x043D, 0x0442));
					if (count == 1) return String(CharArray::of(0x0433, 0x0456, 0x0431, 0x0440, 0x0430, 0x043B, 0x044C, 0x0442, 0x0430, 0x0440, 0x0441, 0x043A, 0x0456, 0x20, 0x0444, 0x0443, 0x043D, 0x0442));
					if (count != 1) return String(CharArray::of(0x0433, 0x0456, 0x0431, 0x0440, 0x0430, 0x043B, 0x044C, 0x0442, 0x0430, 0x0440, 0x0441, 0x043A, 0x0456, 0x044F, 0x20, 0x0444, 0x0443, 0x043D, 0x0442, 0x044B));
					if (count != 1) return String(CharArray::of(0x0433, 0x0456, 0x0431, 0x0440, 0x0430, 0x043B, 0x044C, 0x0442, 0x0430, 0x0440, 0x0441, 0x043A, 0x0456, 0x0445, 0x20, 0x0444, 0x0443, 0x043D, 0x0442, 0x0430, 0x045E));
					if (count != 1) return String(CharArray::of(0x0433, 0x0456, 0x0431, 0x0440, 0x0430, 0x043B, 0x044C, 0x0442, 0x0430, 0x0440, 0x0441, 0x043A, 0x0430, 0x0433, 0x0430, 0x20, 0x0444, 0x0443, 0x043D, 0x0442, 0x0430));
					break;
				case 105:
					if (count == -1) return String(CharArray::of(0x0433, 0x0432, 0x0456, 0x043D, 0x044D, 0x0439, 0x0441, 0x043A, 0x0456, 0x20, 0x0444, 0x0440, 0x0430, 0x043D, 0x043A));
					if (count == 1) return String(CharArray::of(0x0433, 0x0432, 0x0456, 0x043D, 0x044D, 0x0439, 0x0441, 0x043A, 0x0456, 0x20, 0x0444, 0x0440, 0x0430, 0x043D, 0x043A));
					if (count != 1) return String(CharArray::of(0x0433, 0x0432, 0x0456, 0x043D, 0x044D, 0x0439, 0x0441, 0x043A, 0x0456, 0x044F, 0x20, 0x0444, 0x0440, 0x0430, 0x043D, 0x043A, 0x0456));
					if (count != 1) return String(CharArray::of(0x0433, 0x0432, 0x0456, 0x043D, 0x044D, 0x0439, 0x0441, 0x043A, 0x0456, 0x0445, 0x20, 0x0444, 0x0440, 0x0430, 0x043D, 0x043A, 0x0430, 0x045E));
					if (count != 1) return String(CharArray::of(0x0433, 0x0432, 0x0456, 0x043D, 0x044D, 0x0439, 0x0441, 0x043A, 0x0430, 0x0433, 0x0430, 0x20, 0x0444, 0x0440, 0x0430, 0x043D, 0x043A, 0x0430));
					break;
				case 112:
					if (count == -1) return String(CharArray::of(0x0433, 0x0430, 0x044F, 0x043D, 0x0441, 0x043A, 0x0456, 0x20, 0x0434, 0x0430, 0x043B, 0x044F, 0x0440));
					if (count == 1) return String(CharArray::of(0x0433, 0x0430, 0x044F, 0x043D, 0x0441, 0x043A, 0x0456, 0x20, 0x0434, 0x0430, 0x043B, 0x044F, 0x0440));
					if (count != 1) return String(CharArray::of(0x0433, 0x0430, 0x044F, 0x043D, 0x0441, 0x043A, 0x0456, 0x044F, 0x20, 0x0434, 0x0430, 0x043B, 0x044F, 0x0440, 0x044B));
					if (count != 1) return String(CharArray::of(0x0433, 0x0430, 0x044F, 0x043D, 0x0441, 0x043A, 0x0456, 0x0445, 0x20, 0x0434, 0x0430, 0x043B, 0x044F, 0x0440, 0x0430, 0x045E));
					if (count != 1) return String(CharArray::of(0x0433, 0x0430, 0x044F, 0x043D, 0x0441, 0x043A, 0x0430, 0x0433, 0x0430, 0x20, 0x0434, 0x0430, 0x043B, 0x044F, 0x0440, 0x0430));
					break;
				case 113:
					if (count == -1) return String(CharArray::of(0x0433, 0x0430, 0x043D, 0x043A, 0x043E, 0x043D, 0x0441, 0x043A, 0x0456, 0x20, 0x0434, 0x0430, 0x043B, 0x044F, 0x0440));
					if (count == 1) return String(CharArray::of(0x0433, 0x0430, 0x043D, 0x043A, 0x043E, 0x043D, 0x0441, 0x043A, 0x0456, 0x20, 0x0434, 0x0430, 0x043B, 0x044F, 0x0440));
					if (count != 1) return String(CharArray::of(0x0433, 0x0430, 0x043D, 0x043A, 0x043E, 0x043D, 0x0441, 0x043A, 0x0456, 0x044F, 0x20, 0x0434, 0x0430, 0x043B, 0x044F, 0x0440, 0x044B));
					if (count != 1) return String(CharArray::of(0x0433, 0x0430, 0x043D, 0x043A, 0x043E, 0x043D, 0x0441, 0x043A, 0x0456, 0x0445, 0x20, 0x0434, 0x0430, 0x043B, 0x044F, 0x0440, 0x0430, 0x045E));
					if (count != 1) return String(CharArray::of(0x0433, 0x0430, 0x043D, 0x043A, 0x043E, 0x043D, 0x0441, 0x043A, 0x0430, 0x0433, 0x0430, 0x20, 0x0434, 0x0430, 0x043B, 0x044F, 0x0440, 0x0430));
					break;
				case 116:
					if (count != 1) return String(CharArray::of(0x0445, 0x0430, 0x0440, 0x0432, 0x0430, 0x0446, 0x043A, 0x0456, 0x0445, 0x20, 0x043A, 0x0443, 0x043D, 0x0430, 0x045E));
					break;
				case 118:
					if (count == -1) return String(CharArray::of(0x0432, 0x0443, 0x0433, 0x043E, 0x0440, 0x0441, 0x043A, 0x0456, 0x20, 0x0444, 0x043E, 0x0440, 0x044B, 0x043D, 0x0442));
					if (count == 1) return String(CharArray::of(0x0432, 0x0443, 0x0433, 0x043E, 0x0440, 0x0441, 0x043A, 0x0456, 0x20, 0x0444, 0x043E, 0x0440, 0x044B, 0x043D, 0x0442));
					if (count != 1) return String(CharArray::of(0x0432, 0x0443, 0x0433, 0x043E, 0x0440, 0x0441, 0x043A, 0x0456, 0x044F, 0x20, 0x0444, 0x043E, 0x0440, 0x044B, 0x043D, 0x0442, 0x044B));
					if (count != 1) return String(CharArray::of(0x0432, 0x0443, 0x0433, 0x043E, 0x0440, 0x0441, 0x043A, 0x0456, 0x0445, 0x20, 0x0444, 0x043E, 0x0440, 0x044B, 0x043D, 0x0442, 0x0430, 0x045E));
					if (count != 1) return String(CharArray::of(0x0432, 0x0443, 0x0433, 0x043E, 0x0440, 0x0441, 0x043A, 0x0430, 0x0433, 0x0430, 0x20, 0x0444, 0x043E, 0x0440, 0x044B, 0x043D, 0x0442, 0x0430));
					break;
				case 119:
					if (count == -1) return String(CharArray::of(0x0456, 0x043D, 0x0434, 0x0430, 0x043D, 0x044D, 0x0437, 0x0456, 0x0439, 0x0441, 0x043A, 0x0430, 0x044F, 0x20, 0x0440, 0x0443, 0x043F, 0x0456, 0x044F));
					if (count == 1) return String(CharArray::of(0x0456, 0x043D, 0x0434, 0x0430, 0x043D, 0x044D, 0x0437, 0x0456, 0x0439, 0x0441, 0x043A, 0x0430, 0x044F, 0x20, 0x0440, 0x0443, 0x043F, 0x0456, 0x044F));
					if (count != 1) return String(CharArray::of(0x0456, 0x043D, 0x0434, 0x0430, 0x043D, 0x044D, 0x0437, 0x0456, 0x0439, 0x0441, 0x043A, 0x0456, 0x044F, 0x20, 0x0440, 0x0443, 0x043F, 0x0456, 0x0456));
					if (count != 1) return String(CharArray::of(0x0456, 0x043D, 0x0434, 0x0430, 0x043D, 0x044D, 0x0437, 0x0456, 0x0439, 0x0441, 0x043A, 0x0456, 0x0445, 0x20, 0x0440, 0x0443, 0x043F, 0x0456, 0x0439));
					if (count != 1) return String(CharArray::of(0x0456, 0x043D, 0x0434, 0x0430, 0x043D, 0x044D, 0x0437, 0x0456, 0x0439, 0x0441, 0x043A, 0x0430, 0x0439, 0x20, 0x0440, 0x0443, 0x043F, 0x0456, 0x0456));
					break;
				case 128:
					if (count == -1) return String(CharArray::of(0x0456, 0x0441, 0x044C, 0x043B, 0x044F, 0x043D, 0x0434, 0x0437, 0x043A, 0x0430, 0x044F, 0x20, 0x043A, 0x0440, 0x043E, 0x043D, 0x0430));
					if (count == 1) return String(CharArray::of(0x0456, 0x0441, 0x044C, 0x043B, 0x044F, 0x043D, 0x0434, 0x0437, 0x043A, 0x0430, 0x044F, 0x20, 0x043A, 0x0440, 0x043E, 0x043D, 0x0430));
					if (count != 1) return String(CharArray::of(0x0456, 0x0441, 0x044C, 0x043B, 0x044F, 0x043D, 0x0434, 0x0437, 0x043A, 0x0456, 0x044F, 0x20, 0x043A, 0x0440, 0x043E, 0x043D, 0x044B));
					if (count != 1) return String(CharArray::of(0x0456, 0x0441, 0x044C, 0x043B, 0x044F, 0x043D, 0x0434, 0x0437, 0x043A, 0x0456, 0x0445, 0x20, 0x043A, 0x0440, 0x043E, 0x043D));
					if (count != 1) return String(CharArray::of(0x0456, 0x0441, 0x044C, 0x043B, 0x044F, 0x043D, 0x0434, 0x0437, 0x043A, 0x0430, 0x0439, 0x20, 0x043A, 0x0440, 0x043E, 0x043D, 0x044B));
					break;
				case 130:
					if (count == -1) return String(CharArray::of(0x044F, 0x043C, 0x0430, 0x0439, 0x0441, 0x043A, 0x0456, 0x20, 0x0434, 0x0430, 0x043B, 0x044F, 0x0440));
					if (count == 1) return String(CharArray::of(0x044F, 0x043C, 0x0430, 0x0439, 0x0441, 0x043A, 0x0456, 0x20, 0x0434, 0x0430, 0x043B, 0x044F, 0x0440));
					if (count != 1) return String(CharArray::of(0x044F, 0x043C, 0x0430, 0x0439, 0x0441, 0x043A, 0x0456, 0x044F, 0x20, 0x0434, 0x0430, 0x043B, 0x044F, 0x0440, 0x044B));
					if (count != 1) return String(CharArray::of(0x044F, 0x043C, 0x0430, 0x0439, 0x0441, 0x043A, 0x0456, 0x0445, 0x20, 0x0434, 0x0430, 0x043B, 0x044F, 0x0440, 0x0430, 0x045E));
					if (count != 1) return String(CharArray::of(0x044F, 0x043C, 0x0430, 0x0439, 0x0441, 0x043A, 0x0430, 0x0433, 0x0430, 0x20, 0x0434, 0x0430, 0x043B, 0x044F, 0x0440, 0x0430));
					break;
				case 131:
					if (count == -1) return String(CharArray::of(0x044F, 0x0440, 0x0434, 0x0430, 0x043D, 0x0441, 0x043A, 0x0456, 0x20, 0x0434, 0x044B, 0x043D, 0x0430, 0x0440));
					if (count == 1) return String(CharArray::of(0x044F, 0x0440, 0x0434, 0x0430, 0x043D, 0x0441, 0x043A, 0x0456, 0x20, 0x0434, 0x044B, 0x043D, 0x0430, 0x0440));
					if (count != 1) return String(CharArray::of(0x044F, 0x0440, 0x0434, 0x0430, 0x043D, 0x0441, 0x043A, 0x0456, 0x044F, 0x20, 0x0434, 0x044B, 0x043D, 0x0430, 0x0440, 0x044B));
					if (count != 1) return String(CharArray::of(0x044F, 0x0440, 0x0434, 0x0430, 0x043D, 0x0441, 0x043A, 0x0456, 0x0445, 0x20, 0x0434, 0x044B, 0x043D, 0x0430, 0x0440, 0x0430, 0x045E));
					if (count != 1) return String(CharArray::of(0x044F, 0x0440, 0x0434, 0x0430, 0x043D, 0x0441, 0x043A, 0x0430, 0x0433, 0x0430, 0x20, 0x0434, 0x044B, 0x043D, 0x0430, 0x0440, 0x0430));
					break;
				case 132:
					if (count == -1) return String(CharArray::of(0x044F, 0x043F, 0x043E, 0x043D, 0x0441, 0x043A, 0x0430, 0x044F, 0x20, 0x0435, 0x043D, 0x0430));
					if (count == 1) return String(CharArray::of(0x044F, 0x043F, 0x043E, 0x043D, 0x0441, 0x043A, 0x0430, 0x044F, 0x20, 0x0435, 0x043D, 0x0430));
					if (count != 1) return String(CharArray::of(0x044F, 0x043F, 0x043E, 0x043D, 0x0441, 0x043A, 0x0456, 0x044F, 0x20, 0x0435, 0x043D, 0x044B));
					if (count != 1) return String(CharArray::of(0x044F, 0x043F, 0x043E, 0x043D, 0x0441, 0x043A, 0x0456, 0x0445, 0x20, 0x0435, 0x043D, 0x0430, 0x045E));
					if (count != 1) return String(CharArray::of(0x044F, 0x043F, 0x043E, 0x043D, 0x0441, 0x043A, 0x0430, 0x0439, 0x20, 0x0435, 0x043D, 0x044B));
					break;
				case 134:
					if (count == -1) return String(CharArray::of(0x043A, 0x0456, 0x0440, 0x0433, 0x0456, 0x0441, 0x043A, 0x0456, 0x20, 0x0441, 0x043E, 0x043C));
					if (count == 1) return String(CharArray::of(0x043A, 0x0456, 0x0440, 0x0433, 0x0456, 0x0441, 0x043A, 0x0456, 0x20, 0x0441, 0x043E, 0x043C));
					if (count != 1) return String(CharArray::of(0x043A, 0x0456, 0x0440, 0x0433, 0x0456, 0x0441, 0x043A, 0x0456, 0x044F, 0x20, 0x0441, 0x043E, 0x043C, 0x044B));
					if (count != 1) return String(CharArray::of(0x043A, 0x0456, 0x0440, 0x0433, 0x0456, 0x0441, 0x043A, 0x0456, 0x0445, 0x20, 0x0441, 0x043E, 0x043C, 0x0430, 0x045E));
					if (count != 1) return String(CharArray::of(0x043A, 0x0456, 0x0440, 0x0433, 0x0456, 0x0441, 0x043A, 0x0430, 0x0433, 0x0430, 0x20, 0x0441, 0x043E, 0x043C, 0x0430));
					break;
				case 141:
					if (count == -1) return String(CharArray::of(0x043A, 0x0443, 0x0432, 0x044D, 0x0439, 0x0446, 0x043A, 0x0456, 0x20, 0x0434, 0x044B, 0x043D, 0x0430, 0x0440));
					if (count == 1) return String(CharArray::of(0x043A, 0x0443, 0x0432, 0x044D, 0x0439, 0x0446, 0x043A, 0x0456, 0x20, 0x0434, 0x044B, 0x043D, 0x0430, 0x0440));
					if (count != 1) return String(CharArray::of(0x043A, 0x0443, 0x0432, 0x044D, 0x0439, 0x0446, 0x043A, 0x0456, 0x044F, 0x20, 0x0434, 0x044B, 0x043D, 0x0430, 0x0440, 0x044B));
					if (count != 1) return String(CharArray::of(0x043A, 0x0443, 0x0432, 0x044D, 0x0439, 0x0446, 0x043A, 0x0456, 0x0445, 0x20, 0x0434, 0x044B, 0x043D, 0x0430, 0x0440, 0x0430, 0x045E));
					if (count != 1) return String(CharArray::of(0x043A, 0x0443, 0x0432, 0x044D, 0x0439, 0x0446, 0x043A, 0x0430, 0x0433, 0x0430, 0x20, 0x0434, 0x044B, 0x043D, 0x0430, 0x0440, 0x0430));
					break;
				case 142:
					if (count == -1) return String(CharArray::of(0x0434, 0x0430, 0x043B, 0x044F, 0x0440, 0x20, 0x041A, 0x0430, 0x0439, 0x043C, 0x0430, 0x043D, 0x0430, 0x0432, 0x044B, 0x0445, 0x20, 0x0430, 0x0441, 0x0442, 0x0440, 0x0430, 0x0432, 0x043E, 0x045E));
					if (count == 1) return String(CharArray::of(0x0434, 0x0430, 0x043B, 0x044F, 0x0440, 0x20, 0x041A, 0x0430, 0x0439, 0x043C, 0x0430, 0x043D, 0x0430, 0x0432, 0x044B, 0x0445, 0x20, 0x0430, 0x0441, 0x0442, 0x0440, 0x0430, 0x0432, 0x043E, 0x045E));
					if (count != 1) return String(CharArray::of(0x0434, 0x0430, 0x043B, 0x044F, 0x0440, 0x044B, 0x20, 0x041A, 0x0430, 0x0439, 0x043C, 0x0430, 0x043D, 0x0430, 0x0432, 0x044B, 0x0445, 0x20, 0x0430, 0x0441, 0x0442, 0x0440, 0x0430, 0x0432, 0x043E, 0x045E));
					if (count != 1) return String(CharArray::of(0x0434, 0x0430, 0x043B, 0x044F, 0x0440, 0x0430, 0x045E, 0x20, 0x041A, 0x0430, 0x0439, 0x043C, 0x0430, 0x043D, 0x0430, 0x0432, 0x044B, 0x0445, 0x20, 0x0430, 0x0441, 0x0442, 0x0440, 0x0430, 0x0432, 0x043E, 0x045E));
					if (count != 1) return String(CharArray::of(0x0434, 0x0430, 0x043B, 0x044F, 0x0440, 0x0430, 0x20, 0x041A, 0x0430, 0x0439, 0x043C, 0x0430, 0x043D, 0x0430, 0x0432, 0x044B, 0x0445, 0x20, 0x0430, 0x0441, 0x0442, 0x0440, 0x0430, 0x0432, 0x043E, 0x045E));
					break;
				case 143:
					if (count == -1) return String(CharArray::of(0x043A, 0x0430, 0x0437, 0x0430, 0x0445, 0x0441, 0x0442, 0x0430, 0x043D, 0x0441, 0x043A, 0x0456, 0x20, 0x0442, 0x044D, 0x043D, 0x0433, 0x044D));
					if (count == 1) return String(CharArray::of(0x043A, 0x0430, 0x0437, 0x0430, 0x0445, 0x0441, 0x0442, 0x0430, 0x043D, 0x0441, 0x043A, 0x0456, 0x20, 0x0442, 0x044D, 0x043D, 0x0433, 0x044D));
					if (count != 1) return String(CharArray::of(0x043A, 0x0430, 0x0437, 0x0430, 0x0445, 0x0441, 0x0442, 0x0430, 0x043D, 0x0441, 0x043A, 0x0456, 0x044F, 0x20, 0x0442, 0x044D, 0x043D, 0x0433, 0x044D));
					if (count != 1) return String(CharArray::of(0x043A, 0x0430, 0x0437, 0x0430, 0x0445, 0x0441, 0x0442, 0x0430, 0x043D, 0x0441, 0x043A, 0x0456, 0x0445, 0x20, 0x0442, 0x044D, 0x043D, 0x0433, 0x044D));
					if (count != 1) return String(CharArray::of(0x043A, 0x0430, 0x0437, 0x0430, 0x0445, 0x0441, 0x0442, 0x0430, 0x043D, 0x0441, 0x043A, 0x0430, 0x0433, 0x0430, 0x20, 0x0442, 0x044D, 0x043D, 0x0433, 0x044D));
					break;
				case 145:
					if (count == 1) return String(CharArray::of(0x043B, 0x0456, 0x0431, 0x0430, 0x043D, 0x0441, 0x043A, 0x0456, 0x20, 0x0444, 0x0443, 0x043D, 0x0442));
					if (count != 1) return String(CharArray::of(0x043B, 0x0456, 0x0431, 0x0430, 0x043D, 0x0441, 0x043A, 0x0456, 0x044F, 0x20, 0x0444, 0x0443, 0x043D, 0x0442, 0x044B));
					if (count != 1) return String(CharArray::of(0x043B, 0x0456, 0x0431, 0x0430, 0x043D, 0x0441, 0x043A, 0x0456, 0x0445, 0x20, 0x0444, 0x0443, 0x043D, 0x0442, 0x0430, 0x045E));
					if (count != 1) return String(CharArray::of(0x043B, 0x0456, 0x0431, 0x0430, 0x043D, 0x0441, 0x043A, 0x0430, 0x0433, 0x0430, 0x20, 0x0444, 0x0443, 0x043D, 0x0442, 0x0430));
					break;
				case 147:
					if (count == -1) return String(CharArray::of(0x043B, 0x0456, 0x0431, 0x044D, 0x0440, 0x044B, 0x0439, 0x0441, 0x043A, 0x0456, 0x20, 0x0434, 0x0430, 0x043B, 0x044F, 0x0440));
					if (count == 1) return String(CharArray::of(0x043B, 0x0456, 0x0431, 0x044D, 0x0440, 0x044B, 0x0439, 0x0441, 0x043A, 0x0456, 0x20, 0x0434, 0x0430, 0x043B, 0x044F, 0x0440));
					if (count != 1) return String(CharArray::of(0x043B, 0x0456, 0x0431, 0x044D, 0x0440, 0x044B, 0x0439, 0x0441, 0x043A, 0x0456, 0x044F, 0x20, 0x0434, 0x0430, 0x043B, 0x044F, 0x0440, 0x044B));
					if (count != 1) return String(CharArray::of(0x043B, 0x0456, 0x0431, 0x044D, 0x0440, 0x044B, 0x0439, 0x0441, 0x043A, 0x0456, 0x0445, 0x20, 0x0434, 0x0430, 0x043B, 0x044F, 0x0440, 0x0430, 0x045E));
					if (count != 1) return String(CharArray::of(0x043B, 0x0456, 0x0431, 0x044D, 0x0440, 0x044B, 0x0439, 0x0441, 0x043A, 0x0430, 0x0433, 0x0430, 0x20, 0x0434, 0x0430, 0x043B, 0x044F, 0x0440, 0x0430));
					break;
				case 156:
					if (count == -1) return String(CharArray::of(0x043B, 0x0456, 0x0431, 0x0456, 0x0439, 0x0441, 0x043A, 0x0456, 0x20, 0x0434, 0x044B, 0x043D, 0x0430, 0x0440));
					if (count == 1) return String(CharArray::of(0x043B, 0x0456, 0x0431, 0x0456, 0x0439, 0x0441, 0x043A, 0x0456, 0x20, 0x0434, 0x044B, 0x043D, 0x0430, 0x0440));
					if (count != 1) return String(CharArray::of(0x043B, 0x0456, 0x0431, 0x0456, 0x0439, 0x0441, 0x043A, 0x0456, 0x044F, 0x20, 0x0434, 0x044B, 0x043D, 0x0430, 0x0440, 0x044B));
					if (count != 1) return String(CharArray::of(0x043B, 0x0456, 0x0431, 0x0456, 0x0439, 0x0441, 0x043A, 0x0456, 0x0445, 0x20, 0x0434, 0x044B, 0x043D, 0x0430, 0x0440, 0x0430, 0x045E));
					if (count != 1) return String(CharArray::of(0x043B, 0x0456, 0x0431, 0x0456, 0x0439, 0x0441, 0x043A, 0x0430, 0x0433, 0x0430, 0x20, 0x0434, 0x044B, 0x043D, 0x0430, 0x0440, 0x0430));
					break;
				case 161:
					if (count != 1) return String(CharArray::of(0x043C, 0x0430, 0x043B, 0x0434, 0x043E, 0x045E, 0x0441, 0x043A, 0x0456, 0x044F, 0x20, 0x043B, 0x0435, 0x0456));
					break;
				case 164:
					if (count == -1) return String(CharArray::of(0x043C, 0x0430, 0x043A, 0x044D, 0x0434, 0x043E, 0x043D, 0x0441, 0x043A, 0x0456, 0x20, 0x0434, 0x044D, 0x043D, 0x0430, 0x0440));
					if (count == 1) return String(CharArray::of(0x043C, 0x0430, 0x043A, 0x044D, 0x0434, 0x043E, 0x043D, 0x0441, 0x043A, 0x0456, 0x20, 0x0434, 0x044D, 0x043D, 0x0430, 0x0440));
					if (count != 1) return String(CharArray::of(0x043C, 0x0430, 0x043A, 0x044D, 0x0434, 0x043E, 0x043D, 0x0441, 0x043A, 0x0456, 0x044F, 0x20, 0x0434, 0x044D, 0x043D, 0x0430, 0x0440, 0x044B));
					if (count != 1) return String(CharArray::of(0x043C, 0x0430, 0x043A, 0x044D, 0x0434, 0x043E, 0x043D, 0x0441, 0x043A, 0x0456, 0x0445, 0x20, 0x0434, 0x044D, 0x043D, 0x0430, 0x0440, 0x0430, 0x045E));
					if (count != 1) return String(CharArray::of(0x043C, 0x0430, 0x043A, 0x044D, 0x0434, 0x043E, 0x043D, 0x0441, 0x043A, 0x0430, 0x0433, 0x0430, 0x20, 0x0434, 0x044D, 0x043D, 0x0430, 0x0440, 0x0430));
					break;
				case 169:
					if (count == -1) return String(CharArray::of(0x043F, 0x0430, 0x0442, 0x0430, 0x043A, 0x0430, 0x20, 0x041C, 0x0430, 0x043A, 0x0430, 0x043E));
					if (count == 1) return String(CharArray::of(0x043F, 0x0430, 0x0442, 0x0430, 0x043A, 0x0430, 0x20, 0x041C, 0x0430, 0x043A, 0x0430, 0x043E));
					if (count != 1) return String(CharArray::of(0x043F, 0x0430, 0x0442, 0x0430, 0x043A, 0x20, 0x041C, 0x0430, 0x043A, 0x0430, 0x043E));
					if (count != 1) return String(CharArray::of(0x043F, 0x0430, 0x0442, 0x0430, 0x043A, 0x0456, 0x20, 0x041C, 0x0430, 0x043A, 0x0430, 0x043E));
					break;
				case 174:
					if (count == -1) return String(CharArray::of(0x043C, 0x0430, 0x045E, 0x0440, 0x044B, 0x0446, 0x044B, 0x0439, 0x0441, 0x043A, 0x0430, 0x044F, 0x20, 0x0440, 0x0443, 0x043F, 0x0456, 0x044F));
					if (count == 1) return String(CharArray::of(0x043C, 0x0430, 0x045E, 0x0440, 0x044B, 0x0446, 0x044B, 0x0439, 0x0441, 0x043A, 0x0430, 0x044F, 0x20, 0x0440, 0x0443, 0x043F, 0x0456, 0x044F));
					if (count != 1) return String(CharArray::of(0x043C, 0x0430, 0x045E, 0x0440, 0x044B, 0x0446, 0x044B, 0x0439, 0x0441, 0x043A, 0x0456, 0x044F, 0x20, 0x0440, 0x0443, 0x043F, 0x0456, 0x0456));
					if (count != 1) return String(CharArray::of(0x043C, 0x0430, 0x045E, 0x0440, 0x044B, 0x0446, 0x044B, 0x0439, 0x0441, 0x043A, 0x0456, 0x0445, 0x20, 0x0440, 0x0443, 0x043F, 0x0456, 0x0439));
					if (count != 1) return String(CharArray::of(0x043C, 0x0430, 0x045E, 0x0440, 0x044B, 0x0446, 0x044B, 0x0439, 0x0441, 0x043A, 0x0430, 0x0439, 0x20, 0x0440, 0x0443, 0x043F, 0x0456, 0x0456));
					break;
				case 178:
					if (count == -1) return String(CharArray::of(0x043C, 0x044D, 0x043A, 0x0441, 0x044B, 0x043A, 0x0430, 0x043D, 0x0441, 0x043A, 0x0430, 0x0435, 0x20, 0x043F, 0x0435, 0x0441, 0x0430));
					if (count == 1) return String(CharArray::of(0x043C, 0x044D, 0x043A, 0x0441, 0x044B, 0x043A, 0x0430, 0x043D, 0x0441, 0x043A, 0x0430, 0x0435, 0x20, 0x043F, 0x0435, 0x0441, 0x0430));
					if (count != 1) return String(CharArray::of(0x043C, 0x044D, 0x043A, 0x0441, 0x044B, 0x043A, 0x0430, 0x043D, 0x0441, 0x043A, 0x0456, 0x044F, 0x20, 0x043F, 0x0435, 0x0441, 0x0430));
					if (count != 1) return String(CharArray::of(0x043C, 0x044D, 0x043A, 0x0441, 0x044B, 0x043A, 0x0430, 0x043D, 0x0441, 0x043A, 0x0456, 0x0445, 0x20, 0x043F, 0x0435, 0x0441, 0x0430));
					if (count != 1) return String(CharArray::of(0x043C, 0x044D, 0x043A, 0x0441, 0x044B, 0x043A, 0x0430, 0x043D, 0x0441, 0x043A, 0x0430, 0x0433, 0x0430, 0x20, 0x043F, 0x0435, 0x0441, 0x0430));
					break;
				case 184:
					if (count == -1) return String(CharArray::of(0x043C, 0x0430, 0x0437, 0x0430, 0x043C, 0x0431, 0x0456, 0x0446, 0x043A, 0x0456, 0x20, 0x043C, 0x044D, 0x0442, 0x044B, 0x043A, 0x0430, 0x043B));
					if (count == 1) return String(CharArray::of(0x043C, 0x0430, 0x0437, 0x0430, 0x043C, 0x0431, 0x0456, 0x0446, 0x043A, 0x0456, 0x20, 0x043C, 0x044D, 0x0442, 0x044B, 0x043A, 0x0430, 0x043B));
					if (count != 1) return String(CharArray::of(0x043C, 0x0430, 0x0437, 0x0430, 0x043C, 0x0431, 0x0456, 0x0446, 0x043A, 0x0456, 0x044F, 0x20, 0x043C, 0x044D, 0x0442, 0x044B, 0x043A, 0x0430, 0x043B, 0x044B));
					if (count != 1) return String(CharArray::of(0x043C, 0x0430, 0x0437, 0x0430, 0x043C, 0x0431, 0x0456, 0x0446, 0x043A, 0x0456, 0x0445, 0x20, 0x043C, 0x044D, 0x0442, 0x044B, 0x043A, 0x0430, 0x043B, 0x0430, 0x045E));
					if (count != 1) return String(CharArray::of(0x043C, 0x0430, 0x0437, 0x0430, 0x043C, 0x0431, 0x0456, 0x0446, 0x043A, 0x0430, 0x0433, 0x0430, 0x20, 0x043C, 0x044D, 0x0442, 0x044B, 0x043A, 0x0430, 0x043B, 0x0430));
					break;
				case 185:
					if (count == -1) return String(CharArray::of(0x043D, 0x0430, 0x043C, 0x0456, 0x0431, 0x0456, 0x0439, 0x0441, 0x043A, 0x0456, 0x20, 0x0434, 0x0430, 0x043B, 0x044F, 0x0440));
					if (count == 1) return String(CharArray::of(0x043D, 0x0430, 0x043C, 0x0456, 0x0431, 0x0456, 0x0439, 0x0441, 0x043A, 0x0456, 0x20, 0x0434, 0x0430, 0x043B, 0x044F, 0x0440));
					if (count != 1) return String(CharArray::of(0x043D, 0x0430, 0x043C, 0x0456, 0x0431, 0x0456, 0x0439, 0x0441, 0x043A, 0x0456, 0x044F, 0x20, 0x0434, 0x0430, 0x043B, 0x044F, 0x0440, 0x044B));
					if (count != 1) return String(CharArray::of(0x043D, 0x0430, 0x043C, 0x0456, 0x0431, 0x0456, 0x0439, 0x0441, 0x043A, 0x0456, 0x0445, 0x20, 0x0434, 0x0430, 0x043B, 0x044F, 0x0440, 0x0430, 0x045E));
					if (count != 1) return String(CharArray::of(0x043D, 0x0430, 0x043C, 0x0456, 0x0431, 0x0456, 0x0439, 0x0441, 0x043A, 0x0430, 0x0433, 0x0430, 0x20, 0x0434, 0x0430, 0x043B, 0x044F, 0x0440, 0x0430));
					break;
				case 186:
					if (count == -1) return String(CharArray::of(0x043D, 0x0456, 0x0433, 0x044D, 0x0440, 0x044B, 0x0439, 0x0441, 0x043A, 0x0430, 0x044F, 0x20, 0x043D, 0x0430, 0x0456, 0x0440, 0x0430));
					if (count == 1) return String(CharArray::of(0x043D, 0x0456, 0x0433, 0x044D, 0x0440, 0x044B, 0x0439, 0x0441, 0x043A, 0x0430, 0x044F, 0x20, 0x043D, 0x0430, 0x0456, 0x0440, 0x0430));
					if (count != 1) return String(CharArray::of(0x043D, 0x0456, 0x0433, 0x044D, 0x0440, 0x044B, 0x0439, 0x0441, 0x043A, 0x0456, 0x044F, 0x20, 0x043D, 0x0430, 0x0456, 0x0440, 0x044B));
					if (count != 1) return String(CharArray::of(0x043D, 0x0456, 0x0433, 0x044D, 0x0440, 0x044B, 0x0439, 0x0441, 0x043A, 0x0456, 0x0445, 0x20, 0x043D, 0x0430, 0x0456, 0x0440));
					if (count != 1) return String(CharArray::of(0x043D, 0x0456, 0x0433, 0x044D, 0x0440, 0x044B, 0x0439, 0x0441, 0x043A, 0x0430, 0x0439, 0x20, 0x043D, 0x0430, 0x0456, 0x0440, 0x044B));
					break;
				case 190:
					if (count == -1) return String(CharArray::of(0x043D, 0x0430, 0x0440, 0x0432, 0x044D, 0x0441, 0x043A, 0x0430, 0x044F, 0x20, 0x043A, 0x0440, 0x043E, 0x043D, 0x0430));
					if (count == 1) return String(CharArray::of(0x043D, 0x0430, 0x0440, 0x0432, 0x044D, 0x0441, 0x043A, 0x0430, 0x044F, 0x20, 0x043A, 0x0440, 0x043E, 0x043D, 0x0430));
					if (count != 1) return String(CharArray::of(0x043D, 0x0430, 0x0440, 0x0432, 0x044D, 0x0441, 0x043A, 0x0456, 0x044F, 0x20, 0x043A, 0x0440, 0x043E, 0x043D, 0x044B));
					if (count != 1) return String(CharArray::of(0x043D, 0x0430, 0x0440, 0x0432, 0x044D, 0x0441, 0x043A, 0x0456, 0x0445, 0x20, 0x043A, 0x0440, 0x043E, 0x043D));
					if (count != 1) return String(CharArray::of(0x043D, 0x0430, 0x0440, 0x0432, 0x044D, 0x0441, 0x043A, 0x0430, 0x0439, 0x20, 0x043A, 0x0440, 0x043E, 0x043D, 0x044B));
					break;
				case 191:
					if (count == -1) return String(CharArray::of(0x043D, 0x044D, 0x043F, 0x0430, 0x043B, 0x044C, 0x0441, 0x043A, 0x0430, 0x044F, 0x20, 0x0440, 0x0443, 0x043F, 0x0456, 0x044F));
					if (count == 1) return String(CharArray::of(0x043D, 0x044D, 0x043F, 0x0430, 0x043B, 0x044C, 0x0441, 0x043A, 0x0430, 0x044F, 0x20, 0x0440, 0x0443, 0x043F, 0x0456, 0x044F));
					if (count != 1) return String(CharArray::of(0x043D, 0x044D, 0x043F, 0x0430, 0x043B, 0x044C, 0x0441, 0x043A, 0x0456, 0x044F, 0x20, 0x0440, 0x0443, 0x043F, 0x0456, 0x0456));
					if (count != 1) return String(CharArray::of(0x043D, 0x044D, 0x043F, 0x0430, 0x043B, 0x044C, 0x0441, 0x043A, 0x0456, 0x0445, 0x20, 0x0440, 0x0443, 0x043F, 0x0456, 0x0439));
					if (count != 1) return String(CharArray::of(0x043D, 0x044D, 0x043F, 0x0430, 0x043B, 0x044C, 0x0441, 0x043A, 0x0430, 0x0439, 0x20, 0x0440, 0x0443, 0x043F, 0x0456, 0x0456));
					break;
				case 192:
					if (count == -1) return String(CharArray::of(0x043D, 0x043E, 0x0432, 0x0430, 0x0437, 0x044D, 0x043B, 0x044F, 0x043D, 0x0434, 0x0437, 0x043A, 0x0456, 0x20, 0x0434, 0x0430, 0x043B, 0x044F, 0x0440));
					if (count == 1) return String(CharArray::of(0x043D, 0x043E, 0x0432, 0x0430, 0x0437, 0x044D, 0x043B, 0x044F, 0x043D, 0x0434, 0x0437, 0x043A, 0x0456, 0x20, 0x0434, 0x0430, 0x043B, 0x044F, 0x0440));
					if (count != 1) return String(CharArray::of(0x043D, 0x043E, 0x0432, 0x0430, 0x0437, 0x044D, 0x043B, 0x044F, 0x043D, 0x0434, 0x0437, 0x043A, 0x0456, 0x044F, 0x20, 0x0434, 0x0430, 0x043B, 0x044F, 0x0440, 0x044B));
					if (count != 1) return String(CharArray::of(0x043D, 0x043E, 0x0432, 0x0430, 0x0437, 0x044D, 0x043B, 0x044F, 0x043D, 0x0434, 0x0437, 0x043A, 0x0456, 0x0445, 0x20, 0x0434, 0x0430, 0x043B, 0x044F, 0x0440, 0x0430, 0x045E));
					if (count != 1) return String(CharArray::of(0x043D, 0x043E, 0x0432, 0x0430, 0x0437, 0x044D, 0x043B, 0x044F, 0x043D, 0x0434, 0x0437, 0x043A, 0x0430, 0x0433, 0x0430, 0x20, 0x0434, 0x0430, 0x043B, 0x044F, 0x0440, 0x0430));
					break;
				case 196:
					if (count == -1) return String(CharArray::of(0x043F, 0x044D, 0x0440, 0x0443, 0x0430, 0x043D, 0x0441, 0x043A, 0x0456, 0x20, 0x0441, 0x043E, 0x043B, 0x044C));
					if (count == 1) return String(CharArray::of(0x043F, 0x044D, 0x0440, 0x0443, 0x0430, 0x043D, 0x0441, 0x043A, 0x0456, 0x20, 0x0441, 0x043E, 0x043B, 0x044C));
					if (count != 1) return String(CharArray::of(0x043F, 0x044D, 0x0440, 0x0443, 0x0430, 0x043D, 0x0441, 0x043A, 0x0456, 0x044F, 0x20, 0x0441, 0x043E, 0x043B, 0x0456));
					if (count != 1) return String(CharArray::of(0x043F, 0x044D, 0x0440, 0x0443, 0x0430, 0x043D, 0x0441, 0x043A, 0x0456, 0x0445, 0x20, 0x0441, 0x043E, 0x043B, 0x044F, 0x045E));
					if (count != 1) return String(CharArray::of(0x043F, 0x044D, 0x0440, 0x0443, 0x0430, 0x043D, 0x0441, 0x043A, 0x0430, 0x0433, 0x0430, 0x20, 0x0441, 0x043E, 0x043B, 0x044F));
					break;
				case 198:
					if (count == -1) return String(CharArray::of(0x043A, 0x0456, 0x043D, 0x0430, 0x20, 0x041F, 0x0430, 0x043F, 0x0443, 0x0430, 0x2D, 0x041D, 0x043E, 0x0432, 0x0430, 0x0439, 0x20, 0x0413, 0x0432, 0x0456, 0x043D, 0x044D, 0x0456));
					if (count == 1) return String(CharArray::of(0x043A, 0x0456, 0x043D, 0x0430, 0x20, 0x041F, 0x0430, 0x043F, 0x0443, 0x0430, 0x2D, 0x041D, 0x043E, 0x0432, 0x0430, 0x0439, 0x20, 0x0413, 0x0432, 0x0456, 0x043D, 0x044D, 0x0456));
					if (count != 1) return String(CharArray::of(0x043A, 0x0456, 0x043D, 0x20, 0x041F, 0x0430, 0x043F, 0x0443, 0x0430, 0x2D, 0x041D, 0x043E, 0x0432, 0x0430, 0x0439, 0x20, 0x0413, 0x0432, 0x0456, 0x043D, 0x044D, 0x0456));
					if (count != 1) return String(CharArray::of(0x043A, 0x0456, 0x043D, 0x044B, 0x20, 0x041F, 0x0430, 0x043F, 0x0443, 0x0430, 0x2D, 0x041D, 0x043E, 0x0432, 0x0430, 0x0439, 0x20, 0x0413, 0x0432, 0x0456, 0x043D, 0x044D, 0x0456));
					break;
				case 209:
					if (count == -1) return String(CharArray::of(0x0441, 0x044D, 0x0440, 0x0431, 0x0441, 0x043A, 0x0456, 0x20, 0x0434, 0x044B, 0x043D, 0x0430, 0x0440));
					if (count == 1) return String(CharArray::of(0x0441, 0x044D, 0x0440, 0x0431, 0x0441, 0x043A, 0x0456, 0x20, 0x0434, 0x044B, 0x043D, 0x0430, 0x0440));
					if (count != 1) return String(CharArray::of(0x0441, 0x044D, 0x0440, 0x0431, 0x0441, 0x043A, 0x0456, 0x044F, 0x20, 0x0434, 0x044B, 0x043D, 0x0430, 0x0440, 0x044B));
					if (count != 1) return String(CharArray::of(0x0441, 0x044D, 0x0440, 0x0431, 0x0441, 0x043A, 0x0456, 0x0445, 0x20, 0x0434, 0x044B, 0x043D, 0x0430, 0x0440, 0x0430, 0x045E));
					if (count != 1) return String(CharArray::of(0x0441, 0x044D, 0x0440, 0x0431, 0x0441, 0x043A, 0x0430, 0x0433, 0x0430, 0x20, 0x0434, 0x044B, 0x043D, 0x0430, 0x0440, 0x0430));
					break;
				case 210:
					if (count == -1) return String(CharArray::of(0x0440, 0x0430, 0x0441, 0x0435, 0x0439, 0x0441, 0x043A, 0x0456, 0x20, 0x0440, 0x0443, 0x0431, 0x0435, 0x043B, 0x044C));
					if (count == 1) return String(CharArray::of(0x0440, 0x0430, 0x0441, 0x0435, 0x0439, 0x0441, 0x043A, 0x0456, 0x20, 0x0440, 0x0443, 0x0431, 0x0435, 0x043B, 0x044C));
					if (count != 1) return String(CharArray::of(0x0440, 0x0430, 0x0441, 0x0435, 0x0439, 0x0441, 0x043A, 0x0456, 0x044F, 0x20, 0x0440, 0x0443, 0x0431, 0x043B, 0x0456));
					if (count != 1) return String(CharArray::of(0x0440, 0x0430, 0x0441, 0x0435, 0x0439, 0x0441, 0x043A, 0x0456, 0x0445, 0x20, 0x0440, 0x0443, 0x0431, 0x043B, 0x0451, 0x045E));
					if (count != 1) return String(CharArray::of(0x0440, 0x0430, 0x0441, 0x0435, 0x0439, 0x0441, 0x043A, 0x0430, 0x0433, 0x0430, 0x20, 0x0440, 0x0443, 0x0431, 0x043B, 0x044F));
					break;
				case 214:
					if (count == -1) return String(CharArray::of(0x0434, 0x0430, 0x043B, 0x044F, 0x0440, 0x20, 0x0421, 0x0430, 0x043B, 0x0430, 0x043C, 0x043E, 0x043D, 0x0430, 0x0432, 0x044B, 0x0445, 0x20, 0x0430, 0x0441, 0x0442, 0x0440, 0x0430, 0x0432, 0x043E, 0x045E));
					if (count == 1) return String(CharArray::of(0x0434, 0x0430, 0x043B, 0x044F, 0x0440, 0x20, 0x0421, 0x0430, 0x043B, 0x0430, 0x043C, 0x043E, 0x043D, 0x0430, 0x0432, 0x044B, 0x0445, 0x20, 0x0430, 0x0441, 0x0442, 0x0440, 0x0430, 0x0432, 0x043E, 0x045E));
					if (count != 1) return String(CharArray::of(0x0434, 0x0430, 0x043B, 0x044F, 0x0440, 0x20, 0x0421, 0x0430, 0x043B, 0x0430, 0x043C, 0x043E, 0x043D, 0x0430, 0x0432, 0x044B, 0x0445, 0x20, 0x0430, 0x0441, 0x0442, 0x0440, 0x0430, 0x0432, 0x043E, 0x045E));
					if (count != 1) return String(CharArray::of(0x0434, 0x0430, 0x043B, 0x044F, 0x0440, 0x0430, 0x045E, 0x20, 0x0421, 0x0430, 0x043B, 0x0430, 0x043C, 0x043E, 0x043D, 0x0430, 0x0432, 0x044B, 0x0445, 0x20, 0x0430, 0x0441, 0x0442, 0x0440, 0x0430, 0x0432, 0x043E, 0x045E));
					if (count != 1) return String(CharArray::of(0x0434, 0x0430, 0x043B, 0x044F, 0x0440, 0x0430, 0x20, 0x0421, 0x0430, 0x043B, 0x0430, 0x043C, 0x043E, 0x043D, 0x0430, 0x0432, 0x044B, 0x0445, 0x20, 0x0430, 0x0441, 0x0442, 0x0440, 0x0430, 0x0432, 0x043E, 0x045E));
					break;
				case 215:
					if (count == -1) return String(CharArray::of(0x0441, 0x044D, 0x0439, 0x0448, 0x044D, 0x043B, 0x044C, 0x0441, 0x043A, 0x0430, 0x044F, 0x20, 0x0440, 0x0443, 0x043F, 0x0456, 0x044F));
					if (count == 1) return String(CharArray::of(0x0441, 0x044D, 0x0439, 0x0448, 0x044D, 0x043B, 0x044C, 0x0441, 0x043A, 0x0430, 0x044F, 0x20, 0x0440, 0x0443, 0x043F, 0x0456, 0x044F));
					if (count != 1) return String(CharArray::of(0x0441, 0x044D, 0x0439, 0x0448, 0x044D, 0x043B, 0x044C, 0x0441, 0x043A, 0x0456, 0x044F, 0x20, 0x0440, 0x0443, 0x043F, 0x0456, 0x0456));
					if (count != 1) return String(CharArray::of(0x0441, 0x044D, 0x0439, 0x0448, 0x044D, 0x043B, 0x044C, 0x0441, 0x043A, 0x0456, 0x0445, 0x20, 0x0440, 0x0443, 0x043F, 0x0456, 0x0439));
					if (count != 1) return String(CharArray::of(0x0441, 0x044D, 0x0439, 0x0448, 0x044D, 0x043B, 0x044C, 0x0441, 0x043A, 0x0430, 0x0439, 0x20, 0x0440, 0x0443, 0x043F, 0x0456, 0x0456));
					break;
				case 219:
					if (count == -1) return String(CharArray::of(0x0448, 0x0432, 0x044D, 0x0434, 0x0437, 0x043A, 0x0430, 0x044F, 0x20, 0x043A, 0x0440, 0x043E, 0x043D, 0x0430));
					if (count == 1) return String(CharArray::of(0x0448, 0x0432, 0x044D, 0x0434, 0x0437, 0x043A, 0x0430, 0x044F, 0x20, 0x043A, 0x0440, 0x043E, 0x043D, 0x0430));
					if (count != 1) return String(CharArray::of(0x0448, 0x0432, 0x044D, 0x0434, 0x0437, 0x043A, 0x0456, 0x044F, 0x20, 0x043A, 0x0440, 0x043E, 0x043D, 0x044B));
					if (count != 1) return String(CharArray::of(0x0448, 0x0432, 0x044D, 0x0434, 0x0437, 0x043A, 0x0456, 0x0445, 0x20, 0x043A, 0x0440, 0x043E, 0x043D));
					if (count != 1) return String(CharArray::of(0x0448, 0x0432, 0x044D, 0x0434, 0x0437, 0x043A, 0x0430, 0x0439, 0x20, 0x043A, 0x0440, 0x043E, 0x043D, 0x044B));
					break;
				case 220:
					if (count == -1) return String(CharArray::of(0x0441, 0x0456, 0x043D, 0x0433, 0x0430, 0x043F, 0x0443, 0x0440, 0x0441, 0x043A, 0x0456, 0x20, 0x0434, 0x0430, 0x043B, 0x044F, 0x0440));
					if (count == 1) return String(CharArray::of(0x0441, 0x044B, 0x043D, 0x0433, 0x0430, 0x043F, 0x0443, 0x0440, 0x0441, 0x043A, 0x0456, 0x20, 0x0434, 0x0430, 0x043B, 0x044F, 0x0440));
					if (count != 1) return String(CharArray::of(0x0441, 0x0456, 0x043D, 0x0433, 0x0430, 0x043F, 0x0443, 0x0440, 0x0441, 0x043A, 0x0456, 0x044F, 0x20, 0x0434, 0x0430, 0x043B, 0x044F, 0x0440, 0x044B));
					if (count != 1) return String(CharArray::of(0x0441, 0x044B, 0x043D, 0x0433, 0x0430, 0x043F, 0x0443, 0x0440, 0x0441, 0x043A, 0x0456, 0x0445, 0x20, 0x0434, 0x0430, 0x043B, 0x044F, 0x0440, 0x0430, 0x045E));
					if (count != 1) return String(CharArray::of(0x0441, 0x044B, 0x043D, 0x0433, 0x0430, 0x043F, 0x0443, 0x0440, 0x0441, 0x043A, 0x0430, 0x0433, 0x0430, 0x20, 0x0434, 0x0430, 0x043B, 0x044F, 0x0440, 0x0430));
					break;
				case 221:
					if (count == -1) return String(CharArray::of(0x0444, 0x0443, 0x043D, 0x0442, 0x20, 0x0432, 0x2D, 0x0432, 0x0430, 0x20, 0x0421, 0x044C, 0x0432, 0x044F, 0x0442, 0x043E, 0x0439, 0x20, 0x0413, 0x044D, 0x043B, 0x0435, 0x043D, 0x044B));
					if (count == 1) return String(CharArray::of(0x0444, 0x0443, 0x043D, 0x0442, 0x20, 0x0432, 0x2D, 0x0432, 0x0430, 0x20, 0x0421, 0x044C, 0x0432, 0x044F, 0x0442, 0x043E, 0x0439, 0x20, 0x0413, 0x044D, 0x043B, 0x0435, 0x043D, 0x044B));
					if (count != 1) return String(CharArray::of(0x0444, 0x0443, 0x043D, 0x0442, 0x044B, 0x20, 0x0432, 0x2D, 0x0432, 0x0430, 0x20, 0x0421, 0x044C, 0x0432, 0x044F, 0x0442, 0x043E, 0x0439, 0x20, 0x0413, 0x044D, 0x043B, 0x0435, 0x043D, 0x044B));
					if (count != 1) return String(CharArray::of(0x0444, 0x0443, 0x043D, 0x0442, 0x0430, 0x045E, 0x20, 0x0432, 0x2D, 0x0432, 0x0430, 0x20, 0x0421, 0x044C, 0x0432, 0x044F, 0x0442, 0x043E, 0x0439, 0x20, 0x0413, 0x044D, 0x043B, 0x0435, 0x043D, 0x044B));
					if (count != 1) return String(CharArray::of(0x0444, 0x0443, 0x043D, 0x0442, 0x0430, 0x20, 0x0432, 0x2D, 0x0432, 0x0430, 0x20, 0x0421, 0x044C, 0x0432, 0x044F, 0x0442, 0x043E, 0x0439, 0x20, 0x0413, 0x044D, 0x043B, 0x0435, 0x043D, 0x044B));
					break;
				case 227:
					if (count == -1) return String(CharArray::of(0x0441, 0x0443, 0x0440, 0x044B, 0x043D, 0x0430, 0x043C, 0x0441, 0x043A, 0x0456, 0x20, 0x0434, 0x0430, 0x043B, 0x044F, 0x0440));
					if (count == 1) return String(CharArray::of(0x0441, 0x0443, 0x0440, 0x044B, 0x043D, 0x0430, 0x043C, 0x0441, 0x043A, 0x0456, 0x20, 0x0434, 0x0430, 0x043B, 0x044F, 0x0440));
					if (count != 1) return String(CharArray::of(0x0441, 0x0443, 0x0440, 0x044B, 0x043D, 0x0430, 0x043C, 0x0441, 0x043A, 0x0456, 0x044F, 0x20, 0x0434, 0x0430, 0x043B, 0x044F, 0x0440, 0x044B));
					if (count != 1) return String(CharArray::of(0x0441, 0x0443, 0x0440, 0x044B, 0x043D, 0x0430, 0x043C, 0x0441, 0x043A, 0x0456, 0x0445, 0x20, 0x0434, 0x0430, 0x043B, 0x044F, 0x0440, 0x0430, 0x045E));
					if (count != 1) return String(CharArray::of(0x0441, 0x0443, 0x0440, 0x044B, 0x043D, 0x0430, 0x043C, 0x0441, 0x043A, 0x0430, 0x0433, 0x0430, 0x20, 0x0434, 0x0430, 0x043B, 0x044F, 0x0440, 0x0430));
					break;
				case 234:
					if (count == -1) return String(CharArray::of(0x0441, 0x044B, 0x0440, 0x044B, 0x0439, 0x0441, 0x043A, 0x0456, 0x20, 0x0444, 0x0443, 0x043D, 0x0442));
					if (count == 1) return String(CharArray::of(0x0441, 0x044B, 0x0440, 0x044B, 0x0439, 0x0441, 0x043A, 0x0456, 0x20, 0x0444, 0x0443, 0x043D, 0x0442));
					if (count != 1) return String(CharArray::of(0x0441, 0x044B, 0x0440, 0x044B, 0x0439, 0x0441, 0x043A, 0x0456, 0x044F, 0x20, 0x0444, 0x0443, 0x043D, 0x0442, 0x044B));
					if (count != 1) return String(CharArray::of(0x0441, 0x044B, 0x0440, 0x044B, 0x0439, 0x0441, 0x043A, 0x0456, 0x0445, 0x20, 0x0444, 0x0443, 0x043D, 0x0442, 0x0430, 0x045E));
					if (count != 1) return String(CharArray::of(0x0441, 0x044B, 0x0440, 0x044B, 0x0439, 0x0441, 0x043A, 0x0430, 0x0433, 0x0430, 0x20, 0x0444, 0x0443, 0x043D, 0x0442, 0x0430));
					break;
				case 235:
					if (count == -1) return String(CharArray::of(0x0421, 0x045E, 0x0430, 0x0437, 0x0456, 0x043B, 0x044D, 0x043D, 0x0434, 0x0437, 0x043A, 0x0456, 0x20, 0x043B, 0x0456, 0x043B, 0x0430, 0x043D, 0x0433, 0x0435, 0x043D, 0x0456));
					if (count == 1) return String(CharArray::of(0x0421, 0x045E, 0x0430, 0x0437, 0x0456, 0x043B, 0x044D, 0x043D, 0x0434, 0x0437, 0x043A, 0x0456, 0x20, 0x043B, 0x0456, 0x043B, 0x0430, 0x043D, 0x0433, 0x0435, 0x043D, 0x0456));
					if (count != 1) return String(CharArray::of(0x0421, 0x045E, 0x0430, 0x0437, 0x0456, 0x043B, 0x044D, 0x043D, 0x0434, 0x0437, 0x043A, 0x0456, 0x044F, 0x20, 0x043B, 0x0456, 0x043B, 0x0430, 0x043D, 0x0433, 0x0435, 0x043D, 0x0456));
					if (count != 1) return String(CharArray::of(0x0421, 0x045E, 0x0430, 0x0437, 0x0456, 0x043B, 0x044D, 0x043D, 0x0434, 0x0437, 0x043A, 0x0456, 0x0445, 0x20, 0x043B, 0x0456, 0x043B, 0x0430, 0x043D, 0x0433, 0x0435, 0x043D, 0x0456));
					if (count != 1) return String(CharArray::of(0x0421, 0x045E, 0x0430, 0x0437, 0x0456, 0x043B, 0x044D, 0x043D, 0x0434, 0x0437, 0x043A, 0x0430, 0x0433, 0x0430, 0x20, 0x043B, 0x0456, 0x043B, 0x0430, 0x043D, 0x0433, 0x0435, 0x043D, 0x0456));
					break;
				case 238:
					if (count != 1) return String(CharArray::of(0x0442, 0x0430, 0x0434, 0x0436, 0x044B, 0x0446, 0x043A, 0x0456, 0x044F, 0x20, 0x0441, 0x0430, 0x043C, 0x0430, 0x043D, 0x0456));
					if (count != 1) return String(CharArray::of(0x0442, 0x0430, 0x0434, 0x0436, 0x044B, 0x0446, 0x043A, 0x0456, 0x0445, 0x20, 0x0441, 0x0430, 0x043C, 0x0430, 0x043D, 0x0456));
					if (count != 1) return String(CharArray::of(0x0442, 0x0430, 0x0434, 0x0436, 0x044B, 0x0446, 0x043A, 0x0430, 0x0433, 0x0430, 0x20, 0x0441, 0x0430, 0x043C, 0x0430, 0x043D, 0x0456));
					break;
				case 240:
					if (count == -1) return String(CharArray::of(0x0442, 0x0443, 0x0440, 0x043A, 0x043C, 0x044D, 0x043D, 0x0441, 0x043A, 0x0456, 0x20, 0x043C, 0x0430, 0x043D, 0x0430, 0x0442));
					if (count == 1) return String(CharArray::of(0x0442, 0x0443, 0x0440, 0x043A, 0x043C, 0x044D, 0x043D, 0x0441, 0x043A, 0x0456, 0x20, 0x043C, 0x0430, 0x043D, 0x0430, 0x0442));
					if (count != 1) return String(CharArray::of(0x0442, 0x0443, 0x0440, 0x043A, 0x043C, 0x044D, 0x043D, 0x0441, 0x043A, 0x0456, 0x044F, 0x20, 0x043C, 0x0430, 0x043D, 0x0430, 0x0442, 0x044B));
					if (count != 1) return String(CharArray::of(0x0442, 0x0443, 0x0440, 0x043A, 0x043C, 0x044D, 0x043D, 0x0441, 0x043A, 0x0456, 0x0445, 0x20, 0x043C, 0x0430, 0x043D, 0x0430, 0x0442, 0x0430, 0x045E));
					if (count != 1) return String(CharArray::of(0x0442, 0x0443, 0x0440, 0x043A, 0x043C, 0x044D, 0x043D, 0x0441, 0x043A, 0x0430, 0x0433, 0x0430, 0x20, 0x043C, 0x0430, 0x043D, 0x0430, 0x0442, 0x0430));
					break;
				case 246:
					if (count == -1) return String(CharArray::of(0x0434, 0x0430, 0x043B, 0x044F, 0x0440, 0x20, 0x0422, 0x0440, 0x044B, 0x043D, 0x0456, 0x0434, 0x0430, 0x0434, 0x0430, 0x20, 0x0456, 0x20, 0x0422, 0x0430, 0x0431, 0x0430, 0x0433, 0x0430));
					if (count == 1) return String(CharArray::of(0x0434, 0x0430, 0x043B, 0x044F, 0x0440, 0x20, 0x0422, 0x0440, 0x044B, 0x043D, 0x0456, 0x0434, 0x0430, 0x0434, 0x0430, 0x20, 0x0456, 0x20, 0x0422, 0x0430, 0x0431, 0x0430, 0x0433, 0x0430));
					if (count != 1) return String(CharArray::of(0x0434, 0x0430, 0x043B, 0x044F, 0x0440, 0x044B, 0x20, 0x0422, 0x0440, 0x044B, 0x043D, 0x0456, 0x0434, 0x0430, 0x0434, 0x0430, 0x20, 0x0456, 0x20, 0x0422, 0x0430, 0x0431, 0x0430, 0x0433, 0x0430));
					if (count != 1) return String(CharArray::of(0x0434, 0x0430, 0x043B, 0x044F, 0x0440, 0x0430, 0x045E, 0x20, 0x0422, 0x0440, 0x044B, 0x043D, 0x0456, 0x0434, 0x0430, 0x0434, 0x0430, 0x20, 0x0456, 0x20, 0x0422, 0x0430, 0x0431, 0x0430, 0x0433, 0x0430));
					if (count != 1) return String(CharArray::of(0x0434, 0x0430, 0x043B, 0x044F, 0x0440, 0x0430, 0x20, 0x0422, 0x0440, 0x044B, 0x043D, 0x0456, 0x0434, 0x0430, 0x0434, 0x0430, 0x20, 0x0456, 0x20, 0x0422, 0x0430, 0x0431, 0x0430, 0x0433, 0x0430));
					break;
				case 247:
					if (count == -1) return String(CharArray::of(0x043D, 0x043E, 0x0432, 0x044B, 0x20, 0x0442, 0x0430, 0x0439, 0x0432, 0x0430, 0x043D, 0x044C, 0x0441, 0x043A, 0x0456, 0x20, 0x0434, 0x0430, 0x043B, 0x044F, 0x0440));
					if (count == 1) return String(CharArray::of(0x043D, 0x043E, 0x0432, 0x044B, 0x20, 0x0442, 0x0430, 0x0439, 0x0432, 0x0430, 0x043D, 0x044C, 0x0441, 0x043A, 0x0456, 0x20, 0x0434, 0x0430, 0x043B, 0x044F, 0x0440));
					if (count != 1) return String(CharArray::of(0x043D, 0x043E, 0x0432, 0x044B, 0x044F, 0x20, 0x0442, 0x0430, 0x0439, 0x0432, 0x0430, 0x043D, 0x044C, 0x0441, 0x043A, 0x0456, 0x044F, 0x20, 0x0434, 0x0430, 0x043B, 0x044F, 0x0440, 0x044B));
					if (count != 1) return String(CharArray::of(0x043D, 0x043E, 0x0432, 0x044B, 0x0445, 0x20, 0x0442, 0x0430, 0x0439, 0x0432, 0x0430, 0x043D, 0x044C, 0x0441, 0x043A, 0x0456, 0x0445, 0x20, 0x0434, 0x0430, 0x043B, 0x044F, 0x0440, 0x0430, 0x045E));
					if (count != 1) return String(CharArray::of(0x043D, 0x043E, 0x0432, 0x0430, 0x0433, 0x0430, 0x20, 0x0442, 0x0430, 0x0439, 0x0432, 0x0430, 0x043D, 0x044C, 0x0441, 0x043A, 0x0430, 0x0433, 0x0430, 0x20, 0x0434, 0x0430, 0x043B, 0x044F, 0x0440, 0x0430));
					break;
				case 253:
					if (count == -1) return String(CharArray::of(0x0434, 0x0430, 0x043B, 0x044F, 0x0440, 0x20, 0x0417, 0x0428, 0x0410));
					if (count == 1) return String(CharArray::of(0x0434, 0x0430, 0x043B, 0x044F, 0x0440, 0x20, 0x0417, 0x0428, 0x0410));
					if (count != 1) return String(CharArray::of(0x0434, 0x0430, 0x043B, 0x044F, 0x0440, 0x044B, 0x20, 0x0417, 0x0428, 0x0410));
					if (count != 1) return String(CharArray::of(0x0434, 0x0430, 0x043B, 0x044F, 0x0440, 0x0430, 0x045E, 0x20, 0x0417, 0x0428, 0x0410));
					if (count != 1) return String(CharArray::of(0x0434, 0x0430, 0x043B, 0x044F, 0x0440, 0x0430, 0x20, 0x0417, 0x0428, 0x0410));
					break;
				case 260:
					if (count == -1) return String(CharArray::of(0x0443, 0x0437, 0x0431, 0x044D, 0x043A, 0x0441, 0x043A, 0x0456, 0x20, 0x0441, 0x0443, 0x043C));
					if (count == 1) return String(CharArray::of(0x0443, 0x0437, 0x0431, 0x044D, 0x043A, 0x0441, 0x043A, 0x0456, 0x20, 0x0441, 0x0443, 0x043C));
					if (count != 1) return String(CharArray::of(0x0443, 0x0437, 0x0431, 0x044D, 0x043A, 0x0441, 0x043A, 0x0456, 0x044F, 0x20, 0x0441, 0x0443, 0x043C, 0x044B));
					if (count != 1) return String(CharArray::of(0x0443, 0x0437, 0x0431, 0x044D, 0x043A, 0x0441, 0x043A, 0x0456, 0x0445, 0x20, 0x0441, 0x0443, 0x043C, 0x0430, 0x045E));
					if (count != 1) return String(CharArray::of(0x0443, 0x0437, 0x0431, 0x044D, 0x043A, 0x0441, 0x043A, 0x0430, 0x0433, 0x0430, 0x20, 0x0441, 0x0443, 0x043C, 0x0430));
					break;
				case 263:
					if (count == -1) return String(CharArray::of(0x0432, 0x044D, 0x043D, 0x044D, 0x0441, 0x0443, 0x044D, 0x043B, 0x044C, 0x0441, 0x043A, 0x0456, 0x20, 0x0431, 0x0430, 0x043B, 0x0456, 0x0432, 0x0430, 0x0440, 0x20, 0x28, 0x32, 0x30, 0x30, 0x38, 0x2013, 0x32, 0x30, 0x31, 0x38, 0x29));
					if (count == 1) return String(CharArray::of(0x0432, 0x044D, 0x043D, 0x044D, 0x0441, 0x0443, 0x044D, 0x043B, 0x044C, 0x0441, 0x043A, 0x0456, 0x20, 0x0431, 0x0430, 0x043B, 0x0456, 0x0432, 0x0430, 0x0440, 0x20, 0x28, 0x32, 0x30, 0x30, 0x38, 0x2013, 0x32, 0x30, 0x31, 0x38, 0x29));
					if (count != 1) return String(CharArray::of(0x0432, 0x044D, 0x043D, 0x044D, 0x0441, 0x0443, 0x044D, 0x043B, 0x044C, 0x0441, 0x043A, 0x0456, 0x044F, 0x20, 0x0431, 0x0430, 0x043B, 0x0456, 0x0432, 0x0430, 0x0440, 0x044B, 0x20, 0x28, 0x32, 0x30, 0x30, 0x38, 0x2013, 0x32, 0x30, 0x31, 0x38, 0x29));
					if (count != 1) return String(CharArray::of(0x0432, 0x044D, 0x043D, 0x044D, 0x0441, 0x0443, 0x044D, 0x043B, 0x044C, 0x0441, 0x043A, 0x0456, 0x0445, 0x20, 0x0431, 0x0430, 0x043B, 0x0456, 0x0432, 0x0430, 0x0440, 0x0430, 0x045E, 0x20, 0x28, 0x32, 0x30, 0x30, 0x38, 0x2013, 0x32, 0x30, 0x31, 0x38, 0x29));
					if (count != 1) return String(CharArray::of(0x0432, 0x044D, 0x043D, 0x044D, 0x0441, 0x0443, 0x044D, 0x043B, 0x044C, 0x0441, 0x043A, 0x0430, 0x0433, 0x0430, 0x20, 0x0431, 0x0430, 0x043B, 0x0456, 0x0432, 0x0430, 0x0440, 0x0430, 0x20, 0x28, 0x32, 0x30, 0x30, 0x38, 0x2013, 0x32, 0x30, 0x31, 0x38, 0x29));
					break;
				case 264:
					if (count == -1) return String(CharArray::of(0x0432, 0x044D, 0x043D, 0x044D, 0x0441, 0x0443, 0x044D, 0x043B, 0x044C, 0x0441, 0x043A, 0x0456, 0x20, 0x0431, 0x0430, 0x043B, 0x0456, 0x0432, 0x0430, 0x0440));
					if (count == 1) return String(CharArray::of(0x0432, 0x044D, 0x043D, 0x044D, 0x0441, 0x0443, 0x044D, 0x043B, 0x044C, 0x0441, 0x043A, 0x0456, 0x20, 0x0431, 0x0430, 0x043B, 0x0456, 0x0432, 0x0430, 0x0440));
					if (count != 1) return String(CharArray::of(0x0432, 0x044D, 0x043D, 0x044D, 0x0441, 0x0443, 0x044D, 0x043B, 0x044C, 0x0441, 0x043A, 0x0456, 0x044F, 0x20, 0x0431, 0x0430, 0x043B, 0x0456, 0x0432, 0x0430, 0x0440, 0x044B));
					if (count != 1) return String(CharArray::of(0x0432, 0x044D, 0x043D, 0x044D, 0x0441, 0x0443, 0x044D, 0x043B, 0x044C, 0x0441, 0x043A, 0x0456, 0x0445, 0x20, 0x0431, 0x0430, 0x043B, 0x0456, 0x0432, 0x0430, 0x0440, 0x0430, 0x045E));
					if (count != 1) return String(CharArray::of(0x0432, 0x044D, 0x043D, 0x044D, 0x0441, 0x0443, 0x044D, 0x043B, 0x044C, 0x0441, 0x043A, 0x0430, 0x0433, 0x0430, 0x20, 0x0431, 0x0430, 0x043B, 0x0456, 0x0432, 0x0430, 0x0440, 0x0430));
					break;
				case 265:
					if (count == -1) return String(CharArray::of(0x0432, 0x0456, 0x0435, 0x0442, 0x043D, 0x0430, 0x043C, 0x0441, 0x043A, 0x0456, 0x20, 0x0434, 0x043E, 0x043D, 0x0433));
					if (count == 1) return String(CharArray::of(0x0432, 0x0456, 0x0435, 0x0442, 0x043D, 0x0430, 0x043C, 0x0441, 0x043A, 0x0456, 0x20, 0x0434, 0x043E, 0x043D, 0x0433));
					if (count != 1) return String(CharArray::of(0x0432, 0x0456, 0x0435, 0x0442, 0x043D, 0x0430, 0x043C, 0x0441, 0x043A, 0x0456, 0x044F, 0x20, 0x0434, 0x043E, 0x043D, 0x0433, 0x0456));
					if (count != 1) return String(CharArray::of(0x0432, 0x0456, 0x0435, 0x0442, 0x043D, 0x0430, 0x043C, 0x0441, 0x043A, 0x0456, 0x0445, 0x20, 0x0434, 0x043E, 0x043D, 0x0433, 0x0430, 0x045E));
					if (count != 1) return String(CharArray::of(0x0432, 0x0456, 0x0435, 0x0442, 0x043D, 0x0430, 0x043C, 0x0441, 0x043A, 0x0430, 0x0433, 0x0430, 0x20, 0x0434, 0x043E, 0x043D, 0x0433, 0x0430));
					break;
				case 276:
					if (count == -1) return String(CharArray::of(0x0443, 0x0441, 0x0445, 0x043E, 0x0434, 0x043D, 0x0435, 0x043A, 0x0430, 0x0440, 0x044B, 0x0431, 0x0441, 0x043A, 0x0456, 0x20, 0x0434, 0x0430, 0x043B, 0x044F, 0x0440));
					if (count == 1) return String(CharArray::of(0x0443, 0x0441, 0x0445, 0x043E, 0x0434, 0x043D, 0x0435, 0x043A, 0x0430, 0x0440, 0x044B, 0x0431, 0x0441, 0x043A, 0x0456, 0x20, 0x0434, 0x0430, 0x043B, 0x044F, 0x0440));
					if (count != 1) return String(CharArray::of(0x0443, 0x0441, 0x0445, 0x043E, 0x0434, 0x043D, 0x0435, 0x043A, 0x0430, 0x0440, 0x044B, 0x0431, 0x0441, 0x043A, 0x0456, 0x044F, 0x20, 0x0434, 0x0430, 0x043B, 0x044F, 0x0440, 0x044B));
					if (count != 1) return String(CharArray::of(0x0443, 0x0441, 0x0445, 0x043E, 0x0434, 0x043D, 0x0435, 0x043A, 0x0430, 0x0440, 0x044B, 0x0431, 0x0441, 0x043A, 0x0456, 0x0445, 0x20, 0x0434, 0x0430, 0x043B, 0x044F, 0x0440, 0x0430, 0x045E));
					if (count != 1) return String(CharArray::of(0x0443, 0x0441, 0x0445, 0x043E, 0x0434, 0x043D, 0x0435, 0x043A, 0x0430, 0x0440, 0x044B, 0x0431, 0x0441, 0x043A, 0x0430, 0x0433, 0x0430, 0x20, 0x0434, 0x0430, 0x043B, 0x044F, 0x0440, 0x0430));
					break;
				case 284:
					if (count == -1) return String(CharArray::of(0x0444, 0x0440, 0x0430, 0x043D, 0x0446, 0x0443, 0x0441, 0x043A, 0x0456, 0x20, 0x0446, 0x0456, 0x0445, 0x0430, 0x0430, 0x043A, 0x0456, 0x044F, 0x043D, 0x0441, 0x043A, 0x0456, 0x20, 0x0444, 0x0440, 0x0430, 0x043D, 0x043A));
					if (count == 1) return String(CharArray::of(0x0444, 0x0440, 0x0430, 0x043D, 0x0446, 0x0443, 0x0441, 0x043A, 0x0456, 0x20, 0x0446, 0x0456, 0x0445, 0x0430, 0x0430, 0x043A, 0x0456, 0x044F, 0x043D, 0x0441, 0x043A, 0x0456, 0x20, 0x0444, 0x0440, 0x0430, 0x043D, 0x043A));
					if (count != 1) return String(CharArray::of(0x0444, 0x0440, 0x0430, 0x043D, 0x0446, 0x0443, 0x0441, 0x043A, 0x0456, 0x044F, 0x20, 0x0446, 0x0456, 0x0445, 0x0430, 0x0430, 0x043A, 0x0456, 0x044F, 0x043D, 0x0441, 0x043A, 0x0456, 0x044F, 0x20, 0x0444, 0x0440, 0x0430, 0x043D, 0x043A, 0x0456));
					if (count != 1) return String(CharArray::of(0x0444, 0x0440, 0x0430, 0x043D, 0x0446, 0x0443, 0x0441, 0x043A, 0x0456, 0x0445, 0x20, 0x0446, 0x0456, 0x0445, 0x0430, 0x0430, 0x043A, 0x0456, 0x044F, 0x043D, 0x0441, 0x043A, 0x0456, 0x0445, 0x20, 0x0444, 0x0440, 0x0430, 0x043D, 0x043A, 0x0430, 0x045E));
					if (count != 1) return String(CharArray::of(0x0444, 0x0440, 0x0430, 0x043D, 0x0446, 0x0443, 0x0441, 0x043A, 0x0430, 0x0433, 0x0430, 0x20, 0x0446, 0x0456, 0x0445, 0x0430, 0x0430, 0x043A, 0x0456, 0x044F, 0x043D, 0x0441, 0x043A, 0x0430, 0x0433, 0x0430, 0x20, 0x0444, 0x0440, 0x0430, 0x043D, 0x043A, 0x0430));
					break;
				case 292:
					if (count == -1) return String(CharArray::of(0x0435, 0x043C, 0x044D, 0x043D, 0x0441, 0x043A, 0x0456, 0x20, 0x0440, 0x044B, 0x044F, 0x043B));
					if (count == 1) return String(CharArray::of(0x0435, 0x043C, 0x044D, 0x043D, 0x0441, 0x043A, 0x0456, 0x20, 0x0440, 0x044B, 0x044F, 0x043B));
					if (count != 1) return String(CharArray::of(0x0435, 0x043C, 0x044D, 0x043D, 0x0441, 0x043A, 0x0456, 0x044F, 0x20, 0x0440, 0x044B, 0x044F, 0x043B, 0x044B));
					if (count != 1) return String(CharArray::of(0x0435, 0x043C, 0x044D, 0x043D, 0x0441, 0x043A, 0x0456, 0x0445, 0x20, 0x0440, 0x044B, 0x044F, 0x043B, 0x0430, 0x045E));
					if (count != 1) return String(CharArray::of(0x0435, 0x043C, 0x044D, 0x043D, 0x0441, 0x043A, 0x0430, 0x0433, 0x0430, 0x20, 0x0440, 0x044B, 0x044F, 0x043B, 0x0430));
					break;
            default: break;
            }
            return String();
        }
        
        String Be_Tarask::displayUnit(gint unit, gint count) const {
            switch(unit) { 
				case 0: return String(CharArray::of(0x043F, 0x0430, 0x0441, 0x043A, 0x0430, 0x0440, 0x044D, 0x043D, 0x044C, 0x043D, 0x0435, 0x20, 0x0441, 0x0432, 0x0430, 0x0431, 0x043E, 0x0434, 0x043D, 0x0430, 0x0433, 0x0430, 0x20, 0x043F, 0x0430, 0x0434, 0x0437, 0x0435, 0x043D, 0x044C, 0x043D, 0x044F));
				case 1: return String(CharArray::of(0x043C, 0x2F, 0x0441, 0xB2));
				case 6: return String(CharArray::of(0x0430, 0x0431, 0x0430, 0x0440, 0x043E, 0x0442));
				case 2: return String(CharArray::of(0x043A, 0x0443, 0x0442, 0x043D, 0x0456, 0x044F, 0x20, 0x0445, 0x0432, 0x0456, 0x043B, 0x0456, 0x043D, 0x044B));
				case 3: return String(CharArray::of(0x043A, 0x0443, 0x0442, 0x043D, 0x0456, 0x044F, 0x20, 0x0441, 0x044D, 0x043A, 0x0443, 0x043D, 0x0434, 0x044B));
				case 16: return String(CharArray::of(0x043A, 0x0432, 0x0430, 0x0434, 0x0440, 0x0430, 0x0442, 0x043D, 0x044B, 0x044F, 0x20, 0x043A, 0x0456, 0x043B, 0x044F, 0x043C, 0x044D, 0x0442, 0x0440, 0x044B));
				case 11: return String(CharArray::of(0x0433, 0x044D, 0x043A, 0x0442, 0x0430, 0x0440, 0x044B));
				case 17: return String(CharArray::of(0x043A, 0x0432, 0x0430, 0x0434, 0x0440, 0x0430, 0x0442, 0x043D, 0x044B, 0x044F, 0x20, 0x043C, 0x044D, 0x0442, 0x0440, 0x044B));
				case 13: return String(CharArray::of(0x043A, 0x0432, 0x0430, 0x0434, 0x0440, 0x0430, 0x0442, 0x043D, 0x044B, 0x044F, 0x20, 0x0441, 0x0430, 0x043D, 0x0442, 0x044B, 0x043C, 0x044D, 0x0442, 0x0440, 0x044B));
				case 22: return String(CharArray::of(0x043C, 0x0456, 0x043B, 0x0456, 0x0433, 0x0440, 0x0430, 0x043C, 0x20, 0x043D, 0x0430, 0x20, 0x0434, 0x044D, 0x0446, 0x044B, 0x043B, 0x0456, 0x0442, 0x0430, 0x0440));
				case 23: return String(CharArray::of(0x043C, 0x0456, 0x043B, 0x0456, 0x043C, 0x043E, 0x043B, 0x0456, 0x20, 0x043D, 0x0430, 0x20, 0x043B, 0x0456, 0x0442, 0x0430, 0x0440));
				case 25: return String(CharArray::of(0x0430, 0x0434, 0x0441, 0x043E, 0x0442, 0x043A, 0x0430, 0x045E));
				case 31: return String(CharArray::of(0x043B, 0x0456, 0x0442, 0x0430, 0x0440, 0x044B, 0x20, 0x043D, 0x0430, 0x20, 0x043A, 0x0456, 0x043B, 0x044F, 0x043C, 0x044D, 0x0442, 0x0430, 0x0440));
				case 30: return String(CharArray::of(0x043B, 0x0456, 0x0442, 0x0430, 0x0440, 0x044B, 0x20, 0x043D, 0x0430, 0x20, 0x31, 0x30, 0x30, 0x20, 0x043A, 0x0456, 0x043B, 0x044F, 0x043C, 0x044D, 0x0442, 0x0440, 0x0430, 0x045E));
				case 32: return String(CharArray::of(0x043C, 0x0456, 0x043B, 0x0456, 0x20, 0x043D, 0x0430, 0x20, 0x0433, 0x0430, 0x043B, 0x0451, 0x043D));
				case 33: return String(CharArray::of(0x043C, 0x0456, 0x043B, 0x044C, 0x20, 0x043D, 0x0430, 0x20, 0x0456, 0x043C, 0x043F, 0x2E, 0x20, 0x0433, 0x0430, 0x043B, 0x0451, 0x043D));
				case 42: return String(CharArray::of(0x043F, 0x044D, 0x0442, 0x0430, 0x0431, 0x0430, 0x0439, 0x0442, 0x044B));
				case 41: return String(CharArray::of(0x043C, 0x044D, 0x0433, 0x0430, 0x0431, 0x0430, 0x0439, 0x0442, 0x044B));
				case 40: return String(CharArray::of(0x043C, 0x044D, 0x0433, 0x0430, 0x0431, 0x0456, 0x0442, 0x044B));
				case 39: return String(CharArray::of(0x043A, 0x0456, 0x043B, 0x044F, 0x0431, 0x0430, 0x0439, 0x0442, 0x044B));
				case 38: return String(CharArray::of(0x043A, 0x0456, 0x043B, 0x044F, 0x0431, 0x0456, 0x0442, 0x044B));
				case 45: return String(CharArray::of(0x0441, 0x0442, 0x0430, 0x0433, 0x043E, 0x0434, 0x044C, 0x0434, 0x0437, 0x0456));
				case 48: return String(CharArray::of(0x0434, 0x0437, 0x0435, 0x0441, 0x044F, 0x0446, 0x0456, 0x0433, 0x043E, 0x0434, 0x044C, 0x0434, 0x0437, 0x0456));
				case 58: return String(CharArray::of(0x0441, 0x044D, 0x043A, 0x0443, 0x043D, 0x0434, 0x044B));
				case 51: return String(CharArray::of(0x043C, 0x0456, 0x043B, 0x0456, 0x0441, 0x044D, 0x043A, 0x0443, 0x043D, 0x0434, 0x044B));
				case 50: return String(CharArray::of(0x043C, 0x0456, 0x043A, 0x0440, 0x0430, 0x0441, 0x044D, 0x043A, 0x0443, 0x043D, 0x0434, 0x044B));
				case 55: return String(CharArray::of(0x043D, 0x0430, 0x043D, 0x0430, 0x0441, 0x044D, 0x043A, 0x0443, 0x043D, 0x0434, 0x044B));
				case 63: return String(CharArray::of(0x0430, 0x043C, 0x043F, 0x044D, 0x0440, 0x044B));
				case 64: return String(CharArray::of(0x043C, 0x0456, 0x043B, 0x0456, 0x0430, 0x043C, 0x043F, 0x044D, 0x0440, 0x044B));
				case 72: return String(CharArray::of(0x043A, 0x0456, 0x043B, 0x044F, 0x043A, 0x0430, 0x043B, 0x0451, 0x0440, 0x044B, 0x0456));
				case 68: return String(CharArray::of(0x043A, 0x0430, 0x043B, 0x0451, 0x0440, 0x044B, 0x0456));
				case 70: return String(CharArray::of(0x043A, 0x0430, 0x043B, 0x0451, 0x0440, 0x044B, 0x0456));
				case 73: return String(CharArray::of(0x043A, 0x0456, 0x043B, 0x044F, 0x0434, 0x0436, 0x043E, 0x045E, 0x043B, 0x0456));
				case 74: return String(CharArray::of(0x043A, 0x0456, 0x043B, 0x044F, 0x0432, 0x0430, 0x0442, 0x2D, 0x0433, 0x0430, 0x0434, 0x0437, 0x0456, 0x043D, 0x044B));
				case 75: return String(CharArray::of(0x0430, 0x043C, 0x044D, 0x0440, 0x044B, 0x043A, 0x0430, 0x043D, 0x0441, 0x043A, 0x0456, 0x044F, 0x20, 0x0442, 0x044D, 0x0440, 0x043C, 0x044B));
				case 79: return String(CharArray::of(0x0433, 0x0456, 0x0433, 0x0430, 0x0433, 0x044D, 0x0440, 0x0446, 0x044B));
				case 82: return String(CharArray::of(0x043C, 0x044D, 0x0433, 0x0430, 0x0433, 0x044D, 0x0440, 0x0446, 0x044B));
				case 81: return String(CharArray::of(0x043A, 0x0456, 0x043B, 0x044F, 0x0433, 0x044D, 0x0440, 0x0446, 0x044B));
				case 80: return String(CharArray::of(0x0433, 0x044D, 0x0440, 0x0446, 0x044B));
				case 87: return String(CharArray::of(0x043C, 0x044D, 0x0433, 0x0430, 0x043F, 0x0456, 0x043A, 0x0441, 0x044D, 0x043B, 0x0456));
				case 89: return String(CharArray::of(0x043F, 0x0456, 0x043A, 0x0441, 0x044D, 0x043B, 0x0456, 0x20, 0x043D, 0x0430, 0x20, 0x0441, 0x0430, 0x043D, 0x0442, 0x044B, 0x043C, 0x044D, 0x0442, 0x0430, 0x0440));
				case 90: return String(CharArray::of(0x043F, 0x0456, 0x043A, 0x0441, 0x044D, 0x043B, 0x0456, 0x20, 0x043D, 0x0430, 0x20, 0x0446, 0x0430, 0x043B, 0x044E));
				case 84: return String(CharArray::of(0x043A, 0x0440, 0x043E, 0x043F, 0x043A, 0x0456, 0x20, 0x043D, 0x0430, 0x20, 0x0441, 0x0430, 0x043D, 0x0442, 0x044B, 0x043C, 0x044D, 0x0442, 0x0430, 0x0440));
				case 94: return String(CharArray::of(0x0440, 0x0430, 0x0434, 0x044B, 0x044E, 0x0441, 0x20, 0x0417, 0x044F, 0x043C, 0x043B, 0x0456));
				case 101: return String(CharArray::of(0x043A, 0x0456, 0x043B, 0x044F, 0x043C, 0x044D, 0x0442, 0x0440, 0x044B));
				case 103: return String(CharArray::of(0x043C, 0x044D, 0x0442, 0x0440, 0x044B));
				case 93: return String(CharArray::of(0x0434, 0x044D, 0x0446, 0x044B, 0x043C, 0x044D, 0x0442, 0x0440, 0x044B));
				case 92: return String(CharArray::of(0x0441, 0x0430, 0x043D, 0x0442, 0x044B, 0x043C, 0x044D, 0x0442, 0x0440, 0x044B));
				case 107: return String(CharArray::of(0x043C, 0x0456, 0x043B, 0x0456, 0x043C, 0x044D, 0x0442, 0x0440, 0x044B));
				case 104: return String(CharArray::of(0x043C, 0x0456, 0x043A, 0x0440, 0x0430, 0x043C, 0x044D, 0x0442, 0x0440, 0x044B));
				case 108: return String(CharArray::of(0x043D, 0x0430, 0x043D, 0x0430, 0x043C, 0x044D, 0x0442, 0x0440, 0x044B));
				case 111: return String(CharArray::of(0x043F, 0x0456, 0x043A, 0x0430, 0x043C, 0x044D, 0x0442, 0x0440, 0x044B));
				case 110: return String(CharArray::of(0x043F, 0x0430, 0x0440, 0x0441, 0x044D, 0x043A, 0x0456));
				case 102: return String(CharArray::of(0x0441, 0x044C, 0x0432, 0x0435, 0x0442, 0x043B, 0x0430, 0x0432, 0x044B, 0x044F, 0x20, 0x0433, 0x0430, 0x0434, 0x044B));
				case 117: return String(CharArray::of(0x0441, 0x043E, 0x043D, 0x0435, 0x0447, 0x043D, 0x044B, 0x044F, 0x20, 0x0440, 0x0430, 0x0434, 0x044B, 0x044E, 0x0441, 0x044B));
				case 121: return String(CharArray::of(0x043B, 0x044E, 0x043C, 0x044D, 0x043D));
				case 123: return String(CharArray::of(0x0441, 0x043E, 0x043D, 0x0435, 0x0447, 0x043D, 0x044B, 0x044F, 0x20, 0x0441, 0x044C, 0x0432, 0x044F, 0x0446, 0x0456, 0x043B, 0x044C, 0x043D, 0x0430, 0x0441, 0x044C, 0x0446, 0x0456));
				case 130: return String(CharArray::of(0x043A, 0x0456, 0x043B, 0x044F, 0x0433, 0x0440, 0x0430, 0x043C, 0x044B));
				case 138: return String(CharArray::of(0x0430, 0x043C, 0x044D, 0x0440, 0x044B, 0x043A, 0x0430, 0x043D, 0x0441, 0x043A, 0x0456, 0x044F, 0x20, 0x0442, 0x043E, 0x043D, 0x044B));
				case 143: return String(CharArray::of(0x043C, 0x044D, 0x0433, 0x0430, 0x0432, 0x0430, 0x0442, 0x044B));
				case 142: return String(CharArray::of(0x043A, 0x0456, 0x043B, 0x044F, 0x0432, 0x0430, 0x0442, 0x044B));
				case 154: return String(CharArray::of(0x043C, 0x0456, 0x043B, 0x0456, 0x043C, 0x044D, 0x0442, 0x0440, 0x044B, 0x20, 0x0440, 0x0442, 0x0443, 0x0442, 0x043D, 0x0430, 0x0433, 0x0430, 0x20, 0x0441, 0x043B, 0x0443, 0x043F, 0x0430));
				case 146: return String(CharArray::of(0x0430, 0x0442, 0x043C, 0x0430, 0x0441, 0x0444, 0x044D, 0x0440, 0x044B));
				case 149: return String(CharArray::of(0x0433, 0x044D, 0x043A, 0x0442, 0x0430, 0x043F, 0x0430, 0x0441, 0x043A, 0x0430, 0x043B, 0x0456));
				case 151: return String(CharArray::of(0x043A, 0x0456, 0x043B, 0x044F, 0x043F, 0x0430, 0x0441, 0x043A, 0x0430, 0x043B, 0x0456));
				case 152: return String(CharArray::of(0x043C, 0x044D, 0x0433, 0x0430, 0x043F, 0x0430, 0x0441, 0x043A, 0x0430, 0x043B, 0x0456));
				case 158: return String(CharArray::of(0x043A, 0x0456, 0x043B, 0x044F, 0x043C, 0x044D, 0x0442, 0x0440, 0x044B, 0x20, 0x0437, 0x0430, 0x20, 0x0433, 0x0430, 0x0434, 0x0437, 0x0456, 0x043D, 0x0443));
				case 161: return String(CharArray::of(0x043C, 0x044D, 0x0442, 0x0440, 0x044B, 0x20, 0x0437, 0x0430, 0x20, 0x0441, 0x044D, 0x043A, 0x0443, 0x043D, 0x0434, 0x0443));
				case 164: return String(CharArray::of(0x0433, 0x0440, 0x0430, 0x0434, 0x0443, 0x0441, 0x044B, 0x20, 0x0424, 0x0430, 0x0440, 0x044D, 0x043D, 0x0433, 0x0430, 0x0439, 0x0442, 0x0430));
				case 167: return String(CharArray::of(0x043D, 0x044C, 0x044E, 0x0442, 0x0430, 0x043D, 0x2D, 0x043C, 0x044D, 0x0442, 0x0440, 0x044B));
				case 176: return String(CharArray::of(0x043A, 0x0443, 0x0431, 0x0456, 0x0447, 0x043D, 0x044B, 0x044F, 0x20, 0x043A, 0x0456, 0x043B, 0x044F, 0x043C, 0x044D, 0x0442, 0x0440, 0x044B));
				case 177: return String(CharArray::of(0x043A, 0x0443, 0x0431, 0x0456, 0x0447, 0x043D, 0x044B, 0x044F, 0x20, 0x043C, 0x044D, 0x0442, 0x0440, 0x044B));
				case 173: return String(CharArray::of(0x043A, 0x0443, 0x0431, 0x0456, 0x0447, 0x043D, 0x044B, 0x044F, 0x20, 0x0441, 0x0430, 0x043D, 0x0442, 0x044B, 0x043C, 0x044D, 0x0442, 0x0440, 0x044B));
				case 197: return String(CharArray::of(0x043C, 0x044D, 0x0433, 0x0430, 0x043B, 0x0456, 0x0442, 0x0430, 0x0440, 0x044B));
				case 192: return String(CharArray::of(0x0433, 0x044D, 0x043A, 0x0442, 0x0430, 0x043B, 0x0456, 0x0442, 0x0440, 0x044B));
				case 196: return String(CharArray::of(0x043B, 0x0456, 0x0442, 0x0430, 0x0440, 0x044B));
				case 183: return String(CharArray::of(0x0434, 0x044D, 0x0446, 0x044B, 0x043B, 0x0456, 0x0442, 0x0430, 0x0440, 0x044B));
				case 172: return String(CharArray::of(0x0441, 0x0430, 0x043D, 0x0442, 0x044B, 0x043B, 0x0456, 0x0442, 0x0430, 0x0440));
				case 202: return String(CharArray::of(0x043C, 0x044D, 0x0442, 0x0440, 0x044B, 0x0447, 0x043D, 0x044B, 0x044F, 0x20, 0x043F, 0x0456, 0x043D, 0x0442, 0x044B));
				case 182: return String(CharArray::of(0x043C, 0x044D, 0x0442, 0x0440, 0x044B, 0x0447, 0x043D, 0x044B, 0x044F, 0x20, 0x043A, 0x0443, 0x0431, 0x043A, 0x0456));
				case 190: return String(CharArray::of(0x0433, 0x0430, 0x043B, 0x0451, 0x043D, 0x044B));
				case 191: return String(CharArray::of(0x0456, 0x043C, 0x043F, 0x2E, 0x20, 0x0433, 0x0430, 0x043B, 0x0451, 0x043D, 0x044B));
				case 208: return String(CharArray::of(0x0433, 0x0430, 0x0440, 0x0431, 0x0430, 0x0442, 0x043D, 0x044B, 0x044F, 0x20, 0x043B, 0x044B, 0x0436, 0x043A, 0x0456));
				case 184: return String(CharArray::of(0x0434, 0x044D, 0x0441, 0x044D, 0x0440, 0x0442, 0x043D, 0x0430, 0x044F, 0x20, 0x043B, 0x044B, 0x0436, 0x043A, 0x0430));
				case 185: return String(CharArray::of(0x0431, 0x0440, 0x044B, 0x0442, 0x0430, 0x043D, 0x0441, 0x043A, 0x0430, 0x044F, 0x20, 0x0434, 0x044D, 0x0441, 0x044D, 0x0440, 0x0442, 0x043D, 0x0430, 0x044F, 0x20, 0x043B, 0x044B, 0x0436, 0x043A, 0x0430));
				case 187: return String(CharArray::of(0x043A, 0x0440, 0x043E, 0x043F, 0x043B, 0x044F));
				case 186: return String(CharArray::of(0x0434, 0x0440, 0x0430, 0x0445, 0x043C, 0x0430));
				case 193: return String(CharArray::of(0x0434, 0x0436, 0x044B, 0x0433, 0x044D, 0x0440));
				case 200: return String(CharArray::of(0x0434, 0x0440, 0x043E, 0x0431, 0x043A, 0x0430));
				case 204: return String(CharArray::of(0x0431, 0x0440, 0x044B, 0x0442, 0x2E, 0x20, 0x043A, 0x0432, 0x0430, 0x0440, 0x0442, 0x0430));
            default: break;
            }
            return String();
        }
        
        String Be_Tarask::displayShortUnit(gint unit, gint count) const {
            switch(unit) { 
				case 21: return String(CharArray::of(0x043A, 0x0430, 0x0440, 0x20, 0x0437, 0x043E, 0x043B, 0x0430, 0x0442, 0x0430));
				case 26: return String(CharArray::of(0x043F, 0x0440, 0x0430, 0x043C, 0x0456, 0x043B, 0x0435));
				case 48: return String(CharArray::of(0x0434, 0x0437, 0x0435, 0x0441, 0x044F, 0x0446, 0x0456, 0x0433, 0x043E, 0x0434, 0x0437, 0x044C, 0x0434, 0x0437, 0x0435));
				case 59: return String(CharArray::of(0x0442, 0x044B, 0x0434, 0x0437, 0x2E));
				case 46: return String(CharArray::of(0x0441, 0x0443, 0x0442, 0x2E));
				case 49: return String(CharArray::of(0x0433, 0x0430, 0x0434, 0x0437, 0x2E));
				case 52: return String(CharArray::of(0x0445, 0x0432, 0x2E));
				case 58: return String(CharArray::of(0x0441, 0x044D, 0x043A, 0x2E));
				case 50: return String(CharArray::of(0x043C, 0x043A, 0x0441, 0x2E));
				case 55: return String(CharArray::of(0x043D, 0x0441, 0x044D, 0x043A, 0x2E));
				case 88: return String(CharArray::of(0x043F, 0x0456, 0x043A, 0x0441, 0x044D, 0x043B, 0x0456));
				case 89: return String(CharArray::of(0x043F, 0x0456, 0x043A, 0x0441, 0x044D, 0x043B, 0x044C, 0x2F, 0x0441, 0x043C));
				case 90: return String(CharArray::of(0x043F, 0x0456, 0x043A, 0x0441, 0x044D, 0x043B, 0x044C, 0x2F, 0x0446, 0x0430, 0x043B, 0x044E));
				case 85: return String(CharArray::of(0x64, 0x70, 0x69));
				case 96: return String(CharArray::of(0x0444, 0x0443, 0x0442, 0x044B));
				case 98: return String(CharArray::of(0x0446, 0x0430, 0x043B, 0x0456));
				case 110: return String(CharArray::of(0x043F, 0x0441));
				case 102: return String(CharArray::of(0x0441, 0x0432, 0x2E, 0x20, 0x0433, 0x2E));
				case 97: return String(CharArray::of(0x0444, 0x0443, 0x0440, 0x043B, 0x043E, 0x043D, 0x0433, 0x0456));
				case 95: return String(CharArray::of(0x0444, 0x0430, 0x0442, 0x0430, 0x043C, 0x044B));
				case 171: return String(CharArray::of(0x0431, 0x0443, 0x0448, 0x0430, 0x043B, 0x0456));
				case 184: return String(CharArray::of(0x0434, 0x044D, 0x0441, 0x2E, 0x20, 0x043B, 0x2E));
				case 185: return String(CharArray::of(0x0431, 0x0440, 0x044B, 0x0442, 0x2E, 0x20, 0x0434, 0x044D, 0x0441, 0x2E, 0x20, 0x043B, 0x2E));
				case 193: return String(CharArray::of(0x0434, 0x0436, 0x044B, 0x0433, 0x044D, 0x0440));
            default: break;
            }
            return String();
        }
        
        String Be_Tarask::displayNarrowUnit(gint unit, gint count) const {
            switch(unit) { 
				case 59: return String(CharArray::of(0x0442, 0x044B, 0x0434, 0x0437, 0x2E));
				case 46: return String(CharArray::of(0x0441, 0x0443, 0x0442));
				case 49: return String(CharArray::of(0x0433, 0x0430, 0x0434, 0x0437));
				case 52: return String(CharArray::of(0x0445, 0x0432));
				case 58: return String(CharArray::of(0x0441));
				case 88: return String(CharArray::of(0x043F, 0x0456, 0x043A, 0x0441, 0x044D, 0x043B, 0x0456));
				case 89: return String(CharArray::of(0x043F, 0x0456, 0x043A, 0x0441, 0x044D, 0x043B, 0x044C, 0x2F, 0x0441, 0x043C));
				case 90: return String(CharArray::of(0x043F, 0x0456, 0x043A, 0x0441, 0x044D, 0x043B, 0x044C, 0x2F, 0x0446, 0x0430, 0x043B, 0x044E));
            default: break;
            }
            return String();
        }
        
        String Be_Tarask::displayCurrencySymbol(gint currency) const {
            switch(currency) { 
				case 282: return String(CharArray::of(0x43, 0x46, 0x41));
            default: break;
            }
            return String();
        }
            
        String Be_Tarask::quotationStart(gbool alt) const {
            return (alt) ? String() : String() ;
        }
            
        String Be_Tarask::quotationEnd(gbool alt) const {
            return (alt) ? String() : String() ;
        }
            
        String Be_Tarask::decimalSeparator() const {
            return String();
        }
            
        String Be_Tarask::groupSeparator() const {
            return String();
        }
            
        String Be_Tarask::listSeparator() const {
            return String();
        }
            
        String Be_Tarask::plusSign() const {
            return String();
        }
            
        String Be_Tarask::minusSign() const {
            return String();
        }
            
        String Be_Tarask::exponential() const {
            return String();
        }
            
        String Be_Tarask::perMill() const {
            return String();
        }
            
        String Be_Tarask::percent() const {
            return String();
        }
            
        String Be_Tarask::infinity() const {
            return String();
        }
            
        String Be_Tarask::nan() const {
            return String();
        }
            
        String Be_Tarask::superScriptingExponent() const {
            return String();
        }
           
        String Be_Tarask::decimalPattern() const {
            return String();
        }
            
        String Be_Tarask::scientificPattern() const {
            return String();
        }
            
        String Be_Tarask::percentPattern() const {
            return String();
        }
            
        String Be_Tarask::currencyPattern() const {
            return String();
        }

        String Be_Tarask::listPattern(gint type, gint subType) const {
            switch(subType) {
            default: break;
            }
            return String();
        }
            
        String Be_Tarask::posixMessage(gbool yesOrNo) const {
            return (yesOrNo) ? String() : String();
        }
        
        CharArray Be_Tarask::digits() const {
            return CharArray::of(48, 49, 50, 51, 52, 53, 54, 55, 56, 57);
        }
        
        StringArray Be_Tarask::displayDays(gint style, gbool stand_alone) const {
            if (!stand_alone) { // format
                switch(style) {
				case 1: return StringArray::of(String(CharArray::of(0x043F, 0x0430, 0x043D)), String(CharArray::of(0x0430, 0x045E, 0x0442)), String(CharArray::of(0x0441, 0x0435, 0x0440)), String(CharArray::of(0x0447, 0x0430, 0x0446)), String(CharArray::of(0x043F, 0x044F, 0x0442)), String(CharArray::of(0x0441, 0x0443, 0x0431)), String(CharArray::of(0x043D, 0x044F, 0x0434)));
				case 0: return StringArray::of(String(), String(), String(), String(CharArray::of(0x0447, 0x0430, 0x0446, 0x044C, 0x0432, 0x0435, 0x0440)), String(), String(), String());
                default: break;
                }
            } else {
                switch(style) {
                default: break;
                }
            }
            return StringArray();
        }
        
        StringArray Be_Tarask::displayMonths(gint style, gbool stand_alone) const {
            if (!stand_alone) { // format
                switch(style) {
				case 1: return StringArray::of(String(), String(), String(), String(), String(CharArray::of(0x0442, 0x0440, 0x0430)), String(), String(), String(), String(), String(), String(), String(CharArray::of(0x0441, 0x044C, 0x043D)));
				case 0: return StringArray::of(String(), String(), String(), String(), String(CharArray::of(0x0442, 0x0440, 0x0430, 0x045E, 0x043D, 0x044F)), String(), String(), String(), String(CharArray::of(0x0432, 0x0435, 0x0440, 0x0430, 0x0441, 0x044C, 0x043D, 0x044F)), String(), String(), String(CharArray::of(0x0441, 0x044C, 0x043D, 0x0435, 0x0436, 0x043D, 0x044F)));
                default: break;
                }
            } else {
                switch(style) {
				case 1: return StringArray::of(String(), String(), String(), String(), String(CharArray::of(0x0442, 0x0440, 0x0430)), String(), String(), String(), String(), String(), String(), String());
				case 2: return StringArray::of(String(), String(), String(), String(), String(CharArray::of(0x0442)), String(), String(), String(), String(), String(), String(), String());
				case 0: return StringArray::of(String(), String(), String(), String(), String(CharArray::of(0x0442, 0x0440, 0x0430, 0x0432, 0x0435, 0x043D, 0x044C)), String(), String(), String(), String(), String(), String(), String(CharArray::of(0x0441, 0x044C, 0x043D, 0x0435, 0x0436, 0x0430, 0x043D, 0x044C)));
                default: break;
                }
            }
            return StringArray();
        }
        
        StringArray Be_Tarask::displayQuarters(gint style, gbool stand_alone) const {
            if (!stand_alone) { // format
                switch(style) {
                default: break;
                }
            } else {
                switch(style) {
                default: break;
                }
            }
            return StringArray();
        }
        
        StringArray Be_Tarask::displayDayPeriods(gint style, gbool stand_alone) const {
            if (!stand_alone) { // format
                switch(style) {
				case 1: return StringArray::of(String(), String(CharArray::of(0x0430, 0x043F, 0x043E, 0x045E, 0x043D, 0x0430, 0x0447, 0x044B)), String(), String(CharArray::of(0x0430, 0x043F, 0x043E, 0x045E, 0x0434, 0x043D, 0x0456)), String(), String(), String(), String());
				case 2: return StringArray::of(String(), String(CharArray::of(0x0430, 0x043F, 0x043D)), String(), String(CharArray::of(0x0430, 0x043F, 0x0434)), String(), String(), String(), String());
                default: break;
                }
            } else {
                switch(style) {
				case 2: return StringArray::of(String(), String(CharArray::of(0x0430, 0x043F, 0x043D)), String(), String(CharArray::of(0x0430, 0x043F, 0x0434)), String(), String(), String(), String());
                default: break;
                }
            }
            return StringArray();
        }
        
        StringArray Be_Tarask::displayEras(gint style, gbool stand_alone) const {
            if (!stand_alone) { // format
                switch(style) {
                default: break;
                }
            } else {
                switch(style) {
                default: break;
                }
            }
            return StringArray();
        }
        
        String Be_Tarask::datePattern(gint style) const {
            switch(style) {
				case 2: return String(CharArray::of(0x64, 0x2E, 0x4D, 0x4D, 0x2E, 0x79));
            default: break;
            }
            return String();
        }
        
        String Be_Tarask::timePattern(gint style) const {
            switch(style) {
            default: break;
            }
            return String();
        }
        
        String Be_Tarask::datetimePattern(gint style) const {
            switch(style) {
            default: break;
            }
            return String();
        }
        
        String Be_Tarask::displayTimezone(gint tz, gint style) const {
            switch(tz) {
				case 422: 
					if (style == 1) return String(CharArray::of(0x0443, 0x043D, 0x0456, 0x0432, 0x044D, 0x0440, 0x0441, 0x0430, 0x043B, 0x044C, 0x043D, 0x044B, 0x20, 0x043A, 0x0430, 0x0430, 0x0440, 0x0434, 0x044B, 0x043D, 0x0430, 0x0432, 0x0430, 0x043D, 0x044B, 0x20, 0x0447, 0x0430, 0x0441));
					break;
				case 228: 
					if (style == 6) return String(CharArray::of(0x041F, 0x0430, 0x043B, 0x043C, 0x044D, 0x0440));
					break;
				case 226: 
					if (style == 6) return String(CharArray::of(0x041C, 0x043E, 0x0441, 0x044D, 0x043D));
					break;
				case 233: 
					if (style == 6) return String(CharArray::of(0x0423, 0x0441, 0x0445, 0x043E, 0x0434));
					break;
				case 227: 
					if (style == 6) return String(CharArray::of(0x041C, 0x0430, 0x043A, 0x2D, 0x041C, 0x044D, 0x0440, 0x0434, 0x0430));
					break;
				case 157: 
					if (style == 6) return String(CharArray::of(0x041C, 0x044D, 0x043D, 0x0434, 0x043E, 0x0441, 0x0430));
					break;
				case 64: 
					if (style == 6) return String(CharArray::of(0x0420, 0x044B, 0x0451, 0x0445, 0x0430));
					break;
				case 69: 
					if (style == 6) return String(CharArray::of(0x0421, 0x0430, 0x043D, 0x2D, 0x041B, 0x044E, 0x0456, 0x0441));
					break;
				case 361: 
					if (style == 6) return String(CharArray::of(0x041F, 0x044D, 0x0440, 0x0442));
					break;
				case 349: 
					if (style == 6) return String(CharArray::of(0x0411, 0x0440, 0x043E, 0x043A, 0x044D, 0x043D, 0x2D, 0x0425, 0x0456, 0x043B));
					break;
				case 358: 
					if (style == 6) return String(CharArray::of(0x041C, 0x044D, 0x043B, 0x044C, 0x0431, 0x0443, 0x0440, 0x043D));
					break;
				case 364: 
					if (style == 6) return String(CharArray::of(0x0421, 0x0456, 0x0434, 0x043D, 0x044D, 0x0439));
					break;
				case 348: 
					if (style == 6) return String(CharArray::of(0x0411, 0x0440, 0x044B, 0x0441, 0x0431, 0x044D, 0x043D));
					break;
				case 357: 
					if (style == 6) return String(CharArray::of(0x041B, 0x043E, 0x0440, 0x0434, 0x2D, 0x0413, 0x0430, 0x045E));
					break;
				case 433: 
					if (style == 6) return String(CharArray::of(0x0411, 0x0440, 0x0443, 0x0441, 0x044D, 0x043B, 0x044C));
					break;
				case 203: 
					if (style == 6) return String(CharArray::of(0x0421, 0x044D, 0x043D, 0x2D, 0x0411, 0x0430, 0x0440, 0x0442, 0x044D, 0x043B, 0x044C, 0x043C, 0x0456));
					break;
				case 335: 
					if (style == 6) return String(CharArray::of(0x0411, 0x044D, 0x0440, 0x043C, 0x0443, 0x0434, 0x0437, 0x043A, 0x0456, 0x044F, 0x20, 0x0430, 0x0441, 0x0442, 0x0440, 0x0430, 0x0432, 0x044B));
					break;
				case 251: 
					if (style == 6) return String(CharArray::of(0x0411, 0x0440, 0x0443, 0x043D, 0x044D, 0x0439));
					break;
				case 144: 
					if (style == 6) return String(CharArray::of(0x041A, 0x0440, 0x0430, 0x043B, 0x044D, 0x043D, 0x0434, 0x044D, 0x0439, 0x043A));
					break;
				case 193: 
					if (style == 6) return String(CharArray::of(0x0420, 0x044B, 0x045E, 0x2D, 0x0411, 0x0440, 0x0430, 0x043D, 0x043A, 0x0443));
					break;
				case 185: 
					if (style == 6) return String(CharArray::of(0x041F, 0x043E, 0x0440, 0x0442, 0x0443, 0x2D, 0x0412, 0x044D, 0x043B, 0x044C, 0x044E));
					break;
				case 196: 
					if (style == 6) return String(CharArray::of(0x0421, 0x0430, 0x043D, 0x0442, 0x0430, 0x0440, 0x044D, 0x0439));
					break;
				case 79: 
					if (style == 6) return String(CharArray::of(0x0411, 0x0435, 0x043B, 0x0435, 0x0439));
					break;
				case 457: 
					if (style == 6) return String(CharArray::of(0x041C, 0x0435, 0x043D, 0x0441, 0x043A));
					break;
				case 80: 
					if (style == 6) return String(CharArray::of(0x0411, 0x044D, 0x043B, 0x0456, 0x0437));
					break;
				case 218: 
					if (style == 6) return String(CharArray::of(0x040E, 0x0430, 0x0439, 0x0442, 0x0445, 0x043E, 0x0440, 0x0441));
					break;
				case 216: 
					if (style == 6) return String(CharArray::of(0x0412, 0x0430, 0x043D, 0x043A, 0x0443, 0x0432, 0x044D, 0x0440));
					break;
				case 112: 
					if (style == 6) return String(CharArray::of(0x0424, 0x043E, 0x0440, 0x0442, 0x2D, 0x041D, 0x044D, 0x043B, 0x044C, 0x0441, 0x0430, 0x043D));
					break;
				case 209: 
					if (style == 6) return String(CharArray::of(0x0421, 0x044C, 0x0432, 0x0456, 0x0444, 0x0442, 0x2D, 0x041A, 0x0430, 0x0440, 0x044D, 0x043D, 0x0442));
					break;
				case 86: 
					if (style == 6) return String(CharArray::of(0x041A, 0x0435, 0x043C, 0x0431, 0x0440, 0x044B, 0x0434, 0x0436, 0x2D, 0x0411, 0x044D, 0x0439));
					break;
				case 219: 
					if (style == 6) return String(CharArray::of(0x0412, 0x0456, 0x043D, 0x0456, 0x043F, 0x044D, 0x0433));
					break;
				case 189: 
					if (style == 6) return String(CharArray::of(0x0420, 0x0430, 0x043D, 0x043A, 0x0456, 0x043D, 0x2D, 0x0406, 0x043D, 0x043B, 0x044D, 0x0442));
					break;
				case 81: 
					if (style == 6) return String(CharArray::of(0x0411, 0x043B, 0x044F, 0x043D, 0x043A, 0x2D, 0x0421, 0x0430, 0x0431, 0x043B, 0x0451, 0x043D));
					break;
				case 204: 
					if (style == 6) return String(CharArray::of(0x0421, 0x044D, 0x043D, 0x0442, 0x2D, 0x0414, 0x0436, 0x043E, 0x043D, 0x0441));
					break;
				case 528: 
					if (style == 6) return String(CharArray::of(0x0412, 0x043E, 0x0441, 0x0442, 0x0440, 0x0430, 0x045E, 0x20, 0x041F, 0x0430, 0x0441, 0x0445, 0x0456));
					break;
				case 337: 
					if (style == 6) return String(CharArray::of(0x041A, 0x0430, 0x0431, 0x0430, 0x2D, 0x0412, 0x044D, 0x0440, 0x0434, 0x044D));
					break;
				case 101: 
					if (style == 6) return String(CharArray::of(0x041A, 0x044E, 0x0440, 0x0430, 0x0441, 0x0430, 0x043E));
					break;
				case 498: 
					if (style == 6) return String(CharArray::of(0x0412, 0x043E, 0x0441, 0x0442, 0x0440, 0x0430, 0x045E, 0x20, 0x0420, 0x0430, 0x0441, 0x0442, 0x0432, 0x0430));
					break;
				case 431: 
					if (style == 6) return String(CharArray::of(0x0411, 0x044D, 0x0440, 0x043B, 0x0456, 0x043D));
					break;
				case 438: 
					if (style == 6) return String(CharArray::of(0x041A, 0x0430, 0x043F, 0x044D, 0x043D, 0x0433, 0x0430, 0x0433, 0x0435, 0x043D));
					break;
				case 3: 
					if (style == 6) return String(CharArray::of(0x0410, 0x043B, 0x044C, 0x0436, 0x044B, 0x0440));
					break;
				case 534: 
					if (style == 6) return String(CharArray::of(0x0413, 0x0430, 0x043B, 0x044F, 0x043F, 0x0430, 0x0433, 0x0430, 0x0441));
					break;
				case 15: 
					if (style == 6) return String(CharArray::of(0x0421, 0x044D, 0x045E, 0x0442, 0x0430));
					break;
				case 2: 
					if (style == 6) return String(CharArray::of(0x0410, 0x0434, 0x044B, 0x0441, 0x2D, 0x0410, 0x0431, 0x044D, 0x0431, 0x0430));
					break;
				case 442: 
					if (style == 6) return String(CharArray::of(0x0425, 0x044D, 0x043B, 0x044C, 0x0441, 0x044B, 0x043D, 0x043A, 0x0456));
					break;
				case 555: 
					if (style == 6) return String(CharArray::of(0x041F, 0x0430, 0x043D, 0x043F, 0x044D, 0x0456));
					break;
				case 542: 
					if (style == 6) return String(CharArray::of(0x041A, 0x0430, 0x0441, 0x0440, 0x0430, 0x044D));
					break;
				case 452: 
					if (style == 6) return String(CharArray::of(0x041B, 0x0451, 0x043D, 0x0434, 0x0430, 0x043D));
					break;
				case 91: 
					if (style == 6) return String(CharArray::of(0x041A, 0x0430, 0x044D, 0x043D, 0x0430));
					break;
				case 440: 
					if (style == 6) return String(CharArray::of(0x0413, 0x0456, 0x0431, 0x0440, 0x0430, 0x043B, 0x044C, 0x0442, 0x0430, 0x0440));
					break;
				case 211: 
					if (style == 6) return String(CharArray::of(0x0422, 0x0443, 0x043B, 0x044D));
					break;
				case 16: 
					if (style == 6) return String(CharArray::of(0x041A, 0x0430, 0x043D, 0x0430, 0x043A, 0x0440, 0x044B));
					break;
				case 120: 
					if (style == 6) return String(CharArray::of(0x0413, 0x0432, 0x0430, 0x0434, 0x044D, 0x043B, 0x044E, 0x043F, 0x0430));
					break;
				case 37: 
					if (style == 6) return String(CharArray::of(0x041C, 0x0430, 0x043B, 0x044F, 0x0431, 0x0430));
					break;
				case 428: 
					if (style == 6) return String(CharArray::of(0x0410, 0x0442, 0x044D, 0x043D, 0x044B));
					break;
				case 9: 
					if (style == 6) return String(CharArray::of(0x0411, 0x0456, 0x0441, 0x0430, 0x045E));
					break;
				case 435: 
					if (style == 6) return String(CharArray::of(0x0411, 0x0443, 0x0434, 0x0430, 0x043F, 0x044D, 0x0448, 0x0442));
					break;
				case 439: 
					if (style == 2) return String(CharArray::of(0x0406, 0x0440, 0x043B, 0x044F, 0x043D, 0x0434, 0x0437, 0x043A, 0x0456, 0x20, 0x0437, 0x043C, 0x043E, 0x045E, 0x0447, 0x043D, 0x044B, 0x20, 0x0447, 0x0430, 0x0441));
					break;
				case 275: 
					if (style == 6) return String(CharArray::of(0x0415, 0x0440, 0x0443, 0x0441, 0x0430, 0x043B, 0x0456, 0x043C));
					break;
				case 445: 
					if (style == 6) return String(CharArray::of(0x0414, 0x0436, 0x044D, 0x0440, 0x0437, 0x0456));
					break;
				case 321: 
					if (style == 6) return String(CharArray::of(0x0422, 0x043E, 0x043A, 0x0456, 0x0451));
					break;
				case 299: 
					if (style == 6) return String(CharArray::of(0x041F, 0x043D, 0x0430, 0x043C, 0x043F, 0x044D, 0x043D, 0x044C));
					break;
				case 530: 
					if (style == 6) return String(CharArray::of(0x042D, 0x043D, 0x0434, 0x044D, 0x0440, 0x0431, 0x044D, 0x0440, 0x044B));
					break;
				case 205: 
					if (style == 6) return String(CharArray::of(0x0421, 0x044D, 0x043D, 0x0442, 0x2D, 0x041A, 0x0456, 0x0442, 0x0441));
					break;
				case 301: 
					if (style == 6) return String(CharArray::of(0x041F, 0x0445, 0x044D, 0x043D, 0x044C, 0x044F, 0x043D));
					break;
				case 310: 
					if (style == 6) return String(CharArray::of(0x0421, 0x044D, 0x0443, 0x043B));
					break;
				case 287: 
					if (style == 6) return String(CharArray::of(0x041A, 0x0443, 0x0432, 0x044D, 0x0439, 0x0442));
					break;
				case 239: 
					if (style == 6) return String(CharArray::of(0x0410, 0x043A, 0x0442, 0x0430, 0x045E));
					break;
				case 243: 
					if (style == 6) return String(CharArray::of(0x0410, 0x0442, 0x044B, 0x0440, 0x0430, 0x045E));
					break;
				case 304: 
					if (style == 6) return String(CharArray::of(0x041A, 0x044B, 0x0437, 0x044B, 0x043B, 0x0430, 0x0440, 0x0434, 0x0430));
					break;
				case 328: 
					if (style == 6) return String(CharArray::of(0x0412, 0x0456, 0x0435, 0x043D, 0x0442, 0x2019, 0x044F, 0x043D));
					break;
				case 249: 
					if (style == 6) return String(CharArray::of(0x0411, 0x044D, 0x0439, 0x0440, 0x0443, 0x0442));
					break;
				case 206: 
					if (style == 6) return String(CharArray::of(0x0421, 0x044D, 0x043D, 0x0442, 0x2D, 0x041B, 0x044E, 0x0441, 0x0456, 0x044F));
					break;
				case 39: 
					if (style == 6) return String(CharArray::of(0x041C, 0x0430, 0x0441, 0x044D, 0x0440, 0x0443));
					break;
				case 453: 
					if (style == 6) return String(CharArray::of(0x041B, 0x044E, 0x043A, 0x0441, 0x044D, 0x043C, 0x0431, 0x0443, 0x0440, 0x0433));
					break;
				case 14: 
					if (style == 6) return String(CharArray::of(0x041A, 0x0430, 0x0441, 0x0430, 0x0431, 0x043B, 0x044F, 0x043D, 0x043A, 0x0430));
					break;
				case 543: 
					if (style == 6) return String(CharArray::of(0x041A, 0x0432, 0x0430, 0x0434, 0x0436, 0x0430, 0x043B, 0x044D, 0x0439, 0x043D));
					break;
				case 289: 
					if (style == 6) return String(CharArray::of(0x041C, 0x0430, 0x043A, 0x0430, 0x043E));
					break;
				case 154: 
					if (style == 6) return String(CharArray::of(0x041C, 0x0430, 0x0440, 0x0442, 0x044B, 0x043D, 0x0456, 0x043A, 0x0430));
					break;
				case 167: 
					if (style == 6) return String(CharArray::of(0x041C, 0x0430, 0x043D, 0x0441, 0x044D, 0x0440, 0x0430, 0x0442));
					break;
				case 161: 
					if (style == 6) return String(CharArray::of(0x041C, 0x044D, 0x0445, 0x0456, 0x043A, 0x0430));
					break;
				case 159: 
					if (style == 6) return String(CharArray::of(0x041C, 0x044D, 0x0440, 0x044B, 0x0434, 0x0430));
					break;
				case 53: 
					if (style == 6) return String(CharArray::of(0x040E, 0x0456, 0x043D, 0x0434, 0x0433, 0x0443, 0x043A));
					break;
				case 45: 
					if (style == 6) return String(CharArray::of(0x041D, 0x0456, 0x044F, 0x043C, 0x044D, 0x0456));
					break;
				case 461: 
					if (style == 6) return String(CharArray::of(0x041E, 0x0441, 0x044C, 0x043B, 0x0451));
					break;
				case 548: 
					if (style == 6) return String(CharArray::of(0x041D, 0x0456, 0x045E, 0x044D));
					break;
				case 524: 
					if (style == 6) return String(CharArray::of(0x041E, 0x043A, 0x043B, 0x044D, 0x043D, 0x0434));
					break;
				case 545: 
					if (style == 6) return String(CharArray::of(0x041C, 0x0430, 0x0440, 0x043A, 0x0456, 0x0441, 0x043A, 0x0456, 0x044F, 0x20, 0x0430, 0x0441, 0x0442, 0x0440, 0x0430, 0x0432, 0x044B));
					break;
				case 525: 
					if (style == 6) return String(CharArray::of(0x0411, 0x0443, 0x0433, 0x044D, 0x043D, 0x0432, 0x0456, 0x043B, 0x044C));
					break;
				case 162: 
					if (style == 6) return String(CharArray::of(0x041C, 0x0456, 0x043A, 0x0435, 0x043B, 0x0451, 0x043D));
					break;
				case 267: 
					if (style == 6) return String(CharArray::of(0x0425, 0x044D, 0x045E, 0x0440, 0x043E, 0x043D));
					break;
				case 552: 
					if (style == 6) return String(CharArray::of(0x041F, 0x0430, 0x043B, 0x0430, 0x045E));
					break;
				case 296: 
					if (style == 6) return String(CharArray::of(0x041D, 0x043E, 0x0432, 0x0430, 0x0441, 0x044B, 0x0431, 0x0456, 0x0440, 0x0441, 0x043A));
					break;
				case 248: 
					if (style == 6) return String(CharArray::of(0x0411, 0x0430, 0x0440, 0x043D, 0x0430, 0x0432, 0x0443, 0x043B));
					break;
				case 295: 
					if (style == 6) return String(CharArray::of(0x041D, 0x043E, 0x0432, 0x0430, 0x043A, 0x0443, 0x0437, 0x044C, 0x043D, 0x0435, 0x0446, 0x043A));
					break;
				case 306: 
					if (style == 6) return String(CharArray::of(0x0420, 0x044B, 0x044F, 0x0434));
					break;
				case 312: 
					if (style == 6) return String(CharArray::of(0x0421, 0x044B, 0x043D, 0x0433, 0x0430, 0x043F, 0x0443, 0x0440));
					break;
				case 344: 
					if (style == 6) return String(CharArray::of(0x0412, 0x043E, 0x0441, 0x0442, 0x0440, 0x0430, 0x045E, 0x20, 0x0421, 0x044C, 0x0432, 0x044F, 0x0442, 0x0430, 0x044F, 0x20, 0x0413, 0x044D, 0x043B, 0x0435, 0x043D, 0x0430));
					break;
				case 501: 
					if (style == 6) return String(CharArray::of(0x041A, 0x044D, 0x0440, 0x0433, 0x044D, 0x043B, 0x0435, 0x043D));
					break;
				case 33: 
					if (style == 6) return String(CharArray::of(0x041B, 0x044F, 0x043C, 0x044D));
					break;
				case 183: 
					if (style == 6) return String(CharArray::of(0x041F, 0x043E, 0x0440, 0x0442, 0x2D, 0x043E, 0x0444, 0x2D, 0x0421, 0x043F, 0x044D, 0x0439, 0x043D));
					break;
				case 471: 
					if (style == 6) return String(CharArray::of(0x0421, 0x044B, 0x043C, 0x0444, 0x044D, 0x0440, 0x043E, 0x043F, 0x0430, 0x043B, 0x044C));
					break;
				case 546: 
					if (style == 6) return String(CharArray::of(0x041C, 0x0456, 0x0434, 0x045E, 0x044D, 0x0439));
					break;
				case 564: 
					if (style == 6) return String(CharArray::of(0x040E, 0x044D, 0x0439, 0x043A));
					break;
				case 160: 
					if (style == 6) return String(CharArray::of(0x041C, 0x044D, 0x0442, 0x043B, 0x0430, 0x043A, 0x0430, 0x0442, 0x043B, 0x0430));
					break;
				case 174: 
					if (style == 6) return String(CharArray::of(0x0421, 0x044D, 0x043D, 0x0442, 0x044D, 0x0440, 0x2C, 0x20, 0x041F, 0x0430, 0x045E, 0x043D, 0x043E, 0x0447, 0x043D, 0x0430, 0x044F, 0x20, 0x0414, 0x0430, 0x043A, 0x043E, 0x0442, 0x0430));
					break;
				case 158: 
					if (style == 6) return String(CharArray::of(0x041C, 0x044D, 0x043D, 0x043E, 0x043C, 0x0456, 0x043D, 0x0456));
					break;
				case 133: 
					if (style == 6) return String(CharArray::of(0x0412, 0x0456, 0x043D, 0x0441, 0x044D, 0x043D, 0x0441, 0x2C, 0x20, 0x0406, 0x043D, 0x0434, 0x044B, 0x044F, 0x043D, 0x0430));
					break;
				case 130: 
					if (style == 6) return String(CharArray::of(0x041F, 0x0456, 0x0442, 0x044D, 0x0440, 0x0441, 0x0431, 0x044D, 0x0440, 0x0433, 0x2C, 0x20, 0x0406, 0x043D, 0x0434, 0x044B, 0x044F, 0x043D, 0x0430));
					break;
				case 134: 
					if (style == 6) return String(CharArray::of(0x040E, 0x0456, 0x043D, 0x0430, 0x043C, 0x0430, 0x043A, 0x2C, 0x20, 0x0406, 0x043D, 0x0434, 0x044B, 0x044F, 0x043D, 0x0430));
					break;
				case 142: 
					if (style == 6) return String(CharArray::of(0x041C, 0x0430, 0x043D, 0x0442, 0x044B, 0x0441, 0x044D, 0x043B, 0x0430, 0x2C, 0x20, 0x041A, 0x0435, 0x043D, 0x0442, 0x0443, 0x043A, 0x0456));
					break;
				case 165: 
					if (style == 6) return String(CharArray::of(0x041C, 0x0430, 0x043D, 0x0442, 0x044D, 0x0432, 0x0456, 0x0434, 0x044D, 0x043E));
					break;
				case 208: 
					if (style == 6) return String(CharArray::of(0x0421, 0x044D, 0x043D, 0x0442, 0x2D, 0x0412, 0x0456, 0x043D, 0x0441, 0x044D, 0x043D, 0x0442));
					break;
				case 207: 
					if (style == 6) return String(CharArray::of(0x0421, 0x044D, 0x043D, 0x0442, 0x2D, 0x0422, 0x043E, 0x043C, 0x0430, 0x0441));
					break;
				case 565: 
					if (style == 6) return String(CharArray::of(0x040E, 0x043E, 0x043B, 0x0456, 0x0441));
					break;
            default: break;
            }
            return String();
        }
        
        String Be_Tarask::displayGlobalTimezone(gint tz, gint style) const {
            switch(tz) {
				case 1: 
				if (style == 1) return String(CharArray::of(0x0410, 0x045E, 0x0433, 0x0430, 0x043D, 0x0456, 0x0441, 0x0442, 0x0430, 0x043D, 0x0441, 0x043A, 0x0456, 0x20, 0x0447, 0x0430, 0x0441));
					break;
				case 5: 
				if (style == 1) return String(CharArray::of(0x0417, 0x0430, 0x0445, 0x043E, 0x0434, 0x043D, 0x0435, 0x0430, 0x0444, 0x0440, 0x044B, 0x043A, 0x0430, 0x043D, 0x0441, 0x043A, 0x0456, 0x20, 0x0437, 0x043C, 0x043E, 0x045E, 0x0447, 0x043D, 0x044B, 0x20, 0x0447, 0x0430, 0x0441));
					break;
				case 6: 
				if (style == 1) return String(CharArray::of(0x0417, 0x043C, 0x043E, 0x045E, 0x0447, 0x043D, 0x044B, 0x20, 0x0447, 0x0430, 0x0441, 0x20, 0x0410, 0x043B, 0x044F, 0x0441, 0x043A, 0x0456));
					break;
				case 8: 
				if (style == 1) return String(CharArray::of(0x0410, 0x043C, 0x0430, 0x0437, 0x043E, 0x043D, 0x0441, 0x043A, 0x0456, 0x20, 0x0437, 0x043C, 0x043E, 0x045E, 0x0447, 0x043D, 0x044B, 0x20, 0x0447, 0x0430, 0x0441));
					break;
				case 9: 
				if (style == 0) return String(CharArray::of(0x041F, 0x0430, 0x045E, 0x043D, 0x043E, 0x0447, 0x043D, 0x0430, 0x0430, 0x043C, 0x044D, 0x0440, 0x044B, 0x043A, 0x0430, 0x043D, 0x0441, 0x043A, 0x0456, 0x20, 0x0446, 0x044D, 0x043D, 0x0442, 0x0440, 0x0430, 0x043B, 0x044C, 0x043D, 0x044B, 0x20, 0x0447, 0x0430, 0x0441));
				if (style == 1) return String(CharArray::of(0x041F, 0x0430, 0x045E, 0x043D, 0x043E, 0x0447, 0x043D, 0x0430, 0x0430, 0x043C, 0x044D, 0x0440, 0x044B, 0x043A, 0x0430, 0x043D, 0x0441, 0x043A, 0x0456, 0x20, 0x0446, 0x044D, 0x043D, 0x0442, 0x0440, 0x0430, 0x043B, 0x044C, 0x043D, 0x044B, 0x20, 0x0437, 0x043C, 0x043E, 0x045E, 0x0447, 0x043D, 0x044B, 0x20, 0x0447, 0x0430, 0x0441));
				if (style == 2) return String(CharArray::of(0x041F, 0x0430, 0x045E, 0x043D, 0x043E, 0x0447, 0x043D, 0x0430, 0x0430, 0x043C, 0x044D, 0x0440, 0x044B, 0x043A, 0x0430, 0x043D, 0x0441, 0x043A, 0x0456, 0x20, 0x0446, 0x044D, 0x043D, 0x0442, 0x0440, 0x0430, 0x043B, 0x044C, 0x043D, 0x044B, 0x20, 0x043B, 0x0435, 0x0442, 0x043D, 0x0456, 0x20, 0x0447, 0x0430, 0x0441));
					break;
				case 10: 
				if (style == 0) return String(CharArray::of(0x041F, 0x0430, 0x045E, 0x043D, 0x043E, 0x0447, 0x043D, 0x0430, 0x0430, 0x043C, 0x044D, 0x0440, 0x044B, 0x043A, 0x0430, 0x043D, 0x0441, 0x043A, 0x0456, 0x20, 0x045E, 0x0441, 0x0445, 0x043E, 0x0434, 0x043D, 0x0456, 0x20, 0x0447, 0x0430, 0x0441));
				if (style == 1) return String(CharArray::of(0x041F, 0x0430, 0x045E, 0x043D, 0x043E, 0x0447, 0x043D, 0x0430, 0x0430, 0x043C, 0x044D, 0x0440, 0x044B, 0x043A, 0x0430, 0x043D, 0x0441, 0x043A, 0x0456, 0x20, 0x045E, 0x0441, 0x0445, 0x043E, 0x0434, 0x043D, 0x0456, 0x20, 0x0437, 0x043C, 0x043E, 0x045E, 0x0447, 0x043D, 0x044B, 0x20, 0x0447, 0x0430, 0x0441));
				if (style == 2) return String(CharArray::of(0x041F, 0x0430, 0x045E, 0x043D, 0x043E, 0x0447, 0x043D, 0x0430, 0x0430, 0x043C, 0x044D, 0x0440, 0x044B, 0x043A, 0x0430, 0x043D, 0x0441, 0x043A, 0x0456, 0x20, 0x045E, 0x0441, 0x0445, 0x043E, 0x0434, 0x043D, 0x0456, 0x20, 0x043B, 0x0435, 0x0442, 0x043D, 0x0456, 0x20, 0x0447, 0x0430, 0x0441));
					break;
				case 11: 
				if (style == 0) return String(CharArray::of(0x041F, 0x0430, 0x045E, 0x043D, 0x043E, 0x0447, 0x043D, 0x0430, 0x0430, 0x043C, 0x044D, 0x0440, 0x044B, 0x043A, 0x0430, 0x043D, 0x0441, 0x043A, 0x0456, 0x20, 0x0433, 0x043E, 0x0440, 0x043D, 0x044B, 0x20, 0x0447, 0x0430, 0x0441));
				if (style == 1) return String(CharArray::of(0x041F, 0x0430, 0x045E, 0x043D, 0x043E, 0x0447, 0x043D, 0x0430, 0x0430, 0x043C, 0x044D, 0x0440, 0x044B, 0x043A, 0x0430, 0x043D, 0x0441, 0x043A, 0x0456, 0x20, 0x0433, 0x043E, 0x0440, 0x043D, 0x044B, 0x20, 0x0437, 0x043C, 0x043E, 0x045E, 0x0447, 0x043D, 0x044B, 0x20, 0x0447, 0x0430, 0x0441));
				if (style == 2) return String(CharArray::of(0x041F, 0x0430, 0x045E, 0x043D, 0x043E, 0x0447, 0x043D, 0x0430, 0x0430, 0x043C, 0x044D, 0x0440, 0x044B, 0x043A, 0x0430, 0x043D, 0x0441, 0x043A, 0x0456, 0x20, 0x0433, 0x043E, 0x0440, 0x043D, 0x044B, 0x20, 0x043B, 0x0435, 0x0442, 0x043D, 0x0456, 0x20, 0x0447, 0x0430, 0x0441));
					break;
				case 12: 
				if (style == 1) return String(CharArray::of(0x0426, 0x0456, 0x0445, 0x0430, 0x0430, 0x043A, 0x0456, 0x044F, 0x043D, 0x0441, 0x043A, 0x0456, 0x20, 0x0437, 0x043C, 0x043E, 0x045E, 0x0447, 0x043D, 0x044B, 0x20, 0x0447, 0x0430, 0x0441));
					break;
				case 14: 
				if (style == 1) return String(CharArray::of(0x0417, 0x043C, 0x043E, 0x045E, 0x0447, 0x043D, 0x044B, 0x20, 0x0447, 0x0430, 0x0441, 0x20, 0x0410, 0x043F, 0x0456, 0x0456));
					break;
				case 17: 
				if (style == 0) return String(CharArray::of(0x0427, 0x0430, 0x0441, 0x20, 0x0421, 0x0430, 0x0443, 0x0434, 0x0430, 0x045E, 0x0441, 0x043A, 0x0430, 0x0439, 0x20, 0x0410, 0x0440, 0x0430, 0x0431, 0x0456, 0x0456));
				if (style == 1) return String(CharArray::of(0x0417, 0x043C, 0x043E, 0x045E, 0x0447, 0x043D, 0x044B, 0x20, 0x0447, 0x0430, 0x0441, 0x20, 0x0421, 0x0430, 0x0443, 0x0434, 0x0430, 0x045E, 0x0441, 0x043A, 0x0430, 0x0439, 0x20, 0x0410, 0x0440, 0x0430, 0x0431, 0x0456, 0x0456));
				if (style == 2) return String(CharArray::of(0x041B, 0x0435, 0x0442, 0x043D, 0x0456, 0x20, 0x0447, 0x0430, 0x0441, 0x20, 0x0421, 0x0430, 0x0443, 0x0434, 0x0430, 0x045E, 0x0441, 0x043A, 0x0430, 0x0439, 0x20, 0x0410, 0x0440, 0x0430, 0x0431, 0x0456, 0x0456));
					break;
				case 18: 
				if (style == 0) return String(CharArray::of(0x0410, 0x0440, 0x0433, 0x0435, 0x043D, 0x0442, 0x044B, 0x043D, 0x0441, 0x043A, 0x0456, 0x20, 0x0447, 0x0430, 0x0441));
				if (style == 1) return String(CharArray::of(0x0410, 0x0440, 0x0433, 0x0435, 0x043D, 0x0442, 0x044B, 0x043D, 0x0441, 0x043A, 0x0456, 0x20, 0x0437, 0x043C, 0x043E, 0x045E, 0x0447, 0x043D, 0x044B, 0x20, 0x0447, 0x0430, 0x0441));
				if (style == 2) return String(CharArray::of(0x0410, 0x0440, 0x0433, 0x0435, 0x043D, 0x0442, 0x044B, 0x043D, 0x0441, 0x043A, 0x0456, 0x20, 0x043B, 0x0435, 0x0442, 0x043D, 0x0456, 0x20, 0x0447, 0x0430, 0x0441));
					break;
				case 19: 
				if (style == 0) return String(CharArray::of(0x0427, 0x0430, 0x0441, 0x20, 0x0417, 0x0430, 0x0445, 0x043E, 0x0434, 0x043D, 0x044F, 0x0439, 0x20, 0x0410, 0x0440, 0x0433, 0x044D, 0x043D, 0x0442, 0x044B, 0x043D, 0x044B));
				if (style == 1) return String(CharArray::of(0x0417, 0x043C, 0x043E, 0x045E, 0x0447, 0x043D, 0x044B, 0x20, 0x0447, 0x0430, 0x0441, 0x20, 0x0417, 0x0430, 0x0445, 0x043E, 0x0434, 0x043D, 0x044F, 0x0439, 0x20, 0x0410, 0x0440, 0x0433, 0x044D, 0x043D, 0x0442, 0x044B, 0x043D, 0x044B));
				if (style == 2) return String(CharArray::of(0x041B, 0x0435, 0x0442, 0x043D, 0x0456, 0x20, 0x0447, 0x0430, 0x0441, 0x20, 0x0417, 0x0430, 0x0445, 0x043E, 0x0434, 0x043D, 0x044F, 0x0439, 0x20, 0x0410, 0x0440, 0x0433, 0x044D, 0x043D, 0x0442, 0x044B, 0x043D, 0x044B));
					break;
				case 20: 
				if (style == 0) return String(CharArray::of(0x0427, 0x0430, 0x0441, 0x20, 0x0410, 0x0440, 0x043C, 0x044D, 0x043D, 0x0456, 0x0456));
				if (style == 1) return String(CharArray::of(0x0417, 0x043C, 0x043E, 0x045E, 0x0447, 0x043D, 0x044B, 0x20, 0x0447, 0x0430, 0x0441, 0x20, 0x0410, 0x0440, 0x043C, 0x044D, 0x043D, 0x0456, 0x0456));
				if (style == 2) return String(CharArray::of(0x041B, 0x0435, 0x0442, 0x043D, 0x0456, 0x20, 0x0447, 0x0430, 0x0441, 0x20, 0x0410, 0x0440, 0x043C, 0x044D, 0x043D, 0x0456, 0x0456));
					break;
				case 21: 
				if (style == 0) return String(CharArray::of(0x0410, 0x0442, 0x043B, 0x044F, 0x043D, 0x0442, 0x044B, 0x0447, 0x043D, 0x044B, 0x20, 0x0447, 0x0430, 0x0441));
				if (style == 1) return String(CharArray::of(0x0410, 0x0442, 0x043B, 0x044F, 0x043D, 0x0442, 0x044B, 0x0447, 0x043D, 0x044B, 0x20, 0x0437, 0x043C, 0x043E, 0x045E, 0x0447, 0x043D, 0x044B, 0x20, 0x0447, 0x0430, 0x0441));
				if (style == 2) return String(CharArray::of(0x0410, 0x0442, 0x043B, 0x044F, 0x043D, 0x0442, 0x044B, 0x0447, 0x043D, 0x044B, 0x20, 0x043B, 0x0435, 0x0442, 0x043D, 0x0456, 0x20, 0x0447, 0x0430, 0x0441));
					break;
				case 22: 
				if (style == 1) return String(CharArray::of(0x0417, 0x043C, 0x043E, 0x045E, 0x0447, 0x043D, 0x044B, 0x20, 0x0447, 0x0430, 0x0441, 0x20, 0x0446, 0x044D, 0x043D, 0x0442, 0x0440, 0x0430, 0x043B, 0x044C, 0x043D, 0x0430, 0x0439, 0x20, 0x0410, 0x045E, 0x0441, 0x0442, 0x0440, 0x0430, 0x043B, 0x0456, 0x0456));
					break;
				case 23: 
				if (style == 1) return String(CharArray::of(0x0417, 0x043C, 0x043E, 0x045E, 0x0447, 0x043D, 0x044B, 0x20, 0x0446, 0x044D, 0x043D, 0x0442, 0x0440, 0x0430, 0x043B, 0x044C, 0x043D, 0x0430, 0x2D, 0x0437, 0x0430, 0x0445, 0x043E, 0x0434, 0x043D, 0x0456, 0x20, 0x0447, 0x0430, 0x0441, 0x20, 0x0410, 0x045E, 0x0441, 0x0442, 0x0440, 0x0430, 0x043B, 0x0456, 0x0456));
					break;
				case 24: 
				if (style == 1) return String(CharArray::of(0x0417, 0x043C, 0x043E, 0x045E, 0x0447, 0x043D, 0x044B, 0x20, 0x0447, 0x0430, 0x0441, 0x20, 0x0443, 0x0441, 0x0445, 0x043E, 0x0434, 0x043D, 0x044F, 0x0439, 0x20, 0x0410, 0x045E, 0x0441, 0x0442, 0x0440, 0x0430, 0x043B, 0x0456, 0x0456));
					break;
				case 25: 
				if (style == 1) return String(CharArray::of(0x0437, 0x043C, 0x043E, 0x045E, 0x0447, 0x043D, 0x044B, 0x20, 0x0447, 0x0430, 0x0441, 0x20, 0x0437, 0x0430, 0x0445, 0x043E, 0x0434, 0x043D, 0x044F, 0x0439, 0x20, 0x0410, 0x045E, 0x0441, 0x0442, 0x0440, 0x0430, 0x043B, 0x0456, 0x0456));
					break;
				case 26: 
				if (style == 0) return String(CharArray::of(0x0427, 0x0430, 0x0441, 0x20, 0x0410, 0x0437, 0x044D, 0x0440, 0x0431, 0x0430, 0x0439, 0x0434, 0x0436, 0x0430, 0x043D, 0x0443));
				if (style == 1) return String(CharArray::of(0x0417, 0x043C, 0x043E, 0x045E, 0x0447, 0x043D, 0x044B, 0x20, 0x0447, 0x0430, 0x0441, 0x20, 0x0410, 0x0437, 0x044D, 0x0440, 0x0431, 0x0430, 0x0439, 0x0434, 0x0436, 0x0430, 0x043D, 0x0443));
				if (style == 2) return String(CharArray::of(0x041B, 0x0435, 0x0442, 0x043D, 0x0456, 0x20, 0x0447, 0x0430, 0x0441, 0x20, 0x0410, 0x0437, 0x044D, 0x0440, 0x0431, 0x0430, 0x0439, 0x0434, 0x0436, 0x0430, 0x043D, 0x0443));
					break;
				case 27: 
				if (style == 1) return String(CharArray::of(0x0417, 0x043C, 0x043E, 0x045E, 0x0447, 0x043D, 0x044B, 0x20, 0x0447, 0x0430, 0x0441, 0x20, 0x0410, 0x0437, 0x043E, 0x0440, 0x0441, 0x043A, 0x0456, 0x0445, 0x20, 0x0430, 0x0441, 0x0442, 0x0440, 0x0430, 0x0432, 0x043E, 0x045E));
					break;
				case 28: 
				if (style == 0) return String(CharArray::of(0x0427, 0x0430, 0x0441, 0x20, 0x0411, 0x0430, 0x043D, 0x0433, 0x043B, 0x044F, 0x0434, 0x044D, 0x0448, 0x0443));
				if (style == 1) return String(CharArray::of(0x0417, 0x043C, 0x043E, 0x045E, 0x0447, 0x043D, 0x044B, 0x20, 0x0447, 0x0430, 0x0441, 0x20, 0x0411, 0x0430, 0x043D, 0x0433, 0x043B, 0x044F, 0x0434, 0x044D, 0x0448, 0x0443));
				if (style == 2) return String(CharArray::of(0x041B, 0x0435, 0x0442, 0x043D, 0x0456, 0x20, 0x0447, 0x0430, 0x0441, 0x20, 0x0411, 0x0430, 0x043D, 0x0433, 0x043B, 0x044F, 0x0434, 0x044D, 0x0448, 0x0443));
					break;
				case 29: 
				if (style == 1) return String(CharArray::of(0x0427, 0x0430, 0x0441, 0x20, 0x0411, 0x0443, 0x0442, 0x0430, 0x043D, 0x0443));
					break;
				case 31: 
				if (style == 0) return String(CharArray::of(0x0411, 0x0440, 0x0430, 0x0437, 0x044B, 0x043B, 0x044C, 0x0441, 0x043A, 0x0456, 0x20, 0x0447, 0x0430, 0x0441));
				if (style == 1) return String(CharArray::of(0x0411, 0x0440, 0x0430, 0x0437, 0x044B, 0x043B, 0x044C, 0x0441, 0x043A, 0x0456, 0x20, 0x0437, 0x043C, 0x043E, 0x045E, 0x0447, 0x043D, 0x044B, 0x20, 0x0447, 0x0430, 0x0441));
				if (style == 2) return String(CharArray::of(0x0411, 0x0440, 0x0430, 0x0437, 0x044B, 0x043B, 0x044C, 0x0441, 0x043A, 0x0456, 0x20, 0x043B, 0x0435, 0x0442, 0x043D, 0x0456, 0x20, 0x0447, 0x0430, 0x0441));
					break;
				case 32: 
				if (style == 1) return String(CharArray::of(0x0427, 0x0430, 0x0441, 0x20, 0x0411, 0x0440, 0x0443, 0x043D, 0x044D, 0x044E));
					break;
				case 33: 
				if (style == 0) return String(CharArray::of(0x0427, 0x0430, 0x0441, 0x20, 0x041A, 0x0430, 0x0431, 0x0430, 0x2D, 0x0412, 0x044D, 0x0440, 0x0434, 0x044D));
				if (style == 1) return String(CharArray::of(0x0417, 0x043C, 0x043E, 0x045E, 0x0447, 0x043D, 0x044B, 0x20, 0x0447, 0x0430, 0x0441, 0x20, 0x041A, 0x0430, 0x0431, 0x0430, 0x2D, 0x0412, 0x044D, 0x0440, 0x0434, 0x044D));
				if (style == 2) return String(CharArray::of(0x041B, 0x0435, 0x0442, 0x043D, 0x0456, 0x20, 0x0447, 0x0430, 0x0441, 0x20, 0x041A, 0x0430, 0x0431, 0x0430, 0x2D, 0x0412, 0x044D, 0x0440, 0x0434, 0x044D));
					break;
				case 36: 
				if (style == 0) return String(CharArray::of(0x0427, 0x0430, 0x0441, 0x20, 0x0427, 0x0430, 0x0442, 0x044D, 0x043C, 0x0443));
				if (style == 1) return String(CharArray::of(0x0417, 0x043C, 0x043E, 0x045E, 0x0447, 0x043D, 0x044B, 0x20, 0x0447, 0x0430, 0x0441, 0x20, 0x0427, 0x0430, 0x0442, 0x044D, 0x043C, 0x0443));
				if (style == 2) return String(CharArray::of(0x041B, 0x0435, 0x0442, 0x043D, 0x0456, 0x20, 0x0447, 0x0430, 0x0441, 0x20, 0x0427, 0x0430, 0x0442, 0x044D, 0x043C, 0x0443));
					break;
				case 37: 
				if (style == 1) return String(CharArray::of(0x0427, 0x044B, 0x043B, 0x0456, 0x0439, 0x0441, 0x043A, 0x0456, 0x20, 0x0437, 0x043C, 0x043E, 0x045E, 0x0447, 0x043D, 0x044B, 0x20, 0x0447, 0x0430, 0x0441));
					break;
				case 38: 
				if (style == 1) return String(CharArray::of(0x0417, 0x043C, 0x043E, 0x045E, 0x0447, 0x043D, 0x044B, 0x20, 0x0447, 0x0430, 0x0441, 0x20, 0x041A, 0x0456, 0x0442, 0x0430, 0x044E));
				if (style == 2) return String(CharArray::of(0x041B, 0x0435, 0x0442, 0x043D, 0x0456, 0x20, 0x0447, 0x0430, 0x0441, 0x20, 0x041A, 0x0456, 0x0442, 0x0430, 0x044E));
					break;
				case 39: 
				if (style == 0) return String(CharArray::of(0x0427, 0x0430, 0x0441, 0x20, 0x0427, 0x0430, 0x0439, 0x0431, 0x0430, 0x043B, 0x0441, 0x0430, 0x043D, 0x0443));
				if (style == 1) return String(CharArray::of(0x0417, 0x043C, 0x043E, 0x045E, 0x0447, 0x043D, 0x044B, 0x20, 0x0447, 0x0430, 0x0441, 0x20, 0x0427, 0x0430, 0x0439, 0x0431, 0x0430, 0x043B, 0x0441, 0x0430, 0x043D, 0x0443));
				if (style == 2) return String(CharArray::of(0x041B, 0x0435, 0x0442, 0x043D, 0x0456, 0x20, 0x0447, 0x0430, 0x0441, 0x20, 0x0427, 0x0430, 0x0439, 0x0431, 0x0430, 0x043B, 0x0441, 0x0430, 0x043D, 0x0443));
					break;
				case 40: 
				if (style == 1) return String(CharArray::of(0x0427, 0x0430, 0x0441, 0x20, 0x0432, 0x043E, 0x0441, 0x0442, 0x0440, 0x0430, 0x0432, 0x0430, 0x20, 0x0420, 0x0430, 0x0441, 0x0442, 0x0432, 0x0430));
					break;
				case 42: 
				if (style == 0) return String(CharArray::of(0x041A, 0x0430, 0x043B, 0x044E, 0x043C, 0x0431, 0x0456, 0x0439, 0x0441, 0x043A, 0x0456, 0x20, 0x0447, 0x0430, 0x0441));
				if (style == 1) return String(CharArray::of(0x041A, 0x0430, 0x043B, 0x044E, 0x043C, 0x0431, 0x0456, 0x0439, 0x0441, 0x043A, 0x0456, 0x20, 0x0437, 0x043C, 0x043E, 0x045E, 0x0447, 0x043D, 0x044B, 0x20, 0x0447, 0x0430, 0x0441));
				if (style == 2) return String(CharArray::of(0x041A, 0x0430, 0x043B, 0x044E, 0x043C, 0x0431, 0x0456, 0x0439, 0x0441, 0x043A, 0x0456, 0x20, 0x043B, 0x0435, 0x0442, 0x043D, 0x0456, 0x20, 0x0447, 0x0430, 0x0441));
					break;
				case 43: 
				if (style == 1) return String(CharArray::of(0x0417, 0x043C, 0x043E, 0x045E, 0x0447, 0x043D, 0x044B, 0x20, 0x0447, 0x0430, 0x0441, 0x20, 0x0430, 0x0441, 0x0442, 0x0440, 0x0430, 0x0432, 0x043E, 0x045E, 0x20, 0x041A, 0x0443, 0x043A, 0x0430));
					break;
				case 44: 
				if (style == 1) return String(CharArray::of(0x0417, 0x043C, 0x043E, 0x045E, 0x0447, 0x043D, 0x044B, 0x20, 0x0447, 0x0430, 0x0441, 0x20, 0x041A, 0x0443, 0x0431, 0x044B));
					break;
				case 47: 
				if (style == 1) return String(CharArray::of(0x0427, 0x0430, 0x0441, 0x20, 0x0423, 0x0441, 0x0445, 0x043E, 0x0434, 0x043D, 0x044F, 0x0433, 0x0430, 0x20, 0x0422, 0x044B, 0x043C, 0x043E, 0x0440, 0x0443));
					break;
				case 48: 
				if (style == 0) return String(CharArray::of(0x0427, 0x0430, 0x0441, 0x20, 0x0432, 0x043E, 0x0441, 0x0442, 0x0440, 0x0430, 0x0432, 0x0430, 0x20, 0x041F, 0x0430, 0x0441, 0x0445, 0x0456));
				if (style == 1) return String(CharArray::of(0x0417, 0x043C, 0x043E, 0x045E, 0x0447, 0x043D, 0x044B, 0x20, 0x0447, 0x0430, 0x0441, 0x20, 0x0432, 0x043E, 0x0441, 0x0442, 0x0440, 0x0430, 0x0432, 0x0430, 0x20, 0x0420, 0x0430, 0x0441, 0x0442, 0x0432, 0x0430));
				if (style == 2) return String(CharArray::of(0x041B, 0x0435, 0x0442, 0x043D, 0x0456, 0x20, 0x0447, 0x0430, 0x0441, 0x20, 0x0432, 0x043E, 0x0441, 0x0442, 0x0440, 0x0430, 0x0432, 0x0430, 0x20, 0x0420, 0x0430, 0x0441, 0x0442, 0x0432, 0x0430));
					break;
				case 50: 
				if (style == 0) return String(CharArray::of(0x0426, 0x044D, 0x043D, 0x0442, 0x0440, 0x0430, 0x043B, 0x044C, 0x043D, 0x0430, 0x044D, 0x045E, 0x0440, 0x0430, 0x043F, 0x0435, 0x0439, 0x0441, 0x043A, 0x0456, 0x20, 0x0447, 0x0430, 0x0441));
				if (style == 1) return String(CharArray::of(0x0426, 0x044D, 0x043D, 0x0442, 0x0440, 0x0430, 0x043B, 0x044C, 0x043D, 0x0430, 0x044D, 0x045E, 0x0440, 0x0430, 0x043F, 0x0435, 0x0439, 0x0441, 0x043A, 0x0456, 0x20, 0x0437, 0x043C, 0x043E, 0x045E, 0x0447, 0x043D, 0x044B, 0x20, 0x0447, 0x0430, 0x0441));
				if (style == 2) return String(CharArray::of(0x0426, 0x044D, 0x043D, 0x0442, 0x0440, 0x0430, 0x043B, 0x044C, 0x043D, 0x0430, 0x044D, 0x045E, 0x0440, 0x0430, 0x043F, 0x0435, 0x0439, 0x0441, 0x043A, 0x0456, 0x20, 0x043B, 0x0435, 0x0442, 0x043D, 0x0456, 0x20, 0x0447, 0x0430, 0x0441));
					break;
				case 51: 
				if (style == 0) return String(CharArray::of(0x0423, 0x0441, 0x0445, 0x043E, 0x0434, 0x043D, 0x0435, 0x044D, 0x045E, 0x0440, 0x0430, 0x043F, 0x0435, 0x0439, 0x0441, 0x043A, 0x0456, 0x20, 0x0447, 0x0430, 0x0441));
				if (style == 1) return String(CharArray::of(0x0423, 0x0441, 0x0445, 0x043E, 0x0434, 0x043D, 0x0435, 0x044D, 0x045E, 0x0440, 0x0430, 0x043F, 0x0435, 0x0439, 0x0441, 0x043A, 0x0456, 0x20, 0x0437, 0x043C, 0x043E, 0x045E, 0x0447, 0x043D, 0x044B, 0x20, 0x0447, 0x0430, 0x0441));
				if (style == 2) return String(CharArray::of(0x0423, 0x0441, 0x0445, 0x043E, 0x0434, 0x043D, 0x0435, 0x044D, 0x045E, 0x0440, 0x0430, 0x043F, 0x0435, 0x0439, 0x0441, 0x043A, 0x0456, 0x20, 0x043B, 0x0435, 0x0442, 0x043D, 0x0456, 0x20, 0x0447, 0x0430, 0x0441));
					break;
				case 52: 
				if (style == 1) return String(CharArray::of(0x0414, 0x0430, 0x043B, 0x0451, 0x043A, 0x0430, 0x045E, 0x0441, 0x0445, 0x043E, 0x0434, 0x043D, 0x0435, 0x044D, 0x045E, 0x0440, 0x0430, 0x043F, 0x0435, 0x0439, 0x0441, 0x043A, 0x0456, 0x20, 0x0447, 0x0430, 0x0441));
					break;
				case 53: 
				if (style == 0) return String(CharArray::of(0x0417, 0x0430, 0x0445, 0x043E, 0x0434, 0x043D, 0x0435, 0x044D, 0x045E, 0x0440, 0x0430, 0x043F, 0x0435, 0x0439, 0x0441, 0x043A, 0x0456, 0x20, 0x0447, 0x0430, 0x0441));
				if (style == 1) return String(CharArray::of(0x0417, 0x0430, 0x0445, 0x043E, 0x0434, 0x043D, 0x0435, 0x044D, 0x045E, 0x0440, 0x0430, 0x043F, 0x0435, 0x0439, 0x0441, 0x043A, 0x0456, 0x20, 0x0437, 0x043C, 0x043E, 0x045E, 0x0447, 0x043D, 0x044B, 0x20, 0x0447, 0x0430, 0x0441));
				if (style == 2) return String(CharArray::of(0x0417, 0x0430, 0x0445, 0x043E, 0x0434, 0x043D, 0x0435, 0x044D, 0x045E, 0x0440, 0x0430, 0x043F, 0x0435, 0x0439, 0x0441, 0x043A, 0x0456, 0x20, 0x043B, 0x0435, 0x0442, 0x043D, 0x0456, 0x20, 0x0447, 0x0430, 0x0441));
					break;
				case 54: 
				if (style == 0) return String(CharArray::of(0x0427, 0x0430, 0x0441, 0x20, 0x0424, 0x043E, 0x043B, 0x043A, 0x043B, 0x044D, 0x043D, 0x0434, 0x0437, 0x043A, 0x0456, 0x0445, 0x20, 0x0430, 0x0441, 0x0442, 0x0440, 0x0430, 0x0432, 0x043E, 0x045E));
				if (style == 1) return String(CharArray::of(0x0417, 0x043C, 0x043E, 0x045E, 0x0447, 0x043D, 0x044B, 0x20, 0x0447, 0x0430, 0x0441, 0x20, 0x0424, 0x043E, 0x043B, 0x043A, 0x043B, 0x044D, 0x043D, 0x0434, 0x0437, 0x043A, 0x0456, 0x0445, 0x20, 0x0430, 0x0441, 0x0442, 0x0440, 0x0430, 0x0432, 0x043E, 0x045E));
				if (style == 2) return String(CharArray::of(0x041B, 0x0435, 0x0442, 0x043D, 0x0456, 0x20, 0x0447, 0x0430, 0x0441, 0x20, 0x0424, 0x043E, 0x043B, 0x043A, 0x043B, 0x044D, 0x043D, 0x0434, 0x0437, 0x043A, 0x0456, 0x0445, 0x20, 0x0430, 0x0441, 0x0442, 0x0440, 0x0430, 0x0432, 0x043E, 0x045E));
					break;
				case 55: 
				if (style == 1) return String(CharArray::of(0x0417, 0x043C, 0x043E, 0x045E, 0x0447, 0x043D, 0x044B, 0x20, 0x0447, 0x0430, 0x0441, 0x20, 0x0424, 0x0456, 0x0434, 0x0436, 0x044B));
					break;
				case 56: 
				if (style == 1) return String(CharArray::of(0x0427, 0x0430, 0x0441, 0x20, 0x0424, 0x0440, 0x0430, 0x043D, 0x0446, 0x0443, 0x0441, 0x043A, 0x0430, 0x0439, 0x20, 0x0413, 0x0432, 0x0456, 0x044F, 0x043D, 0x044B));
					break;
				case 57: 
				if (style == 1) return String(CharArray::of(0x0427, 0x0430, 0x0441, 0x20, 0x0424, 0x0440, 0x0430, 0x043D, 0x0446, 0x0443, 0x0441, 0x043A, 0x0430, 0x0439, 0x20, 0x043F, 0x0430, 0x045E, 0x0434, 0x043D, 0x0451, 0x0432, 0x0430, 0x2D, 0x0430, 0x043D, 0x0442, 0x0430, 0x0440, 0x043A, 0x0442, 0x044B, 0x0447, 0x043D, 0x0430, 0x0439, 0x20, 0x0442, 0x044D, 0x0440, 0x044B, 0x0442, 0x043E, 0x0440, 0x044B, 0x0456));
					break;
				case 59: 
				if (style == 1) return String(CharArray::of(0x0417, 0x043C, 0x043E, 0x045E, 0x0447, 0x043D, 0x044B, 0x20, 0x0447, 0x0430, 0x0441, 0x20, 0x0413, 0x0430, 0x043B, 0x044F, 0x043F, 0x0430, 0x0433, 0x043E, 0x0441, 0x043A, 0x0456, 0x0445, 0x20, 0x0430, 0x0441, 0x0442, 0x0440, 0x0430, 0x0432, 0x043E, 0x045E));
					break;
				case 61: 
				if (style == 1) return String(CharArray::of(0x0413, 0x0440, 0x0443, 0x0437, 0x0456, 0x043D, 0x0441, 0x043A, 0x0456, 0x20, 0x0437, 0x043C, 0x043E, 0x045E, 0x0447, 0x043D, 0x044B, 0x20, 0x0447, 0x0430, 0x0441));
					break;
				case 62: 
				if (style == 1) return String(CharArray::of(0x0427, 0x0430, 0x0441, 0x20, 0x0430, 0x0441, 0x0442, 0x0440, 0x0430, 0x0432, 0x043E, 0x045E, 0x20, 0x0413, 0x0456, 0x043B, 0x0431, 0x044D, 0x0440, 0x0442, 0x0430));
					break;
				case 64: 
				if (style == 0) return String(CharArray::of(0x0427, 0x0430, 0x0441, 0x20, 0x0423, 0x0441, 0x0445, 0x043E, 0x0434, 0x043D, 0x044F, 0x0439, 0x20, 0x0413, 0x0440, 0x044D, 0x043D, 0x043B, 0x044F, 0x043D, 0x0434, 0x044B, 0x0456));
				if (style == 1) return String(CharArray::of(0x0417, 0x043C, 0x043E, 0x045E, 0x0447, 0x043D, 0x044B, 0x20, 0x0447, 0x0430, 0x0441, 0x20, 0x0423, 0x0441, 0x0445, 0x043E, 0x0434, 0x043D, 0x044F, 0x0439, 0x20, 0x0413, 0x0440, 0x044D, 0x043D, 0x043B, 0x044F, 0x043D, 0x0434, 0x044B, 0x0456));
				if (style == 2) return String(CharArray::of(0x041B, 0x0435, 0x0442, 0x043D, 0x0456, 0x20, 0x0447, 0x0430, 0x0441, 0x20, 0x0423, 0x0441, 0x0445, 0x043E, 0x0434, 0x043D, 0x044F, 0x0439, 0x20, 0x0413, 0x0440, 0x044D, 0x043D, 0x043B, 0x044F, 0x043D, 0x0434, 0x044B, 0x0456));
					break;
				case 65: 
				if (style == 0) return String(CharArray::of(0x0427, 0x0430, 0x0441, 0x20, 0x0417, 0x0430, 0x0445, 0x043E, 0x0434, 0x043D, 0x044F, 0x0439, 0x20, 0x0413, 0x0440, 0x044D, 0x043D, 0x043B, 0x044F, 0x043D, 0x0434, 0x044B, 0x0456));
				if (style == 1) return String(CharArray::of(0x0417, 0x043C, 0x043E, 0x045E, 0x0447, 0x043D, 0x044B, 0x20, 0x0447, 0x0430, 0x0441, 0x20, 0x0417, 0x0430, 0x0445, 0x043E, 0x0434, 0x043D, 0x044F, 0x0439, 0x20, 0x0413, 0x0440, 0x044D, 0x043D, 0x043B, 0x044F, 0x043D, 0x0434, 0x044B, 0x0456));
				if (style == 2) return String(CharArray::of(0x041B, 0x0435, 0x0442, 0x043D, 0x0456, 0x20, 0x0447, 0x0430, 0x0441, 0x20, 0x0417, 0x0430, 0x0445, 0x043E, 0x0434, 0x043D, 0x044F, 0x0439, 0x20, 0x0413, 0x0440, 0x044D, 0x043D, 0x043B, 0x044F, 0x043D, 0x0434, 0x044B, 0x0456));
					break;
				case 67: 
				if (style == 1) return String(CharArray::of(0x0427, 0x0430, 0x0441, 0x20, 0x041F, 0x044D, 0x0440, 0x0441, 0x044B, 0x0434, 0x0437, 0x043A, 0x0430, 0x0433, 0x0430, 0x20, 0x0437, 0x0430, 0x043B, 0x0456, 0x0432, 0x0443));
					break;
				case 69: 
				if (style == 0) return String(CharArray::of(0x0413, 0x0430, 0x0432, 0x0430, 0x0439, 0x0441, 0x043A, 0x0430, 0x2D, 0x0410, 0x043B, 0x0435, 0x0432, 0x0443, 0x0446, 0x043A, 0x0456, 0x20, 0x0447, 0x0430, 0x0441));
				if (style == 1) return String(CharArray::of(0x0413, 0x0430, 0x0432, 0x0430, 0x0439, 0x0441, 0x043A, 0x0430, 0x2D, 0x0410, 0x043B, 0x044D, 0x0432, 0x0443, 0x0446, 0x043A, 0x0456, 0x20, 0x0437, 0x043C, 0x043E, 0x045E, 0x0447, 0x043D, 0x044B, 0x20, 0x0447, 0x0430, 0x0441));
				if (style == 2) return String(CharArray::of(0x0413, 0x0430, 0x0432, 0x0430, 0x0439, 0x0441, 0x043A, 0x0430, 0x2D, 0x0410, 0x043B, 0x0435, 0x0432, 0x0443, 0x0446, 0x043A, 0x0456, 0x20, 0x043B, 0x0435, 0x0442, 0x043D, 0x0456, 0x20, 0x0447, 0x0430, 0x0441));
					break;
				case 70: 
				if (style == 0) return String(CharArray::of(0x0427, 0x0430, 0x0441, 0x20, 0x0413, 0x0430, 0x043D, 0x043A, 0x043E, 0x043D, 0x0433, 0x0443));
				if (style == 1) return String(CharArray::of(0x0417, 0x043C, 0x043E, 0x045E, 0x0447, 0x043D, 0x044B, 0x20, 0x0447, 0x0430, 0x0441, 0x20, 0x0413, 0x0430, 0x043D, 0x043A, 0x043E, 0x043D, 0x0433, 0x0430));
				if (style == 2) return String(CharArray::of(0x041B, 0x0435, 0x0442, 0x043D, 0x0456, 0x20, 0x0447, 0x0430, 0x0441, 0x20, 0x0413, 0x0430, 0x043D, 0x043A, 0x043E, 0x043D, 0x0433, 0x0443));
					break;
				case 71: 
				if (style == 1) return String(CharArray::of(0x0417, 0x043C, 0x043E, 0x045E, 0x0447, 0x043D, 0x044B, 0x20, 0x0447, 0x0430, 0x0441, 0x20, 0x0425, 0x043E, 0x045E, 0x0434, 0x0430));
					break;
				case 73: 
				if (style == 1) return String(CharArray::of(0x0427, 0x0430, 0x0441, 0x20, 0x0406, 0x043D, 0x0434, 0x044B, 0x0439, 0x0441, 0x043A, 0x0430, 0x0433, 0x0430, 0x20, 0x0430, 0x043A, 0x0456, 0x044F, 0x043D, 0x0443));
					break;
				case 75: 
				if (style == 1) return String(CharArray::of(0x0426, 0x044D, 0x043D, 0x0442, 0x0440, 0x0430, 0x043B, 0x044C, 0x043D, 0x0430, 0x0456, 0x043D, 0x0434, 0x0430, 0x043D, 0x044D, 0x0437, 0x0456, 0x0439, 0x0441, 0x043A, 0x0456, 0x20, 0x0447, 0x0430, 0x0441));
					break;
				case 76: 
				if (style == 1) return String(CharArray::of(0x0423, 0x0441, 0x0445, 0x043E, 0x0434, 0x043D, 0x0435, 0x0456, 0x043D, 0x0434, 0x0430, 0x043D, 0x044D, 0x0437, 0x0456, 0x0439, 0x0441, 0x043A, 0x0456, 0x20, 0x0447, 0x0430, 0x0441));
					break;
				case 77: 
				if (style == 1) return String(CharArray::of(0x0417, 0x0430, 0x0445, 0x043E, 0x0434, 0x043D, 0x0435, 0x0456, 0x043D, 0x0434, 0x0430, 0x043D, 0x044D, 0x0437, 0x0456, 0x0439, 0x0441, 0x043A, 0x0456, 0x20, 0x0447, 0x0430, 0x0441));
					break;
				case 78: 
				if (style == 1) return String(CharArray::of(0x0406, 0x0440, 0x0430, 0x043D, 0x0441, 0x043A, 0x0456, 0x20, 0x0437, 0x043C, 0x043E, 0x045E, 0x0447, 0x043D, 0x044B, 0x20, 0x0447, 0x0430, 0x0441));
					break;
				case 79: 
				if (style == 1) return String(CharArray::of(0x0406, 0x0440, 0x043A, 0x0443, 0x0446, 0x043A, 0x0456, 0x20, 0x0437, 0x043C, 0x043E, 0x045E, 0x0447, 0x043D, 0x044B, 0x20, 0x0447, 0x0430, 0x0441));
					break;
				case 80: 
				if (style == 1) return String(CharArray::of(0x0406, 0x0437, 0x0440, 0x0430, 0x0456, 0x043B, 0x044C, 0x0441, 0x043A, 0x0456, 0x20, 0x0437, 0x043C, 0x043E, 0x045E, 0x0447, 0x043D, 0x044B, 0x20, 0x0447, 0x0430, 0x0441));
					break;
				case 81: 
				if (style == 1) return String(CharArray::of(0x0417, 0x043C, 0x043E, 0x045E, 0x0447, 0x043D, 0x044B, 0x20, 0x0447, 0x0430, 0x0441, 0x20, 0x042F, 0x043F, 0x043E, 0x043D, 0x0456, 0x0456));
					break;
				case 86: 
				if (style == 1) return String(CharArray::of(0x0417, 0x043C, 0x043E, 0x045E, 0x0447, 0x043D, 0x044B, 0x20, 0x0447, 0x0430, 0x0441, 0x20, 0x041A, 0x0430, 0x0440, 0x044D, 0x0456));
					break;
				case 87: 
				if (style == 1) return String(CharArray::of(0x0427, 0x0430, 0x0441, 0x20, 0x0430, 0x0441, 0x0442, 0x0440, 0x0430, 0x0432, 0x043E, 0x045E, 0x20, 0x041A, 0x0430, 0x0441, 0x0440, 0x0430, 0x044D));
					break;
				case 88: 
				if (style == 1) return String(CharArray::of(0x041A, 0x0440, 0x0430, 0x0441, 0x043D, 0x0430, 0x044F, 0x0440, 0x0441, 0x043A, 0x0456, 0x20, 0x0437, 0x043C, 0x043E, 0x045E, 0x0447, 0x043D, 0x044B, 0x20, 0x0447, 0x0430, 0x0441));
					break;
				case 89: 
				if (style == 1) return String(CharArray::of(0x0427, 0x0430, 0x0441, 0x20, 0x041A, 0x044B, 0x0440, 0x0433, 0x044B, 0x0441, 0x0442, 0x0430, 0x043D, 0x0443));
					break;
				case 92: 
				if (style == 0) return String(CharArray::of(0x0427, 0x0430, 0x0441, 0x20, 0x041B, 0x043E, 0x0440, 0x0434, 0x2D, 0x0413, 0x0430, 0x045E));
				if (style == 1) return String(CharArray::of(0x0417, 0x043C, 0x043E, 0x045E, 0x0447, 0x043D, 0x044B, 0x20, 0x0447, 0x0430, 0x0441, 0x20, 0x041B, 0x043E, 0x0440, 0x0434, 0x2D, 0x0413, 0x0430, 0x045E));
				if (style == 2) return String(CharArray::of(0x041B, 0x0435, 0x0442, 0x043D, 0x0456, 0x20, 0x0447, 0x0430, 0x0441, 0x20, 0x041B, 0x043E, 0x0440, 0x0434, 0x2D, 0x0413, 0x0430, 0x045E));
					break;
				case 94: 
				if (style == 1) return String(CharArray::of(0x041C, 0x0430, 0x0433, 0x0430, 0x0434, 0x0430, 0x043D, 0x0441, 0x043A, 0x0456, 0x20, 0x0437, 0x043C, 0x043E, 0x045E, 0x0447, 0x043D, 0x044B, 0x20, 0x0447, 0x0430, 0x0441));
					break;
				case 97: 
				if (style == 1) return String(CharArray::of(0x0427, 0x0430, 0x0441, 0x20, 0x041C, 0x0430, 0x0440, 0x043A, 0x0456, 0x0441, 0x043A, 0x0456, 0x0445, 0x20, 0x0430, 0x0441, 0x0442, 0x0440, 0x0430, 0x0432, 0x043E, 0x045E));
					break;
				case 99: 
				if (style == 0) return String(CharArray::of(0x0427, 0x0430, 0x0441, 0x20, 0x041C, 0x0430, 0x045E, 0x0440, 0x044B, 0x0446, 0x044B, 0x044E));
				if (style == 1) return String(CharArray::of(0x0417, 0x043C, 0x043E, 0x045E, 0x0447, 0x043D, 0x044B, 0x20, 0x0447, 0x0430, 0x0441, 0x20, 0x041C, 0x0430, 0x045E, 0x0440, 0x044B, 0x0446, 0x044B, 0x044E));
				if (style == 2) return String(CharArray::of(0x041B, 0x0435, 0x0442, 0x043D, 0x0456, 0x20, 0x0447, 0x0430, 0x0441, 0x20, 0x041C, 0x0430, 0x045E, 0x0440, 0x044B, 0x0446, 0x044B, 0x044E));
					break;
				case 100: 
				if (style == 1) return String(CharArray::of(0x0427, 0x0430, 0x0441, 0x20, 0x0441, 0x0442, 0x0430, 0x043D, 0x0446, 0x044B, 0x0456, 0x20, 0x041C, 0x043E, 0x0441, 0x0430, 0x043D));
					break;
				case 101: 
				if (style == 0) return String(CharArray::of(0x041C, 0x044D, 0x043A, 0x0441, 0x044B, 0x043A, 0x0430, 0x043D, 0x0441, 0x043A, 0x0456, 0x20, 0x0446, 0x0456, 0x0445, 0x0430, 0x0430, 0x043A, 0x0456, 0x044F, 0x043D, 0x0441, 0x043A, 0x0456, 0x20, 0x0447, 0x0430, 0x0441));
				if (style == 1) return String(CharArray::of(0x041C, 0x044D, 0x043A, 0x0441, 0x044B, 0x043A, 0x0430, 0x043D, 0x0441, 0x043A, 0x0456, 0x20, 0x0446, 0x0456, 0x0445, 0x0430, 0x0430, 0x043A, 0x0456, 0x044F, 0x043D, 0x0441, 0x043A, 0x0456, 0x20, 0x0441, 0x0442, 0x0430, 0x043D, 0x0434, 0x0430, 0x0442, 0x043D, 0x044B, 0x20, 0x0447, 0x0430, 0x0441));
				if (style == 2) return String(CharArray::of(0x041C, 0x044D, 0x043A, 0x0441, 0x044B, 0x043A, 0x0430, 0x043D, 0x0441, 0x043A, 0x0456, 0x20, 0x0446, 0x0456, 0x0445, 0x0430, 0x0430, 0x043A, 0x0456, 0x044F, 0x043D, 0x0441, 0x043A, 0x0456, 0x20, 0x043B, 0x0435, 0x0442, 0x043D, 0x0456, 0x20, 0x0447, 0x0430, 0x0441));
					break;
				case 102: 
				if (style == 0) return String(CharArray::of(0x0427, 0x0430, 0x0441, 0x20, 0x0423, 0x043B, 0x0430, 0x043D, 0x2D, 0x0411, 0x0430, 0x0442, 0x0430, 0x0440, 0x0443));
				if (style == 1) return String(CharArray::of(0x0417, 0x043C, 0x043E, 0x045E, 0x0447, 0x043D, 0x044B, 0x20, 0x0447, 0x0430, 0x0441, 0x20, 0x0423, 0x043B, 0x0430, 0x043D, 0x2D, 0x0411, 0x0430, 0x0442, 0x0430, 0x0440, 0x0443));
				if (style == 2) return String(CharArray::of(0x041B, 0x0435, 0x0442, 0x043D, 0x0456, 0x20, 0x0447, 0x0430, 0x0441, 0x20, 0x0423, 0x043B, 0x0430, 0x043D, 0x2D, 0x0411, 0x0430, 0x0442, 0x0430, 0x0440, 0x0443));
					break;
				case 103: 
				if (style == 1) return String(CharArray::of(0x041C, 0x0430, 0x0441, 0x043A, 0x043E, 0x045E, 0x0441, 0x043A, 0x0456, 0x20, 0x0437, 0x043C, 0x043E, 0x045E, 0x0447, 0x043D, 0x044B, 0x20, 0x0447, 0x0430, 0x0441));
					break;
				case 105: 
				if (style == 1) return String(CharArray::of(0x0427, 0x0430, 0x0441, 0x20, 0x041D, 0x0430, 0x045E, 0x0440, 0x0443));
					break;
				case 106: 
				if (style == 1) return String(CharArray::of(0x041D, 0x044D, 0x043F, 0x0430, 0x043B, 0x044C, 0x0441, 0x043A, 0x0456, 0x20, 0x0447, 0x0430, 0x0441));
					break;
				case 107: 
				if (style == 1) return String(CharArray::of(0x0417, 0x043C, 0x043E, 0x045E, 0x0447, 0x043D, 0x044B, 0x20, 0x0447, 0x0430, 0x0441, 0x20, 0x041D, 0x043E, 0x0432, 0x0430, 0x0439, 0x20, 0x041A, 0x0430, 0x043B, 0x0435, 0x0434, 0x043E, 0x043D, 0x0456, 0x0456));
					break;
				case 108: 
				if (style == 0) return String(CharArray::of(0x0427, 0x0430, 0x0441, 0x20, 0x041D, 0x043E, 0x0432, 0x0430, 0x0439, 0x20, 0x0417, 0x044D, 0x043B, 0x044F, 0x043D, 0x0434, 0x044B, 0x0456));
				if (style == 1) return String(CharArray::of(0x0417, 0x043C, 0x043E, 0x045E, 0x0447, 0x043D, 0x044B, 0x20, 0x0447, 0x0430, 0x0441, 0x20, 0x041D, 0x043E, 0x0432, 0x0430, 0x0439, 0x20, 0x0417, 0x044D, 0x043B, 0x044F, 0x043D, 0x0434, 0x044B, 0x0456));
				if (style == 2) return String(CharArray::of(0x041B, 0x0435, 0x0442, 0x043D, 0x0456, 0x20, 0x0447, 0x0430, 0x0441, 0x20, 0x041D, 0x043E, 0x0432, 0x0430, 0x0439, 0x20, 0x0417, 0x044D, 0x043B, 0x044F, 0x043D, 0x0434, 0x044B, 0x0456));
					break;
				case 109: 
				if (style == 0) return String(CharArray::of(0x041D, 0x044C, 0x044E, 0x0444, 0x0430, 0x045E, 0x043D, 0x0434, 0x043B, 0x044D, 0x043D, 0x0434, 0x0437, 0x043A, 0x0456, 0x20, 0x0447, 0x0430, 0x0441));
				if (style == 1) return String(CharArray::of(0x041D, 0x044C, 0x044E, 0x0444, 0x0430, 0x045E, 0x043D, 0x0434, 0x043B, 0x044D, 0x043D, 0x0434, 0x0437, 0x043A, 0x0456, 0x20, 0x0437, 0x043C, 0x043E, 0x045E, 0x0447, 0x043D, 0x044B, 0x20, 0x0447, 0x0430, 0x0441));
				if (style == 2) return String(CharArray::of(0x041D, 0x044C, 0x044E, 0x0444, 0x0430, 0x045E, 0x043D, 0x0434, 0x043B, 0x044D, 0x043D, 0x0434, 0x0437, 0x043A, 0x0456, 0x20, 0x043B, 0x0435, 0x0442, 0x043D, 0x0456, 0x20, 0x0447, 0x0430, 0x0441));
					break;
				case 111: 
				if (style == 1) return String(CharArray::of(0x0417, 0x043C, 0x043E, 0x045E, 0x0447, 0x043D, 0x044B, 0x20, 0x0447, 0x0430, 0x0441, 0x20, 0x0432, 0x043E, 0x0441, 0x0442, 0x0440, 0x0430, 0x0432, 0x0430, 0x20, 0x041D, 0x043E, 0x0440, 0x0444, 0x0430, 0x043B, 0x043A));
					break;
				case 112: 
				if (style == 0) return String(CharArray::of(0x0427, 0x0430, 0x0441, 0x20, 0x0424, 0x044D, 0x0440, 0x043D, 0x0430, 0x043D, 0x0434, 0x0443, 0x2D, 0x0434, 0x044B, 0x2D, 0x041D, 0x0430, 0x0440, 0x043E, 0x043D, 0x044C, 0x044F));
				if (style == 1) return String(CharArray::of(0x0417, 0x043C, 0x043E, 0x045E, 0x0447, 0x043D, 0x044B, 0x20, 0x0447, 0x0430, 0x0441, 0x20, 0x0424, 0x044D, 0x0440, 0x043D, 0x0430, 0x043D, 0x0434, 0x0443, 0x2D, 0x0434, 0x044B, 0x2D, 0x041D, 0x0430, 0x0440, 0x043E, 0x043D, 0x044C, 0x044F));
				if (style == 2) return String(CharArray::of(0x041B, 0x0435, 0x0442, 0x043D, 0x0456, 0x20, 0x0447, 0x0430, 0x0441, 0x20, 0x0424, 0x044D, 0x0440, 0x043D, 0x0430, 0x043D, 0x0434, 0x0443, 0x2D, 0x0434, 0x044B, 0x2D, 0x041D, 0x0430, 0x0440, 0x043E, 0x043D, 0x044C, 0x044F));
					break;
				case 114: 
				if (style == 0) return String(CharArray::of(0x041D, 0x043E, 0x0432, 0x0430, 0x0441, 0x044B, 0x0431, 0x0456, 0x0440, 0x0441, 0x043A, 0x0456, 0x20, 0x0447, 0x0430, 0x0441));
				if (style == 1) return String(CharArray::of(0x041D, 0x043E, 0x0432, 0x0430, 0x0441, 0x044B, 0x0431, 0x0456, 0x0440, 0x0441, 0x043A, 0x0456, 0x20, 0x0437, 0x043C, 0x043E, 0x045E, 0x0447, 0x043D, 0x044B, 0x20, 0x0447, 0x0430, 0x0441));
				if (style == 2) return String(CharArray::of(0x041D, 0x043E, 0x0432, 0x0430, 0x0441, 0x044B, 0x0431, 0x0456, 0x0440, 0x0441, 0x043A, 0x0456, 0x20, 0x043B, 0x0435, 0x0442, 0x043D, 0x0456, 0x20, 0x0447, 0x0430, 0x0441));
					break;
				case 115: 
				if (style == 1) return String(CharArray::of(0x041E, 0x043C, 0x0441, 0x043A, 0x0456, 0x20, 0x0437, 0x043C, 0x043E, 0x045E, 0x0447, 0x043D, 0x044B, 0x20, 0x0447, 0x0430, 0x0441));
					break;
				case 116: 
				if (style == 1) return String(CharArray::of(0x041F, 0x0430, 0x043A, 0x0456, 0x0441, 0x0442, 0x0430, 0x043D, 0x0441, 0x043A, 0x0456, 0x20, 0x0437, 0x043C, 0x043E, 0x045E, 0x0447, 0x043D, 0x044B, 0x20, 0x0447, 0x0430, 0x0441));
					break;
				case 117: 
				if (style == 1) return String(CharArray::of(0x0427, 0x0430, 0x0441, 0x20, 0x041F, 0x0430, 0x043B, 0x0430, 0x045E));
					break;
				case 118: 
				if (style == 1) return String(CharArray::of(0x0427, 0x0430, 0x0441, 0x20, 0x041F, 0x0430, 0x043F, 0x0443, 0x0430, 0x2D, 0x041D, 0x043E, 0x0432, 0x0430, 0x0439, 0x20, 0x0413, 0x0432, 0x0456, 0x043D, 0x044D, 0x0456));
					break;
				case 119: 
				if (style == 0) return String(CharArray::of(0x0427, 0x0430, 0x0441, 0x20, 0x041F, 0x0430, 0x0440, 0x0430, 0x0433, 0x0432, 0x0430, 0x044E));
				if (style == 1) return String(CharArray::of(0x0417, 0x043C, 0x043E, 0x045E, 0x0447, 0x043D, 0x044B, 0x20, 0x0447, 0x0430, 0x0441, 0x20, 0x041F, 0x0430, 0x0440, 0x0430, 0x0433, 0x0432, 0x0430, 0x044E));
				if (style == 2) return String(CharArray::of(0x041B, 0x0435, 0x0442, 0x043D, 0x0456, 0x20, 0x0447, 0x0430, 0x0441, 0x20, 0x041F, 0x0430, 0x0440, 0x0430, 0x0433, 0x0432, 0x0430, 0x044E));
					break;
				case 120: 
				if (style == 0) return String(CharArray::of(0x041F, 0x044D, 0x0440, 0x0443, 0x0430, 0x043D, 0x0441, 0x043A, 0x0456, 0x20, 0x0447, 0x0430, 0x0441));
				if (style == 1) return String(CharArray::of(0x041F, 0x044D, 0x0440, 0x0443, 0x0430, 0x043D, 0x0441, 0x043A, 0x0456, 0x20, 0x0437, 0x043C, 0x043E, 0x045E, 0x0447, 0x043D, 0x044B, 0x20, 0x0447, 0x0430, 0x0441));
				if (style == 2) return String(CharArray::of(0x041F, 0x044D, 0x0440, 0x0443, 0x0430, 0x043D, 0x0441, 0x043A, 0x0456, 0x20, 0x043B, 0x0435, 0x0442, 0x043D, 0x0456, 0x20, 0x0447, 0x0430, 0x0441));
					break;
				case 121: 
				if (style == 1) return String(CharArray::of(0x0424, 0x0456, 0x043B, 0x0456, 0x043F, 0x0456, 0x043D, 0x0441, 0x043A, 0x0456, 0x20, 0x0437, 0x043C, 0x043E, 0x045E, 0x0447, 0x043D, 0x044B, 0x20, 0x0447, 0x0430, 0x0441));
					break;
				case 122: 
				if (style == 1) return String(CharArray::of(0x0427, 0x0430, 0x0441, 0x20, 0x0430, 0x0441, 0x0442, 0x0440, 0x0430, 0x0432, 0x043E, 0x045E, 0x20, 0x0424, 0x0456, 0x043D, 0x0456, 0x043A, 0x0441));
					break;
				case 123: 
				if (style == 0) return String(CharArray::of(0x0427, 0x0430, 0x0441, 0x20, 0x0421, 0x044D, 0x043D, 0x2D, 0x041F, 0x2019, 0x0435, 0x0440, 0x0443, 0x20, 0x0456, 0x20, 0x041C, 0x0456, 0x043A, 0x0435, 0x043B, 0x0451, 0x043D, 0x0443));
				if (style == 1) return String(CharArray::of(0x0417, 0x043C, 0x043E, 0x045E, 0x0447, 0x043D, 0x044B, 0x20, 0x0447, 0x0430, 0x0441, 0x20, 0x0421, 0x044D, 0x043D, 0x2D, 0x041F, 0x2019, 0x0435, 0x0440, 0x0443, 0x20, 0x0456, 0x20, 0x041C, 0x0456, 0x043A, 0x0435, 0x043B, 0x0451, 0x043D, 0x0443));
				if (style == 2) return String(CharArray::of(0x0417, 0x043C, 0x043E, 0x045E, 0x0447, 0x043D, 0x044B, 0x20, 0x043B, 0x0435, 0x0442, 0x043D, 0x0456, 0x20, 0x0447, 0x0430, 0x0441, 0x20, 0x0421, 0x044D, 0x043D, 0x2D, 0x041F, 0x2019, 0x0435, 0x0440, 0x0443, 0x20, 0x0456, 0x20, 0x041C, 0x0456, 0x043A, 0x0435, 0x043B, 0x0451, 0x043D, 0x0443));
					break;
				case 125: 
				if (style == 1) return String(CharArray::of(0x0427, 0x0430, 0x0441, 0x20, 0x0432, 0x043E, 0x0441, 0x0442, 0x0440, 0x0430, 0x0432, 0x0430, 0x20, 0x041F, 0x0430, 0x043D, 0x043F, 0x044D, 0x0456));
					break;
				case 126: 
				if (style == 1) return String(CharArray::of(0x041F, 0x0445, 0x044D, 0x043D, 0x044C, 0x044F, 0x043D, 0x0441, 0x043A, 0x0456, 0x20, 0x0447, 0x0430, 0x0441));
					break;
				case 130: 
				if (style == 1) return String(CharArray::of(0x0421, 0x0430, 0x0445, 0x0430, 0x043B, 0x0456, 0x043D, 0x0441, 0x043A, 0x0456, 0x20, 0x0437, 0x043C, 0x043E, 0x045E, 0x0447, 0x043D, 0x044B, 0x20, 0x0447, 0x0430, 0x0441));
					break;
				case 132: 
				if (style == 1) return String(CharArray::of(0x0417, 0x043C, 0x043E, 0x045E, 0x0447, 0x043D, 0x044B, 0x20, 0x0447, 0x0430, 0x0441, 0x20, 0x0421, 0x0430, 0x043C, 0x043E, 0x0430));
					break;
				case 133: 
				if (style == 1) return String(CharArray::of(0x0427, 0x0430, 0x0441, 0x20, 0x0421, 0x044D, 0x0439, 0x0448, 0x044D, 0x043B, 0x0430, 0x045E));
					break;
				case 134: 
				if (style == 1) return String(CharArray::of(0x0421, 0x044B, 0x043D, 0x0433, 0x0430, 0x043F, 0x0443, 0x0440, 0x0441, 0x043A, 0x0456, 0x20, 0x0447, 0x0430, 0x0441));
					break;
				case 137: 
				if (style == 1) return String(CharArray::of(0x0427, 0x0430, 0x0441, 0x20, 0x0421, 0x0443, 0x0440, 0x044B, 0x043D, 0x0430, 0x043C, 0x0443));
					break;
				case 140: 
				if (style == 0) return String(CharArray::of(0x0427, 0x0430, 0x0441, 0x20, 0x0422, 0x0430, 0x0439, 0x0431, 0x044D, 0x044E));
				if (style == 1) return String(CharArray::of(0x0417, 0x043C, 0x043E, 0x045E, 0x0447, 0x043D, 0x044B, 0x20, 0x0447, 0x0430, 0x0441, 0x20, 0x0422, 0x0430, 0x0439, 0x0431, 0x044D, 0x044F));
				if (style == 2) return String(CharArray::of(0x041B, 0x0435, 0x0442, 0x043D, 0x0456, 0x20, 0x0447, 0x0430, 0x0441, 0x20, 0x0422, 0x0430, 0x0439, 0x0431, 0x044D, 0x044E));
					break;
				case 141: 
				if (style == 1) return String(CharArray::of(0x0427, 0x0430, 0x0441, 0x20, 0x0422, 0x0430, 0x0434, 0x0436, 0x044B, 0x043A, 0x0456, 0x0441, 0x0442, 0x0430, 0x043D, 0x0443));
					break;
				case 142: 
				if (style == 1) return String(CharArray::of(0x0427, 0x0430, 0x0441, 0x20, 0x0422, 0x0430, 0x043A, 0x0435, 0x043B, 0x0430, 0x045E));
					break;
				case 143: 
				if (style == 1) return String(CharArray::of(0x0417, 0x043C, 0x043E, 0x045E, 0x0447, 0x043D, 0x044B, 0x20, 0x0447, 0x0430, 0x0441, 0x20, 0x0422, 0x043E, 0x043D, 0x0433, 0x0430));
					break;
				case 145: 
				if (style == 0) return String(CharArray::of(0x0427, 0x0430, 0x0441, 0x20, 0x0422, 0x0443, 0x0440, 0x043A, 0x043C, 0x044D, 0x043D, 0x0456, 0x0441, 0x0442, 0x0430, 0x043D, 0x0443));
				if (style == 1) return String(CharArray::of(0x0417, 0x043C, 0x043E, 0x045E, 0x0447, 0x043D, 0x044B, 0x20, 0x0447, 0x0430, 0x0441, 0x20, 0x0422, 0x0443, 0x0440, 0x043A, 0x043C, 0x044D, 0x043D, 0x0456, 0x0441, 0x0442, 0x0430, 0x043D, 0x0430));
				if (style == 2) return String(CharArray::of(0x041B, 0x0435, 0x0442, 0x043D, 0x0456, 0x20, 0x0447, 0x0430, 0x0441, 0x20, 0x0422, 0x0443, 0x0440, 0x043A, 0x043C, 0x044D, 0x043D, 0x0456, 0x0441, 0x0442, 0x0430, 0x043D, 0x0443));
					break;
				case 147: 
				if (style == 1) return String(CharArray::of(0x0423, 0x0440, 0x0443, 0x0433, 0x0432, 0x0430, 0x0439, 0x0441, 0x043A, 0x0456, 0x20, 0x0437, 0x043C, 0x043E, 0x045E, 0x0447, 0x043D, 0x044B, 0x20, 0x0447, 0x0430, 0x0441));
					break;
				case 148: 
				if (style == 0) return String(CharArray::of(0x0427, 0x0430, 0x0441, 0x20, 0x0423, 0x0437, 0x0431, 0x044D, 0x043A, 0x0456, 0x0441, 0x0442, 0x0430, 0x043D, 0x0443));
				if (style == 1) return String(CharArray::of(0x0417, 0x043C, 0x043E, 0x045E, 0x0447, 0x043D, 0x044B, 0x20, 0x0447, 0x0430, 0x0441, 0x20, 0x0423, 0x0437, 0x0431, 0x044D, 0x043A, 0x0456, 0x0441, 0x0442, 0x0430, 0x043D, 0x0443));
				if (style == 2) return String(CharArray::of(0x041B, 0x0435, 0x0442, 0x043D, 0x0456, 0x20, 0x0447, 0x0430, 0x0441, 0x20, 0x0423, 0x0437, 0x0431, 0x044D, 0x043A, 0x0456, 0x0441, 0x0442, 0x0430, 0x043D, 0x0443));
					break;
				case 149: 
				if (style == 1) return String(CharArray::of(0x0417, 0x043C, 0x043E, 0x045E, 0x0447, 0x043D, 0x044B, 0x20, 0x0447, 0x0430, 0x0441, 0x20, 0x0412, 0x0430, 0x043D, 0x0443, 0x0430, 0x0442, 0x0443));
					break;
				case 150: 
				if (style == 1) return String(CharArray::of(0x0412, 0x044D, 0x043D, 0x044D, 0x0441, 0x0443, 0x044D, 0x043B, 0x044C, 0x0441, 0x043A, 0x0456, 0x20, 0x0447, 0x0430, 0x0441));
					break;
				case 151: 
				if (style == 1) return String(CharArray::of(0x0423, 0x043B, 0x0430, 0x0434, 0x0437, 0x0456, 0x0432, 0x0430, 0x0441, 0x0442, 0x043E, 0x0446, 0x043A, 0x0456, 0x20, 0x0437, 0x043C, 0x043E, 0x045E, 0x0447, 0x043D, 0x044B, 0x20, 0x0447, 0x0430, 0x0441));
					break;
				case 152: 
				if (style == 0) return String(CharArray::of(0x0412, 0x0430, 0x043B, 0x0433, 0x0430, 0x0433, 0x0440, 0x0430, 0x0434, 0x0437, 0x043A, 0x0456, 0x20, 0x0447, 0x0430, 0x0441));
				if (style == 1) return String(CharArray::of(0x0412, 0x0430, 0x043B, 0x0433, 0x0430, 0x0433, 0x0440, 0x0430, 0x0434, 0x0437, 0x043A, 0x0456, 0x20, 0x0437, 0x043C, 0x043E, 0x045E, 0x0447, 0x043D, 0x044B, 0x20, 0x0447, 0x0430, 0x0441));
				if (style == 2) return String(CharArray::of(0x0412, 0x0430, 0x043B, 0x0433, 0x0430, 0x0433, 0x0440, 0x0430, 0x0434, 0x0437, 0x043A, 0x0456, 0x20, 0x043B, 0x0435, 0x0442, 0x043D, 0x0456, 0x20, 0x0447, 0x0430, 0x0441));
					break;
				case 153: 
				if (style == 1) return String(CharArray::of(0x0427, 0x0430, 0x0441, 0x20, 0x0441, 0x0442, 0x0430, 0x043D, 0x0446, 0x044B, 0x0456, 0x20, 0x040E, 0x0441, 0x0445, 0x043E, 0x0434));
					break;
				case 154: 
				if (style == 1) return String(CharArray::of(0x0427, 0x0430, 0x0441, 0x20, 0x0432, 0x043E, 0x0441, 0x0442, 0x0440, 0x0430, 0x0432, 0x0430, 0x20, 0x040E, 0x044D, 0x0439, 0x043A));
					break;
				case 155: 
				if (style == 1) return String(CharArray::of(0x0427, 0x0430, 0x0441, 0x20, 0x0430, 0x0441, 0x0442, 0x0440, 0x0430, 0x0432, 0x043E, 0x045E, 0x20, 0x040E, 0x043E, 0x043B, 0x0456, 0x0441, 0x20, 0x0456, 0x20, 0x0424, 0x0443, 0x0442, 0x0443, 0x043D, 0x0430));
					break;
				case 156: 
				if (style == 1) return String(CharArray::of(0x042F, 0x043A, 0x0443, 0x0446, 0x043A, 0x0456, 0x20, 0x0437, 0x043C, 0x043E, 0x045E, 0x0447, 0x043D, 0x044B, 0x20, 0x0447, 0x0430, 0x0441));
					break;
				case 157: 
				if (style == 0) return String(CharArray::of(0x0415, 0x043A, 0x0430, 0x0446, 0x044F, 0x0440, 0x044B, 0x043D, 0x0431, 0x0443, 0x0440, 0x0441, 0x043A, 0x0456, 0x20, 0x0447, 0x0430, 0x0441));
				if (style == 1) return String(CharArray::of(0x0415, 0x043A, 0x0430, 0x0446, 0x044F, 0x0440, 0x044B, 0x043D, 0x0431, 0x0443, 0x0440, 0x0441, 0x043A, 0x0456, 0x20, 0x0437, 0x043C, 0x043E, 0x045E, 0x0447, 0x043D, 0x044B, 0x20, 0x0447, 0x0430, 0x0441));
				if (style == 2) return String(CharArray::of(0x0415, 0x043A, 0x0430, 0x0446, 0x044F, 0x0440, 0x044B, 0x043D, 0x0431, 0x0443, 0x0440, 0x0441, 0x043A, 0x0456, 0x20, 0x043B, 0x0435, 0x0442, 0x043D, 0x0456, 0x20, 0x0447, 0x0430, 0x0441));
					break;
            default: break;
            }
            return String();
        }
        
        String Be_Tarask::timezonePattern(gint type) const {
            switch(type){
				case 3: return String(CharArray::of(0x0447, 0x0430, 0x0441, 0x3A, 0x20, 0x7B, 0x30, 0x7D));
            default: break;
            }
            return String();
        }
    }
}
        