
#include "en_Dsrt.h"
#include <core/lang/StringArray.h>


// :::::::::::::::::::::::::::::::::::::::::::::::::::::::::::::::::::::::::::::::::::::::::::::::::
// This file has been Generated by CldrGen.py
// :::::::::::::::::::::::::::::::::::::::::::::::::::::::::::::::::::::::::::::::::::::::::::::::::


namespace core {
    using namespace util;
    namespace locales {
        
        String En_Dsrt::displayLanguage(gint language, gint script, gint region) const {
            switch(language) {
				case 20: return String(CharArray::of(0xD801, 0xDC08, 0xD801, 0xDC49, 0xD801, 0xDC32, 0xD801, 0xDC40, 0xD801, 0xDC31, 0xD801, 0xDC4C, 0xD801, 0xDC28, 0xD801, 0xDC46));
				case 25: return String(CharArray::of(0xD801, 0xDC07, 0xD801, 0xDC49, 0xD801, 0xDC32, 0xD801, 0xDC3A, 0xD801, 0xDC2E, 0xD801, 0xDC3F));
				case 78: return String(CharArray::of(0xD801, 0xDC12, 0xD801, 0xDC49, 0xD801, 0xDC2F, 0xD801, 0xDC3B, 0xD801, 0xDC32, 0xD801, 0xDC4C));
				case 87: return String(CharArray::of(0xD801, 0xDC12, 0xD801, 0xDC4A, 0xD801, 0xDC2E, 0xD801, 0xDC4C));
				case 89: return String(CharArray::of(0xD801, 0xDC17, 0xD801, 0xDC2A, 0xD801, 0xDC3B, 0xD801, 0xDC32, 0xD801, 0xDC4A, 0xD801, 0xDC2A, 0xD801, 0xDC4C));
				case 106: return String(CharArray::of(0xD801, 0xDC15, 0xD801, 0xDC2F, 0xD801, 0xDC49, 0xD801, 0xDC2C, 0xD801, 0xDC3F, 0xD801, 0xDC28));
				case 107: return String(CharArray::of(0xD801, 0xDC1F, 0xD801, 0xDC34, 0xD801, 0xDC30, 0xD801, 0xDC4C));
				case 111: return String(CharArray::of(0xD801, 0xDC17, 0xD801, 0xDC2C, 0xD801, 0xDC49, 0xD801, 0xDC45, 0xD801, 0xDC2E, 0xD801, 0xDC3F, 0xD801, 0xDC32, 0xD801, 0xDC4C));
				case 112: return String(CharArray::of(0xD801, 0xDC17, 0xD801, 0xDC2C, 0xD801, 0xDC39, 0xD801, 0xDC3B, 0xD801, 0xDC2E, 0xD801, 0xDC3F));
				case 114: return String(CharArray::of(0xD801, 0xDC17, 0xD801, 0xDC49, 0xD801, 0xDC28));
				case 123: return String(CharArray::of(0xD801, 0xDC15, 0xD801, 0xDC2F, 0xD801, 0xDC3F));
				case 129: return String(CharArray::of(0xD801, 0xDC0E, 0xD801, 0xDC2F, 0xD801, 0xDC4A, 0xD801, 0xDC47));
				case 130: return String(CharArray::of(0xD801, 0xDC14, 0xD801, 0xDC29, 0xD801, 0xDC4C, 0xD801, 0xDC2E, 0xD801, 0xDC47));
				case 131: return String(CharArray::of(0xD801, 0xDC14, 0xD801, 0xDC32, 0xD801, 0xDC3F, 0xD801, 0xDC2C, 0xD801, 0xDC3B, 0xD801, 0xDC32));
				case 134: return String(CharArray::of(0xD801, 0xDC16, 0xD801, 0xDC32, 0xD801, 0xDC49, 0xD801, 0xDC4B, 0xD801, 0xDC4C, 0xD801, 0xDC32));
				case 141: return String(CharArray::of(0xD801, 0xDC22, 0xD801, 0xDC2C, 0xD801, 0xDC32, 0xD801, 0xDC49, 0x20, 0xD801, 0xDC1D, 0xD801, 0xDC2C, 0xD801, 0xDC49, 0xD801, 0xDC3A, 0xD801, 0xDC28, 0xD801, 0xDC32, 0xD801, 0xDC4C));
				case 144: return String(CharArray::of(0xD801, 0xDC23, 0xD801, 0xDC2E, 0xD801, 0xDC3C, 0xD801, 0xDC32, 0xD801, 0xDC4A, 0x20, 0xD801, 0xDC14, 0xD801, 0xDC32, 0xD801, 0xDC3D));
				case 154: return String(CharArray::of(0xD801, 0xDC01, 0xD801, 0xDC4C, 0xD801, 0xDC3D, 0xD801, 0xDC32, 0xD801, 0xDC4C, 0xD801, 0xDC3B, 0x20, 0xD801, 0xDC00, 0xD801, 0xDC3E, 0xD801, 0xDC2E, 0xD801, 0xDC39, 0xD801, 0xDC3D, 0xD801, 0xDC32, 0xD801, 0xDC4C));
				case 156: return String(CharArray::of(0xD801, 0xDC18, 0xD801, 0xDC49, 0xD801, 0xDC28, 0xD801, 0xDC3F));
				case 158: return String(CharArray::of(0xD801, 0xDC00, 0xD801, 0xDC4D, 0xD801, 0xDC4A, 0xD801, 0xDC2E, 0xD801, 0xDC47));
				case 159: return String(CharArray::of(0xD801, 0xDC23, 0xD801, 0xDC2E, 0xD801, 0xDC3C, 0xD801, 0xDC32, 0xD801, 0xDC4A, 0x20, 0xD801, 0xDC00, 0xD801, 0xDC4D, 0xD801, 0xDC4A, 0xD801, 0xDC2E, 0xD801, 0xDC47));
				case 160: return String(CharArray::of(0xD801, 0xDC07, 0xD801, 0xDC45, 0xD801, 0xDC39, 0xD801, 0xDC2F, 0xD801, 0xDC49, 0xD801, 0xDC2A, 0xD801, 0xDC4C, 0xD801, 0xDC3B, 0xD801, 0xDC2C));
				case 161: return String(CharArray::of(0xD801, 0xDC1D, 0xD801, 0xDC39, 0xD801, 0xDC30, 0xD801, 0xDC4C, 0xD801, 0xDC2E, 0xD801, 0xDC47));
				case 163: return String(CharArray::of(0xD801, 0xDC00, 0xD801, 0xDC45, 0xD801, 0xDC3B, 0xD801, 0xDC2C, 0xD801, 0xDC4C, 0xD801, 0xDC28, 0xD801, 0xDC32, 0xD801, 0xDC4C));
				case 164: return String(CharArray::of(0xD801, 0xDC12, 0xD801, 0xDC30, 0xD801, 0xDC45, 0xD801, 0xDC3F));
				case 177: return String(CharArray::of(0xD801, 0xDC19, 0xD801, 0xDC49, 0xD801, 0xDC2F, 0xD801, 0xDC4C, 0xD801, 0xDC3D));
				case 179: return String(CharArray::of(0xD801, 0xDC23, 0xD801, 0xDC2E, 0xD801, 0xDC3C, 0xD801, 0xDC32, 0xD801, 0xDC4A, 0x20, 0xD801, 0xDC19, 0xD801, 0xDC49, 0xD801, 0xDC2F, 0xD801, 0xDC4C, 0xD801, 0xDC3D));
				case 186: return String(CharArray::of(0xD801, 0xDC0C, 0xD801, 0xDC49, 0xD801, 0xDC2E, 0xD801, 0xDC47));
				case 195: return String(CharArray::of(0xD801, 0xDC18, 0xD801, 0xDC2E, 0xD801, 0xDC4A, 0xD801, 0xDC3A, 0xD801, 0xDC2F, 0xD801, 0xDC49, 0xD801, 0xDC3B, 0xD801, 0xDC28, 0xD801, 0xDC46));
				case 198: return String(CharArray::of(0xD801, 0xDC23, 0xD801, 0xDC2E, 0xD801, 0xDC3C, 0xD801, 0xDC32, 0xD801, 0xDC4A, 0x20, 0xD801, 0xDC10, 0xD801, 0xDC34, 0x20, 0xD801, 0xDC16, 0xD801, 0xDC32, 0xD801, 0xDC49, 0xD801, 0xDC4B, 0xD801, 0xDC32, 0xD801, 0xDC4C));
				case 203: return String(CharArray::of(0xD801, 0xDC18, 0xD801, 0xDC31, 0xD801, 0xDC43, 0xD801, 0xDC2E, 0xD801, 0xDC3F));
				case 205: return String(CharArray::of(0xD801, 0xDC01, 0xD801, 0xDC4C, 0xD801, 0xDC3D, 0xD801, 0xDC32, 0xD801, 0xDC4C, 0xD801, 0xDC3B, 0x20, 0xD801, 0xDC18, 0xD801, 0xDC49, 0xD801, 0xDC28, 0xD801, 0xDC3F));
				case 211: return String(CharArray::of(0xD801, 0xDC23, 0xD801, 0xDC30, 0xD801, 0xDC4C, 0xD801, 0xDC3F, 0xD801, 0xDC45));
				case 216: return String(CharArray::of(0xD801, 0xDC10, 0xD801, 0xDC32, 0xD801, 0xDC36, 0xD801, 0xDC34, 0xD801, 0xDC32, 0xD801, 0xDC4C));
				case 220: return String(CharArray::of(0xD801, 0xDC10, 0xD801, 0xDC2E, 0xD801, 0xDC4C, 0xD801, 0xDC3C, 0xD801, 0xDC28));
				case 223: return String(CharArray::of(0xD801, 0xDC10, 0xD801, 0xDC2E, 0xD801, 0xDC3B, 0xD801, 0xDC34, 0xD801, 0xDC3B));
				case 227: return String(CharArray::of(0xD801, 0xDC17, 0xD801, 0xDC49, 0xD801, 0xDC2C, 0xD801, 0xDC29, 0xD801, 0xDC47, 0xD801, 0xDC32, 0xD801, 0xDC4C));
				case 230: return String(CharArray::of(0xD801, 0xDC10, 0xD801, 0xDC29, 0xD801, 0xDC47, 0xD801, 0xDC32, 0xD801, 0xDC4C));
				case 234: return String(CharArray::of(0xD801, 0xDC02, 0xD801, 0xDC49, 0xD801, 0xDC4B, 0xD801, 0xDC28, 0xD801, 0xDC4C, 0xD801, 0xDC28, 0xD801, 0xDC32, 0xD801, 0xDC4C));
				case 236: return String(CharArray::of(0xD801, 0xDC06, 0xD801, 0xDC4C, 0xD801, 0xDC3B, 0xD801, 0xDC32, 0xD801, 0xDC49, 0xD801, 0xDC4A, 0xD801, 0xDC2E, 0xD801, 0xDC4D, 0xD801, 0xDC36, 0xD801, 0xDC32));
				case 239: return String(CharArray::of(0xD801, 0xDC06, 0xD801, 0xDC4C, 0xD801, 0xDC3C, 0xD801, 0xDC2C, 0xD801, 0xDC4C, 0xD801, 0xDC28, 0xD801, 0xDC48, 0xD801, 0xDC32, 0xD801, 0xDC4C));
				case 250: return String(CharArray::of(0xD801, 0xDC0C, 0xD801, 0xDC45, 0xD801, 0xDC4A, 0xD801, 0xDC30, 0xD801, 0xDC4C, 0xD801, 0xDC3C, 0xD801, 0xDC2E, 0xD801, 0xDC3F));
				case 251: return String(CharArray::of(0xD801, 0xDC06, 0xD801, 0xDC3B, 0xD801, 0xDC30, 0xD801, 0xDC4A, 0xD801, 0xDC37, 0xD801, 0xDC32, 0xD801, 0xDC4C));
				case 255: return String(CharArray::of(0xD801, 0xDC16, 0xD801, 0xDC30, 0xD801, 0xDC39, 0xD801, 0xDC32, 0xD801, 0xDC4C, 0xD801, 0xDC28, 0xD801, 0xDC46));
				case 261: return String(CharArray::of(0xD801, 0xDC16, 0xD801, 0xDC2D, 0xD801, 0xDC3C, 0xD801, 0xDC28, 0xD801, 0xDC2C, 0x2D, 0xD801, 0xDC11, 0xD801, 0xDC2F, 0xD801, 0xDC49, 0xD801, 0xDC48, 0xD801, 0xDC32, 0xD801, 0xDC4C));
				case 262: return String(CharArray::of(0xD801, 0xDC16, 0xD801, 0xDC2D, 0xD801, 0xDC3C, 0xD801, 0xDC28, 0xD801, 0xDC2C, 0x2D, 0xD801, 0xDC08, 0xD801, 0xDC49, 0xD801, 0xDC32, 0xD801, 0xDC3A, 0xD801, 0xDC2E, 0xD801, 0xDC3F));
				case 264: return String(CharArray::of(0xD801, 0xDC16, 0xD801, 0xDC2A, 0xD801, 0xDC42, 0xD801, 0xDC32, 0xD801, 0xDC4C, 0xD801, 0xDC28, 0xD801, 0xDC46));
				case 265: return String(CharArray::of(0xD801, 0xDC16, 0xD801, 0xDC2C, 0xD801, 0xDC49, 0xD801, 0xDC3E, 0xD801, 0xDC32, 0xD801, 0xDC4C));
				case 292: return String(CharArray::of(0xD801, 0xDC17, 0xD801, 0xDC32, 0xD801, 0xDC4B, 0xD801, 0xDC2F, 0xD801, 0xDC49));
				case 295: return String(CharArray::of(0xD801, 0xDC17, 0xD801, 0xDC2C, 0xD801, 0xDC49, 0xD801, 0xDC28, 0xD801, 0xDC32, 0xD801, 0xDC4C));
				case 310: return String(CharArray::of(0xD801, 0xDC17, 0xD801, 0xDC32, 0xD801, 0xDC49, 0xD801, 0xDC3C, 0xD801, 0xDC2E, 0xD801, 0xDC47));
				case 312: return String(CharArray::of(0xD801, 0xDC22, 0xD801, 0xDC30, 0xD801, 0xDC3C, 0xD801, 0xDC28, 0xD801, 0xDC4C, 0xD801, 0xDC2C));
				case 314: return String(CharArray::of(0xD801, 0xDC17, 0xD801, 0xDC2C, 0xD801, 0xDC49, 0xD801, 0xDC4C, 0xD801, 0xDC2E, 0xD801, 0xDC47));
				case 318: return String(CharArray::of(0xD801, 0xDC22, 0xD801, 0xDC30, 0xD801, 0xDC3B, 0xD801, 0xDC2E, 0xD801, 0xDC4C));
				case 323: return String(CharArray::of(0xD801, 0xDC22, 0xD801, 0xDC32, 0xD801, 0xDC3F, 0xD801, 0xDC45, 0xD801, 0xDC2F, 0xD801, 0xDC4B, 0xD801, 0xDC3A, 0xD801, 0xDC32, 0xD801, 0xDC49, 0xD801, 0xDC40, 0xD801, 0xDC2E, 0xD801, 0xDC47));
				case 335: return String(CharArray::of(0xD801, 0xDC22, 0xD801, 0xDC35));
				case 350: return String(CharArray::of(0xD801, 0xDC22, 0xD801, 0xDC30, 0xD801, 0xDC3B, 0xD801, 0xDC42, 0xD801, 0xDC28, 0xD801, 0xDC32, 0xD801, 0xDC4C));
				case 367: return String(CharArray::of(0xD801, 0xDC23, 0xD801, 0xDC2E, 0xD801, 0xDC3C, 0xD801, 0xDC32, 0xD801, 0xDC4A, 0x20, 0xD801, 0xDC0C, 0xD801, 0xDC49, 0xD801, 0xDC2E, 0xD801, 0xDC47));
				case 372: return String(CharArray::of(0xD801, 0xDC23, 0xD801, 0xDC35, 0xD801, 0xDC49, 0xD801, 0xDC28));
				case 375: return String(CharArray::of(0xD801, 0xDC23, 0xD801, 0xDC30, 0xD801, 0xDC45, 0xD801, 0xDC2F, 0xD801, 0xDC3C, 0xD801, 0xDC2C, 0xD801, 0xDC4C, 0xD801, 0xDC28, 0xD801, 0xDC32, 0xD801, 0xDC4C));
				case 377: return String(CharArray::of(0xD801, 0xDC23, 0xD801, 0xDC31, 0xD801, 0xDC4D, 0xD801, 0xDC2C, 0xD801, 0xDC4A, 0xD801, 0xDC28, 0xD801, 0xDC32, 0xD801, 0xDC4C));
				case 378: return String(CharArray::of(0xD801, 0xDC23, 0xD801, 0xDC30, 0xD801, 0xDC4C, 0xD801, 0xDC3D, 0xD801, 0xDC2D));
				case 381: return String(CharArray::of(0xD801, 0xDC10, 0xD801, 0xDC2C, 0xD801, 0xDC38, 0xD801, 0xDC2A, 0xD801, 0xDC3F));
				case 388: return String(CharArray::of(0xD801, 0xDC23, 0xD801, 0xDC32, 0xD801, 0xDC4A, 0xD801, 0xDC3B, 0xD801, 0xDC2E, 0xD801, 0xDC39, 0xD801, 0xDC32, 0xD801, 0xDC4A, 0x20, 0xD801, 0xDC22, 0xD801, 0xDC29, 0xD801, 0xDC4D, 0xD801, 0xDC36, 0xD801, 0xDC2E, 0xD801, 0xDC3E, 0xD801, 0xDC32, 0xD801, 0xDC46));
				case 389: return String(CharArray::of(0xD801, 0xDC17, 0xD801, 0xDC49, 0xD801, 0xDC28, 0xD801, 0xDC3F));
				case 393: return String(CharArray::of(0xD801, 0xDC12, 0xD801, 0xDC32, 0xD801, 0xDC49, 0xD801, 0xDC4B, 0xD801, 0xDC28, 0xD801, 0xDC46));
				case 399: return String(CharArray::of(0xD801, 0xDC24, 0xD801, 0xDC28, 0xD801, 0xDC32, 0xD801, 0xDC39, 0xD801, 0xDC31, 0xD801, 0xDC4A, 0xD801, 0xDC2E, 0xD801, 0xDC3B, 0xD801, 0xDC32, 0xD801, 0xDC4C));
				case 403: return String(CharArray::of(0xD801, 0xDC22, 0xD801, 0xDC2C, 0x20, 0xD801, 0xDC16, 0xD801, 0xDC2F, 0xD801, 0xDC49, 0xD801, 0xDC4B, 0xD801, 0xDC32, 0xD801, 0xDC4C));
				case 410: return String(CharArray::of(0xD801, 0xDC14, 0xD801, 0xDC32, 0xD801, 0xDC3D));
				case 422: return String(CharArray::of(0xD801, 0xDC24, 0xD801, 0xDC2A, 0xD801, 0xDC42, 0xD801, 0xDC32, 0xD801, 0xDC38, 0xD801, 0xDC2C));
				case 477: 
					if (region == 179) return String(CharArray::of(0xD801, 0xDC23, 0xD801, 0xDC2C, 0xD801, 0xDC4A, 0xD801, 0xDC3C, 0xD801, 0xDC29, 0xD801, 0xDC42, 0xD801, 0xDC28, 0xD801, 0xDC32, 0xD801, 0xDC4C));break;
				case 572: return String(CharArray::of(0xD801, 0xDC17, 0xD801, 0xDC4A, 0xD801, 0xDC2E, 0xD801, 0xDC4D, 0xD801, 0xDC31, 0xD801, 0xDC4C));
				case 641: return String(CharArray::of(0xD801, 0xDC12, 0xD801, 0xDC4A, 0xD801, 0xDC2E, 0xD801, 0xDC45, 0x2D, 0xD801, 0xDC45, 0xD801, 0xDC2E, 0xD801, 0xDC4B, 0xD801, 0xDC3A, 0xD801, 0xDC32, 0xD801, 0xDC4A, 0xD801, 0xDC46));
				case 645: return String(CharArray::of(0xD801, 0xDC15, 0xD801, 0xDC34, 0xD801, 0xDC4C, 0xD801, 0xDC28, 0xD801, 0xDC46));
				case 648: return String(CharArray::of(0xD801, 0xDC24, 0xD801, 0xDC2C, 0x20, 0xD801, 0xDC4A, 0xD801, 0xDC28, 0xD801, 0xDC4D, 0xD801, 0xDC36, 0xD801, 0xDC2E, 0xD801, 0xDC45, 0xD801, 0xDC3B, 0xD801, 0xDC2E, 0xD801, 0xDC3F, 0x20, 0xD801, 0xDC3F, 0xD801, 0xDC31, 0xD801, 0xDC4C, 0xD801, 0xDC3B, 0xD801, 0xDC2F, 0xD801, 0xDC4C, 0xD801, 0xDC3B));
            default: break;
            }
            return String();
        }
        
        String En_Dsrt::displayScript(gint script) const {
            switch(script) {
				case 4: return String(CharArray::of(0xD801, 0xDC07, 0xD801, 0xDC49, 0xD801, 0xDC32, 0xD801, 0xDC3A, 0xD801, 0xDC2E, 0xD801, 0xDC3F));
				case 6: return String(CharArray::of(0xD801, 0xDC06, 0xD801, 0xDC4B, 0xD801, 0xDC39, 0xD801, 0xDC2E, 0xD801, 0xDC49, 0xD801, 0xDC28, 0xD801, 0xDC32, 0xD801, 0xDC4A, 0x20, 0xD801, 0xDC01, 0xD801, 0xDC49, 0xD801, 0xDC32, 0xD801, 0xDC4B, 0xD801, 0xDC29, 0xD801, 0xDC2E, 0xD801, 0xDC3F));
				case 7: return String(CharArray::of(0xD801, 0xDC02, 0xD801, 0xDC49, 0xD801, 0xDC4B, 0xD801, 0xDC28, 0xD801, 0xDC4C, 0xD801, 0xDC28, 0xD801, 0xDC32, 0xD801, 0xDC4C));
				case 8: return String(CharArray::of(0xD801, 0xDC0A, 0xD801, 0xDC42, 0xD801, 0xDC2F, 0xD801, 0xDC45, 0xD801, 0xDC3B, 0xD801, 0xDC32, 0xD801, 0xDC4C));
				case 9: return String(CharArray::of(0xD801, 0xDC12, 0xD801, 0xDC2A, 0xD801, 0xDC4A, 0xD801, 0xDC32, 0xD801, 0xDC4C, 0xD801, 0xDC28, 0xD801, 0xDC46));
				case 12: return String(CharArray::of(0xD801, 0xDC12, 0xD801, 0xDC32, 0xD801, 0xDC3B, 0xD801, 0xDC2A, 0xD801, 0xDC3F));
				case 13: return String(CharArray::of(0xD801, 0xDC12, 0xD801, 0xDC2F, 0xD801, 0xDC4C, 0xD801, 0xDC40, 0xD801, 0xDC2A, 0xD801, 0xDC4A, 0xD801, 0xDC28));
				case 15: return String(CharArray::of(0xD801, 0xDC12, 0xD801, 0xDC4A, 0xD801, 0xDC2E, 0xD801, 0xDC45, 0xD801, 0xDC2E, 0xD801, 0xDC4B, 0xD801, 0xDC3A, 0xD801, 0xDC32, 0xD801, 0xDC4A, 0xD801, 0xDC46));
				case 16: return String(CharArray::of(0xD801, 0xDC12, 0xD801, 0xDC31, 0xD801, 0xDC39, 0xD801, 0xDC31, 0xD801, 0xDC4B, 0xD801, 0xDC31, 0xD801, 0xDC41, 0xD801, 0xDC31));
				case 17: return String(CharArray::of(0xD801, 0xDC12, 0xD801, 0xDC49, 0xD801, 0xDC2A, 0xD801, 0xDC4B, 0xD801, 0xDC28));
				case 18: return String(CharArray::of(0xD801, 0xDC12, 0xD801, 0xDC49, 0xD801, 0xDC29, 0xD801, 0xDC4A));
				case 19: return String(CharArray::of(0xD801, 0xDC12, 0xD801, 0xDC2D, 0xD801, 0xDC40, 0xD801, 0xDC2E, 0xD801, 0xDC4C, 0xD801, 0xDC28, 0xD801, 0xDC46));
				case 20: return String(CharArray::of(0xD801, 0xDC12, 0xD801, 0xDC2D, 0xD801, 0xDC38, 0xD801, 0xDC2E, 0xD801, 0xDC3C));
				case 21: return String(CharArray::of(0xD801, 0xDC15, 0xD801, 0xDC2A, 0xD801, 0xDC3F, 0xD801, 0xDC4B, 0xD801, 0xDC32));
				case 22: return String(CharArray::of(0xD801, 0xDC0F, 0xD801, 0xDC2D, 0xD801, 0xDC4C, 0xD801, 0xDC2E, 0xD801, 0xDC41, 0xD801, 0xDC34, 0xD801, 0xDC3C, 0x20, 0xD801, 0xDC17, 0xD801, 0xDC32, 0xD801, 0xDC4C, 0xD801, 0xDC29, 0xD801, 0xDC3C, 0xD801, 0xDC28, 0xD801, 0xDC32, 0xD801, 0xDC4C, 0x20, 0xD801, 0xDC08, 0xD801, 0xDC3A, 0xD801, 0xDC2C, 0xD801, 0xDC49, 0xD801, 0xDC2E, 0xD801, 0xDC3E, 0xD801, 0xDC32, 0xD801, 0xDC4A, 0xD801, 0xDC32, 0xD801, 0xDC4A, 0x20, 0xD801, 0xDC1D, 0xD801, 0xDC2E, 0xD801, 0xDC4A, 0xD801, 0xDC30, 0xD801, 0xDC3A, 0xD801, 0xDC2E, 0xD801, 0xDC3F, 0xD801, 0xDC45));
				case 23: return String(CharArray::of(0xD801, 0xDC17, 0xD801, 0xDC31, 0xD801, 0xDC49, 0xD801, 0xDC28, 0xD801, 0xDC32, 0xD801, 0xDC4C));
				case 24: return String(CharArray::of(0xD801, 0xDC17, 0xD801, 0xDC30, 0xD801, 0xDC4B));
				case 25: return String(CharArray::of(0xD801, 0xDC15, 0xD801, 0xDC2F, 0xD801, 0xDC49, 0xD801, 0xDC2C, 0xD801, 0xDC3F, 0xD801, 0xDC28));
				case 27: return String(CharArray::of(0xD801, 0xDC17, 0xD801, 0xDC32, 0xD801, 0xDC49, 0xD801, 0xDC43));
				case 28: return String(CharArray::of(0xD801, 0xDC17, 0xD801, 0xDC31, 0xD801, 0xDC39, 0xD801, 0xDC3B, 0xD801, 0xDC2E, 0xD801, 0xDC3F));
				case 30: return String(CharArray::of(0xD801, 0xDC1D, 0xD801, 0xDC2E, 0xD801, 0xDC39, 0xD801, 0xDC49, 0xD801, 0xDC28, 0xD801, 0xDC32, 0xD801, 0xDC3B));
				case 31: return String(CharArray::of(0xD801, 0xDC1D, 0xD801, 0xDC32, 0xD801, 0xDC49, 0xD801, 0xDC2E, 0xD801, 0xDC4A, 0xD801, 0xDC2E, 0xD801, 0xDC3F));
				case 32: return String(CharArray::of(0xD801, 0xDC04, 0xD801, 0xDC4A, 0xD801, 0xDC3C, 0x20, 0xD801, 0xDC15, 0xD801, 0xDC32, 0xD801, 0xDC49, 0xD801, 0xDC3D, 0x20, 0xD801, 0xDC1D, 0xD801, 0xDC4A, 0xD801, 0xDC32, 0xD801, 0xDC42, 0xD801, 0xDC31, 0xD801, 0xDC4C, 0xD801, 0xDC2E, 0xD801, 0xDC3F, 0x20, 0xD801, 0xDC17, 0xD801, 0xDC32, 0xD801, 0xDC49, 0xD801, 0xDC2E, 0xD801, 0xDC4A, 0xD801, 0xDC2E, 0xD801, 0xDC3F));
				case 33: return String(CharArray::of(0xD801, 0xDC14, 0xD801, 0xDC29, 0xD801, 0xDC42, 0xD801, 0xDC32, 0xD801, 0xDC4C, 0xD801, 0xDC2A, 0xD801, 0xDC40, 0xD801, 0xDC32, 0xD801, 0xDC49, 0xD801, 0xDC28));
				case 36: return String(CharArray::of(0xD801, 0xDC14, 0xD801, 0xDC2F, 0xD801, 0xDC46, 0xD801, 0xDC32, 0xD801, 0xDC49, 0xD801, 0xDC2F, 0xD801, 0xDC3B));
				case 38: return String(CharArray::of(0xD801, 0xDC00, 0xD801, 0xDC3E, 0xD801, 0xDC2E, 0xD801, 0xDC39, 0xD801, 0xDC3D, 0xD801, 0xDC32, 0xD801, 0xDC4C, 0x20, 0xD801, 0xDC3C, 0xD801, 0xDC32, 0xD801, 0xDC4B, 0xD801, 0xDC31, 0xD801, 0xDC3B, 0xD801, 0xDC2E, 0xD801, 0xDC3F));
				case 39: return String(CharArray::of(0xD801, 0xDC00, 0xD801, 0xDC3E, 0xD801, 0xDC2E, 0xD801, 0xDC39, 0xD801, 0xDC3D, 0xD801, 0xDC32, 0xD801, 0xDC4C, 0x20, 0xD801, 0xDC38, 0xD801, 0xDC34, 0xD801, 0xDC49, 0xD801, 0xDC30, 0xD801, 0xDC3B, 0xD801, 0xDC2E, 0xD801, 0xDC3F));
				case 40: return String(CharArray::of(0xD801, 0xDC00, 0xD801, 0xDC3E, 0xD801, 0xDC2E, 0xD801, 0xDC39, 0xD801, 0xDC3D, 0xD801, 0xDC32, 0xD801, 0xDC4C, 0x20, 0xD801, 0xDC38, 0xD801, 0xDC34, 0xD801, 0xDC49, 0xD801, 0xDC2C, 0xD801, 0xDC40, 0xD801, 0xDC4A, 0xD801, 0xDC2E, 0xD801, 0xDC41, 0xD801, 0xDC2E, 0xD801, 0xDC3F, 0xD801, 0xDC45));
				case 43: return String(CharArray::of(0xD801, 0xDC00, 0xD801, 0xDC43, 0xD801, 0xDC28, 0xD801, 0xDC2A, 0xD801, 0xDC39, 0xD801, 0xDC2E, 0xD801, 0xDC3F));
				case 45: return String(CharArray::of(0xD801, 0xDC16, 0xD801, 0xDC31, 0xD801, 0xDC49, 0xD801, 0xDC3E, 0xD801, 0xDC32, 0xD801, 0xDC4C, 0x20, 0xD801, 0xDC17, 0xD801, 0xDC33, 0xD801, 0xDC3B, 0xD801, 0xDC45, 0xD801, 0xDC2D, 0xD801, 0xDC49, 0xD801, 0xDC28));
				case 46: return String(CharArray::of(0xD801, 0xDC16, 0xD801, 0xDC2C, 0xD801, 0xDC49, 0xD801, 0xDC3E, 0xD801, 0xDC32, 0xD801, 0xDC4C));
				case 47: return String(CharArray::of(0xD801, 0xDC18, 0xD801, 0xDC4A, 0xD801, 0xDC30, 0xD801, 0xDC40, 0xD801, 0xDC2C, 0xD801, 0xDC4A, 0xD801, 0xDC2E, 0xD801, 0xDC3B, 0xD801, 0xDC2E, 0xD801, 0xDC3F));
				case 50: return String(CharArray::of(0xD801, 0xDC18, 0xD801, 0xDC31, 0xD801, 0xDC43, 0xD801, 0xDC2E, 0xD801, 0xDC3F));
				case 52: return String(CharArray::of(0xD801, 0xDC18, 0xD801, 0xDC49, 0xD801, 0xDC28, 0xD801, 0xDC3F));
				case 53: return String(CharArray::of(0xD801, 0xDC18, 0xD801, 0xDC33, 0xD801, 0xDC3E, 0xD801, 0xDC32, 0xD801, 0xDC49, 0xD801, 0xDC2A, 0xD801, 0xDC3C, 0xD801, 0xDC28));
				case 55: return String(CharArray::of(0xD801, 0xDC18, 0xD801, 0xDC33, 0xD801, 0xDC49, 0xD801, 0xDC4B, 0xD801, 0xDC32, 0xD801, 0xDC3F, 0xD801, 0xDC28));
				case 57: return String(CharArray::of(0xD801, 0xDC10, 0xD801, 0xDC2A, 0xD801, 0xDC4C, 0xD801, 0xDC40, 0xD801, 0xDC32, 0xD801, 0xDC4A));
				case 58: return String(CharArray::of(0xD801, 0xDC10, 0xD801, 0xDC2A, 0xD801, 0xDC4C));
				case 59: return String(CharArray::of(0xD801, 0xDC10, 0xD801, 0xDC32, 0xD801, 0xDC4C, 0xD801, 0xDC2D, 0xD801, 0xDC32, 0xD801, 0xDC4C, 0xD801, 0xDC2D));
				case 60: return String(CharArray::of(0xD801, 0xDC1D, 0xD801, 0xDC2E, 0xD801, 0xDC4B, 0xD801, 0xDC39, 0xD801, 0xDC4A, 0xD801, 0xDC2E, 0xD801, 0xDC41, 0xD801, 0xDC34, 0xD801, 0xDC3C, 0x20, 0xD801, 0xDC10, 0xD801, 0xDC2A, 0xD801, 0xDC4C));
				case 61: return String(CharArray::of(0xD801, 0xDC13, 0xD801, 0xDC49, 0xD801, 0xDC32, 0xD801, 0xDC3C, 0xD801, 0xDC2E, 0xD801, 0xDC47, 0xD801, 0xDC32, 0xD801, 0xDC4C, 0xD801, 0xDC32, 0xD801, 0xDC4A, 0x20, 0xD801, 0xDC10, 0xD801, 0xDC2A, 0xD801, 0xDC4C));
				case 63: return String(CharArray::of(0xD801, 0xDC10, 0xD801, 0xDC28, 0xD801, 0xDC3A, 0xD801, 0xDC49, 0xD801, 0xDC2D));
				case 64: return String(CharArray::of(0xD801, 0xDC10, 0xD801, 0xDC2E, 0xD801, 0xDC49, 0xD801, 0xDC32, 0xD801, 0xDC40, 0xD801, 0xDC2A, 0xD801, 0xDC4C, 0xD801, 0xDC32));
				case 68: return String(CharArray::of(0xD801, 0xDC17, 0xD801, 0xDC2A, 0xD801, 0xDC3B, 0xD801, 0xDC32, 0xD801, 0xDC3F, 0xD801, 0xDC2A, 0xD801, 0xDC4C, 0xD801, 0xDC32, 0x20, 0xD801, 0xDC2C, 0xD801, 0xDC49, 0x20, 0xD801, 0xDC10, 0xD801, 0xDC2E, 0xD801, 0xDC49, 0xD801, 0xDC32, 0xD801, 0xDC40, 0xD801, 0xDC2A, 0xD801, 0xDC4C, 0xD801, 0xDC32));
				case 69: return String(CharArray::of(0xD801, 0xDC04, 0xD801, 0xDC4A, 0xD801, 0xDC3C, 0x20, 0xD801, 0xDC10, 0xD801, 0xDC32, 0xD801, 0xDC4D, 0xD801, 0xDC29, 0xD801, 0xDC49, 0xD801, 0xDC28, 0xD801, 0xDC32, 0xD801, 0xDC4C));
				case 70: return String(CharArray::of(0xD801, 0xDC06, 0xD801, 0xDC4C, 0xD801, 0xDC3C, 0xD801, 0xDC32, 0xD801, 0xDC45));
				case 71: return String(CharArray::of(0xD801, 0xDC04, 0xD801, 0xDC4A, 0xD801, 0xDC3C, 0x20, 0xD801, 0xDC06, 0xD801, 0xDC3B, 0xD801, 0xDC30, 0xD801, 0xDC4A, 0xD801, 0xDC2E, 0xD801, 0xDC3F));
				case 73: return String(CharArray::of(0xD801, 0xDC16, 0xD801, 0xDC2A, 0xD801, 0xDC42, 0xD801, 0xDC32, 0xD801, 0xDC4C, 0xD801, 0xDC28, 0xD801, 0xDC46));
				case 74: return String(CharArray::of(0xD801, 0xDC16, 0xD801, 0xDC2A, 0xD801, 0xDC39, 0xD801, 0xDC32, 0xD801, 0xDC4C, 0xD801, 0xDC28, 0xD801, 0xDC46));
				case 76: return String(CharArray::of(0xD801, 0xDC17, 0xD801, 0xDC2A, 0xD801, 0xDC37, 0xD801, 0xDC2A, 0x20, 0xD801, 0xDC22, 0xD801, 0xDC28));
				case 77: return String(CharArray::of(0xD801, 0xDC17, 0xD801, 0xDC2A, 0xD801, 0xDC3B, 0xD801, 0xDC32, 0xD801, 0xDC3F, 0xD801, 0xDC2A, 0xD801, 0xDC4C, 0xD801, 0xDC32));
				case 79: return String(CharArray::of(0xD801, 0xDC17, 0xD801, 0xDC32, 0xD801, 0xDC49, 0xD801, 0xDC2C, 0xD801, 0xDC47, 0xD801, 0xDC43, 0xD801, 0xDC28));
				case 80: return String(CharArray::of(0xD801, 0xDC17, 0xD801, 0xDC32, 0xD801, 0xDC4B, 0xD801, 0xDC2F, 0xD801, 0xDC49));
				case 83: return String(CharArray::of(0xD801, 0xDC17, 0xD801, 0xDC2A, 0xD801, 0xDC4C, 0xD801, 0xDC32, 0xD801, 0xDC3C, 0xD801, 0xDC32));
				case 84: return String(CharArray::of(0xD801, 0xDC17, 0xD801, 0xDC2C, 0xD801, 0xDC49, 0xD801, 0xDC28, 0xD801, 0xDC32, 0xD801, 0xDC4C));
				case 87: return String(CharArray::of(0xD801, 0xDC17, 0xD801, 0xDC34, 0xD801, 0xDC2E, 0xD801, 0xDC3B, 0xD801, 0xDC28));
				case 88: return String(CharArray::of(0xD801, 0xDC22, 0xD801, 0xDC2A, 0xD801, 0xDC4C, 0xD801, 0xDC32));
				case 89: return String(CharArray::of(0xD801, 0xDC22, 0xD801, 0xDC35));
				case 90: return String(CharArray::of(0xD801, 0xDC19, 0xD801, 0xDC49, 0xD801, 0xDC30, 0xD801, 0xDC3F, 0xD801, 0xDC3B, 0xD801, 0xDC32, 0xD801, 0xDC49, 0x20, 0xD801, 0xDC22, 0xD801, 0xDC30, 0xD801, 0xDC3B, 0xD801, 0xDC2E, 0xD801, 0xDC4C));
				case 91: return String(CharArray::of(0xD801, 0xDC18, 0xD801, 0xDC29, 0xD801, 0xDC4A, 0xD801, 0xDC2E, 0xD801, 0xDC3F, 0x20, 0xD801, 0xDC22, 0xD801, 0xDC30, 0xD801, 0xDC3B, 0xD801, 0xDC2E, 0xD801, 0xDC4C));
				case 92: return String(CharArray::of(0xD801, 0xDC22, 0xD801, 0xDC30, 0xD801, 0xDC3B, 0xD801, 0xDC2E, 0xD801, 0xDC4C));
				case 93: return String(CharArray::of(0xD801, 0xDC22, 0xD801, 0xDC2F, 0xD801, 0xDC39, 0xD801, 0xDC3D, 0xD801, 0xDC32));
				case 94: return String(CharArray::of(0xD801, 0xDC22, 0xD801, 0xDC2E, 0xD801, 0xDC4B, 0xD801, 0xDC3A, 0xD801, 0xDC2D));
				case 95: return String(CharArray::of(0xD801, 0xDC22, 0xD801, 0xDC2E, 0xD801, 0xDC4C, 0xD801, 0xDC28, 0xD801, 0xDC32, 0xD801, 0xDC49, 0x20, 0xD801, 0xDC01));
				case 96: return String(CharArray::of(0xD801, 0xDC22, 0xD801, 0xDC2E, 0xD801, 0xDC4C, 0xD801, 0xDC28, 0xD801, 0xDC32, 0xD801, 0xDC49, 0x20, 0xD801, 0xDC12));
				case 99: return String(CharArray::of(0xD801, 0xDC22, 0xD801, 0xDC2E, 0xD801, 0xDC47, 0xD801, 0xDC32, 0xD801, 0xDC4C));
				case 100: return String(CharArray::of(0xD801, 0xDC22, 0xD801, 0xDC2E, 0xD801, 0xDC3C, 0xD801, 0xDC28, 0xD801, 0xDC32, 0xD801, 0xDC4C));
				case 103: return String(CharArray::of(0xD801, 0xDC23, 0xD801, 0xDC30, 0xD801, 0xDC4C, 0xD801, 0xDC3C, 0xD801, 0xDC28, 0xD801, 0xDC32, 0xD801, 0xDC4C));
				case 104: return String(CharArray::of(0xD801, 0xDC23, 0xD801, 0xDC30, 0xD801, 0xDC4C, 0xD801, 0xDC32, 0xD801, 0xDC3F, 0xD801, 0xDC28, 0xD801, 0xDC32, 0xD801, 0xDC4C));
				case 106: return String(CharArray::of(0xD801, 0xDC23, 0xD801, 0xDC34, 0xD801, 0xDC32, 0xD801, 0xDC4C, 0x20, 0xD801, 0xDC38, 0xD801, 0xDC34, 0xD801, 0xDC49, 0xD801, 0xDC2C, 0xD801, 0xDC40, 0xD801, 0xDC4A, 0xD801, 0xDC2E, 0xD801, 0xDC41, 0xD801, 0xDC2E, 0xD801, 0xDC3F));
				case 110: return String(CharArray::of(0xD801, 0xDC23, 0xD801, 0xDC2F, 0xD801, 0xDC49, 0xD801, 0xDC2C, 0xD801, 0xDC2E, 0xD801, 0xDC3B, 0xD801, 0xDC2E, 0xD801, 0xDC3F));
				case 111: return String(CharArray::of(0xD801, 0xDC23, 0xD801, 0xDC32, 0xD801, 0xDC4A, 0xD801, 0xDC29, 0xD801, 0xDC32, 0xD801, 0xDC4A, 0xD801, 0xDC2A, 0xD801, 0xDC4B));
				case 113: return String(CharArray::of(0xD801, 0xDC23, 0xD801, 0xDC31, 0xD801, 0xDC4D, 0xD801, 0xDC2C, 0xD801, 0xDC4A, 0xD801, 0xDC28, 0xD801, 0xDC32, 0xD801, 0xDC4C));
				case 114: return String(CharArray::of(0xD801, 0xDC23, 0xD801, 0xDC2D, 0xD801, 0xDC4C));
				case 116: return String(CharArray::of(0xD801, 0xDC23, 0xD801, 0xDC29, 0xD801, 0xDC3B, 0xD801, 0xDC29, 0x20, 0xD801, 0xDC23, 0xD801, 0xDC34, 0xD801, 0xDC2F, 0xD801, 0xDC3F));
				case 118: return String(CharArray::of(0xD801, 0xDC23, 0xD801, 0xDC28, 0xD801, 0xDC32, 0xD801, 0xDC4C, 0xD801, 0xDC4B, 0xD801, 0xDC2A, 0xD801, 0xDC49));
				case 125: return String(CharArray::of(0xD801, 0xDC24, 0x2019, 0xD801, 0xDC17, 0xD801, 0xDC2C));
				case 127: return String(CharArray::of(0xD801, 0xDC04, 0xD801, 0xDC32, 0xD801, 0xDC4B));
				case 128: return String(CharArray::of(0xD801, 0xDC04, 0xD801, 0xDC4A, 0x20, 0xD801, 0xDC15, 0xD801, 0xDC28, 0xD801, 0xDC3F, 0xD801, 0xDC28));
				case 130: return String(CharArray::of(0xD801, 0xDC04, 0xD801, 0xDC49, 0xD801, 0xDC3F, 0xD801, 0xDC31, 0xD801, 0xDC4C));
				case 131: return String(CharArray::of(0xD801, 0xDC09, 0xD801, 0xDC49, 0xD801, 0xDC28, 0xD801, 0xDC32));
				case 133: return String(CharArray::of(0xD801, 0xDC09, 0xD801, 0xDC45, 0xD801, 0xDC4B, 0xD801, 0xDC2A, 0xD801, 0xDC4C, 0xD801, 0xDC37, 0xD801, 0xDC2A));
				case 137: return String(CharArray::of(0xD801, 0xDC04, 0xD801, 0xDC4A, 0xD801, 0xDC3C, 0x20, 0xD801, 0xDC11, 0xD801, 0xDC2F, 0xD801, 0xDC49, 0xD801, 0xDC4B, 0xD801, 0xDC2E, 0xD801, 0xDC3F));
				case 139: return String(CharArray::of(0xD801, 0xDC06, 0xD801, 0xDC4C, 0xD801, 0xDC45, 0xD801, 0xDC3F, 0xD801, 0xDC49, 0xD801, 0xDC2E, 0xD801, 0xDC39, 0xD801, 0xDC47, 0xD801, 0xDC32, 0xD801, 0xDC4C, 0xD801, 0xDC32, 0xD801, 0xDC4A, 0x20, 0xD801, 0xDC11, 0xD801, 0xDC2A, 0xD801, 0xDC4A, 0xD801, 0xDC32, 0xD801, 0xDC42, 0xD801, 0xDC28));
				case 140: return String(CharArray::of(0xD801, 0xDC1D, 0xD801, 0xDC31, 0xD801, 0xDC4A, 0xD801, 0xDC3B, 0xD801, 0xDC32, 0xD801, 0xDC49, 0x20, 0xD801, 0xDC11, 0xD801, 0xDC2A, 0xD801, 0xDC4A, 0xD801, 0xDC32, 0xD801, 0xDC42, 0xD801, 0xDC28));
				case 141: return String(CharArray::of(0xD801, 0xDC12, 0xD801, 0xDC33, 0xD801, 0xDC3F, 0x20, 0xD801, 0xDC11, 0xD801, 0xDC2A, 0xD801, 0xDC4A, 0xD801, 0xDC32, 0xD801, 0xDC42, 0xD801, 0xDC28));
				case 142: return String(CharArray::of(0xD801, 0xDC19, 0xD801, 0xDC2C, 0xD801, 0xDC4C, 0xD801, 0xDC28, 0xD801, 0xDC47, 0xD801, 0xDC32, 0xD801, 0xDC4C));
				case 143: return String(CharArray::of(0xD801, 0xDC11, 0xD801, 0xDC31, 0xD801, 0xDC4A, 0xD801, 0xDC32, 0xD801, 0xDC49, 0xD801, 0xDC3C, 0x20, 0xD801, 0xDC19, 0xD801, 0xDC2C, 0xD801, 0xDC4C, 0xD801, 0xDC2F, 0xD801, 0xDC3B, 0xD801, 0xDC2E, 0xD801, 0xDC3F));
				case 144: return String(CharArray::of(0xD801, 0xDC06, 0xD801, 0xDC4C, 0xD801, 0xDC45, 0xD801, 0xDC3F, 0xD801, 0xDC49, 0xD801, 0xDC2E, 0xD801, 0xDC39, 0xD801, 0xDC47, 0xD801, 0xDC32, 0xD801, 0xDC4C, 0xD801, 0xDC32, 0xD801, 0xDC4A, 0x20, 0xD801, 0xDC11, 0xD801, 0xDC31, 0xD801, 0xDC49, 0xD801, 0xDC43, 0xD801, 0xDC28, 0xD801, 0xDC32, 0xD801, 0xDC4C));
				case 146: return String(CharArray::of(0xD801, 0xDC21, 0xD801, 0xDC32, 0xD801, 0xDC3E, 0xD801, 0xDC30, 0xD801, 0xDC4D));
				case 148: return String(CharArray::of(0xD801, 0xDC21, 0xD801, 0xDC2A, 0xD801, 0xDC4D, 0xD801, 0xDC40, 0xD801, 0xDC2C, 0xD801, 0xDC49, 0xD801, 0xDC2A, 0xD801, 0xDC4C, 0xD801, 0xDC40, 0xD801, 0xDC2C));
				case 149: return String(CharArray::of(0xD801, 0xDC21, 0xD801, 0xDC2D, 0xD801, 0xDC4C, 0xD801, 0xDC2E, 0xD801, 0xDC3F));
				case 150: return String(CharArray::of(0xD801, 0xDC1D, 0xD801, 0xDC32, 0xD801, 0xDC4B, 0xD801, 0xDC2F, 0xD801, 0xDC49, 0xD801, 0xDC32, 0xD801, 0xDC3B, 0xD801, 0xDC32, 0xD801, 0xDC4C));
				case 151: return String(CharArray::of(0xD801, 0xDC1D, 0xD801, 0xDC2A, 0xD801, 0xDC49, 0xD801, 0xDC2A, 0xD801, 0xDC2E, 0xD801, 0xDC3B, 0xD801, 0xDC28));
				case 153: return String(CharArray::of(0xD801, 0xDC1D, 0xD801, 0xDC30, 0xD801, 0xDC2D, 0xD801, 0xDC49, 0xD801, 0xDC2A, 0xD801, 0xDC47, 0xD801, 0xDC3B, 0xD801, 0xDC49, 0xD801, 0xDC2A));
				case 154: return String(CharArray::of(0xD801, 0xDC1D, 0xD801, 0xDC34, 0xD801, 0xDC4C, 0x20, 0xD801, 0xDC21, 0xD801, 0xDC34, 0xD801, 0xDC3B, 0xD801, 0xDC28, 0xD801, 0xDC4D));
				case 155: return String(CharArray::of(0xD801, 0xDC1F, 0xD801, 0xDC29, 0xD801, 0xDC42, 0xD801, 0xDC28, 0xD801, 0xDC32, 0xD801, 0xDC4C));
				case 159: return String(CharArray::of(0xD801, 0xDC1D, 0xD801, 0xDC2E, 0xD801, 0xDC4C, 0xD801, 0xDC38, 0xD801, 0xDC2A, 0xD801, 0xDC4A, 0xD801, 0xDC32));
				case 164: return String(CharArray::of(0xD801, 0xDC1D, 0xD801, 0xDC32, 0xD801, 0xDC4C, 0xD801, 0xDC3C, 0xD801, 0xDC32, 0xD801, 0xDC4C, 0xD801, 0xDC28, 0xD801, 0xDC46));
				case 166: return String(CharArray::of(0xD801, 0xDC1D, 0xD801, 0xDC34, 0xD801, 0xDC4A, 0xD801, 0xDC31, 0xD801, 0xDC3B, 0xD801, 0xDC28, 0x20, 0xD801, 0xDC24, 0xD801, 0xDC30, 0xD801, 0xDC40, 0xD801, 0xDC49, 0xD801, 0xDC28));
				case 167: return String(CharArray::of(0xD801, 0xDC1D, 0xD801, 0xDC2E, 0xD801, 0xDC49, 0xD801, 0xDC28, 0xD801, 0xDC30, 0xD801, 0xDC3F));
				case 168: return String(CharArray::of(0xD801, 0xDC07, 0xD801, 0xDC45, 0xD801, 0xDC3B, 0xD801, 0xDC49, 0xD801, 0xDC2A, 0xD801, 0xDC4D, 0xD801, 0xDC3E, 0xD801, 0xDC2F, 0xD801, 0xDC4A, 0xD801, 0xDC2C, 0x20, 0xD801, 0xDC1D, 0xD801, 0xDC2E, 0xD801, 0xDC49, 0xD801, 0xDC28, 0xD801, 0xDC30, 0xD801, 0xDC3F));
				case 169: return String(CharArray::of(0xD801, 0xDC0E, 0xD801, 0xDC2F, 0xD801, 0xDC45, 0xD801, 0xDC3B, 0xD801, 0xDC32, 0xD801, 0xDC49, 0xD801, 0xDC4C, 0x20, 0xD801, 0xDC1D, 0xD801, 0xDC2E, 0xD801, 0xDC49, 0xD801, 0xDC28, 0xD801, 0xDC30, 0xD801, 0xDC3F));
				case 170: return String(CharArray::of(0xD801, 0xDC00, 0xD801, 0xDC45, 0xD801, 0xDC3B, 0xD801, 0xDC32, 0xD801, 0xDC49, 0xD801, 0xDC4C, 0x20, 0xD801, 0xDC1D, 0xD801, 0xDC2E, 0xD801, 0xDC49, 0xD801, 0xDC28, 0xD801, 0xDC30, 0xD801, 0xDC3F));
				case 171: return String(CharArray::of(0xD801, 0xDC13, 0xD801, 0xDC32, 0xD801, 0xDC40, 0xD801, 0xDC3A, 0xD801, 0xDC2A, 0xD801, 0xDC4C, 0xD801, 0xDC36, 0xD801, 0xDC2A));
				case 173: return String(CharArray::of(0xD801, 0xDC13, 0xD801, 0xDC34, 0x20, 0xD801, 0xDC22, 0xD801, 0xDC2F));
				case 174: return String(CharArray::of(0xD801, 0xDC24, 0xD801, 0xDC2D, 0x20, 0xD801, 0xDC13, 0xD801, 0xDC34, 0x20, 0xD801, 0xDC22, 0xD801, 0xDC2D, 0xD801, 0xDC2F));
				case 175: return String(CharArray::of(0xD801, 0xDC13, 0xD801, 0xDC30, 0xD801, 0xDC4B, 0xD801, 0xDC2E, 0xD801, 0xDC4A));
				case 177: return String(CharArray::of(0xD801, 0xDC13, 0xD801, 0xDC34, 0x20, 0xD801, 0xDC1A, 0xD801, 0xDC28, 0xD801, 0xDC2F, 0xD801, 0xDC3B));
				case 178: return String(CharArray::of(0xD801, 0xDC13, 0xD801, 0xDC2F, 0xD801, 0xDC4A, 0xD801, 0xDC2D, 0xD801, 0xDC40, 0xD801, 0xDC2D));
				case 179: return String(CharArray::of(0xD801, 0xDC13, 0xD801, 0xDC2F, 0xD801, 0xDC4D, 0xD801, 0xDC36, 0xD801, 0xDC2A, 0xD801, 0xDC49));
				case 180: return String(CharArray::of(0xD801, 0xDC13, 0xD801, 0xDC2E, 0xD801, 0xDC41, 0xD801, 0xDC2E, 0xD801, 0xDC4C, 0xD801, 0xDC2A));
				case 181: return String(CharArray::of(0xD801, 0xDC13, 0xD801, 0xDC32, 0xD801, 0xDC40, 0xD801, 0xDC2A, 0xD801, 0xDC4A, 0xD801, 0xDC32, 0xD801, 0xDC40));
				case 182: return String(CharArray::of(0xD801, 0xDC13, 0xD801, 0xDC2A, 0xD801, 0xDC31, 0xD801, 0xDC4C, 0xD801, 0xDC32));
				case 183: return String(CharArray::of(0xD801, 0xDC13, 0xD801, 0xDC34));
				case 184: return String(CharArray::of(0xD801, 0xDC13, 0xD801, 0xDC2E, 0xD801, 0xDC3A, 0xD801, 0xDC2F, 0xD801, 0xDC3B, 0xD801, 0xDC32, 0xD801, 0xDC4C));
				case 190: return String(CharArray::of(0xD801, 0xDC0F, 0xD801, 0xDC2D, 0xD801, 0xDC40, 0xD801, 0xDC32, 0xD801, 0xDC49, 0xD801, 0xDC2E, 0xD801, 0xDC3B, 0xD801, 0xDC2E, 0xD801, 0xDC3F));
				case 191: return String(CharArray::of(0xD801, 0xDC1A, 0xD801, 0xDC34));
				case 192: return String(CharArray::of(0xD801, 0xDC1A, 0xD801, 0xDC31, 0xD801, 0xDC46, 0xD801, 0xDC31, 0xD801, 0xDC3A, 0xD801, 0xDC32, 0xD801, 0xDC4A, 0x20, 0xD801, 0xDC1D, 0xD801, 0xDC39, 0xD801, 0xDC28, 0xD801, 0xDC3D));
				case 197: return String(CharArray::of(0xD801, 0xDC04, 0xD801, 0xDC4A, 0xD801, 0xDC3C, 0x20, 0xD801, 0xDC11, 0xD801, 0xDC32, 0xD801, 0xDC49, 0xD801, 0xDC48, 0xD801, 0xDC32, 0xD801, 0xDC4C));
				case 198: return String(CharArray::of(0xD801, 0xDC1D, 0xD801, 0xDC2D, 0xD801, 0xDC4B, 0xD801, 0xDC2F, 0xD801, 0xDC49, 0xD801, 0xDC2C, 0x2D, 0xD801, 0xDC0A, 0xD801, 0xDC3F, 0xD801, 0xDC29, 0xD801, 0xDC3C, 0xD801, 0xDC28, 0xD801, 0xDC32, 0xD801, 0xDC4C, 0x20, 0xD801, 0xDC17, 0xD801, 0xDC37, 0xD801, 0xDC2D, 0xD801, 0xDC4C, 0xD801, 0xDC28, 0xD801, 0xDC32, 0xD801, 0xDC41, 0xD801, 0xDC31, 0xD801, 0xDC49, 0xD801, 0xDC4B));
				case 200: return String(CharArray::of(0xD801, 0xDC0F, 0xD801, 0xDC28));
				case 202: return String(CharArray::of(0xD801, 0xDC06, 0xD801, 0xDC4C, 0xD801, 0xDC38, 0xD801, 0xDC2F, 0xD801, 0xDC49, 0xD801, 0xDC2E, 0xD801, 0xDC3B, 0xD801, 0xDC32, 0xD801, 0xDC3C));
				case 203: return String(CharArray::of(0xD801, 0xDC23, 0xD801, 0xDC30, 0xD801, 0xDC43, 0xD801, 0xDC32, 0xD801, 0xDC4B, 0xD801, 0xDC30, 0xD801, 0xDC3B, 0xD801, 0xDC32, 0xD801, 0xDC3F, 0xD801, 0xDC32, 0xD801, 0xDC4A, 0x20, 0xD801, 0xDC24, 0xD801, 0xDC2C, 0xD801, 0xDC3B, 0xD801, 0xDC29, 0xD801, 0xDC47, 0xD801, 0xDC32, 0xD801, 0xDC4C));
				case 205: return String(CharArray::of(0xD801, 0xDC23, 0xD801, 0xDC30, 0xD801, 0xDC43, 0xD801, 0xDC2F, 0xD801, 0xDC4B, 0xD801, 0xDC30, 0xD801, 0xDC3B, 0xD801, 0xDC2E, 0xD801, 0xDC3F, 0xD801, 0xDC32, 0xD801, 0xDC4A, 0x20, 0xD801, 0xDC4C, 0xD801, 0xDC2C, 0xD801, 0xDC3B, 0xD801, 0xDC29, 0xD801, 0xDC47, 0xD801, 0xDC32, 0xD801, 0xDC4C));
				case 206: return String(CharArray::of(0xD801, 0xDC0A, 0xD801, 0xDC4C, 0xD801, 0xDC49, 0xD801, 0xDC2E, 0xD801, 0xDC3B, 0xD801, 0xDC32, 0xD801, 0xDC4C));
				case 207: return String(CharArray::of(0xD801, 0xDC17, 0xD801, 0xDC31, 0xD801, 0xDC4B, 0xD801, 0xDC32, 0xD801, 0xDC4C));
				case 208: return String(CharArray::of(0xD801, 0xDC0A, 0xD801, 0xDC4C, 0xD801, 0xDC2C, 0xD801, 0xDC4C, 0x20, 0xD801, 0xDC2C, 0xD801, 0xDC49, 0x20, 0xD801, 0xDC06, 0xD801, 0xDC4C, 0xD801, 0xDC42, 0xD801, 0xDC30, 0xD801, 0xDC4A, 0xD801, 0xDC2E, 0xD801, 0xDC3C, 0x20, 0xD801, 0xDC1D, 0xD801, 0xDC3F, 0xD801, 0xDC49, 0xD801, 0xDC2E, 0xD801, 0xDC39, 0xD801, 0xDC3B));
            default: break;
            }
            return String();
        }
        
        String En_Dsrt::displayCountry(gint region) const {
            switch(region) {

				case 0: return String(CharArray::of(0xD801, 0xDC0E, 0xD801, 0xDC32, 0xD801, 0xDC49, 0xD801, 0xDC4A, 0xD801, 0xDC3C));

				case 1: return String(CharArray::of(0xD801, 0xDC08, 0xD801, 0xDC41, 0xD801, 0xDC49, 0xD801, 0xDC32, 0xD801, 0xDC3F, 0xD801, 0xDC32));

				case 2: return String(CharArray::of(0xD801, 0xDC24, 0xD801, 0xDC31, 0xD801, 0xDC49, 0xD801, 0xDC43, 0x20, 0xD801, 0xDC0A, 0xD801, 0xDC4B, 0xD801, 0xDC2F, 0xD801, 0xDC49, 0xD801, 0xDC32, 0xD801, 0xDC3F, 0xD801, 0xDC32));

				case 3: return String(CharArray::of(0xD801, 0xDC1D, 0xD801, 0xDC35, 0xD801, 0xDC43, 0x20, 0xD801, 0xDC0A, 0xD801, 0xDC4B, 0xD801, 0xDC2F, 0xD801, 0xDC49, 0xD801, 0xDC32, 0xD801, 0xDC3F, 0xD801, 0xDC32));

				case 4: return String(CharArray::of(0xD801, 0xDC04, 0xD801, 0xDC47, 0xD801, 0xDC28, 0xD801, 0xDC30, 0xD801, 0xDC4C, 0xD801, 0xDC28, 0xD801, 0xDC32));

				case 5: return String(CharArray::of(0xD801, 0xDC0E, 0xD801, 0xDC2F, 0xD801, 0xDC45, 0xD801, 0xDC3B, 0xD801, 0xDC32, 0xD801, 0xDC49, 0xD801, 0xDC4C, 0x20, 0xD801, 0xDC08, 0xD801, 0xDC41, 0xD801, 0xDC49, 0xD801, 0xDC32, 0xD801, 0xDC3F, 0xD801, 0xDC32));

				case 6: return String(CharArray::of(0xD801, 0xDC1D, 0xD801, 0xDC2F, 0xD801, 0xDC4C, 0xD801, 0xDC3B, 0xD801, 0xDC49, 0xD801, 0xDC32, 0xD801, 0xDC4A, 0x20, 0xD801, 0xDC0A, 0xD801, 0xDC4B, 0xD801, 0xDC2F, 0xD801, 0xDC49, 0xD801, 0xDC32, 0xD801, 0xDC3F, 0xD801, 0xDC32));

				case 7: return String(CharArray::of(0xD801, 0xDC00, 0xD801, 0xDC45, 0xD801, 0xDC3B, 0xD801, 0xDC32, 0xD801, 0xDC49, 0xD801, 0xDC4C, 0x20, 0xD801, 0xDC08, 0xD801, 0xDC41, 0xD801, 0xDC49, 0xD801, 0xDC32, 0xD801, 0xDC3F, 0xD801, 0xDC32));

				case 8: return String(CharArray::of(0xD801, 0xDC24, 0xD801, 0xDC31, 0xD801, 0xDC49, 0xD801, 0xDC44, 0xD801, 0xDC32, 0xD801, 0xDC49, 0xD801, 0xDC4C, 0x20, 0xD801, 0xDC08, 0xD801, 0xDC41, 0xD801, 0xDC49, 0xD801, 0xDC32, 0xD801, 0xDC3F, 0xD801, 0xDC32));

				case 9: return String(CharArray::of(0xD801, 0xDC23, 0xD801, 0xDC2E, 0xD801, 0xDC3C, 0xD801, 0xDC4A, 0x20, 0xD801, 0xDC08, 0xD801, 0xDC41, 0xD801, 0xDC49, 0xD801, 0xDC2E, 0xD801, 0xDC3F, 0xD801, 0xDC32));

				case 10: return String(CharArray::of(0xD801, 0xDC1D, 0xD801, 0xDC32, 0xD801, 0xDC44, 0xD801, 0xDC32, 0xD801, 0xDC49, 0xD801, 0xDC4C, 0x20, 0xD801, 0xDC08, 0xD801, 0xDC41, 0xD801, 0xDC49, 0xD801, 0xDC32, 0xD801, 0xDC3F, 0xD801, 0xDC32));

				case 11: return String(CharArray::of(0xD801, 0xDC0A, 0xD801, 0xDC4B, 0xD801, 0xDC2F, 0xD801, 0xDC49, 0xD801, 0xDC32, 0xD801, 0xDC3F, 0xD801, 0xDC32, 0xD801, 0xDC46));

				case 12: return String(CharArray::of(0xD801, 0xDC24, 0xD801, 0xDC31, 0xD801, 0xDC49, 0xD801, 0xDC44, 0xD801, 0xDC32, 0xD801, 0xDC49, 0xD801, 0xDC4C, 0x20, 0xD801, 0xDC0A, 0xD801, 0xDC4B, 0xD801, 0xDC2F, 0xD801, 0xDC49, 0xD801, 0xDC32, 0xD801, 0xDC3F, 0xD801, 0xDC32));

				case 13: return String(CharArray::of(0xD801, 0xDC17, 0xD801, 0xDC2F, 0xD801, 0xDC49, 0xD801, 0xDC32, 0xD801, 0xDC3A, 0xD801, 0xDC28, 0xD801, 0xDC32, 0xD801, 0xDC4C));

				case 14: return String(CharArray::of(0xD801, 0xDC00, 0xD801, 0xDC45, 0xD801, 0xDC3B, 0xD801, 0xDC32, 0xD801, 0xDC49, 0xD801, 0xDC4C, 0x20, 0xD801, 0xDC01, 0xD801, 0xDC48, 0xD801, 0xDC32));

				case 15: return String(CharArray::of(0xD801, 0xDC1D, 0xD801, 0xDC32, 0xD801, 0xDC44, 0xD801, 0xDC32, 0xD801, 0xDC49, 0xD801, 0xDC4C, 0x20, 0xD801, 0xDC01, 0xD801, 0xDC48, 0xD801, 0xDC32));

				case 16: return String(CharArray::of(0xD801, 0xDC1D, 0xD801, 0xDC35, 0xD801, 0xDC43, 0x2D, 0xD801, 0xDC00, 0xD801, 0xDC45, 0xD801, 0xDC3B, 0xD801, 0xDC32, 0xD801, 0xDC49, 0xD801, 0xDC4C, 0x20, 0xD801, 0xDC01, 0xD801, 0xDC48, 0xD801, 0xDC32));

				case 17: return String(CharArray::of(0xD801, 0xDC1D, 0xD801, 0xDC32, 0xD801, 0xDC44, 0xD801, 0xDC32, 0xD801, 0xDC49, 0xD801, 0xDC4C, 0x20, 0xD801, 0xDC0F, 0xD801, 0xDC32, 0xD801, 0xDC49, 0xD801, 0xDC32, 0xD801, 0xDC39));

				case 18: return String(CharArray::of(0xD801, 0xDC09, 0xD801, 0xDC45, 0xD801, 0xDC3B, 0xD801, 0xDC49, 0xD801, 0xDC29, 0xD801, 0xDC4A, 0xD801, 0xDC28, 0xD801, 0xDC32, 0x20, 0xD801, 0xDC30, 0xD801, 0xDC4C, 0xD801, 0xDC3C, 0x20, 0xD801, 0xDC24, 0xD801, 0xDC2D, 0x20, 0xD801, 0xDC1E, 0xD801, 0xDC28, 0xD801, 0xDC4A, 0xD801, 0xDC32, 0xD801, 0xDC4C, 0xD801, 0xDC3C));

				case 19: return String(CharArray::of(0xD801, 0xDC23, 0xD801, 0xDC2F, 0xD801, 0xDC4A, 0xD801, 0xDC32, 0xD801, 0xDC4C, 0xD801, 0xDC28, 0xD801, 0xDC48, 0xD801, 0xDC32));

				case 20: return String(CharArray::of(0xD801, 0xDC23, 0xD801, 0xDC34, 0xD801, 0xDC3F, 0xD801, 0xDC49, 0xD801, 0xDC32, 0xD801, 0xDC4C, 0xD801, 0xDC28, 0xD801, 0xDC48, 0xD801, 0xDC32, 0xD801, 0xDC4C, 0x20, 0xD801, 0xDC21, 0xD801, 0xDC28, 0xD801, 0xDC3E, 0xD801, 0xDC32, 0xD801, 0xDC4C));

				case 21: return String(CharArray::of(0xD801, 0xDC11, 0xD801, 0xDC2A, 0xD801, 0xDC4A, 0xD801, 0xDC32, 0xD801, 0xDC4C, 0xD801, 0xDC28, 0xD801, 0xDC48, 0xD801, 0xDC32));

				case 22: return String(CharArray::of(0xD801, 0xDC01, 0xD801, 0xDC48, 0xD801, 0xDC32));

				case 23: return String(CharArray::of(0xD801, 0xDC1D, 0xD801, 0xDC2F, 0xD801, 0xDC4C, 0xD801, 0xDC3B, 0xD801, 0xDC49, 0xD801, 0xDC32, 0xD801, 0xDC4A, 0x20, 0xD801, 0xDC01, 0xD801, 0xDC48, 0xD801, 0xDC32));

				case 24: return String(CharArray::of(0xD801, 0xDC0E, 0xD801, 0xDC2F, 0xD801, 0xDC45, 0xD801, 0xDC3B, 0xD801, 0xDC32, 0xD801, 0xDC49, 0xD801, 0xDC4C, 0x20, 0xD801, 0xDC01, 0xD801, 0xDC48, 0xD801, 0xDC32));

				case 25: return String(CharArray::of(0xD801, 0xDC0F, 0xD801, 0xDC32, 0xD801, 0xDC49, 0xD801, 0xDC32, 0xD801, 0xDC39));

				case 26: return String(CharArray::of(0xD801, 0xDC00, 0xD801, 0xDC45, 0xD801, 0xDC3B, 0xD801, 0xDC32, 0xD801, 0xDC49, 0xD801, 0xDC4C, 0x20, 0xD801, 0xDC0F, 0xD801, 0xDC32, 0xD801, 0xDC49, 0xD801, 0xDC32, 0xD801, 0xDC39));

				case 27: return String(CharArray::of(0xD801, 0xDC24, 0xD801, 0xDC31, 0xD801, 0xDC49, 0xD801, 0xDC44, 0xD801, 0xDC32, 0xD801, 0xDC49, 0xD801, 0xDC4C, 0x20, 0xD801, 0xDC0F, 0xD801, 0xDC32, 0xD801, 0xDC49, 0xD801, 0xDC32, 0xD801, 0xDC39));

				case 28: return String(CharArray::of(0xD801, 0xDC0E, 0xD801, 0xDC2F, 0xD801, 0xDC45, 0xD801, 0xDC3B, 0xD801, 0xDC32, 0xD801, 0xDC49, 0xD801, 0xDC4C, 0x20, 0xD801, 0xDC0F, 0xD801, 0xDC32, 0xD801, 0xDC49, 0xD801, 0xDC32, 0xD801, 0xDC39));

				case 30: return String(CharArray::of(0xD801, 0xDC22, 0xD801, 0xDC30, 0xD801, 0xDC3B, 0xD801, 0xDC4C, 0x20, 0xD801, 0xDC0A, 0xD801, 0xDC4B, 0xD801, 0xDC2F, 0xD801, 0xDC49, 0xD801, 0xDC32, 0xD801, 0xDC3F, 0xD801, 0xDC32, 0x20, 0xD801, 0xDC30, 0xD801, 0xDC4C, 0xD801, 0xDC3C, 0x20, 0xD801, 0xDC44, 0x20, 0xD801, 0xDC17, 0xD801, 0xDC2F, 0xD801, 0xDC49, 0xD801, 0xDC32, 0xD801, 0xDC3A, 0xD801, 0xDC28, 0xD801, 0xDC32, 0xD801, 0xDC4C));

				case 32: return String(CharArray::of(0xD801, 0xDC08, 0xD801, 0xDC4C, 0xD801, 0xDC3C, 0xD801, 0xDC31, 0xD801, 0xDC49, 0xD801, 0xDC32));

				case 33: return String(CharArray::of(0xD801, 0xDC0F, 0xD801, 0xDC2D, 0xD801, 0xDC4C, 0xD801, 0xDC34, 0xD801, 0xDC3C, 0xD801, 0xDC2E, 0xD801, 0xDC3C, 0x20, 0xD801, 0xDC07, 0xD801, 0xDC49, 0xD801, 0xDC32, 0xD801, 0xDC3A, 0x20, 0xD801, 0xDC07, 0xD801, 0xDC4B, 0xD801, 0xDC32, 0xD801, 0xDC49, 0xD801, 0xDC29, 0xD801, 0xDC3B, 0xD801, 0xDC45));

				case 34: return String(CharArray::of(0xD801, 0xDC08, 0xD801, 0xDC41, 0xD801, 0xDC40, 0xD801, 0xDC30, 0xD801, 0xDC4C, 0xD801, 0xDC32, 0xD801, 0xDC45, 0xD801, 0xDC3B, 0xD801, 0xDC30, 0xD801, 0xDC4C));

				case 35: return String(CharArray::of(0xD801, 0xDC08, 0xD801, 0xDC4C, 0xD801, 0xDC3B, 0xD801, 0xDC28, 0xD801, 0xDC40, 0xD801, 0xDC36, 0xD801, 0xDC32, 0x20, 0xD801, 0xDC30, 0xD801, 0xDC4C, 0xD801, 0xDC3C, 0x20, 0xD801, 0xDC12, 0xD801, 0xDC2A, 0xD801, 0xDC49, 0xD801, 0xDC3A, 0xD801, 0xDC37, 0xD801, 0xDC2D, 0xD801, 0xDC3C, 0xD801, 0xDC32));

				case 36: return String(CharArray::of(0xD801, 0xDC08, 0xD801, 0xDC4D, 0xD801, 0xDC40, 0xD801, 0xDC36, 0xD801, 0xDC2E, 0xD801, 0xDC4A, 0xD801, 0xDC32));

				case 37: return String(CharArray::of(0xD801, 0xDC08, 0xD801, 0xDC4A, 0xD801, 0xDC3A, 0xD801, 0xDC29, 0xD801, 0xDC4C, 0xD801, 0xDC28, 0xD801, 0xDC32));

				case 38: return String(CharArray::of(0xD801, 0xDC02, 0xD801, 0xDC49, 0xD801, 0xDC4B, 0xD801, 0xDC28, 0xD801, 0xDC4C, 0xD801, 0xDC28, 0xD801, 0xDC32));

				case 39: return String(CharArray::of(0xD801, 0xDC08, 0xD801, 0xDC4C, 0xD801, 0xDC40, 0xD801, 0xDC2C, 0xD801, 0xDC4A, 0xD801, 0xDC32));

				case 40: return String(CharArray::of(0xD801, 0xDC08, 0xD801, 0xDC4C, 0xD801, 0xDC3B, 0xD801, 0xDC2A, 0xD801, 0xDC49, 0xD801, 0xDC3F, 0xD801, 0xDC3B, 0xD801, 0xDC2E, 0xD801, 0xDC3F, 0xD801, 0xDC32));

				case 41: return String(CharArray::of(0xD801, 0xDC02, 0xD801, 0xDC49, 0xD801, 0xDC3E, 0xD801, 0xDC32, 0xD801, 0xDC4C, 0xD801, 0xDC3B, 0xD801, 0xDC28, 0xD801, 0xDC4C, 0xD801, 0xDC32));

				case 42: return String(CharArray::of(0xD801, 0xDC0A, 0xD801, 0xDC4B, 0xD801, 0xDC2F, 0xD801, 0xDC49, 0xD801, 0xDC32, 0xD801, 0xDC3F, 0xD801, 0xDC32, 0xD801, 0xDC4C, 0x20, 0xD801, 0xDC1D, 0xD801, 0xDC32, 0xD801, 0xDC4B, 0xD801, 0xDC2C, 0xD801, 0xDC32));

				case 43: return String(CharArray::of(0xD801, 0xDC09, 0xD801, 0xDC45, 0xD801, 0xDC3B, 0xD801, 0xDC49, 0xD801, 0xDC28, 0xD801, 0xDC32));

				case 44: return String(CharArray::of(0xD801, 0xDC09, 0xD801, 0xDC45, 0xD801, 0xDC3B, 0xD801, 0xDC49, 0xD801, 0xDC29, 0xD801, 0xDC4A, 0xD801, 0xDC28, 0xD801, 0xDC32));

				case 45: return String(CharArray::of(0xD801, 0xDC0A, 0xD801, 0xDC49, 0xD801, 0xDC2D, 0xD801, 0xDC3A, 0xD801, 0xDC32));

				case 46: return String(CharArray::of(0xD801, 0xDC08, 0xD801, 0xDC4A, 0xD801, 0xDC30, 0xD801, 0xDC4C, 0xD801, 0xDC3C, 0x20, 0xD801, 0xDC0C, 0xD801, 0xDC4A, 0xD801, 0xDC32, 0xD801, 0xDC4C, 0xD801, 0xDC3C, 0xD801, 0xDC46));

				case 47: return String(CharArray::of(0xD801, 0xDC08, 0xD801, 0xDC46, 0xD801, 0xDC32, 0xD801, 0xDC49, 0xD801, 0xDC3A, 0xD801, 0xDC34, 0xD801, 0xDC48, 0xD801, 0xDC2A, 0xD801, 0xDC4C));

				case 48: return String(CharArray::of(0xD801, 0xDC12, 0xD801, 0xDC31, 0xD801, 0xDC46, 0xD801, 0xDC4C, 0xD801, 0xDC28, 0xD801, 0xDC32, 0x20, 0xD801, 0xDC30, 0xD801, 0xDC4C, 0xD801, 0xDC3C, 0x20, 0xD801, 0xDC10, 0xD801, 0xDC32, 0xD801, 0xDC49, 0xD801, 0xDC3B, 0xD801, 0xDC45, 0xD801, 0xDC32, 0xD801, 0xDC40, 0xD801, 0xDC2C, 0xD801, 0xDC42, 0xD801, 0xDC28, 0xD801, 0xDC4C, 0xD801, 0xDC32));

				case 49: return String(CharArray::of(0xD801, 0xDC12, 0xD801, 0xDC2A, 0xD801, 0xDC49, 0xD801, 0xDC3A, 0xD801, 0xDC29, 0xD801, 0xDC3C, 0xD801, 0xDC2C, 0xD801, 0xDC45));

				case 50: return String(CharArray::of(0xD801, 0xDC12, 0xD801, 0xDC2A, 0xD801, 0xDC4D, 0xD801, 0xDC40, 0xD801, 0xDC4A, 0xD801, 0xDC32, 0xD801, 0xDC3C, 0xD801, 0xDC2F, 0xD801, 0xDC47));

				case 51: return String(CharArray::of(0xD801, 0xDC12, 0xD801, 0xDC2F, 0xD801, 0xDC4A, 0xD801, 0xDC3E, 0xD801, 0xDC32, 0xD801, 0xDC4B));

				case 52: return String(CharArray::of(0xD801, 0xDC12, 0xD801, 0xDC32, 0xD801, 0xDC49, 0xD801, 0xDC3F, 0xD801, 0xDC29, 0xD801, 0xDC4C, 0xD801, 0xDC32, 0x20, 0xD801, 0xDC19, 0xD801, 0xDC30, 0xD801, 0xDC45, 0xD801, 0xDC2C));

				case 53: return String(CharArray::of(0xD801, 0xDC12, 0xD801, 0xDC32, 0xD801, 0xDC4A, 0xD801, 0xDC40, 0xD801, 0xDC2F, 0xD801, 0xDC49, 0xD801, 0xDC28, 0xD801, 0xDC32));

				case 54: return String(CharArray::of(0xD801, 0xDC12, 0xD801, 0xDC2A, 0xD801, 0xDC49, 0xD801, 0xDC29, 0xD801, 0xDC4C));

				case 55: return String(CharArray::of(0xD801, 0xDC12, 0xD801, 0xDC32, 0xD801, 0xDC49, 0xD801, 0xDC33, 0xD801, 0xDC4C, 0xD801, 0xDC3C, 0xD801, 0xDC28));

				case 56: return String(CharArray::of(0xD801, 0xDC12, 0xD801, 0xDC32, 0xD801, 0xDC4C, 0xD801, 0xDC28, 0xD801, 0xDC4C));

				case 57: return String(CharArray::of(0xD801, 0xDC1D, 0xD801, 0xDC29, 0xD801, 0xDC4C, 0xD801, 0xDC3B, 0x20, 0xD801, 0xDC12, 0xD801, 0xDC2A, 0xD801, 0xDC49, 0xD801, 0xDC3B, 0xD801, 0xDC29, 0xD801, 0xDC4A, 0xD801, 0xDC32, 0xD801, 0xDC4B, 0xD801, 0xDC28));

				case 58: return String(CharArray::of(0xD801, 0xDC12, 0xD801, 0xDC32, 0xD801, 0xDC49, 0xD801, 0xDC4B, 0xD801, 0xDC37, 0xD801, 0xDC2D, 0xD801, 0xDC3C, 0xD801, 0xDC32));

				case 59: return String(CharArray::of(0xD801, 0xDC12, 0xD801, 0xDC49, 0xD801, 0xDC2D, 0xD801, 0xDC4C, 0xD801, 0xDC34));

				case 60: return String(CharArray::of(0xD801, 0xDC12, 0xD801, 0xDC2C, 0xD801, 0xDC4A, 0xD801, 0xDC2E, 0xD801, 0xDC42, 0xD801, 0xDC28, 0xD801, 0xDC32));

				case 62: return String(CharArray::of(0xD801, 0xDC12, 0xD801, 0xDC49, 0xD801, 0xDC32, 0xD801, 0xDC46, 0xD801, 0xDC2E, 0xD801, 0xDC4A));

				case 63: return String(CharArray::of(0xD801, 0xDC12, 0xD801, 0xDC32, 0xD801, 0xDC38, 0xD801, 0xDC2A, 0xD801, 0xDC4B, 0xD801, 0xDC32, 0xD801, 0xDC45));

				case 64: return String(CharArray::of(0xD801, 0xDC12, 0xD801, 0xDC2D, 0xD801, 0xDC3B, 0xD801, 0xDC2A, 0xD801, 0xDC4C));

				case 66: return String(CharArray::of(0xD801, 0xDC12, 0xD801, 0xDC2D, 0xD801, 0xDC42, 0xD801, 0xDC29, 0x20, 0xD801, 0xDC0C, 0xD801, 0xDC4A, 0xD801, 0xDC32, 0xD801, 0xDC4C, 0xD801, 0xDC3C));

				case 67: return String(CharArray::of(0xD801, 0xDC12, 0xD801, 0xDC2A, 0xD801, 0xDC3B, 0xD801, 0xDC45, 0xD801, 0xDC36, 0xD801, 0xDC2A, 0xD801, 0xDC4C, 0xD801, 0xDC32));

				case 68: return String(CharArray::of(0xD801, 0xDC12, 0xD801, 0xDC2F, 0xD801, 0xDC4A, 0xD801, 0xDC32, 0xD801, 0xDC49, 0xD801, 0xDC2D, 0xD801, 0xDC45));

				case 69: return String(CharArray::of(0xD801, 0xDC12, 0xD801, 0xDC32, 0xD801, 0xDC4A, 0xD801, 0xDC28, 0xD801, 0xDC46));

				case 70: return String(CharArray::of(0xD801, 0xDC17, 0xD801, 0xDC30, 0xD801, 0xDC4C, 0xD801, 0xDC32, 0xD801, 0xDC3C, 0xD801, 0xDC32));

				case 71: return String(CharArray::of(0xD801, 0xDC17, 0xD801, 0xDC2C, 0xD801, 0xDC3F, 0xD801, 0xDC2C, 0xD801, 0xDC46, 0x20, 0xD801, 0xDC0C, 0xD801, 0xDC4A, 0xD801, 0xDC32, 0xD801, 0xDC4C, 0xD801, 0xDC3C, 0xD801, 0xDC46));

				case 72: return String(CharArray::of(0xD801, 0xDC17, 0xD801, 0xDC2A, 0xD801, 0xDC4D, 0xD801, 0xDC40, 0xD801, 0xDC2C, 0x20, 0x2D, 0x20, 0xD801, 0xDC17, 0xD801, 0xDC32, 0xD801, 0xDC4C, 0xD801, 0xDC47, 0xD801, 0xDC2A, 0xD801, 0xDC45, 0xD801, 0xDC32));

				case 73: return String(CharArray::of(0xD801, 0xDC1D, 0xD801, 0xDC2F, 0xD801, 0xDC4C, 0xD801, 0xDC3B, 0xD801, 0xDC49, 0xD801, 0xDC32, 0xD801, 0xDC4A, 0x20, 0xD801, 0xDC08, 0xD801, 0xDC41, 0xD801, 0xDC49, 0xD801, 0xDC32, 0xD801, 0xDC3F, 0xD801, 0xDC32, 0xD801, 0xDC4C, 0x20, 0xD801, 0xDC21, 0xD801, 0xDC28, 0xD801, 0xDC39, 0xD801, 0xDC32, 0xD801, 0xDC3A, 0xD801, 0xDC4A, 0xD801, 0xDC2E, 0xD801, 0xDC3F));

				case 74: return String(CharArray::of(0xD801, 0xDC17, 0xD801, 0xDC2A, 0xD801, 0xDC4D, 0xD801, 0xDC40, 0xD801, 0xDC2C, 0x20, 0x2D, 0x20, 0xD801, 0xDC12, 0xD801, 0xDC49, 0xD801, 0xDC2A, 0xD801, 0xDC46, 0xD801, 0xDC32, 0xD801, 0xDC42, 0xD801, 0xDC2E, 0xD801, 0xDC4A));

				case 75: return String(CharArray::of(0xD801, 0xDC1D, 0xD801, 0xDC36, 0xD801, 0xDC2E, 0xD801, 0xDC3B, 0xD801, 0xDC45, 0xD801, 0xDC32, 0xD801, 0xDC49, 0xD801, 0xDC4A, 0xD801, 0xDC32, 0xD801, 0xDC4C, 0xD801, 0xDC3C));

				case 76: return String(CharArray::of(0xD801, 0xDC0C, 0xD801, 0xDC42, 0xD801, 0xDC49, 0xD801, 0xDC28, 0x20, 0xD801, 0xDC17, 0xD801, 0xDC2C, 0xD801, 0xDC45, 0xD801, 0xDC3B));

				case 77: return String(CharArray::of(0xD801, 0xDC17, 0xD801, 0xDC33, 0xD801, 0xDC3F, 0x20, 0xD801, 0xDC0C, 0xD801, 0xDC4A, 0xD801, 0xDC32, 0xD801, 0xDC4C, 0xD801, 0xDC3C, 0xD801, 0xDC46));

				case 78: return String(CharArray::of(0xD801, 0xDC15, 0xD801, 0xDC28, 0xD801, 0xDC4A, 0xD801, 0xDC29));

				case 79: return String(CharArray::of(0xD801, 0xDC17, 0xD801, 0xDC30, 0xD801, 0xDC4B, 0xD801, 0xDC32, 0xD801, 0xDC49, 0xD801, 0xDC2D, 0xD801, 0xDC4C));

				case 80: return String(CharArray::of(0xD801, 0xDC15, 0xD801, 0xDC34, 0xD801, 0xDC4C, 0xD801, 0xDC32));

				case 81: return String(CharArray::of(0xD801, 0xDC17, 0xD801, 0xDC32, 0xD801, 0xDC4A, 0xD801, 0xDC32, 0xD801, 0xDC4B, 0xD801, 0xDC3A, 0xD801, 0xDC28, 0xD801, 0xDC32));

				case 84: return String(CharArray::of(0xD801, 0xDC17, 0xD801, 0xDC31, 0xD801, 0xDC45, 0xD801, 0xDC3B, 0xD801, 0xDC32, 0x20, 0xD801, 0xDC21, 0xD801, 0xDC28, 0xD801, 0xDC3F, 0xD801, 0xDC32));

				case 85: return String(CharArray::of(0xD801, 0xDC17, 0xD801, 0xDC37, 0xD801, 0xDC2D, 0xD801, 0xDC3A, 0xD801, 0xDC32));

				case 86: return String(CharArray::of(0xD801, 0xDC17, 0xD801, 0xDC29, 0xD801, 0xDC39, 0x20, 0xD801, 0xDC1A, 0xD801, 0xDC2F, 0xD801, 0xDC49, 0xD801, 0xDC3C, 0xD801, 0xDC28));

				case 88: return String(CharArray::of(0xD801, 0xDC17, 0xD801, 0xDC49, 0xD801, 0xDC2E, 0xD801, 0xDC45, 0xD801, 0xDC4B, 0xD801, 0xDC32, 0xD801, 0xDC45, 0x20, 0xD801, 0xDC0C, 0xD801, 0xDC4A, 0xD801, 0xDC32, 0xD801, 0xDC4C, 0xD801, 0xDC3C));

				case 89: return String(CharArray::of(0xD801, 0xDC1D, 0xD801, 0xDC34, 0xD801, 0xDC39, 0xD801, 0xDC49, 0xD801, 0xDC32, 0xD801, 0xDC45));

				case 90: return String(CharArray::of(0xD801, 0xDC15, 0xD801, 0xDC2F, 0xD801, 0xDC3F, 0x20, 0xD801, 0xDC21, 0xD801, 0xDC28, 0xD801, 0xDC39, 0xD801, 0xDC32, 0xD801, 0xDC3A, 0xD801, 0xDC4A, 0xD801, 0xDC2E, 0xD801, 0xDC3F));

				case 92: return String(CharArray::of(0xD801, 0xDC16, 0xD801, 0xDC32, 0xD801, 0xDC49, 0xD801, 0xDC4B, 0xD801, 0xDC32, 0xD801, 0xDC4C, 0xD801, 0xDC28));

				case 94: return String(CharArray::of(0xD801, 0xDC16, 0xD801, 0xDC32, 0xD801, 0xDC3A, 0xD801, 0xDC2D, 0xD801, 0xDC3C, 0xD801, 0xDC28));

				case 95: return String(CharArray::of(0xD801, 0xDC14, 0xD801, 0xDC2F, 0xD801, 0xDC4C, 0xD801, 0xDC4B, 0xD801, 0xDC2A, 0xD801, 0xDC49, 0xD801, 0xDC3F));

				case 96: return String(CharArray::of(0xD801, 0xDC14, 0xD801, 0xDC2A, 0xD801, 0xDC4B, 0xD801, 0xDC32, 0xD801, 0xDC4C, 0xD801, 0xDC28, 0xD801, 0xDC3F, 0xD801, 0xDC32));

				case 97: return String(CharArray::of(0xD801, 0xDC14, 0xD801, 0xDC32, 0xD801, 0xDC4B, 0xD801, 0xDC2E, 0xD801, 0xDC4C, 0xD801, 0xDC32, 0xD801, 0xDC3F, 0xD801, 0xDC32, 0xD801, 0xDC4C, 0x20, 0xD801, 0xDC21, 0xD801, 0xDC28, 0xD801, 0xDC39, 0xD801, 0xDC32, 0xD801, 0xDC3A, 0xD801, 0xDC4A, 0xD801, 0xDC2E, 0xD801, 0xDC3F));

				case 98: return String(CharArray::of(0xD801, 0xDC08, 0xD801, 0xDC4A, 0xD801, 0xDC3E, 0xD801, 0xDC2E, 0xD801, 0xDC49, 0xD801, 0xDC28, 0xD801, 0xDC32));

				case 100: return String(CharArray::of(0xD801, 0xDC07, 0xD801, 0xDC3F, 0xD801, 0xDC36, 0xD801, 0xDC32, 0xD801, 0xDC3C, 0xD801, 0xDC31, 0xD801, 0xDC49));

				case 101: return String(CharArray::of(0xD801, 0xDC07, 0xD801, 0xDC45, 0xD801, 0xDC3B, 0xD801, 0xDC2C, 0xD801, 0xDC4C, 0xD801, 0xDC28, 0xD801, 0xDC32));

				case 102: return String(CharArray::of(0xD801, 0xDC00, 0xD801, 0xDC3E, 0xD801, 0xDC32, 0xD801, 0xDC39, 0xD801, 0xDC3B));

				case 103: return String(CharArray::of(0xD801, 0xDC0E, 0xD801, 0xDC2F, 0xD801, 0xDC45, 0xD801, 0xDC3B, 0xD801, 0xDC32, 0xD801, 0xDC49, 0xD801, 0xDC4C, 0x20, 0xD801, 0xDC1D, 0xD801, 0xDC32, 0xD801, 0xDC38, 0xD801, 0xDC31, 0xD801, 0xDC49, 0xD801, 0xDC32));

				case 104: return String(CharArray::of(0xD801, 0xDC07, 0xD801, 0xDC49, 0xD801, 0xDC2E, 0xD801, 0xDC3B, 0xD801, 0xDC49, 0xD801, 0xDC28, 0xD801, 0xDC32));

				case 105: return String(CharArray::of(0xD801, 0xDC1D, 0xD801, 0xDC39, 0xD801, 0xDC29, 0xD801, 0xDC4C));

				case 106: return String(CharArray::of(0xD801, 0xDC00, 0xD801, 0xDC43, 0xD801, 0xDC28, 0xD801, 0xDC2C, 0xD801, 0xDC39, 0xD801, 0xDC28, 0xD801, 0xDC32));

				case 107: return String(CharArray::of(0xD801, 0xDC0F, 0xD801, 0xDC32, 0xD801, 0xDC49, 0xD801, 0xDC32, 0xD801, 0xDC39, 0xD801, 0xDC28, 0xD801, 0xDC32, 0xD801, 0xDC4C, 0x20, 0xD801, 0xDC0F, 0xD801, 0xDC2D, 0xD801, 0xDC4C, 0xD801, 0xDC37, 0xD801, 0xDC32, 0xD801, 0xDC4C));

				case 109: return String(CharArray::of(0xD801, 0xDC19, 0xD801, 0xDC2E, 0xD801, 0xDC4C, 0xD801, 0xDC4A, 0xD801, 0xDC32, 0xD801, 0xDC4C, 0xD801, 0xDC3C));

				case 110: return String(CharArray::of(0xD801, 0xDC19, 0xD801, 0xDC28, 0xD801, 0xDC3E, 0xD801, 0xDC28));

				case 111: return String(CharArray::of(0xD801, 0xDC19, 0xD801, 0xDC2A, 0xD801, 0xDC4A, 0xD801, 0xDC3F, 0xD801, 0xDC4A, 0xD801, 0xDC32, 0xD801, 0xDC4C, 0xD801, 0xDC3C, 0x20, 0xD801, 0xDC0C, 0xD801, 0xDC4A, 0xD801, 0xDC32, 0xD801, 0xDC4C, 0xD801, 0xDC3C, 0xD801, 0xDC46));

				case 112: return String(CharArray::of(0xD801, 0xDC23, 0xD801, 0xDC34, 0xD801, 0xDC3F, 0xD801, 0xDC49, 0xD801, 0xDC32, 0xD801, 0xDC4C, 0xD801, 0xDC28, 0xD801, 0xDC48, 0xD801, 0xDC32));

				case 113: return String(CharArray::of(0xD801, 0xDC19, 0xD801, 0xDC2F, 0xD801, 0xDC49, 0xD801, 0xDC2C, 0x20, 0xD801, 0xDC0C, 0xD801, 0xDC4A, 0xD801, 0xDC32, 0xD801, 0xDC4C, 0xD801, 0xDC3C, 0xD801, 0xDC46));

				case 114: return String(CharArray::of(0xD801, 0xDC19, 0xD801, 0xDC49, 0xD801, 0xDC30, 0xD801, 0xDC4C, 0xD801, 0xDC45));

				case 115: return String(CharArray::of(0xD801, 0xDC18, 0xD801, 0xDC32, 0xD801, 0xDC3A, 0xD801, 0xDC2A, 0xD801, 0xDC4C));

				case 116: return String(CharArray::of(0xD801, 0xDC0F, 0xD801, 0xDC2D, 0xD801, 0xDC4C, 0xD801, 0xDC34, 0xD801, 0xDC3B, 0xD801, 0xDC32, 0xD801, 0xDC3C, 0x20, 0xD801, 0xDC17, 0xD801, 0xDC28, 0xD801, 0xDC4D, 0xD801, 0xDC3C, 0xD801, 0xDC32, 0xD801, 0xDC4B));

				case 117: return String(CharArray::of(0xD801, 0xDC18, 0xD801, 0xDC49, 0xD801, 0xDC32, 0xD801, 0xDC4C, 0xD801, 0xDC29, 0xD801, 0xDC3C, 0xD801, 0xDC32));

				case 118: return String(CharArray::of(0xD801, 0xDC16, 0xD801, 0xDC31, 0xD801, 0xDC49, 0xD801, 0xDC3E, 0xD801, 0xDC32));

				case 119: return String(CharArray::of(0xD801, 0xDC19, 0xD801, 0xDC49, 0xD801, 0xDC2F, 0xD801, 0xDC4C, 0xD801, 0xDC3D, 0x20, 0xD801, 0xDC18, 0xD801, 0xDC28, 0xD801, 0xDC2A, 0xD801, 0xDC4C, 0xD801, 0xDC32));

				case 120: return String(CharArray::of(0xD801, 0xDC18, 0xD801, 0xDC32, 0xD801, 0xDC49, 0xD801, 0xDC4C, 0xD801, 0xDC46, 0xD801, 0xDC28));

				case 121: return String(CharArray::of(0xD801, 0xDC18, 0xD801, 0xDC2A, 0xD801, 0xDC4C, 0xD801, 0xDC32));

				case 122: return String(CharArray::of(0xD801, 0xDC16, 0xD801, 0xDC32, 0xD801, 0xDC3A, 0xD801, 0xDC49, 0xD801, 0xDC31, 0xD801, 0xDC4A, 0xD801, 0xDC3B, 0xD801, 0xDC32, 0xD801, 0xDC49));

				case 123: return String(CharArray::of(0xD801, 0xDC18, 0xD801, 0xDC49, 0xD801, 0xDC28, 0xD801, 0xDC4C, 0xD801, 0xDC4A, 0xD801, 0xDC32, 0xD801, 0xDC4C, 0xD801, 0xDC3C));

				case 124: return String(CharArray::of(0xD801, 0xDC18, 0xD801, 0xDC30, 0xD801, 0xDC4B, 0xD801, 0xDC3A, 0xD801, 0xDC28, 0xD801, 0xDC32));

				case 125: return String(CharArray::of(0xD801, 0xDC18, 0xD801, 0xDC2E, 0xD801, 0xDC4C, 0xD801, 0xDC28));

				case 126: return String(CharArray::of(0xD801, 0xDC18, 0xD801, 0xDC36, 0xD801, 0xDC2A, 0xD801, 0xDC3C, 0xD801, 0xDC32, 0xD801, 0xDC4A, 0xD801, 0xDC2D, 0xD801, 0xDC39));

				case 127: return String(CharArray::of(0xD801, 0xDC07, 0xD801, 0xDC3F, 0xD801, 0xDC36, 0xD801, 0xDC32, 0xD801, 0xDC3B, 0xD801, 0xDC31, 0xD801, 0xDC49, 0xD801, 0xDC28, 0xD801, 0xDC32, 0xD801, 0xDC4A, 0x20, 0xD801, 0xDC18, 0xD801, 0xDC2E, 0xD801, 0xDC4C, 0xD801, 0xDC28));

				case 128: return String(CharArray::of(0xD801, 0xDC18, 0xD801, 0xDC49, 0xD801, 0xDC28, 0xD801, 0xDC45));

				case 129: return String(CharArray::of(0xD801, 0xDC1D, 0xD801, 0xDC35, 0xD801, 0xDC43, 0x20, 0xD801, 0xDC16, 0xD801, 0xDC31, 0xD801, 0xDC49, 0xD801, 0xDC3E, 0xD801, 0xDC32, 0x20, 0xD801, 0xDC30, 0xD801, 0xDC4C, 0xD801, 0xDC3C, 0x20, 0xD801, 0xDC44, 0x20, 0xD801, 0xDC1D, 0xD801, 0xDC35, 0xD801, 0xDC43, 0x20, 0xD801, 0xDC1D, 0xD801, 0xDC30, 0xD801, 0xDC4C, 0xD801, 0xDC3C, 0xD801, 0xDC36, 0xD801, 0xDC2E, 0xD801, 0xDC3D, 0x20, 0xD801, 0xDC0C, 0xD801, 0xDC4A, 0xD801, 0xDC32, 0xD801, 0xDC4C, 0xD801, 0xDC3C, 0xD801, 0xDC46));

				case 130: return String(CharArray::of(0xD801, 0xDC18, 0xD801, 0xDC36, 0xD801, 0xDC2A, 0xD801, 0xDC3C, 0xD801, 0xDC32, 0xD801, 0xDC4B, 0xD801, 0xDC2A, 0xD801, 0xDC4A, 0xD801, 0xDC32));

				case 131: return String(CharArray::of(0xD801, 0xDC18, 0xD801, 0xDC36, 0xD801, 0xDC2A, 0xD801, 0xDC4B));

				case 132: return String(CharArray::of(0xD801, 0xDC18, 0xD801, 0xDC2E, 0xD801, 0xDC4C, 0xD801, 0xDC28, 0x2D, 0xD801, 0xDC12, 0xD801, 0xDC2E, 0xD801, 0xDC45, 0xD801, 0xDC35));

				case 133: return String(CharArray::of(0xD801, 0xDC18, 0xD801, 0xDC34, 0xD801, 0xDC30, 0xD801, 0xDC4C, 0xD801, 0xDC32));

				case 134: return String(CharArray::of(0xD801, 0xDC10, 0xD801, 0xDC2C, 0xD801, 0xDC4D, 0x20, 0xD801, 0xDC17, 0xD801, 0xDC2C, 0xD801, 0xDC4D, 0x20, 0xD801, 0xDC1D, 0xD801, 0xDC08, 0xD801, 0xDC21, 0x20, 0xD801, 0xDC15, 0xD801, 0xDC34, 0xD801, 0xDC4C, 0xD801, 0xDC32));

				case 135: return String(CharArray::of(0xD801, 0xDC10, 0xD801, 0xDC32, 0xD801, 0xDC49, 0xD801, 0xDC3C, 0x20, 0xD801, 0xDC0C, 0xD801, 0xDC4A, 0xD801, 0xDC32, 0xD801, 0xDC4C, 0xD801, 0xDC3C, 0x20, 0xD801, 0xDC30, 0xD801, 0xDC4C, 0xD801, 0xDC3C, 0x20, 0xD801, 0xDC23, 0xD801, 0xDC3F, 0xD801, 0xDC14, 0xD801, 0xDC31, 0xD801, 0xDC4C, 0xD801, 0xDC32, 0xD801, 0xDC4A, 0xD801, 0xDC3C, 0x20, 0xD801, 0xDC0C, 0xD801, 0xDC4A, 0xD801, 0xDC32, 0xD801, 0xDC4C, 0xD801, 0xDC3C, 0xD801, 0xDC46));

				case 136: return String(CharArray::of(0xD801, 0xDC10, 0xD801, 0xDC2A, 0xD801, 0xDC4C, 0xD801, 0xDC3C, 0xD801, 0xDC2D, 0xD801, 0xDC49, 0xD801, 0xDC32, 0xD801, 0xDC45));

				case 137: return String(CharArray::of(0xD801, 0xDC17, 0xD801, 0xDC49, 0xD801, 0xDC2C, 0xD801, 0xDC29, 0xD801, 0xDC47, 0xD801, 0xDC32));

				case 138: return String(CharArray::of(0xD801, 0xDC10, 0xD801, 0xDC29, 0xD801, 0xDC3B, 0xD801, 0xDC28));

				case 139: return String(CharArray::of(0xD801, 0xDC10, 0xD801, 0xDC32, 0xD801, 0xDC4D, 0xD801, 0xDC40, 0xD801, 0xDC32, 0xD801, 0xDC49, 0xD801, 0xDC28));

				case 141: return String(CharArray::of(0xD801, 0xDC06, 0xD801, 0xDC4C, 0xD801, 0xDC3C, 0xD801, 0xDC32, 0xD801, 0xDC4C, 0xD801, 0xDC28, 0xD801, 0xDC48, 0xD801, 0xDC32));

				case 142: return String(CharArray::of(0xD801, 0xDC0C, 0xD801, 0xDC49, 0xD801, 0xDC4A, 0xD801, 0xDC32, 0xD801, 0xDC4C, 0xD801, 0xDC3C));

				case 143: return String(CharArray::of(0xD801, 0xDC06, 0xD801, 0xDC46, 0xD801, 0xDC49, 0xD801, 0xDC28, 0xD801, 0xDC32, 0xD801, 0xDC4A));

				case 144: return String(CharArray::of(0xD801, 0xDC0C, 0xD801, 0xDC32, 0xD801, 0xDC4A, 0x20, 0xD801, 0xDC32, 0xD801, 0xDC41, 0x20, 0xD801, 0xDC23, 0xD801, 0xDC30, 0xD801, 0xDC4C));

				case 145: return String(CharArray::of(0xD801, 0xDC06, 0xD801, 0xDC4C, 0xD801, 0xDC3C, 0xD801, 0xDC28, 0xD801, 0xDC32));

				case 146: return String(CharArray::of(0xD801, 0xDC12, 0xD801, 0xDC49, 0xD801, 0xDC2E, 0xD801, 0xDC3C, 0xD801, 0xDC2E, 0xD801, 0xDC47, 0x20, 0xD801, 0xDC06, 0xD801, 0xDC4C, 0xD801, 0xDC3C, 0xD801, 0xDC28, 0xD801, 0xDC32, 0xD801, 0xDC4C, 0x20, 0xD801, 0xDC04, 0xD801, 0xDC47, 0xD801, 0xDC32, 0xD801, 0xDC4C, 0x20, 0xD801, 0xDC13, 0xD801, 0xDC2F, 0xD801, 0xDC49, 0xD801, 0xDC32, 0xD801, 0xDC3B, 0xD801, 0xDC31, 0xD801, 0xDC49, 0xD801, 0xDC28));

				case 147: return String(CharArray::of(0xD801, 0xDC06, 0xD801, 0xDC49, 0xD801, 0xDC30, 0xD801, 0xDC3F));

				case 148: return String(CharArray::of(0xD801, 0xDC06, 0xD801, 0xDC49, 0xD801, 0xDC2A, 0xD801, 0xDC4C));

				case 149: return String(CharArray::of(0xD801, 0xDC0C, 0xD801, 0xDC45, 0xD801, 0xDC4A, 0xD801, 0xDC32, 0xD801, 0xDC4C, 0xD801, 0xDC3C));

				case 150: return String(CharArray::of(0xD801, 0xDC06, 0xD801, 0xDC3B, 0xD801, 0xDC32, 0xD801, 0xDC4A, 0xD801, 0xDC28));

				case 151: return String(CharArray::of(0xD801, 0xDC16, 0xD801, 0xDC32, 0xD801, 0xDC49, 0xD801, 0xDC46, 0xD801, 0xDC28));

				case 152: return String(CharArray::of(0xD801, 0xDC16, 0xD801, 0xDC32, 0xD801, 0xDC4B, 0xD801, 0xDC29, 0xD801, 0xDC3F, 0xD801, 0xDC32));

				case 153: return String(CharArray::of(0xD801, 0xDC16, 0xD801, 0xDC31, 0xD801, 0xDC49, 0xD801, 0xDC3C, 0xD801, 0xDC32, 0xD801, 0xDC4C));

				case 154: return String(CharArray::of(0xD801, 0xDC16, 0xD801, 0xDC32, 0xD801, 0xDC39, 0xD801, 0xDC30, 0xD801, 0xDC4C));

				case 155: return String(CharArray::of(0xD801, 0xDC17, 0xD801, 0xDC2F, 0xD801, 0xDC4C, 0xD801, 0xDC37, 0xD801, 0xDC32));

				case 156: return String(CharArray::of(0xD801, 0xDC17, 0xD801, 0xDC2E, 0xD801, 0xDC49, 0xD801, 0xDC40, 0xD801, 0xDC32, 0xD801, 0xDC45, 0xD801, 0xDC3B, 0xD801, 0xDC30, 0xD801, 0xDC4C));

				case 157: return String(CharArray::of(0xD801, 0xDC17, 0xD801, 0xDC30, 0xD801, 0xDC4B, 0xD801, 0xDC3A, 0xD801, 0xDC2C, 0xD801, 0xDC3C, 0xD801, 0xDC28, 0xD801, 0xDC32));

				case 158: return String(CharArray::of(0xD801, 0xDC17, 0xD801, 0xDC2E, 0xD801, 0xDC49, 0xD801, 0xDC32, 0xD801, 0xDC3A, 0xD801, 0xDC2A, 0xD801, 0xDC3B, 0xD801, 0xDC28));

				case 159: return String(CharArray::of(0xD801, 0xDC17, 0xD801, 0xDC2A, 0xD801, 0xDC4B, 0xD801, 0xDC32, 0xD801, 0xDC49, 0xD801, 0xDC2C, 0xD801, 0xDC46));

				case 160: return String(CharArray::of(0xD801, 0xDC1D, 0xD801, 0xDC29, 0xD801, 0xDC4C, 0xD801, 0xDC3B, 0x20, 0xD801, 0xDC17, 0xD801, 0xDC2E, 0xD801, 0xDC3B, 0xD801, 0xDC45, 0x20, 0xD801, 0xDC30, 0xD801, 0xDC4C, 0xD801, 0xDC3C, 0x20, 0xD801, 0xDC24, 0xD801, 0xDC28, 0xD801, 0xDC42, 0xD801, 0xDC2E, 0xD801, 0xDC45));

				case 161: return String(CharArray::of(0xD801, 0xDC24, 0xD801, 0xDC31, 0xD801, 0xDC49, 0xD801, 0xDC43, 0x20, 0xD801, 0xDC17, 0xD801, 0xDC32, 0xD801, 0xDC49, 0xD801, 0xDC28, 0xD801, 0xDC32));

				case 162: return String(CharArray::of(0xD801, 0xDC1D, 0xD801, 0xDC35, 0xD801, 0xDC43, 0x20, 0xD801, 0xDC17, 0xD801, 0xDC32, 0xD801, 0xDC49, 0xD801, 0xDC28, 0xD801, 0xDC32));

				case 163: return String(CharArray::of(0xD801, 0xDC17, 0xD801, 0xDC32, 0xD801, 0xDC36, 0xD801, 0xDC29, 0xD801, 0xDC3B));

				case 164: return String(CharArray::of(0xD801, 0xDC17, 0xD801, 0xDC29, 0xD801, 0xDC4B, 0xD801, 0xDC32, 0xD801, 0xDC4C, 0x20, 0xD801, 0xDC0C, 0xD801, 0xDC4A, 0xD801, 0xDC32, 0xD801, 0xDC4C, 0xD801, 0xDC3C, 0xD801, 0xDC46));

				case 165: return String(CharArray::of(0xD801, 0xDC17, 0xD801, 0xDC32, 0xD801, 0xDC46, 0xD801, 0xDC2A, 0xD801, 0xDC3F, 0xD801, 0xDC45, 0xD801, 0xDC3B, 0xD801, 0xDC2A, 0xD801, 0xDC4C));

				case 166: return String(CharArray::of(0xD801, 0xDC22, 0xD801, 0xDC2A, 0xD801, 0xDC2C, 0xD801, 0xDC45));

				case 167: return String(CharArray::of(0xD801, 0xDC22, 0xD801, 0xDC2F, 0xD801, 0xDC3A, 0xD801, 0xDC32, 0xD801, 0xDC4C, 0xD801, 0xDC2A, 0xD801, 0xDC4C));

				case 169: return String(CharArray::of(0xD801, 0xDC22, 0xD801, 0xDC2E, 0xD801, 0xDC3F, 0xD801, 0xDC3B, 0xD801, 0xDC32, 0xD801, 0xDC4C, 0xD801, 0xDC45, 0xD801, 0xDC3B, 0xD801, 0xDC34, 0xD801, 0xDC4C));

				case 170: return String(CharArray::of(0xD801, 0xDC1F, 0xD801, 0xDC49, 0xD801, 0xDC28, 0x20, 0xD801, 0xDC22, 0xD801, 0xDC30, 0xD801, 0xDC4D, 0xD801, 0xDC3F, 0xD801, 0xDC32));

				case 171: return String(CharArray::of(0xD801, 0xDC22, 0xD801, 0xDC34, 0xD801, 0xDC3A, 0xD801, 0xDC2E, 0xD801, 0xDC49, 0xD801, 0xDC28, 0xD801, 0xDC32));

				case 172: return String(CharArray::of(0xD801, 0xDC22, 0xD801, 0xDC32, 0xD801, 0xDC45, 0xD801, 0xDC2C, 0xD801, 0xDC43, 0xD801, 0xDC2C));

				case 173: return String(CharArray::of(0xD801, 0xDC22, 0xD801, 0xDC2E, 0xD801, 0xDC43, 0xD801, 0xDC32, 0xD801, 0xDC36, 0xD801, 0xDC29, 0xD801, 0xDC4C, 0xD801, 0xDC28, 0xD801, 0xDC32));

				case 174: return String(CharArray::of(0xD801, 0xDC22, 0xD801, 0xDC32, 0xD801, 0xDC3F, 0xD801, 0xDC45, 0xD801, 0xDC32, 0xD801, 0xDC4B, 0xD801, 0xDC3A, 0xD801, 0xDC32, 0xD801, 0xDC49, 0xD801, 0xDC40));

				case 175: return String(CharArray::of(0xD801, 0xDC22, 0xD801, 0xDC30, 0xD801, 0xDC3B, 0xD801, 0xDC42, 0xD801, 0xDC28, 0xD801, 0xDC32));

				case 176: return String(CharArray::of(0xD801, 0xDC22, 0xD801, 0xDC2E, 0xD801, 0xDC3A, 0xD801, 0xDC28, 0xD801, 0xDC32));

				case 177: return String(CharArray::of(0xD801, 0xDC23, 0xD801, 0xDC32, 0xD801, 0xDC49, 0xD801, 0xDC2A, 0xD801, 0xDC3F, 0xD801, 0xDC2C));

				case 178: return String(CharArray::of(0xD801, 0xDC23, 0xD801, 0xDC2A, 0xD801, 0xDC4C, 0xD801, 0xDC32, 0xD801, 0xDC3F, 0xD801, 0xDC2C));

				case 179: return String(CharArray::of(0xD801, 0xDC23, 0xD801, 0xDC31, 0xD801, 0xDC4A, 0xD801, 0xDC3C, 0xD801, 0xDC2C, 0xD801, 0xDC42, 0xD801, 0xDC32));

				case 180: return String(CharArray::of(0xD801, 0xDC23, 0xD801, 0xDC2A, 0xD801, 0xDC4C, 0xD801, 0xDC32, 0xD801, 0xDC4C, 0xD801, 0xDC28, 0xD801, 0xDC40, 0xD801, 0xDC49, 0xD801, 0xDC2C));

				case 181: return String(CharArray::of(0xD801, 0xDC1D, 0xD801, 0xDC29, 0xD801, 0xDC4C, 0xD801, 0xDC3B, 0x20, 0xD801, 0xDC23, 0xD801, 0xDC2A, 0xD801, 0xDC49, 0xD801, 0xDC3B, 0xD801, 0xDC4C));

				case 182: return String(CharArray::of(0xD801, 0xDC23, 0xD801, 0xDC30, 0xD801, 0xDC3C, 0xD801, 0xDC32, 0xD801, 0xDC40, 0xD801, 0xDC30, 0xD801, 0xDC45, 0xD801, 0xDC3F, 0xD801, 0xDC32, 0xD801, 0xDC49));

				case 183: return String(CharArray::of(0xD801, 0xDC23, 0xD801, 0xDC2A, 0xD801, 0xDC49, 0xD801, 0xDC47, 0xD801, 0xDC32, 0xD801, 0xDC4A, 0x20, 0xD801, 0xDC0C, 0xD801, 0xDC4A, 0xD801, 0xDC32, 0xD801, 0xDC4C, 0xD801, 0xDC3C, 0xD801, 0xDC46));

				case 184: return String(CharArray::of(0xD801, 0xDC23, 0xD801, 0xDC30, 0xD801, 0xDC45, 0xD801, 0xDC32, 0xD801, 0xDC3C, 0xD801, 0xDC2C, 0xD801, 0xDC4C, 0xD801, 0xDC28, 0xD801, 0xDC32));

				case 185: return String(CharArray::of(0xD801, 0xDC23, 0xD801, 0xDC2A, 0xD801, 0xDC4A, 0xD801, 0xDC28));

				case 186: return String(CharArray::of(0xD801, 0xDC23, 0xD801, 0xDC28, 0xD801, 0xDC32, 0xD801, 0xDC4C, 0xD801, 0xDC4B, 0xD801, 0xDC2A, 0xD801, 0xDC49));

				case 187: return String(CharArray::of(0xD801, 0xDC23, 0xD801, 0xDC2A, 0xD801, 0xDC4D, 0xD801, 0xDC40, 0xD801, 0xDC2C, 0xD801, 0xDC4A, 0xD801, 0xDC28, 0xD801, 0xDC32));

				case 188: return String(CharArray::of(0xD801, 0xDC23, 0xD801, 0xDC32, 0xD801, 0xDC3F, 0xD801, 0xDC35, 0x20, 0xD801, 0xDC1D, 0xD801, 0xDC08, 0xD801, 0xDC21, 0x20, 0xD801, 0xDC15, 0xD801, 0xDC34, 0xD801, 0xDC4C, 0xD801, 0xDC32));

				case 189: return String(CharArray::of(0xD801, 0xDC24, 0xD801, 0xDC31, 0xD801, 0xDC49, 0xD801, 0xDC44, 0xD801, 0xDC32, 0xD801, 0xDC49, 0xD801, 0xDC4C, 0x20, 0xD801, 0xDC23, 0xD801, 0xDC30, 0xD801, 0xDC49, 0xD801, 0xDC28, 0xD801, 0xDC31, 0xD801, 0xDC4C, 0xD801, 0xDC32, 0x20, 0xD801, 0xDC0C, 0xD801, 0xDC4A, 0xD801, 0xDC32, 0xD801, 0xDC4C, 0xD801, 0xDC3C, 0xD801, 0xDC46));

				case 190: return String(CharArray::of(0xD801, 0xDC23, 0xD801, 0xDC2A, 0xD801, 0xDC49, 0xD801, 0xDC3B, 0xD801, 0xDC4C, 0xD801, 0xDC28, 0xD801, 0xDC3F));

				case 191: return String(CharArray::of(0xD801, 0xDC23, 0xD801, 0xDC31, 0xD801, 0xDC49, 0xD801, 0xDC32, 0xD801, 0xDC3B, 0xD801, 0xDC29, 0xD801, 0xDC4C, 0xD801, 0xDC28, 0xD801, 0xDC32));

				case 192: return String(CharArray::of(0xD801, 0xDC23, 0xD801, 0xDC2A, 0xD801, 0xDC4C, 0xD801, 0xDC3B, 0xD801, 0xDC45, 0xD801, 0xDC32, 0xD801, 0xDC49, 0xD801, 0xDC2A, 0xD801, 0xDC3B));

				case 193: return String(CharArray::of(0xD801, 0xDC23, 0xD801, 0xDC31, 0xD801, 0xDC4A, 0xD801, 0xDC3B, 0xD801, 0xDC32));

				case 194: return String(CharArray::of(0xD801, 0xDC23, 0xD801, 0xDC31, 0xD801, 0xDC49, 0xD801, 0xDC2E, 0xD801, 0xDC47, 0xD801, 0xDC32, 0xD801, 0xDC45));

				case 195: return String(CharArray::of(0xD801, 0xDC23, 0xD801, 0xDC2A, 0xD801, 0xDC4A, 0xD801, 0xDC3C, 0xD801, 0xDC28, 0xD801, 0xDC42, 0xD801, 0xDC46));

				case 196: return String(CharArray::of(0xD801, 0xDC23, 0xD801, 0xDC32, 0xD801, 0xDC4A, 0xD801, 0xDC2A, 0xD801, 0xDC36, 0xD801, 0xDC28));

				case 197: return String(CharArray::of(0xD801, 0xDC23, 0xD801, 0xDC2F, 0xD801, 0xDC3F, 0xD801, 0xDC45, 0xD801, 0xDC32, 0xD801, 0xDC3F, 0xD801, 0xDC2C));

				case 198: return String(CharArray::of(0xD801, 0xDC23, 0xD801, 0xDC32, 0xD801, 0xDC4A, 0xD801, 0xDC29, 0xD801, 0xDC48, 0xD801, 0xDC32));

				case 199: return String(CharArray::of(0xD801, 0xDC23, 0xD801, 0xDC2C, 0xD801, 0xDC46, 0xD801, 0xDC30, 0xD801, 0xDC4B, 0xD801, 0xDC3A, 0xD801, 0xDC28, 0xD801, 0xDC3F));

				case 200: return String(CharArray::of(0xD801, 0xDC24, 0xD801, 0xDC32, 0xD801, 0xDC4B, 0xD801, 0xDC2E, 0xD801, 0xDC3A, 0xD801, 0xDC28, 0xD801, 0xDC32));

				case 201: return String(CharArray::of(0xD801, 0xDC24, 0xD801, 0xDC2D, 0x20, 0xD801, 0xDC17, 0xD801, 0xDC30, 0xD801, 0xDC4A, 0xD801, 0xDC32, 0xD801, 0xDC3C, 0xD801, 0xDC2C, 0xD801, 0xDC4C, 0xD801, 0xDC37, 0xD801, 0xDC32));

				case 202: return String(CharArray::of(0xD801, 0xDC24, 0xD801, 0xDC34, 0xD801, 0xDC3E, 0xD801, 0xDC32, 0xD801, 0xDC49));

				case 203: return String(CharArray::of(0xD801, 0xDC24, 0xD801, 0xDC31, 0xD801, 0xDC49, 0xD801, 0xDC41, 0xD801, 0xDC32, 0xD801, 0xDC3F, 0x20, 0xD801, 0xDC0C, 0xD801, 0xDC4A, 0xD801, 0xDC32, 0xD801, 0xDC4C, 0xD801, 0xDC3C));

				case 204: return String(CharArray::of(0xD801, 0xDC24, 0xD801, 0xDC34, 0xD801, 0xDC3E, 0xD801, 0xDC2E, 0xD801, 0xDC49, 0xD801, 0xDC28, 0xD801, 0xDC32));

				case 205: return String(CharArray::of(0xD801, 0xDC24, 0xD801, 0xDC2E, 0xD801, 0xDC3F, 0xD801, 0xDC32, 0xD801, 0xDC49, 0xD801, 0xDC2A, 0xD801, 0xDC40, 0xD801, 0xDC36, 0xD801, 0xDC32));

				case 206: return String(CharArray::of(0xD801, 0xDC24, 0xD801, 0xDC2F, 0xD801, 0xDC44, 0xD801, 0xDC32, 0xD801, 0xDC49, 0xD801, 0xDC4A, 0xD801, 0xDC32, 0xD801, 0xDC4C, 0xD801, 0xDC3C, 0xD801, 0xDC46));

				case 207: return String(CharArray::of(0xD801, 0xDC24, 0xD801, 0xDC31, 0xD801, 0xDC49, 0xD801, 0xDC36, 0xD801, 0xDC29));

				case 208: return String(CharArray::of(0xD801, 0xDC24, 0xD801, 0xDC29, 0xD801, 0xDC39, 0xD801, 0xDC2A, 0xD801, 0xDC4A));

				case 209: return String(CharArray::of(0xD801, 0xDC24, 0xD801, 0xDC2A, 0xD801, 0xDC2D, 0xD801, 0xDC49, 0xD801, 0xDC2D));

				case 210: return String(CharArray::of(0xD801, 0xDC24, 0xD801, 0xDC37, 0xD801, 0xDC2D, 0xD801, 0xDC29));

				case 211: return String(CharArray::of(0xD801, 0xDC24, 0xD801, 0xDC2D, 0x20, 0xD801, 0xDC1E, 0xD801, 0xDC28, 0xD801, 0xDC4A, 0xD801, 0xDC32, 0xD801, 0xDC4C, 0xD801, 0xDC3C));

				case 212: return String(CharArray::of(0xD801, 0xDC04, 0xD801, 0xDC4B, 0xD801, 0xDC32, 0xD801, 0xDC4C));

				case 213: return String(CharArray::of(0xD801, 0xDC11, 0xD801, 0xDC30, 0xD801, 0xDC4C, 0xD801, 0xDC32, 0xD801, 0xDC4B, 0xD801, 0xDC2A));

				case 214: return String(CharArray::of(0xD801, 0xDC11, 0xD801, 0xDC32, 0xD801, 0xDC49, 0xD801, 0xDC2D));

				case 215: return String(CharArray::of(0xD801, 0xDC19, 0xD801, 0xDC49, 0xD801, 0xDC2F, 0xD801, 0xDC4C, 0xD801, 0xDC3D, 0x20, 0xD801, 0xDC11, 0xD801, 0xDC2A, 0xD801, 0xDC4A, 0xD801, 0xDC32, 0xD801, 0xDC4C, 0xD801, 0xDC28, 0xD801, 0xDC48, 0xD801, 0xDC32));

				case 216: return String(CharArray::of(0xD801, 0xDC11, 0xD801, 0xDC30, 0xD801, 0xDC39, 0xD801, 0xDC37, 0xD801, 0xDC33, 0xD801, 0xDC32, 0x20, 0xD801, 0xDC24, 0xD801, 0xDC2D, 0x20, 0xD801, 0xDC18, 0xD801, 0xDC2E, 0xD801, 0xDC4C, 0xD801, 0xDC28));

				case 217: return String(CharArray::of(0xD801, 0xDC19, 0xD801, 0xDC2E, 0xD801, 0xDC4A, 0xD801, 0xDC32, 0xD801, 0xDC39, 0xD801, 0xDC28, 0xD801, 0xDC4C, 0xD801, 0xDC46));

				case 218: return String(CharArray::of(0xD801, 0xDC11, 0xD801, 0xDC30, 0xD801, 0xDC3F, 0xD801, 0xDC32, 0xD801, 0xDC45, 0xD801, 0xDC3B, 0xD801, 0xDC30, 0xD801, 0xDC4C));

				case 219: return String(CharArray::of(0xD801, 0xDC11, 0xD801, 0xDC2C, 0xD801, 0xDC4A, 0xD801, 0xDC32, 0xD801, 0xDC4C, 0xD801, 0xDC3C));

				case 220: return String(CharArray::of(0xD801, 0xDC1D, 0xD801, 0xDC29, 0xD801, 0xDC4C, 0xD801, 0xDC3B, 0x20, 0xD801, 0xDC11, 0xD801, 0xDC28, 0xD801, 0xDC2F, 0xD801, 0xDC49, 0x20, 0xD801, 0xDC30, 0xD801, 0xDC4C, 0xD801, 0xDC3C, 0x20, 0xD801, 0xDC23, 0xD801, 0xDC28, 0xD801, 0xDC3F, 0xD801, 0xDC32, 0xD801, 0xDC4A, 0xD801, 0xDC2A, 0xD801, 0xDC4C));

				case 221: return String(CharArray::of(0xD801, 0xDC11, 0xD801, 0xDC2E, 0xD801, 0xDC3B, 0xD801, 0xDC3F, 0xD801, 0xDC2F, 0xD801, 0xDC49, 0xD801, 0xDC4C));

				case 222: return String(CharArray::of(0xD801, 0xDC11, 0xD801, 0xDC36, 0xD801, 0xDC2F, 0xD801, 0xDC49, 0xD801, 0xDC3B, 0xD801, 0xDC2C, 0x20, 0xD801, 0xDC21, 0xD801, 0xDC28, 0xD801, 0xDC3F, 0xD801, 0xDC2C));

				case 223: return String(CharArray::of(0xD801, 0xDC11, 0xD801, 0xDC30, 0xD801, 0xDC4A, 0xD801, 0xDC32, 0xD801, 0xDC45, 0xD801, 0xDC3B, 0xD801, 0xDC2E, 0xD801, 0xDC4C, 0xD801, 0xDC28, 0xD801, 0xDC32, 0xD801, 0xDC4C, 0x20, 0xD801, 0xDC13, 0xD801, 0xDC2F, 0xD801, 0xDC49, 0xD801, 0xDC32, 0xD801, 0xDC3B, 0xD801, 0xDC31, 0xD801, 0xDC49, 0xD801, 0xDC28));

				case 224: return String(CharArray::of(0xD801, 0xDC11, 0xD801, 0xDC31, 0xD801, 0xDC49, 0xD801, 0xDC3D, 0xD801, 0xDC32, 0xD801, 0xDC40, 0xD801, 0xDC32, 0xD801, 0xDC4A));

				case 225: return String(CharArray::of(0xD801, 0xDC11, 0xD801, 0xDC32, 0xD801, 0xDC4A, 0xD801, 0xDC35));

				case 226: return String(CharArray::of(0xD801, 0xDC11, 0xD801, 0xDC2F, 0xD801, 0xDC49, 0xD801, 0xDC32, 0xD801, 0xDC40, 0xD801, 0xDC36, 0xD801, 0xDC34));

				case 227: return String(CharArray::of(0xD801, 0xDC17, 0xD801, 0xDC32, 0xD801, 0xDC3B, 0xD801, 0xDC2A, 0xD801, 0xDC49));

				case 228: return String(CharArray::of(0xD801, 0xDC0D, 0xD801, 0xDC3B, 0xD801, 0xDC4A, 0xD801, 0xDC34, 0xD801, 0xDC2E, 0xD801, 0xDC4D, 0x20, 0xD801, 0xDC04, 0xD801, 0xDC47, 0xD801, 0xDC28, 0xD801, 0xDC30, 0xD801, 0xDC4C, 0xD801, 0xDC28, 0xD801, 0xDC32));

				case 229: return String(CharArray::of(0xD801, 0xDC21, 0xD801, 0xDC28, 0xD801, 0xDC37, 0xD801, 0xDC2D, 0xD801, 0xDC4C, 0xD801, 0xDC37, 0xD801, 0xDC32, 0xD801, 0xDC4C));

				case 230: return String(CharArray::of(0xD801, 0xDC21, 0xD801, 0xDC2C, 0xD801, 0xDC4B, 0xD801, 0xDC29, 0xD801, 0xDC4C, 0xD801, 0xDC28, 0xD801, 0xDC32));

				case 231: return String(CharArray::of(0xD801, 0xDC1D, 0xD801, 0xDC32, 0xD801, 0xDC49, 0xD801, 0xDC3A, 0xD801, 0xDC28, 0xD801, 0xDC32));

				case 232: return String(CharArray::of(0xD801, 0xDC21, 0xD801, 0xDC32, 0xD801, 0xDC47, 0xD801, 0xDC32));

				case 233: return String(CharArray::of(0xD801, 0xDC21, 0xD801, 0xDC32, 0xD801, 0xDC36, 0xD801, 0xDC2A, 0xD801, 0xDC4C, 0xD801, 0xDC3C, 0xD801, 0xDC32));

				case 234: return String(CharArray::of(0xD801, 0xDC1D, 0xD801, 0xDC35, 0xD801, 0xDC3C, 0xD801, 0xDC28, 0x20, 0xD801, 0xDC0A, 0xD801, 0xDC49, 0xD801, 0xDC29, 0xD801, 0xDC3A, 0xD801, 0xDC28, 0xD801, 0xDC32));

				case 235: return String(CharArray::of(0xD801, 0xDC1D, 0xD801, 0xDC2A, 0xD801, 0xDC4A, 0xD801, 0xDC32, 0xD801, 0xDC4B, 0xD801, 0xDC32, 0xD801, 0xDC4C, 0x20, 0xD801, 0xDC0C, 0xD801, 0xDC4A, 0xD801, 0xDC32, 0xD801, 0xDC4C, 0xD801, 0xDC3C, 0xD801, 0xDC46));

				case 236: return String(CharArray::of(0xD801, 0xDC1D, 0xD801, 0xDC29, 0xD801, 0xDC47, 0xD801, 0xDC2F, 0xD801, 0xDC4A, 0xD801, 0xDC46));

				case 237: return String(CharArray::of(0xD801, 0xDC1D, 0xD801, 0xDC2D, 0xD801, 0xDC3C, 0xD801, 0xDC30, 0xD801, 0xDC4C));

				case 238: return String(CharArray::of(0xD801, 0xDC1D, 0xD801, 0xDC36, 0xD801, 0xDC28, 0xD801, 0xDC3C, 0xD801, 0xDC4C));

				case 239: return String(CharArray::of(0xD801, 0xDC1D, 0xD801, 0xDC2E, 0xD801, 0xDC4D, 0xD801, 0xDC32, 0xD801, 0xDC39, 0xD801, 0xDC31, 0xD801, 0xDC49));

				case 240: return String(CharArray::of(0xD801, 0xDC1D, 0xD801, 0xDC29, 0xD801, 0xDC4C, 0xD801, 0xDC3B, 0x20, 0xD801, 0xDC10, 0xD801, 0xDC2F, 0xD801, 0xDC4A, 0xD801, 0xDC32, 0xD801, 0xDC4C, 0xD801, 0xDC32));

				case 241: return String(CharArray::of(0xD801, 0xDC1D, 0xD801, 0xDC4A, 0xD801, 0xDC2C, 0xD801, 0xDC42, 0xD801, 0xDC28, 0xD801, 0xDC4C, 0xD801, 0xDC28, 0xD801, 0xDC32));

				case 242: return String(CharArray::of(0xD801, 0xDC1D, 0xD801, 0xDC42, 0xD801, 0xDC2A, 0xD801, 0xDC4A, 0xD801, 0xDC3A, 0xD801, 0xDC2A, 0xD801, 0xDC49, 0xD801, 0xDC3C, 0x20, 0xD801, 0xDC30, 0xD801, 0xDC4C, 0xD801, 0xDC3C, 0x20, 0xD801, 0xDC16, 0xD801, 0xDC30, 0xD801, 0xDC4C, 0x20, 0xD801, 0xDC23, 0xD801, 0xDC34, 0xD801, 0xDC32, 0xD801, 0xDC4C));

				case 243: return String(CharArray::of(0xD801, 0xDC1D, 0xD801, 0xDC4A, 0xD801, 0xDC2C, 0xD801, 0xDC42, 0xD801, 0xDC2A, 0xD801, 0xDC3F, 0xD801, 0xDC28, 0xD801, 0xDC32));

				case 244: return String(CharArray::of(0xD801, 0xDC1D, 0xD801, 0xDC28, 0xD801, 0xDC2F, 0xD801, 0xDC49, 0xD801, 0xDC32, 0x20, 0xD801, 0xDC22, 0xD801, 0xDC28, 0xD801, 0xDC2C, 0xD801, 0xDC4C));

				case 245: return String(CharArray::of(0xD801, 0xDC1D, 0xD801, 0xDC2A, 0xD801, 0xDC4C, 0x20, 0xD801, 0xDC23, 0xD801, 0xDC32, 0xD801, 0xDC49, 0xD801, 0xDC28, 0xD801, 0xDC4C, 0xD801, 0xDC2C));

				case 246: return String(CharArray::of(0xD801, 0xDC1D, 0xD801, 0xDC2F, 0xD801, 0xDC4C, 0xD801, 0xDC32, 0xD801, 0xDC40, 0xD801, 0xDC31, 0xD801, 0xDC4A));

				case 247: return String(CharArray::of(0xD801, 0xDC1D, 0xD801, 0xDC32, 0xD801, 0xDC4B, 0xD801, 0xDC2A, 0xD801, 0xDC4A, 0xD801, 0xDC28, 0xD801, 0xDC32));

				case 248: return String(CharArray::of(0xD801, 0xDC1D, 0xD801, 0xDC2D, 0xD801, 0xDC49, 0xD801, 0xDC32, 0xD801, 0xDC4C, 0xD801, 0xDC2A, 0xD801, 0xDC4B));

				case 250: return String(CharArray::of(0xD801, 0xDC1D, 0xD801, 0xDC35, 0x20, 0xD801, 0xDC13, 0xD801, 0xDC2C, 0xD801, 0xDC4B, 0x20, 0xD801, 0xDC30, 0xD801, 0xDC4C, 0xD801, 0xDC3C, 0x20, 0xD801, 0xDC11, 0xD801, 0xDC49, 0xD801, 0xDC2E, 0xD801, 0xDC4C, 0xD801, 0xDC3D, 0xD801, 0xDC2E, 0xD801, 0xDC39, 0xD801, 0xDC29));

				case 251: return String(CharArray::of(0xD801, 0xDC07, 0xD801, 0xDC4A, 0x20, 0xD801, 0xDC1D, 0xD801, 0xDC30, 0xD801, 0xDC4A, 0xD801, 0xDC42, 0xD801, 0xDC32, 0xD801, 0xDC3C, 0xD801, 0xDC31, 0xD801, 0xDC49));

				case 253: return String(CharArray::of(0xD801, 0xDC1D, 0xD801, 0xDC2E, 0xD801, 0xDC49, 0xD801, 0xDC28, 0xD801, 0xDC32));

				case 254: return String(CharArray::of(0xD801, 0xDC1D, 0xD801, 0xDC36, 0xD801, 0xDC2A, 0xD801, 0xDC46, 0xD801, 0xDC28, 0xD801, 0xDC4A, 0xD801, 0xDC30, 0xD801, 0xDC4C, 0xD801, 0xDC3C));

				case 256: return String(CharArray::of(0xD801, 0xDC13, 0xD801, 0xDC32, 0xD801, 0xDC49, 0xD801, 0xDC3F, 0xD801, 0xDC45, 0x20, 0xD801, 0xDC30, 0xD801, 0xDC4C, 0xD801, 0xDC3C, 0x20, 0xD801, 0xDC17, 0xD801, 0xDC34, 0xD801, 0xDC3F, 0xD801, 0xDC2C, 0xD801, 0xDC46, 0x20, 0xD801, 0xDC0C, 0xD801, 0xDC4A, 0xD801, 0xDC32, 0xD801, 0xDC4C, 0xD801, 0xDC3C, 0xD801, 0xDC46));

				case 257: return String(CharArray::of(0xD801, 0xDC15, 0xD801, 0xDC30, 0xD801, 0xDC3C));

				case 258: return String(CharArray::of(0xD801, 0xDC19, 0xD801, 0xDC49, 0xD801, 0xDC2F, 0xD801, 0xDC4C, 0xD801, 0xDC3D, 0x20, 0xD801, 0xDC1D, 0xD801, 0xDC32, 0xD801, 0xDC44, 0xD801, 0xDC32, 0xD801, 0xDC49, 0xD801, 0xDC4C, 0x20, 0xD801, 0xDC13, 0xD801, 0xDC2F, 0xD801, 0xDC49, 0xD801, 0xDC32, 0xD801, 0xDC3B, 0xD801, 0xDC31, 0xD801, 0xDC49, 0xD801, 0xDC28, 0xD801, 0xDC46));

				case 259: return String(CharArray::of(0xD801, 0xDC13, 0xD801, 0xDC2C, 0xD801, 0xDC40, 0xD801, 0xDC2C));

				case 260: return String(CharArray::of(0xD801, 0xDC13, 0xD801, 0xDC34, 0xD801, 0xDC4A, 0xD801, 0xDC30, 0xD801, 0xDC4C, 0xD801, 0xDC3C));

				case 261: return String(CharArray::of(0xD801, 0xDC13, 0xD801, 0xDC32, 0xD801, 0xDC3E, 0xD801, 0xDC28, 0xD801, 0xDC3F, 0xD801, 0xDC32, 0xD801, 0xDC45, 0xD801, 0xDC3B, 0xD801, 0xDC30, 0xD801, 0xDC4C));

				case 262: return String(CharArray::of(0xD801, 0xDC13, 0xD801, 0xDC2C, 0xD801, 0xDC3F, 0xD801, 0xDC2F, 0xD801, 0xDC4A, 0xD801, 0xDC35));

				case 263: return String(CharArray::of(0xD801, 0xDC00, 0xD801, 0xDC45, 0xD801, 0xDC3B, 0x20, 0xD801, 0xDC13, 0xD801, 0xDC28, 0xD801, 0xDC4B, 0xD801, 0xDC31, 0xD801, 0xDC49));

				case 264: return String(CharArray::of(0xD801, 0xDC13, 0xD801, 0xDC32, 0xD801, 0xDC49, 0xD801, 0xDC3F, 0xD801, 0xDC4B, 0xD801, 0xDC2F, 0xD801, 0xDC4C, 0xD801, 0xDC32, 0xD801, 0xDC45, 0xD801, 0xDC3B, 0xD801, 0xDC30, 0xD801, 0xDC4C));

				case 266: return String(CharArray::of(0xD801, 0xDC13, 0xD801, 0xDC2A, 0xD801, 0xDC4D, 0xD801, 0xDC40, 0xD801, 0xDC32));

				case 267: return String(CharArray::of(0xD801, 0xDC13, 0xD801, 0xDC32, 0xD801, 0xDC49, 0xD801, 0xDC3F, 0xD801, 0xDC28));

				case 268: return String(CharArray::of(0xD801, 0xDC13, 0xD801, 0xDC49, 0xD801, 0xDC2E, 0xD801, 0xDC4C, 0xD801, 0xDC2E, 0xD801, 0xDC3C, 0xD801, 0xDC30, 0xD801, 0xDC3C, 0x20, 0xD801, 0xDC30, 0xD801, 0xDC4C, 0xD801, 0xDC3C, 0x20, 0xD801, 0xDC13, 0xD801, 0xDC32, 0xD801, 0xDC3A, 0xD801, 0xDC29, 0xD801, 0xDC40, 0xD801, 0xDC2C));

				case 269: return String(CharArray::of(0xD801, 0xDC13, 0xD801, 0xDC32, 0xD801, 0xDC42, 0xD801, 0xDC2A, 0xD801, 0xDC4A, 0xD801, 0xDC2D));

				case 270: return String(CharArray::of(0xD801, 0xDC13, 0xD801, 0xDC34, 0xD801, 0xDC36, 0xD801, 0xDC2A, 0xD801, 0xDC4C));

				case 271: return String(CharArray::of(0xD801, 0xDC13, 0xD801, 0xDC30, 0xD801, 0xDC4C, 0xD801, 0xDC46, 0xD801, 0xDC32, 0xD801, 0xDC4C, 0xD801, 0xDC28, 0xD801, 0xDC32));

				case 273: return String(CharArray::of(0xD801, 0xDC0F, 0xD801, 0xDC2D, 0xD801, 0xDC40, 0xD801, 0xDC30, 0xD801, 0xDC4C, 0xD801, 0xDC3C, 0xD801, 0xDC32));

				case 274: return String(CharArray::of(0xD801, 0xDC0F, 0xD801, 0xDC2D, 0xD801, 0xDC4C, 0xD801, 0xDC30, 0xD801, 0xDC2E, 0xD801, 0xDC3B, 0xD801, 0xDC32, 0xD801, 0xDC3C, 0x20, 0xD801, 0xDC1D, 0xD801, 0xDC3B, 0xD801, 0xDC29, 0xD801, 0xDC3B, 0xD801, 0xDC45, 0x20, 0xD801, 0xDC23, 0xD801, 0xDC34, 0xD801, 0xDC4C, 0xD801, 0xDC2C, 0xD801, 0xDC49, 0x20, 0xD801, 0xDC0D, 0xD801, 0xDC3B, 0xD801, 0xDC4A, 0xD801, 0xDC34, 0xD801, 0xDC28, 0xD801, 0xDC4D, 0x20, 0xD801, 0xDC0C, 0xD801, 0xDC4A, 0xD801, 0xDC32, 0xD801, 0xDC4C, 0xD801, 0xDC3C, 0xD801, 0xDC46));

				case 276: return String(CharArray::of(0xD801, 0xDC0F, 0xD801, 0xDC2D, 0xD801, 0xDC4C, 0xD801, 0xDC34, 0xD801, 0xDC3B, 0xD801, 0xDC32, 0xD801, 0xDC3C, 0x20, 0xD801, 0xDC1D, 0xD801, 0xDC3B, 0xD801, 0xDC29, 0xD801, 0xDC3B, 0xD801, 0xDC45));

				case 277: return String(CharArray::of(0xD801, 0xDC0F, 0xD801, 0xDC33, 0xD801, 0xDC49, 0xD801, 0xDC32, 0xD801, 0xDC40, 0xD801, 0xDC36, 0xD801, 0xDC34));

				case 278: return String(CharArray::of(0xD801, 0xDC05, 0xD801, 0xDC46, 0xD801, 0xDC3A, 0xD801, 0xDC2F, 0xD801, 0xDC3F, 0xD801, 0xDC32, 0xD801, 0xDC45, 0xD801, 0xDC3B, 0xD801, 0xDC30, 0xD801, 0xDC4C));

				case 279: return String(CharArray::of(0xD801, 0xDC1A, 0xD801, 0xDC30, 0xD801, 0xDC3C, 0xD801, 0xDC32, 0xD801, 0xDC3F, 0xD801, 0xDC32, 0xD801, 0xDC4C));

				case 280: return String(CharArray::of(0xD801, 0xDC1D, 0xD801, 0xDC29, 0xD801, 0xDC4C, 0xD801, 0xDC3B, 0x20, 0xD801, 0xDC1A, 0xD801, 0xDC2E, 0xD801, 0xDC4C, 0xD801, 0xDC45, 0xD801, 0xDC32, 0xD801, 0xDC4C, 0xD801, 0xDC3B, 0x20, 0xD801, 0xDC30, 0xD801, 0xDC4C, 0xD801, 0xDC3C, 0x20, 0xD801, 0xDC44, 0x20, 0xD801, 0xDC18, 0xD801, 0xDC49, 0xD801, 0xDC2F, 0xD801, 0xDC4C, 0xD801, 0xDC32, 0xD801, 0xDC3C, 0xD801, 0xDC28, 0xD801, 0xDC4C, 0xD801, 0xDC46));

				case 282: return String(CharArray::of(0xD801, 0xDC12, 0xD801, 0xDC49, 0xD801, 0xDC2E, 0xD801, 0xDC3C, 0xD801, 0xDC2E, 0xD801, 0xDC47, 0x20, 0xD801, 0xDC1A, 0xD801, 0xDC32, 0xD801, 0xDC49, 0xD801, 0xDC3E, 0xD801, 0xDC32, 0xD801, 0xDC4C, 0x20, 0xD801, 0xDC0C, 0xD801, 0xDC4A, 0xD801, 0xDC32, 0xD801, 0xDC4C, 0xD801, 0xDC3C, 0xD801, 0xDC46));

				case 283: return String(CharArray::of(0xD801, 0xDC0F, 0x2E, 0xD801, 0xDC1D, 0x2E, 0x20, 0xD801, 0xDC1A, 0xD801, 0xDC32, 0xD801, 0xDC49, 0xD801, 0xDC3E, 0xD801, 0xDC32, 0xD801, 0xDC4C, 0x20, 0xD801, 0xDC0C, 0xD801, 0xDC4A, 0xD801, 0xDC32, 0xD801, 0xDC4C, 0xD801, 0xDC3C, 0xD801, 0xDC46));

				case 284: return String(CharArray::of(0xD801, 0xDC1A, 0xD801, 0xDC28, 0xD801, 0xDC2F, 0xD801, 0xDC3B, 0xD801, 0xDC4C, 0xD801, 0xDC2A, 0xD801, 0xDC4B));

				case 285: return String(CharArray::of(0xD801, 0xDC1A, 0xD801, 0xDC2A, 0xD801, 0xDC4C, 0xD801, 0xDC33, 0xD801, 0xDC2A, 0xD801, 0xDC3C, 0xD801, 0xDC2D));

				case 286: return String(CharArray::of(0xD801, 0xDC0E, 0xD801, 0xDC2A, 0xD801, 0xDC4A, 0xD801, 0xDC2E, 0xD801, 0xDC45, 0x20, 0xD801, 0xDC30, 0xD801, 0xDC4C, 0xD801, 0xDC3C, 0x20, 0xD801, 0xDC19, 0xD801, 0xDC2D, 0xD801, 0xDC3B, 0xD801, 0xDC2D, 0xD801, 0xDC4C, 0xD801, 0xDC32));

				case 287: return String(CharArray::of(0xD801, 0xDC1D, 0xD801, 0xDC32, 0xD801, 0xDC4B, 0xD801, 0xDC2C, 0xD801, 0xDC32));

				case 291: return String(CharArray::of(0xD801, 0xDC0F, 0xD801, 0xDC2F, 0xD801, 0xDC4B, 0xD801, 0xDC32, 0xD801, 0xDC4C));

				case 292: return String(CharArray::of(0xD801, 0xDC23, 0xD801, 0xDC2A, 0xD801, 0xDC37, 0xD801, 0xDC31, 0xD801, 0xDC3B));

				case 294: return String(CharArray::of(0xD801, 0xDC1D, 0xD801, 0xDC35, 0xD801, 0xDC43, 0x20, 0xD801, 0xDC08, 0xD801, 0xDC41, 0xD801, 0xDC49, 0xD801, 0xDC32, 0xD801, 0xDC3F, 0xD801, 0xDC32));

				case 295: return String(CharArray::of(0xD801, 0xDC1E, 0xD801, 0xDC30, 0xD801, 0xDC4B, 0xD801, 0xDC3A, 0xD801, 0xDC28, 0xD801, 0xDC32));

				case 296: return String(CharArray::of(0xD801, 0xDC1E, 0xD801, 0xDC2E, 0xD801, 0xDC4B, 0xD801, 0xDC3A, 0xD801, 0xDC2A, 0xD801, 0xDC3A, 0xD801, 0xDC36, 0xD801, 0xDC29));

				case 297: return String(CharArray::of(0xD801, 0xDC0A, 0xD801, 0xDC4C, 0xD801, 0xDC2C, 0xD801, 0xDC4C, 0x20, 0xD801, 0xDC2C, 0xD801, 0xDC49, 0x20, 0xD801, 0xDC06, 0xD801, 0xDC4C, 0xD801, 0xDC42, 0xD801, 0xDC30, 0xD801, 0xDC4A, 0xD801, 0xDC2E, 0xD801, 0xDC3C, 0x20, 0xD801, 0xDC21, 0xD801, 0xDC28, 0xD801, 0xDC3E, 0xD801, 0xDC32, 0xD801, 0xDC4C));
            default: break;
            }
            return String();
        }
        
        String En_Dsrt::displayVariant(gint variant) const {
            switch(variant) {
				case 2: return String(CharArray::of(0xD801, 0xDC13, 0xD801, 0xDC49, 0xD801, 0xDC32, 0xD801, 0xDC3C, 0xD801, 0xDC2E, 0xD801, 0xDC47, 0xD801, 0xDC32, 0xD801, 0xDC4C, 0xD801, 0xDC4A, 0x20, 0xD801, 0xDC16, 0xD801, 0xDC32, 0xD801, 0xDC49, 0xD801, 0xDC4B, 0xD801, 0xDC32, 0xD801, 0xDC4C, 0x20, 0xD801, 0xDC31, 0xD801, 0xDC49, 0xD801, 0xDC43, 0xD801, 0xDC2A, 0xD801, 0xDC40, 0xD801, 0xDC49, 0xD801, 0xDC32, 0xD801, 0xDC41, 0xD801, 0xDC28));
				case 5: return String(CharArray::of(0xD801, 0xDC16, 0xD801, 0xDC32, 0xD801, 0xDC49, 0xD801, 0xDC4B, 0xD801, 0xDC32, 0xD801, 0xDC4C, 0x20, 0xD801, 0xDC31, 0xD801, 0xDC49, 0xD801, 0xDC43, 0xD801, 0xDC2A, 0xD801, 0xDC40, 0xD801, 0xDC49, 0xD801, 0xDC32, 0xD801, 0xDC41, 0xD801, 0xDC28, 0x20, 0xD801, 0xDC32, 0xD801, 0xDC42, 0x20, 0x31, 0x39, 0x39, 0x36));
				case 0: return String(CharArray::of(0xD801, 0xDC22, 0xD801, 0xDC29, 0xD801, 0xDC3B, 0x20, 0xD801, 0xDC23, 0xD801, 0xDC2E, 0xD801, 0xDC3C, 0xD801, 0xDC4A, 0x20, 0xD801, 0xDC19, 0xD801, 0xDC49, 0xD801, 0xDC2F, 0xD801, 0xDC4C, 0xD801, 0xDC3D, 0x20, 0xD801, 0xDC3B, 0xD801, 0xDC2D, 0x20, 0x31, 0x36, 0x30, 0x36));
				case 1: return String(CharArray::of(0xD801, 0xDC0A, 0xD801, 0xDC49, 0xD801, 0xDC4A, 0xD801, 0xDC28, 0x20, 0xD801, 0xDC23, 0xD801, 0xDC2A, 0xD801, 0xDC3C, 0xD801, 0xDC32, 0xD801, 0xDC49, 0xD801, 0xDC4C, 0x20, 0xD801, 0xDC19, 0xD801, 0xDC49, 0xD801, 0xDC2F, 0xD801, 0xDC4C, 0xD801, 0xDC3D));
				case 13: return String(CharArray::of(0xD801, 0xDC00, 0xD801, 0xDC45, 0xD801, 0xDC3B, 0xD801, 0xDC32, 0xD801, 0xDC49, 0xD801, 0xDC4C, 0x20, 0xD801, 0xDC02, 0xD801, 0xDC49, 0xD801, 0xDC4B, 0xD801, 0xDC28, 0xD801, 0xDC4C, 0xD801, 0xDC28, 0xD801, 0xDC32, 0xD801, 0xDC4C));
				case 14: return String(CharArray::of(0xD801, 0xDC0E, 0xD801, 0xDC2F, 0xD801, 0xDC45, 0xD801, 0xDC3B, 0xD801, 0xDC32, 0xD801, 0xDC49, 0xD801, 0xDC4C, 0x20, 0xD801, 0xDC02, 0xD801, 0xDC49, 0xD801, 0xDC4B, 0xD801, 0xDC28, 0xD801, 0xDC4C, 0xD801, 0xDC28, 0xD801, 0xDC32, 0xD801, 0xDC4C));
				case 18: return String(CharArray::of(0xD801, 0xDC0F, 0xD801, 0xDC2D, 0xD801, 0xDC4C, 0xD801, 0xDC32, 0xD801, 0xDC41, 0xD801, 0xDC34, 0xD801, 0xDC3C, 0x20, 0xD801, 0xDC13, 0xD801, 0xDC32, 0xD801, 0xDC49, 0xD801, 0xDC3F, 0xD801, 0xDC2E, 0xD801, 0xDC3F, 0x20, 0xD801, 0xDC22, 0xD801, 0xDC30, 0xD801, 0xDC3B, 0xD801, 0xDC4C, 0x20, 0xD801, 0xDC08, 0xD801, 0xDC4A, 0xD801, 0xDC41, 0xD801, 0xDC32, 0xD801, 0xDC3A, 0xD801, 0xDC32, 0xD801, 0xDC3B));
				case 40: return String(CharArray::of(0xD801, 0xDC06, 0xD801, 0xDC19, 0xD801, 0xDC08, 0x20, 0xD801, 0xDC19, 0xD801, 0xDC2C, 0xD801, 0xDC4C, 0xD801, 0xDC2F, 0xD801, 0xDC3B, 0xD801, 0xDC2E, 0xD801, 0xDC3F, 0xD801, 0xDC45));
				case 70: return String(CharArray::of(0xD801, 0xDC23, 0xD801, 0xDC2A, 0xD801, 0xDC4C, 0xD801, 0xDC32, 0xD801, 0xDC3B, 0xD801, 0xDC2A, 0xD801, 0xDC4C, 0xD801, 0xDC2E, 0xD801, 0xDC3F));
				case 87: return String(CharArray::of(0xD801, 0xDC11, 0xD801, 0xDC31, 0xD801, 0xDC4A, 0xD801, 0xDC28, 0xD801, 0xDC3B, 0xD801, 0xDC31, 0xD801, 0xDC4C, 0xD801, 0xDC2E, 0xD801, 0xDC3F));
				case 88: return String(CharArray::of(0xD801, 0xDC17, 0xD801, 0xDC32, 0xD801, 0xDC4B, 0xD801, 0xDC39, 0xD801, 0xDC37, 0xD801, 0xDC2D, 0xD801, 0xDC3B, 0xD801, 0xDC2F, 0xD801, 0xDC49));
				case 91: return String(CharArray::of(0xD801, 0xDC21, 0xD801, 0xDC32, 0xD801, 0xDC42, 0xD801, 0xDC34, 0xD801, 0xDC46, 0xD801, 0xDC3C, 0x20, 0xD801, 0xDC09, 0xD801, 0xDC49, 0xD801, 0xDC43, 0xD801, 0xDC2A, 0xD801, 0xDC40, 0xD801, 0xDC49, 0xD801, 0xDC32, 0xD801, 0xDC41, 0xD801, 0xDC28));
				case 96: return String(CharArray::of(0xD801, 0xDC1D, 0xD801, 0xDC3F, 0xD801, 0xDC2A, 0xD801, 0xDC3C, 0xD801, 0xDC2E, 0xD801, 0xDC47, 0x20, 0xD801, 0xDC1D, 0xD801, 0xDC3B, 0xD801, 0xDC30, 0xD801, 0xDC4C, 0xD801, 0xDC3C, 0xD801, 0xDC32, 0xD801, 0xDC49, 0xD801, 0xDC3C, 0x20, 0xD801, 0xDC06, 0xD801, 0xDC4D, 0xD801, 0xDC4A, 0xD801, 0xDC2E, 0xD801, 0xDC47));
            default: break;
            }
            return String();
        }
            
        gbool En_Dsrt::hasVariant() const {
            return false;
        }
        
        gbool En_Dsrt::hasRegion() const {
            return false;
        }
        
        gbool En_Dsrt::hasScript() const {
            return true;
        }
            
        String En_Dsrt::displayCurrency(gint currency, gint count) const {
            switch(currency) { 
            default: break;
            }
            return String();
        }
        
        String En_Dsrt::displayUnit(gint unit, gint count) const {
            switch(unit) { 
            default: break;
            }
            return String();
        }
        
        String En_Dsrt::displayShortUnit(gint unit, gint count) const {
            switch(unit) { 
            default: break;
            }
            return String();
        }
        
        String En_Dsrt::displayNarrowUnit(gint unit, gint count) const {
            switch(unit) { 
            default: break;
            }
            return String();
        }
        
        String En_Dsrt::displayCurrencySymbol(gint currency) const {
            switch(currency) { 
				case 253: return String(CharArray::of(0x24));
            default: break;
            }
            return String();
        }
            
        String En_Dsrt::quotationStart(gbool alt) const {
            return String();
        }
            
        String En_Dsrt::quotationEnd(gbool alt) const {
            return String();
        }
            
        String En_Dsrt::decimalSeparator() const {
            return String();
        }
            
        String En_Dsrt::groupSeparator() const {
            return String();
        }
            
        String En_Dsrt::listSeparator() const {
            return String();
        }
            
        String En_Dsrt::plusSign() const {
            return String();
        }
            
        String En_Dsrt::minusSign() const {
            return String();
        }
            
        String En_Dsrt::exponential() const {
            return String();
        }
            
        String En_Dsrt::perMill() const {
            return String();
        }
            
        String En_Dsrt::percent() const {
            return String();
        }
            
        String En_Dsrt::infinity() const {
            return String();
        }
            
        String En_Dsrt::nan() const {
            return String();
        }
            
        String En_Dsrt::superScriptingExponent() const {
            return String();
        }
           
        String En_Dsrt::decimalPattern() const {
            return String();
        }
            
        String En_Dsrt::scientificPattern() const {
            return String();
        }
            
        String En_Dsrt::percentPattern() const {
            return String();
        }
            
        String En_Dsrt::currencyPattern() const {
            return String();
        }

        String En_Dsrt::listPattern(gint type, gint subType) const {
            switch(subType) {
            default: break;
            }
            return String();
        }
            
        String En_Dsrt::posixMessage(gbool yesOrNo) const {
            return (yesOrNo) ? String(CharArray::of(0xD801, 0xDC37, 0xD801, 0xDC2F, 0xD801, 0xDC45, 0x3A, 0xD801, 0xDC37)) : String(CharArray::of(0xD801, 0xDC4C, 0xD801, 0xDC2C, 0x3A, 0xD801, 0xDC4C));
        }
        
        CharArray En_Dsrt::digits() const {
            return CharArray::of(48, 49, 50, 51, 52, 53, 54, 55, 56, 57);
        }
        
        StringArray En_Dsrt::displayDays(gint style, gbool stand_alone) const {
            if (!stand_alone) { // format
                switch(style) {
				case 1: return StringArray::of(String(CharArray::of(0xD801, 0xDC23, 0xD801, 0xDC32, 0xD801, 0xDC4C)), String(CharArray::of(0xD801, 0xDC13, 0xD801, 0xDC2D, 0xD801, 0xDC46)), String(CharArray::of(0xD801, 0xDC0E, 0xD801, 0xDC2F, 0xD801, 0xDC4C)), String(CharArray::of(0xD801, 0xDC1B, 0xD801, 0xDC32, 0xD801, 0xDC49)), String(CharArray::of(0xD801, 0xDC19, 0xD801, 0xDC49, 0xD801, 0xDC34)), String(CharArray::of(0xD801, 0xDC1D, 0xD801, 0xDC30, 0xD801, 0xDC3B)), String(CharArray::of(0xD801, 0xDC1D, 0xD801, 0xDC32, 0xD801, 0xDC4C)));
				case 0: return StringArray::of(String(CharArray::of(0xD801, 0xDC23, 0xD801, 0xDC32, 0xD801, 0xDC4C, 0xD801, 0xDC3C, 0xD801, 0xDC29)), String(CharArray::of(0xD801, 0xDC13, 0xD801, 0xDC2D, 0xD801, 0xDC46, 0xD801, 0xDC3C, 0xD801, 0xDC29)), String(CharArray::of(0xD801, 0xDC0E, 0xD801, 0xDC2F, 0xD801, 0xDC4C, 0xD801, 0xDC46, 0xD801, 0xDC3C, 0xD801, 0xDC29)), String(CharArray::of(0xD801, 0xDC1B, 0xD801, 0xDC32, 0xD801, 0xDC49, 0xD801, 0xDC46, 0xD801, 0xDC3C, 0xD801, 0xDC29)), String(CharArray::of(0xD801, 0xDC19, 0xD801, 0xDC49, 0xD801, 0xDC34, 0xD801, 0xDC3C, 0xD801, 0xDC29)), String(CharArray::of(0xD801, 0xDC1D, 0xD801, 0xDC30, 0xD801, 0xDC3B, 0xD801, 0xDC32, 0xD801, 0xDC49, 0xD801, 0xDC3C, 0xD801, 0xDC29)), String(CharArray::of(0xD801, 0xDC1D, 0xD801, 0xDC32, 0xD801, 0xDC4C, 0xD801, 0xDC3C, 0xD801, 0xDC29)));
                default: break;
                }
            } else {
                switch(style) {
				case 2: return StringArray::of(String(CharArray::of(0xD801, 0xDC23)), String(CharArray::of(0xD801, 0xDC13)), String(CharArray::of(0xD801, 0xDC0E)), String(CharArray::of(0xD801, 0xDC1B)), String(CharArray::of(0xD801, 0xDC19)), String(CharArray::of(0xD801, 0xDC1D)), String(CharArray::of(0xD801, 0xDC1D)));
                default: break;
                }
            }
            return StringArray();
        }
        
        StringArray En_Dsrt::displayMonths(gint style, gbool stand_alone) const {
            if (!stand_alone) { // format
                switch(style) {
				case 1: return StringArray::of(String(CharArray::of(0xD801, 0xDC16, 0xD801, 0xDC30, 0xD801, 0xDC4C)), String(CharArray::of(0xD801, 0xDC19, 0xD801, 0xDC2F, 0xD801, 0xDC3A)), String(CharArray::of(0xD801, 0xDC23, 0xD801, 0xDC2A, 0xD801, 0xDC49)), String(CharArray::of(0xD801, 0xDC01, 0xD801, 0xDC39, 0xD801, 0xDC49)), String(), String(), String(CharArray::of(0xD801, 0xDC16, 0xD801, 0xDC2D, 0xD801, 0xDC4A)), String(CharArray::of(0xD801, 0xDC02, 0xD801, 0xDC40)), String(CharArray::of(0xD801, 0xDC1D, 0xD801, 0xDC2F, 0xD801, 0xDC39)), String(CharArray::of(0xD801, 0xDC09, 0xD801, 0xDC3F, 0xD801, 0xDC3B)), String(CharArray::of(0xD801, 0xDC24, 0xD801, 0xDC2C, 0xD801, 0xDC42)), String(CharArray::of(0xD801, 0xDC14, 0xD801, 0xDC28, 0xD801, 0xDC45)));
				case 0: return StringArray::of(String(CharArray::of(0xD801, 0xDC16, 0xD801, 0xDC30, 0xD801, 0xDC4C, 0xD801, 0xDC37, 0xD801, 0xDC2D, 0xD801, 0xDC2F, 0xD801, 0xDC49, 0xD801, 0xDC28)), String(CharArray::of(0xD801, 0xDC19, 0xD801, 0xDC2F, 0xD801, 0xDC3A, 0xD801, 0xDC49, 0xD801, 0xDC2D, 0xD801, 0xDC2F, 0xD801, 0xDC49, 0xD801, 0xDC28)), String(CharArray::of(0xD801, 0xDC23, 0xD801, 0xDC2A, 0xD801, 0xDC49, 0xD801, 0xDC3D)), String(CharArray::of(0xD801, 0xDC01, 0xD801, 0xDC39, 0xD801, 0xDC49, 0xD801, 0xDC2E, 0xD801, 0xDC4A)), String(CharArray::of(0xD801, 0xDC23, 0xD801, 0xDC29)), String(CharArray::of(0xD801, 0xDC16, 0xD801, 0xDC2D, 0xD801, 0xDC4C)), String(CharArray::of(0xD801, 0xDC16, 0xD801, 0xDC2D, 0xD801, 0xDC4A, 0xD801, 0xDC34)), String(CharArray::of(0xD801, 0xDC02, 0xD801, 0xDC40, 0xD801, 0xDC32, 0xD801, 0xDC45, 0xD801, 0xDC3B)), String(CharArray::of(0xD801, 0xDC1D, 0xD801, 0xDC2F, 0xD801, 0xDC39, 0xD801, 0xDC3B, 0xD801, 0xDC2F, 0xD801, 0xDC4B, 0xD801, 0xDC3A, 0xD801, 0xDC32, 0xD801, 0xDC49)), String(CharArray::of(0xD801, 0xDC09, 0xD801, 0xDC3F, 0xD801, 0xDC3B, 0xD801, 0xDC2C, 0xD801, 0xDC3A, 0xD801, 0xDC32, 0xD801, 0xDC49)), String(CharArray::of(0xD801, 0xDC24, 0xD801, 0xDC2C, 0xD801, 0xDC42, 0xD801, 0xDC2F, 0xD801, 0xDC4B, 0xD801, 0xDC3A, 0xD801, 0xDC32, 0xD801, 0xDC49)), String(CharArray::of(0xD801, 0xDC14, 0xD801, 0xDC28, 0xD801, 0xDC45, 0xD801, 0xDC2F, 0xD801, 0xDC4B, 0xD801, 0xDC3A, 0xD801, 0xDC32, 0xD801, 0xDC49)));
                default: break;
                }
            } else {
                switch(style) {
				case 2: return StringArray::of(String(CharArray::of(0xD801, 0xDC16)), String(CharArray::of(0xD801, 0xDC19)), String(CharArray::of(0xD801, 0xDC23)), String(CharArray::of(0xD801, 0xDC01)), String(CharArray::of(0xD801, 0xDC23)), String(CharArray::of(0xD801, 0xDC16)), String(CharArray::of(0xD801, 0xDC16)), String(CharArray::of(0xD801, 0xDC02)), String(CharArray::of(0xD801, 0xDC1D)), String(CharArray::of(0xD801, 0xDC09)), String(CharArray::of(0xD801, 0xDC24)), String(CharArray::of(0xD801, 0xDC14)));
                default: break;
                }
            }
            return StringArray();
        }
        
        StringArray En_Dsrt::displayQuarters(gint style, gbool stand_alone) const {
            if (!stand_alone) { // format
                switch(style) {
				case 1: return StringArray::of(String(CharArray::of(0xD801, 0xDC17, 0x31)), String(CharArray::of(0xD801, 0xDC17, 0x32)), String(CharArray::of(0xD801, 0xDC17, 0x33)), String(CharArray::of(0xD801, 0xDC17, 0x34)));
				case 0: return StringArray::of(String(CharArray::of(0x31, 0xD801, 0xDC45, 0xD801, 0xDC3B, 0x20, 0xD801, 0xDC3F, 0xD801, 0xDC36, 0xD801, 0xDC2A, 0xD801, 0xDC49, 0xD801, 0xDC3B, 0xD801, 0xDC32, 0xD801, 0xDC49)), String(CharArray::of(0x32, 0xD801, 0xDC4C, 0xD801, 0xDC3C, 0x20, 0xD801, 0xDC3F, 0xD801, 0xDC36, 0xD801, 0xDC2A, 0xD801, 0xDC49, 0xD801, 0xDC3B, 0xD801, 0xDC32, 0xD801, 0xDC49)), String(CharArray::of(0x33, 0xD801, 0xDC49, 0xD801, 0xDC3C, 0x20, 0xD801, 0xDC3F, 0xD801, 0xDC36, 0xD801, 0xDC2A, 0xD801, 0xDC49, 0xD801, 0xDC3B, 0xD801, 0xDC32, 0xD801, 0xDC49)), String(CharArray::of(0x34, 0xD801, 0xDC49, 0xD801, 0xDC43, 0x20, 0xD801, 0xDC3F, 0xD801, 0xDC36, 0xD801, 0xDC2A, 0xD801, 0xDC49, 0xD801, 0xDC3B, 0xD801, 0xDC32, 0xD801, 0xDC49)));
                default: break;
                }
            } else {
                switch(style) {
                default: break;
                }
            }
            return StringArray();
        }
        
        StringArray En_Dsrt::displayDayPeriods(gint style, gbool stand_alone) const {
            if (!stand_alone) { // format
                switch(style) {
				case 1: return StringArray::of(String(), String(CharArray::of(0xD801, 0xDC30, 0xD801, 0xDC4B)), String(), String(CharArray::of(0xD801, 0xDC39, 0xD801, 0xDC4B)), String(), String(), String(), String());
                default: break;
                }
            } else {
                switch(style) {
                default: break;
                }
            }
            return StringArray();
        }
        
        StringArray En_Dsrt::displayEras(gint style, gbool stand_alone) const {
            if (!stand_alone) { // format
                switch(style) {
				case 1: return StringArray::of(String(CharArray::of(0xD801, 0xDC12, 0xD801, 0xDC17)), String(CharArray::of(0xD801, 0xDC08, 0xD801, 0xDC14)));
				case 2: return StringArray::of(String(CharArray::of(0xD801, 0xDC12)), String(CharArray::of(0xD801, 0xDC08)));
                default: break;
                }
            } else {
                switch(style) {
				case 1: return StringArray::of(String(CharArray::of(0xD801, 0xDC12, 0xD801, 0xDC17)), String(CharArray::of(0xD801, 0xDC08, 0xD801, 0xDC14)));
				case 2: return StringArray::of(String(CharArray::of(0xD801, 0xDC12)), String(CharArray::of(0xD801, 0xDC08)));
                default: break;
                }
            }
            return StringArray();
        }
        
        String En_Dsrt::datePattern(gint style) const {
            switch(style) {
            default: break;
            }
            return String();
        }
        
        String En_Dsrt::timePattern(gint style) const {
            switch(style) {
            default: break;
            }
            return String();
        }
        
        String En_Dsrt::datetimePattern(gint style) const {
            switch(style) {
            default: break;
            }
            return String();
        }
        
        String En_Dsrt::displayTimezone(gint tz, gint style) const {
            switch(tz) {
				case 546: 
					if (style == 6) return String(CharArray::of(0xD801, 0xDC23, 0xD801, 0xDC2E, 0xD801, 0xDC3C, 0xD801, 0xDC36, 0xD801, 0xDC29));
					break;
				case 564: 
					if (style == 6) return String(CharArray::of(0xD801, 0xDC0E, 0xD801, 0xDC29, 0xD801, 0xDC3F));
					break;
				case 54: 
					if (style == 6) return String(CharArray::of(0xD801, 0xDC08, 0xD801, 0xDC3C, 0xD801, 0xDC30, 0xD801, 0xDC3F));
					break;
				case 171: 
					if (style == 6) return String(CharArray::of(0xD801, 0xDC24, 0xD801, 0xDC2C, 0xD801, 0xDC4B));
					break;
				case 538: 
					if (style == 6) return String(CharArray::of(0xD801, 0xDC10, 0xD801, 0xDC2A, 0xD801, 0xDC4C, 0xD801, 0xDC32, 0xD801, 0xDC4A, 0xD801, 0xDC2D, 0xD801, 0xDC4A, 0xD801, 0xDC2D));
					break;
				case 55: 
					if (style == 6) return String(CharArray::of(0xD801, 0xDC01, 0xD801, 0xDC4D, 0xD801, 0xDC3F, 0xD801, 0xDC32, 0xD801, 0xDC49, 0xD801, 0xDC2E, 0xD801, 0xDC3E));
					break;
				case 220: 
					if (style == 6) return String(CharArray::of(0xD801, 0xDC0F, 0xD801, 0xDC30, 0xD801, 0xDC3F, 0xD801, 0xDC2D, 0xD801, 0xDC3B, 0xD801, 0xDC30, 0xD801, 0xDC3B));
					break;
				case 140: 
					if (style == 6) return String(CharArray::of(0xD801, 0xDC16, 0xD801, 0xDC2D, 0xD801, 0xDC4C, 0xD801, 0xDC2C));
					break;
				case 147: 
					if (style == 6) return String(CharArray::of(0xD801, 0xDC22, 0xD801, 0xDC31, 0xD801, 0xDC45, 0x20, 0xD801, 0xDC08, 0xD801, 0xDC4C, 0xD801, 0xDC3E, 0xD801, 0xDC32, 0xD801, 0xDC4A, 0xD801, 0xDC45));
					break;
				case 84: 
					if (style == 6) return String(CharArray::of(0xD801, 0xDC12, 0xD801, 0xDC31, 0xD801, 0xDC2E, 0xD801, 0xDC46, 0xD801, 0xDC28));
					break;
				case 181: 
					if (style == 6) return String(CharArray::of(0xD801, 0xDC19, 0xD801, 0xDC28, 0xD801, 0xDC4C, 0xD801, 0xDC2E, 0xD801, 0xDC3F, 0xD801, 0xDC45));
					break;
				case 105: 
					if (style == 6) return String(CharArray::of(0xD801, 0xDC14, 0xD801, 0xDC2F, 0xD801, 0xDC4C, 0xD801, 0xDC42, 0xD801, 0xDC32, 0xD801, 0xDC49));
					break;
				case 175: 
					if (style == 6) return String(CharArray::of(0xD801, 0xDC24, 0xD801, 0xDC2D, 0x20, 0xD801, 0xDC1D, 0xD801, 0xDC29, 0xD801, 0xDC4A, 0xD801, 0xDC32, 0xD801, 0xDC4B, 0x2C, 0x20, 0xD801, 0xDC24, 0xD801, 0xDC31, 0xD801, 0xDC49, 0xD801, 0xDC43, 0x20, 0xD801, 0xDC14, 0xD801, 0xDC32, 0xD801, 0xDC3F, 0xD801, 0xDC2C, 0xD801, 0xDC3C, 0xD801, 0xDC32));
					break;
				case 174: 
					if (style == 6) return String(CharArray::of(0xD801, 0xDC1D, 0xD801, 0xDC2F, 0xD801, 0xDC4C, 0xD801, 0xDC3B, 0xD801, 0xDC32, 0xD801, 0xDC49, 0x2C, 0x20, 0xD801, 0xDC24, 0xD801, 0xDC31, 0xD801, 0xDC49, 0xD801, 0xDC43, 0x20, 0xD801, 0xDC14, 0xD801, 0xDC32, 0xD801, 0xDC3F, 0xD801, 0xDC2C, 0xD801, 0xDC3C, 0xD801, 0xDC32));
					break;
				case 93: 
					if (style == 6) return String(CharArray::of(0xD801, 0xDC1F, 0xD801, 0xDC2E, 0xD801, 0xDC3F, 0xD801, 0xDC2A, 0xD801, 0xDC40, 0xD801, 0xDC2C));
					break;
				case 158: 
					if (style == 6) return String(CharArray::of(0xD801, 0xDC23, 0xD801, 0xDC32, 0xD801, 0xDC4C, 0xD801, 0xDC2A, 0xD801, 0xDC4B, 0xD801, 0xDC32, 0xD801, 0xDC4C, 0xD801, 0xDC28));
					break;
				case 133: 
					if (style == 6) return String(CharArray::of(0xD801, 0xDC1A, 0xD801, 0xDC2E, 0xD801, 0xDC4C, 0xD801, 0xDC45, 0xD801, 0xDC2F, 0xD801, 0xDC4C, 0xD801, 0xDC46, 0x2C, 0x20, 0xD801, 0xDC06, 0xD801, 0xDC4C, 0xD801, 0xDC3C, 0xD801, 0xDC28, 0xD801, 0xDC30, 0xD801, 0xDC4C, 0xD801, 0xDC32));
					break;
				case 130: 
					if (style == 6) return String(CharArray::of(0xD801, 0xDC11, 0xD801, 0xDC28, 0xD801, 0xDC3B, 0xD801, 0xDC32, 0xD801, 0xDC49, 0xD801, 0xDC46, 0xD801, 0xDC3A, 0xD801, 0xDC32, 0xD801, 0xDC49, 0xD801, 0xDC40, 0x2C, 0x20, 0xD801, 0xDC06, 0xD801, 0xDC4C, 0xD801, 0xDC3C, 0xD801, 0xDC28, 0xD801, 0xDC30, 0xD801, 0xDC4C, 0xD801, 0xDC32));
					break;
				case 131: 
					if (style == 6) return String(CharArray::of(0xD801, 0xDC13, 0xD801, 0xDC2F, 0xD801, 0xDC4A, 0x20, 0xD801, 0xDC1D, 0xD801, 0xDC2E, 0xD801, 0xDC3C, 0xD801, 0xDC28, 0x2C, 0x20, 0xD801, 0xDC06, 0xD801, 0xDC4C, 0xD801, 0xDC3C, 0xD801, 0xDC28, 0xD801, 0xDC30, 0xD801, 0xDC4C, 0xD801, 0xDC32));
					break;
				case 128: 
					if (style == 6) return String(CharArray::of(0xD801, 0xDC24, 0xD801, 0xDC2A, 0xD801, 0xDC3F, 0xD801, 0xDC45, 0x2C, 0x20, 0xD801, 0xDC06, 0xD801, 0xDC4C, 0xD801, 0xDC3C, 0xD801, 0xDC28, 0xD801, 0xDC30, 0xD801, 0xDC4C, 0xD801, 0xDC32));
					break;
				case 134: 
					if (style == 6) return String(CharArray::of(0xD801, 0xDC0E, 0xD801, 0xDC2E, 0xD801, 0xDC4C, 0xD801, 0xDC32, 0xD801, 0xDC4B, 0xD801, 0xDC30, 0xD801, 0xDC3F, 0x2C, 0x20, 0xD801, 0xDC06, 0xD801, 0xDC4C, 0xD801, 0xDC3C, 0xD801, 0xDC28, 0xD801, 0xDC30, 0xD801, 0xDC4C, 0xD801, 0xDC32));
					break;
				case 129: 
					if (style == 6) return String(CharArray::of(0xD801, 0xDC23, 0xD801, 0xDC32, 0xD801, 0xDC49, 0xD801, 0xDC2F, 0xD801, 0xDC4D, 0xD801, 0xDC40, 0xD801, 0xDC2C, 0x2C, 0x20, 0xD801, 0xDC06, 0xD801, 0xDC4C, 0xD801, 0xDC3C, 0xD801, 0xDC28, 0xD801, 0xDC30, 0xD801, 0xDC4C, 0xD801, 0xDC32));
					break;
				case 135: 
					if (style == 6) return String(CharArray::of(0xD801, 0xDC06, 0xD801, 0xDC4C, 0xD801, 0xDC3C, 0xD801, 0xDC28, 0xD801, 0xDC32, 0xD801, 0xDC4C, 0xD801, 0xDC30, 0xD801, 0xDC39, 0xD801, 0xDC2C, 0xD801, 0xDC4A, 0xD801, 0xDC32, 0xD801, 0xDC45));
					break;
				case 148: 
					if (style == 6) return String(CharArray::of(0xD801, 0xDC22, 0xD801, 0xDC2D, 0xD801, 0xDC36, 0xD801, 0xDC28, 0xD801, 0xDC42, 0xD801, 0xDC2E, 0xD801, 0xDC4A));
					break;
				case 132: 
					if (style == 6) return String(CharArray::of(0xD801, 0xDC1A, 0xD801, 0xDC2F, 0xD801, 0xDC42, 0xD801, 0xDC29, 0x2C, 0x20, 0xD801, 0xDC06, 0xD801, 0xDC4C, 0xD801, 0xDC3C, 0xD801, 0xDC28, 0xD801, 0xDC30, 0xD801, 0xDC4C, 0xD801, 0xDC32));
					break;
				case 142: 
					if (style == 6) return String(CharArray::of(0xD801, 0xDC23, 0xD801, 0xDC2A, 0xD801, 0xDC4C, 0xD801, 0xDC3B, 0xD801, 0xDC32, 0xD801, 0xDC45, 0xD801, 0xDC2F, 0xD801, 0xDC4A, 0xD801, 0xDC2C, 0x2C, 0x20, 0xD801, 0xDC17, 0xD801, 0xDC32, 0xD801, 0xDC4C, 0xD801, 0xDC3B, 0xD801, 0xDC32, 0xD801, 0xDC3F, 0xD801, 0xDC28));
					break;
				case 106: 
					if (style == 6) return String(CharArray::of(0xD801, 0xDC14, 0xD801, 0xDC32, 0xD801, 0xDC3B, 0xD801, 0xDC49, 0xD801, 0xDC31, 0xD801, 0xDC2E, 0xD801, 0xDC3B));
					break;
				case 169: 
					if (style == 6) return String(CharArray::of(0xD801, 0xDC24, 0xD801, 0xDC2D, 0x20, 0xD801, 0xDC0F, 0xD801, 0xDC31, 0xD801, 0xDC49, 0xD801, 0xDC3F));
					break;
            default: break;
            }
            return String();
        }
        
        String En_Dsrt::displayGlobalTimezone(gint tz, gint style) const {
            switch(tz) {
				case 6: 
				if (style == 0) return String(CharArray::of(0xD801, 0xDC0A, 0xD801, 0xDC4A, 0xD801, 0xDC30, 0xD801, 0xDC45, 0xD801, 0xDC3F, 0xD801, 0xDC32, 0x20, 0xD801, 0xDC13, 0xD801, 0xDC34, 0xD801, 0xDC4B));
				if (style == 1) return String(CharArray::of(0xD801, 0xDC0A, 0xD801, 0xDC4A, 0xD801, 0xDC30, 0xD801, 0xDC45, 0xD801, 0xDC3F, 0xD801, 0xDC32, 0x20, 0xD801, 0xDC1D, 0xD801, 0xDC3B, 0xD801, 0xDC30, 0xD801, 0xDC4C, 0xD801, 0xDC3C, 0xD801, 0xDC32, 0xD801, 0xDC49, 0xD801, 0xDC3C, 0x20, 0xD801, 0xDC13, 0xD801, 0xDC34, 0xD801, 0xDC4B));
				if (style == 2) return String(CharArray::of(0xD801, 0xDC0A, 0xD801, 0xDC4A, 0xD801, 0xDC30, 0xD801, 0xDC45, 0xD801, 0xDC3F, 0xD801, 0xDC32, 0x20, 0xD801, 0xDC14, 0xD801, 0xDC29, 0xD801, 0xDC4A, 0xD801, 0xDC34, 0xD801, 0xDC3B, 0x20, 0xD801, 0xDC13, 0xD801, 0xDC34, 0xD801, 0xDC4B));
					break;
				case 9: 
				if (style == 0) return String(CharArray::of(0xD801, 0xDC1D, 0xD801, 0xDC2F, 0xD801, 0xDC4C, 0xD801, 0xDC3B, 0xD801, 0xDC49, 0xD801, 0xDC32, 0xD801, 0xDC4A, 0x20, 0xD801, 0xDC13, 0xD801, 0xDC34, 0xD801, 0xDC4B));
				if (style == 1) return String(CharArray::of(0xD801, 0xDC1D, 0xD801, 0xDC2F, 0xD801, 0xDC4C, 0xD801, 0xDC3B, 0xD801, 0xDC49, 0xD801, 0xDC32, 0xD801, 0xDC4A, 0x20, 0xD801, 0xDC1D, 0xD801, 0xDC3B, 0xD801, 0xDC30, 0xD801, 0xDC4C, 0xD801, 0xDC3C, 0xD801, 0xDC32, 0xD801, 0xDC49, 0xD801, 0xDC3C, 0x20, 0xD801, 0xDC13, 0xD801, 0xDC34, 0xD801, 0xDC4B));
				if (style == 2) return String(CharArray::of(0xD801, 0xDC1D, 0xD801, 0xDC2F, 0xD801, 0xDC4C, 0xD801, 0xDC3B, 0xD801, 0xDC49, 0xD801, 0xDC32, 0xD801, 0xDC4A, 0x20, 0xD801, 0xDC14, 0xD801, 0xDC29, 0xD801, 0xDC4A, 0xD801, 0xDC34, 0xD801, 0xDC3B, 0x20, 0xD801, 0xDC13, 0xD801, 0xDC34, 0xD801, 0xDC4B));
					break;
				case 10: 
				if (style == 0) return String(CharArray::of(0xD801, 0xDC00, 0xD801, 0xDC45, 0xD801, 0xDC3B, 0xD801, 0xDC32, 0xD801, 0xDC49, 0xD801, 0xDC4C, 0x20, 0xD801, 0xDC13, 0xD801, 0xDC34, 0xD801, 0xDC4B));
				if (style == 1) return String(CharArray::of(0xD801, 0xDC00, 0xD801, 0xDC45, 0xD801, 0xDC3B, 0xD801, 0xDC32, 0xD801, 0xDC49, 0xD801, 0xDC4C, 0x20, 0xD801, 0xDC1D, 0xD801, 0xDC3B, 0xD801, 0xDC30, 0xD801, 0xDC4C, 0xD801, 0xDC3C, 0xD801, 0xDC32, 0xD801, 0xDC49, 0xD801, 0xDC3C, 0x20, 0xD801, 0xDC13, 0xD801, 0xDC34, 0xD801, 0xDC4B));
				if (style == 2) return String(CharArray::of(0xD801, 0xDC00, 0xD801, 0xDC45, 0xD801, 0xDC3B, 0xD801, 0xDC32, 0xD801, 0xDC49, 0xD801, 0xDC4C, 0x20, 0xD801, 0xDC14, 0xD801, 0xDC29, 0xD801, 0xDC4A, 0xD801, 0xDC34, 0xD801, 0xDC3B, 0x20, 0xD801, 0xDC13, 0xD801, 0xDC34, 0xD801, 0xDC4B));
					break;
				case 11: 
				if (style == 0) return String(CharArray::of(0xD801, 0xDC23, 0xD801, 0xDC35, 0xD801, 0xDC4C, 0xD801, 0xDC3B, 0xD801, 0xDC32, 0xD801, 0xDC4C, 0x20, 0xD801, 0xDC13, 0xD801, 0xDC34, 0xD801, 0xDC4B));
				if (style == 1) return String(CharArray::of(0xD801, 0xDC23, 0xD801, 0xDC35, 0xD801, 0xDC4C, 0xD801, 0xDC3B, 0xD801, 0xDC32, 0xD801, 0xDC4C, 0x20, 0xD801, 0xDC1D, 0xD801, 0xDC3B, 0xD801, 0xDC30, 0xD801, 0xDC4C, 0xD801, 0xDC3C, 0xD801, 0xDC32, 0xD801, 0xDC49, 0xD801, 0xDC3C, 0x20, 0xD801, 0xDC13, 0xD801, 0xDC34, 0xD801, 0xDC4B));
				if (style == 2) return String(CharArray::of(0xD801, 0xDC23, 0xD801, 0xDC35, 0xD801, 0xDC4C, 0xD801, 0xDC3B, 0xD801, 0xDC32, 0xD801, 0xDC4C, 0x20, 0xD801, 0xDC14, 0xD801, 0xDC29, 0xD801, 0xDC4A, 0xD801, 0xDC34, 0xD801, 0xDC3B, 0x20, 0xD801, 0xDC13, 0xD801, 0xDC34, 0xD801, 0xDC4B));
					break;
				case 12: 
				if (style == 0) return String(CharArray::of(0xD801, 0xDC11, 0xD801, 0xDC32, 0xD801, 0xDC45, 0xD801, 0xDC2E, 0xD801, 0xDC41, 0xD801, 0xDC2E, 0xD801, 0xDC3F, 0x20, 0xD801, 0xDC13, 0xD801, 0xDC34, 0xD801, 0xDC4B));
				if (style == 1) return String(CharArray::of(0xD801, 0xDC11, 0xD801, 0xDC32, 0xD801, 0xDC45, 0xD801, 0xDC2E, 0xD801, 0xDC41, 0xD801, 0xDC2E, 0xD801, 0xDC3F, 0x20, 0xD801, 0xDC1D, 0xD801, 0xDC3B, 0xD801, 0xDC30, 0xD801, 0xDC4C, 0xD801, 0xDC3C, 0xD801, 0xDC32, 0xD801, 0xDC49, 0xD801, 0xDC3C, 0x20, 0xD801, 0xDC13, 0xD801, 0xDC34, 0xD801, 0xDC4B));
				if (style == 2) return String(CharArray::of(0xD801, 0xDC11, 0xD801, 0xDC32, 0xD801, 0xDC45, 0xD801, 0xDC2E, 0xD801, 0xDC41, 0xD801, 0xDC2E, 0xD801, 0xDC3F, 0x20, 0xD801, 0xDC14, 0xD801, 0xDC29, 0xD801, 0xDC4A, 0xD801, 0xDC34, 0xD801, 0xDC3B, 0x20, 0xD801, 0xDC13, 0xD801, 0xDC34, 0xD801, 0xDC4B));
					break;
				case 21: 
				if (style == 0) return String(CharArray::of(0xD801, 0xDC08, 0xD801, 0xDC3B, 0xD801, 0xDC4A, 0xD801, 0xDC30, 0xD801, 0xDC4C, 0xD801, 0xDC3B, 0xD801, 0xDC2E, 0xD801, 0xDC3F, 0x20, 0xD801, 0xDC13, 0xD801, 0xDC34, 0xD801, 0xDC4B));
				if (style == 1) return String(CharArray::of(0xD801, 0xDC08, 0xD801, 0xDC3B, 0xD801, 0xDC4A, 0xD801, 0xDC30, 0xD801, 0xDC4C, 0xD801, 0xDC3B, 0xD801, 0xDC2E, 0xD801, 0xDC3F, 0x20, 0xD801, 0xDC1D, 0xD801, 0xDC3B, 0xD801, 0xDC30, 0xD801, 0xDC4C, 0xD801, 0xDC3C, 0xD801, 0xDC32, 0xD801, 0xDC49, 0xD801, 0xDC3C, 0x20, 0xD801, 0xDC13, 0xD801, 0xDC34, 0xD801, 0xDC4B));
				if (style == 2) return String(CharArray::of(0xD801, 0xDC08, 0xD801, 0xDC3B, 0xD801, 0xDC4A, 0xD801, 0xDC30, 0xD801, 0xDC4C, 0xD801, 0xDC3B, 0xD801, 0xDC2E, 0xD801, 0xDC3F, 0x20, 0xD801, 0xDC14, 0xD801, 0xDC29, 0xD801, 0xDC4A, 0xD801, 0xDC34, 0xD801, 0xDC3B, 0x20, 0xD801, 0xDC13, 0xD801, 0xDC34, 0xD801, 0xDC4B));
					break;
				case 70: 
				if (style == 0) return String(CharArray::of(0xD801, 0xDC10, 0xD801, 0xDC31, 0xD801, 0xDC4D, 0x20, 0xD801, 0xDC17, 0xD801, 0xDC31, 0xD801, 0xDC4D, 0x20, 0xD801, 0xDC13, 0xD801, 0xDC34, 0xD801, 0xDC4B));
				if (style == 1) return String(CharArray::of(0xD801, 0xDC10, 0xD801, 0xDC31, 0xD801, 0xDC4D, 0x20, 0xD801, 0xDC17, 0xD801, 0xDC31, 0xD801, 0xDC4D, 0x20, 0xD801, 0xDC1D, 0xD801, 0xDC3B, 0xD801, 0xDC30, 0xD801, 0xDC4C, 0xD801, 0xDC3C, 0xD801, 0xDC32, 0xD801, 0xDC49, 0xD801, 0xDC3C, 0x20, 0xD801, 0xDC13, 0xD801, 0xDC34, 0xD801, 0xDC4B));
				if (style == 2) return String(CharArray::of(0xD801, 0xDC10, 0xD801, 0xDC31, 0xD801, 0xDC4D, 0x20, 0xD801, 0xDC17, 0xD801, 0xDC31, 0xD801, 0xDC4D, 0x20, 0xD801, 0xDC14, 0xD801, 0xDC29, 0xD801, 0xDC4A, 0xD801, 0xDC34, 0xD801, 0xDC3B, 0x20, 0xD801, 0xDC13, 0xD801, 0xDC34, 0xD801, 0xDC4B));
					break;
				case 109: 
				if (style == 0) return String(CharArray::of(0xD801, 0xDC24, 0xD801, 0xDC2D, 0xD801, 0xDC41, 0xD801, 0xDC32, 0xD801, 0xDC4C, 0xD801, 0xDC3C, 0xD801, 0xDC4A, 0xD801, 0xDC32, 0xD801, 0xDC4C, 0xD801, 0xDC3C, 0x20, 0xD801, 0xDC13, 0xD801, 0xDC34, 0xD801, 0xDC4B));
				if (style == 1) return String(CharArray::of(0xD801, 0xDC24, 0xD801, 0xDC2D, 0xD801, 0xDC41, 0xD801, 0xDC32, 0xD801, 0xDC4C, 0xD801, 0xDC3C, 0xD801, 0xDC4A, 0xD801, 0xDC32, 0xD801, 0xDC4C, 0xD801, 0xDC3C, 0x20, 0xD801, 0xDC1D, 0xD801, 0xDC3B, 0xD801, 0xDC30, 0xD801, 0xDC4C, 0xD801, 0xDC3C, 0xD801, 0xDC32, 0xD801, 0xDC49, 0xD801, 0xDC3C, 0x20, 0xD801, 0xDC13, 0xD801, 0xDC34, 0xD801, 0xDC4B));
				if (style == 2) return String(CharArray::of(0xD801, 0xDC24, 0xD801, 0xDC2D, 0xD801, 0xDC41, 0xD801, 0xDC32, 0xD801, 0xDC4C, 0xD801, 0xDC3C, 0xD801, 0xDC4A, 0xD801, 0xDC32, 0xD801, 0xDC4C, 0xD801, 0xDC3C, 0x20, 0xD801, 0xDC14, 0xD801, 0xDC29, 0xD801, 0xDC4A, 0xD801, 0xDC34, 0xD801, 0xDC3B, 0x20, 0xD801, 0xDC13, 0xD801, 0xDC34, 0xD801, 0xDC4B));
					break;
            default: break;
            }
            return String();
        }
        
        String En_Dsrt::timezonePattern(gint type) const {
            switch(type){
				case 1: return String(CharArray::of(0xD801, 0xDC18, 0xD801, 0xDC23, 0xD801, 0xDC13, 0x20, 0x7B, 0x30, 0x7D));
				case 2: return String(CharArray::of(0xD801, 0xDC18, 0xD801, 0xDC23, 0xD801, 0xDC13));
				case 3: return String(CharArray::of(0x7B, 0x30, 0x7D, 0x20, 0xD801, 0xDC13, 0xD801, 0xDC34, 0xD801, 0xDC4B));
            default: break;
            }
            return String();
        }
    }
}
        