
#include "ff_Adlm.h"
#include <core/lang/StringArray.h>


// :::::::::::::::::::::::::::::::::::::::::::::::::::::::::::::::::::::::::::::::::::::::::::::::::
// This file has been Generated by CldrGen.py
// :::::::::::::::::::::::::::::::::::::::::::::::::::::::::::::::::::::::::::::::::::::::::::::::::


namespace core {
    using namespace util;
    namespace locales {
        
        String Ff_Adlm::displayLanguage(gint language, gint script, gint region) const {
            switch(language) {
				case 0: return String(CharArray::of(0xD83A, 0xDD00, 0xD83A, 0xDD2C, 0xD83A, 0xDD22, 0xD83A, 0xDD44, 0xD83A, 0xDD2A, 0xD83A, 0xDD2B));
				case 1: return String(CharArray::of(0xD83A, 0xDD00, 0xD83A, 0xDD26, 0xD83A, 0xDD33, 0xD83A, 0xDD22, 0xD83A, 0xDD44, 0xD83A, 0xDD27, 0xD83A, 0xDD2D, 0xD83A, 0xDD34, 0xD83A, 0xDD22, 0xD83A, 0xDD32, 0xD83A, 0xDD2A, 0xD83A, 0xDD2B));
				case 2: return String(CharArray::of(0xD83A, 0xDD00, 0xD83A, 0xDD44, 0xD83A, 0xDD27, 0xD83A, 0xDD2D, 0xD83A, 0xDD34, 0xD83A, 0xDD22, 0xD83A, 0xDD32, 0xD83A, 0xDD2A, 0xD83A, 0xDD2B));
				case 4: return String(CharArray::of(0xD83A, 0xDD00, 0xD83A, 0xDD23, 0xD83A, 0xDD22, 0xD83A, 0xDD32, 0xD83A, 0xDD3A, 0xD83A, 0xDD25, 0xD83A, 0xDD2B, 0xD83A, 0xDD45, 0xD83A, 0xDD2A, 0xD83A, 0xDD2B));
				case 5: return String(CharArray::of(0xD83A, 0xDD00, 0xD83A, 0xDD23, 0xD83A, 0xDD2D, 0xD83A, 0xDD3F, 0xD83A, 0xDD2D, 0xD83A, 0xDD45, 0xD83A, 0xDD2A, 0xD83A, 0xDD2B));
				case 8: return String(CharArray::of(0xD83A, 0xDD00, 0xD83A, 0xDD2C, 0xD83A, 0xDD2A, 0xD83A, 0xDD2D, 0xD83A, 0xDD33, 0xD83A, 0xDD22, 0xD83A, 0xDD32, 0xD83A, 0xDD2A, 0xD83A, 0xDD2B));
				case 10: return String(CharArray::of(0xD83A, 0xDD00, 0xD83A, 0xDD3A, 0xD83A, 0xDD38, 0xD83A, 0xDD2B, 0xD83A, 0xDD25, 0xD83A, 0xDD2A, 0xD83A, 0xDD2B));
				case 11: return String(CharArray::of(0xD83A, 0xDD00, 0xD83A, 0xDD34, 0xD83A, 0xDD32, 0xD83A, 0xDD35, 0xD83A, 0xDD45, 0xD83A, 0xDD2A, 0xD83A, 0xDD2B));
				case 13: return String(CharArray::of(0xD83A, 0xDD00, 0xD83A, 0xDD33, 0xD83A, 0xDD22, 0xD83A, 0xDD32, 0xD83A, 0xDD2A, 0xD83A, 0xDD2B));
				case 16: return String(CharArray::of(0xD83A, 0xDD00, 0xD83A, 0xDD24, 0xD83A, 0xDD2B, 0xD83A, 0xDD35, 0xD83A, 0xDD3C, 0xD83A, 0xDD35, 0xD83A, 0xDD45, 0xD83A, 0xDD2A, 0xD83A, 0xDD2B));
				case 18: return String(CharArray::of(0xD83A, 0xDD00, 0xD83A, 0xDD24, 0xD83A, 0xDD3C, 0xD83A, 0xDD22, 0xD83A, 0xDD34, 0xD83A, 0xDD2A, 0xD83A, 0xDD2B, 0x20, 0xD83A, 0xDD19, 0xD83A, 0xDD22, 0xD83A, 0xDD44, 0xD83A, 0xDD25, 0xD83A, 0xDD32, 0xD83A, 0xDD22, 0xD83A, 0xDD44, 0xD83A, 0xDD32, 0xD83A, 0xDD3A, 0xD83A, 0xDD2B, 0xD83A, 0xDD32, 0xD83A, 0xDD33, 0xD83A, 0xDD2E, 0xD83A, 0xDD45, 0xD83A, 0xDD2A, 0xD83A, 0xDD2B));
				case 19: return String(CharArray::of(0xD83A, 0xDD00, 0xD83A, 0xDD25, 0xD83A, 0xDD38, 0xD83A, 0xDD22, 0xD83A, 0xDD2A, 0xD83A, 0xDD2D, 0xD83A, 0xDD45, 0xD83A, 0xDD2A, 0xD83A, 0xDD2B));
				case 20: return String(CharArray::of(0xD83A, 0xDD00, 0xD83A, 0xDD2A, 0xD83A, 0xDD22, 0xD83A, 0xDD3A, 0xD83A, 0xDD2E, 0xD83A, 0xDD32, 0xD83A, 0xDD2A, 0xD83A, 0xDD2B));
				case 22: return String(CharArray::of(0xD83A, 0xDD0C, 0xD83A, 0xDD26, 0xD83A, 0xDD2E, 0xD83A, 0xDD24, 0xD83A, 0xDD2E, 0xD83A, 0xDD45, 0xD83A, 0xDD2A, 0xD83A, 0xDD2B));
				case 23: return String(CharArray::of(0xD83A, 0xDD00, 0xD83A, 0xDD32, 0xD83A, 0xDD3A, 0xD83A, 0xDD2D, 0xD83A, 0xDD33, 0xD83A, 0xDD22, 0xD83A, 0xDD44, 0xD83A, 0xDD2A, 0xD83A, 0xDD2B));
				case 25: 
					if (region == 0) return String(CharArray::of(0xD83A, 0xDD00, 0xD83A, 0xDD44, 0xD83A, 0xDD2A, 0xD83A, 0xDD22, 0xD83A, 0xDD26, 0xD83A, 0xDD2B, 0xD83A, 0xDD45, 0xD83A, 0xDD2A, 0xD83A, 0xDD2B, 0x20, 0xD83A, 0xDD0A, 0xD83A, 0xDD35, 0xD83A, 0xDD27, 0xD83A, 0xDD38, 0xD83A, 0xDD22, 0x20, 0xD83A, 0xDD12, 0xD83A, 0xDD2B, 0xD83A, 0xDD32, 0xD83A, 0xDD2F, 0xD83A, 0xDD35, 0xD83A, 0xDD33, 0xD83A, 0xDD22));
					return String(CharArray::of(0xD83A, 0xDD00, 0xD83A, 0xDD44, 0xD83A, 0xDD2A, 0xD83A, 0xDD22, 0xD83A, 0xDD26, 0xD83A, 0xDD2B, 0xD83A, 0xDD45, 0xD83A, 0xDD2A, 0xD83A, 0xDD2B));
				case 27: return String(CharArray::of(0xD83A, 0xDD03, 0xD83A, 0xDD22, 0xD83A, 0xDD28, 0xD83A, 0xDD35, 0xD83A, 0xDD37, 0xD83A, 0xDD2D, 0xD83A, 0xDD45, 0xD83A, 0xDD2A, 0xD83A, 0xDD2B));
				case 29: return String(CharArray::of(0xD83A, 0xDD00, 0xD83A, 0xDD2A, 0xD83A, 0xDD22, 0xD83A, 0xDD28, 0xD83A, 0xDD22, 0xD83A, 0xDD38, 0xD83A, 0xDD2E, 0xD83A, 0xDD45, 0xD83A, 0xDD2A, 0xD83A, 0xDD2B));
				case 31: return String(CharArray::of(0xD83A, 0xDD00, 0xD83A, 0xDD44, 0xD83A, 0xDD2A, 0xD83A, 0xDD22, 0xD83A, 0xDD26, 0xD83A, 0xDD2B, 0xD83A, 0xDD45, 0xD83A, 0xDD2A, 0xD83A, 0xDD2B, 0x20, 0xD83A, 0xDD10, 0xD83A, 0xDD22, 0xD83A, 0xDD36, 0xD83A, 0xDD23, 0xD83A, 0xDD2D));
				case 35: return String(CharArray::of(0xD83A, 0xDD00, 0xD83A, 0xDD27, 0xD83A, 0xDD22, 0xD83A, 0xDD25, 0xD83A, 0xDD2B, 0xD83A, 0xDD45, 0xD83A, 0xDD2A, 0xD83A, 0xDD2B));
				case 36: return String(CharArray::of(0xD83A, 0xDD00, 0xD83A, 0xDD27, 0xD83A, 0xDD35, 0xD83A, 0xDD45, 0xD83A, 0xDD2A, 0xD83A, 0xDD2B));
				case 38: return String(CharArray::of(0xD83A, 0xDD00, 0xD83A, 0xDD27, 0xD83A, 0xDD3C, 0xD83A, 0xDD35, 0xD83A, 0xDD2A, 0xD83A, 0xDD2D, 0xD83A, 0xDD45, 0xD83A, 0xDD2A, 0xD83A, 0xDD2B));
				case 39: return String(CharArray::of(0xD83A, 0xDD00, 0xD83A, 0xDD3C, 0xD83A, 0xDD2D, 0xD83A, 0xDD25, 0xD83A, 0xDD2B, 0xD83A, 0xDD33, 0xD83A, 0xDD35, 0xD83A, 0xDD31, 0xD83A, 0xDD2A, 0xD83A, 0xDD2B));
				case 40: return String(CharArray::of(0xD83A, 0xDD00, 0xD83A, 0xDD2C, 0xD83A, 0xDD31, 0xD83A, 0xDD22, 0xD83A, 0xDD2A, 0xD83A, 0xDD2D, 0xD83A, 0xDD45, 0xD83A, 0xDD2A, 0xD83A, 0xDD2B));
				case 42: return String(CharArray::of(0xD83A, 0xDD00, 0xD83A, 0xDD31, 0xD83A, 0xDD22, 0xD83A, 0xDD23, 0xD83A, 0xDD2D, 0xD83A, 0xDD45, 0xD83A, 0xDD2A, 0xD83A, 0xDD2B));
				case 43: return String(CharArray::of(0xD83A, 0xDD00, 0xD83A, 0xDD34, 0xD83A, 0xDD25, 0xD83A, 0xDD22, 0xD83A, 0xDD2A, 0xD83A, 0xDD22, 0xD83A, 0xDD44, 0xD83A, 0xDD2A, 0xD83A, 0xDD2B));
				case 44: return String(CharArray::of(0xD83A, 0xDD00, 0xD83A, 0xDD36, 0xD83A, 0xDD22, 0xD83A, 0xDD2A, 0xD83A, 0xDD26, 0xD83A, 0xDD22, 0xD83A, 0xDD34, 0xD83A, 0xDD2D, 0xD83A, 0xDD36, 0xD83A, 0xDD22, 0xD83A, 0xDD32, 0xD83A, 0xDD2D, 0xD83A, 0xDD45, 0xD83A, 0xDD2A, 0xD83A, 0xDD2B));
				case 45: return String(CharArray::of(0xD83A, 0xDD04, 0xD83A, 0xDD22, 0xD83A, 0xDD27, 0xD83A, 0xDD33, 0xD83A, 0xDD2D, 0xD83A, 0xDD45, 0xD83A, 0xDD2A, 0xD83A, 0xDD2B));
				case 47: return String(CharArray::of(0xD83A, 0xDD04, 0xD83A, 0xDD22, 0xD83A, 0xDD44, 0xD83A, 0xDD24, 0xD83A, 0xDD2D, 0xD83A, 0xDD45, 0xD83A, 0xDD2A, 0xD83A, 0xDD2B));
				case 49: return String(CharArray::of(0xD83A, 0xDD04, 0xD83A, 0xDD22, 0xD83A, 0xDD27, 0xD83A, 0xDD22, 0xD83A, 0xDD44, 0xD83A, 0xDD2A, 0xD83A, 0xDD2B));
				case 53: return String(CharArray::of(0xD83A, 0xDD04, 0xD83A, 0xDD2B, 0xD83A, 0xDD24, 0xD83A, 0xDD22, 0xD83A, 0xDD2A, 0xD83A, 0xDD2D, 0xD83A, 0xDD45, 0xD83A, 0xDD27, 0xD83A, 0xDD2D, 0xD83A, 0xDD45, 0xD83A, 0xDD2A, 0xD83A, 0xDD2B));
				case 55: return String(CharArray::of(0xD83A, 0xDD04, 0xD83A, 0xDD2B, 0xD83A, 0xDD25, 0xD83A, 0xDD26, 0xD83A, 0xDD22, 0xD83A, 0xDD44, 0xD83A, 0xDD2A, 0xD83A, 0xDD2B));
				case 57: return String(CharArray::of(0xD83A, 0xDD04, 0xD83A, 0xDD2B, 0xD83A, 0xDD32, 0xD83A, 0xDD22, 0xD83A, 0xDD44, 0xD83A, 0xDD2A, 0xD83A, 0xDD2B));
				case 60: return String(CharArray::of(0xD83A, 0xDD04, 0xD83A, 0xDD2D, 0xD83A, 0xDD24, 0xD83A, 0xDD3A, 0xD83A, 0xDD22, 0xD83A, 0xDD44, 0xD83A, 0xDD2A, 0xD83A, 0xDD2B));
				case 61: return String(CharArray::of(0xD83A, 0xDD16, 0xD83A, 0xDD22, 0xD83A, 0xDD2A, 0xD83A, 0xDD34, 0xD83A, 0xDD22, 0xD83A, 0xDD32, 0xD83A, 0xDD3E, 0xD83A, 0xDD2D, 0xD83A, 0xDD45, 0xD83A, 0xDD2A, 0xD83A, 0xDD2B));
				case 64: return String(CharArray::of(0xD83A, 0xDD04, 0xD83A, 0xDD2E, 0xD83A, 0xDD27, 0xD83A, 0xDD28, 0xD83A, 0xDD35, 0xD83A, 0xDD2A, 0xD83A, 0xDD2D, 0xD83A, 0xDD45, 0xD83A, 0xDD2A, 0xD83A, 0xDD2B));
				case 65: return String(CharArray::of(0xD83A, 0xDD04, 0xD83A, 0xDD2D, 0xD83A, 0xDD27, 0xD83A, 0xDD24, 0xD83A, 0xDD22, 0xD83A, 0xDD25, 0xD83A, 0xDD22, 0xD83A, 0xDD44, 0xD83A, 0xDD2A, 0xD83A, 0xDD2B));
				case 67: return String(CharArray::of(0xD83A, 0xDD04, 0xD83A, 0xDD2D, 0xD83A, 0xDD32, 0xD83A, 0xDD2D, 0xD83A, 0xDD45, 0xD83A, 0xDD2A, 0xD83A, 0xDD2B));
				case 70: return String(CharArray::of(0xD83A, 0xDD05, 0xD83A, 0xDD2D, 0xD83A, 0xDD33, 0xD83A, 0xDD27, 0xD83A, 0xDD2D, 0xD83A, 0xDD33, 0xD83A, 0xDD22, 0xD83A, 0xDD44, 0xD83A, 0xDD2A, 0xD83A, 0xDD2B));
				case 73: return String(CharArray::of(0xD83A, 0xDD04, 0xD83A, 0xDD22, 0xD83A, 0xDD25, 0xD83A, 0xDD26, 0xD83A, 0xDD22, 0xD83A, 0xDD2A, 0xD83A, 0xDD22, 0xD83A, 0xDD44, 0xD83A, 0xDD2A, 0xD83A, 0xDD2B));
				case 74: return String(CharArray::of(0xD83A, 0xDD04, 0xD83A, 0xDD2B, 0xD83A, 0xDD32, 0xD83A, 0xDD3A, 0xD83A, 0xDD22, 0xD83A, 0xDD24, 0xD83A, 0xDD2D, 0xD83A, 0xDD45, 0xD83A, 0xDD2A, 0xD83A, 0xDD2B));
				case 75: return String(CharArray::of(0xD83A, 0xDD1A, 0xD83A, 0xDD2D, 0xD83A, 0xDD26, 0xD83A, 0xDD2B, 0xD83A, 0xDD3C, 0xD83A, 0xDD2B, 0xD83A, 0xDD32, 0xD83A, 0xDD2A, 0xD83A, 0xDD2B));
				case 78: return String(CharArray::of(0xD83A, 0xDD04, 0xD83A, 0xDD2B, 0xD83A, 0xDD2A, 0xD83A, 0xDD2B, 0xD83A, 0xDD3C, 0xD83A, 0xDD2E, 0xD83A, 0xDD32, 0xD83A, 0xDD2A, 0xD83A, 0xDD2B));
				case 81: return String(CharArray::of(0xD83A, 0xDD04, 0xD83A, 0xDD2E, 0xD83A, 0xDD23, 0xD83A, 0xDD2E, 0xD83A, 0xDD45, 0xD83A, 0xDD2A, 0xD83A, 0xDD2B));
				case 82: return String(CharArray::of(0xD83A, 0xDD04, 0xD83A, 0xDD2E, 0xD83A, 0xDD27, 0xD83A, 0xDD32, 0xD83A, 0xDD2D, 0xD83A, 0xDD34, 0xD83A, 0xDD22, 0xD83A, 0xDD44, 0xD83A, 0xDD2A, 0xD83A, 0xDD2B));
				case 85: return String(CharArray::of(0xD83A, 0xDD04, 0xD83A, 0xDD35, 0xD83A, 0xDD3A, 0xD83A, 0xDD2D, 0xD83A, 0xDD27, 0xD83A, 0xDD22, 0xD83A, 0xDD44, 0xD83A, 0xDD2A, 0xD83A, 0xDD2B));
				case 87: return String(CharArray::of(0xD83A, 0xDD04, 0xD83A, 0xDD2D, 0xD83A, 0xDD24, 0xD83A, 0xDD2D, 0xD83A, 0xDD32, 0xD83A, 0xDD2A, 0xD83A, 0xDD2B));
				case 89: return String(CharArray::of(0xD83A, 0xDD11, 0xD83A, 0xDD22, 0xD83A, 0xDD3C, 0xD83A, 0xDD22, 0xD83A, 0xDD24, 0xD83A, 0xDD22, 0xD83A, 0xDD32, 0xD83A, 0xDD2A, 0xD83A, 0xDD2B));
				case 92: return String(CharArray::of(0xD83A, 0xDD11, 0xD83A, 0xDD22, 0xD83A, 0xDD34, 0xD83A, 0xDD3A, 0xD83A, 0xDD22, 0xD83A, 0xDD44, 0xD83A, 0xDD2A, 0xD83A, 0xDD2B));
				case 94: return String(CharArray::of(0xD83A, 0xDD05, 0xD83A, 0xDD22, 0xD83A, 0xDD33, 0xD83A, 0xDD25, 0xD83A, 0xDD22, 0xD83A, 0xDD44, 0xD83A, 0xDD2A, 0xD83A, 0xDD2B));
				case 95: return String(CharArray::of(0xD83A, 0xDD15, 0xD83A, 0xDD2B, 0xD83A, 0xDD37, 0xD83A, 0xDD2B, 0xD83A, 0xDD32, 0xD83A, 0xDD2A, 0xD83A, 0xDD2B));
				case 96: return String(CharArray::of(0xD83A, 0xDD05, 0xD83A, 0xDD2B, 0xD83A, 0xDD26, 0xD83A, 0xDD31, 0xD83A, 0xDD22, 0xD83A, 0xDD32, 0xD83A, 0xDD2E, 0xD83A, 0xDD45, 0xD83A, 0xDD2A, 0xD83A, 0xDD2B));
				case 97: return String(CharArray::of(0xD83A, 0xDD15, 0xD83A, 0xDD2D, 0xD83A, 0xDD3A, 0xD83A, 0xDD22, 0xD83A, 0xDD44, 0xD83A, 0xDD2A, 0xD83A, 0xDD2B));
				case 98: return String(CharArray::of(0xD83A, 0xDD15, 0xD83A, 0xDD22, 0xD83A, 0xDD25, 0xD83A, 0xDD2E, 0xD83A, 0xDD2A, 0xD83A, 0xDD2E, 0xD83A, 0xDD45, 0xD83A, 0xDD2A, 0xD83A, 0xDD2B));
				case 101: return String(CharArray::of(0xD83A, 0xDD15, 0xD83A, 0xDD35, 0xD83A, 0xDD45, 0xD83A, 0xDD33, 0xD83A, 0xDD35, 0xD83A, 0xDD45, 0xD83A, 0xDD2A, 0xD83A, 0xDD2B));
				case 102: return String(CharArray::of(0xD83A, 0xDD03, 0xD83A, 0xDD22, 0xD83A, 0xDD2A, 0xD83A, 0xDD2D, 0xD83A, 0xDD45, 0xD83A, 0xDD2A, 0xD83A, 0xDD2B));
				case 104: return String(CharArray::of(0xD83A, 0xDD15, 0xD83A, 0xDD22, 0xD83A, 0xDD38, 0xD83A, 0xDD3C, 0xD83A, 0xDD22, 0xD83A, 0xDD44, 0xD83A, 0xDD2A, 0xD83A, 0xDD2B));
				case 105: return String(CharArray::of(0xD83A, 0xDD15, 0xD83A, 0xDD2D, 0xD83A, 0xDD28, 0xD83A, 0xDD34, 0xD83A, 0xDD22, 0xD83A, 0xDD32, 0xD83A, 0xDD2A, 0xD83A, 0xDD2B));
				case 106: return String(CharArray::of(0xD83A, 0xDD15, 0xD83A, 0xDD2B, 0xD83A, 0xDD45, 0xD83A, 0xDD2A, 0xD83A, 0xDD2E, 0xD83A, 0xDD33, 0xD83A, 0xDD2D, 0xD83A, 0xDD45, 0xD83A, 0xDD2A, 0xD83A, 0xDD2B));
				case 107: return String(CharArray::of(0xD83A, 0xDD05, 0xD83A, 0xDD22, 0xD83A, 0xDD44, 0xD83A, 0xDD34, 0xD83A, 0xDD22, 0xD83A, 0xDD32, 0xD83A, 0xDD2A, 0xD83A, 0xDD2B));
				case 109: return String(CharArray::of(0xD83A, 0xDD11, 0xD83A, 0xDD35, 0xD83A, 0xDD2A, 0xD83A, 0xDD23, 0xD83A, 0xDD35, 0xD83A, 0xDD45, 0xD83A, 0xDD2A, 0xD83A, 0xDD2B));
				case 110: return String(CharArray::of(0xD83A, 0xDD15, 0xD83A, 0xDD2D, 0xD83A, 0xDD24, 0xD83A, 0xDD33, 0xD83A, 0xDD2E, 0xD83A, 0xDD3C, 0xD83A, 0xDD2D, 0xD83A, 0xDD32, 0xD83A, 0xDD2A, 0xD83A, 0xDD2B));
				case 111: return String(CharArray::of(0xD83A, 0xDD11, 0xD83A, 0xDD2E, 0xD83A, 0xDD2A, 0xD83A, 0xDD27, 0xD83A, 0xDD2D, 0xD83A, 0xDD33, 0xD83A, 0xDD22, 0xD83A, 0xDD44, 0xD83A, 0xDD2A, 0xD83A, 0xDD2B));
				case 115: return String(CharArray::of(0xD83A, 0xDD03, 0xD83A, 0xDD2D, 0xD83A, 0xDD37, 0xD83A, 0xDD2D, 0xD83A, 0xDD2C, 0xD83A, 0xDD2A, 0xD83A, 0xDD2B));
				case 117: return String(CharArray::of(0xD83A, 0xDD11, 0xD83A, 0xDD2A, 0xD83A, 0xDD2D, 0xD83A, 0xDD45, 0xD83A, 0xDD2A, 0xD83A, 0xDD2B, 0x20, 0xD83A, 0xDD19, 0xD83A, 0xDD22, 0xD83A, 0xDD44, 0xD83A, 0xDD25, 0xD83A, 0xDD32, 0xD83A, 0xDD22, 0xD83A, 0xDD44, 0xD83A, 0xDD32, 0xD83A, 0xDD3A, 0xD83A, 0xDD2B, 0xD83A, 0xDD32, 0xD83A, 0xDD33, 0xD83A, 0xDD2E));
				case 118: return String(CharArray::of(0xD83A, 0xDD06, 0xD83A, 0xDD24, 0xD83A, 0xDD2B, 0xD83A, 0xDD2D, 0xD83A, 0xDD32, 0xD83A, 0xDD27, 0x20, 0xD83A, 0xDD11, 0xD83A, 0xDD2A, 0xD83A, 0xDD2D, 0xD83A, 0xDD45, 0xD83A, 0xDD2A, 0xD83A, 0xDD2B));
				case 119: return String(CharArray::of(0x56, 0x6F, 0x74, 0x65, 0x20, 0xD83A, 0xDD11, 0xD83A, 0xDD2A, 0xD83A, 0xDD2D, 0xD83A, 0xDD45, 0xD83A, 0xDD2A, 0xD83A, 0xDD2B, 0x20, 0xD83A, 0xDD10, 0xD83A, 0xDD22, 0xD83A, 0xDD32, 0xD83A, 0xDD2C, 0xD83A, 0xDD35, 0xD83A, 0xDD2F, 0xD83A, 0xDD32, 0xD83A, 0xDD22, 0xD83A, 0xDD44, 0xD83A, 0xDD32, 0xD83A, 0xDD3A, 0xD83A, 0xDD2B, 0xD83A, 0xDD45, 0xD83A, 0xDD2A, 0xD83A, 0xDD2B));
				case 120: return String(CharArray::of(0xD83A, 0xDD03, 0xD83A, 0xDD2E, 0xD83A, 0xDD45, 0xD83A, 0xDD27, 0xD83A, 0xDD2B, 0x20, 0xD83A, 0xDD11, 0xD83A, 0xDD2A, 0xD83A, 0xDD2D, 0xD83A, 0xDD45, 0xD83A, 0xDD2A, 0xD83A, 0xDD2B));
				case 121: return String(CharArray::of(0xD83A, 0xDD00, 0xD83A, 0xDD24, 0xD83A, 0xDD3A, 0xD83A, 0xDD2E, 0xD83A, 0xDD32, 0xD83A, 0xDD33, 0xD83A, 0xDD2D, 0xD83A, 0xDD32, 0xD83A, 0xDD2A, 0xD83A, 0xDD2B, 0x20, 0xD83A, 0xDD11, 0xD83A, 0xDD22, 0xD83A, 0xDD44, 0xD83A, 0xDD2A, 0xD83A, 0xDD24, 0xD83A, 0xDD2D, 0xD83A, 0xDD32, 0xD83A, 0xDD22));
				case 123: return String(CharArray::of(0xD83A, 0xDD15, 0xD83A, 0xDD2B, 0xD83A, 0xDD33, 0xD83A, 0xDD27, 0xD83A, 0xDD2D, 0xD83A, 0xDD32, 0xD83A, 0xDD22, 0xD83A, 0xDD44, 0xD83A, 0xDD2A, 0xD83A, 0xDD2B));
				case 125: return String(CharArray::of(0xD83A, 0xDD11, 0xD83A, 0xDD2A, 0xD83A, 0xDD2D, 0xD83A, 0xDD45, 0xD83A, 0xDD2A, 0xD83A, 0xDD2B, 0x20, 0xD83A, 0xDD05, 0xD83A, 0xDD22, 0xD83A, 0xDD31, 0xD83A, 0xDD28, 0xD83A, 0xDD2D, 0xD83A, 0xDD45));
				case 126: return String(CharArray::of(0xD83A, 0xDD05, 0xD83A, 0xDD2D, 0xD83A, 0xDD24, 0xD83A, 0xDD3E, 0xD83A, 0xDD2D, 0xD83A, 0xDD33, 0xD83A, 0xDD2A, 0xD83A, 0xDD2B, 0x20, 0xD83A, 0xDD15, 0xD83A, 0xDD2E, 0xD83A, 0xDD45, 0xD83A, 0xDD37, 0xD83A, 0xDD2D));
				case 127: return String(CharArray::of(0xD83A, 0xDD15, 0xD83A, 0xDD35, 0xD83A, 0xDD45, 0xD83A, 0xDD3E, 0xD83A, 0xDD22, 0xD83A, 0xDD27, 0xD83A, 0xDD2A, 0xD83A, 0xDD2B));
				case 129: return String(CharArray::of(0xD83A, 0xDD18, 0xD83A, 0xDD22, 0xD83A, 0xDD24, 0xD83A, 0xDD2D, 0xD83A, 0xDD32, 0xD83A, 0xDD33, 0xD83A, 0xDD2E, 0xD83A, 0xDD45, 0xD83A, 0xDD2A, 0xD83A, 0xDD2B));
				case 130: return String(CharArray::of(0xD83A, 0xDD01, 0xD83A, 0xDD22, 0xD83A, 0xDD44, 0xD83A, 0xDD32, 0xD83A, 0xDD2D, 0xD83A, 0xDD27, 0xD83A, 0xDD33, 0xD83A, 0xDD2E, 0xD83A, 0xDD45, 0xD83A, 0xDD2A, 0xD83A, 0xDD2B));
				case 131: return String(CharArray::of(0xD83A, 0xDD01, 0xD83A, 0xDD22, 0xD83A, 0xDD33, 0xD83A, 0xDD2E, 0xD83A, 0xDD3C, 0xD83A, 0xDD22, 0xD83A, 0xDD44, 0xD83A, 0xDD2A, 0xD83A, 0xDD2B));
				case 132: return String(CharArray::of(0xD83A, 0xDD01, 0xD83A, 0xDD22, 0xD83A, 0xDD2A, 0xD83A, 0xDD3A, 0xD83A, 0xDD2D, 0xD83A, 0xDD32, 0xD83A, 0xDD22, 0xD83A, 0xDD44, 0xD83A, 0xDD2A, 0xD83A, 0xDD2B));
				case 133: return String(CharArray::of(0xD83A, 0xDD1A, 0xD83A, 0xDD22, 0xD83A, 0xDD2D, 0xD83A, 0xDD3C, 0xD83A, 0xDD22, 0xD83A, 0xDD44, 0xD83A, 0xDD2A, 0xD83A, 0xDD2B));
				case 134: 
					if (region == 75) return String(CharArray::of(0xD83A, 0xDD14, 0xD83A, 0xDD2B, 0xD83A, 0xDD2A, 0xD83A, 0xDD25, 0xD83A, 0xDD22, 0xD83A, 0xDD32, 0xD83A, 0xDD2D, 0xD83A, 0xDD32, 0xD83A, 0xDD33, 0xD83A, 0xDD2E, 0xD83A, 0xDD45, 0xD83A, 0xDD2A, 0xD83A, 0xDD2B, 0x20, 0xD83A, 0xDD05, 0xD83A, 0xDD35, 0xD83A, 0xDD31, 0xD83A, 0xDD2D, 0xD83A, 0xDD45, 0xD83A, 0xDD27));
					if (region == 43) return String(CharArray::of(0xD83A, 0xDD14, 0xD83A, 0xDD2B, 0xD83A, 0xDD2A, 0xD83A, 0xDD25, 0xD83A, 0xDD22, 0xD83A, 0xDD32, 0xD83A, 0xDD2D, 0xD83A, 0xDD32, 0xD83A, 0xDD33, 0xD83A, 0xDD2E, 0xD83A, 0xDD45, 0xD83A, 0xDD2A, 0xD83A, 0xDD2B, 0x20, 0xD83A, 0xDD0C, 0xD83A, 0xDD3C, 0xD83A, 0xDD2D, 0xD83A, 0xDD2A, 0xD83A, 0xDD27, 0xD83A, 0xDD22));
					return String(CharArray::of(0xD83A, 0xDD14, 0xD83A, 0xDD2B, 0xD83A, 0xDD2A, 0xD83A, 0xDD25, 0xD83A, 0xDD22, 0xD83A, 0xDD32, 0xD83A, 0xDD2D, 0xD83A, 0xDD32, 0xD83A, 0xDD33, 0xD83A, 0xDD2E, 0xD83A, 0xDD45, 0xD83A, 0xDD2A, 0xD83A, 0xDD2B));
				case 137: return String(CharArray::of(0xD83A, 0xDD01, 0xD83A, 0xDD2E, 0xD83A, 0xDD3A, 0xD83A, 0xDD2A, 0xD83A, 0xDD2D, 0xD83A, 0xDD26, 0xD83A, 0xDD2A, 0xD83A, 0xDD2B));
				case 139: return String(CharArray::of(0xD83A, 0xDD14, 0xD83A, 0xDD22, 0xD83A, 0xDD2A, 0xD83A, 0xDD25, 0xD83A, 0xDD22, 0xD83A, 0xDD44, 0xD83A, 0xDD2A, 0xD83A, 0xDD2B));
				case 140: return String(CharArray::of(0xD83A, 0xDD01, 0xD83A, 0xDD2E, 0xD83A, 0xDD3A, 0xD83A, 0xDD2A, 0xD83A, 0xDD2D, 0xD83A, 0xDD45, 0xD83A, 0xDD2A, 0xD83A, 0xDD2B));
				case 141: return String(CharArray::of(0xD83A, 0xDD02, 0xD83A, 0xDD2B, 0xD83A, 0xDD27, 0x20, 0xD83A, 0xDD05, 0xD83A, 0xDD2E, 0xD83A, 0xDD2A, 0xD83A, 0xDD26, 0xD83A, 0xDD2D, 0xD83A, 0xDD34, 0xD83A, 0xDD22, 0xD83A, 0xDD32, 0xD83A, 0xDD2A, 0xD83A, 0xDD2B));
				case 143: return String(CharArray::of(0xD83A, 0xDD01, 0xD83A, 0xDD35, 0xD83A, 0xDD31, 0xD83A, 0xDD22, 0xD83A, 0xDD24, 0xD83A, 0xDD22, 0xD83A, 0xDD44, 0xD83A, 0xDD2A, 0xD83A, 0xDD2B));
				case 145: return String(CharArray::of(0xD83A, 0xDD01, 0xD83A, 0xDD2D, 0xD83A, 0xDD45, 0xD83A, 0xDD2C, 0xD83A, 0xDD2B, 0xD83A, 0xDD38, 0xD83A, 0xDD2D, 0xD83A, 0xDD45, 0xD83A, 0xDD2A, 0xD83A, 0xDD2B));
				case 146: return String(CharArray::of(0xD83A, 0xDD14, 0xD83A, 0xDD2E, 0xD83A, 0xDD45, 0xD83A, 0xDD24, 0xD83A, 0xDD22, 0xD83A, 0xDD44, 0xD83A, 0xDD2A, 0xD83A, 0xDD2B));
				case 148: return String(CharArray::of(0xD83A, 0xDD04, 0xD83A, 0xDD35, 0xD83A, 0xDD45, 0xD83A, 0xDD3C, 0xD83A, 0xDD22, 0xD83A, 0xDD32, 0xD83A, 0xDD2A, 0xD83A, 0xDD2B));
				case 149: return String(CharArray::of(0xD83A, 0xDD01, 0xD83A, 0xDD22, 0xD83A, 0xDD36, 0xD83A, 0xDD22, 0xD83A, 0xDD3A, 0xD83A, 0xDD22, 0xD83A, 0xDD44, 0xD83A, 0xDD2A, 0xD83A, 0xDD2B));
				case 150: return String(CharArray::of(0xD83A, 0xDD09, 0xD83A, 0xDD25, 0xD83A, 0xDD26, 0xD83A, 0xDD35, 0xD83A, 0xDD45, 0xD83A, 0xDD2A, 0xD83A, 0xDD2B));
				case 151: return String(CharArray::of(0xD83A, 0xDD09, 0xD83A, 0xDD31, 0xD83A, 0xDD2B, 0xD83A, 0xDD45, 0xD83A, 0xDD2A, 0xD83A, 0xDD2B));
				case 152: return String(CharArray::of(0xD83A, 0xDD09, 0xD83A, 0xDD2C, 0xD83A, 0xDD2D, 0xD83A, 0xDD33, 0xD83A, 0xDD2A, 0xD83A, 0xDD2B));
				case 155: return String(CharArray::of(0xD83A, 0xDD09, 0xD83A, 0xDD33, 0xD83A, 0xDD22, 0xD83A, 0xDD36, 0xD83A, 0xDD35, 0xD83A, 0xDD33, 0xD83A, 0xDD2A, 0xD83A, 0xDD2B));
				case 156: return String(CharArray::of(0xD83A, 0xDD18, 0xD83A, 0xDD2D, 0xD83A, 0xDD45, 0xD83A, 0xDD2A, 0xD83A, 0xDD27, 0xD83A, 0xDD22, 0xD83A, 0xDD44, 0xD83A, 0xDD2A, 0xD83A, 0xDD2B));
				case 158: 
					if (region == 276) return String(CharArray::of(0xD83A, 0xDD09, 0xD83A, 0xDD32, 0xD83A, 0xDD3A, 0xD83A, 0xDD2D, 0xD83A, 0xDD24, 0xD83A, 0xDD2B, 0xD83A, 0xDD45, 0xD83A, 0xDD2A, 0xD83A, 0xDD2B, 0x20, 0xD83A, 0xDD00, 0xD83A, 0xDD25, 0xD83A, 0xDD2B, 0xD83A, 0xDD2A, 0xD83A, 0xDD2D, 0xD83A, 0xDD33, 0xD83A, 0xDD22, 0xD83A, 0xDD32, 0xD83A, 0xDD33, 0xD83A, 0xDD2E, 0xD83A, 0xDD2A, 0xD83A, 0xDD2B));
					return String(CharArray::of(0xD83A, 0xDD09, 0xD83A, 0xDD32, 0xD83A, 0xDD3A, 0xD83A, 0xDD2D, 0xD83A, 0xDD24, 0xD83A, 0xDD2B, 0xD83A, 0xDD45, 0xD83A, 0xDD2A, 0xD83A, 0xDD2B));
				case 160: return String(CharArray::of(0xD83A, 0xDD09, 0xD83A, 0xDD27, 0xD83A, 0xDD28, 0xD83A, 0xDD2B, 0xD83A, 0xDD2A, 0xD83A, 0xDD22, 0xD83A, 0xDD32, 0xD83A, 0xDD3C, 0xD83A, 0xDD2E, 0xD83A, 0xDD45, 0xD83A, 0xDD2A, 0xD83A, 0xDD2B));
				case 161: 
					if (region == 197) return String(CharArray::of(0xD83A, 0xDD05, 0xD83A, 0xDD2D, 0xD83A, 0xDD28, 0xD83A, 0xDD22, 0xD83A, 0xDD32, 0xD83A, 0xDD2D, 0xD83A, 0xDD34, 0xD83A, 0xDD22, 0xD83A, 0xDD32, 0xD83A, 0xDD33, 0xD83A, 0xDD2E, 0xD83A, 0xDD45, 0xD83A, 0xDD2A, 0xD83A, 0xDD2B, 0x20, 0xD83A, 0xDD03, 0xD83A, 0xDD2B, 0xD83A, 0xDD33, 0xD83A, 0xDD27, 0xD83A, 0xDD2D, 0xD83A, 0xDD33));
					if (region == 105) return String(CharArray::of(0xD83A, 0xDD05, 0xD83A, 0xDD2D, 0xD83A, 0xDD28, 0xD83A, 0xDD22, 0xD83A, 0xDD32, 0xD83A, 0xDD2D, 0xD83A, 0xDD34, 0xD83A, 0xDD22, 0xD83A, 0xDD32, 0xD83A, 0xDD33, 0xD83A, 0xDD2E, 0xD83A, 0xDD45, 0xD83A, 0xDD2A, 0xD83A, 0xDD2B, 0x20, 0xD83A, 0xDD00, 0xD83A, 0xDD2A, 0xD83A, 0xDD2E, 0xD83A, 0xDD26, 0xD83A, 0xDD22));
					if (region == 30) return String(CharArray::of(0xD83A, 0xDD05, 0xD83A, 0xDD2D, 0xD83A, 0xDD28, 0xD83A, 0xDD22, 0xD83A, 0xDD32, 0xD83A, 0xDD2D, 0xD83A, 0xDD34, 0xD83A, 0xDD22, 0xD83A, 0xDD32, 0xD83A, 0xDD33, 0xD83A, 0xDD2E, 0xD83A, 0xDD45, 0xD83A, 0xDD2A, 0xD83A, 0xDD2B, 0x20, 0xD83A, 0xDD00, 0xD83A, 0xDD25, 0xD83A, 0xDD2D, 0xD83A, 0xDD2A, 0xD83A, 0xDD2D, 0xD83A, 0xDD33, 0x20, 0xD83A, 0xDD02, 0xD83A, 0xDD22, 0xD83A, 0xDD3C, 0xD83A, 0xDD2D, 0xD83A, 0xDD32, 0xD83A, 0xDD2D, 0xD83A, 0xDD34, 0xD83A, 0xDD22));
					return String(CharArray::of(0xD83A, 0xDD05, 0xD83A, 0xDD2D, 0xD83A, 0xDD28, 0xD83A, 0xDD22, 0xD83A, 0xDD32, 0xD83A, 0xDD2D, 0xD83A, 0xDD34, 0xD83A, 0xDD22, 0xD83A, 0xDD32, 0xD83A, 0xDD33, 0xD83A, 0xDD2E, 0xD83A, 0xDD45, 0xD83A, 0xDD2A, 0xD83A, 0xDD2B));
				case 163: return String(CharArray::of(0xD83A, 0xDD09, 0xD83A, 0xDD27, 0xD83A, 0xDD3C, 0xD83A, 0xDD2E, 0xD83A, 0xDD32, 0xD83A, 0xDD2D, 0xD83A, 0xDD34, 0xD83A, 0xDD22, 0xD83A, 0xDD32, 0xD83A, 0xDD2A, 0xD83A, 0xDD2B));
				case 164: return String(CharArray::of(0xD83A, 0xDD04, 0xD83A, 0xDD22, 0xD83A, 0xDD27, 0xD83A, 0xDD33, 0xD83A, 0xDD22, 0xD83A, 0xDD2A, 0xD83A, 0xDD22, 0xD83A, 0xDD44, 0xD83A, 0xDD2A, 0xD83A, 0xDD2B));
				case 165: return String(CharArray::of(0xD83A, 0xDD09, 0xD83A, 0xDD31, 0xD83A, 0xDD2E, 0xD83A, 0xDD32, 0xD83A, 0xDD23, 0xD83A, 0xDD2E, 0xD83A, 0xDD45, 0xD83A, 0xDD2A, 0xD83A, 0xDD2B));
				case 167: 
					if (region == 34) return String(CharArray::of(0xD83A, 0xDD01, 0xD83A, 0xDD22, 0xD83A, 0xDD2A, 0xD83A, 0xDD2D, 0xD83A, 0xDD45, 0xD83A, 0xDD2A, 0xD83A, 0xDD2B));
					return String(CharArray::of(0xD83A, 0xDD0A, 0xD83A, 0xDD22, 0xD83A, 0xDD44, 0xD83A, 0xDD2A, 0xD83A, 0xDD27, 0xD83A, 0xDD2D, 0xD83A, 0xDD34, 0xD83A, 0xDD22, 0xD83A, 0xDD32, 0xD83A, 0xDD33, 0xD83A, 0xDD2E, 0xD83A, 0xDD45, 0xD83A, 0xDD2A, 0xD83A, 0xDD2B));
				case 170: return String(CharArray::of(0xD83A, 0xDD06, 0xD83A, 0xDD35, 0xD83A, 0xDD24, 0xD83A, 0xDD22, 0xD83A, 0xDD2A));
				case 171: return String(CharArray::of(0xD83A, 0xDD0A, 0xD83A, 0xDD2B, 0xD83A, 0xDD32, 0xD83A, 0xDD2D, 0xD83A, 0xDD27, 0xD83A, 0xDD2A, 0xD83A, 0xDD2B));
				case 172: return String(CharArray::of(0xD83A, 0xDD0A, 0xD83A, 0xDD2D, 0xD83A, 0xDD24, 0xD83A, 0xDD2D, 0xD83A, 0xDD28, 0xD83A, 0xDD2D, 0xD83A, 0xDD32, 0xD83A, 0xDD2E, 0xD83A, 0xDD45, 0xD83A, 0xDD2A, 0xD83A, 0xDD2B));
				case 174: return String(CharArray::of(0xD83A, 0xDD0A, 0xD83A, 0xDD2D, 0xD83A, 0xDD45, 0xD83A, 0xDD36, 0xD83A, 0xDD2D, 0xD83A, 0xDD34, 0xD83A, 0xDD22, 0xD83A, 0xDD32, 0xD83A, 0xDD2A, 0xD83A, 0xDD2B));
				case 175: return String(CharArray::of(0xD83A, 0xDD0A, 0xD83A, 0xDD2B, 0xD83A, 0xDD2A, 0xD83A, 0xDD2E, 0xD83A, 0xDD31, 0xD83A, 0xDD2B, 0xD83A, 0xDD27, 0xD83A, 0xDD2A, 0xD83A, 0xDD2B));
				case 176: return String(CharArray::of(0xD83A, 0xDD0A, 0xD83A, 0xDD2E, 0xD83A, 0xDD32, 0xD83A, 0xDD2A, 0xD83A, 0xDD2B));
				case 177: 
					if (region == 75) return String(CharArray::of(0xD83A, 0xDD0A, 0xD83A, 0xDD22, 0xD83A, 0xDD2A, 0xD83A, 0xDD22, 0xD83A, 0xDD32, 0xD83A, 0xDD27, 0xD83A, 0xDD2D, 0xD83A, 0xDD45, 0xD83A, 0xDD2A, 0xD83A, 0xDD2B, 0x20, 0xD83A, 0xDD05, 0xD83A, 0xDD35, 0xD83A, 0xDD31, 0xD83A, 0xDD2D, 0xD83A, 0xDD45, 0xD83A, 0xDD27));
					if (region == 70) return String(CharArray::of(0xD83A, 0xDD0A, 0xD83A, 0xDD22, 0xD83A, 0xDD2A, 0xD83A, 0xDD22, 0xD83A, 0xDD32, 0xD83A, 0xDD27, 0xD83A, 0xDD2D, 0xD83A, 0xDD45, 0xD83A, 0xDD2A, 0xD83A, 0xDD2B, 0x20, 0xD83A, 0xDD11, 0xD83A, 0xDD22, 0xD83A, 0xDD32, 0xD83A, 0xDD22, 0xD83A, 0xDD23, 0xD83A, 0xDD22, 0xD83A, 0xDD32, 0xD83A, 0xDD33, 0xD83A, 0xDD2E, 0xD83A, 0xDD45, 0xD83A, 0xDD2A, 0xD83A, 0xDD2B));
					return String(CharArray::of(0xD83A, 0xDD0A, 0xD83A, 0xDD22, 0xD83A, 0xDD2A, 0xD83A, 0xDD22, 0xD83A, 0xDD32, 0xD83A, 0xDD27, 0xD83A, 0xDD2D, 0xD83A, 0xDD45, 0xD83A, 0xDD2A, 0xD83A, 0xDD2B));
				case 178: return String(CharArray::of(0xD83A, 0xDD0A, 0xD83A, 0xDD22, 0xD83A, 0xDD2A, 0xD83A, 0xDD22, 0xD83A, 0xDD32, 0xD83A, 0xDD27, 0xD83A, 0xDD2D, 0xD83A, 0xDD45, 0xD83A, 0xDD2A, 0xD83A, 0xDD2B, 0x20, 0xD83A, 0xDD11, 0xD83A, 0xDD22, 0xD83A, 0xDD23, 0xD83A, 0xDD2D, 0xD83A, 0xDD34, 0xD83A, 0xDD2B, 0xD83A, 0xDD32, 0xD83A, 0xDD2A, 0xD83A, 0xDD2B));
				case 182: return String(CharArray::of(0xD83A, 0xDD0A, 0xD83A, 0xDD2D, 0xD83A, 0xDD2A, 0xD83A, 0xDD27, 0xD83A, 0xDD2D, 0xD83A, 0xDD34, 0xD83A, 0xDD22, 0xD83A, 0xDD32, 0xD83A, 0xDD2A, 0xD83A, 0xDD2B, 0x20, 0xD83A, 0xDD10, 0xD83A, 0xDD22, 0xD83A, 0xDD32, 0xD83A, 0xDD46, 0xD83A, 0xDD22, 0xD83A, 0xDD44, 0xD83A, 0xDD32, 0xD83A, 0xDD3A, 0xD83A, 0xDD2B, 0xD83A, 0xDD45, 0xD83A, 0xDD2A, 0xD83A, 0xDD2B));
				case 184: return String(CharArray::of(0xD83A, 0xDD0A, 0xD83A, 0xDD2D, 0xD83A, 0xDD2A, 0xD83A, 0xDD47, 0xD83A, 0xDD35, 0xD83A, 0xDD24, 0xD83A, 0xDD2D, 0xD83A, 0xDD34, 0xD83A, 0xDD22, 0xD83A, 0xDD32, 0xD83A, 0xDD2A, 0xD83A, 0xDD2B));
				case 185: return String(CharArray::of(0xD83A, 0xDD0A, 0xD83A, 0xDD2D, 0xD83A, 0xDD2A, 0xD83A, 0xDD2D, 0xD83A, 0xDD45, 0xD83A, 0xDD27, 0xD83A, 0xDD2D, 0xD83A, 0xDD34, 0xD83A, 0xDD22, 0xD83A, 0xDD32, 0xD83A, 0xDD33, 0xD83A, 0xDD2E, 0xD83A, 0xDD45, 0xD83A, 0xDD2A, 0xD83A, 0xDD2B, 0x20, 0xD83A, 0xDD16, 0xD83A, 0xDD2D, 0xD83A, 0xDD2A, 0xD83A, 0xDD32, 0xD83A, 0xDD22));
				case 186: return String(CharArray::of(0xD83A, 0xDD0B, 0xD83A, 0xDD2A, 0xD83A, 0xDD24, 0xD83A, 0xDD22, 0xD83A, 0xDD32, 0xD83A, 0xDD23, 0xD83A, 0xDD2B, 0xD83A, 0xDD45, 0xD83A, 0xDD2A, 0xD83A, 0xDD2B));
				case 187: return String(CharArray::of(0xD83A, 0xDD18, 0xD83A, 0xDD22, 0xD83A, 0xDD44, 0xD83A, 0xDD2A, 0xD83A, 0xDD2B));
				case 193: return String(CharArray::of(0xD83A, 0xDD05, 0xD83A, 0xDD2D, 0xD83A, 0xDD33, 0xD83A, 0xDD2E, 0xD83A, 0xDD3C, 0xD83A, 0xDD2D, 0xD83A, 0xDD27, 0xD83A, 0xDD2A, 0xD83A, 0xDD2B, 0x20, 0xD83A, 0xDD18, 0xD83A, 0xDD22, 0xD83A, 0xDD2B, 0xD83A, 0xDD2D, 0xD83A, 0xDD33));
				case 194: return String(CharArray::of(0xD83A, 0xDD18, 0xD83A, 0xDD2B, 0xD83A, 0xDD45, 0xD83A, 0xDD36, 0xD83A, 0xDD2A, 0xD83A, 0xDD2B));
				case 195: return String(CharArray::of(0xD83A, 0xDD18, 0xD83A, 0xDD2D, 0xD83A, 0xDD24, 0xD83A, 0xDD26, 0xD83A, 0xDD2B, 0xD83A, 0xDD2A, 0xD83A, 0xDD3C, 0xD83A, 0xDD2B, 0xD83A, 0xDD45, 0xD83A, 0xDD27, 0xD83A, 0xDD2A, 0xD83A, 0xDD2B));
				case 196: return String(CharArray::of(0xD83A, 0xDD18, 0xD83A, 0xDD22, 0xD83A, 0xDD24, 0xD83A, 0xDD2D, 0xD83A, 0xDD45, 0xD83A, 0xDD27, 0xD83A, 0xDD2D, 0xD83A, 0xDD34, 0xD83A, 0xDD22, 0xD83A, 0xDD32, 0xD83A, 0xDD2A, 0xD83A, 0xDD2B));
				case 199: return String(CharArray::of(0xD83A, 0xDD18, 0xD83A, 0xDD35, 0xD83A, 0xDD22, 0xD83A, 0xDD2A, 0xD83A, 0xDD22, 0xD83A, 0xDD32, 0xD83A, 0xDD2D, 0xD83A, 0xDD45, 0xD83A, 0xDD2A, 0xD83A, 0xDD2B));
				case 202: return String(CharArray::of(0xD83A, 0xDD18, 0xD83A, 0xDD2E, 0xD83A, 0xDD2A, 0xD83A, 0xDD2E, 0xD83A, 0xDD32, 0xD83A, 0xDD3C, 0xD83A, 0xDD22, 0xD83A, 0xDD24, 0xD83A, 0xDD2E, 0xD83A, 0xDD45, 0xD83A, 0xDD2A, 0xD83A, 0xDD2B));
				case 206: return String(CharArray::of(0xD83A, 0xDD14, 0xD83A, 0xDD2B, 0xD83A, 0xDD2A, 0xD83A, 0xDD25, 0xD83A, 0xDD22, 0xD83A, 0xDD32, 0xD83A, 0xDD2A, 0xD83A, 0xDD2B, 0x20, 0xD83A, 0xDD05, 0xD83A, 0xDD35, 0xD83A, 0xDD31, 0xD83A, 0xDD2D, 0xD83A, 0xDD27));
				case 207: return String(CharArray::of(0xD83A, 0xDD18, 0xD83A, 0xDD35, 0xD83A, 0xDD36, 0xD83A, 0xDD22, 0xD83A, 0xDD2A, 0xD83A, 0xDD22, 0xD83A, 0xDD3C, 0xD83A, 0xDD2D, 0xD83A, 0xDD45, 0xD83A, 0xDD2A, 0xD83A, 0xDD2B));
				case 210: return String(CharArray::of(0xD83A, 0xDD18, 0xD83A, 0xDD35, 0xD83A, 0xDD27, 0xD83A, 0xDD2D, 0xD83A, 0xDD45, 0xD83A, 0xDD2A, 0xD83A, 0xDD2B));
				case 211: return String(CharArray::of(0xD83A, 0xDD03, 0xD83A, 0xDD22, 0xD83A, 0xDD32, 0xD83A, 0xDD33, 0xD83A, 0xDD2D, 0xD83A, 0xDD27, 0xD83A, 0xDD2A, 0xD83A, 0xDD2B));
				case 212: return String(CharArray::of(0xD83A, 0xDD18, 0xD83A, 0xDD2D, 0xD83A, 0xDD31, 0xD83A, 0xDD27, 0xD83A, 0xDD2D, 0xD83A, 0xDD32, 0xD83A, 0xDD2A, 0xD83A, 0xDD2B));
				case 213: return String(CharArray::of(0xD83A, 0xDD16, 0xD83A, 0xDD22, 0xD83A, 0xDD31, 0xD83A, 0xDD27, 0xD83A, 0xDD22, 0xD83A, 0xDD44, 0xD83A, 0xDD2A, 0xD83A, 0xDD2B));
				case 214: return String(CharArray::of(0xD83A, 0xDD16, 0xD83A, 0xDD22, 0xD83A, 0xDD34, 0xD83A, 0xDD23, 0xD83A, 0xDD22, 0xD83A, 0xDD44, 0xD83A, 0xDD2A, 0xD83A, 0xDD2B));
				case 216: return String(CharArray::of(0xD83A, 0xDD16, 0xD83A, 0xDD22, 0xD83A, 0xDD31, 0xD83A, 0xDD22, 0xD83A, 0xDD44, 0xD83A, 0xDD2D, 0xD83A, 0xDD34, 0xD83A, 0xDD2B, 0xD83A, 0xDD32, 0xD83A, 0xDD2A, 0xD83A, 0xDD2B));
				case 217: return String(CharArray::of(0xD83A, 0xDD16, 0xD83A, 0xDD22, 0xD83A, 0xDD2D, 0xD83A, 0xDD23, 0xD83A, 0xDD22, 0xD83A, 0xDD44, 0xD83A, 0xDD2A, 0xD83A, 0xDD2B, 0x20, 0xD83A, 0xDD19, 0xD83A, 0xDD22, 0xD83A, 0xDD44, 0xD83A, 0xDD25, 0xD83A, 0xDD32, 0xD83A, 0xDD22, 0xD83A, 0xDD44, 0xD83A, 0xDD32, 0xD83A, 0xDD3A, 0xD83A, 0xDD2B, 0xD83A, 0xDD32, 0xD83A, 0xDD33, 0xD83A, 0xDD2E));
				case 219: return String(CharArray::of(0xD83A, 0xDD16, 0xD83A, 0xDD2D, 0xD83A, 0xDD26, 0xD83A, 0xDD35, 0xD83A, 0xDD2A, 0xD83A, 0xDD35, 0xD83A, 0xDD45, 0xD83A, 0xDD2A, 0xD83A, 0xDD2B));
				case 220: return String(CharArray::of(0xD83A, 0xDD16, 0xD83A, 0xDD2D, 0xD83A, 0xDD32, 0xD83A, 0xDD23, 0xD83A, 0xDD2D, 0xD83A, 0xDD45, 0xD83A, 0xDD2A, 0xD83A, 0xDD2B));
				case 222: return String(CharArray::of(0xD83A, 0xDD16, 0xD83A, 0xDD2D, 0xD83A, 0xDD24, 0xD83A, 0xDD2D, 0xD83A, 0xDD3A, 0xD83A, 0xDD22, 0xD83A, 0xDD34, 0xD83A, 0xDD32, 0xD83A, 0xDD2E, 0xD83A, 0xDD32, 0xD83A, 0xDD2A, 0xD83A, 0xDD2B));
				case 224: return String(CharArray::of(0xD83A, 0xDD16, 0xD83A, 0xDD35, 0xD83A, 0xDD25, 0xD83A, 0xDD3A, 0xD83A, 0xDD35, 0xD83A, 0xDD32, 0xD83A, 0xDD2A, 0xD83A, 0xDD2B));
				case 227: return String(CharArray::of(0xD83A, 0xDD11, 0xD83A, 0xDD2E, 0xD83A, 0xDD2A, 0xD83A, 0xDD2E, 0xD83A, 0xDD31, 0xD83A, 0xDD22, 0xD83A, 0xDD27, 0xD83A, 0xDD2D, 0xD83A, 0xDD45, 0xD83A, 0xDD2A, 0xD83A, 0xDD2B));
				case 228: return String(CharArray::of(0xD83A, 0xDD05, 0xD83A, 0xDD2E, 0xD83A, 0xDD2A, 0xD83A, 0xDD26, 0xD83A, 0xDD2D, 0xD83A, 0xDD34, 0xD83A, 0xDD22, 0xD83A, 0xDD32, 0xD83A, 0xDD2A, 0xD83A, 0xDD2B, 0x20, 0xD83A, 0xDD01, 0xD83A, 0xDD2E, 0xD83A, 0xDD31, 0xD83A, 0xDD2A, 0xD83A, 0xDD2D));
				case 230: return String(CharArray::of(0xD83A, 0xDD00, 0xD83A, 0xDD33, 0xD83A, 0xDD35, 0xD83A, 0xDD45, 0xD83A, 0xDD2A, 0xD83A, 0xDD2B, 0x20, 0xD83A, 0xDD16, 0xD83A, 0xDD22, 0xD83A, 0xDD34, 0xD83A, 0xDD3C, 0xD83A, 0xDD2D, 0xD83A, 0xDD45));
				case 231: return String(CharArray::of(0xD83A, 0xDD16, 0xD83A, 0xDD35, 0xD83A, 0xDD32, 0xD83A, 0xDD3A, 0xD83A, 0xDD22, 0xD83A, 0xDD2A, 0xD83A, 0xDD2D, 0xD83A, 0xDD34, 0xD83A, 0xDD22, 0xD83A, 0xDD32, 0xD83A, 0xDD2A, 0xD83A, 0xDD2B));
				case 232: return String(CharArray::of(0xD83A, 0xDD16, 0xD83A, 0xDD35, 0xD83A, 0xDD28, 0xD83A, 0xDD22, 0xD83A, 0xDD44, 0xD83A, 0xDD2A, 0xD83A, 0xDD2B));
				case 233: return String(CharArray::of(0xD83A, 0xDD16, 0xD83A, 0xDD22, 0xD83A, 0xDD24, 0xD83A, 0xDD33, 0xD83A, 0xDD2E, 0xD83A, 0xDD25, 0xD83A, 0xDD2B, 0xD83A, 0xDD24, 0xD83A, 0xDD2B, 0xD83A, 0xDD25, 0xD83A, 0xDD2A, 0xD83A, 0xDD2B));
				case 234: return String(CharArray::of(0xD83A, 0xDD00, 0xD83A, 0xDD2A, 0xD83A, 0xDD25, 0xD83A, 0xDD2B, 0xD83A, 0xDD32, 0xD83A, 0xDD2D, 0xD83A, 0xDD45, 0xD83A, 0xDD2A, 0xD83A, 0xDD2B));
				case 235: return String(CharArray::of(0xD83A, 0xDD16, 0xD83A, 0xDD2B, 0xD83A, 0xDD2A, 0xD83A, 0xDD2B, 0xD83A, 0xDD2A, 0xD83A, 0xDD2E, 0xD83A, 0xDD45, 0xD83A, 0xDD2A, 0xD83A, 0xDD2B));
				case 236: return String(CharArray::of(0xD83A, 0xDD09, 0xD83A, 0xDD32, 0xD83A, 0xDD3C, 0xD83A, 0xDD2B, 0xD83A, 0xDD2A, 0xD83A, 0xDD24, 0xD83A, 0xDD2D, 0xD83A, 0xDD3A, 0xD83A, 0xDD22, 0xD83A, 0xDD44, 0xD83A, 0xDD2A, 0xD83A, 0xDD2B));
				case 237: return String(CharArray::of(0xD83A, 0xDD0B, 0xD83A, 0xDD26, 0xD83A, 0xDD22, 0xD83A, 0xDD32, 0xD83A, 0xDD2A, 0xD83A, 0xDD2B));
				case 238: return String(CharArray::of(0xD83A, 0xDD0B, 0xD83A, 0xDD26, 0xD83A, 0xDD2D, 0xD83A, 0xDD45, 0xD83A, 0xDD26, 0xD83A, 0xDD2D, 0xD83A, 0xDD34, 0xD83A, 0xDD2E, 0xD83A, 0xDD45, 0xD83A, 0xDD2A, 0xD83A, 0xDD2B));
				case 239: return String(CharArray::of(0xD83A, 0xDD0B, 0xD83A, 0xDD32, 0xD83A, 0xDD23, 0xD83A, 0xDD2E, 0xD83A, 0xDD32, 0xD83A, 0xDD2D, 0xD83A, 0xDD45, 0xD83A, 0xDD27, 0xD83A, 0xDD2D, 0xD83A, 0xDD34, 0xD83A, 0xDD22, 0xD83A, 0xDD32, 0xD83A, 0xDD33, 0xD83A, 0xDD2E, 0xD83A, 0xDD45, 0xD83A, 0xDD2A, 0xD83A, 0xDD2B));
				case 241: return String(CharArray::of(0xD83A, 0xDD0B, 0xD83A, 0xDD26, 0xD83A, 0xDD2E, 0xD83A, 0xDD45, 0xD83A, 0xDD2A, 0xD83A, 0xDD2B));
				case 242: return String(CharArray::of(0xD83A, 0xDD05, 0xD83A, 0xDD2D, 0xD83A, 0xDD27, 0xD83A, 0xDD35, 0xD83A, 0xDD22, 0xD83A, 0xDD32, 0xD83A, 0xDD2A, 0xD83A, 0xDD2B, 0x20, 0xD83A, 0xDD12, 0xD83A, 0xDD2D, 0xD83A, 0xDD45));
				case 245: return String(CharArray::of(0xD83A, 0xDD0B, 0xD83A, 0xDD32, 0xD83A, 0xDD35, 0xD83A, 0xDD33, 0xD83A, 0xDD3C, 0xD83A, 0xDD35, 0xD83A, 0xDD2A, 0xD83A, 0xDD2B, 0x20, 0xD83A, 0xDD10, 0xD83A, 0xDD22, 0xD83A, 0xDD32, 0xD83A, 0xDD46, 0xD83A, 0xDD22, 0xD83A, 0xDD44, 0xD83A, 0xDD32, 0xD83A, 0xDD3A, 0xD83A, 0xDD2B, 0x20, 0xD83A, 0xDD11, 0xD83A, 0xDD22, 0xD83A, 0xDD32, 0xD83A, 0xDD22, 0xD83A, 0xDD23, 0xD83A, 0xDD22, 0xD83A, 0xDD44));
				case 246: return String(CharArray::of(0xD83A, 0xDD0B, 0xD83A, 0xDD24, 0xD83A, 0xDD2E, 0xD83A, 0xDD33, 0xD83A, 0xDD2E, 0xD83A, 0xDD45, 0xD83A, 0xDD2A, 0xD83A, 0xDD2B));
				case 248: return String(CharArray::of(0xD83A, 0xDD0B, 0xD83A, 0xDD32, 0xD83A, 0xDD3A, 0xD83A, 0xDD2E, 0xD83A, 0xDD27, 0xD83A, 0xDD2B, 0xD83A, 0xDD45, 0xD83A, 0xDD2A, 0xD83A, 0xDD2B));
				case 249: return String(CharArray::of(0xD83A, 0xDD0B, 0xD83A, 0xDD23, 0xD83A, 0xDD2E, 0xD83A, 0xDD45, 0xD83A, 0xDD2A, 0xD83A, 0xDD2B));
				case 250: return String(CharArray::of(0xD83A, 0xDD00, 0xD83A, 0xDD34, 0xD83A, 0xDD27, 0xD83A, 0xDD2D, 0xD83A, 0xDD24, 0xD83A, 0xDD22, 0xD83A, 0xDD32, 0xD83A, 0xDD23, 0xD83A, 0xDD2B, 0xD83A, 0xDD45, 0xD83A, 0xDD2A, 0xD83A, 0xDD2B));
				case 251: return String(CharArray::of(0xD83A, 0xDD0B, 0xD83A, 0xDD3C, 0xD83A, 0xDD22, 0xD83A, 0xDD24, 0xD83A, 0xDD2D, 0xD83A, 0xDD32, 0xD83A, 0xDD33, 0xD83A, 0xDD2E, 0xD83A, 0xDD45, 0xD83A, 0xDD2A, 0xD83A, 0xDD2B));
				case 252: return String(CharArray::of(0xD83A, 0xDD0B, 0xD83A, 0xDD32, 0xD83A, 0xDD35, 0xD83A, 0xDD33, 0xD83A, 0xDD3C, 0xD83A, 0xDD2B, 0xD83A, 0xDD45, 0xD83A, 0xDD2A, 0xD83A, 0xDD2B));
				case 255: return String(CharArray::of(0xD83A, 0xDD10, 0xD83A, 0xDD2D, 0xD83A, 0xDD28, 0xD83A, 0xDD2E, 0xD83A, 0xDD32, 0xD83A, 0xDD2A, 0xD83A, 0xDD2B));
				case 257: return String(CharArray::of(0xD83A, 0xDD02, 0xD83A, 0xDD2E, 0xD83A, 0xDD36, 0xD83A, 0xDD26, 0xD83A, 0xDD22, 0xD83A, 0xDD32, 0xD83A, 0xDD2A, 0xD83A, 0xDD2B));
				case 258: return String(CharArray::of(0xD83A, 0xDD10, 0xD83A, 0xDD3A, 0xD83A, 0xDD2E, 0xD83A, 0xDD25, 0xD83A, 0xDD26, 0xD83A, 0xDD22, 0xD83A, 0xDD44, 0xD83A, 0xDD2A, 0xD83A, 0xDD2B));
				case 260: return String(CharArray::of(0xD83A, 0xDD03, 0xD83A, 0xDD22, 0xD83A, 0xDD33, 0xD83A, 0xDD22, 0xD83A, 0xDD25, 0xD83A, 0xDD2B, 0xD83A, 0xDD45, 0xD83A, 0xDD2A, 0xD83A, 0xDD2B));
				case 264: return String(CharArray::of(0xD83A, 0xDD14, 0xD83A, 0xDD22, 0xD83A, 0xDD44, 0xD83A, 0xDD31, 0xD83A, 0xDD22, 0xD83A, 0xDD2B, 0xD83A, 0xDD45, 0xD83A, 0xDD2A, 0xD83A, 0xDD2B));
				case 265: return String(CharArray::of(0xD83A, 0xDD14, 0xD83A, 0xDD2E, 0xD83A, 0xDD45, 0xD83A, 0xDD2A, 0xD83A, 0xDD41, 0xD83A, 0xDD2D, 0xD83A, 0xDD34, 0xD83A, 0xDD22, 0xD83A, 0xDD32, 0xD83A, 0xDD2A, 0xD83A, 0xDD2B));
				case 267: return String(CharArray::of(0xD83A, 0xDD11, 0xD83A, 0xDD22, 0xD83A, 0xDD26, 0xD83A, 0xDD2D, 0xD83A, 0xDD24, 0xD83A, 0xDD2D, 0xD83A, 0xDD45, 0xD83A, 0xDD2A, 0xD83A, 0xDD2B));
				case 268: return String(CharArray::of(0xD83A, 0xDD11, 0xD83A, 0xDD22, 0xD83A, 0xDD27, 0xD83A, 0xDD2D, 0xD83A, 0xDD32, 0xD83A, 0xDD2A, 0xD83A, 0xDD2B));
				case 269: return String(CharArray::of(0xD83A, 0xDD11, 0xD83A, 0xDD22, 0xD83A, 0xDD36, 0xD83A, 0xDD2B, 0xD83A, 0xDD45, 0xD83A, 0xDD2A, 0xD83A, 0xDD2B));
				case 270: return String(CharArray::of(0xD83A, 0xDD11, 0xD83A, 0xDD22, 0xD83A, 0xDD25, 0xD83A, 0xDD26, 0xD83A, 0xDD22, 0xD83A, 0xDD44, 0xD83A, 0xDD2A, 0xD83A, 0xDD2B));
				case 272: return String(CharArray::of(0xD83A, 0xDD11, 0xD83A, 0xDD22, 0xD83A, 0xDD26, 0xD83A, 0xDD22, 0xD83A, 0xDD2A, 0xD83A, 0xDD23, 0xD83A, 0xDD2D, 0xD83A, 0xDD34, 0xD83A, 0xDD22, 0xD83A, 0xDD32, 0xD83A, 0xDD2A, 0xD83A, 0xDD2B));
				case 274: return String(CharArray::of(0xD83A, 0xDD1A, 0xD83A, 0xDD35, 0xD83A, 0xDD34, 0xD83A, 0xDD22, 0xD83A, 0xDD28, 0xD83A, 0xDD35, 0xD83A, 0xDD45, 0xD83A, 0xDD2A, 0xD83A, 0xDD2B));
				case 275: return String(CharArray::of(0xD83A, 0xDD03, 0xD83A, 0xDD22, 0xD83A, 0xDD33, 0xD83A, 0xDD2E, 0xD83A, 0xDD32, 0xD83A, 0xDD23, 0xD83A, 0xDD2B, 0xD83A, 0xDD45, 0xD83A, 0xDD2A, 0xD83A, 0xDD2B));
				case 276: return String(CharArray::of(0xD83A, 0xDD11, 0xD83A, 0xDD22, 0xD83A, 0xDD26, 0xD83A, 0xDD35, 0xD83A, 0xDD3E, 0xD83A, 0xDD2B, 0xD83A, 0xDD2A, 0xD83A, 0xDD23, 0xD83A, 0xDD2D, 0xD83A, 0xDD34, 0xD83A, 0xDD22, 0xD83A, 0xDD32, 0xD83A, 0xDD2A, 0xD83A, 0xDD2B));
				case 278: return String(CharArray::of(0xD83A, 0xDD11, 0xD83A, 0xDD2E, 0xD83A, 0xDD2A, 0xD83A, 0xDD2E, 0xD83A, 0xDD45, 0xD83A, 0xDD2A, 0xD83A, 0xDD2B));
				case 280: return String(CharArray::of(0xD83A, 0xDD11, 0xD83A, 0xDD22, 0xD83A, 0xDD2D, 0xD83A, 0xDD32, 0xD83A, 0xDD3A, 0xD83A, 0xDD22, 0xD83A, 0xDD32, 0xD83A, 0xDD3A, 0xD83A, 0xDD2A, 0xD83A, 0xDD2B));
				case 281: return String(CharArray::of(0xD83A, 0xDD1D, 0xD83A, 0xDD22, 0xD83A, 0xDD27, 0xD83A, 0xDD2D, 0xD83A, 0xDD45, 0xD83A, 0xDD2A, 0xD83A, 0xDD2B));
				case 283: return String(CharArray::of(0xD83A, 0xDD11, 0xD83A, 0xDD2E, 0xD83A, 0xDD34, 0xD83A, 0xDD2A, 0xD83A, 0xDD22, 0xD83A, 0xDD37, 0xD83A, 0xDD2D, 0xD83A, 0xDD32, 0xD83A, 0xDD2A, 0xD83A, 0xDD2B));
				case 285: return String(CharArray::of(0xD83A, 0xDD11, 0xD83A, 0xDD2D, 0xD83A, 0xDD33, 0xD83A, 0xDD35, 0xD83A, 0xDD34, 0xD83A, 0xDD35, 0xD83A, 0xDD45, 0xD83A, 0xDD2A, 0xD83A, 0xDD2B));
				case 287: return String(CharArray::of(0xD83A, 0xDD11, 0xD83A, 0xDD35, 0xD83A, 0xDD22, 0xD83A, 0xDD3B, 0xD83A, 0xDD22, 0xD83A, 0xDD25, 0xD83A, 0xDD22, 0xD83A, 0xDD44, 0xD83A, 0xDD2A, 0xD83A, 0xDD2B));
				case 288: return String(CharArray::of(0xD83A, 0xDD11, 0xD83A, 0xDD22, 0xD83A, 0xDD41, 0xD83A, 0xDD22, 0xD83A, 0xDD33, 0xD83A, 0xDD2A, 0xD83A, 0xDD2B));
				case 289: return String(CharArray::of(0xD83A, 0xDD11, 0xD83A, 0xDD22, 0xD83A, 0xDD33, 0xD83A, 0xDD2E, 0xD83A, 0xDD45, 0xD83A, 0xDD2A, 0xD83A, 0xDD2B));
				case 290: return String(CharArray::of(0xD83A, 0xDD11, 0xD83A, 0xDD22, 0xD83A, 0xDD24, 0xD83A, 0xDD22, 0xD83A, 0xDD44, 0xD83A, 0xDD24, 0xD83A, 0xDD27, 0xD83A, 0xDD35, 0xD83A, 0xDD3C, 0xD83A, 0xDD2A, 0xD83A, 0xDD2B));
				case 291: return String(CharArray::of(0xD83A, 0xDD11, 0xD83A, 0xDD22, 0xD83A, 0xDD24, 0xD83A, 0xDD2B, 0xD83A, 0xDD32, 0xD83A, 0xDD36, 0xD83A, 0xDD2D, 0xD83A, 0xDD32, 0xD83A, 0xDD2A, 0xD83A, 0xDD2B));
				case 292: return String(CharArray::of(0xD83A, 0xDD11, 0xD83A, 0xDD35, 0xD83A, 0xDD25, 0xD83A, 0xDD22, 0xD83A, 0xDD34, 0xD83A, 0xDD2A, 0xD83A, 0xDD2B));
				case 293: return String(CharArray::of(0xD83A, 0xDD11, 0xD83A, 0xDD2D, 0xD83A, 0xDD25, 0xD83A, 0xDD26, 0xD83A, 0xDD35, 0xD83A, 0xDD32, 0xD83A, 0xDD23, 0xD83A, 0xDD35, 0xD83A, 0xDD45, 0xD83A, 0xDD2A, 0xD83A, 0xDD2B));
				case 294: return String(CharArray::of(0xD83A, 0xDD11, 0xD83A, 0xDD22, 0xD83A, 0xDD32, 0xD83A, 0xDD46, 0xD83A, 0xDD22, 0xD83A, 0xDD23, 0xD83A, 0xDD22, 0xD83A, 0xDD44, 0xD83A, 0xDD2A, 0xD83A, 0xDD2B));
				case 295: return String(CharArray::of(0xD83A, 0xDD11, 0xD83A, 0xDD2E, 0xD83A, 0xDD45, 0xD83A, 0xDD2A, 0xD83A, 0xDD2B, 0xD83A, 0xDD34, 0xD83A, 0xDD22, 0xD83A, 0xDD32, 0xD83A, 0xDD2A, 0xD83A, 0xDD2B));
				case 297: return String(CharArray::of(0xD83A, 0xDD11, 0xD83A, 0xDD2E, 0xD83A, 0xDD32, 0xD83A, 0xDD33, 0xD83A, 0xDD22, 0xD83A, 0xDD32, 0xD83A, 0xDD2D, 0xD83A, 0xDD45, 0xD83A, 0xDD2A, 0xD83A, 0xDD2B));
				case 299: return String(CharArray::of(0xD83A, 0xDD18, 0xD83A, 0xDD2B, 0xD83A, 0xDD2A, 0xD83A, 0xDD27, 0xD83A, 0xDD2B, 0xD83A, 0xDD45, 0xD83A, 0xDD2A, 0xD83A, 0xDD2B));
				case 300: return String(CharArray::of(0xD83A, 0xDD11, 0xD83A, 0xDD2E, 0xD83A, 0xDD45, 0xD83A, 0xDD24, 0xD83A, 0xDD2B, 0xD83A, 0xDD45, 0xD83A, 0xDD2A, 0xD83A, 0xDD2B));
				case 301: return String(CharArray::of(0xD83A, 0xDD11, 0xD83A, 0xDD22, 0xD83A, 0xDD2A, 0xD83A, 0xDD22, 0xD83A, 0xDD27, 0xD83A, 0xDD22, 0xD83A, 0xDD34, 0x2D, 0xD83A, 0xDD04, 0xD83A, 0xDD22, 0xD83A, 0xDD24, 0xD83A, 0xDD33, 0xD83A, 0xDD22, 0xD83A, 0xDD44, 0xD83A, 0xDD2A, 0xD83A, 0xDD2B));
				case 304: return String(CharArray::of(0xD83A, 0xDD11, 0xD83A, 0xDD22, 0xD83A, 0xDD2A, 0xD83A, 0xDD2B, 0xD83A, 0xDD24, 0xD83A, 0xDD2D, 0xD83A, 0xDD22, 0xD83A, 0xDD32, 0xD83A, 0xDD2A, 0xD83A, 0xDD2B));
				case 305: return String(CharArray::of(0xD83A, 0xDD11, 0xD83A, 0xDD35, 0xD83A, 0xDD2A, 0xD83A, 0xDD35, 0xD83A, 0xDD3F, 0xD83A, 0xDD35, 0xD83A, 0xDD45, 0xD83A, 0xDD2A, 0xD83A, 0xDD2B));
				case 306: return String(CharArray::of(0xD83A, 0xDD11, 0xD83A, 0xDD22, 0xD83A, 0xDD43, 0xD83A, 0xDD25, 0xD83A, 0xDD2D, 0xD83A, 0xDD45, 0xD83A, 0xDD2A, 0xD83A, 0xDD2B));
				case 307: return String(CharArray::of(0xD83A, 0xDD05, 0xD83A, 0xDD22, 0xD83A, 0xDD25, 0xD83A, 0xDD26, 0xD83A, 0xDD22, 0xD83A, 0xDD24, 0xD83A, 0xDD22, 0xD83A, 0xDD44, 0xD83A, 0xDD2A, 0xD83A, 0xDD2B));
				case 308: return String(CharArray::of(0xD83A, 0xDD04, 0xD83A, 0xDD22, 0xD83A, 0xDD2C, 0xD83A, 0xDD2D, 0xD83A, 0xDD34, 0xD83A, 0xDD22, 0xD83A, 0xDD44, 0xD83A, 0xDD2A, 0xD83A, 0xDD2B));
				case 309: return String(CharArray::of(0xD83A, 0xDD11, 0xD83A, 0xDD2E, 0xD83A, 0xDD24, 0xD83A, 0xDD2E, 0xD83A, 0xDD3A, 0xD83A, 0xDD32, 0xD83A, 0xDD2D, 0xD83A, 0xDD34, 0xD83A, 0xDD22, 0xD83A, 0xDD32, 0xD83A, 0xDD2A, 0xD83A, 0xDD2B));
				case 310: return String(CharArray::of(0xD83A, 0xDD11, 0xD83A, 0xDD35, 0xD83A, 0xDD2A, 0xD83A, 0xDD23, 0xD83A, 0xDD2D, 0xD83A, 0xDD27, 0xD83A, 0xDD2D, 0xD83A, 0xDD45, 0xD83A, 0xDD2A, 0xD83A, 0xDD2B));
				case 311: return String(CharArray::of(0xD83A, 0xDD11, 0xD83A, 0xDD35, 0xD83A, 0xDD25, 0xD83A, 0xDD34, 0xD83A, 0xDD22, 0xD83A, 0xDD33, 0xD83A, 0xDD2A, 0xD83A, 0xDD2B));
				case 313: return String(CharArray::of(0xD83A, 0xDD11, 0xD83A, 0xDD2E, 0xD83A, 0xDD25, 0xD83A, 0xDD2D, 0xD83A, 0xDD45, 0xD83A, 0xDD2A, 0xD83A, 0xDD2B));
				case 314: return String(CharArray::of(0xD83A, 0xDD11, 0xD83A, 0xDD2E, 0xD83A, 0xDD2A, 0xD83A, 0xDD32, 0xD83A, 0xDD2D, 0xD83A, 0xDD45, 0xD83A, 0xDD2A, 0xD83A, 0xDD2B));
				case 315: return String(CharArray::of(0xD83A, 0xDD11, 0xD83A, 0xDD22, 0xD83A, 0xDD31, 0xD83A, 0xDD33, 0xD83A, 0xDD47, 0xD83A, 0xDD31, 0xD83A, 0xDD22, 0xD83A, 0xDD24, 0xD83A, 0xDD22, 0xD83A, 0xDD44, 0xD83A, 0xDD2A, 0xD83A, 0xDD2B));
				case 317: return String(CharArray::of(0xD83A, 0xDD11, 0xD83A, 0xDD2D, 0xD83A, 0xDD2A, 0xD83A, 0xDD3A, 0xD83A, 0xDD35, 0xD83A, 0xDD45, 0xD83A, 0xDD2A, 0xD83A, 0xDD2B));
				case 318: return String(CharArray::of(0xD83A, 0xDD02, 0xD83A, 0xDD22, 0xD83A, 0xDD3C, 0xD83A, 0xDD2B, 0xD83A, 0xDD32, 0xD83A, 0xDD2A, 0xD83A, 0xDD2B));
				case 319: return String(CharArray::of(0xD83A, 0xDD02, 0xD83A, 0xDD22, 0xD83A, 0xDD23, 0xD83A, 0xDD2D, 0xD83A, 0xDD32, 0xD83A, 0xDD2E, 0xD83A, 0xDD45, 0xD83A, 0xDD2A, 0xD83A, 0xDD2B));
				case 320: return String(CharArray::of(0xD83A, 0xDD02, 0xD83A, 0xDD22, 0xD83A, 0xDD32, 0xD83A, 0xDD3A, 0xD83A, 0xDD2D, 0xD83A, 0xDD45, 0xD83A, 0xDD2A, 0xD83A, 0xDD2B));
				case 323: return String(CharArray::of(0xD83A, 0xDD02, 0xD83A, 0xDD35, 0xD83A, 0xDD41, 0xD83A, 0xDD2B, 0xD83A, 0xDD32, 0xD83A, 0xDD26, 0xD83A, 0xDD35, 0xD83A, 0xDD45, 0xD83A, 0xDD2A, 0xD83A, 0xDD3A, 0xD83A, 0xDD2D, 0xD83A, 0xDD27, 0xD83A, 0xDD2A, 0xD83A, 0xDD2B));
				case 324: return String(CharArray::of(0xD83A, 0xDD02, 0xD83A, 0xDD2B, 0xD83A, 0xDD41, 0xD83A, 0xDD3A, 0xD83A, 0xDD2D, 0xD83A, 0xDD34, 0xD83A, 0xDD22, 0xD83A, 0xDD32, 0xD83A, 0xDD2A, 0xD83A, 0xDD2B));
				case 326: return String(CharArray::of(0xD83A, 0xDD18, 0xD83A, 0xDD22, 0xD83A, 0xDD32, 0xD83A, 0xDD23, 0xD83A, 0xDD22, 0xD83A, 0xDD44, 0xD83A, 0xDD2A, 0xD83A, 0xDD2B));
				case 327: return String(CharArray::of(0xD83A, 0xDD02, 0xD83A, 0xDD2D, 0xD83A, 0xDD25, 0xD83A, 0xDD26, 0xD83A, 0xDD35, 0xD83A, 0xDD2A, 0xD83A, 0xDD3A, 0xD83A, 0xDD35, 0xD83A, 0xDD27, 0xD83A, 0xDD2A, 0xD83A, 0xDD2B));
				case 328: return String(CharArray::of(0xD83A, 0xDD02, 0xD83A, 0xDD33, 0xD83A, 0xDD2D, 0xD83A, 0xDD3A, 0xD83A, 0xDD35, 0xD83A, 0xDD45, 0xD83A, 0xDD2A, 0xD83A, 0xDD2B));
				case 329: return String(CharArray::of(0xD83A, 0xDD02, 0xD83A, 0xDD2D, 0xD83A, 0xDD24, 0xD83A, 0xDD46, 0xD83A, 0xDD2E, 0xD83A, 0xDD45, 0xD83A, 0xDD2B, 0xD83A, 0xDD3C, 0xD83A, 0xDD2A, 0xD83A, 0xDD2B));
				case 331: return String(CharArray::of(0xD83A, 0xDD02, 0xD83A, 0xDD22, 0xD83A, 0xDD33, 0xD83A, 0xDD2E, 0xD83A, 0xDD3C, 0xD83A, 0xDD22, 0xD83A, 0xDD44, 0xD83A, 0xDD2A, 0xD83A, 0xDD2B));
				case 333: return String(CharArray::of(0xD83A, 0xDD02, 0xD83A, 0xDD2E, 0xD83A, 0xDD25, 0xD83A, 0xDD26, 0xD83A, 0xDD22, 0xD83A, 0xDD2A, 0xD83A, 0xDD23, 0xD83A, 0xDD2B));
				case 334: return String(CharArray::of(0xD83A, 0xDD02, 0xD83A, 0xDD2D, 0xD83A, 0xDD32, 0xD83A, 0xDD3A, 0xD83A, 0xDD22, 0xD83A, 0xDD24, 0xD83A, 0xDD22, 0xD83A, 0xDD44, 0xD83A, 0xDD2A, 0xD83A, 0xDD2B));
				case 335: return String(CharArray::of(0xD83A, 0xDD02, 0xD83A, 0xDD22, 0xD83A, 0xDD2E, 0xD83A, 0xDD45, 0xD83A, 0xDD2A, 0xD83A, 0xDD2B));
				case 337: return String(CharArray::of(0xD83A, 0xDD00, 0xD83A, 0xDD33, 0xD83A, 0xDD35, 0xD83A, 0xDD45, 0xD83A, 0xDD2A, 0xD83A, 0xDD2B, 0x20, 0xD83A, 0xDD02, 0xD83A, 0xDD35, 0xD83A, 0xDD45, 0xD83A, 0xDD41, 0xD83A, 0xDD2D, 0xD83A, 0xDD34, 0xD83A, 0xDD22, 0xD83A, 0xDD44, 0xD83A, 0xDD32, 0xD83A, 0xDD22));
				case 338: return String(CharArray::of(0xD83A, 0xDD02, 0xD83A, 0xDD2E, 0xD83A, 0xDD41, 0xD83A, 0xDD2D, 0xD83A, 0xDD45, 0xD83A, 0xDD2A, 0xD83A, 0xDD2B));
				case 339: return String(CharArray::of(0xD83A, 0xDD02, 0xD83A, 0xDD35, 0xD83A, 0xDD2A, 0xD83A, 0xDD2D, 0xD83A, 0xDD45, 0xD83A, 0xDD2A, 0xD83A, 0xDD2B, 0x20, 0xD83A, 0xDD10, 0xD83A, 0xDD22, 0xD83A, 0xDD32, 0xD83A, 0xDD46, 0xD83A, 0xDD22, 0xD83A, 0xDD44, 0xD83A, 0xDD32, 0xD83A, 0xDD3A, 0xD83A, 0xDD2B, 0xD83A, 0xDD45, 0xD83A, 0xDD2A, 0xD83A, 0xDD2B));
				case 340: return String(CharArray::of(0xD83A, 0xDD05, 0xD83A, 0xDD22, 0xD83A, 0xDD44, 0xD83A, 0xDD25, 0xD83A, 0xDD2D, 0xD83A, 0xDD22, 0xD83A, 0xDD44, 0xD83A, 0xDD2A, 0xD83A, 0xDD2B));
				case 341: return String(CharArray::of(0xD83A, 0xDD02, 0xD83A, 0xDD2D, 0xD83A, 0xDD3C, 0xD83A, 0xDD2E, 0xD83A, 0xDD32, 0xD83A, 0xDD2D, 0xD83A, 0xDD34, 0xD83A, 0xDD22, 0xD83A, 0xDD32, 0xD83A, 0xDD2A, 0xD83A, 0xDD2B));
				case 343: return String(CharArray::of(0xD83A, 0xDD02, 0xD83A, 0xDD35, 0xD83A, 0xDD26, 0xD83A, 0xDD22, 0x2D, 0xD83A, 0xDD11, 0xD83A, 0xDD22, 0xD83A, 0xDD3C, 0xD83A, 0xDD22, 0xD83A, 0xDD32, 0xD83A, 0xDD3A, 0xD83A, 0xDD22, 0xD83A, 0xDD44, 0xD83A, 0xDD2A, 0xD83A, 0xDD2B));
				case 344: return String(CharArray::of(0xD83A, 0xDD02, 0xD83A, 0xDD35, 0xD83A, 0xDD26, 0xD83A, 0xDD22, 0x20, 0xD83A, 0xDD11, 0xD83A, 0xDD22, 0xD83A, 0xDD27, 0xD83A, 0xDD22, 0xD83A, 0xDD2D, 0xD83A, 0xDD2A, 0xD83A, 0xDD2B));
				case 346: return String(CharArray::of(0xD83A, 0xDD02, 0xD83A, 0xDD35, 0xD83A, 0xDD32, 0xD83A, 0xDD23, 0xD83A, 0xDD22, 0xD83A, 0xDD44, 0xD83A, 0xDD2A, 0xD83A, 0xDD2B));
				case 347: return String(CharArray::of(0xD83A, 0xDD02, 0xD83A, 0xDD35, 0xD83A, 0xDD2E, 0xD83A, 0xDD45, 0xD83A, 0xDD2A, 0xD83A, 0xDD2B));
				case 348: return String(CharArray::of(0xD83A, 0xDD03, 0xD83A, 0xDD2D, 0xD83A, 0xDD27, 0xD83A, 0xDD2E, 0xD83A, 0xDD45, 0xD83A, 0xDD2A, 0xD83A, 0xDD2B));
				case 349: return String(CharArray::of(0xD83A, 0xDD02, 0xD83A, 0xDD35, 0xD83A, 0xDD34, 0xD83A, 0xDD2D, 0xD83A, 0xDD22, 0xD83A, 0xDD44, 0xD83A, 0xDD2A, 0xD83A, 0xDD2B));
				case 350: return String(CharArray::of(0xD83A, 0xDD02, 0xD83A, 0xDD22, 0xD83A, 0xDD3C, 0xD83A, 0xDD3E, 0xD83A, 0xDD2D, 0xD83A, 0xDD34, 0xD83A, 0xDD22, 0xD83A, 0xDD32, 0xD83A, 0xDD2A, 0xD83A, 0xDD2B));
				case 353: return String(CharArray::of(0xD83A, 0xDD03, 0xD83A, 0xDD22, 0xD83A, 0xDD23, 0xD83A, 0xDD35, 0xD83A, 0xDD2A, 0xD83A, 0xDD2B, 0xD83A, 0xDD45, 0xD83A, 0xDD2A, 0xD83A, 0xDD2B));
				case 355: return String(CharArray::of(0xD83A, 0xDD03, 0xD83A, 0xDD22, 0xD83A, 0xDD3A, 0xD83A, 0xDD22, 0xD83A, 0xDD38, 0xD83A, 0xDD2D, 0xD83A, 0xDD45, 0xD83A, 0xDD2A, 0xD83A, 0xDD2B));
				case 356: return String(CharArray::of(0xD83A, 0xDD03, 0xD83A, 0xDD22, 0xD83A, 0xDD34, 0xD83A, 0xDD2D, 0xD83A, 0xDD3C, 0xD83A, 0xDD2D, 0xD83A, 0xDD24, 0xD83A, 0xDD2D, 0xD83A, 0xDD45, 0xD83A, 0xDD2A, 0xD83A, 0xDD2B));
				case 357: return String(CharArray::of(0xD83A, 0xDD03, 0xD83A, 0xDD22, 0xD83A, 0xDD33, 0xD83A, 0xDD22, 0xD83A, 0xDD27, 0xD83A, 0xDD22, 0xD83A, 0xDD2A, 0xD83A, 0xDD22, 0xD83A, 0xDD44, 0xD83A, 0xDD2A, 0xD83A, 0xDD2B));
				case 359: return String(CharArray::of(0xD83A, 0xDD03, 0xD83A, 0xDD22, 0xD83A, 0xDD27, 0xD83A, 0xDD22, 0xD83A, 0xDD34, 0xD83A, 0xDD2D, 0xD83A, 0xDD45, 0xD83A, 0xDD2A, 0xD83A, 0xDD2B));
				case 361: return String(CharArray::of(0xD83A, 0xDD03, 0xD83A, 0xDD2E, 0xD83A, 0xDD33, 0xD83A, 0xDD27, 0xD83A, 0xDD22, 0xD83A, 0xDD32, 0xD83A, 0xDD33, 0xD83A, 0xDD2E, 0xD83A, 0xDD45, 0xD83A, 0xDD2A, 0xD83A, 0xDD2B));
				case 363: return String(CharArray::of(0xD83A, 0xDD03, 0xD83A, 0xDD2B, 0xD83A, 0xDD32, 0xD83A, 0xDD23, 0xD83A, 0xDD2B, 0xD83A, 0xDD45, 0xD83A, 0xDD2A, 0xD83A, 0xDD2B));
				case 364: return String(CharArray::of(0xD83A, 0xDD03, 0xD83A, 0xDD2B, 0xD83A, 0xDD2A, 0xD83A, 0xDD35, 0xD83A, 0xDD45, 0xD83A, 0xDD2A, 0xD83A, 0xDD2B));
				case 365: return String(CharArray::of(0xD83A, 0xDD03, 0xD83A, 0xDD2E, 0xD83A, 0xDD2A, 0xD83A, 0xDD2D, 0xD83A, 0xDD45, 0xD83A, 0xDD27, 0xD83A, 0xDD2D, 0xD83A, 0xDD32, 0xD83A, 0xDD33, 0xD83A, 0xDD2E, 0xD83A, 0xDD45, 0xD83A, 0xDD2A, 0xD83A, 0xDD2B));
				case 366: return String(CharArray::of(0xD83A, 0xDD03, 0xD83A, 0xDD22, 0xD83A, 0xDD24, 0xD83A, 0xDD22, 0xD83A, 0xDD3A, 0xD83A, 0xDD22, 0xD83A, 0xDD27, 0xD83A, 0xDD2D, 0xD83A, 0xDD45, 0xD83A, 0xDD2A, 0xD83A, 0xDD2B));
				case 368: return String(CharArray::of(0xD83A, 0xDD03, 0xD83A, 0xDD22, 0xD83A, 0xDD33, 0xD83A, 0xDD35, 0xD83A, 0xDD31, 0xD83A, 0xDD22, 0xD83A, 0xDD44, 0xD83A, 0xDD2A, 0xD83A, 0xDD2B));
				case 369: return String(CharArray::of(0xD83A, 0xDD03, 0xD83A, 0xDD2B, 0xD83A, 0xDD3C, 0xD83A, 0xDD22, 0xD83A, 0xDD44, 0xD83A, 0xDD2A, 0xD83A, 0xDD2B));
				case 370: return String(CharArray::of(0xD83A, 0xDD03, 0xD83A, 0xDD22, 0xD83A, 0xDD2A, 0xD83A, 0xDD27, 0xD83A, 0xDD22, 0xD83A, 0xDD24, 0xD83A, 0xDD2B, 0xD83A, 0xDD45, 0xD83A, 0xDD2A, 0xD83A, 0xDD2B));
				case 372: return String(CharArray::of(0xD83A, 0xDD03, 0xD83A, 0xDD22, 0xD83A, 0xDD44, 0xD83A, 0xDD2E, 0xD83A, 0xDD2A, 0xD83A, 0xDD2D, 0xD83A, 0xDD45, 0xD83A, 0xDD2A, 0xD83A, 0xDD2B));
				case 373: return String(CharArray::of(0xD83A, 0xDD03, 0xD83A, 0xDD2D, 0xD83A, 0xDD33, 0xD83A, 0xDD25, 0xD83A, 0xDD22, 0xD83A, 0xDD39, 0xD83A, 0xDD35, 0xD83A, 0xDD45, 0xD83A, 0xDD2A, 0xD83A, 0xDD2B));
				case 374: return String(CharArray::of(0xD83A, 0xDD03, 0xD83A, 0xDD2D, 0xD83A, 0xDD32, 0xD83A, 0xDD22, 0xD83A, 0xDD32, 0xD83A, 0xDD3A, 0xD83A, 0xDD33, 0xD83A, 0xDD22, 0xD83A, 0xDD26, 0xD83A, 0xDD22, 0xD83A, 0xDD35, 0xD83A, 0xDD45, 0xD83A, 0xDD2A, 0xD83A, 0xDD2B));
				case 375: return String(CharArray::of(0xD83A, 0xDD03, 0xD83A, 0xDD22, 0xD83A, 0xDD27, 0xD83A, 0xDD2B, 0xD83A, 0xDD23, 0xD83A, 0xDD2E, 0xD83A, 0xDD32, 0xD83A, 0xDD2D, 0xD83A, 0xDD32, 0xD83A, 0xDD33, 0xD83A, 0xDD2E, 0xD83A, 0xDD45, 0xD83A, 0xDD2A, 0xD83A, 0xDD2B));
				case 376: return String(CharArray::of(0xD83A, 0xDD03, 0xD83A, 0xDD22, 0xD83A, 0xDD24, 0xD83A, 0xDD22, 0xD83A, 0xDD34, 0xD83A, 0xDD22, 0xD83A, 0xDD24, 0xD83A, 0xDD22, 0xD83A, 0xDD25, 0xD83A, 0xDD2A, 0xD83A, 0xDD2B));
				case 377: return String(CharArray::of(0xD83A, 0xDD03, 0xD83A, 0xDD2E, 0xD83A, 0xDD32, 0xD83A, 0xDD3A, 0xD83A, 0xDD2E, 0xD83A, 0xDD24, 0xD83A, 0xDD2D, 0xD83A, 0xDD32, 0xD83A, 0xDD33, 0xD83A, 0xDD2E, 0xD83A, 0xDD45, 0xD83A, 0xDD2A, 0xD83A, 0xDD2B));
				case 379: return String(CharArray::of(0xD83A, 0xDD03, 0xD83A, 0xDD22, 0xD83A, 0xDD32, 0xD83A, 0xDD2D, 0xD83A, 0xDD28, 0xD83A, 0xDD35, 0xD83A, 0xDD45, 0xD83A, 0xDD2A, 0xD83A, 0xDD2B));
				case 380: return String(CharArray::of(0xD83A, 0xDD0B, 0xD83A, 0xDD32, 0xD83A, 0xDD46, 0xD83A, 0xDD35, 0x2D, 0xD83A, 0xDD22, 0xD83A, 0xDD34, 0xD83A, 0xDD25, 0xD83A, 0xDD35, 0xD83A, 0xDD32, 0xD83A, 0xDD2A, 0xD83A, 0xDD2B));
				case 381: return String(CharArray::of(0xD83A, 0xDD03, 0xD83A, 0xDD2E, 0xD83A, 0xDD45, 0xD83A, 0xDD38, 0xD83A, 0xDD22, 0xD83A, 0xDD32, 0xD83A, 0xDD33, 0xD83A, 0xDD2E, 0xD83A, 0xDD45, 0xD83A, 0xDD2A, 0xD83A, 0xDD2B));
				case 382: return String(CharArray::of(0xD83A, 0xDD03, 0xD83A, 0xDD2E, 0xD83A, 0xDD45, 0xD83A, 0xDD27, 0xD83A, 0xDD2D, 0xD83A, 0xDD45, 0xD83A, 0xDD2A, 0xD83A, 0xDD2B));
				case 383: return String(CharArray::of(0xD83A, 0xDD03, 0xD83A, 0xDD22, 0xD83A, 0xDD2A, 0xD83A, 0xDD22, 0xD83A, 0xDD3C, 0xD83A, 0xDD2D, 0xD83A, 0xDD45, 0xD83A, 0xDD2A, 0xD83A, 0xDD2B));
				case 385: return String(CharArray::of(0xD83A, 0xDD03, 0xD83A, 0xDD22, 0xD83A, 0xDD24, 0xD83A, 0xDD2B, 0xD83A, 0xDD45, 0xD83A, 0xDD2A, 0xD83A, 0xDD2B));
				case 386: return String(CharArray::of(0xD83A, 0xDD03, 0xD83A, 0xDD22, 0xD83A, 0xDD24, 0xD83A, 0xDD3C, 0xD83A, 0xDD2D, 0xD83A, 0xDD32, 0xD83A, 0xDD33, 0xD83A, 0xDD2E, 0xD83A, 0xDD45, 0xD83A, 0xDD2A, 0xD83A, 0xDD2B));
				case 387: return String(CharArray::of(0xD83A, 0xDD03, 0xD83A, 0xDD35, 0xD83A, 0xDD32, 0xD83A, 0xDD23, 0xD83A, 0xDD22, 0xD83A, 0xDD32, 0xD83A, 0xDD2A, 0xD83A, 0xDD2B));
				case 388: return String(CharArray::of(0xD83A, 0xDD0D, 0xD83A, 0xDD2B, 0xD83A, 0xDD32, 0xD83A, 0xDD2F, 0xD83A, 0xDD2B, 0x20, 0xD83A, 0xDD05, 0xD83A, 0xDD2B, 0xD83A, 0xDD2A, 0xD83A, 0xDD3C, 0xD83A, 0xDD35, 0xD83A, 0xDD2F, 0xD83A, 0xDD2B));
				case 389: return String(CharArray::of(0xD83A, 0xDD03, 0xD83A, 0xDD35, 0xD83A, 0xDD27, 0xD83A, 0xDD33, 0xD83A, 0xDD2E, 0xD83A, 0xDD33, 0xD83A, 0xDD2D, 0xD83A, 0xDD45, 0xD83A, 0xDD2A, 0xD83A, 0xDD2B));
				case 390: return String(CharArray::of(0xD83A, 0xDD03, 0xD83A, 0xDD2D, 0xD83A, 0xDD2A, 0xD83A, 0xDD22, 0xD83A, 0xDD32, 0xD83A, 0xDD23, 0xD83A, 0xDD2B, 0xD83A, 0xDD45, 0xD83A, 0xDD2A, 0xD83A, 0xDD2B));
				case 393: return String(CharArray::of(0xD83A, 0xDD04, 0xD83A, 0xDD35, 0xD83A, 0xDD2A, 0xD83A, 0xDD25, 0xD83A, 0xDD22, 0xD83A, 0xDD44, 0xD83A, 0xDD2A, 0xD83A, 0xDD2B));
				case 395: return String(CharArray::of(0xD83A, 0xDD09, 0xD83A, 0xDD2A, 0xD83A, 0xDD36, 0xD83A, 0xDD2D, 0xD83A, 0xDD34, 0xD83A, 0xDD22, 0xD83A, 0xDD32, 0xD83A, 0xDD2A, 0xD83A, 0xDD2B));
				case 396: return String(CharArray::of(0xD83A, 0xDD03, 0xD83A, 0xDD22, 0xD83A, 0xDD41, 0xD83A, 0xDD22, 0xD83A, 0xDD32, 0xD83A, 0xDD23, 0xD83A, 0xDD2B, 0xD83A, 0xDD2A, 0xD83A, 0xDD22, 0xD83A, 0xDD32, 0xD83A, 0xDD2D, 0xD83A, 0xDD45, 0xD83A, 0xDD2A, 0xD83A, 0xDD2B));
				case 397: return String(CharArray::of(0xD83A, 0xDD10, 0xD83A, 0xDD22, 0xD83A, 0xDD31, 0xD83A, 0xDD35, 0xD83A, 0xDD2A, 0xD83A, 0xDD35, 0xD83A, 0xDD32, 0xD83A, 0xDD33, 0xD83A, 0xDD2E, 0xD83A, 0xDD45, 0xD83A, 0xDD2A, 0xD83A, 0xDD2B));
				case 399: return String(CharArray::of(0xD83A, 0xDD10, 0xD83A, 0xDD22, 0xD83A, 0xDD44, 0xD83A, 0xDD28, 0xD83A, 0xDD2E, 0xD83A, 0xDD24, 0xD83A, 0xDD2D, 0xD83A, 0xDD32, 0xD83A, 0xDD33, 0xD83A, 0xDD2E, 0xD83A, 0xDD45, 0xD83A, 0xDD2A, 0xD83A, 0xDD2B));
				case 400: return String(CharArray::of(0xD83A, 0xDD10, 0xD83A, 0xDD22, 0xD83A, 0xDD25, 0xD83A, 0xDD22, 0xD83A, 0xDD44, 0xD83A, 0xDD2A, 0xD83A, 0xDD2B));
				case 401: return String(CharArray::of(0xD83A, 0xDD10, 0xD83A, 0xDD2E, 0xD83A, 0xDD2A, 0xD83A, 0xDD31, 0xD83A, 0xDD2B, 0xD83A, 0xDD36, 0xD83A, 0xDD2D, 0xD83A, 0xDD34, 0xD83A, 0xDD22, 0xD83A, 0xDD32, 0xD83A, 0xDD2A, 0xD83A, 0xDD2B, 0x20, 0xD83A, 0xDD04, 0xD83A, 0xDD2E, 0xD83A, 0xDD33, 0xD83A, 0xDD25, 0xD83A, 0xDD22, 0xD83A, 0xDD24));
				case 402: return String(CharArray::of(0xD83A, 0xDD10, 0xD83A, 0xDD23, 0xD83A, 0xDD2B, 0xD83A, 0xDD26, 0xD83A, 0xDD2B, 0xD83A, 0xDD24, 0xD83A, 0xDD2B, 0xD83A, 0xDD45, 0xD83A, 0xDD2A, 0xD83A, 0xDD2B, 0x20, 0xD83A, 0xDD10, 0xD83A, 0xDD22, 0xD83A, 0xDD32, 0xD83A, 0xDD46, 0xD83A, 0xDD22, 0xD83A, 0xDD44, 0xD83A, 0xDD3A, 0xD83A, 0xDD2B));
				case 403: 
					if (region == 206) return String(CharArray::of(0xD83A, 0xDD02, 0xD83A, 0xDD2B, 0xD83A, 0xDD27, 0x20, 0xD83A, 0xDD05, 0xD83A, 0xDD22, 0xD83A, 0xDD33, 0xD83A, 0xDD27, 0xD83A, 0xDD2E, 0xD83A, 0xDD32, 0xD83A, 0xDD2A, 0xD83A, 0xDD2B));
					return String(CharArray::of(0xD83A, 0xDD02, 0xD83A, 0xDD2B, 0xD83A, 0xDD27, 0x2D, 0xD83A, 0xDD00, 0xD83A, 0xDD24, 0xD83A, 0xDD35, 0xD83A, 0xDD25, 0xD83A, 0xDD22, 0xD83A, 0xDD32, 0xD83A, 0xDD2A, 0xD83A, 0xDD2B));
				case 404: return String(CharArray::of(0xD83A, 0xDD10, 0xD83A, 0xDD2B, 0xD83A, 0xDD28, 0xD83A, 0xDD22, 0xD83A, 0xDD24, 0xD83A, 0xDD2D, 0xD83A, 0xDD32, 0xD83A, 0xDD33, 0xD83A, 0xDD2E, 0xD83A, 0xDD45, 0xD83A, 0xDD2A, 0xD83A, 0xDD2B));
				case 405: return String(CharArray::of(0xD83A, 0xDD10, 0xD83A, 0xDD2B, 0xD83A, 0xDD31, 0xD83A, 0xDD22, 0xD83A, 0xDD2A, 0xD83A, 0xDD2D, 0xD83A, 0xDD45, 0xD83A, 0xDD2A, 0xD83A, 0xDD2B));
				case 406: return String(CharArray::of(0xD83A, 0xDD10, 0xD83A, 0xDD23, 0xD83A, 0xDD2E, 0xD83A, 0xDD32, 0xD83A, 0xDD3A, 0xD83A, 0xDD22, 0xD83A, 0xDD44, 0xD83A, 0xDD2A, 0xD83A, 0xDD2B));
				case 407: return String(CharArray::of(0xD83A, 0xDD19, 0xD83A, 0xDD22, 0xD83A, 0xDD27, 0xD83A, 0xDD2D, 0xD83A, 0xDD32, 0xD83A, 0xDD33, 0xD83A, 0xDD2E, 0xD83A, 0xDD45, 0xD83A, 0xDD2A, 0xD83A, 0xDD2B));
				case 408: return String(CharArray::of(0xD83A, 0xDD10, 0xD83A, 0xDD2D, 0xD83A, 0xDD35, 0xD83A, 0xDD2B, 0xD83A, 0xDD34, 0xD83A, 0xDD22, 0xD83A, 0xDD32, 0xD83A, 0xDD2A, 0xD83A, 0xDD2B));
				case 410: 
					if (region == 51) return String(CharArray::of(0xD83A, 0xDD0A, 0xD83A, 0xDD2D, 0xD83A, 0xDD24, 0xD83A, 0xDD22, 0xD83A, 0xDD25, 0xD83A, 0xDD22, 0xD83A, 0xDD32, 0xD83A, 0xDD2A, 0xD83A, 0xDD2B));
					return String(CharArray::of(0xD83A, 0xDD01, 0xD83A, 0xDD2E, 0xD83A, 0xDD45, 0xD83A, 0xDD37, 0xD83A, 0xDD35, 0xD83A, 0xDD2A, 0xD83A, 0xDD2B));
				case 411: return String(CharArray::of(0xD83A, 0xDD10, 0xD83A, 0xDD3A, 0xD83A, 0xDD35, 0xD83A, 0xDD25, 0xD83A, 0xDD26, 0xD83A, 0xDD22, 0xD83A, 0xDD44, 0xD83A, 0xDD2A, 0xD83A, 0xDD2B));
				case 412: return String(CharArray::of(0xD83A, 0xDD10, 0xD83A, 0xDD2E, 0xD83A, 0xDD2A, 0xD83A, 0xDD31, 0xD83A, 0xDD2B, 0xD83A, 0xDD36, 0xD83A, 0xDD2D, 0xD83A, 0xDD34, 0xD83A, 0xDD22, 0xD83A, 0xDD32, 0xD83A, 0xDD2A, 0xD83A, 0xDD2B, 0x20, 0xD83A, 0xDD19, 0xD83A, 0xDD2E, 0xD83A, 0xDD2A, 0xD83A, 0xDD27, 0xD83A, 0xDD33));
				case 413: return String(CharArray::of(0xD83A, 0xDD10, 0xD83A, 0xDD36, 0xD83A, 0xDD22, 0xD83A, 0xDD25, 0xD83A, 0xDD26, 0xD83A, 0xDD35, 0xD83A, 0xDD45, 0xD83A, 0xDD2A, 0xD83A, 0xDD2B));
				case 414: return String(CharArray::of(0xD83A, 0xDD10, 0xD83A, 0xDD2E, 0xD83A, 0xDD2A, 0xD83A, 0xDD31, 0xD83A, 0xDD2B, 0xD83A, 0xDD36, 0xD83A, 0xDD2D, 0xD83A, 0xDD34, 0xD83A, 0xDD22, 0xD83A, 0xDD32, 0xD83A, 0xDD2A, 0xD83A, 0xDD2B));
				case 415: return String(CharArray::of(0xD83A, 0xDD10, 0xD83A, 0xDD2E, 0xD83A, 0xDD3A, 0xD83A, 0xDD22, 0xD83A, 0xDD2D, 0xD83A, 0xDD45, 0xD83A, 0xDD2A, 0xD83A, 0xDD2B));
				case 418: return String(CharArray::of(0xD83A, 0xDD10, 0xD83A, 0xDD33, 0xD83A, 0xDD2E, 0xD83A, 0xDD45, 0xD83A, 0xDD2A, 0xD83A, 0xDD2B));
				case 419: return String(CharArray::of(0xD83A, 0xDD10, 0xD83A, 0xDD23, 0xD83A, 0xDD2B, 0xD83A, 0xDD26, 0xD83A, 0xDD2B, 0xD83A, 0xDD24, 0xD83A, 0xDD2B, 0xD83A, 0xDD45, 0xD83A, 0xDD2A, 0xD83A, 0xDD2B, 0x20, 0xD83A, 0xDD19, 0xD83A, 0xDD22, 0xD83A, 0xDD44, 0xD83A, 0xDD25, 0xD83A, 0xDD32, 0xD83A, 0xDD22, 0xD83A, 0xDD44, 0xD83A, 0xDD32, 0xD83A, 0xDD3A, 0xD83A, 0xDD2B));
				case 420: return String(CharArray::of(0xD83A, 0xDD05, 0xD83A, 0xDD2E, 0xD83A, 0xDD3C, 0xD83A, 0xDD2E, 0xD83A, 0xDD45, 0xD83A, 0xDD2A, 0xD83A, 0xDD2B, 0x20, 0xD83A, 0xDD10, 0xD83A, 0xDD22, 0xD83A, 0xDD32, 0xD83A, 0xDD46, 0xD83A, 0xDD22, 0xD83A, 0xDD44, 0xD83A, 0xDD32, 0xD83A, 0xDD3A, 0xD83A, 0xDD2B, 0xD83A, 0xDD45, 0xD83A, 0xDD2A, 0xD83A, 0xDD2B));
				case 421: return String(CharArray::of(0xD83A, 0xDD10, 0xD83A, 0xDD35, 0xD83A, 0xDD2B, 0xD83A, 0xDD2A, 0xD83A, 0xDD2D, 0xD83A, 0xDD45, 0xD83A, 0xDD2A, 0xD83A, 0xDD2B));
				case 422: return String(CharArray::of(0xD83A, 0xDD10, 0xD83A, 0xDD22, 0xD83A, 0xDD2C, 0xD83A, 0xDD31, 0xD83A, 0xDD22, 0xD83A, 0xDD38, 0xD83A, 0xDD2E, 0xD83A, 0xDD45, 0xD83A, 0xDD2A, 0xD83A, 0xDD2B));
				case 424: return String(CharArray::of(0xD83A, 0xDD19, 0xD83A, 0xDD22, 0xD83A, 0xDD32, 0xD83A, 0xDD36, 0xD83A, 0xDD22, 0xD83A, 0xDD44, 0xD83A, 0xDD2A, 0xD83A, 0xDD2B));
				case 426: return String(CharArray::of(0xD83A, 0xDD19, 0xD83A, 0xDD22, 0xD83A, 0xDD32, 0xD83A, 0xDD33, 0xD83A, 0xDD2E, 0xD83A, 0xDD24, 0xD83A, 0xDD2B, 0xD83A, 0xDD45, 0xD83A, 0xDD2A, 0xD83A, 0xDD2B));
				case 429: return String(CharArray::of(0xD83A, 0xDD0C, 0xD83A, 0xDD37, 0xD83A, 0xDD46, 0xD83A, 0xDD2D, 0xD83A, 0xDD3C, 0xD83A, 0xDD22, 0xD83A, 0xDD32, 0xD83A, 0xDD2A, 0xD83A, 0xDD2B));
				case 431: return String(CharArray::of(0xD83A, 0xDD0C, 0xD83A, 0xDD36, 0xD83A, 0xDD2D, 0xD83A, 0xDD26, 0xD83A, 0xDD35, 0xD83A, 0xDD31, 0xD83A, 0xDD22, 0xD83A, 0xDD44, 0xD83A, 0xDD2A, 0xD83A, 0xDD2B, 0x20, 0xD83A, 0xDD10, 0xD83A, 0xDD22, 0xD83A, 0xDD32, 0xD83A, 0xDD46, 0xD83A, 0xDD22, 0xD83A, 0xDD44, 0xD83A, 0xDD32, 0xD83A, 0xDD3A, 0xD83A, 0xDD2B, 0xD83A, 0xDD45, 0xD83A, 0xDD2A, 0xD83A, 0xDD2B));
				case 432: return String(CharArray::of(0xD83A, 0xDD0C, 0xD83A, 0xDD36, 0xD83A, 0xDD2D, 0xD83A, 0xDD26, 0xD83A, 0xDD35, 0xD83A, 0xDD31, 0xD83A, 0xDD2A, 0xD83A, 0xDD2B, 0x20, 0xD83A, 0xDD15, 0xD83A, 0xDD22, 0xD83A, 0xDD33, 0xD83A, 0xDD22));
				case 434: return String(CharArray::of(0xD83A, 0xDD0C, 0xD83A, 0xDD36, 0xD83A, 0xDD2D, 0x2D, 0xD83A, 0xDD11, 0xD83A, 0xDD2A, 0xD83A, 0xDD2D, 0xD83A, 0xDD45, 0xD83A, 0xDD2A, 0xD83A, 0xDD2B));
				case 435: return String(CharArray::of(0xD83A, 0xDD0C, 0xD83A, 0xDD36, 0xD83A, 0xDD2D, 0xD83A, 0xDD26, 0xD83A, 0xDD31, 0xD83A, 0xDD22, 0xD83A, 0xDD44, 0xD83A, 0xDD2A, 0xD83A, 0xDD2B, 0x20, 0xD83A, 0xDD16, 0xD83A, 0xDD2D, 0xD83A, 0xDD45, 0xD83A, 0xDD2A, 0xD83A, 0xDD32, 0xD83A, 0xDD22, 0xD83A, 0xDD44, 0xD83A, 0xDD32, 0xD83A, 0xDD3A, 0xD83A, 0xDD2B));
				case 436: return String(CharArray::of(0xD83A, 0xDD0C, 0xD83A, 0xDD33, 0xD83A, 0xDD22, 0xD83A, 0xDD32, 0xD83A, 0xDD22, 0xD83A, 0xDD3A, 0xD83A, 0xDD22, 0xD83A, 0xDD32, 0xD83A, 0xDD2A, 0xD83A, 0xDD2B));
				case 437: return String(CharArray::of(0xD83A, 0xDD0C, 0xD83A, 0xDD2A, 0xD83A, 0xDD2E, 0xD83A, 0xDD25, 0xD83A, 0xDD2E, 0xD83A, 0xDD45, 0xD83A, 0xDD2A, 0xD83A, 0xDD2B));
				case 438: return String(CharArray::of(0xD83A, 0xDD0C, 0xD83A, 0xDD23, 0xD83A, 0xDD2D, 0xD83A, 0xDD22, 0xD83A, 0xDD44, 0xD83A, 0xDD2A, 0xD83A, 0xDD2B));
				case 439: return String(CharArray::of(0xD83A, 0xDD0C, 0xD83A, 0xDD27, 0xD83A, 0xDD46, 0xD83A, 0xDD2B, 0xD83A, 0xDD3C, 0xD83A, 0xDD2D, 0xD83A, 0xDD33, 0xD83A, 0xDD2A, 0xD83A, 0xDD2B));
				case 442: return String(CharArray::of(0xD83A, 0xDD06, 0xD83A, 0xDD35, 0xD83A, 0xDD32, 0xD83A, 0xDD36, 0xD83A, 0xDD22, 0xD83A, 0xDD44, 0xD83A, 0xDD26, 0xD83A, 0xDD2D, 0xD83A, 0xDD45, 0xD83A, 0xDD2A, 0xD83A, 0xDD2B));
				case 443: return String(CharArray::of(0xD83A, 0xDD06, 0xD83A, 0xDD22, 0xD83A, 0xDD32, 0xD83A, 0xDD3A, 0xD83A, 0xDD22, 0xD83A, 0xDD27, 0xD83A, 0xDD2D, 0xD83A, 0xDD32, 0xD83A, 0xDD22, 0xD83A, 0xDD32, 0xD83A, 0xDD2A, 0xD83A, 0xDD2B));
				case 445: return String(CharArray::of(0xD83A, 0xDD06, 0xD83A, 0xDD22, 0xD83A, 0xDD25, 0xD83A, 0xDD28, 0xD83A, 0xDD22, 0xD83A, 0xDD32, 0xD83A, 0xDD3A, 0xD83A, 0xDD22, 0xD83A, 0xDD44, 0xD83A, 0xDD2A, 0xD83A, 0xDD2B));
				case 446: return String(CharArray::of(0xD83A, 0xDD06, 0xD83A, 0xDD22, 0xD83A, 0xDD28, 0xD83A, 0xDD2D, 0xD83A, 0xDD22, 0xD83A, 0xDD25, 0xD83A, 0xDD2B, 0xD83A, 0xDD32, 0xD83A, 0xDD3C, 0xD83A, 0xDD2E, 0xD83A, 0xDD45, 0xD83A, 0xDD2A, 0xD83A, 0xDD2B));
				case 447: return String(CharArray::of(0xD83A, 0xDD06, 0xD83A, 0xDD22, 0xD83A, 0xDD24, 0xD83A, 0xDD22, 0xD83A, 0xDD35, 0xD83A, 0xDD34, 0xD83A, 0xDD22, 0xD83A, 0xDD32, 0xD83A, 0xDD2A, 0xD83A, 0xDD2B));
				case 449: return String(CharArray::of(0xD83A, 0xDD06, 0xD83A, 0xDD2D, 0xD83A, 0xDD36, 0xD83A, 0xDD2B, 0xD83A, 0xDD32, 0xD83A, 0xDD2A, 0xD83A, 0xDD2B, 0x20, 0xD83A, 0xDD10, 0xD83A, 0xDD22, 0xD83A, 0xDD36, 0xD83A, 0xDD2D, 0xD83A, 0xDD2A, 0xD83A, 0xDD2D, 0xD83A, 0xDD34, 0xD83A, 0xDD22, 0xD83A, 0xDD44));
				case 456: return String(CharArray::of(0xD83A, 0xDD06, 0xD83A, 0xDD2D, 0xD83A, 0xDD36, 0xD83A, 0xDD2D, 0xD83A, 0xDD32, 0xD83A, 0xDD2A, 0xD83A, 0xDD2B));
				case 457: return String(CharArray::of(0xD83A, 0xDD06, 0xD83A, 0xDD2E, 0xD83A, 0xDD24, 0xD83A, 0xDD22, 0xD83A, 0xDD32, 0xD83A, 0xDD23, 0xD83A, 0xDD2D, 0xD83A, 0xDD45, 0xD83A, 0xDD2A, 0xD83A, 0xDD2B));
				case 461: return String(CharArray::of(0xD83A, 0xDD03, 0xD83A, 0xDD22, 0xD83A, 0xDD24, 0xD83A, 0xDD2D, 0xD83A, 0xDD27, 0xD83A, 0xDD2B, 0xD83A, 0xDD45, 0xD83A, 0xDD3C, 0x2D, 0xD83A, 0xDD06, 0xD83A, 0xDD22, 0xD83A, 0xDD27, 0xD83A, 0xDD22, 0xD83A, 0xDD25, 0xD83A, 0xDD22, 0xD83A, 0xDD39, 0xD83A, 0xDD35, 0xD83A, 0xDD2E, 0xD83A, 0xDD23, 0xD83A, 0xDD46, 0xD83A, 0xDD2D));
				case 462: return String(CharArray::of(0xD83A, 0xDD06, 0xD83A, 0xDD35, 0xD83A, 0xDD2A, 0xD83A, 0xDD27, 0xD83A, 0xDD2D, 0xD83A, 0xDD34, 0xD83A, 0xDD22, 0xD83A, 0xDD32, 0xD83A, 0xDD2A, 0xD83A, 0xDD2B));
				case 464: return String(CharArray::of(0xD83A, 0xDD06, 0xD83A, 0xDD22, 0xD83A, 0xDD27, 0xD83A, 0xDD3C, 0xD83A, 0xDD35, 0xD83A, 0xDD32, 0xD83A, 0xDD2A, 0xD83A, 0xDD2B));
				case 465: 
					if (region == 224) return String(CharArray::of(0xD83A, 0xDD06, 0xD83A, 0xDD2E, 0xD83A, 0xDD2A, 0xD83A, 0xDD3C, 0xD83A, 0xDD2E, 0xD83A, 0xDD33, 0xD83A, 0xDD2B, 0xD83A, 0xDD45, 0xD83A, 0xDD27, 0xD83A, 0xDD2D, 0xD83A, 0xDD45, 0xD83A, 0xDD2A, 0xD83A, 0xDD2B, 0x20, 0xD83A, 0xDD06, 0xD83A, 0xDD2E, 0xD83A, 0xDD2A, 0xD83A, 0xDD3C, 0xD83A, 0xDD2D, 0xD83A, 0xDD3A, 0xD83A, 0xDD22, 0xD83A, 0xDD44, 0xD83A, 0xDD24));
					if (region == 62) return String(CharArray::of(0xD83A, 0xDD06, 0xD83A, 0xDD2E, 0xD83A, 0xDD2A, 0xD83A, 0xDD3C, 0xD83A, 0xDD2E, 0xD83A, 0xDD33, 0xD83A, 0xDD2B, 0xD83A, 0xDD45, 0xD83A, 0xDD27, 0xD83A, 0xDD2D, 0xD83A, 0xDD45, 0xD83A, 0xDD2A, 0xD83A, 0xDD2B, 0x20, 0xD83A, 0xDD04, 0xD83A, 0xDD2A, 0xD83A, 0xDD2B, 0xD83A, 0xDD41, 0xD83A, 0xDD2D, 0xD83A, 0xDD24));
					return String(CharArray::of(0xD83A, 0xDD06, 0xD83A, 0xDD2E, 0xD83A, 0xDD2A, 0xD83A, 0xDD3C, 0xD83A, 0xDD2E, 0xD83A, 0xDD33, 0xD83A, 0xDD2B, 0xD83A, 0xDD45, 0xD83A, 0xDD27, 0xD83A, 0xDD2D, 0xD83A, 0xDD45, 0xD83A, 0xDD2A, 0xD83A, 0xDD2B));
				case 466: return String(CharArray::of(0xD83A, 0xDD17, 0xD83A, 0xDD35, 0xD83A, 0xDD37, 0xD83A, 0xDD35, 0xD83A, 0xDD22, 0xD83A, 0xDD32, 0xD83A, 0xDD2A, 0xD83A, 0xDD2B));
				case 469: return String(CharArray::of(0xD83A, 0xDD08, 0xD83A, 0xDD22, 0xD83A, 0xDD36, 0xD83A, 0xDD22, 0xD83A, 0xDD27, 0xD83A, 0xDD3C, 0xD83A, 0xDD22, 0xD83A, 0xDD32, 0xD83A, 0xDD2D, 0xD83A, 0xDD45, 0xD83A, 0xDD2A, 0xD83A, 0xDD2B));
				case 470: return String(CharArray::of(0xD83A, 0xDD08, 0xD83A, 0xDD22, 0xD83A, 0xDD28, 0xD83A, 0xDD22, 0xD83A, 0xDD32, 0xD83A, 0xDD35, 0xD83A, 0xDD2D, 0xD83A, 0xDD45, 0xD83A, 0xDD2A, 0xD83A, 0xDD2B));
				case 471: return String(CharArray::of(0xD83A, 0xDD08, 0xD83A, 0xDD22, 0xD83A, 0xDD2A, 0xD83A, 0xDD2E, 0xD83A, 0xDD3C, 0xD83A, 0xDD2E, 0xD83A, 0xDD32, 0xD83A, 0xDD3A, 0xD83A, 0xDD22, 0xD83A, 0xDD32, 0xD83A, 0xDD2A, 0xD83A, 0xDD2B));
				case 473: return String(CharArray::of(0xD83A, 0xDD08, 0xD83A, 0xDD2E, 0xD83A, 0xDD38, 0xD83A, 0xDD2D, 0xD83A, 0xDD32, 0xD83A, 0xDD3A, 0xD83A, 0xDD22, 0xD83A, 0xDD44, 0xD83A, 0xDD2A, 0xD83A, 0xDD2B));
				case 474: return String(CharArray::of(0xD83A, 0xDD08, 0xD83A, 0xDD2D, 0xD83A, 0xDD2C, 0xD83A, 0xDD2D, 0xD83A, 0xDD34, 0xD83A, 0xDD22, 0xD83A, 0xDD32, 0xD83A, 0xDD2A, 0xD83A, 0xDD2B));
				case 475: return String(CharArray::of(0xD83A, 0xDD08, 0xD83A, 0xDD2E, 0xD83A, 0xDD25, 0xD83A, 0xDD22, 0xD83A, 0xDD32, 0xD83A, 0xDD27, 0xD83A, 0xDD2A, 0xD83A, 0xDD2B));
				case 476: return String(CharArray::of(0xD83A, 0xDD08, 0xD83A, 0xDD35, 0xD83A, 0xDD32, 0xD83A, 0xDD23, 0xD83A, 0xDD2D, 0xD83A, 0xDD45, 0xD83A, 0xDD2A, 0xD83A, 0xDD2B));
				case 477: 
					if (region == 179) return String(CharArray::of(0xD83A, 0xDD03, 0xD83A, 0xDD2E, 0xD83A, 0xDD24, 0xD83A, 0xDD23, 0xD83A, 0xDD22, 0xD83A, 0xDD3E, 0xD83A, 0xDD2D, 0xD83A, 0xDD34, 0xD83A, 0xDD22, 0xD83A, 0xDD32, 0xD83A, 0xDD2A, 0xD83A, 0xDD2B));
					return String(CharArray::of(0xD83A, 0xDD08, 0xD83A, 0xDD2E, 0xD83A, 0xDD25, 0xD83A, 0xDD22, 0xD83A, 0xDD32, 0xD83A, 0xDD2D, 0xD83A, 0xDD34, 0xD83A, 0xDD22, 0xD83A, 0xDD32, 0xD83A, 0xDD2A, 0xD83A, 0xDD2B));
				case 478: return String(CharArray::of(0xD83A, 0xDD08, 0xD83A, 0xDD2E, 0xD83A, 0xDD25, 0xD83A, 0xDD26, 0xD83A, 0xDD2E, 0xD83A, 0xDD45, 0xD83A, 0xDD2A, 0xD83A, 0xDD2B));
				case 482: return String(CharArray::of(0xD83A, 0xDD08, 0xD83A, 0xDD2E, 0xD83A, 0xDD45, 0xD83A, 0xDD27, 0xD83A, 0xDD2D, 0xD83A, 0xDD34, 0xD83A, 0xDD22, 0xD83A, 0xDD32, 0xD83A, 0xDD2A, 0xD83A, 0xDD2B));
				case 485: return String(CharArray::of(0xD83A, 0xDD00, 0xD83A, 0xDD2A, 0xD83A, 0xDD2E, 0xD83A, 0xDD25, 0xD83A, 0xDD22, 0xD83A, 0xDD32, 0xD83A, 0xDD2D, 0xD83A, 0xDD45, 0xD83A, 0xDD2A, 0xD83A, 0xDD2B));
				case 486: return String(CharArray::of(0xD83A, 0xDD11, 0xD83A, 0xDD2D, 0xD83A, 0xDD3B, 0xD83A, 0xDD2D, 0xD83A, 0xDD2A, 0xD83A, 0xDD35, 0xD83A, 0xDD31, 0xD83A, 0xDD22, 0xD83A, 0xDD32, 0xD83A, 0xDD23, 0xD83A, 0xDD2B, 0xD83A, 0xDD45, 0xD83A, 0xDD2A, 0xD83A, 0xDD2B));
				case 487: return String(CharArray::of(0xD83A, 0xDD08, 0xD83A, 0xDD35, 0xD83A, 0xDD31, 0xD83A, 0xDD22, 0xD83A, 0xDD44, 0xD83A, 0xDD2A, 0xD83A, 0xDD2B));
				case 488: return String(CharArray::of(0xD83A, 0xDD05, 0xD83A, 0xDD22, 0xD83A, 0xDD32, 0xD83A, 0xDD27, 0xD83A, 0xDD33, 0xD83A, 0xDD2A, 0xD83A, 0xDD2D, 0xD83A, 0xDD3C, 0xD83A, 0xDD2A, 0xD83A, 0xDD2B));
				case 489: return String(CharArray::of(0xD83A, 0xDD05, 0xD83A, 0xDD22, 0xD83A, 0xDD32, 0xD83A, 0xDD23, 0xD83A, 0xDD22, 0xD83A, 0xDD31, 0xD83A, 0xDD2B, 0xD83A, 0xDD45, 0xD83A, 0xDD2A, 0xD83A, 0xDD2B));
				case 490: return String(CharArray::of(0xD83A, 0xDD05, 0xD83A, 0xDD22, 0xD83A, 0xDD3F, 0xD83A, 0xDD22, 0xD83A, 0xDD44, 0xD83A, 0xDD2A, 0xD83A, 0xDD2B));
				case 492: return String(CharArray::of(0xD83A, 0xDD05, 0xD83A, 0xDD22, 0xD83A, 0xDD25, 0xD83A, 0xDD26, 0xD83A, 0xDD35, 0xD83A, 0xDD2A, 0xD83A, 0xDD35, 0xD83A, 0xDD45, 0xD83A, 0xDD2A, 0xD83A, 0xDD2B));
				case 494: return String(CharArray::of(0xD83A, 0xDD05, 0xD83A, 0xDD22, 0xD83A, 0xDD32, 0xD83A, 0xDD3C, 0xD83A, 0xDD22, 0xD83A, 0xDD24, 0xD83A, 0xDD2D, 0xD83A, 0xDD45, 0xD83A, 0xDD2A, 0xD83A, 0xDD2B));
				case 496: return String(CharArray::of(0xD83A, 0xDD10, 0xD83A, 0xDD3A, 0xD83A, 0xDD22, 0xD83A, 0xDD25, 0xD83A, 0xDD26, 0xD83A, 0xDD22, 0xD83A, 0xDD34, 0xD83A, 0xDD2A, 0xD83A, 0xDD2B));
				case 497: return String(CharArray::of(0xD83A, 0xDD05, 0xD83A, 0xDD22, 0xD83A, 0xDD32, 0xD83A, 0xDD3A, 0xD83A, 0xDD35, 0xD83A, 0xDD45, 0xD83A, 0xDD2A, 0xD83A, 0xDD2B));
				case 498: return String(CharArray::of(0xD83A, 0xDD05, 0xD83A, 0xDD22, 0xD83A, 0xDD2A, 0xD83A, 0xDD23, 0xD83A, 0xDD2D, 0xD83A, 0xDD32, 0xD83A, 0xDD2D, 0xD83A, 0xDD34, 0xD83A, 0xDD22, 0xD83A, 0xDD32, 0xD83A, 0xDD2A, 0xD83A, 0xDD2B));
				case 499: return String(CharArray::of(0xD83A, 0xDD05, 0xD83A, 0xDD2D, 0xD83A, 0xDD27, 0xD83A, 0xDD2D, 0xD83A, 0xDD24, 0xD83A, 0xDD2D, 0xD83A, 0xDD34, 0xD83A, 0xDD22, 0xD83A, 0xDD32, 0xD83A, 0xDD2A, 0xD83A, 0xDD2B));
				case 500: return String(CharArray::of(0xD83A, 0xDD05, 0xD83A, 0xDD2D, 0xD83A, 0xDD33, 0xD83A, 0xDD2E, 0xD83A, 0xDD3C, 0xD83A, 0xDD27, 0xD83A, 0xDD2A, 0xD83A, 0xDD2B));
				case 501: return String(CharArray::of(0xD83A, 0xDD05, 0xD83A, 0xDD2D, 0xD83A, 0xDD32, 0xD83A, 0xDD23, 0xD83A, 0xDD22, 0xD83A, 0xDD44, 0xD83A, 0xDD2A, 0xD83A, 0xDD2B));
				case 504: return String(CharArray::of(0xD83A, 0xDD05, 0xD83A, 0xDD22, 0xD83A, 0xDD25, 0xD83A, 0xDD2D, 0xD83A, 0xDD45, 0xD83A, 0xDD2A, 0xD83A, 0xDD2B, 0x20, 0xD83A, 0xDD10, 0xD83A, 0xDD22, 0xD83A, 0xDD32, 0xD83A, 0xDD46, 0xD83A, 0xDD22, 0xD83A, 0xDD44, 0xD83A, 0xDD32, 0xD83A, 0xDD3A, 0xD83A, 0xDD2B, 0xD83A, 0xDD45, 0xD83A, 0xDD2A, 0xD83A, 0xDD2B));
				case 506: return String(CharArray::of(0xD83A, 0xDD05, 0xD83A, 0xDD2B, 0xD83A, 0xDD32, 0xD83A, 0xDD22, 0xD83A, 0xDD44, 0xD83A, 0xDD2A, 0xD83A, 0xDD2B));
				case 509: return String(CharArray::of(0xD83A, 0xDD11, 0xD83A, 0xDD2E, 0xD83A, 0xDD2A, 0xD83A, 0xDD2E, 0xD83A, 0xDD26, 0xD83A, 0xDD2E, 0xD83A, 0xDD2A, 0xD83A, 0xDD2E, 0xD83A, 0xDD45, 0xD83A, 0xDD2A, 0xD83A, 0xDD2B, 0x20, 0xD83A, 0xDD05, 0xD83A, 0xDD2B, 0xD83A, 0xDD32, 0xD83A, 0xDD46, 0xD83A, 0xDD2D));
				case 510: return String(CharArray::of(0xD83A, 0xDD05, 0xD83A, 0xDD22, 0xD83A, 0xDD32, 0xD83A, 0xDD3A, 0xD83A, 0xDD2E, 0xD83A, 0xDD45, 0xD83A, 0xDD2A, 0xD83A, 0xDD2B));
				case 514: return String(CharArray::of(0xD83A, 0xDD1A, 0xD83A, 0xDD22, 0xD83A, 0xDD27, 0xD83A, 0xDD2D, 0xD83A, 0xDD24, 0xD83A, 0xDD38, 0xD83A, 0xDD2D, 0xD83A, 0xDD3C, 0xD83A, 0xDD2A, 0xD83A, 0xDD2B));
				case 515: return String(CharArray::of(0xD83A, 0xDD05, 0xD83A, 0xDD22, 0xD83A, 0xDD32, 0xD83A, 0xDD2A, 0xD83A, 0xDD2B));
				case 517: return String(CharArray::of(0xD83A, 0xDD05, 0xD83A, 0xDD2D, 0xD83A, 0xDD32, 0xD83A, 0xDD38, 0xD83A, 0xDD22, 0xD83A, 0xDD24, 0xD83A, 0xDD22, 0xD83A, 0xDD44, 0xD83A, 0xDD2A, 0xD83A, 0xDD2B));
				case 519: return String(CharArray::of(0xD83A, 0xDD05, 0xD83A, 0xDD24, 0xD83A, 0xDD2E, 0xD83A, 0xDD3E, 0xD83A, 0xDD22, 0xD83A, 0xDD44, 0xD83A, 0xDD33, 0xD83A, 0xDD2A, 0xD83A, 0xDD2B));
				case 521: return String(CharArray::of(0xD83A, 0xDD05, 0xD83A, 0xDD24, 0xD83A, 0xDD2E, 0xD83A, 0xDD3E, 0xD83A, 0xDD2B, 0xD83A, 0xDD32, 0xD83A, 0xDD2D, 0xD83A, 0xDD34, 0xD83A, 0xDD22, 0xD83A, 0xDD32, 0xD83A, 0xDD2A, 0xD83A, 0xDD2B));
				case 522: return String(CharArray::of(0xD83A, 0xDD02, 0xD83A, 0xDD35, 0xD83A, 0xDD43, 0xD83A, 0xDD35, 0xD83A, 0xDD3C, 0xD83A, 0xDD27, 0xD83A, 0xDD2D, 0xD83A, 0xDD23, 0xD83A, 0xDD2A, 0xD83A, 0xDD2B, 0x20, 0xD83A, 0xDD19, 0xD83A, 0xDD22, 0xD83A, 0xDD44, 0xD83A, 0xDD25, 0xD83A, 0xDD32, 0xD83A, 0xDD22, 0xD83A, 0xDD44, 0xD83A, 0xDD32, 0xD83A, 0xDD3A, 0xD83A, 0xDD2B, 0xD83A, 0xDD32, 0xD83A, 0xDD33, 0xD83A, 0xDD2E));
				case 525: return String(CharArray::of(0xD83A, 0xDD05, 0xD83A, 0xDD22, 0xD83A, 0xDD25, 0xD83A, 0xDD2E, 0xD83A, 0xDD22, 0xD83A, 0xDD32, 0xD83A, 0xDD2A, 0xD83A, 0xDD2B));
				case 528: return String(CharArray::of(0xD83A, 0xDD0B, 0xD83A, 0xDD32, 0xD83A, 0xDD22, 0xD83A, 0xDD2A, 0xD83A, 0xDD2D, 0xD83A, 0xDD27, 0xD83A, 0xDD33, 0xD83A, 0xDD22, 0xD83A, 0xDD24, 0xD83A, 0xDD2D, 0xD83A, 0xDD45, 0xD83A, 0xDD2A, 0xD83A, 0xDD2B));
				case 529: return String(CharArray::of(0xD83A, 0xDD05, 0xD83A, 0xDD2D, 0xD83A, 0xDD33, 0xD83A, 0xDD2E, 0xD83A, 0xDD24, 0xD83A, 0xDD3C, 0x20, 0xD83A, 0xDD05, 0xD83A, 0xDD22, 0xD83A, 0xDD25, 0xD83A, 0xDD2D, 0xD83A, 0xDD45, 0xD83A, 0xDD2A, 0xD83A, 0xDD2B));
				case 530: return String(CharArray::of(0xD83A, 0xDD05, 0xD83A, 0xDD2E, 0xD83A, 0xDD32, 0xD83A, 0xDD22, 0xD83A, 0xDD44, 0xD83A, 0xDD2A, 0xD83A, 0xDD2B));
				case 531: return String(CharArray::of(0xD83A, 0xDD05, 0xD83A, 0xDD22, 0xD83A, 0xDD2A, 0xD83A, 0xDD22, 0xD83A, 0xDD32, 0xD83A, 0xDD33, 0xD83A, 0xDD35, 0xD83A, 0xDD24, 0xD83A, 0xDD46, 0xD83A, 0xDD2A, 0xD83A, 0xDD2B));
				case 532: return String(CharArray::of(0xD83A, 0xDD05, 0xD83A, 0xDD2E, 0xD83A, 0xDD25, 0xD83A, 0xDD22, 0xD83A, 0xDD24, 0xD83A, 0xDD2D, 0xD83A, 0xDD45, 0xD83A, 0xDD2A, 0xD83A, 0xDD2B));
				case 534: return String(CharArray::of(0xD83A, 0xDD00, 0xD83A, 0xDD24, 0xD83A, 0xDD26, 0xD83A, 0xDD22, 0xD83A, 0xDD32, 0xD83A, 0xDD2D, 0xD83A, 0xDD45, 0xD83A, 0xDD2A, 0xD83A, 0xDD2B));
				case 535: return String(CharArray::of(0xD83A, 0xDD05, 0xD83A, 0xDD2B, 0xD83A, 0xDD2A, 0xD83A, 0xDD26, 0xD83A, 0xDD2D, 0xD83A, 0xDD34, 0xD83A, 0xDD22, 0xD83A, 0xDD32, 0xD83A, 0xDD2A, 0xD83A, 0xDD2B));
				case 536: return String(CharArray::of(0xD83A, 0xDD05, 0xD83A, 0xDD22, 0xD83A, 0xDD2A, 0xD83A, 0xDD32, 0xD83A, 0xDD22, 0xD83A, 0xDD32, 0x2D, 0xD83A, 0xDD1A, 0xD83A, 0xDD2E, 0xD83A, 0xDD32, 0xD83A, 0xDD3A, 0xD83A, 0xDD2E, 0xD83A, 0xDD45, 0xD83A, 0xDD2A, 0xD83A, 0xDD2B));
				case 538: return String(CharArray::of(0xD83A, 0xDD05, 0xD83A, 0xDD35, 0xD83A, 0xDD31, 0xD83A, 0xDD22, 0xD83A, 0xDD3C, 0xD83A, 0xDD2D, 0xD83A, 0xDD45, 0xD83A, 0xDD2A, 0xD83A, 0xDD2B));
				case 540: return String(CharArray::of(0xD83A, 0xDD05, 0xD83A, 0xDD2E, 0xD83A, 0xDD3C, 0xD83A, 0xDD2E, 0xD83A, 0xDD45, 0xD83A, 0xDD2A, 0xD83A, 0xDD2B, 0x20, 0xD83A, 0xDD19, 0xD83A, 0xDD22, 0xD83A, 0xDD44, 0xD83A, 0xDD25, 0xD83A, 0xDD32, 0xD83A, 0xDD22, 0xD83A, 0xDD44, 0xD83A, 0xDD32, 0xD83A, 0xDD3A, 0xD83A, 0xDD2B, 0xD83A, 0xDD32, 0xD83A, 0xDD33, 0xD83A, 0xDD2E));
				case 542: return String(CharArray::of(0xD83A, 0xDD05, 0xD83A, 0xDD2D, 0xD83A, 0xDD3C, 0xD83A, 0xDD2A, 0xD83A, 0xDD2D, 0xD83A, 0xDD3C, 0x20, 0xD83A, 0xDD05, 0xD83A, 0xDD22, 0xD83A, 0xDD24, 0xD83A, 0xDD2D, 0xD83A, 0xDD27, 0xD83A, 0xDD2A, 0xD83A, 0xDD2B));
				case 543: return String(CharArray::of(0xD83A, 0xDD05, 0xD83A, 0xDD35, 0xD83A, 0xDD32, 0xD83A, 0xDD23, 0xD83A, 0xDD22, 0xD83A, 0xDD32, 0xD83A, 0xDD2D, 0xD83A, 0xDD45, 0xD83A, 0xDD2A, 0xD83A, 0xDD2B));
				case 544: return String(CharArray::of(0xD83A, 0xDD05, 0xD83A, 0xDD35, 0xD83A, 0xDD33, 0xD83A, 0xDD35, 0xD83A, 0xDD25, 0xD83A, 0xDD22, 0xD83A, 0xDD44, 0xD83A, 0xDD2A, 0xD83A, 0xDD2B));
				case 547: return String(CharArray::of(0xD83A, 0xDD05, 0xD83A, 0xDD31, 0xD83A, 0xDD2B, 0xD83A, 0xDD23, 0xD83A, 0xDD2D, 0xD83A, 0xDD32, 0xD83A, 0xDD33, 0xD83A, 0xDD2E, 0xD83A, 0xDD45, 0xD83A, 0xDD2A, 0xD83A, 0xDD2B));
				case 548: 
					if (region == 72) return String(CharArray::of(0xD83A, 0xDD05, 0xD83A, 0xDD35, 0xD83A, 0xDD31, 0xD83A, 0xDD22, 0xD83A, 0xDD38, 0xD83A, 0xDD2D, 0xD83A, 0xDD24, 0xD83A, 0xDD2D, 0xD83A, 0xDD45, 0xD83A, 0xDD2A, 0xD83A, 0xDD2B, 0x20, 0xD83A, 0xDD11, 0xD83A, 0xDD2E, 0xD83A, 0xDD32, 0xD83A, 0xDD3A, 0xD83A, 0xDD2E, 0x20, 0xD83A, 0xDD11, 0xD83A, 0xDD2D, 0xD83A, 0xDD32, 0xD83A, 0xDD27, 0xD83A, 0xDD22, 0xD83A, 0xDD27, 0xD83A, 0xDD22));
					return String(CharArray::of(0xD83A, 0xDD05, 0xD83A, 0xDD35, 0xD83A, 0xDD31, 0xD83A, 0xDD22, 0xD83A, 0xDD38, 0xD83A, 0xDD2D, 0xD83A, 0xDD24, 0xD83A, 0xDD2D, 0xD83A, 0xDD45, 0xD83A, 0xDD2A, 0xD83A, 0xDD2B));
				case 549: return String(CharArray::of(0xD83A, 0xDD11, 0xD83A, 0xDD2E, 0xD83A, 0xDD25, 0xD83A, 0xDD2E, 0xD83A, 0xDD2A, 0xD83A, 0xDD2D, 0xD83A, 0xDD45, 0xD83A, 0xDD2A, 0xD83A, 0xDD2B));
				case 551: return String(CharArray::of(0xD83A, 0xDD05, 0xD83A, 0xDD2D, 0xD83A, 0xDD45, 0xD83A, 0xDD2A, 0xD83A, 0xDD2D, 0xD83A, 0xDD34, 0xD83A, 0xDD22, 0xD83A, 0xDD33, 0xD83A, 0xDD2A, 0xD83A, 0xDD2B));
				case 553: return String(CharArray::of(0xD83A, 0xDD1A, 0xD83A, 0xDD22, 0xD83A, 0xDD25, 0xD83A, 0xDD35, 0xD83A, 0xDD24, 0xD83A, 0xDD2A, 0xD83A, 0xDD2B));
				case 554: return String(CharArray::of(0xD83A, 0xDD1A, 0xD83A, 0xDD35, 0xD83A, 0xDD3C, 0xD83A, 0xDD33, 0xD83A, 0xDD2E, 0xD83A, 0xDD32, 0xD83A, 0xDD2D, 0xD83A, 0xDD45, 0xD83A, 0xDD2A, 0xD83A, 0xDD2B, 0x20, 0xD83A, 0xDD19, 0xD83A, 0xDD22, 0xD83A, 0xDD44, 0xD83A, 0xDD25, 0xD83A, 0xDD32, 0xD83A, 0xDD22, 0xD83A, 0xDD44, 0xD83A, 0xDD32, 0xD83A, 0xDD3A, 0xD83A, 0xDD2B));
				case 556: return String(CharArray::of(0xD83A, 0xDD1A, 0xD83A, 0xDD2B, 0xD83A, 0xDD24, 0xD83A, 0xDD2B, 0xD83A, 0xDD3A, 0xD83A, 0xDD35, 0xD83A, 0xDD45, 0xD83A, 0xDD2A, 0xD83A, 0xDD2B));
				case 557: return String(CharArray::of(0xD83A, 0xDD1A, 0xD83A, 0xDD2B, 0xD83A, 0xDD25, 0xD83A, 0xDD2B, 0xD83A, 0xDD32, 0xD83A, 0xDD2B, 0xD83A, 0xDD45, 0xD83A, 0xDD2A, 0xD83A, 0xDD2B));
				case 558: return String(CharArray::of(0xD83A, 0xDD1A, 0xD83A, 0xDD2B, 0xD83A, 0xDD27, 0xD83A, 0xDD2E, 0xD83A, 0xDD45, 0xD83A, 0xDD2A, 0xD83A, 0xDD2B));
				case 560: return String(CharArray::of(0xD83A, 0xDD1A, 0xD83A, 0xDD2B, 0xD83A, 0xDD3C, 0xD83A, 0xDD35, 0xD83A, 0xDD25, 0xD83A, 0xDD2A, 0xD83A, 0xDD2B));
				case 561: return String(CharArray::of(0xD83A, 0xDD1A, 0xD83A, 0xDD22, 0xD83A, 0xDD36, 0xD83A, 0xDD2D, 0xD83A, 0xDD33, 0xD83A, 0xDD2A, 0xD83A, 0xDD2B));
				case 562: return String(CharArray::of(0xD83A, 0xDD1A, 0xD83A, 0xDD22, 0xD83A, 0xDD3A, 0xD83A, 0xDD2D, 0xD83A, 0xDD43, 0xD83A, 0xDD2A, 0xD83A, 0xDD2B));
				case 563: return String(CharArray::of(0xD83A, 0xDD1A, 0xD83A, 0xDD22, 0xD83A, 0xDD34, 0xD83A, 0xDD24, 0xD83A, 0xDD22, 0xD83A, 0xDD32, 0xD83A, 0xDD23, 0xD83A, 0xDD2B, 0xD83A, 0xDD45, 0xD83A, 0xDD2A, 0xD83A, 0xDD2B));
				case 564: return String(CharArray::of(0xD83A, 0xDD1A, 0xD83A, 0xDD22, 0xD83A, 0xDD38, 0xD83A, 0xDD22, 0xD83A, 0xDD24, 0xD83A, 0xDD3C, 0xD83A, 0xDD22, 0xD83A, 0xDD32, 0xD83A, 0xDD2A, 0xD83A, 0xDD2B));
				case 565: return String(CharArray::of(0xD83A, 0xDD1A, 0xD83A, 0xDD2D, 0xD83A, 0xDD3A, 0xD83A, 0xDD2D, 0xD83A, 0xDD2A, 0xD83A, 0xDD3B, 0xD83A, 0xDD22, 0xD83A, 0xDD44, 0xD83A, 0xDD2A, 0xD83A, 0xDD2B));
				case 566: return String(CharArray::of(0xD83A, 0xDD1A, 0xD83A, 0xDD2D, 0xD83A, 0xDD3A, 0xD83A, 0xDD2D, 0xD83A, 0xDD2A, 0xD83A, 0xDD34, 0xD83A, 0xDD22, 0xD83A, 0xDD32, 0xD83A, 0xDD2A, 0xD83A, 0xDD2B));
				case 568: return String(CharArray::of(0xD83A, 0xDD3C, 0xD83A, 0xDD35, 0xD83A, 0xDD2A, 0xD83A, 0xDD33, 0xD83A, 0xDD25, 0xD83A, 0xDD22, 0xD83A, 0xDD32, 0xD83A, 0xDD2A, 0xD83A, 0xDD2B));
				case 572: return String(CharArray::of(0xD83A, 0xDD11, 0xD83A, 0xDD2D, 0xD83A, 0xDD24, 0xD83A, 0xDD2D, 0xD83A, 0xDD32, 0xD83A, 0xDD3A, 0xD83A, 0xDD2E, 0xD83A, 0xDD32, 0xD83A, 0xDD2A, 0xD83A, 0xDD2B));
				case 573: return String(CharArray::of(0xD83A, 0xDD1A, 0xD83A, 0xDD24, 0xD83A, 0xDD2D, 0xD83A, 0xDD32, 0xD83A, 0xDD3A, 0xD83A, 0xDD2D, 0xD83A, 0xDD3C, 0xD83A, 0xDD2A, 0xD83A, 0xDD2B));
				case 576: return String(CharArray::of(0xD83A, 0xDD1A, 0xD83A, 0xDD2D, 0xD83A, 0xDD27, 0xD83A, 0xDD31, 0xD83A, 0xDD22, 0xD83A, 0xDD32, 0xD83A, 0xDD22, 0xD83A, 0xDD44, 0xD83A, 0xDD2A, 0xD83A, 0xDD2B));
				case 577: return String(CharArray::of(0xD83A, 0xDD1A, 0xD83A, 0xDD2E, 0xD83A, 0xDD32, 0xD83A, 0xDD3A, 0xD83A, 0xDD22, 0xD83A, 0xDD32, 0xD83A, 0xDD2A, 0xD83A, 0xDD2B));
				case 579: return String(CharArray::of(0xD83A, 0xDD1A, 0xD83A, 0xDD2E, 0xD83A, 0xDD33, 0xD83A, 0xDD2D, 0x20, 0xD83A, 0xDD06, 0xD83A, 0xDD2E, 0xD83A, 0xDD32, 0xD83A, 0xDD22, 0xD83A, 0xDD44, 0xD83A, 0xDD2A, 0xD83A, 0xDD2B));
				case 580: return String(CharArray::of(0xD83A, 0xDD1A, 0xD83A, 0xDD2E, 0xD83A, 0xDD33, 0x20, 0xD83A, 0xDD06, 0xD83A, 0xDD2D, 0xD83A, 0xDD27, 0xD83A, 0xDD2D, 0xD83A, 0xDD32, 0xD83A, 0xDD2A, 0xD83A, 0xDD2B));
				case 581: return String(CharArray::of(0xD83A, 0xDD1A, 0xD83A, 0xDD35, 0xD83A, 0xDD45, 0xD83A, 0xDD2A, 0xD83A, 0xDD22, 0xD83A, 0xDD32, 0xD83A, 0xDD33, 0xD83A, 0xDD2E, 0xD83A, 0xDD45, 0xD83A, 0xDD2A, 0xD83A, 0xDD2B));
				case 583: return String(CharArray::of(0xD83A, 0xDD1A, 0xD83A, 0xDD22, 0xD83A, 0xDD2A, 0xD83A, 0xDD2E, 0xD83A, 0xDD33, 0xD83A, 0xDD2E, 0xD83A, 0xDD45, 0xD83A, 0xDD2A, 0xD83A, 0xDD2B));
				case 585: return String(CharArray::of(0xD83A, 0xDD1A, 0xD83A, 0xDD2D, 0xD83A, 0xDD27, 0xD83A, 0xDD2E, 0xD83A, 0xDD32, 0xD83A, 0xDD3A, 0xD83A, 0xDD22, 0xD83A, 0xDD44, 0xD83A, 0xDD2A, 0xD83A, 0xDD2B));
				case 588: return String(CharArray::of(0xD83A, 0xDD1A, 0xD83A, 0xDD22, 0xD83A, 0xDD3C, 0xD83A, 0xDD22, 0xD83A, 0xDD2A, 0xD83A, 0xDD47, 0xD83A, 0xDD2A, 0xD83A, 0xDD2B));
				case 589: return String(CharArray::of(0xD83A, 0xDD1A, 0xD83A, 0xDD35, 0xD83A, 0xDD3C, 0xD83A, 0xDD37, 0xD83A, 0xDD2E, 0xD83A, 0xDD32, 0xD83A, 0xDD2B, 0xD83A, 0xDD32, 0xD83A, 0xDD2A, 0xD83A, 0xDD2B, 0x20, 0xD83A, 0xDD10, 0xD83A, 0xDD22, 0xD83A, 0xDD32, 0xD83A, 0xDD46, 0xD83A, 0xDD22, 0xD83A, 0xDD44, 0xD83A, 0xDD32, 0xD83A, 0xDD3A, 0xD83A, 0xDD2B, 0xD83A, 0xDD45, 0xD83A, 0xDD2A, 0xD83A, 0xDD2B));
				case 591: return String(CharArray::of(0xD83A, 0xDD1A, 0xD83A, 0xDD35, 0xD83A, 0xDD25, 0xD83A, 0xDD26, 0xD83A, 0xDD35, 0xD83A, 0xDD33, 0xD83A, 0xDD22, 0xD83A, 0xDD44, 0xD83A, 0xDD2A, 0xD83A, 0xDD2B));
				case 592: return String(CharArray::of(0xD83A, 0xDD1A, 0xD83A, 0xDD35, 0xD83A, 0xDD3E, 0xD83A, 0xDD22, 0xD83A, 0xDD24, 0xD83A, 0xDD35, 0xD83A, 0xDD45, 0xD83A, 0xDD2A, 0xD83A, 0xDD2B));
				case 594: return String(CharArray::of(0xD83A, 0xDD1A, 0xD83A, 0xDD22, 0xD83A, 0xDD27, 0xD83A, 0xDD22, 0xD83A, 0xDD44, 0xD83A, 0xDD39, 0xD83A, 0xDD2A, 0xD83A, 0xDD2B));
				case 595: return String(CharArray::of(0xD83A, 0xDD1A, 0xD83A, 0xDD22, 0xD83A, 0xDD38, 0xD83A, 0xDD2D, 0xD83A, 0xDD3C, 0xD83A, 0xDD2D, 0xD83A, 0xDD34, 0xD83A, 0xDD22, 0xD83A, 0xDD32, 0xD83A, 0xDD2A, 0xD83A, 0xDD2B));
				case 596: return String(CharArray::of(0xD83A, 0xDD1A, 0xD83A, 0xDD35, 0xD83A, 0xDD3E, 0xD83A, 0xDD2D, 0xD83A, 0xDD32, 0xD83A, 0xDD2D, 0xD83A, 0xDD34, 0xD83A, 0xDD22, 0xD83A, 0xDD32, 0xD83A, 0xDD2A, 0xD83A, 0xDD2B));
				case 597: return String(CharArray::of(0xD83A, 0xDD1A, 0xD83A, 0xDD22, 0xD83A, 0xDD25, 0xD83A, 0xDD22, 0xD83A, 0xDD36, 0xD83A, 0xDD2D, 0xD83A, 0xDD3C, 0xD83A, 0xDD2A, 0xD83A, 0xDD2B, 0x20, 0xD83A, 0xDD05, 0xD83A, 0xDD22, 0xD83A, 0xDD32, 0xD83A, 0xDD3C, 0xD83A, 0xDD2A, 0xD83A, 0xDD22, 0xD83A, 0xDD24, 0x20, 0xD83A, 0xDD00, 0xD83A, 0xDD3C, 0xD83A, 0xDD24, 0xD83A, 0xDD22, 0xD83A, 0xDD27));
				case 598: return String(CharArray::of(0xD83A, 0xDD13, 0xD83A, 0xDD23, 0xD83A, 0xDD25, 0xD83A, 0xDD35, 0xD83A, 0xDD2A, 0xD83A, 0xDD3C, 0xD83A, 0xDD2A, 0xD83A, 0xDD2B));
				case 599: return String(CharArray::of(0xD83A, 0xDD13, 0xD83A, 0xDD45, 0xD83A, 0xDD34, 0xD83A, 0xDD3A, 0xD83A, 0xDD35, 0xD83A, 0xDD45, 0xD83A, 0xDD2A, 0xD83A, 0xDD2B));
				case 601: return String(CharArray::of(0xD83A, 0xDD12, 0xD83A, 0xDD35, 0xD83A, 0xDD33, 0xD83A, 0xDD2A, 0xD83A, 0xDD2B, 0xD83A, 0xDD32, 0xD83A, 0xDD2D, 0xD83A, 0xDD34, 0xD83A, 0xDD22, 0xD83A, 0xDD32, 0xD83A, 0xDD2A, 0xD83A, 0xDD2B));
				case 602: return String(CharArray::of(0xD83A, 0xDD13, 0xD83A, 0xDD25, 0xD83A, 0xDD26, 0xD83A, 0xDD35, 0xD83A, 0xDD32, 0xD83A, 0xDD23, 0xD83A, 0xDD35, 0xD83A, 0xDD45, 0xD83A, 0xDD2A, 0xD83A, 0xDD2B));
				case 603: return String(CharArray::of(0xD83A, 0xDD0D, 0xD83A, 0xDD2B, 0xD83A, 0xDD32, 0xD83A, 0xDD3A, 0xD83A, 0xDD22, 0xD83A, 0xDD24, 0x20, 0xD83A, 0xDD22, 0xD83A, 0xDD27, 0x2D, 0xD83A, 0xDD22, 0xD83A, 0xDD32, 0xD83A, 0xDD23, 0xD83A, 0xDD22, 0xD83A, 0xDD44, 0xD83A, 0xDD32, 0xD83A, 0xDD3A, 0xD83A, 0xDD22, 0xD83A, 0xDD24));
				case 604: return String(CharArray::of(0xD83A, 0xDD13, 0xD83A, 0xDD2A, 0xD83A, 0xDD23, 0xD83A, 0xDD35, 0xD83A, 0xDD45, 0xD83A, 0xDD2A, 0xD83A, 0xDD2B));
				case 605: return String(CharArray::of(0xD83A, 0xDD13, 0xD83A, 0xDD45, 0xD83A, 0xDD27, 0xD83A, 0xDD26, 0xD83A, 0xDD2B, 0xD83A, 0xDD33, 0xD83A, 0xDD2A, 0xD83A, 0xDD2B));
				case 606: return String(CharArray::of(0xD83A, 0xDD3E, 0xD83A, 0xDD22, 0xD83A, 0xDD44, 0xD83A, 0xDD34, 0xD83A, 0xDD2A, 0xD83A, 0xDD2B));
				case 607: return String(CharArray::of(0xD83A, 0xDD0F, 0xD83A, 0xDD2B, 0xD83A, 0xDD32, 0xD83A, 0xDD23, 0xD83A, 0xDD22, 0xD83A, 0xDD44, 0xD83A, 0xDD2A, 0xD83A, 0xDD2B));
				case 608: return String(CharArray::of(0xD83A, 0xDD0F, 0xD83A, 0xDD2B, 0xD83A, 0xDD32, 0xD83A, 0xDD2D, 0xD83A, 0xDD45, 0xD83A, 0xDD27, 0xD83A, 0xDD34, 0xD83A, 0xDD22, 0xD83A, 0xDD32, 0xD83A, 0xDD33, 0xD83A, 0xDD2E, 0xD83A, 0xDD45, 0xD83A, 0xDD2A, 0xD83A, 0xDD2B));
				case 610: return String(CharArray::of(0xD83A, 0xDD0F, 0xD83A, 0xDD2D, 0xD83A, 0xDD34, 0xD83A, 0xDD2B, 0xD83A, 0xDD3C, 0xD83A, 0xDD32, 0xD83A, 0xDD22, 0xD83A, 0xDD25, 0xD83A, 0xDD2D, 0xD83A, 0xDD32, 0xD83A, 0xDD33, 0xD83A, 0xDD2E, 0xD83A, 0xDD45, 0xD83A, 0xDD2A, 0xD83A, 0xDD2B));
				case 614: return String(CharArray::of(0xD83A, 0xDD0F, 0xD83A, 0xDD2E, 0xD83A, 0xDD24, 0xD83A, 0xDD22, 0xD83A, 0xDD28, 0xD83A, 0xDD35, 0xD83A, 0xDD33, 0xD83A, 0xDD2A, 0xD83A, 0xDD2B));
				case 617: return String(CharArray::of(0xD83A, 0xDD0F, 0xD83A, 0xDD35, 0xD83A, 0xDD32, 0xD83A, 0xDD36, 0xD83A, 0xDD2E, 0xD83A, 0xDD45, 0xD83A, 0xDD2A, 0xD83A, 0xDD2B));
				case 618: return String(CharArray::of(0xD83A, 0xDD0F, 0xD83A, 0xDD22, 0xD83A, 0xDD44, 0xD83A, 0xDD24, 0xD83A, 0xDD2E, 0xD83A, 0xDD32, 0xD83A, 0xDD33, 0xD83A, 0xDD2E, 0xD83A, 0xDD45, 0xD83A, 0xDD2A, 0xD83A, 0xDD2B));
				case 619: return String(CharArray::of(0xD83A, 0xDD0F, 0xD83A, 0xDD22, 0xD83A, 0xDD24, 0xD83A, 0xDD27, 0xD83A, 0xDD2B, 0xD83A, 0xDD45, 0xD83A, 0xDD2A, 0xD83A, 0xDD2B));
				case 620: return String(CharArray::of(0xD83A, 0xDD0F, 0xD83A, 0xDD2E, 0xD83A, 0xDD45, 0xD83A, 0xDD24, 0xD83A, 0xDD22, 0xD83A, 0xDD34, 0xD83A, 0xDD3C, 0xD83A, 0xDD22, 0xD83A, 0xDD44, 0xD83A, 0xDD2A, 0xD83A, 0xDD2B));
				case 621: return String(CharArray::of(0xD83A, 0xDD0F, 0xD83A, 0xDD22, 0xD83A, 0xDD2A, 0xD83A, 0xDD22, 0xD83A, 0xDD34, 0xD83A, 0xDD2B, 0xD83A, 0xDD45, 0xD83A, 0xDD2A, 0xD83A, 0xDD2B));
				case 624: return String(CharArray::of(0xD83A, 0xDD0F, 0xD83A, 0xDD2E, 0xD83A, 0xDD24, 0xD83A, 0xDD2E, 0xD83A, 0xDD2C, 0xD83A, 0xDD2A, 0xD83A, 0xDD2B));
				case 625: return String(CharArray::of(0xD83A, 0xDD0F, 0xD83A, 0xDD35, 0xD83A, 0xDD45, 0xD83A, 0xDD2A, 0xD83A, 0xDD2B, 0x20, 0xD83A, 0xDD05, 0xD83A, 0xDD2D, 0xD83A, 0xDD45, 0xD83A, 0xDD32));
				case 626: return String(CharArray::of(0xD83A, 0xDD11, 0xD83A, 0xDD22, 0xD83A, 0xDD24, 0xD83A, 0xDD25, 0xD83A, 0xDD35, 0xD83A, 0xDD33, 0xD83A, 0xDD2A, 0xD83A, 0xDD2B));
				case 627: return String(CharArray::of(0xD83A, 0xDD11, 0xD83A, 0xDD2E, 0xD83A, 0xDD45, 0xD83A, 0xDD27, 0xD83A, 0xDD22, 0xD83A, 0xDD44, 0xD83A, 0xDD2A, 0xD83A, 0xDD2B));
				case 630: return String(CharArray::of(0xD83A, 0xDD05, 0xD83A, 0xDD2E, 0xD83A, 0xDD3A, 0xD83A, 0xDD22, 0xD83A, 0xDD44, 0xD83A, 0xDD2A, 0xD83A, 0xDD2B));
				case 633: return String(CharArray::of(0xD83A, 0xDD12, 0xD83A, 0xDD22, 0xD83A, 0xDD32, 0xD83A, 0xDD3A, 0xD83A, 0xDD26, 0xD83A, 0xDD2B, 0xD83A, 0xDD45, 0xD83A, 0xDD2A, 0xD83A, 0xDD2B));
				case 634: return String(CharArray::of(0xD83A, 0xDD12, 0xD83A, 0xDD2B, 0xD83A, 0xDD25, 0xD83A, 0xDD26, 0xD83A, 0xDD22, 0xD83A, 0xDD44, 0xD83A, 0xDD2A, 0xD83A, 0xDD2B));
				case 635: return String(CharArray::of(0xD83A, 0xDD12, 0xD83A, 0xDD2D, 0xD83A, 0xDD23, 0xD83A, 0xDD2D, 0xD83A, 0xDD27, 0xD83A, 0xDD22, 0xD83A, 0xDD32, 0xD83A, 0xDD33, 0xD83A, 0xDD2E, 0xD83A, 0xDD45, 0xD83A, 0xDD2A, 0xD83A, 0xDD2B));
				case 636: return String(CharArray::of(0xD83A, 0xDD12, 0xD83A, 0xDD2E, 0xD83A, 0xDD45, 0xD83A, 0xDD2A, 0xD83A, 0xDD35, 0xD83A, 0xDD26, 0xD83A, 0xDD22, 0xD83A, 0xDD44, 0xD83A, 0xDD2A, 0xD83A, 0xDD2B));
				case 637: return String(CharArray::of(0xD83A, 0xDD1B, 0xD83A, 0xDD2B, 0xD83A, 0xDD45, 0xD83A, 0xDD32, 0xD83A, 0xDD3A, 0xD83A, 0xDD22, 0xD83A, 0xDD3C, 0xD83A, 0xDD35, 0xD83A, 0xDD45, 0xD83A, 0xDD2A, 0xD83A, 0xDD2B));
				case 638: return String(CharArray::of(0xD83A, 0xDD11, 0xD83A, 0xDD22, 0xD83A, 0xDD32, 0xD83A, 0xDD3C, 0xD83A, 0xDD2E, 0xD83A, 0xDD32, 0xD83A, 0xDD2B, 0xD83A, 0xDD45, 0xD83A, 0xDD2A, 0xD83A, 0xDD2B));
				case 644: return String(CharArray::of(0xD83A, 0xDD1A, 0xD83A, 0xDD22, 0xD83A, 0xDD25, 0xD83A, 0xDD22, 0xD83A, 0xDD41, 0xD83A, 0xDD2D, 0xD83A, 0xDD3C, 0xD83A, 0xDD2A, 0xD83A, 0xDD2B, 0x20, 0xD83A, 0xDD16, 0xD83A, 0xDD22, 0xD83A, 0xDD32, 0xD83A, 0xDD3C, 0xD83A, 0xDD35, 0xD83A, 0xDD32, 0xD83A, 0xDD4B, 0xD83A, 0xDD23, 0xD83A, 0xDD2B, 0x20, 0xD83A, 0xDD03, 0xD83A, 0xDD22, 0xD83A, 0xDD2A, 0xD83A, 0xDD2E, 0xD83A, 0xDD45, 0xD83A, 0xDD33));
				case 645: 
					if (script == 61) return String(CharArray::of(0xD83A, 0xDD15, 0xD83A, 0xDD22, 0xD83A, 0xDD34, 0xD83A, 0xDD32, 0xD83A, 0xDD22, 0xD83A, 0xDD32, 0xD83A, 0xDD33, 0xD83A, 0xDD2E, 0xD83A, 0xDD45, 0xD83A, 0xDD2A, 0xD83A, 0xDD2B, 0x20, 0xD83A, 0xDD12, 0xD83A, 0xDD2B, 0xD83A, 0xDD37, 0xD83A, 0xDD46, 0xD83A, 0xDD35, 0xD83A, 0xDD32, 0xD83A, 0xDD4B, 0xD83A, 0xDD23, 0xD83A, 0xDD2B));
					if (script == 60) return String(CharArray::of(0xD83A, 0xDD15, 0xD83A, 0xDD22, 0xD83A, 0xDD34, 0xD83A, 0xDD32, 0xD83A, 0xDD22, 0xD83A, 0xDD32, 0xD83A, 0xDD33, 0xD83A, 0xDD2E, 0xD83A, 0xDD45, 0xD83A, 0xDD2A, 0xD83A, 0xDD2B, 0x20, 0xD83A, 0xDD16, 0xD83A, 0xDD2E, 0xD83A, 0xDD34, 0xD83A, 0xDD2C, 0xD83A, 0xDD2D, 0xD83A, 0xDD32, 0xD83A, 0xDD22, 0xD83A, 0xDD44, 0xD83A, 0xDD32, 0xD83A, 0xDD23, 0xD83A, 0xDD2B));
					return String(CharArray::of(0xD83A, 0xDD15, 0xD83A, 0xDD22, 0xD83A, 0xDD34, 0xD83A, 0xDD32, 0xD83A, 0xDD22, 0xD83A, 0xDD32, 0xD83A, 0xDD33, 0xD83A, 0xDD2E, 0xD83A, 0xDD45, 0xD83A, 0xDD2A, 0xD83A, 0xDD2B));
				case 646: return String(CharArray::of(0xD83A, 0xDD41, 0xD83A, 0xDD35, 0xD83A, 0xDD24, 0xD83A, 0xDD35, 0xD83A, 0xDD45, 0xD83A, 0xDD2A, 0xD83A, 0xDD2B));
				case 647: return String(CharArray::of(0xD83A, 0xDD1F, 0xD83A, 0xDD35, 0xD83A, 0xDD32, 0xD83A, 0xDD2D, 0xD83A, 0xDD45, 0xD83A, 0xDD2A, 0xD83A, 0xDD2B));
				case 648: return String(CharArray::of(0xD83A, 0xDD00, 0xD83A, 0xDD24, 0xD83A, 0xDD22, 0xD83A, 0xDD44, 0x20, 0xD83A, 0xDD26, 0xD83A, 0xDD22, 0xD83A, 0xDD2F, 0xD83A, 0xDD2E, 0xD83A, 0xDD2A, 0xD83A, 0xDD22, 0xD83A, 0xDD24, 0x20, 0xD83A, 0xDD2F, 0xD83A, 0xDD2B, 0xD83A, 0xDD32, 0xD83A, 0xDD2F, 0xD83A, 0xDD22, 0xD83A, 0xDD32, 0xD83A, 0xDD33, 0xD83A, 0xDD2E));
				case 649: return String(CharArray::of(0xD83A, 0xDD1F, 0xD83A, 0xDD22, 0xD83A, 0xDD41, 0xD83A, 0xDD22, 0xD83A, 0xDD44, 0xD83A, 0xDD2A, 0xD83A, 0xDD2B));
            default: break;
            }
            return String();
        }
        
        String Ff_Adlm::displayScript(gint script) const {
            switch(script) {
				case 0: return String(CharArray::of(0xD83A, 0xDD00, 0xD83A, 0xDD01, 0xD83A, 0xDD02, 0xD83A, 0xDD22, 0xD83A, 0xDD03));
				case 2: return String(CharArray::of(0xD83A, 0xDD00, 0xD83A, 0xDD39, 0xD83A, 0xDD26, 0xD83A, 0xDD22, 0xD83A, 0xDD32, 0xD83A, 0xDD2D, 0xD83A, 0xDD34, 0xD83A, 0xDD22));
				case 3: return String(CharArray::of(0xD83A, 0xDD00, 0xD83A, 0xDD38, 0xD83A, 0xDD2E, 0xD83A, 0xDD25));
				case 4: return String(CharArray::of(0xD83A, 0xDD00, 0xD83A, 0xDD44, 0xD83A, 0xDD2A, 0xD83A, 0xDD22, 0xD83A, 0xDD26, 0xD83A, 0xDD35));
				case 5: return String(CharArray::of(0xD83A, 0xDD10, 0xD83A, 0xDD22, 0xD83A, 0xDD27, 0xD83A, 0xDD3C, 0xD83A, 0xDD22, 0xD83A, 0xDD24, 0xD83A, 0xDD2D, 0xD83A, 0xDD39));
				case 6: return String(CharArray::of(0xD83A, 0xDD00, 0xD83A, 0xDD2A, 0xD83A, 0xDD22, 0xD83A, 0xDD25, 0xD83A, 0xDD2D, 0xD83A, 0xDD34, 0xD83A, 0xDD22, 0x20, 0xD83A, 0xDD09, 0xD83A, 0xDD25, 0xD83A, 0xDD28, 0xD83A, 0xDD2B, 0xD83A, 0xDD2A, 0xD83A, 0xDD2D, 0xD83A, 0xDD34, 0xD83A, 0xDD22, 0xD83A, 0xDD24));
				case 7: return String(CharArray::of(0xD83A, 0xDD00, 0xD83A, 0xDD2A, 0xD83A, 0xDD25, 0xD83A, 0xDD2B, 0xD83A, 0xDD32, 0xD83A, 0xDD2D, 0xD83A, 0xDD34, 0xD83A, 0xDD22, 0xD83A, 0xDD32));
				case 8: return String(CharArray::of(0xD83A, 0xDD00, 0xD83A, 0xDD3E, 0xD83A, 0xDD2B, 0xD83A, 0xDD27, 0xD83A, 0xDD3C, 0xD83A, 0xDD22, 0xD83A, 0xDD32));
				case 9: return String(CharArray::of(0xD83A, 0xDD04, 0xD83A, 0xDD22, 0xD83A, 0xDD24, 0xD83A, 0xDD2D, 0xD83A, 0xDD32, 0xD83A, 0xDD2D, 0xD83A, 0xDD45, 0xD83A, 0xDD27));
				case 10: return String(CharArray::of(0xD83A, 0xDD04, 0xD83A, 0xDD22, 0xD83A, 0xDD25, 0xD83A, 0xDD35));
				case 11: return String(CharArray::of(0xD83A, 0xDD04, 0xD83A, 0xDD22, 0xD83A, 0xDD27, 0xD83A, 0xDD22, 0xD83A, 0xDD44, 0x20, 0xD83A, 0xDD1C, 0xD83A, 0xDD22, 0xD83A, 0xDD44));
				case 12: return String(CharArray::of(0xD83A, 0xDD04, 0xD83A, 0xDD22, 0xD83A, 0xDD3C, 0xD83A, 0xDD22, 0xD83A, 0xDD33));
				case 13: return String(CharArray::of(0xD83A, 0xDD04, 0xD83A, 0xDD2B, 0xD83A, 0xDD32, 0xD83A, 0xDD3A, 0xD83A, 0xDD22, 0xD83A, 0xDD24, 0xD83A, 0xDD2D));
				case 14: return String(CharArray::of(0xD83A, 0xDD04, 0xD83A, 0xDD22, 0xD83A, 0xDD34, 0xD83A, 0xDD33, 0xD83A, 0xDD35, 0xD83A, 0xDD27, 0xD83A, 0xDD35, 0xD83A, 0xDD33, 0xD83A, 0xDD2D));
				case 16: return String(CharArray::of(0xD83A, 0xDD04, 0xD83A, 0xDD2E, 0xD83A, 0xDD28, 0xD83A, 0xDD2E, 0xD83A, 0xDD25, 0xD83A, 0xDD2E, 0xD83A, 0xDD2C, 0xD83A, 0xDD2E));
				case 17: return String(CharArray::of(0xD83A, 0xDD04, 0xD83A, 0xDD2A, 0xD83A, 0xDD22, 0xD83A, 0xDD38, 0xD83A, 0xDD22, 0xD83A, 0xDD25, 0xD83A, 0xDD2D));
				case 18: return String(CharArray::of(0xD83A, 0xDD04, 0xD83A, 0xDD22, 0xD83A, 0xDD2A, 0xD83A, 0xDD22, 0xD83A, 0xDD2D, 0xD83A, 0xDD45, 0xD83A, 0xDD24, 0xD83A, 0xDD35));
				case 19: return String(CharArray::of(0xD83A, 0xDD04, 0xD83A, 0xDD35, 0xD83A, 0xDD3A, 0xD83A, 0xDD2D, 0xD83A, 0xDD32, 0xD83A, 0xDD2D, 0xD83A, 0xDD34, 0xD83A, 0xDD22));
				case 20: return String(CharArray::of(0xD83A, 0xDD04, 0xD83A, 0xDD35, 0xD83A, 0xDD38, 0xD83A, 0xDD2D, 0xD83A, 0xDD23));
				case 21: return String(CharArray::of(0xD83A, 0xDD15, 0xD83A, 0xDD22, 0xD83A, 0xDD33, 0xD83A, 0xDD25, 0xD83A, 0xDD22));
				case 22: return String(CharArray::of(0xD83A, 0xDD11, 0xD83A, 0xDD22, 0xD83A, 0xDD31, 0xD83A, 0xDD2A, 0xD83A, 0xDD22, 0xD83A, 0xDD24, 0x20, 0xD83A, 0xDD05, 0xD83A, 0xDD2D, 0xD83A, 0xDD3A, 0xD83A, 0xDD22, 0xD83A, 0xDD32, 0xD83A, 0xDD2F, 0xD83A, 0xDD2B, 0x20, 0xD83A, 0xDD1A, 0xD83A, 0xDD22, 0xD83A, 0xDD44, 0xD83A, 0xDD33, 0xD83A, 0xDD22, 0xD83A, 0xDD32, 0xD83A, 0xDD36, 0xD83A, 0xDD2B, 0x20, 0xD83A, 0xDD11, 0xD83A, 0xDD22, 0xD83A, 0xDD32, 0xD83A, 0xDD22, 0xD83A, 0xDD23, 0xD83A, 0xDD22, 0xD83A, 0xDD44));
				case 23: return String(CharArray::of(0xD83A, 0xDD11, 0xD83A, 0xDD22, 0xD83A, 0xDD2A, 0xD83A, 0xDD2D, 0xD83A, 0xDD34, 0xD83A, 0xDD22, 0xD83A, 0xDD32));
				case 24: return String(CharArray::of(0xD83A, 0xDD15, 0xD83A, 0xDD22, 0xD83A, 0xDD44, 0xD83A, 0xDD25));
				case 25: return String(CharArray::of(0xD83A, 0xDD15, 0xD83A, 0xDD2B, 0xD83A, 0xDD2A, 0xD83A, 0xDD2E, 0xD83A, 0xDD33, 0xD83A, 0xDD2D, 0xD83A, 0xDD45));
				case 26: return String(CharArray::of(0xD83A, 0xDD11, 0xD83A, 0xDD2E, 0xD83A, 0xDD2A, 0xD83A, 0xDD22, 0xD83A, 0xDD44, 0xD83A, 0xDD27, 0xD83A, 0xDD25, 0xD83A, 0xDD2D, 0xD83A, 0xDD34, 0xD83A, 0xDD22));
				case 28: return String(CharArray::of(0xD83A, 0xDD11, 0xD83A, 0xDD2D, 0xD83A, 0xDD26, 0xD83A, 0xDD2F, 0xD83A, 0xDD2D, 0xD83A, 0xDD32, 0xD83A, 0xDD33, 0xD83A, 0xDD2E));
				case 29: return String(CharArray::of(0xD83A, 0xDD05, 0xD83A, 0xDD2D, 0xD83A, 0xDD45, 0xD83A, 0xDD28, 0xD83A, 0xDD2A, 0xD83A, 0xDD2E, 0x20, 0xD83A, 0xDD03, 0xD83A, 0xDD2D, 0xD83A, 0xDD32, 0xD83A, 0xDD2E, 0xD83A, 0xDD34, 0xD83A, 0xDD22));
				case 30: return String(CharArray::of(0xD83A, 0xDD11, 0xD83A, 0xDD35, 0xD83A, 0xDD26, 0xD83A, 0xDD2D, 0xD83A, 0xDD2A, 0xD83A, 0xDD27, 0xD83A, 0xDD35));
				case 31: return String(CharArray::of(0xD83A, 0xDD05, 0xD83A, 0xDD2D, 0xD83A, 0xDD2A, 0xD83A, 0xDD24, 0xD83A, 0xDD2D, 0xD83A, 0xDD33));
				case 33: return String(CharArray::of(0xD83A, 0xDD01, 0xD83A, 0xDD2B, 0xD83A, 0xDD3E, 0xD83A, 0xDD22, 0xD83A, 0xDD32, 0xD83A, 0xDD22, 0xD83A, 0xDD3A, 0xD83A, 0xDD22, 0xD83A, 0xDD2A, 0xD83A, 0xDD2D));
				case 34: return String(CharArray::of(0xD83A, 0xDD01, 0xD83A, 0xDD2D, 0xD83A, 0xDD3E, 0xD83A, 0xDD2B, 0xD83A, 0xDD45, 0xD83A, 0xDD27, 0x20, 0xD83A, 0xDD00, 0xD83A, 0xDD33, 0xD83A, 0xDD35, 0xD83A, 0xDD2A, 0xD83A, 0xDD35));
				case 35: return String(CharArray::of(0xD83A, 0xDD01, 0xD83A, 0xDD2E, 0xD83A, 0xDD3A, 0xD83A, 0xDD2A, 0xD83A, 0xDD22));
				case 36: return String(CharArray::of(0xD83A, 0xDD01, 0xD83A, 0xDD2B, 0xD83A, 0xDD27, 0xD83A, 0xDD2B, 0xD83A, 0xDD2A, 0xD83A, 0xDD2B, 0xD83A, 0xDD3C));
				case 37: return String(CharArray::of(0xD83A, 0xDD01, 0xD83A, 0xDD35, 0xD83A, 0xDD28, 0xD83A, 0xDD24, 0xD83A, 0xDD2E, 0xD83A, 0xDD34, 0xD83A, 0xDD22, 0xD83A, 0xDD32, 0x20, 0xD83A, 0xDD05, 0xD83A, 0xDD2E, 0xD83A, 0xDD45, 0xD83A, 0xDD2A, 0xD83A, 0xDD3C, 0xD83A, 0xDD24, 0xD83A, 0xDD22, 0xD83A, 0xDD32, 0xD83A, 0xDD23));
				case 40: return String(CharArray::of(0xD83A, 0xDD16, 0xD83A, 0xDD2D, 0xD83A, 0xDD2A, 0xD83A, 0xDD2E, 0xD83A, 0xDD3A, 0xD83A, 0xDD2D, 0xD83A, 0xDD2A, 0xD83A, 0xDD2C, 0xD83A, 0xDD35, 0x20, 0xD83A, 0xDD03, 0xD83A, 0xDD2D, 0xD83A, 0xDD27, 0xD83A, 0xDD2D, 0xD83A, 0xDD2A, 0xD83A, 0xDD22));
				case 41: return String(CharArray::of(0xD83A, 0xDD09, 0xD83A, 0xDD24, 0xD83A, 0xDD26, 0xD83A, 0xDD22, 0xD83A, 0xDD27, 0xD83A, 0xDD22, 0xD83A, 0xDD32));
				case 42: return String(CharArray::of(0xD83A, 0xDD09, 0xD83A, 0xDD24, 0xD83A, 0xDD34, 0xD83A, 0xDD25, 0xD83A, 0xDD22, 0xD83A, 0xDD34, 0xD83A, 0xDD33));
				case 43: return String(CharArray::of(0xD83A, 0xDD16, 0xD83A, 0xDD22, 0xD83A, 0xDD26, 0xD83A, 0xDD22, 0xD83A, 0xDD27, 0xD83A, 0xDD2D, 0xD83A, 0xDD32, 0xD83A, 0xDD33, 0xD83A, 0xDD2E));
				case 46: return String(CharArray::of(0xD83A, 0xDD14, 0xD83A, 0xDD2E, 0xD83A, 0xDD2A, 0xD83A, 0xDD36, 0xD83A, 0xDD2D, 0xD83A, 0xDD34, 0xD83A, 0xDD22, 0xD83A, 0xDD32));
				case 47: return String(CharArray::of(0xD83A, 0xDD18, 0xD83A, 0xDD2D, 0xD83A, 0xDD24, 0xD83A, 0xDD22, 0xD83A, 0xDD3A, 0xD83A, 0xDD2E, 0xD83A, 0xDD24, 0xD83A, 0xDD2D, 0xD83A, 0xDD3C, 0xD83A, 0xDD2D, 0xD83A, 0xDD33));
				case 48: return String(CharArray::of(0xD83A, 0xDD18, 0xD83A, 0xDD35, 0xD83A, 0xDD32, 0xD83A, 0xDD36, 0xD83A, 0xDD22, 0xD83A, 0xDD24, 0xD83A, 0xDD22, 0x20, 0xD83A, 0xDD18, 0xD83A, 0xDD2E, 0xD83A, 0xDD32, 0xD83A, 0xDD23, 0xD83A, 0xDD2D));
				case 49: return String(CharArray::of(0xD83A, 0xDD03, 0xD83A, 0xDD22, 0xD83A, 0xDD27, 0xD83A, 0xDD22, 0xD83A, 0xDD2A, 0xD83A, 0xDD22, 0xD83A, 0xDD32, 0x20, 0xD83A, 0xDD18, 0xD83A, 0xDD2E, 0xD83A, 0xDD32, 0xD83A, 0xDD23, 0xD83A, 0xDD2D));
				case 50: return String(CharArray::of(0xD83A, 0xDD18, 0xD83A, 0xDD35, 0xD83A, 0xDD45, 0xD83A, 0xDD3C, 0xD83A, 0xDD2D, 0xD83A, 0xDD32, 0xD83A, 0xDD33, 0xD83A, 0xDD2E));
				case 51: return String(CharArray::of(0xD83A, 0xDD18, 0xD83A, 0xDD22, 0xD83A, 0xDD2A, 0xD83A, 0xDD22, 0xD83A, 0xDD32, 0xD83A, 0xDD3C, 0xD83A, 0xDD22));
				case 52: return String(CharArray::of(0xD83A, 0xDD18, 0xD83A, 0xDD2D, 0xD83A, 0xDD2A, 0xD83A, 0xDD27, 0xD83A, 0xDD22));
				case 53: return String(CharArray::of(0xD83A, 0xDD18, 0xD83A, 0xDD35, 0xD83A, 0xDD36, 0xD83A, 0xDD22, 0xD83A, 0xDD2A, 0xD83A, 0xDD22, 0xD83A, 0xDD3C, 0xD83A, 0xDD2D, 0xD83A, 0xDD45));
				case 55: return String(CharArray::of(0xD83A, 0xDD18, 0xD83A, 0xDD35, 0xD83A, 0xDD2A, 0xD83A, 0xDD25, 0xD83A, 0xDD35, 0xD83A, 0xDD3F, 0xD83A, 0xDD2D));
				case 56: return String(CharArray::of(0xD83A, 0xDD16, 0xD83A, 0xDD22, 0xD83A, 0xDD44, 0xD83A, 0xDD32, 0x20, 0xD83A, 0xDD2B, 0x20, 0xD83A, 0xDD04, 0xD83A, 0xDD2E, 0xD83A, 0xDD28, 0xD83A, 0xDD2E, 0xD83A, 0xDD25, 0xD83A, 0xDD2E, 0xD83A, 0xDD2C, 0xD83A, 0xDD2E));
				case 57: return String(CharArray::of(0xD83A, 0xDD16, 0xD83A, 0xDD22, 0xD83A, 0xDD32, 0xD83A, 0xDD3A, 0xD83A, 0xDD35, 0xD83A, 0xDD45, 0xD83A, 0xDD24));
				case 58: return String(CharArray::of(0xD83A, 0xDD16, 0xD83A, 0xDD22, 0xD83A, 0xDD44, 0xD83A, 0xDD32));
				case 59: return String(CharArray::of(0xD83A, 0xDD16, 0xD83A, 0xDD22, 0xD83A, 0xDD32, 0xD83A, 0xDD35, 0xD83A, 0xDD45, 0xD83A, 0xDD32, 0xD83A, 0xDD2E));
				case 60: return String(CharArray::of(0xD83A, 0xDD16, 0xD83A, 0xDD2E, 0xD83A, 0xDD34, 0xD83A, 0xDD32, 0xD83A, 0xDD22, 0xD83A, 0xDD44, 0xD83A, 0xDD32, 0xD83A, 0xDD23, 0xD83A, 0xDD2B));
				case 61: return String(CharArray::of(0xD83A, 0xDD1A, 0xD83A, 0xDD22, 0xD83A, 0xDD31, 0xD83A, 0xDD22, 0xD83A, 0xDD44, 0xD83A, 0xDD32, 0xD83A, 0xDD23, 0xD83A, 0xDD2B));
				case 62: return String(CharArray::of(0xD83A, 0xDD16, 0xD83A, 0xDD22, 0xD83A, 0xDD3C, 0xD83A, 0xDD22, 0xD83A, 0xDD2A, 0xD83A, 0xDD22, 0xD83A, 0xDD32));
				case 63: return String(CharArray::of(0xD83A, 0xDD16, 0xD83A, 0xDD22, 0xD83A, 0xDD26, 0xD83A, 0xDD35, 0xD83A, 0xDD2A, 0xD83A, 0xDD22));
				case 64: return String(CharArray::of(0xD83A, 0xDD16, 0xD83A, 0xDD2D, 0xD83A, 0xDD2A, 0xD83A, 0xDD22, 0xD83A, 0xDD3A, 0xD83A, 0xDD22, 0xD83A, 0xDD32, 0xD83A, 0xDD22));
				case 65: return String(CharArray::of(0xD83A, 0xDD16, 0xD83A, 0xDD2D, 0xD83A, 0xDD2A, 0xD83A, 0xDD2E, 0xD83A, 0xDD3A, 0xD83A, 0xDD2D, 0xD83A, 0xDD2A, 0xD83A, 0xDD2C, 0xD83A, 0xDD35, 0x20, 0xD83A, 0xDD00, 0xD83A, 0xDD32, 0xD83A, 0xDD22, 0xD83A, 0xDD3C, 0xD83A, 0xDD2E, 0xD83A, 0xDD24, 0xD83A, 0xDD2D, 0xD83A, 0xDD34, 0xD83A, 0xDD22));
				case 66: return String(CharArray::of(0xD83A, 0xDD06, 0xD83A, 0xDD22, 0xD83A, 0xDD38, 0xD83A, 0xDD22, 0xD83A, 0xDD31, 0x20, 0xD83A, 0xDD16, 0xD83A, 0xDD22, 0xD83A, 0xDD25, 0xD83A, 0xDD2E, 0xD83A, 0xDD32, 0xD83A, 0xDD3A));
				case 67: return String(CharArray::of(0xD83A, 0xDD19, 0xD83A, 0xDD2D, 0xD83A, 0xDD22, 0xD83A, 0xDD33, 0xD83A, 0xDD2B, 0xD83A, 0xDD32, 0xD83A, 0xDD3A, 0x20, 0xD83A, 0xDD06, 0xD83A, 0xDD35, 0xD83A, 0xDD22, 0xD83A, 0xDD27, 0xD83A, 0xDD35, 0xD83A, 0xDD45, 0x20, 0xD83A, 0xDD16, 0xD83A, 0xDD25, 0xD83A, 0xDD2E, 0xD83A, 0xDD32, 0xD83A, 0xDD3A));
				case 68: return String(CharArray::of(0xD83A, 0xDD05, 0xD83A, 0xDD2D, 0xD83A, 0xDD3A, 0xD83A, 0xDD22, 0xD83A, 0xDD32, 0xD83A, 0xDD2F, 0xD83A, 0xDD2B, 0x20, 0xD83A, 0xDD10, 0xD83A, 0xDD2D, 0xD83A, 0xDD28, 0xD83A, 0xDD2E, 0xD83A, 0xDD32, 0xD83A, 0xDD36, 0xD83A, 0xDD2B));
				case 69: return String(CharArray::of(0xD83A, 0xDD11, 0xD83A, 0xDD2D, 0xD83A, 0xDD2F, 0xD83A, 0xDD46, 0xD83A, 0xDD2D, 0x20, 0xD83A, 0xDD16, 0xD83A, 0xDD22, 0xD83A, 0xDD32, 0xD83A, 0xDD3A, 0xD83A, 0xDD22, 0xD83A, 0xDD2A, 0xD83A, 0xDD2D, 0xD83A, 0xDD34, 0xD83A, 0xDD22, 0xD83A, 0xDD44));
				case 71: return String(CharArray::of(0xD83A, 0xDD11, 0xD83A, 0xDD2D, 0xD83A, 0xDD2F, 0xD83A, 0xDD2D, 0x20, 0xD83A, 0xDD0B, 0xD83A, 0xDD3C, 0xD83A, 0xDD22, 0xD83A, 0xDD24, 0xD83A, 0xDD2D, 0xD83A, 0xDD33));
				case 72: return String(CharArray::of(0xD83A, 0xDD14, 0xD83A, 0xDD22, 0xD83A, 0xDD25, 0xD83A, 0xDD2E));
				case 73: return String(CharArray::of(0xD83A, 0xDD1F, 0xD83A, 0xDD22, 0xD83A, 0xDD3E, 0xD83A, 0xDD22, 0xD83A, 0xDD44));
				case 74: return String(CharArray::of(0xD83A, 0xDD10, 0xD83A, 0xDD2D, 0xD83A, 0xDD28, 0xD83A, 0xDD2E, 0xD83A, 0xDD32));
				case 76: return String(CharArray::of(0xD83A, 0xDD11, 0xD83A, 0xDD22, 0xD83A, 0xDD34, 0xD83A, 0xDD22, 0x20, 0xD83A, 0xDD02, 0xD83A, 0xDD2D));
				case 77: return String(CharArray::of(0xD83A, 0xDD11, 0xD83A, 0xDD22, 0xD83A, 0xDD3C, 0xD83A, 0xDD22, 0xD83A, 0xDD33, 0xD83A, 0xDD22, 0xD83A, 0xDD32, 0xD83A, 0xDD22));
				case 78: return String(CharArray::of(0xD83A, 0xDD11, 0xD83A, 0xDD22, 0xD83A, 0xDD31, 0xD83A, 0xDD2D));
				case 79: return String(CharArray::of(0xD83A, 0xDD11, 0xD83A, 0xDD22, 0xD83A, 0xDD2A, 0xD83A, 0xDD2E, 0xD83A, 0xDD43, 0xD83A, 0xDD22, 0xD83A, 0xDD3C, 0xD83A, 0xDD2D));
				case 80: return String(CharArray::of(0xD83A, 0xDD11, 0xD83A, 0xDD35, 0xD83A, 0xDD25, 0xD83A, 0xDD2B, 0xD83A, 0xDD45, 0xD83A, 0xDD2A));
				case 81: return String(CharArray::of(0xD83A, 0xDD11, 0xD83A, 0xDD2E, 0xD83A, 0xDD36, 0xD83A, 0xDD33, 0xD83A, 0xDD2D));
				case 82: return String(CharArray::of(0xD83A, 0xDD04, 0xD83A, 0xDD2D, 0xD83A, 0xDD32, 0xD83A, 0xDD33, 0xD83A, 0xDD2E, 0xD83A, 0xDD34, 0x20, 0xD83A, 0xDD11, 0xD83A, 0xDD2D, 0xD83A, 0xDD3C, 0xD83A, 0xDD22, 0xD83A, 0xDD32));
				case 83: return String(CharArray::of(0xD83A, 0xDD11, 0xD83A, 0xDD22, 0xD83A, 0xDD32, 0xD83A, 0xDD46, 0xD83A, 0xDD22, 0xD83A, 0xDD23, 0xD83A, 0xDD22));
				case 84: return String(CharArray::of(0xD83A, 0xDD11, 0xD83A, 0xDD2E, 0xD83A, 0xDD45, 0xD83A, 0xDD2A, 0xD83A, 0xDD2B, 0xD83A, 0xDD34, 0xD83A, 0xDD22, 0xD83A, 0xDD32));
				case 87: return String(CharArray::of(0xD83A, 0xDD11, 0xD83A, 0xDD22, 0xD83A, 0xDD2D, 0xD83A, 0xDD3C, 0xD83A, 0xDD2D));
				case 88: return String(CharArray::of(0xD83A, 0xDD02, 0xD83A, 0xDD22, 0xD83A, 0xDD32, 0xD83A, 0xDD46, 0xD83A, 0xDD22));
				case 89: return String(CharArray::of(0xD83A, 0xDD02, 0xD83A, 0xDD22, 0xD83A, 0xDD31, 0xD83A, 0xDD2E, 0xD83A, 0xDD45));
				case 92: return String(CharArray::of(0xD83A, 0xDD02, 0xD83A, 0xDD22, 0xD83A, 0xDD3C, 0xD83A, 0xDD2B, 0xD83A, 0xDD32));
				case 93: return String(CharArray::of(0xD83A, 0xDD02, 0xD83A, 0xDD2B, 0xD83A, 0xDD28, 0xD83A, 0xDD37, 0xD83A, 0xDD22));
				case 94: return String(CharArray::of(0xD83A, 0xDD02, 0xD83A, 0xDD2D, 0xD83A, 0xDD25, 0xD83A, 0xDD26, 0xD83A, 0xDD35));
				case 95: return String(CharArray::of(0xD83A, 0xDD0A, 0xD83A, 0xDD2E, 0xD83A, 0xDD37, 0xD83A, 0xDD46, 0xD83A, 0xDD2D, 0xD83A, 0xDD45, 0xD83A, 0xDD32, 0xD83A, 0xDD3A, 0xD83A, 0xDD2E, 0xD83A, 0xDD24, 0x20, 0xD83A, 0xDD00));
				case 96: return String(CharArray::of(0xD83A, 0xDD0A, 0xD83A, 0xDD2E, 0xD83A, 0xDD37, 0xD83A, 0xDD46, 0xD83A, 0xDD2D, 0xD83A, 0xDD45, 0xD83A, 0xDD32, 0xD83A, 0xDD3A, 0xD83A, 0xDD2E, 0xD83A, 0xDD24, 0x20, 0xD83A, 0xDD04));
				case 97: return String(CharArray::of(0xD83A, 0xDD02, 0xD83A, 0xDD2D, 0xD83A, 0xDD27, 0xD83A, 0xDD35));
				case 99: return String(CharArray::of(0xD83A, 0xDD02, 0xD83A, 0xDD2D, 0xD83A, 0xDD45, 0xD83A, 0xDD27, 0xD83A, 0xDD2D, 0xD83A, 0xDD34, 0xD83A, 0xDD22, 0xD83A, 0xDD32));
				case 100: return String(CharArray::of(0xD83A, 0xDD02, 0xD83A, 0xDD2D, 0xD83A, 0xDD23, 0xD83A, 0xDD2D, 0xD83A, 0xDD34, 0xD83A, 0xDD22, 0xD83A, 0xDD32));
				case 101: return String(CharArray::of(0xD83A, 0xDD03, 0xD83A, 0xDD22, 0xD83A, 0xDD38, 0xD83A, 0xDD22, 0xD83A, 0xDD36, 0xD83A, 0xDD22, 0xD83A, 0xDD32, 0xD83A, 0xDD2D, 0xD83A, 0xDD45));
				case 102: return String(CharArray::of(0xD83A, 0xDD03, 0xD83A, 0xDD22, 0xD83A, 0xDD33, 0xD83A, 0xDD22, 0xD83A, 0xDD27, 0xD83A, 0xDD22, 0xD83A, 0xDD2A));
				case 103: return String(CharArray::of(0xD83A, 0xDD03, 0xD83A, 0xDD22, 0xD83A, 0xDD32, 0xD83A, 0xDD23, 0xD83A, 0xDD2B, 0xD83A, 0xDD45, 0xD83A, 0xDD32));
				case 104: return String(CharArray::of(0xD83A, 0xDD03, 0xD83A, 0xDD22, 0xD83A, 0xDD32, 0xD83A, 0xDD2D, 0xD83A, 0xDD33, 0xD83A, 0xDD2D, 0xD83A, 0xDD34, 0xD83A, 0xDD2B, 0xD83A, 0xDD32));
				case 105: return String(CharArray::of(0xD83A, 0xDD03, 0xD83A, 0xDD22, 0xD83A, 0xDD2A, 0xD83A, 0xDD37, 0xD83A, 0xDD2B, 0xD83A, 0xDD32));
				case 107: return String(CharArray::of(0xD83A, 0xDD03, 0xD83A, 0xDD22, 0xD83A, 0xDD23, 0xD83A, 0xDD2C, 0xD83A, 0xDD2B, 0xD83A, 0xDD23, 0xD83A, 0xDD2D, 0xD83A, 0xDD2A, 0xD83A, 0xDD2D, 0xD83A, 0xDD45, 0xD83A, 0xDD32));
				case 108: return String(CharArray::of(0xD83A, 0xDD03, 0xD83A, 0xDD2B, 0xD83A, 0xDD32, 0xD83A, 0xDD23, 0xD83A, 0xDD2B));
				case 109: return String(CharArray::of(0xD83A, 0xDD03, 0xD83A, 0xDD2B, 0xD83A, 0xDD2A, 0xD83A, 0xDD31, 0xD83A, 0xDD2B, 0xD83A, 0xDD3C, 0xD83A, 0xDD2D, 0xD83A, 0xDD33, 0x20, 0xD83A, 0xDD05, 0xD83A, 0xDD22, 0xD83A, 0xDD2A, 0xD83A, 0xDD30, 0xD83A, 0xDD35, 0xD83A, 0xDD2F, 0xD83A, 0xDD2D));
				case 110: return String(CharArray::of(0xD83A, 0xDD03, 0xD83A, 0xDD2B, 0xD83A, 0xDD2A, 0xD83A, 0xDD31, 0xD83A, 0xDD2B, 0xD83A, 0xDD3C, 0xD83A, 0xDD2D, 0xD83A, 0xDD33));
				case 111: return String(CharArray::of(0xD83A, 0xDD03, 0xD83A, 0xDD22, 0xD83A, 0xDD24, 0xD83A, 0xDD22, 0xD83A, 0xDD34, 0xD83A, 0xDD22, 0xD83A, 0xDD24, 0xD83A, 0xDD22, 0xD83A, 0xDD25));
				case 112: return String(CharArray::of(0xD83A, 0xDD03, 0xD83A, 0xDD2E, 0xD83A, 0xDD23, 0xD83A, 0xDD2D));
				case 113: return String(CharArray::of(0xD83A, 0xDD03, 0xD83A, 0xDD2E, 0xD83A, 0xDD32, 0xD83A, 0xDD3A, 0xD83A, 0xDD2E, 0xD83A, 0xDD24, 0xD83A, 0xDD2D, 0xD83A, 0xDD34, 0xD83A, 0xDD22, 0xD83A, 0xDD32));
				case 115: return String(CharArray::of(0xD83A, 0xDD03, 0xD83A, 0xDD2E, 0xD83A, 0xDD2A, 0xD83A, 0xDD2E, 0xD83A, 0xDD45));
				case 116: return String(CharArray::of(0xD83A, 0xDD03, 0xD83A, 0xDD2B, 0xD83A, 0xDD3C, 0xD83A, 0xDD2D, 0x20, 0xD83A, 0xDD03, 0xD83A, 0xDD22, 0xD83A, 0xDD34, 0xD83A, 0xDD2B, 0xD83A, 0xDD33));
				case 117: return String(CharArray::of(0xD83A, 0xDD03, 0xD83A, 0xDD35, 0xD83A, 0xDD24, 0xD83A, 0xDD3C, 0xD83A, 0xDD22, 0xD83A, 0xDD32, 0xD83A, 0xDD2D));
				case 118: return String(CharArray::of(0xD83A, 0xDD03, 0xD83A, 0xDD2D, 0xD83A, 0xDD34, 0xD83A, 0xDD22, 0xD83A, 0xDD25, 0xD83A, 0xDD22, 0xD83A, 0xDD44, 0xD83A, 0xDD2A));
				case 119: return String(CharArray::of(0xD83A, 0xDD10, 0xD83A, 0xDD22, 0xD83A, 0xDD3A, 0x20, 0xD83A, 0xDD03, 0xD83A, 0xDD35, 0xD83A, 0xDD32, 0xD83A, 0xDD23, 0xD83A, 0xDD22, 0xD83A, 0xDD2A, 0xD83A, 0xDD2D));
				case 120: return String(CharArray::of(0xD83A, 0xDD10, 0xD83A, 0xDD22, 0xD83A, 0xDD32, 0xD83A, 0xDD23, 0xD83A, 0xDD2D, 0xD83A, 0xDD32, 0xD83A, 0xDD22, 0xD83A, 0xDD3A, 0xD83A, 0xDD22, 0xD83A, 0xDD2A, 0xD83A, 0xDD2D));
				case 121: return String(CharArray::of(0xD83A, 0xDD10, 0xD83A, 0xDD22, 0xD83A, 0xDD32, 0xD83A, 0xDD46, 0xD83A, 0xDD22, 0xD83A, 0xDD44, 0xD83A, 0xDD32, 0xD83A, 0xDD3A, 0xD83A, 0xDD2B, 0xD83A, 0xDD32, 0xD83A, 0xDD33, 0xD83A, 0xDD2E, 0x20, 0xD83A, 0xDD00, 0xD83A, 0xDD44, 0xD83A, 0xDD2A, 0xD83A, 0xDD22, 0xD83A, 0xDD26, 0xD83A, 0xDD35, 0x20, 0xD83A, 0xDD11, 0xD83A, 0xDD2D, 0xD83A, 0xDD2F, 0xD83A, 0xDD2D));
				case 122: return String(CharArray::of(0xD83A, 0xDD10, 0xD83A, 0xDD22, 0xD83A, 0xDD26, 0xD83A, 0xDD22, 0xD83A, 0xDD3C, 0xD83A, 0xDD2D, 0xD83A, 0xDD34, 0xD83A, 0xDD22, 0xD83A, 0xDD32));
				case 123: return String(CharArray::of(0xD83A, 0xDD10, 0xD83A, 0xDD2D, 0xD83A, 0xDD31, 0xD83A, 0xDD22));
				case 125: return String(CharArray::of(0xD83A, 0xDD10, 0xD83A, 0xDD33, 0xD83A, 0xDD2E, 0xD83A, 0xDD45));
				case 126: return String(CharArray::of(0xD83A, 0xDD10, 0xD83A, 0xDD35, 0xD83A, 0xDD45, 0xD83A, 0xDD27, 0xD83A, 0xDD35));
				case 127: return String(CharArray::of(0xD83A, 0xDD0C, 0xD83A, 0xDD45, 0xD83A, 0xDD3A, 0xD83A, 0xDD22, 0xD83A, 0xDD25, 0xD83A, 0xDD35));
				case 128: return String(CharArray::of(0xD83A, 0xDD0C, 0xD83A, 0xDD2D, 0x2D, 0xD83A, 0xDD15, 0xD83A, 0xDD2D, 0xD83A, 0xDD33, 0xD83A, 0xDD2D));
				case 130: return String(CharArray::of(0xD83A, 0xDD0C, 0xD83A, 0xDD2A, 0xD83A, 0xDD33, 0xD83A, 0xDD2E, 0xD83A, 0xDD45, 0xD83A, 0xDD32));
				case 131: return String(CharArray::of(0xD83A, 0xDD0C, 0xD83A, 0xDD2A, 0xD83A, 0xDD2D, 0xD83A, 0xDD34, 0xD83A, 0xDD22));
				case 132: return String(CharArray::of(0xD83A, 0xDD0C, 0xD83A, 0xDD27, 0xD83A, 0xDD22, 0xD83A, 0xDD44, 0xD83A, 0xDD36));
				case 133: return String(CharArray::of(0xD83A, 0xDD0C, 0xD83A, 0xDD27, 0xD83A, 0xDD25, 0xD83A, 0xDD22, 0xD83A, 0xDD32, 0xD83A, 0xDD2D, 0xD83A, 0xDD34, 0xD83A, 0xDD22));
				case 134: return String(CharArray::of(0xD83A, 0xDD0F, 0xD83A, 0xDD2D, 0xD83A, 0xDD3A, 0xD83A, 0xDD35, 0xD83A, 0xDD45, 0xD83A, 0xDD2A, 0x20, 0xD83A, 0xDD11, 0xD83A, 0xDD2D, 0xD83A, 0xDD2F, 0xD83A, 0xDD46, 0xD83A, 0xDD35, 0xD83A, 0xDD32));
				case 135: return String(CharArray::of(0xD83A, 0xDD06, 0xD83A, 0xDD22, 0xD83A, 0xDD24, 0xD83A, 0xDD25, 0xD83A, 0xDD2B, 0xD83A, 0xDD2A, 0xD83A, 0xDD2B, 0xD83A, 0xDD45, 0xD83A, 0xDD32));
				case 136: return String(CharArray::of(0xD83A, 0xDD06, 0xD83A, 0xDD22, 0xD83A, 0xDD31, 0x20, 0xD83A, 0xDD05, 0xD83A, 0xDD2D, 0xD83A, 0xDD45, 0xD83A, 0xDD32, 0x20, 0xD83A, 0xDD16, 0xD83A, 0xDD22, 0xD83A, 0xDD44, 0xD83A, 0xDD31));
				case 137: return String(CharArray::of(0xD83A, 0xDD06, 0xD83A, 0xDD2B, 0xD83A, 0xDD2A, 0xD83A, 0xDD25, 0xD83A, 0xDD2D, 0xD83A, 0xDD33, 0x20, 0xD83A, 0xDD11, 0xD83A, 0xDD2D, 0xD83A, 0xDD2F, 0xD83A, 0xDD46, 0xD83A, 0xDD35, 0xD83A, 0xDD32));
				case 138: return String(CharArray::of(0xD83A, 0xDD0A, 0xD83A, 0xDD22, 0xD83A, 0xDD3A, 0xD83A, 0xDD27, 0x20, 0xD83A, 0xDD06, 0xD83A, 0xDD22));
				case 139: return String(CharArray::of(0xD83A, 0xDD04, 0xD83A, 0xDD2D, 0xD83A, 0xDD32, 0xD83A, 0xDD23, 0xD83A, 0xDD2D, 0x20, 0xD83A, 0xDD06, 0xD83A, 0xDD22, 0xD83A, 0xDD24, 0xD83A, 0xDD22, 0xD83A, 0xDD3E, 0xD83A, 0xDD2D));
				case 140: return String(CharArray::of(0xD83A, 0xDD05, 0xD83A, 0xDD2E, 0xD83A, 0xDD24, 0xD83A, 0xDD3C, 0xD83A, 0xDD2E, 0xD83A, 0xDD45, 0x20, 0xD83A, 0xDD06, 0xD83A, 0xDD22, 0xD83A, 0xDD24, 0xD83A, 0xDD22, 0xD83A, 0xDD3E, 0xD83A, 0xDD2D));
				case 142: return String(CharArray::of(0xD83A, 0xDD0A, 0xD83A, 0xDD2D, 0xD83A, 0xDD32, 0xD83A, 0xDD2D, 0xD83A, 0xDD33, 0xD83A, 0xDD2D, 0xD83A, 0xDD34, 0xD83A, 0xDD22, 0xD83A, 0xDD32, 0xD83A, 0xDD33, 0xD83A, 0xDD2E));
				case 143: return String(CharArray::of(0xD83A, 0xDD16, 0xD83A, 0xDD2D, 0xD83A, 0xDD3C, 0xD83A, 0xDD2E, 0xD83A, 0xDD32, 0xD83A, 0xDD33, 0xD83A, 0xDD2E, 0x20, 0xD83A, 0xDD06, 0xD83A, 0xDD2E, 0xD83A, 0xDD24, 0xD83A, 0xDD46, 0xD83A, 0xDD22, 0xD83A, 0xDD2A, 0xD83A, 0xDD23));
				case 144: return String(CharArray::of(0xD83A, 0xDD04, 0xD83A, 0xDD2D, 0xD83A, 0xDD32, 0xD83A, 0xDD23, 0xD83A, 0xDD2D, 0x20, 0xD83A, 0xDD06, 0xD83A, 0xDD22, 0xD83A, 0xDD2A, 0xD83A, 0xDD27, 0xD83A, 0xDD2D, 0xD83A, 0xDD34, 0xD83A, 0xDD22, 0xD83A, 0xDD32));
				case 145: return String(CharArray::of(0xD83A, 0xDD1F, 0xD83A, 0xDD22, 0xD83A, 0xDD31, 0xD83A, 0xDD3A, 0xD83A, 0xDD2D, 0xD83A, 0xDD45, 0xD83A, 0xDD34, 0xD83A, 0xDD35));
				case 146: return String(CharArray::of(0xD83A, 0xDD08, 0xD83A, 0xDD2D, 0xD83A, 0xDD36, 0xD83A, 0xDD22, 0xD83A, 0xDD32, 0xD83A, 0xDD3A));
				case 147: return String(CharArray::of(0xD83A, 0xDD16, 0xD83A, 0xDD22, 0xD83A, 0xDD32, 0xD83A, 0xDD2D, 0xD83A, 0xDD2C, 0xD83A, 0xDD2D));
				case 149: return String(CharArray::of(0xD83A, 0xDD08, 0xD83A, 0xDD35, 0xD83A, 0xDD32, 0xD83A, 0xDD2D, 0xD83A, 0xDD45, 0xD83A, 0xDD33));
				case 150: return String(CharArray::of(0xD83A, 0xDD05, 0xD83A, 0xDD22, 0xD83A, 0xDD25, 0xD83A, 0xDD22, 0xD83A, 0xDD2A, 0xD83A, 0xDD2D, 0xD83A, 0xDD3C, 0xD83A, 0xDD22, 0xD83A, 0xDD32));
				case 152: return String(CharArray::of(0xD83A, 0xDD19, 0xD83A, 0xDD22, 0xD83A, 0xDD44, 0xD83A, 0xDD25, 0xD83A, 0xDD32, 0xD83A, 0xDD22, 0xD83A, 0xDD44, 0xD83A, 0xDD32, 0xD83A, 0xDD3A, 0xD83A, 0xDD2B, 0xD83A, 0xDD32, 0xD83A, 0xDD33, 0xD83A, 0xDD2E, 0x20, 0xD83A, 0xDD00, 0xD83A, 0xDD44, 0xD83A, 0xDD2A, 0xD83A, 0xDD22, 0xD83A, 0xDD26, 0xD83A, 0xDD35, 0x20, 0xD83A, 0xDD11, 0xD83A, 0xDD2D, 0xD83A, 0xDD2F, 0xD83A, 0xDD2D));
				case 153: return String(CharArray::of(0xD83A, 0xDD05, 0xD83A, 0xDD22, 0xD83A, 0xDD35, 0xD83A, 0xDD2A, 0xD83A, 0xDD22, 0xD83A, 0xDD43, 0xD83A, 0xDD3C, 0xD83A, 0xDD2A, 0xD83A, 0xDD22));
				case 154: return String(CharArray::of(0xD83A, 0xDD04, 0xD83A, 0xDD2D, 0xD83A, 0xDD32, 0xD83A, 0xDD23, 0xD83A, 0xDD2D, 0x20, 0xD83A, 0xDD0A, 0xD83A, 0xDD2D, 0xD83A, 0xDD32, 0xD83A, 0xDD23, 0xD83A, 0xDD2B));
				case 155: return String(CharArray::of(0xD83A, 0xDD05, 0xD83A, 0xDD22, 0xD83A, 0xDD2C, 0xD83A, 0xDD2D, 0xD83A, 0xDD34, 0xD83A, 0xDD22, 0xD83A, 0xDD44, 0xD83A, 0xDD32));
				case 156: return String(CharArray::of(0xD83A, 0xDD21, 0xD83A, 0xDD22, 0xD83A, 0xDD2A, 0xD83A, 0xDD22, 0xD83A, 0xDD23, 0xD83A, 0xDD22));
				case 157: return String(CharArray::of(0xD83A, 0xDD05, 0xD83A, 0xDD2D, 0xD83A, 0xDD23, 0xD83A, 0xDD46, 0xD83A, 0xDD22, 0xD83A, 0xDD44, 0xD83A, 0xDD25));
				case 158: return String(CharArray::of(0xD83A, 0xDD11, 0xD83A, 0xDD35, 0xD83A, 0xDD23, 0xD83A, 0xDD22, 0xD83A, 0xDD31, 0xD83A, 0xDD22, 0xD83A, 0xDD23, 0xD83A, 0xDD2D));
				case 159: return String(CharArray::of(0xD83A, 0xDD05, 0xD83A, 0xDD2D, 0xD83A, 0xDD32, 0xD83A, 0xDD38, 0xD83A, 0xDD22, 0xD83A, 0xDD24, 0xD83A, 0xDD22));
				case 160: return String(CharArray::of(0xD83A, 0xDD05, 0xD83A, 0xDD2E, 0xD83A, 0xDD3A, 0xD83A, 0xDD2E, 0xD83A, 0xDD23, 0xD83A, 0xDD2D, 0xD83A, 0xDD34, 0xD83A, 0xDD22, 0xD83A, 0xDD32));
				case 161: return String(CharArray::of(0xD83A, 0xDD05, 0xD83A, 0xDD2E, 0xD83A, 0xDD3A, 0xD83A, 0xDD2E, 0xD83A, 0xDD23, 0xD83A, 0xDD2D, 0xD83A, 0xDD34, 0xD83A, 0xDD22, 0xD83A, 0xDD32, 0x20, 0xD83A, 0xDD11, 0xD83A, 0xDD2D, 0xD83A, 0xDD2F, 0xD83A, 0xDD46, 0xD83A, 0xDD35, 0xD83A, 0xDD32));
				case 162: return String(CharArray::of(0xD83A, 0xDD05, 0xD83A, 0xDD22, 0xD83A, 0xDD2A, 0xD83A, 0xDD22, 0x20, 0xD83A, 0xDD05, 0xD83A, 0xDD2E, 0xD83A, 0xDD25, 0xD83A, 0xDD28, 0xD83A, 0xDD22, 0xD83A, 0xDD32, 0xD83A, 0xDD3A));
				case 163: return String(CharArray::of(0xD83A, 0xDD05, 0xD83A, 0xDD2E, 0xD83A, 0xDD34, 0xD83A, 0xDD2E, 0xD83A, 0xDD25, 0xD83A, 0xDD26, 0xD83A, 0xDD2E));
				case 164: return String(CharArray::of(0xD83A, 0xDD05, 0xD83A, 0xDD35, 0xD83A, 0xDD32, 0xD83A, 0xDD23, 0xD83A, 0xDD22, 0xD83A, 0xDD32, 0xD83A, 0xDD2D));
				case 166: return String(CharArray::of(0xD83A, 0xDD05, 0xD83A, 0xDD34, 0xD83A, 0xDD24, 0xD83A, 0xDD2E, 0xD83A, 0xDD3C, 0xD83A, 0xDD2D, 0xD83A, 0xDD45, 0x20, 0xD83A, 0xDD10, 0xD83A, 0xDD22, 0xD83A, 0xDD3A, 0xD83A, 0xDD2A, 0xD83A, 0xDD2D));
				case 167: return String(CharArray::of(0xD83A, 0xDD05, 0xD83A, 0xDD2D, 0xD83A, 0xDD45, 0xD83A, 0xDD2A, 0xD83A, 0xDD34, 0xD83A, 0xDD22, 0xD83A, 0xDD33));
				case 171: return String(CharArray::of(0xD83A, 0xDD1A, 0xD83A, 0xDD22, 0xD83A, 0xDD3A, 0xD83A, 0xDD26, 0xD83A, 0xDD22, 0xD83A, 0xDD32, 0xD83A, 0xDD31, 0xD83A, 0xDD22));
				case 172: return String(CharArray::of(0xD83A, 0xDD1A, 0xD83A, 0xDD22, 0xD83A, 0xDD33, 0xD83A, 0xDD2A, 0xD83A, 0xDD2D));
				case 173: return String(CharArray::of(0xD83A, 0xDD1A, 0xD83A, 0xDD22, 0xD83A, 0xDD44, 0xD83A, 0xDD34, 0x20, 0xD83A, 0xDD02, 0xD83A, 0xDD2D, 0xD83A, 0xDD45));
				case 174: return String(CharArray::of(0xD83A, 0xDD1A, 0xD83A, 0xDD22, 0xD83A, 0xDD44, 0xD83A, 0xDD34, 0x20, 0xD83A, 0xDD02, 0xD83A, 0xDD35, 0xD83A, 0xDD2B, 0x20, 0xD83A, 0xDD11, 0xD83A, 0xDD2B, 0xD83A, 0xDD27, 0xD83A, 0xDD2E));
				case 175: return String(CharArray::of(0xD83A, 0xDD1A, 0xD83A, 0xDD22, 0xD83A, 0xDD25, 0xD83A, 0xDD2D, 0xD83A, 0xDD24));
				case 176: return String(CharArray::of(0xD83A, 0xDD1A, 0xD83A, 0xDD22, 0xD83A, 0xDD32, 0xD83A, 0xDD3A, 0xD83A, 0xDD35, 0xD83A, 0xDD3C));
				case 177: return String(CharArray::of(0xD83A, 0xDD1A, 0xD83A, 0xDD22, 0xD83A, 0xDD44, 0xD83A, 0xDD34, 0x20, 0xD83A, 0xDD1C, 0xD83A, 0xDD2D, 0xD83A, 0xDD2B, 0xD83A, 0xDD45, 0xD83A, 0xDD3C));
				case 178: return String(CharArray::of(0xD83A, 0xDD1A, 0xD83A, 0xDD2B, 0xD83A, 0xDD24, 0xD83A, 0xDD35, 0xD83A, 0xDD3A, 0xD83A, 0xDD35));
				case 180: return String(CharArray::of(0xD83A, 0xDD1A, 0xD83A, 0xDD2D, 0xD83A, 0xDD2C, 0xD83A, 0xDD2D, 0xD83A, 0xDD32, 0xD83A, 0xDD22, 0xD83A, 0xDD44, 0xD83A, 0xDD3A));
				case 181: return String(CharArray::of(0xD83A, 0xDD1A, 0xD83A, 0xDD22, 0xD83A, 0xDD3A, 0xD83A, 0xDD22, 0xD83A, 0xDD24, 0xD83A, 0xDD2E, 0xD83A, 0xDD3A));
				case 182: return String(CharArray::of(0xD83A, 0xDD21, 0xD83A, 0xDD22, 0xD83A, 0xDD44, 0xD83A, 0xDD32, 0xD83A, 0xDD22));
				case 183: return String(CharArray::of(0xD83A, 0xDD1A, 0xD83A, 0xDD22, 0xD83A, 0xDD31, 0xD83A, 0xDD24, 0xD83A, 0xDD22, 0xD83A, 0xDD32, 0xD83A, 0xDD23));
				case 184: return String(CharArray::of(0xD83A, 0xDD1A, 0xD83A, 0xDD2D, 0xD83A, 0xDD26, 0xD83A, 0xDD2B, 0xD83A, 0xDD3C, 0xD83A, 0xDD22, 0xD83A, 0xDD32));
				case 185: return String(CharArray::of(0xD83A, 0xDD1A, 0xD83A, 0xDD2D, 0xD83A, 0xDD2A, 0xD83A, 0xDD38, 0xD83A, 0xDD35, 0xD83A, 0xDD3C, 0xD83A, 0xDD22));
				case 186: return String(CharArray::of(0xD83A, 0xDD1A, 0xD83A, 0xDD22, 0xD83A, 0xDD32, 0xD83A, 0xDD3A, 0xD83A, 0xDD27, 0xD83A, 0xDD22));
				case 188: return String(CharArray::of(0xD83A, 0xDD1A, 0xD83A, 0xDD2E, 0xD83A, 0xDD3C, 0xD83A, 0xDD2E));
				case 190: return String(CharArray::of(0xD83A, 0xDD13, 0xD83A, 0xDD3A, 0xD83A, 0xDD22, 0xD83A, 0xDD2A, 0xD83A, 0xDD2D, 0xD83A, 0xDD3C, 0xD83A, 0xDD2D, 0xD83A, 0xDD33));
				case 191: return String(CharArray::of(0xD83A, 0xDD1C, 0xD83A, 0xDD22, 0xD83A, 0xDD44, 0xD83A, 0xDD34));
				case 193: return String(CharArray::of(0xD83A, 0xDD1C, 0xD83A, 0xDD2D, 0xD83A, 0xDD3C, 0xD83A, 0xDD33, 0xD83A, 0xDD35, 0xD83A, 0xDD39, 0xD83A, 0xDD2D));
				case 194: return String(CharArray::of(0xD83A, 0xDD1C, 0xD83A, 0xDD22, 0xD83A, 0xDD2A, 0xD83A, 0xDD22, 0xD83A, 0xDD32, 0xD83A, 0xDD3A, 0x20, 0xD83A, 0xDD11, 0xD83A, 0xDD2D, 0xD83A, 0xDD43, 0xD83A, 0xDD3C, 0xD83A, 0xDD2D));
				case 195: return String(CharArray::of(0xD83A, 0xDD0F, 0xD83A, 0xDD22, 0xD83A, 0xDD32, 0xD83A, 0xDD37, 0xD83A, 0xDD2E, 0xD83A, 0xDD45));
				case 197: return String(CharArray::of(0xD83A, 0xDD0A, 0xD83A, 0xDD22, 0xD83A, 0xDD44, 0xD83A, 0xDD2A, 0xD83A, 0xDD2D, 0xD83A, 0xDD27, 0xD83A, 0xDD2D, 0xD83A, 0xDD34, 0xD83A, 0xDD22, 0xD83A, 0xDD32, 0xD83A, 0xDD33, 0xD83A, 0xDD2E, 0x20, 0xD83A, 0xDD11, 0xD83A, 0xDD2D, 0xD83A, 0xDD2F, 0xD83A, 0xDD46, 0xD83A, 0xDD35, 0xD83A, 0xDD32));
				case 198: return String(CharArray::of(0xD83A, 0xDD05, 0xD83A, 0xDD35, 0xD83A, 0xDD25, 0xD83A, 0xDD2B, 0xD83A, 0xDD2A, 0xD83A, 0xDD2E, 0x20, 0xD83A, 0xDD00, 0xD83A, 0xDD33, 0xD83A, 0xDD46, 0xD83A, 0xDD22, 0xD83A, 0xDD23, 0xD83A, 0xDD2D, 0xD83A, 0xDD34, 0xD83A, 0xDD22, 0xD83A, 0xDD32, 0x20, 0xD83A, 0xDD11, 0xD83A, 0xDD35, 0xD83A, 0xDD32, 0xD83A, 0xDD2B, 0xD83A, 0xDD2C, 0xD83A, 0xDD2E, 0xD83A, 0xDD2A, 0xD83A, 0xDD25));
				case 199: return String(CharArray::of(0xD83A, 0xDD12, 0xD83A, 0xDD22, 0xD83A, 0xDD36, 0xD83A, 0xDD2D, 0xD83A, 0xDD23, 0xD83A, 0xDD2D, 0xD83A, 0xDD45, 0xD83A, 0xDD34, 0xD83A, 0xDD35));
				case 200: return String(CharArray::of(0xD83A, 0xDD12, 0xD83A, 0xDD2D, 0xD83A, 0xDD45));
				case 201: return String(CharArray::of(0xD83A, 0xDD1F, 0xD83A, 0xDD22, 0xD83A, 0xDD32, 0xD83A, 0xDD22, 0xD83A, 0xDD26, 0xD83A, 0xDD22, 0xD83A, 0xDD41, 0xD83A, 0xDD22, 0xD83A, 0xDD44, 0xD83A, 0xDD2A, 0x20, 0xD83A, 0xDD01, 0xD83A, 0xDD2D, 0xD83A, 0xDD32, 0xD83A, 0xDD3A, 0xD83A, 0xDD2B, 0xD83A, 0xDD2A, 0xD83A, 0xDD2B));
				case 202: return String(CharArray::of(0xD83A, 0xDD01, 0xD83A, 0xDD2E, 0xD83A, 0xDD32, 0xD83A, 0xDD23, 0xD83A, 0xDD2D));
				case 203: return String(CharArray::of(0xD83A, 0xDD0D, 0xD83A, 0xDD35, 0xD83A, 0xDD2A, 0xD83A, 0xDD46, 0xD83A, 0xDD22, 0xD83A, 0xDD44, 0xD83A, 0xDD32, 0xD83A, 0xDD3A, 0xD83A, 0xDD2E, 0x20, 0xD83A, 0xDD02, 0xD83A, 0xDD2D, 0xD83A, 0xDD25, 0xD83A, 0xDD2D, 0xD83A, 0xDD32, 0xD83A, 0xDD33, 0xD83A, 0xDD2E));
				case 204: return String(CharArray::of(0xD83A, 0xDD10, 0xD83A, 0xDD3A, 0xD83A, 0xDD2E, 0xD83A, 0xDD3C, 0xD83A, 0xDD46, 0xD83A, 0xDD2D));
				case 205: return String(CharArray::of(0xD83A, 0xDD0B, 0xD83A, 0xDD25, 0xD83A, 0xDD46, 0xD83A, 0xDD2E, 0xD83A, 0xDD2A, 0xD83A, 0xDD2B));
				case 206: return String(CharArray::of(0xD83A, 0xDD00, 0xD83A, 0xDD27, 0xD83A, 0xDD31, 0xD83A, 0xDD2D, 0xD83A, 0xDD32, 0xD83A, 0xDD23, 0xD83A, 0xDD22, 0xD83A, 0xDD44, 0xD83A, 0xDD2F, 0xD83A, 0xDD35, 0xD83A, 0xDD32));
				case 207: return String(CharArray::of(0xD83A, 0xDD11, 0xD83A, 0xDD22, 0xD83A, 0xDD2C, 0xD83A, 0xDD35));
				case 208: return String(CharArray::of(0xD83A, 0xDD04, 0xD83A, 0xDD2D, 0xD83A, 0xDD32, 0xD83A, 0xDD23, 0xD83A, 0xDD2D, 0x20, 0xD83A, 0xDD00, 0xD83A, 0xDD27, 0x2D, 0xD83A, 0xDD22, 0xD83A, 0xDD32, 0xD83A, 0xDD23, 0xD83A, 0xDD22, 0xD83A, 0xDD44, 0xD83A, 0xDD2F, 0xD83A, 0xDD2D));
            default: break;
            }
            return String();
        }
        
        String Ff_Adlm::displayCountry(gint region) const {
            switch(region) {

				case 0: return String(CharArray::of(0xD83A, 0xDD00, 0xD83A, 0xDD23, 0xD83A, 0xDD35, 0xD83A, 0xDD32, 0xD83A, 0xDD22));

				case 1: return String(CharArray::of(0xD83A, 0xDD00, 0xD83A, 0xDD2C, 0xD83A, 0xDD2A, 0xD83A, 0xDD2D, 0xD83A, 0xDD33, 0xD83A, 0xDD22, 0xD83A, 0xDD44));

				case 2: return String(CharArray::of(0xD83A, 0xDD10, 0xD83A, 0xDD22, 0xD83A, 0xDD32, 0xD83A, 0xDD46, 0xD83A, 0xDD22, 0xD83A, 0xDD44, 0xD83A, 0xDD32, 0xD83A, 0xDD3A, 0xD83A, 0xDD2B, 0x20, 0xD83A, 0xDD00, 0xD83A, 0xDD25, 0xD83A, 0xDD2B, 0xD83A, 0xDD2A, 0xD83A, 0xDD2D, 0xD83A, 0xDD33, 0xD83A, 0xDD22, 0xD83A, 0xDD44));

				case 3: return String(CharArray::of(0xD83A, 0xDD19, 0xD83A, 0xDD22, 0xD83A, 0xDD25, 0xD83A, 0xDD32, 0xD83A, 0xDD22, 0xD83A, 0xDD44, 0xD83A, 0xDD32, 0xD83A, 0xDD3A, 0xD83A, 0xDD2B, 0x20, 0xD83A, 0xDD00, 0xD83A, 0xDD25, 0xD83A, 0xDD2B, 0xD83A, 0xDD2A, 0xD83A, 0xDD2D, 0xD83A, 0xDD33, 0xD83A, 0xDD22, 0xD83A, 0xDD44));

				case 4: return String(CharArray::of(0xD83A, 0xDD0C, 0xD83A, 0xDD27, 0xD83A, 0xDD2D, 0xD83A, 0xDD34, 0xD83A, 0xDD22, 0xD83A, 0xDD32, 0xD83A, 0xDD2D, 0xD83A, 0xDD45));

				case 5: return String(CharArray::of(0xD83A, 0xDD16, 0xD83A, 0xDD2D, 0xD83A, 0xDD45, 0xD83A, 0xDD2A, 0xD83A, 0xDD32, 0xD83A, 0xDD22, 0xD83A, 0xDD44, 0xD83A, 0xDD32, 0xD83A, 0xDD3A, 0xD83A, 0xDD2B, 0xD83A, 0xDD45, 0xD83A, 0xDD2A, 0xD83A, 0xDD2D, 0x20, 0xD83A, 0xDD00, 0xD83A, 0xDD2C, 0xD83A, 0xDD2A, 0xD83A, 0xDD2D, 0xD83A, 0xDD33, 0xD83A, 0xDD22, 0xD83A, 0xDD44));

				case 6: return String(CharArray::of(0xD83A, 0xDD1A, 0xD83A, 0xDD35, 0xD83A, 0xDD25, 0xD83A, 0xDD26, 0xD83A, 0xDD2E, 0x20, 0xD83A, 0xDD00, 0xD83A, 0xDD25, 0xD83A, 0xDD2B, 0xD83A, 0xDD2A, 0xD83A, 0xDD2D, 0xD83A, 0xDD33, 0xD83A, 0xDD22, 0xD83A, 0xDD44));

				case 7: return String(CharArray::of(0xD83A, 0xDD0A, 0xD83A, 0xDD35, 0xD83A, 0xDD2F, 0xD83A, 0xDD32, 0xD83A, 0xDD22, 0xD83A, 0xDD44, 0xD83A, 0xDD32, 0xD83A, 0xDD3A, 0xD83A, 0xDD2B, 0xD83A, 0xDD45, 0xD83A, 0xDD2A, 0xD83A, 0xDD2D, 0x20, 0xD83A, 0xDD00, 0xD83A, 0xDD2C, 0xD83A, 0xDD2A, 0xD83A, 0xDD2D, 0xD83A, 0xDD33, 0xD83A, 0xDD22, 0xD83A, 0xDD44));

				case 8: return String(CharArray::of(0xD83A, 0xDD10, 0xD83A, 0xDD22, 0xD83A, 0xDD32, 0xD83A, 0xDD46, 0xD83A, 0xDD22, 0xD83A, 0xDD44, 0xD83A, 0xDD32, 0xD83A, 0xDD3A, 0xD83A, 0xDD2B, 0xD83A, 0xDD45, 0xD83A, 0xDD2A, 0xD83A, 0xDD2D, 0x20, 0xD83A, 0xDD00, 0xD83A, 0xDD2C, 0xD83A, 0xDD2A, 0xD83A, 0xDD2D, 0xD83A, 0xDD33, 0xD83A, 0xDD22, 0xD83A, 0xDD44));

				case 9: return String(CharArray::of(0xD83A, 0xDD1A, 0xD83A, 0xDD35, 0xD83A, 0xDD25, 0xD83A, 0xDD26, 0xD83A, 0xDD2E, 0x20, 0xD83A, 0xDD00, 0xD83A, 0xDD2C, 0xD83A, 0xDD2A, 0xD83A, 0xDD2D, 0xD83A, 0xDD33, 0xD83A, 0xDD22, 0xD83A, 0xDD44));

				case 10: return String(CharArray::of(0xD83A, 0xDD19, 0xD83A, 0xDD22, 0xD83A, 0xDD44, 0xD83A, 0xDD25, 0xD83A, 0xDD32, 0xD83A, 0xDD22, 0xD83A, 0xDD44, 0xD83A, 0xDD32, 0xD83A, 0xDD3A, 0xD83A, 0xDD2B, 0xD83A, 0xDD45, 0xD83A, 0xDD2A, 0xD83A, 0xDD2D, 0x20, 0xD83A, 0xDD00, 0xD83A, 0xDD2C, 0xD83A, 0xDD2A, 0xD83A, 0xDD2D, 0xD83A, 0xDD33, 0xD83A, 0xDD22, 0xD83A, 0xDD44));

				case 11: return String(CharArray::of(0xD83A, 0xDD00, 0xD83A, 0xDD25, 0xD83A, 0xDD2B, 0xD83A, 0xDD2A, 0xD83A, 0xDD2D, 0xD83A, 0xDD33, 0xD83A, 0xDD22, 0xD83A, 0xDD44));

				case 12: return String(CharArray::of(0xD83A, 0xDD10, 0xD83A, 0xDD22, 0xD83A, 0xDD32, 0xD83A, 0xDD46, 0xD83A, 0xDD22, 0xD83A, 0xDD44, 0xD83A, 0xDD32, 0xD83A, 0xDD3A, 0xD83A, 0xDD2B, 0xD83A, 0xDD45, 0xD83A, 0xDD2A, 0xD83A, 0xDD2D, 0x20, 0xD83A, 0xDD00, 0xD83A, 0xDD25, 0xD83A, 0xDD2B, 0xD83A, 0xDD2A, 0xD83A, 0xDD2D, 0xD83A, 0xDD33, 0xD83A, 0xDD22, 0xD83A, 0xDD44));

				case 13: return String(CharArray::of(0xD83A, 0xDD11, 0xD83A, 0xDD22, 0xD83A, 0xDD2A, 0xD83A, 0xDD26, 0xD83A, 0xDD2D, 0xD83A, 0xDD34, 0xD83A, 0xDD22, 0xD83A, 0xDD44));

				case 14: return String(CharArray::of(0xD83A, 0xDD0A, 0xD83A, 0xDD35, 0xD83A, 0xDD2F, 0xD83A, 0xDD32, 0xD83A, 0xDD22, 0xD83A, 0xDD44, 0xD83A, 0xDD32, 0xD83A, 0xDD3A, 0xD83A, 0xDD2B, 0xD83A, 0xDD45, 0xD83A, 0xDD2A, 0xD83A, 0xDD2D, 0x20, 0xD83A, 0xDD00, 0xD83A, 0xDD44, 0xD83A, 0xDD27, 0xD83A, 0xDD2D, 0xD83A, 0xDD34, 0xD83A, 0xDD22));

				case 15: return String(CharArray::of(0xD83A, 0xDD19, 0xD83A, 0xDD22, 0xD83A, 0xDD25, 0xD83A, 0xDD32, 0xD83A, 0xDD22, 0xD83A, 0xDD44, 0xD83A, 0xDD32, 0xD83A, 0xDD3A, 0xD83A, 0xDD2B, 0xD83A, 0xDD45, 0xD83A, 0xDD2A, 0xD83A, 0xDD2D, 0x20, 0xD83A, 0xDD00, 0xD83A, 0xDD44, 0xD83A, 0xDD27, 0xD83A, 0xDD2D, 0xD83A, 0xDD34, 0xD83A, 0xDD22));

				case 16: return String(CharArray::of(0xD83A, 0xDD19, 0xD83A, 0xDD22, 0xD83A, 0xDD25, 0xD83A, 0xDD2C, 0xD83A, 0xDD2D, 0xD83A, 0xDD2F, 0xD83A, 0xDD32, 0xD83A, 0xDD22, 0xD83A, 0xDD44, 0xD83A, 0xDD32, 0xD83A, 0xDD3A, 0xD83A, 0xDD2B, 0x20, 0xD83A, 0xDD00, 0xD83A, 0xDD44, 0xD83A, 0xDD27, 0xD83A, 0xDD2D, 0xD83A, 0xDD34, 0xD83A, 0xDD22));

				case 17: return String(CharArray::of(0xD83A, 0xDD19, 0xD83A, 0xDD22, 0xD83A, 0xDD25, 0xD83A, 0xDD32, 0xD83A, 0xDD22, 0xD83A, 0xDD44, 0xD83A, 0xDD32, 0xD83A, 0xDD3A, 0xD83A, 0xDD2B, 0xD83A, 0xDD45, 0xD83A, 0xDD2A, 0xD83A, 0xDD2D, 0x20, 0xD83A, 0xDD13, 0xD83A, 0xDD2A, 0xD83A, 0xDD28, 0xD83A, 0xDD22));

				case 18: return String(CharArray::of(0xD83A, 0xDD00, 0xD83A, 0xDD27, 0xD83A, 0xDD3C, 0xD83A, 0xDD22, 0xD83A, 0xDD2A, 0xD83A, 0xDD24, 0xD83A, 0xDD22, 0xD83A, 0xDD44, 0xD83A, 0xDD27, 0xD83A, 0xDD2D, 0xD83A, 0xDD34, 0xD83A, 0xDD22, 0xD83A, 0xDD44));

				case 19: return String(CharArray::of(0xD83A, 0xDD03, 0xD83A, 0xDD2D, 0xD83A, 0xDD24, 0xD83A, 0xDD22, 0xD83A, 0xDD32, 0xD83A, 0xDD2D, 0xD83A, 0xDD45, 0xD83A, 0xDD27, 0xD83A, 0xDD34, 0xD83A, 0xDD22));

				case 20: return String(CharArray::of(0xD83A, 0xDD16, 0xD83A, 0xDD2D, 0xD83A, 0xDD24, 0xD83A, 0xDD46, 0xD83A, 0xDD2E, 0x20, 0xD83A, 0xDD03, 0xD83A, 0xDD2D, 0xD83A, 0xDD33, 0xD83A, 0xDD2A, 0xD83A, 0xDD2E, 0xD83A, 0xDD32, 0xD83A, 0xDD2D, 0xD83A, 0xDD45, 0xD83A, 0xDD27, 0xD83A, 0xDD38, 0xD83A, 0xDD2E));

				case 21: return String(CharArray::of(0xD83A, 0xDD06, 0xD83A, 0xDD2E, 0xD83A, 0xDD24, 0xD83A, 0xDD2D, 0xD83A, 0xDD32, 0xD83A, 0xDD2D, 0xD83A, 0xDD45, 0xD83A, 0xDD27, 0xD83A, 0xDD34, 0xD83A, 0xDD22));

				case 22: return String(CharArray::of(0xD83A, 0xDD00, 0xD83A, 0xDD44, 0xD83A, 0xDD27, 0xD83A, 0xDD2D, 0xD83A, 0xDD34, 0xD83A, 0xDD22));

				case 23: return String(CharArray::of(0xD83A, 0xDD1A, 0xD83A, 0xDD35, 0xD83A, 0xDD25, 0xD83A, 0xDD26, 0xD83A, 0xDD2E, 0xD83A, 0xDD45, 0xD83A, 0xDD2A, 0xD83A, 0xDD2D, 0x20, 0xD83A, 0xDD00, 0xD83A, 0xDD44, 0xD83A, 0xDD27, 0xD83A, 0xDD2D, 0xD83A, 0xDD34, 0xD83A, 0xDD22));

				case 24: return String(CharArray::of(0xD83A, 0xDD16, 0xD83A, 0xDD2D, 0xD83A, 0xDD45, 0xD83A, 0xDD2A, 0xD83A, 0xDD32, 0xD83A, 0xDD22, 0xD83A, 0xDD44, 0xD83A, 0xDD32, 0xD83A, 0xDD3A, 0xD83A, 0xDD2B, 0xD83A, 0xDD45, 0xD83A, 0xDD2A, 0xD83A, 0xDD2D, 0x20, 0xD83A, 0xDD00, 0xD83A, 0xDD44, 0xD83A, 0xDD27, 0xD83A, 0xDD2D, 0xD83A, 0xDD34, 0xD83A, 0xDD22));

				case 25: return String(CharArray::of(0xD83A, 0xDD13, 0xD83A, 0xDD2A, 0xD83A, 0xDD28, 0xD83A, 0xDD22));

				case 26: return String(CharArray::of(0xD83A, 0xDD0A, 0xD83A, 0xDD35, 0xD83A, 0xDD2F, 0xD83A, 0xDD32, 0xD83A, 0xDD22, 0xD83A, 0xDD44, 0xD83A, 0xDD32, 0xD83A, 0xDD3A, 0xD83A, 0xDD2B, 0xD83A, 0xDD45, 0xD83A, 0xDD2A, 0xD83A, 0xDD2D, 0x20, 0xD83A, 0xDD13, 0xD83A, 0xDD2A, 0xD83A, 0xDD28, 0xD83A, 0xDD22));

				case 27: return String(CharArray::of(0xD83A, 0xDD10, 0xD83A, 0xDD22, 0xD83A, 0xDD32, 0xD83A, 0xDD46, 0xD83A, 0xDD22, 0xD83A, 0xDD44, 0xD83A, 0xDD32, 0xD83A, 0xDD3A, 0xD83A, 0xDD2B, 0xD83A, 0xDD45, 0xD83A, 0xDD2A, 0xD83A, 0xDD2D, 0x20, 0xD83A, 0xDD13, 0xD83A, 0xDD2A, 0xD83A, 0xDD28, 0xD83A, 0xDD22));

				case 28: return String(CharArray::of(0xD83A, 0xDD16, 0xD83A, 0xDD2D, 0xD83A, 0xDD45, 0xD83A, 0xDD2A, 0xD83A, 0xDD32, 0xD83A, 0xDD22, 0xD83A, 0xDD44, 0xD83A, 0xDD32, 0xD83A, 0xDD3A, 0xD83A, 0xDD2B, 0xD83A, 0xDD45, 0xD83A, 0xDD2A, 0xD83A, 0xDD2D, 0x20, 0xD83A, 0xDD13, 0xD83A, 0xDD2A, 0xD83A, 0xDD28, 0xD83A, 0xDD22));

				case 29: return String(CharArray::of(0xD83A, 0xDD00, 0xD83A, 0xDD2C, 0xD83A, 0xDD2A, 0xD83A, 0xDD2D, 0xD83A, 0xDD33, 0xD83A, 0xDD22, 0xD83A, 0xDD44, 0x20, 0xD83A, 0xDD02, 0xD83A, 0xDD2B, 0xD83A, 0xDD27, 0x2D, 0xD83A, 0xDD05, 0xD83A, 0xDD22, 0xD83A, 0xDD44, 0xD83A, 0xDD38, 0xD83A, 0xDD22, 0xD83A, 0xDD2A, 0xD83A, 0xDD22));

				case 30: return String(CharArray::of(0xD83A, 0xDD00, 0xD83A, 0xDD25, 0xD83A, 0xDD2B, 0xD83A, 0xDD2A, 0xD83A, 0xDD2D, 0xD83A, 0xDD33, 0xD83A, 0xDD22, 0xD83A, 0xDD44, 0x20, 0xD83A, 0xDD02, 0xD83A, 0xDD22, 0xD83A, 0xDD3C, 0xD83A, 0xDD2D, 0xD83A, 0xDD32, 0xD83A, 0xDD33, 0xD83A, 0xDD2E));

				case 31: return String(CharArray::of(0xD83A, 0xDD05, 0xD83A, 0xDD35, 0xD83A, 0xDD2A, 0xD83A, 0xDD2D, 0xD83A, 0xDD45, 0xD83A, 0xDD2A, 0xD83A, 0xDD2B, 0x20, 0xD83A, 0xDD00, 0xD83A, 0xDD27, 0xD83A, 0xDD22, 0xD83A, 0xDD32, 0xD83A, 0xDD27, 0xD83A, 0xDD2E, 0xD83A, 0xDD45, 0xD83A, 0xDD32));

				case 32: return String(CharArray::of(0xD83A, 0xDD00, 0xD83A, 0xDD32, 0xD83A, 0xDD23, 0xD83A, 0xDD2E, 0xD83A, 0xDD2A, 0xD83A, 0xDD22, 0xD83A, 0xDD44));

				case 33: return String(CharArray::of(0xD83A, 0xDD01, 0xD83A, 0xDD2B, 0xD83A, 0xDD32, 0xD83A, 0xDD3C, 0xD83A, 0xDD22, 0xD83A, 0xDD24, 0x20, 0xD83A, 0xDD0B, 0xD83A, 0xDD25, 0xD83A, 0xDD2A, 0xD83A, 0xDD22, 0xD83A, 0xDD44, 0xD83A, 0xDD3C, 0xD83A, 0xDD2D, 0x20, 0xD83A, 0xDD00, 0xD83A, 0xDD44, 0xD83A, 0xDD2A, 0xD83A, 0xDD22, 0xD83A, 0xDD26, 0xD83A, 0xDD35));

				case 34: return String(CharArray::of(0xD83A, 0xDD00, 0xD83A, 0xDD2C, 0xD83A, 0xDD3A, 0xD83A, 0xDD22, 0xD83A, 0xDD32, 0xD83A, 0xDD2D, 0xD83A, 0xDD27, 0xD83A, 0xDD3C, 0xD83A, 0xDD22, 0xD83A, 0xDD44, 0xD83A, 0xDD32));

				case 35: return String(CharArray::of(0xD83A, 0xDD00, 0xD83A, 0xDD32, 0xD83A, 0xDD3C, 0xD83A, 0xDD2D, 0xD83A, 0xDD3A, 0xD83A, 0xDD35, 0xD83A, 0xDD31, 0xD83A, 0xDD22, 0x20, 0x26, 0x20, 0xD83A, 0xDD04, 0xD83A, 0xDD22, 0xD83A, 0xDD2A, 0xD83A, 0xDD26, 0xD83A, 0xDD35, 0xD83A, 0xDD45, 0xD83A, 0xDD23, 0xD83A, 0xDD22));

				case 36: return String(CharArray::of(0xD83A, 0xDD00, 0xD83A, 0xDD32, 0xD83A, 0xDD3A, 0xD83A, 0xDD2D, 0xD83A, 0xDD24, 0xD83A, 0xDD22, 0xD83A, 0xDD44));

				case 37: return String(CharArray::of(0xD83A, 0xDD00, 0xD83A, 0xDD24, 0xD83A, 0xDD26, 0xD83A, 0xDD22, 0xD83A, 0xDD32, 0xD83A, 0xDD2D, 0xD83A, 0xDD34, 0xD83A, 0xDD22, 0xD83A, 0xDD44));

				case 38: return String(CharArray::of(0xD83A, 0xDD00, 0xD83A, 0xDD2A, 0xD83A, 0xDD25, 0xD83A, 0xDD2B, 0xD83A, 0xDD32, 0xD83A, 0xDD2D, 0xD83A, 0xDD34, 0xD83A, 0xDD22, 0xD83A, 0xDD44));

				case 39: return String(CharArray::of(0xD83A, 0xDD00, 0xD83A, 0xDD32, 0xD83A, 0xDD3A, 0xD83A, 0xDD2E, 0xD83A, 0xDD24, 0xD83A, 0xDD22, 0xD83A, 0xDD44));

				case 40: return String(CharArray::of(0xD83A, 0xDD00, 0xD83A, 0xDD32, 0xD83A, 0xDD3C, 0xD83A, 0xDD22, 0xD83A, 0xDD2A, 0xD83A, 0xDD3C, 0xD83A, 0xDD2D, 0xD83A, 0xDD33, 0xD83A, 0xDD22, 0xD83A, 0xDD44));

				case 41: return String(CharArray::of(0xD83A, 0xDD00, 0xD83A, 0xDD2A, 0xD83A, 0xDD36, 0xD83A, 0xDD22, 0xD83A, 0xDD32, 0xD83A, 0xDD3C, 0xD83A, 0xDD2D, 0xD83A, 0xDD32, 0xD83A, 0xDD22, 0xD83A, 0xDD44));

				case 42: return String(CharArray::of(0xD83A, 0xDD05, 0xD83A, 0xDD22, 0xD83A, 0xDD25, 0xD83A, 0xDD35, 0xD83A, 0xDD31, 0xD83A, 0xDD22, 0x20, 0xD83A, 0xDD00, 0xD83A, 0xDD25, 0xD83A, 0xDD2B, 0xD83A, 0xDD2A, 0xD83A, 0xDD2D, 0xD83A, 0xDD33, 0xD83A, 0xDD2D, 0xD83A, 0xDD34, 0xD83A, 0xDD22, 0xD83A, 0xDD32, 0xD83A, 0xDD33, 0xD83A, 0xDD2E));

				case 43: return String(CharArray::of(0xD83A, 0xDD0C, 0xD83A, 0xDD3C, 0xD83A, 0xDD2D, 0xD83A, 0xDD2A, 0xD83A, 0xDD27, 0xD83A, 0xDD22));

				case 44: return String(CharArray::of(0xD83A, 0xDD0C, 0xD83A, 0xDD27, 0xD83A, 0xDD3C, 0xD83A, 0xDD22, 0xD83A, 0xDD2A, 0xD83A, 0xDD24, 0xD83A, 0xDD2D, 0xD83A, 0xDD34, 0xD83A, 0xDD22, 0xD83A, 0xDD44));

				case 45: return String(CharArray::of(0xD83A, 0xDD00, 0xD83A, 0xDD2A, 0xD83A, 0xDD35, 0xD83A, 0xDD26, 0xD83A, 0xDD22, 0xD83A, 0xDD44));

				case 46: return String(CharArray::of(0xD83A, 0xDD15, 0xD83A, 0xDD35, 0xD83A, 0xDD2A, 0xD83A, 0xDD2D, 0xD83A, 0xDD45, 0xD83A, 0xDD36, 0xD83A, 0xDD2B, 0x20, 0xD83A, 0xDD00, 0xD83A, 0xDD24, 0xD83A, 0xDD22, 0xD83A, 0xDD32, 0xD83A, 0xDD23));

				case 47: return String(CharArray::of(0xD83A, 0xDD00, 0xD83A, 0xDD41, 0xD83A, 0xDD2B, 0xD83A, 0xDD2A, 0xD83A, 0xDD26, 0xD83A, 0xDD22, 0xD83A, 0xDD2D, 0xD83A, 0xDD36, 0xD83A, 0xDD22, 0xD83A, 0xDD44, 0xD83A, 0xDD32));

				case 48: return String(CharArray::of(0xD83A, 0xDD04, 0xD83A, 0xDD2E, 0xD83A, 0xDD27, 0xD83A, 0xDD32, 0xD83A, 0xDD2D, 0xD83A, 0xDD34, 0xD83A, 0xDD22, 0x20, 0x26, 0x20, 0xD83A, 0xDD16, 0xD83A, 0xDD2B, 0xD83A, 0xDD2A, 0xD83A, 0xDD27, 0xD83A, 0xDD2B, 0xD83A, 0xDD33, 0xD83A, 0xDD2E, 0xD83A, 0xDD3E, 0xD83A, 0xDD2D, 0xD83A, 0xDD32, 0xD83A, 0xDD22, 0xD83A, 0xDD44));

				case 49: return String(CharArray::of(0xD83A, 0xDD04, 0xD83A, 0xDD22, 0xD83A, 0xDD2A, 0xD83A, 0xDD26, 0xD83A, 0xDD2B, 0xD83A, 0xDD45, 0xD83A, 0xDD23, 0xD83A, 0xDD2E, 0xD83A, 0xDD45, 0xD83A, 0xDD27));

				case 50: return String(CharArray::of(0xD83A, 0xDD04, 0xD83A, 0xDD22, 0xD83A, 0xDD32, 0xD83A, 0xDD3A, 0xD83A, 0xDD2D, 0xD83A, 0xDD24, 0xD83A, 0xDD22, 0xD83A, 0xDD23, 0xD83A, 0xDD2B, 0xD83A, 0xDD45, 0xD83A, 0xDD27));

				case 51: return String(CharArray::of(0xD83A, 0xDD04, 0xD83A, 0xDD2B, 0xD83A, 0xDD24, 0xD83A, 0xDD36, 0xD83A, 0xDD2D, 0xD83A, 0xDD33, 0xD83A, 0xDD22, 0xD83A, 0xDD44));

				case 52: return String(CharArray::of(0xD83A, 0xDD04, 0xD83A, 0xDD35, 0xD83A, 0xDD2A, 0xD83A, 0xDD33, 0xD83A, 0xDD2D, 0xD83A, 0xDD32, 0xD83A, 0xDD22, 0x20, 0xD83A, 0xDD0A, 0xD83A, 0xDD22, 0xD83A, 0xDD27, 0xD83A, 0xDD2E, 0xD83A, 0xDD45));

				case 53: return String(CharArray::of(0xD83A, 0xDD04, 0xD83A, 0xDD35, 0xD83A, 0xDD45, 0xD83A, 0xDD24, 0xD83A, 0xDD3A, 0xD83A, 0xDD22, 0xD83A, 0xDD2A, 0xD83A, 0xDD2D, 0xD83A, 0xDD34, 0xD83A, 0xDD22, 0xD83A, 0xDD44));

				case 54: return String(CharArray::of(0xD83A, 0xDD04, 0xD83A, 0xDD22, 0xD83A, 0xDD38, 0xD83A, 0xDD22, 0xD83A, 0xDD2A, 0xD83A, 0xDD22, 0xD83A, 0xDD34, 0xD83A, 0xDD32));

				case 55: return String(CharArray::of(0xD83A, 0xDD04, 0xD83A, 0xDD35, 0xD83A, 0xDD2A, 0xD83A, 0xDD35, 0xD83A, 0xDD32, 0xD83A, 0xDD23, 0xD83A, 0xDD2D));

				case 56: return String(CharArray::of(0xD83A, 0xDD04, 0xD83A, 0xDD2B, 0xD83A, 0xDD32, 0xD83A, 0xDD2B, 0xD83A, 0xDD32));

				case 57: return String(CharArray::of(0xD83A, 0xDD05, 0xD83A, 0xDD3C, 0x2E, 0x20, 0xD83A, 0xDD04, 0xD83A, 0xDD22, 0xD83A, 0xDD2A, 0xD83A, 0xDD3C, 0xD83A, 0xDD2B, 0xD83A, 0xDD24, 0xD83A, 0xDD2D, 0xD83A, 0xDD25, 0xD83A, 0xDD2D));

				case 58: return String(CharArray::of(0xD83A, 0xDD04, 0xD83A, 0xDD2D, 0xD83A, 0xDD2A, 0xD83A, 0xDD25, 0xD83A, 0xDD35, 0xD83A, 0xDD23, 0xD83A, 0xDD22));

				case 59: return String(CharArray::of(0xD83A, 0xDD04, 0xD83A, 0xDD35, 0xD83A, 0xDD2A, 0xD83A, 0xDD32, 0xD83A, 0xDD22, 0xD83A, 0xDD44, 0xD83A, 0xDD34));

				case 60: return String(CharArray::of(0xD83A, 0xDD04, 0xD83A, 0xDD2E, 0xD83A, 0xDD24, 0xD83A, 0xDD2D, 0xD83A, 0xDD45, 0xD83A, 0xDD3E, 0xD83A, 0xDD2D, 0xD83A, 0xDD34, 0xD83A, 0xDD22, 0xD83A, 0xDD44));

				case 61: return String(CharArray::of(0xD83A, 0xDD11, 0xD83A, 0xDD22, 0xD83A, 0xDD2A, 0xD83A, 0xDD26, 0xD83A, 0xDD2D, 0xD83A, 0xDD34, 0xD83A, 0xDD22, 0xD83A, 0xDD44, 0x20, 0xD83A, 0xDD16, 0xD83A, 0xDD2E, 0xD83A, 0xDD24, 0xD83A, 0xDD22, 0xD83A, 0xDD32, 0xD83A, 0xDD23, 0xD83A, 0xDD2D, 0xD83A, 0xDD34, 0xD83A, 0xDD22, 0xD83A, 0xDD44));

				case 62: return String(CharArray::of(0xD83A, 0xDD04, 0xD83A, 0xDD2A, 0xD83A, 0xDD22, 0xD83A, 0xDD27, 0xD83A, 0xDD2D, 0xD83A, 0xDD24));

				case 63: return String(CharArray::of(0xD83A, 0xDD04, 0xD83A, 0xDD22, 0xD83A, 0xDD38, 0xD83A, 0xDD22, 0xD83A, 0xDD25, 0xD83A, 0xDD22, 0xD83A, 0xDD44, 0xD83A, 0xDD27));

				case 64: return String(CharArray::of(0xD83A, 0xDD04, 0xD83A, 0xDD35, 0xD83A, 0xDD45, 0xD83A, 0xDD3C, 0xD83A, 0xDD22, 0xD83A, 0xDD44, 0xD83A, 0xDD32));

				case 66: return String(CharArray::of(0xD83A, 0xDD05, 0xD83A, 0xDD35, 0xD83A, 0xDD2A, 0xD83A, 0xDD2D, 0xD83A, 0xDD45, 0xD83A, 0xDD2A, 0xD83A, 0xDD2B, 0x20, 0xD83A, 0xDD04, 0xD83A, 0xDD35, 0xD83A, 0xDD45, 0xD83A, 0xDD3E, 0xD83A, 0xDD2B, 0xD83A, 0xDD45));

				case 67: return String(CharArray::of(0xD83A, 0xDD04, 0xD83A, 0xDD2E, 0xD83A, 0xDD3C, 0xD83A, 0xDD27, 0xD83A, 0xDD35, 0xD83A, 0xDD31, 0xD83A, 0xDD22, 0xD83A, 0xDD44, 0xD83A, 0xDD32, 0xD83A, 0xDD22));

				case 68: return String(CharArray::of(0xD83A, 0xDD04, 0xD83A, 0xDD2B, 0xD83A, 0xDD24, 0xD83A, 0xDD22, 0xD83A, 0xDD2A, 0xD83A, 0xDD35, 0xD83A, 0xDD45, 0xD83A, 0xDD27));

				case 69: return String(CharArray::of(0xD83A, 0xDD04, 0xD83A, 0xDD2B, 0xD83A, 0xDD24, 0xD83A, 0xDD2D, 0xD83A, 0xDD45, 0xD83A, 0xDD41));

				case 70: return String(CharArray::of(0xD83A, 0xDD11, 0xD83A, 0xDD22, 0xD83A, 0xDD32, 0xD83A, 0xDD22, 0xD83A, 0xDD23, 0xD83A, 0xDD22, 0xD83A, 0xDD44));

				case 71: return String(CharArray::of(0xD83A, 0xDD15, 0xD83A, 0xDD35, 0xD83A, 0xDD2A, 0xD83A, 0xDD2D, 0xD83A, 0xDD45, 0xD83A, 0xDD36, 0xD83A, 0xDD2B, 0x20, 0xD83A, 0xDD11, 0xD83A, 0xDD2E, 0xD83A, 0xDD33, 0xD83A, 0xDD2E, 0xD83A, 0xDD45, 0xD83A, 0xDD27, 0x20, 0x28, 0xD83A, 0xDD11, 0xD83A, 0xDD2D, 0xD83A, 0xDD45, 0xD83A, 0xDD24, 0xD83A, 0xDD2D, 0xD83A, 0xDD32, 0xD83A, 0xDD3A, 0x29));

				case 72: return String(CharArray::of(0xD83A, 0xDD11, 0xD83A, 0xDD2E, 0xD83A, 0xDD32, 0xD83A, 0xDD3A, 0xD83A, 0xDD2E, 0x20, 0x2D, 0x20, 0xD83A, 0xDD11, 0xD83A, 0xDD2D, 0xD83A, 0xDD32, 0xD83A, 0xDD27, 0xD83A, 0xDD22, 0xD83A, 0xDD27, 0xD83A, 0xDD22));

				case 73: return String(CharArray::of(0xD83A, 0xDD10, 0xD83A, 0xDD23, 0xD83A, 0xDD2B, 0xD83A, 0xDD32, 0xD83A, 0xDD23, 0xD83A, 0xDD2D, 0x20, 0xD83A, 0xDD1A, 0xD83A, 0xDD35, 0xD83A, 0xDD25, 0xD83A, 0xDD26, 0xD83A, 0xDD2E, 0xD83A, 0xDD45, 0xD83A, 0xDD2A, 0xD83A, 0xDD2D, 0x20, 0xD83A, 0xDD00, 0xD83A, 0xDD2C, 0xD83A, 0xDD2A, 0xD83A, 0xDD2D, 0xD83A, 0xDD33, 0xD83A, 0xDD22, 0xD83A, 0xDD44));

				case 74: return String(CharArray::of(0xD83A, 0xDD11, 0xD83A, 0xDD2E, 0xD83A, 0xDD32, 0xD83A, 0xDD3A, 0xD83A, 0xDD2E, 0x20, 0x2D, 0x20, 0xD83A, 0xDD04, 0xD83A, 0xDD2A, 0xD83A, 0xDD22, 0xD83A, 0xDD41, 0xD83A, 0xDD22, 0xD83A, 0xDD3E, 0xD83A, 0xDD2D, 0xD83A, 0xDD24));

				case 75: return String(CharArray::of(0xD83A, 0xDD05, 0xD83A, 0xDD35, 0xD83A, 0xDD31, 0xD83A, 0xDD2D, 0xD83A, 0xDD2A, 0xD83A, 0xDD27, 0xD83A, 0xDD22, 0xD83A, 0xDD44));

				case 76: return String(CharArray::of(0xD83A, 0xDD11, 0xD83A, 0xDD2E, 0xD83A, 0xDD3C, 0xD83A, 0xDD23, 0xD83A, 0xDD2D, 0xD83A, 0xDD3E, 0xD83A, 0xDD22, 0xD83A, 0xDD44, 0xD83A, 0xDD2A));

				case 77: return String(CharArray::of(0xD83A, 0xDD15, 0xD83A, 0xDD35, 0xD83A, 0xDD2A, 0xD83A, 0xDD2D, 0xD83A, 0xDD45, 0xD83A, 0xDD36, 0xD83A, 0xDD2B, 0x20, 0xD83A, 0xDD11, 0xD83A, 0xDD35, 0xD83A, 0xDD45, 0xD83A, 0xDD33));

				case 78: return String(CharArray::of(0xD83A, 0xDD15, 0xD83A, 0xDD2D, 0xD83A, 0xDD24, 0xD83A, 0xDD2B, 0xD83A, 0xDD4A, 0xD83A, 0xDD45));

				case 79: return String(CharArray::of(0xD83A, 0xDD11, 0xD83A, 0xDD22, 0xD83A, 0xDD25, 0xD83A, 0xDD22, 0xD83A, 0xDD2A, 0xD83A, 0xDD35, 0xD83A, 0xDD45, 0xD83A, 0xDD32));

				case 80: return String(CharArray::of(0xD83A, 0xDD15, 0xD83A, 0xDD22, 0xD83A, 0xDD34, 0xD83A, 0xDD32, 0xD83A, 0xDD22));

				case 81: return String(CharArray::of(0xD83A, 0xDD11, 0xD83A, 0xDD2E, 0xD83A, 0xDD24, 0xD83A, 0xDD2E, 0xD83A, 0xDD25, 0xD83A, 0xDD26, 0xD83A, 0xDD2D, 0xD83A, 0xDD34, 0xD83A, 0xDD22, 0xD83A, 0xDD44));

				case 82: return String(CharArray::of(0xD83A, 0xDD05, 0xD83A, 0xDD35, 0xD83A, 0xDD2A, 0xD83A, 0xDD2D, 0xD83A, 0xDD45, 0xD83A, 0xDD2A, 0xD83A, 0xDD2B, 0x20, 0xD83A, 0xDD11, 0xD83A, 0xDD2D, 0xD83A, 0xDD24, 0xD83A, 0xDD2D, 0xD83A, 0xDD28, 0xD83A, 0xDD2B, 0xD83A, 0xDD2A, 0xD83A, 0xDD3C, 0xD83A, 0xDD2E, 0xD83A, 0xDD32));

				case 84: return String(CharArray::of(0xD83A, 0xDD11, 0xD83A, 0xDD2E, 0xD83A, 0xDD27, 0xD83A, 0xDD3C, 0xD83A, 0xDD22, 0x20, 0xD83A, 0xDD08, 0xD83A, 0xDD2D, 0xD83A, 0xDD33, 0xD83A, 0xDD22, 0xD83A, 0xDD44));

				case 85: return String(CharArray::of(0xD83A, 0xDD11, 0xD83A, 0xDD35, 0xD83A, 0xDD45, 0xD83A, 0xDD26, 0xD83A, 0xDD22, 0xD83A, 0xDD44));

				case 86: return String(CharArray::of(0xD83A, 0xDD11, 0xD83A, 0xDD22, 0xD83A, 0xDD44, 0xD83A, 0xDD26, 0xD83A, 0xDD2E, 0x20, 0xD83A, 0xDD1C, 0xD83A, 0xDD2B, 0xD83A, 0xDD2A, 0xD83A, 0xDD23, 0xD83A, 0xDD2B));

				case 87: return String(CharArray::of(0xD83A, 0xDD11, 0xD83A, 0xDD35, 0xD83A, 0xDD45, 0xD83A, 0xDD2A, 0xD83A, 0xDD22, 0xD83A, 0xDD27, 0xD83A, 0xDD22, 0xD83A, 0xDD31, 0xD83A, 0xDD2E));

				case 88: return String(CharArray::of(0xD83A, 0xDD05, 0xD83A, 0xDD35, 0xD83A, 0xDD2A, 0xD83A, 0xDD2D, 0xD83A, 0xDD45, 0xD83A, 0xDD2A, 0xD83A, 0xDD2B, 0x20, 0xD83A, 0xDD11, 0xD83A, 0xDD2D, 0xD83A, 0xDD2A, 0xD83A, 0xDD27, 0xD83A, 0xDD2D, 0xD83A, 0xDD25, 0xD83A, 0xDD22, 0xD83A, 0xDD44, 0xD83A, 0xDD27));

				case 89: return String(CharArray::of(0xD83A, 0xDD11, 0xD83A, 0xDD35, 0xD83A, 0xDD26, 0xD83A, 0xDD2A, 0xD83A, 0xDD35, 0xD83A, 0xDD45, 0xD83A, 0xDD27));

				case 90: return String(CharArray::of(0xD83A, 0xDD15, 0xD83A, 0xDD2B, 0xD83A, 0xDD45, 0xD83A, 0xDD33, 0xD83A, 0xDD2D, 0xD83A, 0xDD34, 0xD83A, 0xDD22, 0xD83A, 0xDD44));

				case 92: return String(CharArray::of(0xD83A, 0xDD14, 0xD83A, 0xDD2B, 0xD83A, 0xDD2A, 0xD83A, 0xDD25, 0xD83A, 0xDD22, 0xD83A, 0xDD32, 0xD83A, 0xDD2D, 0xD83A, 0xDD45));

				case 93: return String(CharArray::of(0xD83A, 0xDD14, 0xD83A, 0xDD2E, 0xD83A, 0xDD3A, 0xD83A, 0xDD2E, 0x20, 0xD83A, 0xDD18, 0xD83A, 0xDD22, 0xD83A, 0xDD44, 0xD83A, 0xDD2A, 0xD83A, 0xDD27, 0xD83A, 0xDD2D, 0xD83A, 0xDD34, 0xD83A, 0xDD22));

				case 94: return String(CharArray::of(0xD83A, 0xDD14, 0xD83A, 0xDD2D, 0xD83A, 0xDD26, 0xD83A, 0xDD35, 0xD83A, 0xDD45, 0xD83A, 0xDD3C, 0xD83A, 0xDD2D));

				case 95: return String(CharArray::of(0xD83A, 0xDD01, 0xD83A, 0xDD22, 0xD83A, 0xDD32, 0xD83A, 0xDD35, 0xD83A, 0xDD25, 0xD83A, 0xDD22, 0xD83A, 0xDD2A, 0xD83A, 0xDD33));

				case 96: return String(CharArray::of(0xD83A, 0xDD01, 0xD83A, 0xDD2E, 0xD83A, 0xDD25, 0xD83A, 0xDD2D, 0xD83A, 0xDD32, 0xD83A, 0xDD2D, 0xD83A, 0xDD33, 0xD83A, 0xDD22, 0xD83A, 0xDD44));

				case 97: return String(CharArray::of(0xD83A, 0xDD10, 0xD83A, 0xDD23, 0xD83A, 0xDD2B, 0xD83A, 0xDD32, 0xD83A, 0xDD23, 0xD83A, 0xDD2D, 0x20, 0xD83A, 0xDD01, 0xD83A, 0xDD2E, 0xD83A, 0xDD25, 0xD83A, 0xDD2D, 0xD83A, 0xDD32, 0xD83A, 0xDD2D, 0xD83A, 0xDD33, 0xD83A, 0xDD22, 0xD83A, 0xDD44));

				case 98: return String(CharArray::of(0xD83A, 0xDD00, 0xD83A, 0xDD24, 0xD83A, 0xDD36, 0xD83A, 0xDD22, 0xD83A, 0xDD2A, 0xD83A, 0xDD2D, 0xD83A, 0xDD45));

				case 99: return String(CharArray::of(0xD83A, 0xDD05, 0xD83A, 0xDD2D, 0xD83A, 0xDD3C, 0xD83A, 0xDD46, 0xD83A, 0xDD22, 0x20, 0x26, 0x20, 0xD83A, 0xDD03, 0xD83A, 0xDD2B, 0xD83A, 0xDD24, 0xD83A, 0xDD2D, 0xD83A, 0xDD24, 0xD83A, 0xDD22));

				case 100: return String(CharArray::of(0xD83A, 0xDD09, 0xD83A, 0xDD33, 0xD83A, 0xDD35, 0xD83A, 0xDD31, 0xD83A, 0xDD22, 0xD83A, 0xDD23, 0xD83A, 0xDD2E, 0xD83A, 0xDD45, 0xD83A, 0xDD2A));

				case 101: return String(CharArray::of(0xD83A, 0xDD09, 0xD83A, 0xDD27, 0xD83A, 0xDD3C, 0xD83A, 0xDD2E, 0xD83A, 0xDD32, 0xD83A, 0xDD2D, 0xD83A, 0xDD34, 0xD83A, 0xDD22, 0xD83A, 0xDD44));

				case 102: return String(CharArray::of(0xD83A, 0xDD03, 0xD83A, 0xDD2D, 0xD83A, 0xDD27, 0xD83A, 0xDD2D, 0xD83A, 0xDD2A, 0xD83A, 0xDD22));

				case 103: return String(CharArray::of(0xD83A, 0xDD05, 0xD83A, 0xDD22, 0xD83A, 0xDD44, 0xD83A, 0xDD38, 0xD83A, 0xDD22, 0xD83A, 0xDD2A, 0xD83A, 0xDD22, 0x20, 0xD83A, 0xDD16, 0xD83A, 0xDD2D, 0xD83A, 0xDD45, 0xD83A, 0xDD32, 0xD83A, 0xDD22, 0xD83A, 0xDD44, 0xD83A, 0xDD2A, 0xD83A, 0xDD2D));

				case 104: return String(CharArray::of(0xD83A, 0xDD09, 0xD83A, 0xDD2A, 0xD83A, 0xDD2D, 0xD83A, 0xDD45, 0xD83A, 0xDD3C, 0xD83A, 0xDD2B, 0xD83A, 0xDD2A, 0xD83A, 0xDD2B));

				case 105: return String(CharArray::of(0xD83A, 0xDD09, 0xD83A, 0xDD27, 0xD83A, 0xDD28, 0xD83A, 0xDD22, 0xD83A, 0xDD3B, 0xD83A, 0xDD22, 0xD83A, 0xDD44));

				case 106: return String(CharArray::of(0xD83A, 0xDD00, 0xD83A, 0xDD26, 0xD83A, 0xDD22, 0xD83A, 0xDD27, 0xD83A, 0xDD2D, 0xD83A, 0xDD32, 0xD83A, 0xDD2D, 0xD83A, 0xDD45));

				case 107: return String(CharArray::of(0xD83A, 0xDD11, 0xD83A, 0xDD22, 0xD83A, 0xDD31, 0xD83A, 0xDD3C, 0xD83A, 0xDD22, 0xD83A, 0xDD24, 0x20, 0xD83A, 0xDD13, 0xD83A, 0xDD2A, 0xD83A, 0xDD28, 0xD83A, 0xDD22));

				case 108: return String(CharArray::of(0xD83A, 0xDD0A, 0xD83A, 0xDD2D, 0xD83A, 0xDD2A, 0xD83A, 0xDD24, 0xD83A, 0xDD22, 0x20, 0xD83A, 0xDD13, 0xD83A, 0xDD2A, 0xD83A, 0xDD2E, 0xD83A, 0xDD45));

				case 109: return String(CharArray::of(0xD83A, 0xDD0A, 0xD83A, 0xDD2D, 0xD83A, 0xDD32, 0xD83A, 0xDD24, 0xD83A, 0xDD22, 0xD83A, 0xDD32, 0xD83A, 0xDD23));

				case 110: return String(CharArray::of(0xD83A, 0xDD0A, 0xD83A, 0xDD2D, 0xD83A, 0xDD36, 0xD83A, 0xDD2D, 0xD83A, 0xDD45));

				case 111: return String(CharArray::of(0xD83A, 0xDD15, 0xD83A, 0xDD35, 0xD83A, 0xDD2A, 0xD83A, 0xDD2D, 0xD83A, 0xDD45, 0xD83A, 0xDD36, 0xD83A, 0xDD2B, 0x20, 0xD83A, 0xDD0A, 0xD83A, 0xDD22, 0xD83A, 0xDD24, 0xD83A, 0xDD33, 0xD83A, 0xDD35, 0xD83A, 0xDD24, 0xD83A, 0xDD22, 0xD83A, 0xDD32, 0xD83A, 0xDD23));

				case 112: return String(CharArray::of(0xD83A, 0xDD03, 0xD83A, 0xDD2D, 0xD83A, 0xDD33, 0xD83A, 0xDD2A, 0xD83A, 0xDD2E, 0xD83A, 0xDD32, 0xD83A, 0xDD2B, 0xD83A, 0xDD45, 0xD83A, 0xDD27, 0xD83A, 0xDD2D, 0xD83A, 0xDD34, 0xD83A, 0xDD22));

				case 113: return String(CharArray::of(0xD83A, 0xDD15, 0xD83A, 0xDD35, 0xD83A, 0xDD2A, 0xD83A, 0xDD2D, 0xD83A, 0xDD45, 0xD83A, 0xDD36, 0xD83A, 0xDD2B, 0x20, 0xD83A, 0xDD0A, 0xD83A, 0xDD22, 0xD83A, 0xDD2A, 0xD83A, 0xDD35, 0xD83A, 0xDD45, 0xD83A, 0xDD27));

				case 114: return String(CharArray::of(0xD83A, 0xDD0A, 0xD83A, 0xDD22, 0xD83A, 0xDD2A, 0xD83A, 0xDD22, 0xD83A, 0xDD32, 0xD83A, 0xDD27, 0xD83A, 0xDD2D));

				case 115: return String(CharArray::of(0xD83A, 0xDD18, 0xD83A, 0xDD22, 0xD83A, 0xDD26, 0xD83A, 0xDD2E, 0xD83A, 0xDD32));

				case 116: return String(CharArray::of(0xD83A, 0xDD01, 0xD83A, 0xDD2B, 0xD83A, 0xDD32, 0xD83A, 0xDD3C, 0xD83A, 0xDD22, 0xD83A, 0xDD24, 0x20, 0xD83A, 0xDD10, 0xD83A, 0xDD3A, 0xD83A, 0xDD2B, 0xD83A, 0xDD2F, 0xD83A, 0xDD35, 0xD83A, 0xDD45, 0xD83A, 0xDD2A, 0xD83A, 0xDD2D));

				case 117: return String(CharArray::of(0xD83A, 0xDD18, 0xD83A, 0xDD22, 0xD83A, 0xDD2A, 0xD83A, 0xDD32, 0xD83A, 0xDD22, 0xD83A, 0xDD23, 0xD83A, 0xDD22, 0xD83A, 0xDD44));

				case 118: return String(CharArray::of(0xD83A, 0xDD14, 0xD83A, 0xDD2E, 0xD83A, 0xDD2A, 0xD83A, 0xDD36, 0xD83A, 0xDD2D, 0xD83A, 0xDD34, 0xD83A, 0xDD22, 0xD83A, 0xDD44));

				case 119: return String(CharArray::of(0xD83A, 0xDD18, 0xD83A, 0xDD35, 0xD83A, 0xDD34, 0xD83A, 0xDD22, 0xD83A, 0xDD44, 0xD83A, 0xDD32, 0x20, 0xD83A, 0xDD0A, 0xD83A, 0xDD2A, 0xD83A, 0xDD22, 0xD83A, 0xDD32, 0xD83A, 0xDD27, 0xD83A, 0xDD2D, 0xD83A, 0xDD32, 0xD83A, 0xDD33, 0xD83A, 0xDD2E));

				case 120: return String(CharArray::of(0xD83A, 0xDD18, 0xD83A, 0xDD22, 0xD83A, 0xDD2A, 0xD83A, 0xDD32, 0xD83A, 0xDD2B, 0xD83A, 0xDD27, 0xD83A, 0xDD2D, 0xD83A, 0xDD45));

				case 121: return String(CharArray::of(0xD83A, 0xDD18, 0xD83A, 0xDD22, 0xD83A, 0xDD32, 0xD83A, 0xDD22));

				case 122: return String(CharArray::of(0xD83A, 0xDD14, 0xD83A, 0xDD2D, 0xD83A, 0xDD26, 0xD83A, 0xDD2A, 0xD83A, 0xDD22, 0xD83A, 0xDD24, 0xD83A, 0xDD3C, 0xD83A, 0xDD22, 0xD83A, 0xDD44));

				case 123: return String(CharArray::of(0xD83A, 0xDD18, 0xD83A, 0xDD2D, 0xD83A, 0xDD2A, 0xD83A, 0xDD24, 0xD83A, 0xDD22, 0xD83A, 0xDD32, 0xD83A, 0xDD23, 0xD83A, 0xDD2D));

				case 124: return String(CharArray::of(0xD83A, 0xDD18, 0xD83A, 0xDD22, 0xD83A, 0xDD25, 0xD83A, 0xDD26, 0xD83A, 0xDD2D, 0xD83A, 0xDD34, 0xD83A, 0xDD22));

				case 125: return String(CharArray::of(0xD83A, 0xDD18, 0xD83A, 0xDD2D, 0xD83A, 0xDD32, 0xD83A, 0xDD2B));

				case 126: return String(CharArray::of(0xD83A, 0xDD18, 0xD83A, 0xDD35, 0xD83A, 0xDD31, 0xD83A, 0xDD22, 0xD83A, 0xDD23, 0xD83A, 0xDD22, 0xD83A, 0xDD24, 0xD83A, 0xDD35, 0xD83A, 0xDD28, 0xD83A, 0xDD2B, 0xD83A, 0xDD45));

				case 127: return String(CharArray::of(0xD83A, 0xDD18, 0xD83A, 0xDD2D, 0xD83A, 0xDD32, 0xD83A, 0xDD2B, 0x20, 0xD83A, 0xDD15, 0xD83A, 0xDD22, 0xD83A, 0xDD33, 0xD83A, 0xDD22, 0xD83A, 0xDD32, 0xD83A, 0xDD3C, 0xD83A, 0xDD2B, 0xD83A, 0xDD45, 0xD83A, 0xDD2A, 0xD83A, 0xDD2D));

				case 128: return String(CharArray::of(0xD83A, 0xDD00, 0xD83A, 0xDD24, 0xD83A, 0xDD34, 0xD83A, 0xDD35, 0xD83A, 0xDD32, 0xD83A, 0xDD22, 0xD83A, 0xDD44, 0xD83A, 0xDD32));

				case 129: return String(CharArray::of(0xD83A, 0xDD10, 0xD83A, 0xDD22, 0xD83A, 0xDD32, 0xD83A, 0xDD46, 0xD83A, 0xDD22, 0xD83A, 0xDD44, 0xD83A, 0xDD32, 0xD83A, 0xDD3A, 0xD83A, 0xDD2B, 0x20, 0xD83A, 0xDD14, 0xD83A, 0xDD2E, 0xD83A, 0xDD2A, 0xD83A, 0xDD36, 0xD83A, 0xDD2D, 0xD83A, 0xDD34, 0xD83A, 0xDD22, 0x20, 0x26, 0x20, 0xD83A, 0xDD15, 0xD83A, 0xDD35, 0xD83A, 0xDD2A, 0xD83A, 0xDD2D, 0xD83A, 0xDD45, 0xD83A, 0xDD36, 0xD83A, 0xDD2B, 0x20, 0xD83A, 0xDD10, 0xD83A, 0xDD22, 0xD83A, 0xDD32, 0xD83A, 0xDD46, 0xD83A, 0xDD22, 0xD83A, 0xDD44, 0xD83A, 0xDD32, 0xD83A, 0xDD3A, 0xD83A, 0xDD2B, 0x20, 0xD83A, 0xDD05, 0xD83A, 0xDD22, 0xD83A, 0xDD32, 0xD83A, 0xDD23, 0xD83A, 0xDD35, 0xD83A, 0xDD31, 0xD83A, 0xDD2D, 0xD83A, 0xDD45, 0xD83A, 0xDD37));

				case 130: return String(CharArray::of(0xD83A, 0xDD18, 0xD83A, 0xDD35, 0xD83A, 0xDD31, 0xD83A, 0xDD22, 0xD83A, 0xDD3C, 0xD83A, 0xDD2B, 0xD83A, 0xDD25, 0xD83A, 0xDD22, 0xD83A, 0xDD24, 0xD83A, 0xDD22, 0xD83A, 0xDD44));

				case 131: return String(CharArray::of(0xD83A, 0xDD18, 0xD83A, 0xDD35, 0xD83A, 0xDD31, 0xD83A, 0xDD22, 0xD83A, 0xDD44, 0xD83A, 0xDD25));

				case 132: return String(CharArray::of(0xD83A, 0xDD18, 0xD83A, 0xDD2D, 0xD83A, 0xDD32, 0xD83A, 0xDD2B, 0x2D, 0xD83A, 0xDD04, 0xD83A, 0xDD2D, 0xD83A, 0xDD27, 0xD83A, 0xDD22, 0xD83A, 0xDD31, 0xD83A, 0xDD2E, 0xD83A, 0xDD45));

				case 133: return String(CharArray::of(0xD83A, 0xDD18, 0xD83A, 0xDD22, 0xD83A, 0xDD34, 0xD83A, 0xDD22, 0xD83A, 0xDD32, 0xD83A, 0xDD22, 0xD83A, 0xDD44));

				case 134: return String(CharArray::of(0xD83A, 0xDD16, 0xD83A, 0xDD02, 0xD83A, 0xDD00, 0x20, 0xD83A, 0xDD15, 0xD83A, 0xDD22, 0xD83A, 0xDD34, 0xD83A, 0xDD32, 0xD83A, 0xDD22, 0x20, 0xD83A, 0xDD2B, 0x20, 0xD83A, 0xDD16, 0xD83A, 0xDD2E, 0xD83A, 0xDD32, 0xD83A, 0xDD3A, 0x20, 0xD83A, 0xDD11, 0xD83A, 0xDD2E, 0xD83A, 0xDD32, 0xD83A, 0xDD3A));

				case 135: return String(CharArray::of(0xD83A, 0xDD15, 0xD83A, 0xDD35, 0xD83A, 0xDD2A, 0xD83A, 0xDD2D, 0xD83A, 0xDD45, 0xD83A, 0xDD36, 0xD83A, 0xDD2B, 0x20, 0xD83A, 0xDD16, 0xD83A, 0xDD2D, 0xD83A, 0xDD2A, 0xD83A, 0xDD23, 0xD83A, 0xDD2D, 0x20, 0x26, 0x20, 0xD83A, 0xDD03, 0xD83A, 0xDD22, 0xD83A, 0xDD33, 0xD83A, 0xDD23, 0xD83A, 0xDD2E, 0xD83A, 0xDD32, 0xD83A, 0xDD22, 0xD83A, 0xDD24));

				case 136: return String(CharArray::of(0xD83A, 0xDD16, 0xD83A, 0xDD2E, 0xD83A, 0xDD32, 0xD83A, 0xDD23, 0xD83A, 0xDD2D, 0xD83A, 0xDD2A, 0xD83A, 0xDD22, 0xD83A, 0xDD44, 0xD83A, 0xDD27));

				case 137: return String(CharArray::of(0xD83A, 0xDD11, 0xD83A, 0xDD35, 0xD83A, 0xDD2A, 0xD83A, 0xDD31, 0xD83A, 0xDD22, 0xD83A, 0xDD44, 0xD83A, 0xDD27, 0xD83A, 0xDD2D, 0xD83A, 0xDD34, 0xD83A, 0xDD22));

				case 138: return String(CharArray::of(0xD83A, 0xDD16, 0xD83A, 0xDD22, 0xD83A, 0xDD34, 0xD83A, 0xDD3C, 0xD83A, 0xDD2D, 0xD83A, 0xDD45));

				case 139: return String(CharArray::of(0xD83A, 0xDD16, 0xD83A, 0xDD22, 0xD83A, 0xDD32, 0xD83A, 0xDD3A, 0xD83A, 0xDD22, 0xD83A, 0xDD2A, 0xD83A, 0xDD2D, 0xD83A, 0xDD34, 0xD83A, 0xDD22, 0xD83A, 0xDD44));

				case 140: return String(CharArray::of(0xD83A, 0xDD05, 0xD83A, 0xDD35, 0xD83A, 0xDD2A, 0xD83A, 0xDD2D, 0xD83A, 0xDD45, 0xD83A, 0xDD2A, 0xD83A, 0xDD2B, 0x2D, 0xD83A, 0xDD11, 0xD83A, 0xDD22, 0xD83A, 0xDD32, 0xD83A, 0xDD22, 0xD83A, 0xDD2A, 0xD83A, 0xDD2D, 0xD83A, 0xDD45));

				case 141: return String(CharArray::of(0xD83A, 0xDD0B, 0xD83A, 0xDD32, 0xD83A, 0xDD23, 0xD83A, 0xDD2E, 0xD83A, 0xDD32, 0xD83A, 0xDD2D, 0xD83A, 0xDD45, 0xD83A, 0xDD27, 0xD83A, 0xDD34, 0xD83A, 0xDD22));

				case 142: return String(CharArray::of(0xD83A, 0xDD0B, 0xD83A, 0xDD2A, 0xD83A, 0xDD24, 0xD83A, 0xDD22, 0xD83A, 0xDD32, 0xD83A, 0xDD23));

				case 143: return String(CharArray::of(0xD83A, 0xDD0B, 0xD83A, 0xDD27, 0xD83A, 0xDD2A, 0xD83A, 0xDD22, 0xD83A, 0xDD44, 0xD83A, 0xDD34, 0xD83A, 0xDD2D, 0xD83A, 0xDD45, 0xD83A, 0xDD24));

				case 144: return String(CharArray::of(0xD83A, 0xDD05, 0xD83A, 0xDD35, 0xD83A, 0xDD2A, 0xD83A, 0xDD2D, 0xD83A, 0xDD45, 0xD83A, 0xDD2A, 0xD83A, 0xDD2B, 0x20, 0xD83A, 0xDD03, 0xD83A, 0xDD2B, 0xD83A, 0xDD45, 0xD83A, 0xDD32));

				case 145: return String(CharArray::of(0xD83A, 0xDD0B, 0xD83A, 0xDD32, 0xD83A, 0xDD23, 0xD83A, 0xDD2D, 0xD83A, 0xDD34, 0xD83A, 0xDD22));

				case 146: return String(CharArray::of(0xD83A, 0xDD1A, 0xD83A, 0xDD35, 0xD83A, 0xDD25, 0xD83A, 0xDD26, 0xD83A, 0xDD2B, 0xD83A, 0xDD2A, 0xD83A, 0xDD2B, 0x20, 0xD83A, 0xDD04, 0xD83A, 0xDD2A, 0xD83A, 0xDD2D, 0xD83A, 0xDD3C, 0xD83A, 0xDD22, 0xD83A, 0xDD32, 0xD83A, 0xDD2D, 0xD83A, 0xDD32, 0xD83A, 0xDD33, 0xD83A, 0xDD2E, 0xD83A, 0xDD45, 0xD83A, 0xDD2A, 0xD83A, 0xDD2B, 0x20, 0xD83A, 0xDD00, 0xD83A, 0xDD2C, 0xD83A, 0xDD2A, 0xD83A, 0xDD2D, 0xD83A, 0xDD33, 0xD83A, 0xDD2D));

				case 147: return String(CharArray::of(0xD83A, 0xDD0B, 0xD83A, 0xDD2A, 0xD83A, 0xDD22, 0xD83A, 0xDD44, 0xD83A, 0xDD33));

				case 148: return String(CharArray::of(0xD83A, 0xDD0B, 0xD83A, 0xDD2A, 0xD83A, 0xDD22, 0xD83A, 0xDD44, 0xD83A, 0xDD32));

				case 149: return String(CharArray::of(0xD83A, 0xDD00, 0xD83A, 0xDD34, 0xD83A, 0xDD27, 0xD83A, 0xDD35, 0xD83A, 0xDD24, 0xD83A, 0xDD22, 0xD83A, 0xDD32, 0xD83A, 0xDD23));

				case 150: return String(CharArray::of(0xD83A, 0xDD0B, 0xD83A, 0xDD3C, 0xD83A, 0xDD22, 0xD83A, 0xDD24, 0xD83A, 0xDD2D, 0xD83A, 0xDD45));

				case 151: return String(CharArray::of(0xD83A, 0xDD14, 0xD83A, 0xDD2B, 0xD83A, 0xDD2A, 0xD83A, 0xDD27, 0xD83A, 0xDD2D, 0xD83A, 0xDD45));

				case 152: return String(CharArray::of(0xD83A, 0xDD14, 0xD83A, 0xDD22, 0xD83A, 0xDD25, 0xD83A, 0xDD22, 0xD83A, 0xDD34, 0xD83A, 0xDD33, 0xD83A, 0xDD22, 0xD83A, 0xDD44));

				case 153: return String(CharArray::of(0xD83A, 0xDD14, 0xD83A, 0xDD2E, 0xD83A, 0xDD2A, 0xD83A, 0xDD23, 0xD83A, 0xDD22, 0xD83A, 0xDD44, 0xD83A, 0xDD32));

				case 154: return String(CharArray::of(0xD83A, 0xDD10, 0xD83A, 0xDD2D, 0xD83A, 0xDD28, 0xD83A, 0xDD46, 0xD83A, 0xDD2E, 0xD83A, 0xDD32));

				case 155: return String(CharArray::of(0xD83A, 0xDD11, 0xD83A, 0xDD2B, 0xD83A, 0xDD32, 0xD83A, 0xDD2D, 0xD83A, 0xDD34, 0xD83A, 0xDD22, 0xD83A, 0xDD44));

				case 156: return String(CharArray::of(0xD83A, 0xDD11, 0xD83A, 0xDD2D, 0xD83A, 0xDD2A, 0xD83A, 0xDD36, 0xD83A, 0xDD2D, 0xD83A, 0xDD27, 0xD83A, 0xDD3C, 0xD83A, 0xDD22, 0xD83A, 0xDD44, 0xD83A, 0xDD32));

				case 157: return String(CharArray::of(0xD83A, 0xDD11, 0xD83A, 0xDD22, 0xD83A, 0xDD25, 0xD83A, 0xDD26, 0xD83A, 0xDD2E, 0xD83A, 0xDD45, 0xD83A, 0xDD23, 0xD83A, 0xDD2D, 0xD83A, 0xDD34, 0xD83A, 0xDD22));

				case 158: return String(CharArray::of(0xD83A, 0xDD11, 0xD83A, 0xDD2D, 0xD83A, 0xDD2A, 0xD83A, 0xDD26, 0xD83A, 0xDD22, 0xD83A, 0xDD3C, 0xD83A, 0xDD2D, 0xD83A, 0xDD45));

				case 159: return String(CharArray::of(0xD83A, 0xDD11, 0xD83A, 0xDD2E, 0xD83A, 0xDD25, 0xD83A, 0xDD2E, 0xD83A, 0xDD45, 0xD83A, 0xDD2A, 0xD83A, 0xDD2E));

				case 160: return String(CharArray::of(0xD83A, 0xDD05, 0xD83A, 0xDD3C, 0x2E, 0x20, 0xD83A, 0xDD11, 0xD83A, 0xDD2A, 0xD83A, 0xDD2D, 0xD83A, 0xDD27, 0xD83A, 0xDD3C, 0xD83A, 0xDD2E, 0xD83A, 0xDD26, 0xD83A, 0xDD22, 0xD83A, 0xDD24, 0x20, 0x26, 0x20, 0xD83A, 0xDD10, 0xD83A, 0xDD2B, 0xD83A, 0xDD45, 0xD83A, 0xDD3E, 0xD83A, 0xDD2D, 0xD83A, 0xDD27));

				case 161: return String(CharArray::of(0xD83A, 0xDD11, 0xD83A, 0xDD2E, 0xD83A, 0xDD45, 0xD83A, 0xDD2A, 0xD83A, 0xDD2B, 0xD83A, 0xDD34, 0xD83A, 0xDD22, 0xD83A, 0xDD44, 0x20, 0xD83A, 0xDD10, 0xD83A, 0xDD22, 0xD83A, 0xDD32, 0xD83A, 0xDD46, 0xD83A, 0xDD22, 0xD83A, 0xDD44, 0xD83A, 0xDD32, 0xD83A, 0xDD3A, 0xD83A, 0xDD2B));

				case 162: return String(CharArray::of(0xD83A, 0xDD11, 0xD83A, 0xDD2E, 0xD83A, 0xDD45, 0xD83A, 0xDD2A, 0xD83A, 0xDD2B, 0xD83A, 0xDD34, 0xD83A, 0xDD22, 0xD83A, 0xDD44, 0x20, 0xD83A, 0xDD19, 0xD83A, 0xDD22, 0xD83A, 0xDD25, 0xD83A, 0xDD32, 0xD83A, 0xDD22, 0xD83A, 0xDD44, 0xD83A, 0xDD32, 0xD83A, 0xDD3A, 0xD83A, 0xDD2B));

				case 163: return String(CharArray::of(0xD83A, 0xDD11, 0xD83A, 0xDD35, 0xD83A, 0xDD31, 0xD83A, 0xDD22, 0xD83A, 0xDD34, 0xD83A, 0xDD3C, 0xD83A, 0xDD35));

				case 164: return String(CharArray::of(0xD83A, 0xDD15, 0xD83A, 0xDD35, 0xD83A, 0xDD2A, 0xD83A, 0xDD2D, 0xD83A, 0xDD45, 0xD83A, 0xDD36, 0xD83A, 0xDD2B, 0x20, 0xD83A, 0xDD11, 0xD83A, 0xDD22, 0xD83A, 0xDD34, 0xD83A, 0xDD25, 0xD83A, 0xDD22, 0xD83A, 0xDD44, 0xD83A, 0xDD32));

				case 165: return String(CharArray::of(0xD83A, 0xDD11, 0xD83A, 0xDD22, 0xD83A, 0xDD41, 0xD83A, 0xDD22, 0xD83A, 0xDD27, 0xD83A, 0xDD3C, 0xD83A, 0xDD22, 0xD83A, 0xDD44, 0xD83A, 0xDD32));

				case 166: return String(CharArray::of(0xD83A, 0xDD02, 0xD83A, 0xDD22, 0xD83A, 0xDD31, 0xD83A, 0xDD2E, 0xD83A, 0xDD45, 0xD83A, 0xDD27));

				case 167: return String(CharArray::of(0xD83A, 0xDD02, 0xD83A, 0xDD2D, 0xD83A, 0xDD26, 0xD83A, 0xDD22, 0xD83A, 0xDD32, 0xD83A, 0xDD2E, 0xD83A, 0xDD45, 0xD83A, 0xDD32));

				case 168: return String(CharArray::of(0xD83A, 0xDD05, 0xD83A, 0xDD3C, 0x2E, 0x20, 0xD83A, 0xDD02, 0xD83A, 0xDD35, 0xD83A, 0xDD45, 0xD83A, 0xDD27, 0xD83A, 0xDD2D, 0xD83A, 0xDD34, 0xD83A, 0xDD22));

				case 169: return String(CharArray::of(0xD83A, 0xDD02, 0xD83A, 0xDD2D, 0xD83A, 0xDD27, 0xD83A, 0xDD3C, 0xD83A, 0xDD2B, 0xD83A, 0xDD32, 0xD83A, 0xDD27, 0xD83A, 0xDD2D, 0xD83A, 0xDD3C, 0xD83A, 0xDD2B, 0xD83A, 0xDD45, 0xD83A, 0xDD32));

				case 170: return String(CharArray::of(0xD83A, 0xDD05, 0xD83A, 0xDD2D, 0xD83A, 0xDD2A, 0x20, 0xD83A, 0xDD02, 0xD83A, 0xDD22, 0xD83A, 0xDD32, 0xD83A, 0xDD33, 0xD83A, 0xDD22, 0xD83A, 0xDD44));

				case 171: return String(CharArray::of(0xD83A, 0xDD02, 0xD83A, 0xDD22, 0xD83A, 0xDD26, 0xD83A, 0xDD2D, 0xD83A, 0xDD2A, 0xD83A, 0xDD2D, 0xD83A, 0xDD34, 0xD83A, 0xDD22, 0xD83A, 0xDD44));

				case 172: return String(CharArray::of(0xD83A, 0xDD02, 0xD83A, 0xDD2B, 0xD83A, 0xDD27, 0xD83A, 0xDD2E, 0xD83A, 0xDD3C, 0xD83A, 0xDD2E, 0xD83A, 0xDD45));

				case 173: return String(CharArray::of(0xD83A, 0xDD02, 0xD83A, 0xDD2D, 0xD83A, 0xDD3C, 0xD83A, 0xDD35, 0xD83A, 0xDD3E, 0xD83A, 0xDD22));

				case 174: return String(CharArray::of(0xD83A, 0xDD02, 0xD83A, 0xDD35, 0xD83A, 0xDD33, 0xD83A, 0xDD27, 0xD83A, 0xDD22, 0xD83A, 0xDD32, 0xD83A, 0xDD26, 0xD83A, 0xDD35, 0xD83A, 0xDD45, 0xD83A, 0xDD3A));

				case 175: return String(CharArray::of(0xD83A, 0xDD02, 0xD83A, 0xDD22, 0xD83A, 0xDD3C, 0xD83A, 0xDD3E, 0xD83A, 0xDD2D, 0xD83A, 0xDD34, 0xD83A, 0xDD22));

				case 176: return String(CharArray::of(0xD83A, 0xDD02, 0xD83A, 0xDD2D, 0xD83A, 0xDD26, 0xD83A, 0xDD2D, 0xD83A, 0xDD34, 0xD83A, 0xDD22, 0xD83A, 0xDD44));

				case 177: return String(CharArray::of(0xD83A, 0xDD03, 0xD83A, 0xDD22, 0xD83A, 0xDD2A, 0xD83A, 0xDD2E, 0xD83A, 0xDD45, 0xD83A, 0xDD33));

				case 178: return String(CharArray::of(0xD83A, 0xDD03, 0xD83A, 0xDD2E, 0xD83A, 0xDD32, 0xD83A, 0xDD22, 0xD83A, 0xDD33, 0xD83A, 0xDD2E, 0xD83A, 0xDD45));

				case 179: return String(CharArray::of(0xD83A, 0xDD03, 0xD83A, 0xDD2E, 0xD83A, 0xDD24, 0xD83A, 0xDD23, 0xD83A, 0xDD2E, 0xD83A, 0xDD3E, 0xD83A, 0xDD22, 0xD83A, 0xDD44));

				case 180: return String(CharArray::of(0xD83A, 0xDD03, 0xD83A, 0xDD2E, 0xD83A, 0xDD32, 0xD83A, 0xDD3C, 0xD83A, 0xDD2B, 0xD83A, 0xDD32, 0xD83A, 0xDD2B, 0xD83A, 0xDD45, 0xD83A, 0xDD3A, 0xD83A, 0xDD2E, 0xD83A, 0xDD2A, 0xD83A, 0xDD2E));

				case 181: return String(CharArray::of(0xD83A, 0xDD05, 0xD83A, 0xDD3C, 0x2E, 0x20, 0xD83A, 0xDD03, 0xD83A, 0xDD22, 0xD83A, 0xDD2A, 0xD83A, 0xDD3C, 0xD83A, 0xDD2B, 0xD83A, 0xDD32));

				case 182: return String(CharArray::of(0xD83A, 0xDD03, 0xD83A, 0xDD22, 0xD83A, 0xDD23, 0xD83A, 0xDD22, 0xD83A, 0xDD3A, 0xD83A, 0xDD22, 0xD83A, 0xDD27, 0xD83A, 0xDD33, 0xD83A, 0xDD22, 0xD83A, 0xDD44, 0xD83A, 0xDD2A));

				case 183: return String(CharArray::of(0xD83A, 0xDD05, 0xD83A, 0xDD35, 0xD83A, 0xDD2A, 0xD83A, 0xDD2D, 0xD83A, 0xDD45, 0xD83A, 0xDD2A, 0xD83A, 0xDD2B, 0x20, 0xD83A, 0xDD03, 0xD83A, 0xDD22, 0xD83A, 0xDD2A, 0xD83A, 0xDD43, 0xD83A, 0xDD22, 0xD83A, 0xDD24));

				case 184: return String(CharArray::of(0xD83A, 0xDD03, 0xD83A, 0xDD22, 0xD83A, 0xDD33, 0xD83A, 0xDD2B, 0xD83A, 0xDD23, 0xD83A, 0xDD2E, 0xD83A, 0xDD32, 0xD83A, 0xDD2D, 0xD83A, 0xDD34, 0xD83A, 0xDD22, 0xD83A, 0xDD44, 0x20, 0xD83A, 0xDD10, 0xD83A, 0xDD22, 0xD83A, 0xDD32, 0xD83A, 0xDD46, 0xD83A, 0xDD22, 0xD83A, 0xDD44, 0xD83A, 0xDD32, 0xD83A, 0xDD3A, 0xD83A, 0xDD2B));

				case 185: return String(CharArray::of(0xD83A, 0xDD03, 0xD83A, 0xDD22, 0xD83A, 0xDD44, 0xD83A, 0xDD24, 0xD83A, 0xDD2D));

				case 186: return String(CharArray::of(0xD83A, 0xDD03, 0xD83A, 0xDD2D, 0xD83A, 0xDD34, 0xD83A, 0xDD22, 0xD83A, 0xDD25, 0xD83A, 0xDD22, 0xD83A, 0xDD44, 0xD83A, 0xDD2A, 0x20, 0x28, 0xD83A, 0xDD04, 0xD83A, 0xDD35, 0xD83A, 0xDD45, 0xD83A, 0xDD2A, 0xD83A, 0xDD25, 0xD83A, 0xDD22, 0x29));

				case 187: return String(CharArray::of(0xD83A, 0xDD03, 0xD83A, 0xDD2E, 0xD83A, 0xDD32, 0xD83A, 0xDD3A, 0xD83A, 0xDD2E, 0xD83A, 0xDD24, 0xD83A, 0xDD2D, 0xD83A, 0xDD34, 0xD83A, 0xDD22));

				case 188: return String(CharArray::of(0xD83A, 0xDD16, 0xD83A, 0xDD02, 0xD83A, 0xDD00, 0x20, 0xD83A, 0xDD15, 0xD83A, 0xDD22, 0xD83A, 0xDD34, 0xD83A, 0xDD32, 0xD83A, 0xDD22, 0x20, 0xD83A, 0xDD2B, 0x20, 0xD83A, 0xDD03, 0xD83A, 0xDD22, 0xD83A, 0xDD33, 0xD83A, 0xDD22, 0xD83A, 0xDD31, 0xD83A, 0xDD2E, 0xD83A, 0xDD45));

				case 189: return String(CharArray::of(0xD83A, 0xDD15, 0xD83A, 0xDD35, 0xD83A, 0xDD2A, 0xD83A, 0xDD2D, 0xD83A, 0xDD45, 0xD83A, 0xDD36, 0xD83A, 0xDD2B, 0x20, 0xD83A, 0xDD03, 0xD83A, 0xDD22, 0xD83A, 0xDD2A, 0xD83A, 0xDD2D, 0xD83A, 0xDD34, 0xD83A, 0xDD22, 0xD83A, 0xDD44, 0xD83A, 0xDD32, 0xD83A, 0xDD22, 0x20, 0xD83A, 0xDD10, 0xD83A, 0xDD22, 0xD83A, 0xDD32, 0xD83A, 0xDD46, 0xD83A, 0xDD22, 0xD83A, 0xDD44, 0xD83A, 0xDD32, 0xD83A, 0xDD3A, 0xD83A, 0xDD2B, 0xD83A, 0xDD45, 0xD83A, 0xDD2A, 0xD83A, 0xDD2D));

				case 190: return String(CharArray::of(0xD83A, 0xDD03, 0xD83A, 0xDD22, 0xD83A, 0xDD2A, 0xD83A, 0xDD3C, 0xD83A, 0xDD2D, 0xD83A, 0xDD32, 0xD83A, 0xDD2D, 0xD83A, 0xDD33, 0xD83A, 0xDD22, 0xD83A, 0xDD44));

				case 191: return String(CharArray::of(0xD83A, 0xDD03, 0xD83A, 0xDD2E, 0xD83A, 0xDD2A, 0xD83A, 0xDD3C, 0xD83A, 0xDD22, 0xD83A, 0xDD32, 0xD83A, 0xDD2D, 0xD83A, 0xDD45));

				case 192: return String(CharArray::of(0xD83A, 0xDD03, 0xD83A, 0xDD2E, 0xD83A, 0xDD32, 0xD83A, 0xDD27, 0xD83A, 0xDD2D, 0xD83A, 0xDD2A, 0xD83A, 0xDD22, 0xD83A, 0xDD44, 0xD83A, 0xDD3C));

				case 193: return String(CharArray::of(0xD83A, 0xDD03, 0xD83A, 0xDD22, 0xD83A, 0xDD24, 0xD83A, 0xDD3C, 0xD83A, 0xDD22));

				case 194: return String(CharArray::of(0xD83A, 0xDD03, 0xD83A, 0xDD2E, 0xD83A, 0xDD2A, 0xD83A, 0xDD2D, 0xD83A, 0xDD45, 0xD83A, 0xDD27, 0xD83A, 0xDD2D));

				case 195: return String(CharArray::of(0xD83A, 0xDD03, 0xD83A, 0xDD22, 0xD83A, 0xDD24, 0xD83A, 0xDD23, 0xD83A, 0xDD2D, 0xD83A, 0xDD45, 0xD83A, 0xDD2C));

				case 196: return String(CharArray::of(0xD83A, 0xDD03, 0xD83A, 0xDD22, 0xD83A, 0xDD24, 0xD83A, 0xDD22, 0xD83A, 0xDD31, 0xD83A, 0xDD2D, 0xD83A, 0xDD45));

				case 197: return String(CharArray::of(0xD83A, 0xDD03, 0xD83A, 0xDD2B, 0xD83A, 0xDD33, 0xD83A, 0xDD27, 0xD83A, 0xDD2D, 0xD83A, 0xDD33, 0xD83A, 0xDD2E, 0xD83A, 0xDD45));

				case 198: return String(CharArray::of(0xD83A, 0xDD03, 0xD83A, 0xDD22, 0xD83A, 0xDD24, 0xD83A, 0xDD2B, 0xD83A, 0xDD45, 0xD83A, 0xDD27, 0xD83A, 0xDD2D, 0xD83A, 0xDD34, 0xD83A, 0xDD22));

				case 199: return String(CharArray::of(0xD83A, 0xDD03, 0xD83A, 0xDD2E, 0xD83A, 0xDD27, 0xD83A, 0xDD22, 0xD83A, 0xDD25, 0xD83A, 0xDD26, 0xD83A, 0xDD2D, 0xD83A, 0xDD45, 0xD83A, 0xDD33));

				case 200: return String(CharArray::of(0xD83A, 0xDD10, 0xD83A, 0xDD22, 0xD83A, 0xDD25, 0xD83A, 0xDD2D, 0xD83A, 0xDD45, 0xD83A, 0xDD26, 0xD83A, 0xDD2D, 0xD83A, 0xDD34, 0xD83A, 0xDD22, 0xD83A, 0xDD44));

				case 201: return String(CharArray::of(0xD83A, 0xDD11, 0xD83A, 0xDD22, 0xD83A, 0xDD24, 0xD83A, 0xDD2D, 0xD83A, 0xDD23, 0xD83A, 0xDD2E, 0xD83A, 0xDD32, 0xD83A, 0xDD2D, 0xD83A, 0xDD34, 0xD83A, 0xDD22, 0xD83A, 0xDD44, 0x20, 0xD83A, 0xDD16, 0xD83A, 0xDD2B, 0xD83A, 0xDD27, 0xD83A, 0xDD2E));

				case 202: return String(CharArray::of(0xD83A, 0xDD10, 0xD83A, 0xDD2D, 0xD83A, 0xDD45, 0xD83A, 0xDD36, 0xD83A, 0xDD2B, 0xD83A, 0xDD2A));

				case 203: return String(CharArray::of(0xD83A, 0xDD05, 0xD83A, 0xDD35, 0xD83A, 0xDD2A, 0xD83A, 0xDD2D, 0xD83A, 0xDD45, 0xD83A, 0xDD2A, 0xD83A, 0xDD2B, 0x20, 0xD83A, 0xDD10, 0xD83A, 0xDD2E, 0xD83A, 0xDD2A, 0xD83A, 0xDD2C, 0xD83A, 0xDD2E, 0xD83A, 0xDD24, 0xD83A, 0xDD33, 0xD83A, 0xDD35));

				case 204: return String(CharArray::of(0xD83A, 0xDD10, 0xD83A, 0xDD22, 0xD83A, 0xDD36, 0xD83A, 0xDD2B, 0xD83A, 0xDD2A, 0xD83A, 0xDD2D, 0xD83A, 0xDD34, 0xD83A, 0xDD22, 0xD83A, 0xDD44));

				case 205: return String(CharArray::of(0xD83A, 0xDD10, 0xD83A, 0xDD2D, 0xD83A, 0xDD33, 0xD83A, 0xDD22, 0xD83A, 0xDD2A, 0xD83A, 0xDD22, 0xD83A, 0xDD3A, 0xD83A, 0xDD35, 0xD83A, 0xDD31, 0xD83A, 0xDD22, 0xD83A, 0xDD44));

				case 206: return String(CharArray::of(0xD83A, 0xDD16, 0xD83A, 0xDD2E, 0xD83A, 0xDD24, 0xD83A, 0xDD22, 0xD83A, 0xDD32, 0xD83A, 0xDD23, 0xD83A, 0xDD2D, 0xD83A, 0xDD34, 0xD83A, 0xDD22, 0xD83A, 0xDD44));

				case 207: return String(CharArray::of(0xD83A, 0xDD10, 0xD83A, 0xDD2E, 0xD83A, 0xDD2A, 0xD83A, 0xDD3A, 0xD83A, 0xDD2B, 0xD83A, 0xDD34, 0xD83A, 0xDD22, 0xD83A, 0xDD44));

				case 208: return String(CharArray::of(0xD83A, 0xDD10, 0xD83A, 0xDD2D, 0xD83A, 0xDD28, 0xD83A, 0xDD22, 0xD83A, 0xDD44, 0xD83A, 0xDD24));

				case 209: return String(CharArray::of(0xD83A, 0xDD10, 0xD83A, 0xDD22, 0xD83A, 0xDD31, 0xD83A, 0xDD2A, 0xD83A, 0xDD35));

				case 210: return String(CharArray::of(0xD83A, 0xDD10, 0xD83A, 0xDD35, 0xD83A, 0xDD45, 0xD83A, 0xDD31, 0xD83A, 0xDD2D));

				case 211: return String(CharArray::of(0xD83A, 0xDD10, 0xD83A, 0xDD2B, 0xD83A, 0xDD31, 0x20, 0xD83A, 0xDD1F, 0xD83A, 0xDD2B, 0xD83A, 0xDD24, 0xD83A, 0xDD22, 0xD83A, 0xDD32, 0xD83A, 0xDD23));

				case 212: return String(CharArray::of(0xD83A, 0xDD0C, 0xD83A, 0xDD45, 0xD83A, 0xDD25, 0xD83A, 0xDD22, 0xD83A, 0xDD44, 0xD83A, 0xDD32));

				case 213: return String(CharArray::of(0xD83A, 0xDD06, 0xD83A, 0xDD22, 0xD83A, 0xDD32, 0xD83A, 0xDD22, 0xD83A, 0xDD25, 0xD83A, 0xDD22));

				case 214: return String(CharArray::of(0xD83A, 0xDD06, 0xD83A, 0xDD2B, 0xD83A, 0xDD2A, 0xD83A, 0xDD35, 0xD83A, 0xDD45));

				case 215: return String(CharArray::of(0xD83A, 0xDD06, 0xD83A, 0xDD2E, 0xD83A, 0xDD24, 0xD83A, 0xDD2D, 0xD83A, 0xDD32, 0xD83A, 0xDD2B, 0xD83A, 0xDD45, 0xD83A, 0xDD27, 0xD83A, 0xDD2D, 0xD83A, 0xDD34, 0xD83A, 0xDD22, 0x20, 0xD83A, 0xDD0A, 0xD83A, 0xDD2A, 0xD83A, 0xDD22, 0xD83A, 0xDD32, 0xD83A, 0xDD27, 0xD83A, 0xDD2D, 0xD83A, 0xDD32, 0xD83A, 0xDD33, 0xD83A, 0xDD2E));

				case 216: return String(CharArray::of(0xD83A, 0xDD06, 0xD83A, 0xDD22, 0xD83A, 0xDD28, 0xD83A, 0xDD35, 0xD83A, 0xDD31, 0xD83A, 0xDD22, 0x20, 0xD83A, 0xDD18, 0xD83A, 0xDD2D, 0xD83A, 0xDD32, 0xD83A, 0xDD2B, 0x20, 0xD83A, 0xDD16, 0xD83A, 0xDD2B, 0xD83A, 0xDD27, 0xD83A, 0xDD2E));

				case 217: return String(CharArray::of(0xD83A, 0xDD0A, 0xD83A, 0xDD2D, 0xD83A, 0xDD24, 0xD83A, 0xDD2D, 0xD83A, 0xDD28, 0xD83A, 0xDD2D, 0xD83A, 0xDD45, 0xD83A, 0xDD32));

				case 218: return String(CharArray::of(0xD83A, 0xDD06, 0xD83A, 0xDD22, 0xD83A, 0xDD33, 0xD83A, 0xDD2D, 0xD83A, 0xDD27, 0xD83A, 0xDD3C, 0xD83A, 0xDD22, 0xD83A, 0xDD44, 0xD83A, 0xDD32));

				case 219: return String(CharArray::of(0xD83A, 0xDD06, 0xD83A, 0xDD2E, 0xD83A, 0xDD24, 0xD83A, 0xDD22, 0xD83A, 0xDD32, 0xD83A, 0xDD23));

				case 220: return String(CharArray::of(0xD83A, 0xDD05, 0xD83A, 0xDD3C, 0x2E, 0x20, 0xD83A, 0xDD06, 0xD83A, 0xDD2D, 0xD83A, 0xDD34, 0xD83A, 0xDD2B, 0xD83A, 0xDD45, 0xD83A, 0xDD2A, 0x20, 0x26, 0x20, 0xD83A, 0xDD03, 0xD83A, 0xDD2D, 0xD83A, 0xDD33, 0xD83A, 0xDD2B, 0xD83A, 0xDD24, 0xD83A, 0xDD2E, 0xD83A, 0xDD32));

				case 221: return String(CharArray::of(0xD83A, 0xDD15, 0xD83A, 0xDD35, 0xD83A, 0xDD2A, 0xD83A, 0xDD2D, 0xD83A, 0xDD45, 0xD83A, 0xDD36, 0xD83A, 0xDD2B, 0x20, 0xD83A, 0xDD06, 0xD83A, 0xDD2D, 0xD83A, 0xDD3C, 0xD83A, 0xDD33, 0xD83A, 0xDD2D, 0xD83A, 0xDD45, 0xD83A, 0xDD2A, 0xD83A, 0xDD32, 0xD83A, 0xDD35));

				case 222: return String(CharArray::of(0xD83A, 0xDD06, 0xD83A, 0xDD2E, 0xD83A, 0xDD2A, 0xD83A, 0xDD3C, 0xD83A, 0xDD2E, 0x20, 0xD83A, 0xDD08, 0xD83A, 0xDD2D, 0xD83A, 0xDD33, 0xD83A, 0xDD2E, 0xD83A, 0xDD45));

				case 223: return String(CharArray::of(0xD83A, 0xDD02, 0xD83A, 0xDD2B, 0xD83A, 0xDD27, 0xD83A, 0xDD23, 0xD83A, 0xDD2D, 0xD83A, 0xDD45, 0xD83A, 0xDD36, 0xD83A, 0xDD2D, 0x20, 0xD83A, 0xDD0A, 0xD83A, 0xDD22, 0xD83A, 0xDD24, 0xD83A, 0xDD2B, 0xD83A, 0xDD27, 0xD83A, 0xDD3C, 0xD83A, 0xDD2D, 0xD83A, 0xDD45, 0xD83A, 0xDD32));

				case 224: return String(CharArray::of(0xD83A, 0xDD06, 0xD83A, 0xDD2E, 0xD83A, 0xDD45, 0xD83A, 0xDD2A, 0xD83A, 0xDD3C, 0xD83A, 0xDD35, 0xD83A, 0xDD3A, 0xD83A, 0xDD22, 0xD83A, 0xDD44, 0xD83A, 0xDD24));

				case 225: return String(CharArray::of(0xD83A, 0xDD06, 0xD83A, 0xDD22, 0xD83A, 0xDD24, 0xD83A, 0xDD22, 0xD83A, 0xDD31));

				case 226: return String(CharArray::of(0xD83A, 0xDD06, 0xD83A, 0xDD22, 0xD83A, 0xDD44, 0xD83A, 0xDD2A, 0xD83A, 0xDD22, 0xD83A, 0xDD3A, 0xD83A, 0xDD35, 0xD83A, 0xDD31, 0xD83A, 0xDD22, 0xD83A, 0xDD44, 0xD83A, 0xDD34));

				case 227: return String(CharArray::of(0xD83A, 0xDD0A, 0xD83A, 0xDD22, 0xD83A, 0xDD24, 0xD83A, 0xDD2B, 0xD83A, 0xDD27, 0xD83A, 0xDD3C, 0xD83A, 0xDD2D, 0xD83A, 0xDD45, 0xD83A, 0xDD32));

				case 228: return String(CharArray::of(0xD83A, 0xDD1A, 0xD83A, 0xDD22, 0xD83A, 0xDD3C, 0xD83A, 0xDD46, 0xD83A, 0xDD2B, 0xD83A, 0xDD45, 0xD83A, 0xDD2A, 0xD83A, 0xDD2D, 0x20, 0xD83A, 0xDD0C, 0xD83A, 0xDD27, 0xD83A, 0xDD34, 0xD83A, 0xDD22, 0xD83A, 0xDD32, 0xD83A, 0xDD2D, 0xD83A, 0xDD34, 0xD83A, 0xDD22));

				case 229: return String(CharArray::of(0xD83A, 0xDD08, 0xD83A, 0xDD2B, 0xD83A, 0xDD45, 0xD83A, 0xDD32, 0xD83A, 0xDD2D, 0xD83A, 0xDD34, 0xD83A, 0xDD2E, 0xD83A, 0xDD32));

				case 230: return String(CharArray::of(0xD83A, 0xDD08, 0xD83A, 0xDD35, 0xD83A, 0xDD25, 0xD83A, 0xDD22, 0xD83A, 0xDD44, 0xD83A, 0xDD32, 0xD83A, 0xDD2D, 0xD83A, 0xDD34, 0xD83A, 0xDD22));

				case 231: return String(CharArray::of(0xD83A, 0xDD05, 0xD83A, 0xDD2B, 0xD83A, 0xDD2A, 0xD83A, 0xDD26, 0xD83A, 0xDD2D, 0xD83A, 0xDD34, 0xD83A, 0xDD22, 0xD83A, 0xDD44));

				case 232: return String(CharArray::of(0xD83A, 0xDD08, 0xD83A, 0xDD2E, 0xD83A, 0xDD45, 0xD83A, 0xDD27, 0xD83A, 0xDD2D, 0xD83A, 0xDD34, 0xD83A, 0xDD22));

				case 233: return String(CharArray::of(0xD83A, 0xDD08, 0xD83A, 0xDD35, 0xD83A, 0xDD31, 0xD83A, 0xDD22, 0xD83A, 0xDD32, 0xD83A, 0xDD23, 0xD83A, 0xDD22, 0xD83A, 0xDD44));

				case 234: return String(CharArray::of(0xD83A, 0xDD05, 0xD83A, 0xDD22, 0xD83A, 0xDD35, 0xD83A, 0xDD45, 0xD83A, 0xDD23, 0x20, 0xD83A, 0xDD00, 0xD83A, 0xDD44, 0xD83A, 0xDD2A, 0xD83A, 0xDD22, 0xD83A, 0xDD26, 0xD83A, 0xDD2D, 0xD83A, 0xDD34, 0xD83A, 0xDD22, 0xD83A, 0xDD44));

				case 235: return String(CharArray::of(0xD83A, 0xDD15, 0xD83A, 0xDD35, 0xD83A, 0xDD2A, 0xD83A, 0xDD2D, 0xD83A, 0xDD45, 0xD83A, 0xDD36, 0xD83A, 0xDD2B, 0x20, 0xD83A, 0xDD05, 0xD83A, 0xDD35, 0xD83A, 0xDD24, 0xD83A, 0xDD22, 0xD83A, 0xDD34, 0xD83A, 0xDD25, 0xD83A, 0xDD22, 0xD83A, 0xDD44, 0xD83A, 0xDD32));

				case 236: return String(CharArray::of(0xD83A, 0xDD05, 0xD83A, 0xDD2B, 0xD83A, 0xDD34, 0xD83A, 0xDD2D, 0xD83A, 0xDD27, 0xD83A, 0xDD2B, 0xD83A, 0xDD24));

				case 237: return String(CharArray::of(0xD83A, 0xDD05, 0xD83A, 0xDD35, 0xD83A, 0xDD23, 0xD83A, 0xDD22, 0xD83A, 0xDD44, 0xD83A, 0xDD32));

				case 238: return String(CharArray::of(0xD83A, 0xDD05, 0xD83A, 0xDD35, 0xD83A, 0xDD31, 0xD83A, 0xDD2B, 0xD83A, 0xDD23, 0xD83A, 0xDD2D, 0xD83A, 0xDD34, 0xD83A, 0xDD22, 0xD83A, 0xDD44));

				case 239: return String(CharArray::of(0xD83A, 0xDD05, 0xD83A, 0xDD2D, 0xD83A, 0xDD32, 0xD83A, 0xDD3A, 0xD83A, 0xDD22, 0xD83A, 0xDD28, 0xD83A, 0xDD35, 0xD83A, 0xDD45, 0xD83A, 0xDD2A));

				case 240: return String(CharArray::of(0xD83A, 0xDD05, 0xD83A, 0xDD2B, 0xD83A, 0xDD32, 0x2D, 0xD83A, 0xDD16, 0xD83A, 0xDD2B, 0xD83A, 0xDD24, 0xD83A, 0xDD2B, 0xD83A, 0xDD32, 0xD83A, 0xDD22, 0xD83A, 0xDD44));

				case 241: return String(CharArray::of(0xD83A, 0xDD05, 0xD83A, 0xDD35, 0xD83A, 0xDD24, 0xD83A, 0xDD2E, 0xD83A, 0xDD3E, 0xD83A, 0xDD2B, 0xD83A, 0xDD32, 0xD83A, 0xDD2D, 0xD83A, 0xDD34, 0xD83A, 0xDD22, 0xD83A, 0xDD44));

				case 242: return String(CharArray::of(0xD83A, 0xDD05, 0xD83A, 0xDD22, 0xD83A, 0xDD3E, 0xD83A, 0xDD22, 0xD83A, 0xDD24, 0xD83A, 0xDD26, 0xD83A, 0xDD22, 0xD83A, 0xDD2A, 0xD83A, 0xDD23, 0x20, 0x26, 0x20, 0xD83A, 0xDD14, 0xD83A, 0xDD22, 0xD83A, 0xDD32, 0x20, 0xD83A, 0xDD03, 0xD83A, 0xDD22, 0xD83A, 0xDD34, 0xD83A, 0xDD2B, 0xD83A, 0xDD32));

				case 243: return String(CharArray::of(0xD83A, 0xDD05, 0xD83A, 0xDD35, 0xD83A, 0xDD24, 0xD83A, 0xDD2E, 0xD83A, 0xDD3E, 0xD83A, 0xDD22, 0xD83A, 0xDD44, 0xD83A, 0xDD33, 0xD83A, 0xDD2D, 0xD83A, 0xDD34, 0xD83A, 0xDD22));

				case 244: return String(CharArray::of(0xD83A, 0xDD05, 0xD83A, 0xDD22, 0xD83A, 0xDD2A, 0xD83A, 0xDD22, 0xD83A, 0xDD24, 0xD83A, 0xDD2E, 0xD83A, 0xDD32));

				case 245: return String(CharArray::of(0xD83A, 0xDD05, 0xD83A, 0xDD22, 0xD83A, 0xDD32, 0x20, 0xD83A, 0xDD03, 0xD83A, 0xDD22, 0xD83A, 0xDD2A, 0xD83A, 0xDD2D, 0xD83A, 0xDD32, 0xD83A, 0xDD2E, 0xD83A, 0xDD45));

				case 246: return String(CharArray::of(0xD83A, 0xDD05, 0xD83A, 0xDD2B, 0xD83A, 0xDD32, 0xD83A, 0xDD2B, 0xD83A, 0xDD3A, 0xD83A, 0xDD22, 0xD83A, 0xDD44, 0xD83A, 0xDD24));

				case 247: return String(CharArray::of(0xD83A, 0xDD05, 0xD83A, 0xDD35, 0xD83A, 0xDD45, 0xD83A, 0xDD25, 0xD83A, 0xDD22, 0xD83A, 0xDD44, 0xD83A, 0xDD24, 0xD83A, 0xDD2D));

				case 248: return String(CharArray::of(0xD83A, 0xDD05, 0xD83A, 0xDD35, 0xD83A, 0xDD2A, 0xD83A, 0xDD2D, 0xD83A, 0xDD32, 0xD83A, 0xDD22, 0xD83A, 0xDD44, 0xD83A, 0xDD25));

				case 249: return String(CharArray::of(0xD83A, 0xDD05, 0xD83A, 0xDD35, 0xD83A, 0xDD23, 0xD83A, 0xDD22, 0xD83A, 0xDD44, 0xD83A, 0xDD32, 0x20, 0xD83A, 0xDD02, 0xD83A, 0xDD2B, 0xD83A, 0xDD27, 0xD83A, 0xDD24, 0xD83A, 0xDD2B, 0xD83A, 0xDD34, 0xD83A, 0xDD2A, 0xD83A, 0xDD2D));

				case 250: return String(CharArray::of(0xD83A, 0xDD05, 0xD83A, 0xDD22, 0xD83A, 0xDD31, 0xD83A, 0xDD35, 0x20, 0xD83A, 0xDD1A, 0xD83A, 0xDD35, 0xD83A, 0xDD25, 0xD83A, 0xDD2B, 0xD83A, 0xDD45, 0x20, 0x26, 0x20, 0xD83A, 0xDD06, 0xD83A, 0xDD2B, 0xD83A, 0xDD2A, 0xD83A, 0xDD2B, 0xD83A, 0xDD32, 0xD83A, 0xDD27, 0xD83A, 0xDD2D, 0xD83A, 0xDD28, 0xD83A, 0xDD2B));

				case 251: return String(CharArray::of(0xD83A, 0xDD09, 0xD83A, 0xDD24, 0x20, 0xD83A, 0xDD05, 0xD83A, 0xDD22, 0xD83A, 0xDD24, 0xD83A, 0xDD3E, 0xD83A, 0xDD22, 0xD83A, 0xDD23, 0xD83A, 0xDD2E, 0xD83A, 0xDD45, 0xD83A, 0xDD2A));

				case 252: return String(CharArray::of(0xD83A, 0xDD05, 0xD83A, 0xDD2B, 0xD83A, 0xDD32, 0xD83A, 0xDD3C, 0xD83A, 0xDD35, 0x20, 0xD83A, 0xDD03, 0xD83A, 0xDD22, 0xD83A, 0xDD44, 0xD83A, 0xDD2A, 0xD83A, 0xDD3C, 0xD83A, 0xDD2B, 0xD83A, 0xDD32));

				case 253: return String(CharArray::of(0xD83A, 0xDD05, 0xD83A, 0xDD35, 0xD83A, 0xDD45, 0xD83A, 0xDD2A, 0xD83A, 0xDD2D, 0xD83A, 0xDD34, 0xD83A, 0xDD22, 0xD83A, 0xDD44));

				case 254: return String(CharArray::of(0xD83A, 0xDD09, 0xD83A, 0xDD27, 0xD83A, 0xDD31, 0xD83A, 0xDD22, 0xD83A, 0xDD3C, 0xD83A, 0xDD2D, 0xD83A, 0xDD32, 0xD83A, 0xDD2D));

				case 255: return String(CharArray::of(0xD83A, 0xDD1A, 0xD83A, 0xDD35, 0xD83A, 0xDD2A, 0xD83A, 0xDD27, 0xD83A, 0xDD35, 0xD83A, 0xDD3C, 0xD83A, 0xDD22, 0xD83A, 0xDD32, 0x20, 0xD83A, 0xDD01, 0xD83A, 0xDD22, 0xD83A, 0xDD33, 0xD83A, 0xDD35, 0xD83A, 0xDD32, 0xD83A, 0xDD38, 0xD83A, 0xDD22));

				case 256: return String(CharArray::of(0xD83A, 0xDD15, 0xD83A, 0xDD35, 0xD83A, 0xDD2A, 0xD83A, 0xDD2D, 0xD83A, 0xDD45, 0xD83A, 0xDD36, 0xD83A, 0xDD2B, 0x20, 0xD83A, 0xDD1A, 0xD83A, 0xDD35, 0xD83A, 0xDD2A, 0xD83A, 0xDD33, 0xD83A, 0xDD35, 0xD83A, 0xDD27, 0x20, 0x26, 0x20, 0xD83A, 0xDD11, 0xD83A, 0xDD22, 0xD83A, 0xDD34, 0xD83A, 0xDD33, 0xD83A, 0xDD2E, 0xD83A, 0xDD45, 0xD83A, 0xDD27));

				case 257: return String(CharArray::of(0xD83A, 0xDD15, 0xD83A, 0xDD22, 0xD83A, 0xDD44, 0xD83A, 0xDD23));

				case 258: return String(CharArray::of(0xD83A, 0xDD1A, 0xD83A, 0xDD35, 0xD83A, 0xDD25, 0xD83A, 0xDD26, 0xD83A, 0xDD2B, 0x20, 0xD83A, 0xDD02, 0xD83A, 0xDD2B, 0xD83A, 0xDD27, 0xD83A, 0xDD24, 0xD83A, 0xDD2B, 0xD83A, 0xDD34, 0xD83A, 0xDD36, 0xD83A, 0xDD2B, 0x20, 0xD83A, 0xDD0A, 0xD83A, 0xDD2A, 0xD83A, 0xDD22, 0xD83A, 0xDD32, 0xD83A, 0xDD27, 0xD83A, 0xDD2D));

				case 259: return String(CharArray::of(0xD83A, 0xDD1A, 0xD83A, 0xDD2E, 0xD83A, 0xDD3A, 0xD83A, 0xDD2E));

				case 260: return String(CharArray::of(0xD83A, 0xDD1A, 0xD83A, 0xDD22, 0xD83A, 0xDD44, 0xD83A, 0xDD34, 0xD83A, 0xDD24, 0xD83A, 0xDD22, 0xD83A, 0xDD32, 0xD83A, 0xDD23));

				case 261: return String(CharArray::of(0xD83A, 0xDD1A, 0xD83A, 0xDD22, 0xD83A, 0xDD36, 0xD83A, 0xDD2D, 0xD83A, 0xDD33, 0xD83A, 0xDD2D, 0xD83A, 0xDD27, 0xD83A, 0xDD3C, 0xD83A, 0xDD22, 0xD83A, 0xDD44, 0xD83A, 0xDD32));

				case 262: return String(CharArray::of(0xD83A, 0xDD1A, 0xD83A, 0xDD2E, 0xD83A, 0xDD45, 0xD83A, 0xDD33, 0xD83A, 0xDD2E, 0xD83A, 0xDD24, 0xD83A, 0xDD22, 0xD83A, 0xDD44, 0xD83A, 0xDD31, 0xD83A, 0xDD35));

				case 263: return String(CharArray::of(0xD83A, 0xDD1A, 0xD83A, 0xDD2D, 0xD83A, 0xDD25, 0xD83A, 0xDD2E, 0xD83A, 0xDD45, 0xD83A, 0xDD2A, 0x20, 0xD83A, 0xDD02, 0xD83A, 0xDD2B, 0xD83A, 0xDD27, 0xD83A, 0xDD3C, 0xD83A, 0xDD2B));

				case 264: return String(CharArray::of(0xD83A, 0xDD1A, 0xD83A, 0xDD35, 0xD83A, 0xDD2A, 0xD83A, 0xDD33, 0xD83A, 0xDD35, 0xD83A, 0xDD25, 0xD83A, 0xDD2B, 0xD83A, 0xDD32, 0xD83A, 0xDD2D, 0xD83A, 0xDD27, 0xD83A, 0xDD3C, 0xD83A, 0xDD22, 0xD83A, 0xDD44, 0xD83A, 0xDD32));

				case 265: return String(CharArray::of(0xD83A, 0xDD1A, 0xD83A, 0xDD35, 0xD83A, 0xDD32, 0xD83A, 0xDD2D, 0xD83A, 0xDD45, 0xD83A, 0xDD27, 0xD83A, 0xDD22));

				case 266: return String(CharArray::of(0xD83A, 0xDD1A, 0xD83A, 0xDD2E, 0xD83A, 0xDD32, 0xD83A, 0xDD3A, 0xD83A, 0xDD22));

				case 267: return String(CharArray::of(0xD83A, 0xDD1A, 0xD83A, 0xDD35, 0xD83A, 0xDD2A, 0xD83A, 0xDD33, 0xD83A, 0xDD2D, 0xD83A, 0xDD34, 0xD83A, 0xDD22, 0xD83A, 0xDD44));

				case 268: return String(CharArray::of(0xD83A, 0xDD1A, 0xD83A, 0xDD2D, 0xD83A, 0xDD2A, 0xD83A, 0xDD32, 0xD83A, 0xDD2D, 0xD83A, 0xDD23, 0xD83A, 0xDD22, 0xD83A, 0xDD44, 0xD83A, 0xDD23, 0x20, 0x26, 0x20, 0xD83A, 0xDD1A, 0xD83A, 0xDD2E, 0xD83A, 0xDD26, 0xD83A, 0xDD22, 0xD83A, 0xDD3A, 0xD83A, 0xDD2E, 0xD83A, 0xDD45));

				case 269: return String(CharArray::of(0xD83A, 0xDD1A, 0xD83A, 0xDD35, 0xD83A, 0xDD45, 0xD83A, 0xDD3E, 0xD83A, 0xDD22, 0xD83A, 0xDD24, 0xD83A, 0xDD35));

				case 270: return String(CharArray::of(0xD83A, 0xDD1A, 0xD83A, 0xDD22, 0xD83A, 0xDD34, 0xD83A, 0xDD31, 0xD83A, 0xDD22, 0xD83A, 0xDD44, 0xD83A, 0xDD32));

				case 271: return String(CharArray::of(0xD83A, 0xDD1A, 0xD83A, 0xDD22, 0xD83A, 0xDD32, 0xD83A, 0xDD27, 0xD83A, 0xDD22, 0xD83A, 0xDD32, 0xD83A, 0xDD2D, 0xD83A, 0xDD45));

				case 272: return String(CharArray::of(0xD83A, 0xDD13, 0xD83A, 0xDD33, 0xD83A, 0xDD2A, 0xD83A, 0xDD2B, 0xD83A, 0xDD45, 0xD83A, 0xDD32, 0xD83A, 0xDD2D, 0xD83A, 0xDD34, 0xD83A, 0xDD22));

				case 273: return String(CharArray::of(0xD83A, 0xDD13, 0xD83A, 0xDD3A, 0xD83A, 0xDD22, 0xD83A, 0xDD32, 0xD83A, 0xDD23, 0xD83A, 0xDD22, 0xD83A, 0xDD44));

				case 274: return String(CharArray::of(0xD83A, 0xDD15, 0xD83A, 0xDD35, 0xD83A, 0xDD2A, 0xD83A, 0xDD2D, 0xD83A, 0xDD45, 0xD83A, 0xDD36, 0xD83A, 0xDD2B, 0x20, 0xD83A, 0xDD01, 0xD83A, 0xDD22, 0xD83A, 0xDD44, 0xD83A, 0xDD34, 0xD83A, 0xDD2D, 0xD83A, 0xDD45, 0xD83A, 0xDD2F, 0xD83A, 0xDD2B, 0x20, 0xD83A, 0xDD01, 0xD83A, 0xDD02, 0xD83A, 0xDD00));

				case 275: return String(CharArray::of(0xD83A, 0xDD11, 0xD83A, 0xDD22, 0xD83A, 0xDD31, 0xD83A, 0xDD3C, 0xD83A, 0xDD22, 0xD83A, 0xDD24, 0x20, 0xD83A, 0xDD18, 0xD83A, 0xDD2B, 0xD83A, 0xDD32, 0xD83A, 0xDD2F, 0xD83A, 0xDD2D));

				case 276: return String(CharArray::of(0xD83A, 0xDD01, 0xD83A, 0xDD2B, 0xD83A, 0xDD32, 0xD83A, 0xDD3C, 0xD83A, 0xDD22, 0xD83A, 0xDD24, 0x20, 0xD83A, 0xDD02, 0xD83A, 0xDD22, 0xD83A, 0xDD2A, 0xD83A, 0xDD2B));

				case 277: return String(CharArray::of(0xD83A, 0xDD12, 0xD83A, 0xDD35, 0xD83A, 0xDD2A, 0xD83A, 0xDD3A, 0xD83A, 0xDD2E, 0xD83A, 0xDD34));

				case 278: return String(CharArray::of(0xD83A, 0xDD13, 0xD83A, 0xDD41, 0xD83A, 0xDD26, 0xD83A, 0xDD2B, 0xD83A, 0xDD33, 0xD83A, 0xDD2D, 0xD83A, 0xDD27, 0xD83A, 0xDD3C, 0xD83A, 0xDD22, 0xD83A, 0xDD44, 0xD83A, 0xDD32));

				case 279: return String(CharArray::of(0xD83A, 0xDD1C, 0xD83A, 0xDD22, 0xD83A, 0xDD3C, 0xD83A, 0xDD2D, 0xD83A, 0xDD33, 0xD83A, 0xDD22, 0xD83A, 0xDD44, 0xD83A, 0xDD32));

				case 280: return String(CharArray::of(0xD83A, 0xDD05, 0xD83A, 0xDD3C, 0x2E, 0x20, 0xD83A, 0xDD1C, 0xD83A, 0xDD2D, 0xD83A, 0xDD32, 0xD83A, 0xDD27, 0xD83A, 0xDD22, 0xD83A, 0xDD32, 0x20, 0x26, 0x20, 0xD83A, 0xDD18, 0xD83A, 0xDD2D, 0xD83A, 0xDD2A, 0xD83A, 0xDD32, 0xD83A, 0xDD22, 0xD83A, 0xDD23, 0xD83A, 0xDD2D, 0xD83A, 0xDD45, 0xD83A, 0xDD32));

				case 281: return String(CharArray::of(0xD83A, 0xDD1C, 0xD83A, 0xDD2B, 0xD83A, 0xDD4A, 0xD83A, 0xDD32, 0xD83A, 0xDD2D, 0xD83A, 0xDD45, 0xD83A, 0xDD41, 0xD83A, 0xDD35, 0xD83A, 0xDD31, 0xD83A, 0xDD2B, 0xD83A, 0xDD24, 0xD83A, 0xDD22, 0xD83A, 0xDD44));

				case 282: return String(CharArray::of(0xD83A, 0xDD15, 0xD83A, 0xDD35, 0xD83A, 0xDD2A, 0xD83A, 0xDD2D, 0xD83A, 0xDD45, 0xD83A, 0xDD36, 0xD83A, 0xDD2B, 0x20, 0xD83A, 0xDD1C, 0xD83A, 0xDD2D, 0xD83A, 0xDD2A, 0xD83A, 0xDD3A, 0xD83A, 0xDD2D, 0xD83A, 0xDD45, 0xD83A, 0xDD32, 0x20, 0xD83A, 0xDD04, 0xD83A, 0xDD2A, 0xD83A, 0xDD2D, 0xD83A, 0xDD3C, 0xD83A, 0xDD22, 0xD83A, 0xDD32, 0xD83A, 0xDD2D, 0xD83A, 0xDD34, 0xD83A, 0xDD22, 0xD83A, 0xDD32, 0xD83A, 0xDD33, 0xD83A, 0xDD2E, 0xD83A, 0xDD45, 0xD83A, 0xDD36, 0xD83A, 0xDD2B));

				case 283: return String(CharArray::of(0xD83A, 0xDD15, 0xD83A, 0xDD35, 0xD83A, 0xDD2A, 0xD83A, 0xDD2D, 0xD83A, 0xDD45, 0xD83A, 0xDD36, 0xD83A, 0xDD2B, 0x20, 0xD83A, 0xDD1C, 0xD83A, 0xDD2D, 0xD83A, 0xDD2A, 0xD83A, 0xDD3A, 0xD83A, 0xDD2D, 0xD83A, 0xDD45, 0xD83A, 0xDD32, 0x20, 0xD83A, 0xDD01, 0xD83A, 0xDD02, 0xD83A, 0xDD00));

				case 284: return String(CharArray::of(0xD83A, 0xDD1C, 0xD83A, 0xDD2D, 0xD83A, 0xDD34, 0xD83A, 0xDD2B, 0xD83A, 0xDD3C, 0xD83A, 0xDD32, 0xD83A, 0xDD22, 0xD83A, 0xDD44, 0xD83A, 0xDD25));

				case 285: return String(CharArray::of(0xD83A, 0xDD1C, 0xD83A, 0xDD22, 0xD83A, 0xDD32, 0xD83A, 0xDD35, 0xD83A, 0xDD31, 0xD83A, 0xDD22, 0xD83A, 0xDD44, 0xD83A, 0xDD3C, 0xD83A, 0xDD35));

				case 286: return String(CharArray::of(0xD83A, 0xDD0F, 0xD83A, 0xDD22, 0xD83A, 0xDD24, 0xD83A, 0xDD46, 0xD83A, 0xDD2D, 0xD83A, 0xDD45, 0xD83A, 0xDD27, 0x20, 0x26, 0x20, 0xD83A, 0xDD0A, 0xD83A, 0xDD35, 0xD83A, 0xDD3C, 0xD83A, 0xDD35, 0xD83A, 0xDD32, 0xD83A, 0xDD22));

				case 287: return String(CharArray::of(0xD83A, 0xDD05, 0xD83A, 0xDD22, 0xD83A, 0xDD25, 0xD83A, 0xDD35, 0xD83A, 0xDD31, 0xD83A, 0xDD22));

				case 288: return String(CharArray::of(0xD83A, 0xDD0C, 0xD83A, 0xDD3B, 0xD83A, 0xDD35, 0xD83A, 0xDD32, 0xD83A, 0xDD23, 0xD83A, 0xDD2B, 0x2D, 0xD83A, 0xDD03, 0xD83A, 0xDD22, 0xD83A, 0xDD27, 0xD83A, 0xDD2B));

				case 289: return String(CharArray::of(0xD83A, 0xDD0C, 0xD83A, 0xDD3B, 0xD83A, 0xDD35, 0xD83A, 0xDD32, 0xD83A, 0xDD23, 0xD83A, 0xDD2B, 0x2D, 0xD83A, 0xDD04, 0xD83A, 0xDD2D, 0xD83A, 0xDD23, 0xD83A, 0xDD2D));

				case 290: return String(CharArray::of(0xD83A, 0xDD11, 0xD83A, 0xDD2E, 0xD83A, 0xDD45, 0xD83A, 0xDD27, 0xD83A, 0xDD2E, 0xD83A, 0xDD3E, 0xD83A, 0xDD2E, 0xD83A, 0xDD45));

				case 291: return String(CharArray::of(0xD83A, 0xDD12, 0xD83A, 0xDD22, 0xD83A, 0xDD25, 0xD83A, 0xDD22, 0xD83A, 0xDD32));

				case 292: return String(CharArray::of(0xD83A, 0xDD03, 0xD83A, 0xDD22, 0xD83A, 0xDD34, 0xD83A, 0xDD2E, 0xD83A, 0xDD45, 0xD83A, 0xDD3C, 0xD83A, 0xDD35));

				case 294: return String(CharArray::of(0xD83A, 0xDD00, 0xD83A, 0xDD2C, 0xD83A, 0xDD2A, 0xD83A, 0xDD2D, 0xD83A, 0xDD33, 0xD83A, 0xDD22, 0x20, 0xD83A, 0xDD02, 0xD83A, 0xDD2B, 0xD83A, 0xDD27, 0xD83A, 0xDD24, 0xD83A, 0xDD2B, 0xD83A, 0xDD34, 0xD83A, 0xDD2A, 0xD83A, 0xDD2D));

				case 295: return String(CharArray::of(0xD83A, 0xDD1F, 0xD83A, 0xDD22, 0xD83A, 0xDD25, 0xD83A, 0xDD26, 0xD83A, 0xDD2D, 0xD83A, 0xDD34, 0xD83A, 0xDD22));

				case 296: return String(CharArray::of(0xD83A, 0xDD1F, 0xD83A, 0xDD2D, 0xD83A, 0xDD25, 0xD83A, 0xDD26, 0xD83A, 0xDD22, 0xD83A, 0xDD44, 0xD83A, 0xDD25, 0xD83A, 0xDD35, 0xD83A, 0xDD34, 0xD83A, 0xDD22));

				case 297: return String(CharArray::of(0xD83A, 0xDD16, 0xD83A, 0xDD2D, 0xD83A, 0xDD24, 0xD83A, 0xDD46, 0xD83A, 0xDD2E, 0x20, 0xD83A, 0xDD00, 0xD83A, 0xDD27, 0x2D, 0xD83A, 0xDD22, 0xD83A, 0xDD32, 0xD83A, 0xDD23, 0xD83A, 0xDD22, 0xD83A, 0xDD44, 0xD83A, 0xDD32, 0xD83A, 0xDD3A, 0xD83A, 0xDD2E));
            default: break;
            }
            return String();
        }
        
        String Ff_Adlm::displayVariant(gint variant) const {
            switch(variant) {
				case 2: return String(CharArray::of(0xD83A, 0xDD05, 0xD83A, 0xDD2B, 0xD83A, 0xDD24, 0xD83A, 0xDD46, 0xD83A, 0xDD22, 0xD83A, 0xDD32, 0xD83A, 0xDD3A, 0xD83A, 0xDD35, 0xD83A, 0xDD23, 0xD83A, 0xDD2E, 0x20, 0xD83A, 0xDD14, 0xD83A, 0xDD2B, 0xD83A, 0xDD2A, 0xD83A, 0xDD25, 0xD83A, 0xDD22, 0xD83A, 0xDD32, 0xD83A, 0xDD2D, 0xD83A, 0xDD32, 0xD83A, 0xDD33, 0xD83A, 0xDD2E, 0xD83A, 0xDD45, 0xD83A, 0xDD2A, 0xD83A, 0xDD2B, 0x20, 0xD83A, 0xDD16, 0xD83A, 0xDD2D, 0xD83A, 0xDD32, 0xD83A, 0xDD23, 0xD83A, 0xDD2B));
				case 4: return String(CharArray::of(0xD83A, 0xDD05, 0xD83A, 0xDD2B, 0xD83A, 0xDD24, 0xD83A, 0xDD46, 0xD83A, 0xDD22, 0xD83A, 0xDD32, 0xD83A, 0xDD3A, 0xD83A, 0xDD35, 0xD83A, 0xDD23, 0xD83A, 0xDD2E, 0x20, 0xD83A, 0xDD08, 0xD83A, 0xDD2B, 0xD83A, 0xDD45, 0xD83A, 0xDD27, 0xD83A, 0xDD2D, 0xD83A, 0xDD34, 0xD83A, 0xDD22, 0xD83A, 0xDD32, 0x20, 0xD83A, 0xDD0A, 0xD83A, 0xDD2E, 0xD83A, 0xDD3C, 0xD83A, 0xDD46, 0xD83A, 0xDD22, 0xD83A, 0xDD32, 0xD83A, 0xDD22, 0xD83A, 0xDD44, 0xD83A, 0xDD32, 0xD83A, 0xDD3A, 0xD83A, 0xDD2E));
				case 5: return String(CharArray::of(0xD83A, 0xDD05, 0xD83A, 0xDD2B, 0xD83A, 0xDD24, 0xD83A, 0xDD46, 0xD83A, 0xDD22, 0xD83A, 0xDD32, 0xD83A, 0xDD3A, 0xD83A, 0xDD35, 0xD83A, 0xDD23, 0xD83A, 0xDD2E, 0x20, 0xD83A, 0xDD14, 0xD83A, 0xDD2B, 0xD83A, 0xDD2A, 0xD83A, 0xDD25, 0xD83A, 0xDD22, 0xD83A, 0xDD32, 0xD83A, 0xDD2D, 0xD83A, 0xDD45, 0x20, 0xD83A, 0xDD32, 0xD83A, 0xDD3A, 0xD83A, 0xDD2E, 0x20, 0xD83A, 0xDD51, 0xD83A, 0xDD59, 0xD83A, 0xDD59, 0xD83A, 0xDD56));
				case 0: return String(CharArray::of(0xD83A, 0xDD0A, 0xD83A, 0xDD22, 0xD83A, 0xDD2A, 0xD83A, 0xDD22, 0xD83A, 0xDD32, 0xD83A, 0xDD27, 0xD83A, 0xDD2D, 0xD83A, 0xDD45, 0xD83A, 0xDD2A, 0xD83A, 0xDD2B, 0x20, 0xD83A, 0xDD16, 0xD83A, 0xDD2D, 0xD83A, 0xDD32, 0xD83A, 0xDD23, 0xD83A, 0xDD2B, 0x20, 0xD83A, 0xDD32, 0xD83A, 0xDD23, 0xD83A, 0xDD2B, 0x20, 0xD83A, 0xDD51, 0xD83A, 0xDD56, 0xD83A, 0xDD50, 0xD83A, 0xDD56));
				case 1: return String(CharArray::of(0xD83A, 0xDD0A, 0xD83A, 0xDD35, 0xD83A, 0xDD2F, 0xD83A, 0xDD46, 0xD83A, 0xDD2E, 0xD83A, 0xDD45, 0xD83A, 0xDD23, 0xD83A, 0xDD2B, 0x20, 0xD83A, 0xDD0A, 0xD83A, 0xDD22, 0xD83A, 0xDD2A, 0xD83A, 0xDD22, 0xD83A, 0xDD27, 0xD83A, 0xDD2D, 0xD83A, 0xDD45, 0xD83A, 0xDD2A, 0xD83A, 0xDD2B, 0x20, 0xD83A, 0xDD16, 0xD83A, 0xDD22, 0xD83A, 0xDD32, 0xD83A, 0xDD23, 0xD83A, 0xDD2B, 0xD83A, 0xDD45, 0xD83A, 0xDD2A, 0xD83A, 0xDD2B));
				case 3: return String(CharArray::of(0xD83A, 0xDD03, 0xD83A, 0xDD2E, 0xD83A, 0xDD25, 0xD83A, 0xDD26, 0xD83A, 0xDD2B, 0xD83A, 0xDD33, 0xD83A, 0xDD46, 0xD83A, 0xDD2B));
				case 6: return String(CharArray::of(0xD83A, 0xDD12, 0xD83A, 0xDD35, 0xD83A, 0xDD29, 0xD83A, 0xDD46, 0xD83A, 0xDD22, 0xD83A, 0xDD32, 0xD83A, 0xDD23, 0xD83A, 0xDD2B, 0x20, 0xD83A, 0xDD05, 0xD83A, 0xDD2B, 0xD83A, 0xDD24, 0xD83A, 0xDD46, 0xD83A, 0xDD22, 0xD83A, 0xDD32, 0xD83A, 0xDD3A, 0xD83A, 0xDD35, 0xD83A, 0xDD23, 0xD83A, 0xDD2E, 0x20, 0xD83A, 0xDD32, 0xD83A, 0xDD23, 0xD83A, 0xDD2B, 0x20, 0xD83A, 0xDD51, 0xD83A, 0xDD59, 0xD83A, 0xDD54, 0xD83A, 0xDD53));
				case 7: return String(CharArray::of(0xD83A, 0xDD00, 0xD83A, 0xDD33, 0xD83A, 0xDD35, 0xD83A, 0xDD31, 0xD83A, 0xDD22, 0xD83A, 0xDD28, 0xD83A, 0xDD2B, 0xD83A, 0xDD25, 0xD83A, 0xDD2A, 0xD83A, 0xDD2B));
				case 8: return String(CharArray::of(0xD83A, 0xDD11, 0xD83A, 0xDD01, 0xD83A, 0xDD00, 0x2D, 0xD83A, 0xDD01, 0xD83A, 0xDD11, 0x20, 0xD83A, 0xDD08, 0xD83A, 0xDD35, 0xD83A, 0xDD45, 0xD83A, 0xDD25, 0xD83A, 0xDD2D, 0xD83A, 0xDD32, 0xD83A, 0xDD22, 0xD83A, 0xDD32, 0xD83A, 0xDD23, 0xD83A, 0xDD2B, 0x2E41, 0x20, 0xD83A, 0xDD31, 0xD83A, 0xDD2E, 0xD83A, 0xDD45, 0xD83A, 0xDD3C, 0xD83A, 0xDD2D, 0xD83A, 0xDD3C, 0xD83A, 0xDD22, 0xD83A, 0xDD32, 0xD83A, 0xDD23, 0xD83A, 0xDD2B, 0x20, 0xD83A, 0xDD51, 0xD83A, 0xDD59, 0xD83A, 0xDD59, 0xD83A, 0xDD57));
				case 9: return String(CharArray::of(0xD83A, 0xDD15, 0xD83A, 0xDD22, 0xD83A, 0xDD24, 0xD83A, 0xDD3C, 0xD83A, 0xDD35, 0xD83A, 0xDD33, 0xD83A, 0xDD22, 0x20, 0xD83A, 0xDD00, 0xD83A, 0xDD24, 0xD83A, 0xDD35, 0xD83A, 0xDD33, 0xD83A, 0xDD35));
				case 12: return String(CharArray::of(0xD83A, 0xDD00, 0xD83A, 0xDD2A, 0xD83A, 0xDD22, 0xD83A, 0xDD32, 0xD83A, 0xDD2B, 0xD83A, 0xDD27, 0xD83A, 0xDD2A, 0xD83A, 0xDD2B));
				case 121: return String(CharArray::of(0xD83A, 0xDD10, 0xD83A, 0xDD36, 0xD83A, 0xDD35, 0xD83A, 0xDD29, 0xD83A, 0xDD46, 0xD83A, 0xDD35, 0xD83A, 0xDD23, 0xD83A, 0xDD2D, 0x20, 0xD83A, 0xDD05, 0xD83A, 0xDD2B, 0xD83A, 0xDD24, 0xD83A, 0xDD46, 0xD83A, 0xDD22, 0xD83A, 0xDD32, 0xD83A, 0xDD3A, 0xD83A, 0xDD35, 0xD83A, 0xDD23, 0xD83A, 0xDD2E, 0xD83A, 0xDD45, 0xD83A, 0xDD2A, 0xD83A, 0xDD2D, 0x20, 0x58, 0x20, 0xD83A, 0xDD09, 0xD83A, 0xDD27, 0xD83A, 0xDD28, 0xD83A, 0xDD2B, 0xD83A, 0xDD2A, 0xD83A, 0xDD22, 0xD83A, 0xDD32, 0xD83A, 0xDD3C, 0xD83A, 0xDD2E, 0xD83A, 0xDD45, 0xD83A, 0xDD2A, 0xD83A, 0xDD2B, 0x20, 0xD83A, 0xDD32, 0xD83A, 0xDD23, 0xD83A, 0xDD2D, 0xD83A, 0xDD32));
            default: break;
            }
            return String();
        }
            
        gbool Ff_Adlm::hasVariant() const {
            return false;
        }
        
        gbool Ff_Adlm::hasRegion() const {
            return false;
        }
        
        gbool Ff_Adlm::hasScript() const {
            return true;
        }
            
        String Ff_Adlm::displayCurrency(gint currency, gint count) const {
            switch(currency) { 
				case 1:
					if (count == -1) return String(CharArray::of(0xD83A, 0xDD01, 0xD83A, 0xDD2D, 0xD83A, 0xDD2A, 0xD83A, 0xDD38, 0xD83A, 0xDD22, 0xD83A, 0xDD25, 0xD83A, 0xDD35, 0x20, 0xD83A, 0xDD0B, 0xD83A, 0xDD25, 0xD83A, 0xDD22, 0xD83A, 0xDD44, 0xD83A, 0xDD2A, 0xD83A, 0xDD22, 0xD83A, 0xDD3C, 0xD83A, 0xDD2D, 0xD83A, 0xDD32, 0xD83A, 0xDD33, 0xD83A, 0xDD2E));
					if (count == 1) return String(CharArray::of(0xD83A, 0xDD23, 0xD83A, 0xDD2D, 0xD83A, 0xDD2A, 0xD83A, 0xDD38, 0xD83A, 0xDD22, 0xD83A, 0xDD25, 0xD83A, 0xDD35, 0x20, 0xD83A, 0xDD0B, 0xD83A, 0xDD25, 0xD83A, 0xDD22, 0xD83A, 0xDD44, 0xD83A, 0xDD2A, 0xD83A, 0xDD22, 0xD83A, 0xDD3C, 0xD83A, 0xDD2D, 0xD83A, 0xDD32, 0xD83A, 0xDD33, 0xD83A, 0xDD2E));
					if (count != 1) return String(CharArray::of(0xD83A, 0xDD23, 0xD83A, 0xDD2D, 0xD83A, 0xDD2A, 0xD83A, 0xDD38, 0xD83A, 0xDD22, 0xD83A, 0xDD25, 0xD83A, 0xDD35, 0xD83A, 0xDD45, 0xD83A, 0xDD36, 0xD83A, 0xDD2D, 0x20, 0xD83A, 0xDD0B, 0xD83A, 0xDD25, 0xD83A, 0xDD22, 0xD83A, 0xDD44, 0xD83A, 0xDD2A, 0xD83A, 0xDD22, 0xD83A, 0xDD3C, 0xD83A, 0xDD2D, 0xD83A, 0xDD32, 0xD83A, 0xDD33, 0xD83A, 0xDD2E));
					break;
				case 2:
					if (count == -1) return String(CharArray::of(0xD83A, 0xDD00, 0xD83A, 0xDD2C, 0xD83A, 0xDD3A, 0xD83A, 0xDD22, 0xD83A, 0xDD44, 0xD83A, 0xDD32, 0x20, 0xD83A, 0xDD00, 0xD83A, 0xDD2C, 0xD83A, 0xDD3A, 0xD83A, 0xDD22, 0xD83A, 0xDD44, 0xD83A, 0xDD32, 0xD83A, 0xDD2D, 0x20, 0x28, 0xD83A, 0xDD51, 0xD83A, 0xDD59, 0xD83A, 0xDD52, 0xD83A, 0xDD57, 0x2D, 0xD83A, 0xDD52, 0xD83A, 0xDD50, 0xD83A, 0xDD50, 0xD83A, 0xDD52, 0x29));
					if (count == 1) return String(CharArray::of(0xD83A, 0xDD00, 0xD83A, 0xDD2C, 0xD83A, 0xDD3A, 0xD83A, 0xDD22, 0xD83A, 0xDD44, 0xD83A, 0xDD32, 0x20, 0xD83A, 0xDD22, 0xD83A, 0xDD2C, 0xD83A, 0xDD3A, 0xD83A, 0xDD22, 0xD83A, 0xDD44, 0xD83A, 0xDD32, 0xD83A, 0xDD2D, 0x20, 0x28, 0xD83A, 0xDD51, 0xD83A, 0xDD59, 0xD83A, 0xDD52, 0xD83A, 0xDD57, 0x2D, 0xD83A, 0xDD52, 0xD83A, 0xDD50, 0xD83A, 0xDD50, 0xD83A, 0xDD52, 0x29));
					if (count != 1) return String(CharArray::of(0xD83A, 0xDD00, 0xD83A, 0xDD2C, 0xD83A, 0xDD3A, 0xD83A, 0xDD22, 0xD83A, 0xDD44, 0xD83A, 0xDD32, 0x20, 0xD83A, 0xDD22, 0xD83A, 0xDD2C, 0xD83A, 0xDD3A, 0xD83A, 0xDD22, 0xD83A, 0xDD44, 0xD83A, 0xDD32, 0xD83A, 0xDD2D, 0xD83A, 0xDD27, 0x20, 0x28, 0xD83A, 0xDD51, 0xD83A, 0xDD59, 0xD83A, 0xDD52, 0xD83A, 0xDD57, 0x2D, 0xD83A, 0xDD52, 0xD83A, 0xDD50, 0xD83A, 0xDD50, 0xD83A, 0xDD52, 0x29));
					break;
				case 3:
					if (count == -1) return String(CharArray::of(0xD83A, 0xDD00, 0xD83A, 0xDD2C, 0xD83A, 0xDD3F, 0xD83A, 0xDD22, 0xD83A, 0xDD32, 0xD83A, 0xDD2D, 0x20, 0xD83A, 0xDD00, 0xD83A, 0xDD2C, 0xD83A, 0xDD3F, 0xD83A, 0xDD22, 0xD83A, 0xDD32, 0xD83A, 0xDD2D, 0xD83A, 0xDD34, 0xD83A, 0xDD22, 0xD83A, 0xDD32, 0xD83A, 0xDD33, 0xD83A, 0xDD2E));
					if (count == 1) return String(CharArray::of(0xD83A, 0xDD22, 0xD83A, 0xDD2C, 0xD83A, 0xDD3F, 0xD83A, 0xDD22, 0xD83A, 0xDD32, 0xD83A, 0xDD2D, 0x20, 0xD83A, 0xDD00, 0xD83A, 0xDD2C, 0xD83A, 0xDD3F, 0xD83A, 0xDD22, 0xD83A, 0xDD32, 0xD83A, 0xDD2D, 0xD83A, 0xDD34, 0xD83A, 0xDD22, 0xD83A, 0xDD32, 0xD83A, 0xDD33, 0xD83A, 0xDD2E));
					if (count != 1) return String(CharArray::of(0xD83A, 0xDD22, 0xD83A, 0xDD2C, 0xD83A, 0xDD3F, 0xD83A, 0xDD22, 0xD83A, 0xDD32, 0xD83A, 0xDD2D, 0xD83A, 0xDD45, 0xD83A, 0xDD36, 0xD83A, 0xDD2D, 0x20, 0xD83A, 0xDD00, 0xD83A, 0xDD2C, 0xD83A, 0xDD3F, 0xD83A, 0xDD22, 0xD83A, 0xDD32, 0xD83A, 0xDD2D, 0xD83A, 0xDD34, 0xD83A, 0xDD22, 0xD83A, 0xDD32, 0xD83A, 0xDD33, 0xD83A, 0xDD2E));
					break;
				case 5:
					if (count == -1) return String(CharArray::of(0xD83A, 0xDD02, 0xD83A, 0xDD2B, 0xD83A, 0xDD33, 0x20, 0xD83A, 0xDD00, 0xD83A, 0xDD24, 0xD83A, 0xDD26, 0xD83A, 0xDD22, 0xD83A, 0xDD32, 0xD83A, 0xDD2D, 0xD83A, 0xDD34, 0xD83A, 0xDD22, 0xD83A, 0xDD32, 0xD83A, 0xDD33, 0xD83A, 0xDD2E));
					if (count == 1) return String(CharArray::of(0xD83A, 0xDD24, 0xD83A, 0xDD2B, 0xD83A, 0xDD33, 0x20, 0xD83A, 0xDD00, 0xD83A, 0xDD24, 0xD83A, 0xDD26, 0xD83A, 0xDD22, 0xD83A, 0xDD32, 0xD83A, 0xDD2D, 0xD83A, 0xDD34, 0xD83A, 0xDD22, 0xD83A, 0xDD32, 0xD83A, 0xDD33, 0xD83A, 0xDD2E));
					if (count != 1) return String(CharArray::of(0xD83A, 0xDD24, 0xD83A, 0xDD2B, 0xD83A, 0xDD33, 0xD83A, 0xDD2D, 0xD83A, 0xDD45, 0xD83A, 0xDD36, 0xD83A, 0xDD2D, 0x20, 0xD83A, 0xDD00, 0xD83A, 0xDD24, 0xD83A, 0xDD26, 0xD83A, 0xDD22, 0xD83A, 0xDD32, 0xD83A, 0xDD2D, 0xD83A, 0xDD34, 0xD83A, 0xDD22, 0xD83A, 0xDD32, 0xD83A, 0xDD33, 0xD83A, 0xDD2E));
					break;
				case 6:
					if (count == -1) return String(CharArray::of(0xD83A, 0xDD01, 0xD83A, 0xDD22, 0xD83A, 0xDD2A, 0xD83A, 0xDD22, 0xD83A, 0xDD25, 0xD83A, 0xDD35, 0x20, 0xD83A, 0xDD00, 0xD83A, 0xDD2A, 0xD83A, 0xDD25, 0xD83A, 0xDD22, 0xD83A, 0xDD32, 0xD83A, 0xDD2D, 0xD83A, 0xDD34, 0xD83A, 0xDD22, 0xD83A, 0xDD32, 0xD83A, 0xDD33, 0xD83A, 0xDD2E));
					if (count == 1) return String(CharArray::of(0xD83A, 0xDD23, 0xD83A, 0xDD22, 0xD83A, 0xDD2A, 0xD83A, 0xDD22, 0xD83A, 0xDD25, 0xD83A, 0xDD35, 0x20, 0xD83A, 0xDD00, 0xD83A, 0xDD2A, 0xD83A, 0xDD25, 0xD83A, 0xDD22, 0xD83A, 0xDD32, 0xD83A, 0xDD2D, 0xD83A, 0xDD34, 0xD83A, 0xDD22, 0xD83A, 0xDD32, 0xD83A, 0xDD33, 0xD83A, 0xDD2E));
					if (count != 1) return String(CharArray::of(0xD83A, 0xDD23, 0xD83A, 0xDD22, 0xD83A, 0xDD2A, 0xD83A, 0xDD22, 0xD83A, 0xDD25, 0xD83A, 0xDD35, 0xD83A, 0xDD45, 0xD83A, 0xDD36, 0xD83A, 0xDD2D, 0x20, 0xD83A, 0xDD00, 0xD83A, 0xDD2A, 0xD83A, 0xDD25, 0xD83A, 0xDD22, 0xD83A, 0xDD32, 0xD83A, 0xDD2D, 0xD83A, 0xDD34, 0xD83A, 0xDD22, 0xD83A, 0xDD32, 0xD83A, 0xDD33, 0xD83A, 0xDD2E));
					break;
				case 7:
					if (count == -1) return String(CharArray::of(0xD83A, 0xDD0A, 0xD83A, 0xDD35, 0xD83A, 0xDD24, 0xD83A, 0xDD2E, 0xD83A, 0xDD2A, 0xD83A, 0xDD2D, 0xD83A, 0xDD32, 0x20, 0xD83A, 0xDD00, 0xD83A, 0xDD32, 0xD83A, 0xDD3C, 0xD83A, 0xDD2D, 0xD83A, 0xDD34, 0xD83A, 0xDD22, 0xD83A, 0xDD32, 0xD83A, 0xDD33, 0xD83A, 0xDD2E));
					if (count == 1) return String(CharArray::of(0xD83A, 0xDD0A, 0xD83A, 0xDD35, 0xD83A, 0xDD24, 0xD83A, 0xDD2E, 0xD83A, 0xDD2A, 0xD83A, 0xDD2D, 0xD83A, 0xDD32, 0x20, 0xD83A, 0xDD00, 0xD83A, 0xDD32, 0xD83A, 0xDD3C, 0xD83A, 0xDD2D, 0xD83A, 0xDD34, 0xD83A, 0xDD22, 0xD83A, 0xDD32, 0xD83A, 0xDD33, 0xD83A, 0xDD2E));
					if (count != 1) return String(CharArray::of(0xD83A, 0xDD0A, 0xD83A, 0xDD35, 0xD83A, 0xDD24, 0xD83A, 0xDD2E, 0xD83A, 0xDD2A, 0xD83A, 0xDD2D, 0xD83A, 0xDD32, 0xD83A, 0xDD36, 0xD83A, 0xDD2D, 0x20, 0xD83A, 0xDD00, 0xD83A, 0xDD32, 0xD83A, 0xDD3C, 0xD83A, 0xDD2D, 0xD83A, 0xDD34, 0xD83A, 0xDD22, 0xD83A, 0xDD32, 0xD83A, 0xDD33, 0xD83A, 0xDD2E));
					break;
				case 8:
					if (count == -1) return String(CharArray::of(0xD83A, 0xDD11, 0xD83A, 0xDD35, 0xD83A, 0xDD31, 0xD83A, 0xDD22, 0xD83A, 0xDD32, 0xD83A, 0xDD41, 0xD83A, 0xDD22, 0x20, 0xD83A, 0xDD00, 0xD83A, 0xDD32, 0xD83A, 0xDD3A, 0xD83A, 0xDD2E, 0xD83A, 0xDD24, 0xD83A, 0xDD22, 0xD83A, 0xDD32, 0xD83A, 0xDD33, 0xD83A, 0xDD2E));
					if (count == 1) return String(CharArray::of(0xD83A, 0xDD33, 0xD83A, 0xDD35, 0xD83A, 0xDD31, 0xD83A, 0xDD22, 0xD83A, 0xDD32, 0xD83A, 0xDD41, 0xD83A, 0xDD22, 0x20, 0xD83A, 0xDD00, 0xD83A, 0xDD32, 0xD83A, 0xDD3A, 0xD83A, 0xDD2E, 0xD83A, 0xDD24, 0xD83A, 0xDD22, 0xD83A, 0xDD32, 0xD83A, 0xDD33, 0xD83A, 0xDD2E));
					if (count != 1) return String(CharArray::of(0xD83A, 0xDD33, 0xD83A, 0xDD35, 0xD83A, 0xDD31, 0xD83A, 0xDD22, 0xD83A, 0xDD32, 0xD83A, 0xDD41, 0xD83A, 0xDD22, 0xD83A, 0xDD22, 0xD83A, 0xDD44, 0xD83A, 0xDD36, 0xD83A, 0xDD2D, 0x20, 0xD83A, 0xDD00, 0xD83A, 0xDD32, 0xD83A, 0xDD3A, 0xD83A, 0xDD2E, 0xD83A, 0xDD24, 0xD83A, 0xDD22, 0xD83A, 0xDD32, 0xD83A, 0xDD33, 0xD83A, 0xDD2E));
					break;
				case 12:
					if (count == -1) return String(CharArray::of(0xD83A, 0xDD0C, 0xD83A, 0xDD27, 0xD83A, 0xDD3C, 0xD83A, 0xDD2A, 0xD83A, 0xDD22, 0xD83A, 0xDD24, 0x20, 0xD83A, 0xDD00, 0xD83A, 0xDD2A, 0xD83A, 0xDD36, 0xD83A, 0xDD22, 0xD83A, 0xDD32, 0xD83A, 0xDD3C, 0xD83A, 0xDD2D, 0xD83A, 0xDD32, 0xD83A, 0xDD22, 0xD83A, 0xDD32, 0xD83A, 0xDD33, 0xD83A, 0xDD2E));
					if (count == 1) return String(CharArray::of(0xD83A, 0xDD0C, 0xD83A, 0xDD27, 0xD83A, 0xDD3C, 0xD83A, 0xDD2A, 0xD83A, 0xDD22, 0xD83A, 0xDD24, 0x20, 0xD83A, 0xDD22, 0xD83A, 0xDD2A, 0xD83A, 0xDD36, 0xD83A, 0xDD22, 0xD83A, 0xDD32, 0xD83A, 0xDD3C, 0xD83A, 0xDD2D, 0xD83A, 0xDD32, 0xD83A, 0xDD22, 0xD83A, 0xDD32, 0xD83A, 0xDD33, 0xD83A, 0xDD2E));
					if (count != 1) return String(CharArray::of(0xD83A, 0xDD0C, 0xD83A, 0xDD27, 0xD83A, 0xDD3C, 0xD83A, 0xDD2A, 0xD83A, 0xDD22, 0xD83A, 0xDD24, 0xD83A, 0xDD36, 0xD83A, 0xDD2D, 0x20, 0xD83A, 0xDD22, 0xD83A, 0xDD2A, 0xD83A, 0xDD36, 0xD83A, 0xDD22, 0xD83A, 0xDD32, 0xD83A, 0xDD3C, 0xD83A, 0xDD2D, 0xD83A, 0xDD32, 0xD83A, 0xDD22, 0xD83A, 0xDD32, 0xD83A, 0xDD33, 0xD83A, 0xDD2E));
					break;
				case 13:
					if (count == -1) return String(CharArray::of(0xD83A, 0xDD06, 0xD83A, 0xDD2B, 0xD83A, 0xDD45, 0xD83A, 0xDD27, 0xD83A, 0xDD2E, 0xD83A, 0xDD45, 0x20, 0xD83A, 0xDD02, 0xD83A, 0xDD2B, 0xD83A, 0xDD34, 0x20, 0xD83A, 0xDD00, 0xD83A, 0xDD2A, 0xD83A, 0xDD36, 0xD83A, 0xDD22, 0xD83A, 0xDD32, 0xD83A, 0xDD3C, 0xD83A, 0xDD2D, 0xD83A, 0xDD32, 0xD83A, 0xDD22, 0xD83A, 0xDD32, 0xD83A, 0xDD33, 0xD83A, 0xDD2E, 0x20, 0x28, 0xD83A, 0xDD51, 0xD83A, 0xDD59, 0xD83A, 0xDD57, 0xD83A, 0xDD50, 0x2D, 0xD83A, 0xDD51, 0xD83A, 0xDD59, 0xD83A, 0xDD58, 0xD83A, 0xDD53, 0x29));
					if (count == 1) return String(CharArray::of(0xD83A, 0xDD06, 0xD83A, 0xDD2B, 0xD83A, 0xDD45, 0xD83A, 0xDD27, 0xD83A, 0xDD2E, 0xD83A, 0xDD45, 0x20, 0xD83A, 0xDD24, 0xD83A, 0xDD2B, 0xD83A, 0xDD34, 0x20, 0xD83A, 0xDD22, 0xD83A, 0xDD2A, 0xD83A, 0xDD36, 0xD83A, 0xDD22, 0xD83A, 0xDD32, 0xD83A, 0xDD3C, 0xD83A, 0xDD2D, 0xD83A, 0xDD32, 0xD83A, 0xDD22, 0xD83A, 0xDD32, 0xD83A, 0xDD33, 0xD83A, 0xDD2E, 0x20, 0x28, 0xD83A, 0xDD51, 0xD83A, 0xDD59, 0xD83A, 0xDD57, 0xD83A, 0xDD50, 0x2D, 0xD83A, 0xDD51, 0xD83A, 0xDD59, 0xD83A, 0xDD58, 0xD83A, 0xDD53, 0x29));
					if (count != 1) return String(CharArray::of(0xD83A, 0xDD06, 0xD83A, 0xDD2B, 0xD83A, 0xDD45, 0xD83A, 0xDD27, 0xD83A, 0xDD2E, 0xD83A, 0xDD45, 0xD83A, 0xDD36, 0xD83A, 0xDD2D, 0x20, 0xD83A, 0xDD24, 0xD83A, 0xDD2B, 0xD83A, 0xDD34, 0x20, 0xD83A, 0xDD22, 0xD83A, 0xDD2A, 0xD83A, 0xDD36, 0xD83A, 0xDD22, 0xD83A, 0xDD32, 0xD83A, 0xDD3C, 0xD83A, 0xDD2D, 0xD83A, 0xDD32, 0xD83A, 0xDD22, 0xD83A, 0xDD32, 0xD83A, 0xDD33, 0xD83A, 0xDD2E, 0x20, 0x28, 0xD83A, 0xDD51, 0xD83A, 0xDD59, 0xD83A, 0xDD57, 0xD83A, 0xDD50, 0x2D, 0xD83A, 0xDD51, 0xD83A, 0xDD59, 0xD83A, 0xDD58, 0xD83A, 0xDD53, 0x29));
					break;
				case 14:
					if (count == -1) return String(CharArray::of(0xD83A, 0xDD06, 0xD83A, 0xDD2B, 0xD83A, 0xDD45, 0xD83A, 0xDD27, 0xD83A, 0xDD2E, 0xD83A, 0xDD45, 0x20, 0xD83A, 0xDD00, 0xD83A, 0xDD2A, 0xD83A, 0xDD36, 0xD83A, 0xDD22, 0xD83A, 0xDD32, 0xD83A, 0xDD3C, 0xD83A, 0xDD2D, 0xD83A, 0xDD32, 0xD83A, 0xDD22, 0xD83A, 0xDD32, 0xD83A, 0xDD33, 0xD83A, 0xDD2E, 0x20, 0x28, 0xD83A, 0xDD51, 0xD83A, 0xDD58, 0xD83A, 0xDD58, 0xD83A, 0xDD51, 0x2D, 0xD83A, 0xDD51, 0xD83A, 0xDD59, 0xD83A, 0xDD57, 0xD83A, 0xDD50, 0x29));
					if (count == 1) return String(CharArray::of(0xD83A, 0xDD06, 0xD83A, 0xDD2B, 0xD83A, 0xDD45, 0xD83A, 0xDD27, 0xD83A, 0xDD2E, 0xD83A, 0xDD45, 0x20, 0xD83A, 0xDD22, 0xD83A, 0xDD2A, 0xD83A, 0xDD36, 0xD83A, 0xDD22, 0xD83A, 0xDD32, 0xD83A, 0xDD3C, 0xD83A, 0xDD2D, 0xD83A, 0xDD32, 0xD83A, 0xDD22, 0xD83A, 0xDD32, 0xD83A, 0xDD33, 0xD83A, 0xDD2E, 0x20, 0x28, 0xD83A, 0xDD51, 0xD83A, 0xDD58, 0xD83A, 0xDD58, 0xD83A, 0xDD51, 0x2D, 0xD83A, 0xDD51, 0xD83A, 0xDD59, 0xD83A, 0xDD57, 0xD83A, 0xDD50, 0x29));
					if (count != 1) return String(CharArray::of(0xD83A, 0xDD06, 0xD83A, 0xDD2B, 0xD83A, 0xDD45, 0xD83A, 0xDD27, 0xD83A, 0xDD2E, 0xD83A, 0xDD45, 0xD83A, 0xDD36, 0xD83A, 0xDD2D, 0x20, 0xD83A, 0xDD22, 0xD83A, 0xDD2A, 0xD83A, 0xDD36, 0xD83A, 0xDD22, 0xD83A, 0xDD32, 0xD83A, 0xDD3C, 0xD83A, 0xDD2D, 0xD83A, 0xDD32, 0xD83A, 0xDD22, 0xD83A, 0xDD32, 0xD83A, 0xDD33, 0xD83A, 0xDD2E, 0x20, 0x28, 0xD83A, 0xDD51, 0xD83A, 0xDD58, 0xD83A, 0xDD58, 0xD83A, 0xDD51, 0x2D, 0xD83A, 0xDD51, 0xD83A, 0xDD59, 0xD83A, 0xDD57, 0xD83A, 0xDD50, 0x29));
					break;
				case 15:
					if (count == -1) return String(CharArray::of(0xD83A, 0xDD06, 0xD83A, 0xDD2B, 0xD83A, 0xDD45, 0xD83A, 0xDD27, 0xD83A, 0xDD2E, 0xD83A, 0xDD45, 0x20, 0xD83A, 0xDD00, 0xD83A, 0xDD2A, 0xD83A, 0xDD36, 0xD83A, 0xDD22, 0xD83A, 0xDD32, 0xD83A, 0xDD3C, 0xD83A, 0xDD2D, 0xD83A, 0xDD32, 0xD83A, 0xDD22, 0xD83A, 0xDD32, 0xD83A, 0xDD33, 0xD83A, 0xDD2E, 0x20, 0x28, 0xD83A, 0xDD51, 0xD83A, 0xDD59, 0xD83A, 0xDD58, 0xD83A, 0xDD53, 0x2D, 0xD83A, 0xDD51, 0xD83A, 0xDD59, 0xD83A, 0xDD58, 0xD83A, 0xDD55, 0x29));
					if (count == 1) return String(CharArray::of(0xD83A, 0xDD06, 0xD83A, 0xDD2B, 0xD83A, 0xDD45, 0xD83A, 0xDD27, 0xD83A, 0xDD2E, 0xD83A, 0xDD45, 0x20, 0xD83A, 0xDD22, 0xD83A, 0xDD2A, 0xD83A, 0xDD36, 0xD83A, 0xDD22, 0xD83A, 0xDD32, 0xD83A, 0xDD3C, 0xD83A, 0xDD2D, 0xD83A, 0xDD32, 0xD83A, 0xDD22, 0xD83A, 0xDD32, 0xD83A, 0xDD33, 0xD83A, 0xDD2E, 0x20, 0x28, 0xD83A, 0xDD51, 0xD83A, 0xDD59, 0xD83A, 0xDD58, 0xD83A, 0xDD53, 0x2D, 0xD83A, 0xDD51, 0xD83A, 0xDD59, 0xD83A, 0xDD58, 0xD83A, 0xDD55, 0x29));
					if (count != 1) return String(CharArray::of(0xD83A, 0xDD06, 0xD83A, 0xDD2B, 0xD83A, 0xDD45, 0xD83A, 0xDD27, 0xD83A, 0xDD2E, 0xD83A, 0xDD45, 0xD83A, 0xDD36, 0xD83A, 0xDD2D, 0x20, 0xD83A, 0xDD22, 0xD83A, 0xDD2A, 0xD83A, 0xDD36, 0xD83A, 0xDD22, 0xD83A, 0xDD32, 0xD83A, 0xDD3C, 0xD83A, 0xDD2D, 0xD83A, 0xDD32, 0xD83A, 0xDD22, 0xD83A, 0xDD32, 0xD83A, 0xDD33, 0xD83A, 0xDD2E, 0x20, 0x28, 0xD83A, 0xDD51, 0xD83A, 0xDD59, 0xD83A, 0xDD58, 0xD83A, 0xDD53, 0x2D, 0xD83A, 0xDD51, 0xD83A, 0xDD59, 0xD83A, 0xDD58, 0xD83A, 0xDD55, 0x29));
					break;
				case 16:
					if (count == -1) return String(CharArray::of(0xD83A, 0xDD06, 0xD83A, 0xDD2B, 0xD83A, 0xDD45, 0xD83A, 0xDD27, 0xD83A, 0xDD2E, 0xD83A, 0xDD45, 0x20, 0xD83A, 0xDD00, 0xD83A, 0xDD2A, 0xD83A, 0xDD36, 0xD83A, 0xDD22, 0xD83A, 0xDD32, 0xD83A, 0xDD3C, 0xD83A, 0xDD2D, 0xD83A, 0xDD32, 0xD83A, 0xDD22, 0xD83A, 0xDD32, 0xD83A, 0xDD33, 0xD83A, 0xDD2E));
					if (count == 1) return String(CharArray::of(0xD83A, 0xDD06, 0xD83A, 0xDD2B, 0xD83A, 0xDD45, 0xD83A, 0xDD27, 0xD83A, 0xDD2E, 0xD83A, 0xDD45, 0x20, 0xD83A, 0xDD22, 0xD83A, 0xDD2A, 0xD83A, 0xDD36, 0xD83A, 0xDD22, 0xD83A, 0xDD32, 0xD83A, 0xDD3C, 0xD83A, 0xDD2D, 0xD83A, 0xDD32, 0xD83A, 0xDD22, 0xD83A, 0xDD32, 0xD83A, 0xDD33, 0xD83A, 0xDD2E));
					if (count != 1) return String(CharArray::of(0xD83A, 0xDD06, 0xD83A, 0xDD2B, 0xD83A, 0xDD45, 0xD83A, 0xDD27, 0xD83A, 0xDD2E, 0xD83A, 0xDD45, 0xD83A, 0xDD36, 0xD83A, 0xDD2D, 0x20, 0xD83A, 0xDD22, 0xD83A, 0xDD2A, 0xD83A, 0xDD36, 0xD83A, 0xDD22, 0xD83A, 0xDD32, 0xD83A, 0xDD3C, 0xD83A, 0xDD2D, 0xD83A, 0xDD32, 0xD83A, 0xDD22, 0xD83A, 0xDD32, 0xD83A, 0xDD33, 0xD83A, 0xDD2E));
					break;
				case 18:
					if (count == -1) return String(CharArray::of(0xD83A, 0xDD01, 0xD83A, 0xDD22, 0xD83A, 0xDD24, 0xD83A, 0xDD22, 0x20, 0xD83A, 0xDD0C, 0xD83A, 0xDD27, 0xD83A, 0xDD3C, 0xD83A, 0xDD22, 0xD83A, 0xDD2A, 0xD83A, 0xDD24, 0xD83A, 0xDD2D, 0xD83A, 0xDD34, 0xD83A, 0xDD22, 0xD83A, 0xDD32, 0xD83A, 0xDD33, 0xD83A, 0xDD2E));
					if (count == 1) return String(CharArray::of(0xD83A, 0xDD01, 0xD83A, 0xDD22, 0xD83A, 0xDD24, 0xD83A, 0xDD22, 0x20, 0xD83A, 0xDD0C, 0xD83A, 0xDD27, 0xD83A, 0xDD3C, 0xD83A, 0xDD22, 0xD83A, 0xDD2A, 0xD83A, 0xDD24, 0xD83A, 0xDD2D, 0xD83A, 0xDD34, 0xD83A, 0xDD22, 0xD83A, 0xDD32, 0xD83A, 0xDD33, 0xD83A, 0xDD2E));
					if (count != 1) return String(CharArray::of(0xD83A, 0xDD01, 0xD83A, 0xDD22, 0xD83A, 0xDD24, 0xD83A, 0xDD22, 0xD83A, 0xDD44, 0xD83A, 0xDD36, 0xD83A, 0xDD2D, 0x20, 0xD83A, 0xDD0C, 0xD83A, 0xDD27, 0xD83A, 0xDD3C, 0xD83A, 0xDD22, 0xD83A, 0xDD2A, 0xD83A, 0xDD24, 0xD83A, 0xDD2D, 0xD83A, 0xDD34, 0xD83A, 0xDD22, 0xD83A, 0xDD32, 0xD83A, 0xDD33, 0xD83A, 0xDD2E));
					break;
				case 19:
					if (count == -1) return String(CharArray::of(0xD83A, 0xDD0A, 0xD83A, 0xDD35, 0xD83A, 0xDD24, 0xD83A, 0xDD2E, 0xD83A, 0xDD2A, 0xD83A, 0xDD2D, 0xD83A, 0xDD32, 0x20, 0xD83A, 0xDD00, 0xD83A, 0xDD2A, 0xD83A, 0xDD35, 0xD83A, 0xDD26, 0xD83A, 0xDD22, 0xD83A, 0xDD32, 0xD83A, 0xDD33, 0xD83A, 0xDD2E));
					break;
				case 21:
					if (count == -1) return String(CharArray::of(0xD83A, 0xDD03, 0xD83A, 0xDD22, 0xD83A, 0xDD32, 0xD83A, 0xDD22, 0xD83A, 0xDD44, 0xD83A, 0xDD3C, 0xD83A, 0xDD35, 0x20, 0xD83A, 0xDD00, 0xD83A, 0xDD41, 0xD83A, 0xDD2B, 0xD83A, 0xDD2A, 0xD83A, 0xDD26, 0xD83A, 0xDD22, 0xD83A, 0xDD34, 0xD83A, 0xDD36, 0xD83A, 0xDD22, 0xD83A, 0xDD32, 0xD83A, 0xDD33, 0xD83A, 0xDD2E));
					if (count == 1) return String(CharArray::of(0xD83A, 0xDD03, 0xD83A, 0xDD22, 0xD83A, 0xDD32, 0xD83A, 0xDD22, 0xD83A, 0xDD44, 0xD83A, 0xDD3C, 0xD83A, 0xDD35, 0x20, 0xD83A, 0xDD00, 0xD83A, 0xDD41, 0xD83A, 0xDD2B, 0xD83A, 0xDD2A, 0xD83A, 0xDD26, 0xD83A, 0xDD22, 0xD83A, 0xDD34, 0xD83A, 0xDD36, 0xD83A, 0xDD22, 0xD83A, 0xDD32, 0xD83A, 0xDD33, 0xD83A, 0xDD2E));
					if (count != 1) return String(CharArray::of(0xD83A, 0xDD03, 0xD83A, 0xDD22, 0xD83A, 0xDD32, 0xD83A, 0xDD22, 0xD83A, 0xDD44, 0xD83A, 0xDD3C, 0xD83A, 0xDD35, 0xD83A, 0xDD45, 0xD83A, 0xDD36, 0xD83A, 0xDD2D, 0x20, 0xD83A, 0xDD00, 0xD83A, 0xDD41, 0xD83A, 0xDD2B, 0xD83A, 0xDD2A, 0xD83A, 0xDD26, 0xD83A, 0xDD22, 0xD83A, 0xDD34, 0xD83A, 0xDD36, 0xD83A, 0xDD22, 0xD83A, 0xDD32, 0xD83A, 0xDD33, 0xD83A, 0xDD2E));
					break;
				case 23:
					if (count == -1) return String(CharArray::of(0xD83A, 0xDD03, 0xD83A, 0xDD22, 0xD83A, 0xDD2A, 0xD83A, 0xDD33, 0x20, 0xD83A, 0xDD04, 0xD83A, 0xDD2E, 0xD83A, 0xDD27, 0xD83A, 0xDD32, 0xD83A, 0xDD2D, 0xD83A, 0xDD34, 0xD83A, 0xDD22, 0x2D, 0xD83A, 0xDD16, 0xD83A, 0xDD2B, 0xD83A, 0xDD2A, 0xD83A, 0xDD36, 0xD83A, 0xDD2B, 0xD83A, 0xDD3A, 0xD83A, 0xDD2E, 0xD83A, 0xDD3E, 0xD83A, 0xDD2D, 0xD83A, 0xDD32, 0xD83A, 0xDD33, 0xD83A, 0xDD2E, 0x20, 0xD83A, 0xDD31, 0xD83A, 0xDD22, 0xD83A, 0xDD34, 0xD83A, 0xDD24, 0xD83A, 0xDD2E, 0xD83A, 0xDD3C, 0xD83A, 0xDD2E, 0xD83A, 0xDD45, 0xD83A, 0xDD2F, 0xD83A, 0xDD2D));
					break;
				case 25:
					if (count == -1) return String(CharArray::of(0xD83A, 0xDD01, 0xD83A, 0xDD22, 0xD83A, 0xDD24, 0xD83A, 0xDD22, 0x20, 0xD83A, 0xDD04, 0xD83A, 0xDD22, 0xD83A, 0xDD2A, 0xD83A, 0xDD26, 0xD83A, 0xDD22, 0xD83A, 0xDD23, 0xD83A, 0xDD2D, 0xD83A, 0xDD34, 0xD83A, 0xDD22, 0xD83A, 0xDD32, 0xD83A, 0xDD33, 0xD83A, 0xDD2E));
					if (count == 1) return String(CharArray::of(0xD83A, 0xDD01, 0xD83A, 0xDD22, 0xD83A, 0xDD24, 0xD83A, 0xDD22, 0x20, 0xD83A, 0xDD04, 0xD83A, 0xDD22, 0xD83A, 0xDD2A, 0xD83A, 0xDD26, 0xD83A, 0xDD22, 0xD83A, 0xDD23, 0xD83A, 0xDD2D, 0xD83A, 0xDD34, 0xD83A, 0xDD22, 0xD83A, 0xDD32, 0xD83A, 0xDD33, 0xD83A, 0xDD2E));
					if (count != 1) return String(CharArray::of(0xD83A, 0xDD01, 0xD83A, 0xDD22, 0xD83A, 0xDD24, 0xD83A, 0xDD22, 0xD83A, 0xDD44, 0xD83A, 0xDD36, 0xD83A, 0xDD2D, 0x20, 0xD83A, 0xDD04, 0xD83A, 0xDD22, 0xD83A, 0xDD2A, 0xD83A, 0xDD26, 0xD83A, 0xDD22, 0xD83A, 0xDD23, 0xD83A, 0xDD2D, 0xD83A, 0xDD34, 0xD83A, 0xDD22, 0xD83A, 0xDD32, 0xD83A, 0xDD33, 0xD83A, 0xDD2E));
					break;
				case 26:
					if (count == -1) return String(CharArray::of(0xD83A, 0xDD1A, 0xD83A, 0xDD22, 0xD83A, 0xDD2A, 0xD83A, 0xDD22, 0x20, 0xD83A, 0xDD04, 0xD83A, 0xDD22, 0xD83A, 0xDD32, 0xD83A, 0xDD3A, 0xD83A, 0xDD2D, 0xD83A, 0xDD24, 0xD83A, 0xDD22, 0xD83A, 0xDD23, 0xD83A, 0xDD2B, 0xD83A, 0xDD45, 0xD83A, 0xDD27, 0xD83A, 0xDD2D, 0xD83A, 0xDD32, 0xD83A, 0xDD33, 0xD83A, 0xDD2E));
					if (count == 1) return String(CharArray::of(0xD83A, 0xDD3C, 0xD83A, 0xDD22, 0xD83A, 0xDD2A, 0xD83A, 0xDD22, 0x20, 0xD83A, 0xDD04, 0xD83A, 0xDD22, 0xD83A, 0xDD32, 0xD83A, 0xDD3A, 0xD83A, 0xDD2D, 0xD83A, 0xDD24, 0xD83A, 0xDD22, 0xD83A, 0xDD23, 0xD83A, 0xDD2B, 0xD83A, 0xDD45, 0xD83A, 0xDD27, 0xD83A, 0xDD2D, 0xD83A, 0xDD32, 0xD83A, 0xDD33, 0xD83A, 0xDD2E));
					if (count != 1) return String(CharArray::of(0xD83A, 0xDD3C, 0xD83A, 0xDD22, 0xD83A, 0xDD2A, 0xD83A, 0xDD22, 0xD83A, 0xDD44, 0xD83A, 0xDD36, 0xD83A, 0xDD2D, 0x20, 0xD83A, 0xDD04, 0xD83A, 0xDD22, 0xD83A, 0xDD32, 0xD83A, 0xDD3A, 0xD83A, 0xDD2D, 0xD83A, 0xDD24, 0xD83A, 0xDD22, 0xD83A, 0xDD23, 0xD83A, 0xDD2B, 0xD83A, 0xDD45, 0xD83A, 0xDD27, 0xD83A, 0xDD2D, 0xD83A, 0xDD32, 0xD83A, 0xDD33, 0xD83A, 0xDD2E));
					break;
				case 32:
					if (count == -1) return String(CharArray::of(0xD83A, 0xDD02, 0xD83A, 0xDD2B, 0xD83A, 0xDD45, 0xD83A, 0xDD3E, 0x20, 0xD83A, 0xDD04, 0xD83A, 0xDD2D, 0xD83A, 0xDD24, 0xD83A, 0xDD3A, 0xD83A, 0xDD22, 0xD83A, 0xDD2A, 0xD83A, 0xDD2D, 0xD83A, 0xDD32, 0xD83A, 0xDD33, 0xD83A, 0xDD2E));
					if (count == 1) return String(CharArray::of(0xD83A, 0xDD24, 0xD83A, 0xDD2B, 0xD83A, 0xDD45, 0xD83A, 0xDD3E, 0x20, 0xD83A, 0xDD04, 0xD83A, 0xDD2D, 0xD83A, 0xDD24, 0xD83A, 0xDD3A, 0xD83A, 0xDD22, 0xD83A, 0xDD2A, 0xD83A, 0xDD2D, 0xD83A, 0xDD32, 0xD83A, 0xDD33, 0xD83A, 0xDD2E));
					if (count != 1) return String(CharArray::of(0xD83A, 0xDD02, 0xD83A, 0xDD2B, 0xD83A, 0xDD45, 0xD83A, 0xDD3E, 0xD83A, 0xDD22, 0x20, 0xD83A, 0xDD04, 0xD83A, 0xDD2D, 0xD83A, 0xDD24, 0xD83A, 0xDD3A, 0xD83A, 0xDD22, 0xD83A, 0xDD2A, 0xD83A, 0xDD2D, 0xD83A, 0xDD32, 0xD83A, 0xDD33, 0xD83A, 0xDD2E));
					break;
				case 34:
					if (count == -1) return String(CharArray::of(0xD83A, 0xDD01, 0xD83A, 0xDD2D, 0xD83A, 0xDD32, 0xD83A, 0xDD22, 0xD83A, 0xDD44, 0xD83A, 0xDD2A, 0x20, 0xD83A, 0xDD04, 0xD83A, 0xDD22, 0xD83A, 0xDD38, 0xD83A, 0xDD22, 0xD83A, 0xDD2A, 0xD83A, 0xDD22, 0xD83A, 0xDD44, 0xD83A, 0xDD32, 0xD83A, 0xDD2D, 0xD83A, 0xDD34, 0xD83A, 0xDD22, 0xD83A, 0xDD32, 0xD83A, 0xDD33, 0xD83A, 0xDD2E));
					if (count == 1) return String(CharArray::of(0xD83A, 0xDD23, 0xD83A, 0xDD2D, 0xD83A, 0xDD32, 0xD83A, 0xDD22, 0xD83A, 0xDD44, 0xD83A, 0xDD2A, 0x20, 0xD83A, 0xDD04, 0xD83A, 0xDD22, 0xD83A, 0xDD38, 0xD83A, 0xDD22, 0xD83A, 0xDD2A, 0xD83A, 0xDD22, 0xD83A, 0xDD44, 0xD83A, 0xDD32, 0xD83A, 0xDD2D, 0xD83A, 0xDD34, 0xD83A, 0xDD22, 0xD83A, 0xDD32, 0xD83A, 0xDD33, 0xD83A, 0xDD2E));
					if (count != 1) return String(CharArray::of(0xD83A, 0xDD23, 0xD83A, 0xDD2D, 0xD83A, 0xDD32, 0xD83A, 0xDD22, 0xD83A, 0xDD44, 0xD83A, 0xDD2A, 0xD83A, 0xDD36, 0xD83A, 0xDD2D, 0x20, 0xD83A, 0xDD04, 0xD83A, 0xDD22, 0xD83A, 0xDD38, 0xD83A, 0xDD22, 0xD83A, 0xDD2A, 0xD83A, 0xDD22, 0xD83A, 0xDD44, 0xD83A, 0xDD32, 0xD83A, 0xDD2D, 0xD83A, 0xDD34, 0xD83A, 0xDD22, 0xD83A, 0xDD32, 0xD83A, 0xDD33, 0xD83A, 0xDD2E));
					break;
				case 35:
					if (count == -1) return String(CharArray::of(0xD83A, 0xDD0A, 0xD83A, 0xDD22, 0xD83A, 0xDD2A, 0xD83A, 0xDD22, 0xD83A, 0xDD32, 0x20, 0xD83A, 0xDD04, 0xD83A, 0xDD35, 0xD83A, 0xDD2A, 0xD83A, 0xDD35, 0xD83A, 0xDD32, 0xD83A, 0xDD23, 0xD83A, 0xDD2D, 0xD83A, 0xDD32, 0xD83A, 0xDD33, 0xD83A, 0xDD2E));
					if (count == 1) return String(CharArray::of(0xD83A, 0xDD2C, 0xD83A, 0xDD22, 0xD83A, 0xDD2A, 0xD83A, 0xDD22, 0xD83A, 0xDD32, 0x20, 0xD83A, 0xDD04, 0xD83A, 0xDD35, 0xD83A, 0xDD2A, 0xD83A, 0xDD35, 0xD83A, 0xDD32, 0xD83A, 0xDD23, 0xD83A, 0xDD2D, 0xD83A, 0xDD32, 0xD83A, 0xDD33, 0xD83A, 0xDD2E));
					if (count != 1) return String(CharArray::of(0xD83A, 0xDD2C, 0xD83A, 0xDD22, 0xD83A, 0xDD2A, 0xD83A, 0xDD22, 0xD83A, 0xDD32, 0xD83A, 0xDD36, 0xD83A, 0xDD2D, 0x20, 0xD83A, 0xDD04, 0xD83A, 0xDD35, 0xD83A, 0xDD2A, 0xD83A, 0xDD35, 0xD83A, 0xDD32, 0xD83A, 0xDD23, 0xD83A, 0xDD2D, 0xD83A, 0xDD32, 0xD83A, 0xDD33, 0xD83A, 0xDD2E));
					break;
				case 36:
					if (count == -1) return String(CharArray::of(0xD83A, 0xDD01, 0xD83A, 0xDD22, 0xD83A, 0xDD24, 0xD83A, 0xDD22, 0x20, 0xD83A, 0xDD04, 0xD83A, 0xDD35, 0xD83A, 0xDD2A, 0xD83A, 0xDD25, 0xD83A, 0xDD35, 0xD83A, 0xDD23, 0xD83A, 0xDD22, 0xD83A, 0xDD32, 0xD83A, 0xDD33, 0xD83A, 0xDD2E));
					if (count == 1) return String(CharArray::of(0xD83A, 0xDD01, 0xD83A, 0xDD22, 0xD83A, 0xDD24, 0xD83A, 0xDD22, 0x20, 0xD83A, 0xDD26, 0xD83A, 0xDD35, 0xD83A, 0xDD2A, 0xD83A, 0xDD25, 0xD83A, 0xDD35, 0xD83A, 0xDD23, 0xD83A, 0xDD22, 0xD83A, 0xDD32, 0xD83A, 0xDD33, 0xD83A, 0xDD2E));
					if (count != 1) return String(CharArray::of(0xD83A, 0xDD01, 0xD83A, 0xDD22, 0xD83A, 0xDD24, 0xD83A, 0xDD22, 0xD83A, 0xDD44, 0xD83A, 0xDD36, 0xD83A, 0xDD2D, 0x20, 0xD83A, 0xDD26, 0xD83A, 0xDD35, 0xD83A, 0xDD2A, 0xD83A, 0xDD25, 0xD83A, 0xDD35, 0xD83A, 0xDD23, 0xD83A, 0xDD22, 0xD83A, 0xDD32, 0xD83A, 0xDD33, 0xD83A, 0xDD2E));
					break;
				case 37:
					if (count == -1) return String(CharArray::of(0xD83A, 0xDD01, 0xD83A, 0xDD22, 0xD83A, 0xDD24, 0xD83A, 0xDD22, 0x20, 0xD83A, 0xDD04, 0xD83A, 0xDD35, 0xD83A, 0xDD2A, 0xD83A, 0xDD32, 0xD83A, 0xDD2B, 0xD83A, 0xDD34, 0xD83A, 0xDD22, 0xD83A, 0xDD32, 0xD83A, 0xDD33, 0xD83A, 0xDD2E));
					if (count == 1) return String(CharArray::of(0xD83A, 0xDD23, 0xD83A, 0xDD22, 0xD83A, 0xDD24, 0xD83A, 0xDD22, 0x20, 0xD83A, 0xDD04, 0xD83A, 0xDD35, 0xD83A, 0xDD2A, 0xD83A, 0xDD32, 0xD83A, 0xDD2B, 0xD83A, 0xDD34, 0xD83A, 0xDD22, 0xD83A, 0xDD32, 0xD83A, 0xDD33, 0xD83A, 0xDD2E));
					if (count != 1) return String(CharArray::of(0xD83A, 0xDD23, 0xD83A, 0xDD22, 0xD83A, 0xDD24, 0xD83A, 0xDD22, 0xD83A, 0xDD44, 0xD83A, 0xDD36, 0xD83A, 0xDD2D, 0x20, 0xD83A, 0xDD04, 0xD83A, 0xDD35, 0xD83A, 0xDD2A, 0xD83A, 0xDD32, 0xD83A, 0xDD2B, 0xD83A, 0xDD34, 0xD83A, 0xDD22, 0xD83A, 0xDD32, 0xD83A, 0xDD33, 0xD83A, 0xDD2E));
					break;
				case 38:
					if (count == -1) return String(CharArray::of(0xD83A, 0xDD04, 0xD83A, 0xDD2E, 0xD83A, 0xDD24, 0xD83A, 0xDD2D, 0xD83A, 0xDD3E, 0xD83A, 0xDD2D, 0xD83A, 0xDD34, 0xD83A, 0xDD22, 0xD83A, 0xDD32, 0xD83A, 0xDD2E, 0x20, 0xD83A, 0xDD04, 0xD83A, 0xDD2E, 0xD83A, 0xDD24, 0xD83A, 0xDD2D, 0xD83A, 0xDD3E, 0xD83A, 0xDD2D, 0xD83A, 0xDD34, 0xD83A, 0xDD22, 0xD83A, 0xDD32, 0xD83A, 0xDD33, 0xD83A, 0xDD2E));
					if (count == 1) return String(CharArray::of(0xD83A, 0xDD04, 0xD83A, 0xDD2E, 0xD83A, 0xDD24, 0xD83A, 0xDD2D, 0xD83A, 0xDD3E, 0xD83A, 0xDD2D, 0xD83A, 0xDD34, 0xD83A, 0xDD22, 0xD83A, 0xDD32, 0xD83A, 0xDD2E, 0x20, 0xD83A, 0xDD26, 0xD83A, 0xDD2E, 0xD83A, 0xDD24, 0xD83A, 0xDD2D, 0xD83A, 0xDD3E, 0xD83A, 0xDD2D, 0xD83A, 0xDD34, 0xD83A, 0xDD22, 0xD83A, 0xDD32, 0xD83A, 0xDD33, 0xD83A, 0xDD2E));
					if (count != 1) return String(CharArray::of(0xD83A, 0xDD04, 0xD83A, 0xDD2E, 0xD83A, 0xDD24, 0xD83A, 0xDD2D, 0xD83A, 0xDD3E, 0xD83A, 0xDD2D, 0xD83A, 0xDD34, 0xD83A, 0xDD22, 0xD83A, 0xDD32, 0xD83A, 0xDD2E, 0xD83A, 0xDD45, 0xD83A, 0xDD36, 0xD83A, 0xDD2D, 0x20, 0xD83A, 0xDD26, 0xD83A, 0xDD2E, 0xD83A, 0xDD24, 0xD83A, 0xDD2D, 0xD83A, 0xDD3E, 0xD83A, 0xDD2D, 0xD83A, 0xDD34, 0xD83A, 0xDD22, 0xD83A, 0xDD32, 0xD83A, 0xDD33, 0xD83A, 0xDD2E));
					break;
				case 39:
					if (count == -1) return String(CharArray::of(0xD83A, 0xDD04, 0xD83A, 0xDD2E, 0xD83A, 0xDD24, 0xD83A, 0xDD2D, 0xD83A, 0xDD3E, 0xD83A, 0xDD2D, 0xD83A, 0xDD34, 0xD83A, 0xDD22, 0xD83A, 0xDD32, 0xD83A, 0xDD2E, 0x20, 0xD83A, 0xDD04, 0xD83A, 0xDD2E, 0xD83A, 0xDD24, 0xD83A, 0xDD2D, 0xD83A, 0xDD3E, 0xD83A, 0xDD2D, 0xD83A, 0xDD34, 0xD83A, 0xDD22, 0xD83A, 0xDD32, 0xD83A, 0xDD33, 0xD83A, 0xDD2E, 0x20, 0x28, 0xD83A, 0xDD51, 0xD83A, 0xDD58, 0xD83A, 0xDD56, 0xD83A, 0xDD53, 0x2D, 0xD83A, 0xDD51, 0xD83A, 0xDD59, 0xD83A, 0xDD56, 0xD83A, 0xDD53, 0x29));
					if (count == 1) return String(CharArray::of(0xD83A, 0xDD04, 0xD83A, 0xDD2E, 0xD83A, 0xDD24, 0xD83A, 0xDD2D, 0xD83A, 0xDD3E, 0xD83A, 0xDD2D, 0xD83A, 0xDD34, 0xD83A, 0xDD22, 0xD83A, 0xDD32, 0xD83A, 0xDD2E, 0x20, 0xD83A, 0xDD26, 0xD83A, 0xDD2E, 0xD83A, 0xDD24, 0xD83A, 0xDD2D, 0xD83A, 0xDD3E, 0xD83A, 0xDD2D, 0xD83A, 0xDD34, 0xD83A, 0xDD22, 0xD83A, 0xDD32, 0xD83A, 0xDD33, 0xD83A, 0xDD2E, 0x20, 0x28, 0xD83A, 0xDD51, 0xD83A, 0xDD58, 0xD83A, 0xDD56, 0xD83A, 0xDD53, 0x2D, 0xD83A, 0xDD51, 0xD83A, 0xDD59, 0xD83A, 0xDD56, 0xD83A, 0xDD53, 0x29));
					if (count != 1) return String(CharArray::of(0xD83A, 0xDD04, 0xD83A, 0xDD2E, 0xD83A, 0xDD24, 0xD83A, 0xDD2D, 0xD83A, 0xDD3E, 0xD83A, 0xDD2D, 0xD83A, 0xDD34, 0xD83A, 0xDD22, 0xD83A, 0xDD32, 0xD83A, 0xDD2E, 0xD83A, 0xDD45, 0xD83A, 0xDD36, 0xD83A, 0xDD2D, 0x20, 0xD83A, 0xDD26, 0xD83A, 0xDD2E, 0xD83A, 0xDD24, 0xD83A, 0xDD2D, 0xD83A, 0xDD3E, 0xD83A, 0xDD2D, 0xD83A, 0xDD34, 0xD83A, 0xDD22, 0xD83A, 0xDD32, 0xD83A, 0xDD33, 0xD83A, 0xDD2E, 0x20, 0x28, 0xD83A, 0xDD51, 0xD83A, 0xDD58, 0xD83A, 0xDD56, 0xD83A, 0xDD53, 0x2D, 0xD83A, 0xDD51, 0xD83A, 0xDD59, 0xD83A, 0xDD56, 0xD83A, 0xDD53, 0x29));
					break;
				case 40:
					if (count == -1) return String(CharArray::of(0xD83A, 0xDD06, 0xD83A, 0xDD2B, 0xD83A, 0xDD45, 0xD83A, 0xDD27, 0xD83A, 0xDD2E, 0xD83A, 0xDD45, 0x20, 0xD83A, 0xDD04, 0xD83A, 0xDD2E, 0xD83A, 0xDD24, 0xD83A, 0xDD2D, 0xD83A, 0xDD3E, 0xD83A, 0xDD2D, 0xD83A, 0xDD34, 0xD83A, 0xDD22, 0xD83A, 0xDD32, 0xD83A, 0xDD33, 0xD83A, 0xDD2E));
					if (count == 1) return String(CharArray::of(0xD83A, 0xDD06, 0xD83A, 0xDD2B, 0xD83A, 0xDD45, 0xD83A, 0xDD27, 0xD83A, 0xDD2E, 0xD83A, 0xDD45, 0x20, 0xD83A, 0xDD26, 0xD83A, 0xDD2E, 0xD83A, 0xDD24, 0xD83A, 0xDD2D, 0xD83A, 0xDD3E, 0xD83A, 0xDD2D, 0xD83A, 0xDD34, 0xD83A, 0xDD22, 0xD83A, 0xDD32, 0xD83A, 0xDD33, 0xD83A, 0xDD2E));
					if (count != 1) return String(CharArray::of(0xD83A, 0xDD06, 0xD83A, 0xDD2B, 0xD83A, 0xDD45, 0xD83A, 0xDD27, 0xD83A, 0xDD2E, 0xD83A, 0xDD45, 0xD83A, 0xDD36, 0xD83A, 0xDD2D, 0x20, 0xD83A, 0xDD26, 0xD83A, 0xDD2E, 0xD83A, 0xDD24, 0xD83A, 0xDD2D, 0xD83A, 0xDD3E, 0xD83A, 0xDD2D, 0xD83A, 0xDD34, 0xD83A, 0xDD22, 0xD83A, 0xDD32, 0xD83A, 0xDD33, 0xD83A, 0xDD2E));
					break;
				case 41:
					if (count == -1) return String(CharArray::of(0xD83A, 0xDD03, 0xD83A, 0xDD3E, 0xD83A, 0xDD23, 0xD83A, 0xDD2E, 0xD83A, 0xDD24, 0x20, 0xD83A, 0xDD04, 0xD83A, 0xDD2E, 0xD83A, 0xDD24, 0xD83A, 0xDD2D, 0xD83A, 0xDD3E, 0xD83A, 0xDD2D, 0xD83A, 0xDD34, 0xD83A, 0xDD22, 0xD83A, 0xDD32, 0xD83A, 0xDD33, 0xD83A, 0xDD2E));
					if (count != 1) return String(CharArray::of(0xD83A, 0xDD03, 0xD83A, 0xDD3E, 0xD83A, 0xDD23, 0xD83A, 0xDD2E, 0xD83A, 0xDD24, 0x20, 0xD83A, 0xDD26, 0xD83A, 0xDD2E, 0xD83A, 0xDD24, 0xD83A, 0xDD2D, 0xD83A, 0xDD3E, 0xD83A, 0xDD2D, 0xD83A, 0xDD34, 0xD83A, 0xDD22, 0xD83A, 0xDD32, 0xD83A, 0xDD33, 0xD83A, 0xDD2E));
					break;
				case 42:
					if (count == -1) return String(CharArray::of(0xD83A, 0xDD11, 0xD83A, 0xDD2B, 0xD83A, 0xDD2A, 0xD83A, 0xDD2E, 0xD83A, 0xDD27, 0xD83A, 0xDD2B, 0xD83A, 0xDD2A, 0xD83A, 0xDD2E, 0x20, 0xD83A, 0xDD04, 0xD83A, 0xDD2A, 0xD83A, 0xDD22, 0xD83A, 0xDD27, 0xD83A, 0xDD2D, 0xD83A, 0xDD24, 0xD83A, 0xDD34, 0xD83A, 0xDD22, 0xD83A, 0xDD32, 0xD83A, 0xDD33, 0xD83A, 0xDD2E, 0x20, 0xD83A, 0xDD11, 0xD83A, 0xDD2B, 0xD83A, 0xDD27, 0xD83A, 0xDD2E, 0x20, 0x28, 0xD83A, 0xDD51, 0xD83A, 0xDD59, 0xD83A, 0xDD56, 0xD83A, 0xDD57, 0x2D, 0xD83A, 0xDD51, 0xD83A, 0xDD59, 0xD83A, 0xDD58, 0xD83A, 0xDD56, 0x29));
					if (count == 1) return String(CharArray::of(0xD83A, 0xDD11, 0xD83A, 0xDD2B, 0xD83A, 0xDD2A, 0xD83A, 0xDD2E, 0xD83A, 0xDD27, 0xD83A, 0xDD2B, 0xD83A, 0xDD2A, 0xD83A, 0xDD2E, 0x20, 0xD83A, 0xDD26, 0xD83A, 0xDD2A, 0xD83A, 0xDD22, 0xD83A, 0xDD27, 0xD83A, 0xDD2D, 0xD83A, 0xDD24, 0xD83A, 0xDD34, 0xD83A, 0xDD22, 0xD83A, 0xDD32, 0xD83A, 0xDD33, 0xD83A, 0xDD2E, 0x20, 0xD83A, 0xDD33, 0xD83A, 0xDD2B, 0xD83A, 0xDD27, 0xD83A, 0xDD2E, 0x20, 0x28, 0xD83A, 0xDD51, 0xD83A, 0xDD59, 0xD83A, 0xDD56, 0xD83A, 0xDD57, 0x2D, 0xD83A, 0xDD51, 0xD83A, 0xDD59, 0xD83A, 0xDD58, 0xD83A, 0xDD56, 0x29));
					if (count != 1) return String(CharArray::of(0xD83A, 0xDD11, 0xD83A, 0xDD2B, 0xD83A, 0xDD2A, 0xD83A, 0xDD2E, 0xD83A, 0xDD27, 0xD83A, 0xDD2B, 0xD83A, 0xDD2A, 0xD83A, 0xDD2E, 0xD83A, 0xDD45, 0xD83A, 0xDD36, 0xD83A, 0xDD2D, 0x20, 0xD83A, 0xDD26, 0xD83A, 0xDD2A, 0xD83A, 0xDD22, 0xD83A, 0xDD27, 0xD83A, 0xDD2D, 0xD83A, 0xDD24, 0xD83A, 0xDD34, 0xD83A, 0xDD22, 0xD83A, 0xDD32, 0xD83A, 0xDD33, 0xD83A, 0xDD2E, 0x20, 0xD83A, 0xDD33, 0xD83A, 0xDD2B, 0xD83A, 0xDD27, 0xD83A, 0xDD2E, 0x20, 0x28, 0xD83A, 0xDD51, 0xD83A, 0xDD59, 0xD83A, 0xDD56, 0xD83A, 0xDD57, 0x2D, 0xD83A, 0xDD51, 0xD83A, 0xDD59, 0xD83A, 0xDD58, 0xD83A, 0xDD56, 0x29));
					break;
				case 43:
					if (count == -1) return String(CharArray::of(0xD83A, 0xDD11, 0xD83A, 0xDD35, 0xD83A, 0xDD2A, 0xD83A, 0xDD41, 0xD83A, 0xDD22, 0xD83A, 0xDD23, 0xD83A, 0xDD2E, 0xD83A, 0xDD45, 0x20, 0xD83A, 0xDD04, 0xD83A, 0xDD2A, 0xD83A, 0xDD22, 0xD83A, 0xDD27, 0xD83A, 0xDD2D, 0xD83A, 0xDD24, 0xD83A, 0xDD34, 0xD83A, 0xDD22, 0xD83A, 0xDD32, 0xD83A, 0xDD33, 0xD83A, 0xDD2E, 0x20, 0x28, 0xD83A, 0xDD51, 0xD83A, 0xDD59, 0xD83A, 0xDD58, 0xD83A, 0xDD56, 0x2D, 0xD83A, 0xDD51, 0xD83A, 0xDD59, 0xD83A, 0xDD58, 0xD83A, 0xDD59, 0x29));
					if (count == 1) return String(CharArray::of(0xD83A, 0xDD11, 0xD83A, 0xDD35, 0xD83A, 0xDD2A, 0xD83A, 0xDD41, 0xD83A, 0xDD22, 0xD83A, 0xDD23, 0xD83A, 0xDD2E, 0xD83A, 0xDD45, 0x20, 0xD83A, 0xDD26, 0xD83A, 0xDD2A, 0xD83A, 0xDD22, 0xD83A, 0xDD27, 0xD83A, 0xDD2D, 0xD83A, 0xDD24, 0xD83A, 0xDD34, 0xD83A, 0xDD22, 0xD83A, 0xDD32, 0xD83A, 0xDD33, 0xD83A, 0xDD2E, 0x20, 0x28, 0xD83A, 0xDD51, 0xD83A, 0xDD59, 0xD83A, 0xDD58, 0xD83A, 0xDD56, 0x2D, 0xD83A, 0xDD51, 0xD83A, 0xDD59, 0xD83A, 0xDD58, 0xD83A, 0xDD59, 0x29));
					if (count != 1) return String(CharArray::of(0xD83A, 0xDD11, 0xD83A, 0xDD35, 0xD83A, 0xDD2A, 0xD83A, 0xDD41, 0xD83A, 0xDD22, 0xD83A, 0xDD23, 0xD83A, 0xDD2E, 0xD83A, 0xDD45, 0xD83A, 0xDD36, 0xD83A, 0xDD2D, 0x20, 0xD83A, 0xDD26, 0xD83A, 0xDD2A, 0xD83A, 0xDD22, 0xD83A, 0xDD27, 0xD83A, 0xDD2D, 0xD83A, 0xDD24, 0xD83A, 0xDD34, 0xD83A, 0xDD22, 0xD83A, 0xDD32, 0xD83A, 0xDD33, 0xD83A, 0xDD2E, 0x20, 0x28, 0xD83A, 0xDD51, 0xD83A, 0xDD59, 0xD83A, 0xDD58, 0xD83A, 0xDD56, 0x2D, 0xD83A, 0xDD51, 0xD83A, 0xDD59, 0xD83A, 0xDD58, 0xD83A, 0xDD59, 0x29));
					break;
				case 44:
					if (count == -1) return String(CharArray::of(0xD83A, 0xDD11, 0xD83A, 0xDD35, 0xD83A, 0xDD2A, 0xD83A, 0xDD41, 0xD83A, 0xDD2B, 0xD83A, 0xDD34, 0xD83A, 0xDD2A, 0xD83A, 0xDD2E, 0x20, 0xD83A, 0xDD04, 0xD83A, 0xDD2A, 0xD83A, 0xDD22, 0xD83A, 0xDD27, 0xD83A, 0xDD2D, 0xD83A, 0xDD24, 0xD83A, 0xDD34, 0xD83A, 0xDD22, 0xD83A, 0xDD32, 0xD83A, 0xDD33, 0xD83A, 0xDD2E, 0x20, 0x28, 0xD83A, 0xDD51, 0xD83A, 0xDD59, 0xD83A, 0xDD59, 0xD83A, 0xDD50, 0x2D, 0xD83A, 0xDD51, 0xD83A, 0xDD59, 0xD83A, 0xDD59, 0xD83A, 0xDD53, 0x29));
					if (count == 1) return String(CharArray::of(0xD83A, 0xDD11, 0xD83A, 0xDD35, 0xD83A, 0xDD2A, 0xD83A, 0xDD41, 0xD83A, 0xDD2B, 0xD83A, 0xDD34, 0xD83A, 0xDD2A, 0xD83A, 0xDD2E, 0x20, 0xD83A, 0xDD26, 0xD83A, 0xDD2A, 0xD83A, 0xDD22, 0xD83A, 0xDD27, 0xD83A, 0xDD2D, 0xD83A, 0xDD24, 0xD83A, 0xDD34, 0xD83A, 0xDD22, 0xD83A, 0xDD32, 0xD83A, 0xDD33, 0xD83A, 0xDD2E, 0x20, 0x28, 0xD83A, 0xDD51, 0xD83A, 0xDD59, 0xD83A, 0xDD59, 0xD83A, 0xDD50, 0x2D, 0xD83A, 0xDD51, 0xD83A, 0xDD59, 0xD83A, 0xDD59, 0xD83A, 0xDD53, 0x29));
					if (count != 1) return String(CharArray::of(0xD83A, 0xDD11, 0xD83A, 0xDD35, 0xD83A, 0xDD2A, 0xD83A, 0xDD41, 0xD83A, 0xDD2B, 0xD83A, 0xDD34, 0xD83A, 0xDD2A, 0xD83A, 0xDD2E, 0xD83A, 0xDD45, 0xD83A, 0xDD36, 0xD83A, 0xDD2D, 0x20, 0xD83A, 0xDD26, 0xD83A, 0xDD2A, 0xD83A, 0xDD22, 0xD83A, 0xDD27, 0xD83A, 0xDD2D, 0xD83A, 0xDD24, 0xD83A, 0xDD34, 0xD83A, 0xDD22, 0xD83A, 0xDD32, 0xD83A, 0xDD33, 0xD83A, 0xDD2E, 0x20, 0x28, 0xD83A, 0xDD51, 0xD83A, 0xDD59, 0xD83A, 0xDD59, 0xD83A, 0xDD50, 0x2D, 0xD83A, 0xDD51, 0xD83A, 0xDD59, 0xD83A, 0xDD59, 0xD83A, 0xDD53, 0x29));
					break;
				case 45:
					if (count == -1) return String(CharArray::of(0xD83A, 0xDD08, 0xD83A, 0xDD2D, 0xD83A, 0xDD34, 0xD83A, 0xDD22, 0xD83A, 0xDD24, 0x20, 0xD83A, 0xDD04, 0xD83A, 0xDD2A, 0xD83A, 0xDD22, 0xD83A, 0xDD27, 0xD83A, 0xDD2D, 0xD83A, 0xDD24, 0xD83A, 0xDD34, 0xD83A, 0xDD22, 0xD83A, 0xDD32, 0xD83A, 0xDD33, 0xD83A, 0xDD2E));
					if (count == 1) return String(CharArray::of(0xD83A, 0xDD08, 0xD83A, 0xDD2D, 0xD83A, 0xDD34, 0xD83A, 0xDD22, 0xD83A, 0xDD24, 0x20, 0xD83A, 0xDD26, 0xD83A, 0xDD2A, 0xD83A, 0xDD22, 0xD83A, 0xDD27, 0xD83A, 0xDD2D, 0xD83A, 0xDD24, 0xD83A, 0xDD34, 0xD83A, 0xDD22, 0xD83A, 0xDD32, 0xD83A, 0xDD33, 0xD83A, 0xDD2E));
					if (count != 1) return String(CharArray::of(0xD83A, 0xDD08, 0xD83A, 0xDD2D, 0xD83A, 0xDD34, 0xD83A, 0xDD22, 0xD83A, 0xDD24, 0xD83A, 0xDD36, 0xD83A, 0xDD2D, 0x20, 0xD83A, 0xDD26, 0xD83A, 0xDD2A, 0xD83A, 0xDD22, 0xD83A, 0xDD27, 0xD83A, 0xDD2D, 0xD83A, 0xDD24, 0xD83A, 0xDD34, 0xD83A, 0xDD22, 0xD83A, 0xDD32, 0xD83A, 0xDD33, 0xD83A, 0xDD2E));
					break;
				case 46:
					if (count == -1) return String(CharArray::of(0xD83A, 0xDD11, 0xD83A, 0xDD35, 0xD83A, 0xDD2A, 0xD83A, 0xDD41, 0xD83A, 0xDD22, 0xD83A, 0xDD23, 0xD83A, 0xDD2E, 0xD83A, 0xDD45, 0x20, 0xD83A, 0xDD04, 0xD83A, 0xDD2A, 0xD83A, 0xDD22, 0xD83A, 0xDD27, 0xD83A, 0xDD2D, 0xD83A, 0xDD24, 0xD83A, 0xDD34, 0xD83A, 0xDD22, 0xD83A, 0xDD32, 0xD83A, 0xDD33, 0xD83A, 0xDD2E, 0x20, 0x28, 0xD83A, 0xDD51, 0xD83A, 0xDD59, 0xD83A, 0xDD58, 0xD83A, 0xDD59, 0x2D, 0xD83A, 0xDD51, 0xD83A, 0xDD59, 0xD83A, 0xDD59, 0xD83A, 0xDD50, 0x29));
					if (count == 1) return String(CharArray::of(0xD83A, 0xDD11, 0xD83A, 0xDD35, 0xD83A, 0xDD2A, 0xD83A, 0xDD41, 0xD83A, 0xDD22, 0xD83A, 0xDD23, 0xD83A, 0xDD2E, 0xD83A, 0xDD45, 0x20, 0xD83A, 0xDD26, 0xD83A, 0xDD2A, 0xD83A, 0xDD22, 0xD83A, 0xDD27, 0xD83A, 0xDD2D, 0xD83A, 0xDD24, 0xD83A, 0xDD34, 0xD83A, 0xDD22, 0xD83A, 0xDD32, 0xD83A, 0xDD33, 0xD83A, 0xDD2E, 0x20, 0x28, 0xD83A, 0xDD51, 0xD83A, 0xDD59, 0xD83A, 0xDD58, 0xD83A, 0xDD59, 0x2D, 0xD83A, 0xDD51, 0xD83A, 0xDD59, 0xD83A, 0xDD59, 0xD83A, 0xDD50, 0x29));
					if (count != 1) return String(CharArray::of(0xD83A, 0xDD11, 0xD83A, 0xDD35, 0xD83A, 0xDD2A, 0xD83A, 0xDD41, 0xD83A, 0xDD22, 0xD83A, 0xDD23, 0xD83A, 0xDD2E, 0xD83A, 0xDD45, 0xD83A, 0xDD36, 0xD83A, 0xDD2D, 0x20, 0xD83A, 0xDD26, 0xD83A, 0xDD2A, 0xD83A, 0xDD22, 0xD83A, 0xDD27, 0xD83A, 0xDD2D, 0xD83A, 0xDD24, 0xD83A, 0xDD34, 0xD83A, 0xDD22, 0xD83A, 0xDD32, 0xD83A, 0xDD33, 0xD83A, 0xDD2E, 0x20, 0x28, 0xD83A, 0xDD51, 0xD83A, 0xDD59, 0xD83A, 0xDD58, 0xD83A, 0xDD59, 0x2D, 0xD83A, 0xDD51, 0xD83A, 0xDD59, 0xD83A, 0xDD59, 0xD83A, 0xDD50, 0x29));
					break;
				case 47:
					if (count == -1) return String(CharArray::of(0xD83A, 0xDD11, 0xD83A, 0xDD35, 0xD83A, 0xDD2A, 0xD83A, 0xDD41, 0xD83A, 0xDD2B, 0xD83A, 0xDD34, 0xD83A, 0xDD2A, 0xD83A, 0xDD2E, 0x20, 0xD83A, 0xDD04, 0xD83A, 0xDD2A, 0xD83A, 0xDD22, 0xD83A, 0xDD27, 0xD83A, 0xDD2D, 0xD83A, 0xDD24, 0xD83A, 0xDD34, 0xD83A, 0xDD22, 0xD83A, 0xDD32, 0xD83A, 0xDD33, 0xD83A, 0xDD2E, 0x20, 0x28, 0xD83A, 0xDD51, 0xD83A, 0xDD59, 0xD83A, 0xDD59, 0xD83A, 0xDD53, 0x2D, 0xD83A, 0xDD51, 0xD83A, 0xDD59, 0xD83A, 0xDD59, 0xD83A, 0xDD54, 0x29));
					if (count == 1) return String(CharArray::of(0xD83A, 0xDD11, 0xD83A, 0xDD35, 0xD83A, 0xDD2A, 0xD83A, 0xDD41, 0xD83A, 0xDD2B, 0xD83A, 0xDD34, 0xD83A, 0xDD2A, 0xD83A, 0xDD2E, 0x20, 0xD83A, 0xDD26, 0xD83A, 0xDD2A, 0xD83A, 0xDD22, 0xD83A, 0xDD27, 0xD83A, 0xDD2D, 0xD83A, 0xDD24, 0xD83A, 0xDD34, 0xD83A, 0xDD22, 0xD83A, 0xDD32, 0xD83A, 0xDD33, 0xD83A, 0xDD2E, 0x20, 0x28, 0xD83A, 0xDD51, 0xD83A, 0xDD59, 0xD83A, 0xDD59, 0xD83A, 0xDD53, 0x2D, 0xD83A, 0xDD51, 0xD83A, 0xDD59, 0xD83A, 0xDD59, 0xD83A, 0xDD54, 0x29));
					if (count != 1) return String(CharArray::of(0xD83A, 0xDD11, 0xD83A, 0xDD35, 0xD83A, 0xDD2A, 0xD83A, 0xDD41, 0xD83A, 0xDD2B, 0xD83A, 0xDD34, 0xD83A, 0xDD2A, 0xD83A, 0xDD2E, 0xD83A, 0xDD45, 0xD83A, 0xDD36, 0xD83A, 0xDD2D, 0x20, 0xD83A, 0xDD26, 0xD83A, 0xDD2A, 0xD83A, 0xDD22, 0xD83A, 0xDD27, 0xD83A, 0xDD2D, 0xD83A, 0xDD24, 0xD83A, 0xDD34, 0xD83A, 0xDD22, 0xD83A, 0xDD32, 0xD83A, 0xDD33, 0xD83A, 0xDD2E, 0x20, 0x28, 0xD83A, 0xDD51, 0xD83A, 0xDD59, 0xD83A, 0xDD59, 0xD83A, 0xDD53, 0x2D, 0xD83A, 0xDD51, 0xD83A, 0xDD59, 0xD83A, 0xDD59, 0xD83A, 0xDD54, 0x29));
					break;
				case 48:
					if (count == -1) return String(CharArray::of(0xD83A, 0xDD11, 0xD83A, 0xDD35, 0xD83A, 0xDD2A, 0xD83A, 0xDD41, 0xD83A, 0xDD2B, 0xD83A, 0xDD34, 0xD83A, 0xDD2A, 0xD83A, 0xDD2E, 0x20, 0xD83A, 0xDD04, 0xD83A, 0xDD2A, 0xD83A, 0xDD22, 0xD83A, 0xDD27, 0xD83A, 0xDD2D, 0xD83A, 0xDD24, 0xD83A, 0xDD34, 0xD83A, 0xDD22, 0xD83A, 0xDD32, 0xD83A, 0xDD33, 0xD83A, 0xDD2E, 0x20, 0x28, 0xD83A, 0xDD51, 0xD83A, 0xDD59, 0xD83A, 0xDD54, 0xD83A, 0xDD52, 0x2D, 0xD83A, 0xDD51, 0xD83A, 0xDD59, 0xD83A, 0xDD56, 0xD83A, 0xDD57, 0x29));
					if (count == 1) return String(CharArray::of(0xD83A, 0xDD11, 0xD83A, 0xDD35, 0xD83A, 0xDD2A, 0xD83A, 0xDD41, 0xD83A, 0xDD2B, 0xD83A, 0xDD34, 0xD83A, 0xDD2A, 0xD83A, 0xDD2E, 0x20, 0xD83A, 0xDD26, 0xD83A, 0xDD2A, 0xD83A, 0xDD22, 0xD83A, 0xDD27, 0xD83A, 0xDD2D, 0xD83A, 0xDD24, 0xD83A, 0xDD34, 0xD83A, 0xDD22, 0xD83A, 0xDD32, 0xD83A, 0xDD33, 0xD83A, 0xDD2E, 0x20, 0x28, 0xD83A, 0xDD51, 0xD83A, 0xDD59, 0xD83A, 0xDD54, 0xD83A, 0xDD52, 0x2D, 0xD83A, 0xDD51, 0xD83A, 0xDD59, 0xD83A, 0xDD56, 0xD83A, 0xDD57, 0x29));
					if (count != 1) return String(CharArray::of(0xD83A, 0xDD11, 0xD83A, 0xDD35, 0xD83A, 0xDD2A, 0xD83A, 0xDD41, 0xD83A, 0xDD2B, 0xD83A, 0xDD34, 0xD83A, 0xDD2A, 0xD83A, 0xDD2E, 0xD83A, 0xDD45, 0xD83A, 0xDD36, 0xD83A, 0xDD2D, 0x20, 0xD83A, 0xDD26, 0xD83A, 0xDD2A, 0xD83A, 0xDD22, 0xD83A, 0xDD27, 0xD83A, 0xDD2D, 0xD83A, 0xDD24, 0xD83A, 0xDD34, 0xD83A, 0xDD22, 0xD83A, 0xDD32, 0xD83A, 0xDD33, 0xD83A, 0xDD2E, 0x20, 0x28, 0xD83A, 0xDD51, 0xD83A, 0xDD59, 0xD83A, 0xDD54, 0xD83A, 0xDD52, 0x2D, 0xD83A, 0xDD51, 0xD83A, 0xDD59, 0xD83A, 0xDD56, 0xD83A, 0xDD57, 0x29));
					break;
				case 49:
					if (count == -1) return String(CharArray::of(0xD83A, 0xDD01, 0xD83A, 0xDD22, 0xD83A, 0xDD24, 0xD83A, 0xDD22, 0x20, 0xD83A, 0xDD04, 0xD83A, 0xDD22, 0xD83A, 0xDD38, 0xD83A, 0xDD22, 0xD83A, 0xDD25, 0xD83A, 0xDD2D, 0xD83A, 0xDD34, 0xD83A, 0xDD22, 0xD83A, 0xDD32, 0xD83A, 0xDD33, 0xD83A, 0xDD2E));
					if (count == 1) return String(CharArray::of(0xD83A, 0xDD01, 0xD83A, 0xDD22, 0xD83A, 0xDD24, 0xD83A, 0xDD22, 0x20, 0xD83A, 0xDD04, 0xD83A, 0xDD22, 0xD83A, 0xDD38, 0xD83A, 0xDD22, 0xD83A, 0xDD25, 0xD83A, 0xDD2D, 0xD83A, 0xDD34, 0xD83A, 0xDD22, 0xD83A, 0xDD32, 0xD83A, 0xDD33, 0xD83A, 0xDD2E));
					if (count != 1) return String(CharArray::of(0xD83A, 0xDD01, 0xD83A, 0xDD22, 0xD83A, 0xDD24, 0xD83A, 0xDD22, 0xD83A, 0xDD44, 0xD83A, 0xDD36, 0xD83A, 0xDD2D, 0x20, 0xD83A, 0xDD04, 0xD83A, 0xDD22, 0xD83A, 0xDD38, 0xD83A, 0xDD22, 0xD83A, 0xDD25, 0xD83A, 0xDD2D, 0xD83A, 0xDD34, 0xD83A, 0xDD22, 0xD83A, 0xDD32, 0xD83A, 0xDD33, 0xD83A, 0xDD2E));
					break;
				case 50:
					if (count == -1) return String(CharArray::of(0xD83A, 0xDD10, 0xD83A, 0xDD18, 0xD83A, 0xDD35, 0xD83A, 0xDD24, 0xD83A, 0xDD3C, 0xD83A, 0xDD35, 0xD83A, 0xDD2A, 0xD83A, 0xDD35, 0xD83A, 0xDD25, 0xD83A, 0xDD35, 0x20, 0xD83A, 0xDD04, 0xD83A, 0xDD35, 0xD83A, 0xDD3C, 0xD83A, 0xDD22, 0xD83A, 0xDD32, 0xD83A, 0xDD2D, 0xD83A, 0xDD32, 0xD83A, 0xDD33, 0xD83A, 0xDD2E));
					if (count == 1) return String(CharArray::of(0xD83A, 0xDD32, 0xD83A, 0xDD3A, 0xD83A, 0xDD35, 0xD83A, 0xDD24, 0xD83A, 0xDD3C, 0xD83A, 0xDD35, 0xD83A, 0xDD2A, 0xD83A, 0xDD35, 0xD83A, 0xDD25, 0xD83A, 0xDD35, 0x20, 0xD83A, 0xDD04, 0xD83A, 0xDD35, 0xD83A, 0xDD3C, 0xD83A, 0xDD22, 0xD83A, 0xDD32, 0xD83A, 0xDD2D, 0xD83A, 0xDD32, 0xD83A, 0xDD33, 0xD83A, 0xDD2E));
					if (count != 1) return String(CharArray::of(0xD83A, 0xDD10, 0xD83A, 0xDD18, 0xD83A, 0xDD35, 0xD83A, 0xDD24, 0xD83A, 0xDD3C, 0xD83A, 0xDD35, 0xD83A, 0xDD2A, 0xD83A, 0xDD35, 0xD83A, 0xDD25, 0xD83A, 0xDD36, 0xD83A, 0xDD2D, 0x20, 0xD83A, 0xDD04, 0xD83A, 0xDD35, 0xD83A, 0xDD3C, 0xD83A, 0xDD22, 0xD83A, 0xDD32, 0xD83A, 0xDD2D, 0xD83A, 0xDD32, 0xD83A, 0xDD33, 0xD83A, 0xDD2E));
					break;
				case 52:
					if (count == -1) return String(CharArray::of(0xD83A, 0xDD06, 0xD83A, 0xDD35, 0xD83A, 0xDD24, 0xD83A, 0xDD22, 0x20, 0xD83A, 0xDD04, 0xD83A, 0xDD2E, 0xD83A, 0xDD3C, 0xD83A, 0xDD35, 0xD83A, 0xDD27, 0xD83A, 0xDD31, 0xD83A, 0xDD22, 0xD83A, 0xDD32, 0xD83A, 0xDD22, 0xD83A, 0xDD32, 0xD83A, 0xDD33, 0xD83A, 0xDD2E));
					if (count == 1) return String(CharArray::of(0xD83A, 0xDD28, 0xD83A, 0xDD35, 0xD83A, 0xDD24, 0xD83A, 0xDD22, 0x20, 0xD83A, 0xDD04, 0xD83A, 0xDD2E, 0xD83A, 0xDD3C, 0xD83A, 0xDD35, 0xD83A, 0xDD27, 0xD83A, 0xDD31, 0xD83A, 0xDD22, 0xD83A, 0xDD32, 0xD83A, 0xDD22, 0xD83A, 0xDD32, 0xD83A, 0xDD33, 0xD83A, 0xDD2E));
					if (count != 1) return String(CharArray::of(0xD83A, 0xDD28, 0xD83A, 0xDD35, 0xD83A, 0xDD24, 0xD83A, 0xDD22, 0xD83A, 0xDD44, 0xD83A, 0xDD36, 0xD83A, 0xDD2D, 0x20, 0xD83A, 0xDD04, 0xD83A, 0xDD2E, 0xD83A, 0xDD3C, 0xD83A, 0xDD35, 0xD83A, 0xDD27, 0xD83A, 0xDD31, 0xD83A, 0xDD22, 0xD83A, 0xDD32, 0xD83A, 0xDD22, 0xD83A, 0xDD32, 0xD83A, 0xDD33, 0xD83A, 0xDD2E));
					break;
				case 54:
					if (count == -1) return String(CharArray::of(0xD83A, 0xDD08, 0xD83A, 0xDD35, 0xD83A, 0xDD45, 0xD83A, 0xDD26, 0xD83A, 0xDD2E, 0xD83A, 0xDD24, 0x20, 0xD83A, 0xDD04, 0xD83A, 0xDD2B, 0xD83A, 0xDD24, 0xD83A, 0xDD22, 0xD83A, 0xDD2A, 0xD83A, 0xDD2D, 0xD83A, 0xDD45, 0xD83A, 0xDD27, 0xD83A, 0xDD2D, 0xD83A, 0xDD34, 0xD83A, 0xDD22, 0xD83A, 0xDD32, 0xD83A, 0xDD33, 0xD83A, 0xDD2E));
					if (count == 1) return String(CharArray::of(0xD83A, 0xDD08, 0xD83A, 0xDD35, 0xD83A, 0xDD45, 0xD83A, 0xDD26, 0xD83A, 0xDD2E, 0xD83A, 0xDD24, 0x20, 0xD83A, 0xDD04, 0xD83A, 0xDD2B, 0xD83A, 0xDD24, 0xD83A, 0xDD22, 0xD83A, 0xDD2A, 0xD83A, 0xDD2D, 0xD83A, 0xDD45, 0xD83A, 0xDD27, 0xD83A, 0xDD2D, 0xD83A, 0xDD34, 0xD83A, 0xDD22, 0xD83A, 0xDD32, 0xD83A, 0xDD33, 0xD83A, 0xDD2E));
					if (count != 1) return String(CharArray::of(0xD83A, 0xDD08, 0xD83A, 0xDD35, 0xD83A, 0xDD45, 0xD83A, 0xDD26, 0xD83A, 0xDD2E, 0xD83A, 0xDD24, 0xD83A, 0xDD36, 0xD83A, 0xDD2D, 0x20, 0xD83A, 0xDD04, 0xD83A, 0xDD2B, 0xD83A, 0xDD24, 0xD83A, 0xDD22, 0xD83A, 0xDD2A, 0xD83A, 0xDD2D, 0xD83A, 0xDD45, 0xD83A, 0xDD27, 0xD83A, 0xDD2D, 0xD83A, 0xDD34, 0xD83A, 0xDD22, 0xD83A, 0xDD32, 0xD83A, 0xDD33, 0xD83A, 0xDD2E));
					break;
				case 56:
					if (count == -1) return String(CharArray::of(0xD83A, 0xDD01, 0xD83A, 0xDD22, 0xD83A, 0xDD24, 0xD83A, 0xDD22, 0x20, 0xD83A, 0xDD04, 0xD83A, 0xDD2B, 0xD83A, 0xDD24, 0xD83A, 0xDD2D, 0xD83A, 0xDD45, 0xD83A, 0xDD27, 0xD83A, 0xDD34, 0xD83A, 0xDD22, 0xD83A, 0xDD32, 0xD83A, 0xDD33, 0xD83A, 0xDD2E));
					if (count == 1) return String(CharArray::of(0xD83A, 0xDD01, 0xD83A, 0xDD22, 0xD83A, 0xDD24, 0xD83A, 0xDD22, 0x20, 0xD83A, 0xDD26, 0xD83A, 0xDD2B, 0xD83A, 0xDD24, 0xD83A, 0xDD2D, 0xD83A, 0xDD45, 0xD83A, 0xDD27, 0xD83A, 0xDD34, 0xD83A, 0xDD22, 0xD83A, 0xDD32, 0xD83A, 0xDD33, 0xD83A, 0xDD2E));
					if (count != 1) return String(CharArray::of(0xD83A, 0xDD01, 0xD83A, 0xDD22, 0xD83A, 0xDD24, 0xD83A, 0xDD22, 0xD83A, 0xDD44, 0xD83A, 0xDD36, 0xD83A, 0xDD2D, 0x20, 0xD83A, 0xDD26, 0xD83A, 0xDD2B, 0xD83A, 0xDD24, 0xD83A, 0xDD2D, 0xD83A, 0xDD45, 0xD83A, 0xDD27, 0xD83A, 0xDD34, 0xD83A, 0xDD22, 0xD83A, 0xDD32, 0xD83A, 0xDD33, 0xD83A, 0xDD2E));
					break;
				case 57:
					if (count == -1) return String(CharArray::of(0xD83A, 0xDD01, 0xD83A, 0xDD22, 0xD83A, 0xDD24, 0xD83A, 0xDD22, 0x20, 0xD83A, 0xDD11, 0xD83A, 0xDD22, 0xD83A, 0xDD32, 0xD83A, 0xDD22, 0xD83A, 0xDD23, 0xD83A, 0xDD2D, 0xD83A, 0xDD34, 0xD83A, 0xDD22, 0xD83A, 0xDD32, 0xD83A, 0xDD33, 0xD83A, 0xDD2E));
					if (count == 1) return String(CharArray::of(0xD83A, 0xDD01, 0xD83A, 0xDD22, 0xD83A, 0xDD24, 0xD83A, 0xDD22, 0x20, 0xD83A, 0xDD33, 0xD83A, 0xDD22, 0xD83A, 0xDD32, 0xD83A, 0xDD22, 0xD83A, 0xDD23, 0xD83A, 0xDD2D, 0xD83A, 0xDD34, 0xD83A, 0xDD22, 0xD83A, 0xDD32, 0xD83A, 0xDD33, 0xD83A, 0xDD2E));
					if (count != 1) return String(CharArray::of(0xD83A, 0xDD01, 0xD83A, 0xDD22, 0xD83A, 0xDD24, 0xD83A, 0xDD22, 0xD83A, 0xDD44, 0xD83A, 0xDD36, 0xD83A, 0xDD2D, 0x20, 0xD83A, 0xDD33, 0xD83A, 0xDD22, 0xD83A, 0xDD32, 0xD83A, 0xDD22, 0xD83A, 0xDD23, 0xD83A, 0xDD2D, 0xD83A, 0xDD34, 0xD83A, 0xDD22, 0xD83A, 0xDD32, 0xD83A, 0xDD33, 0xD83A, 0xDD2E));
					break;
				case 58:
					if (count == -1) return String(CharArray::of(0xD83A, 0xDD0A, 0xD83A, 0xDD22, 0xD83A, 0xDD2A, 0xD83A, 0xDD22, 0xD83A, 0xDD32, 0x20, 0xD83A, 0xDD11, 0xD83A, 0xDD2E, 0xD83A, 0xDD32, 0xD83A, 0xDD3A, 0xD83A, 0xDD2E, 0xD83A, 0xDD32, 0xD83A, 0xDD33, 0xD83A, 0xDD2E));
					if (count == 1) return String(CharArray::of(0xD83A, 0xDD2C, 0xD83A, 0xDD22, 0xD83A, 0xDD2A, 0xD83A, 0xDD22, 0xD83A, 0xDD32, 0x20, 0xD83A, 0xDD11, 0xD83A, 0xDD2E, 0xD83A, 0xDD32, 0xD83A, 0xDD3A, 0xD83A, 0xDD2E, 0xD83A, 0xDD32, 0xD83A, 0xDD33, 0xD83A, 0xDD2E));
					if (count != 1) return String(CharArray::of(0xD83A, 0xDD2C, 0xD83A, 0xDD22, 0xD83A, 0xDD2A, 0xD83A, 0xDD22, 0xD83A, 0xDD32, 0xD83A, 0xDD36, 0xD83A, 0xDD2D, 0x20, 0xD83A, 0xDD11, 0xD83A, 0xDD2E, 0xD83A, 0xDD32, 0xD83A, 0xDD3A, 0xD83A, 0xDD2E, 0xD83A, 0xDD32, 0xD83A, 0xDD33, 0xD83A, 0xDD2E));
					break;
				case 60:
					if (count == -1) return String(CharArray::of(0xD83A, 0xDD0A, 0xD83A, 0xDD22, 0xD83A, 0xDD2A, 0xD83A, 0xDD22, 0xD83A, 0xDD32, 0x20, 0xD83A, 0xDD05, 0xD83A, 0xDD35, 0xD83A, 0xDD31, 0xD83A, 0xDD2D, 0xD83A, 0xDD45, 0xD83A, 0xDD27));
					if (count == 1) return String(CharArray::of(0xD83A, 0xDD0A, 0xD83A, 0xDD22, 0xD83A, 0xDD2A, 0xD83A, 0xDD22, 0xD83A, 0xDD32, 0x20, 0xD83A, 0xDD05, 0xD83A, 0xDD35, 0xD83A, 0xDD31, 0xD83A, 0xDD2D, 0xD83A, 0xDD45, 0xD83A, 0xDD27));
					if (count != 1) return String(CharArray::of(0xD83A, 0xDD0A, 0xD83A, 0xDD22, 0xD83A, 0xDD2A, 0xD83A, 0xDD22, 0xD83A, 0xDD32, 0xD83A, 0xDD36, 0xD83A, 0xDD2D, 0x20, 0xD83A, 0xDD05, 0xD83A, 0xDD35, 0xD83A, 0xDD31, 0xD83A, 0xDD2D, 0xD83A, 0xDD45, 0xD83A, 0xDD27));
					break;
				case 62:
					if (count == -1) return String(CharArray::of(0xD83A, 0xDD09, 0xD83A, 0xDD27, 0xD83A, 0xDD33, 0xD83A, 0xDD35, 0xD83A, 0xDD23, 0xD83A, 0xDD2E, 0xD83A, 0xDD45, 0x20, 0xD83A, 0xDD15, 0xD83A, 0xDD2D, 0xD83A, 0xDD24, 0xD83A, 0xDD2B, 0xD83A, 0xDD4A, 0xD83A, 0xDD34, 0xD83A, 0xDD22, 0xD83A, 0xDD32, 0xD83A, 0xDD33, 0xD83A, 0xDD2E));
					if (count == 1) return String(CharArray::of(0xD83A, 0xDD09, 0xD83A, 0xDD27, 0xD83A, 0xDD33, 0xD83A, 0xDD35, 0xD83A, 0xDD23, 0xD83A, 0xDD2E, 0xD83A, 0xDD45, 0x20, 0xD83A, 0xDD37, 0xD83A, 0xDD2D, 0xD83A, 0xDD24, 0xD83A, 0xDD2B, 0xD83A, 0xDD4A, 0xD83A, 0xDD34, 0xD83A, 0xDD22, 0xD83A, 0xDD32, 0xD83A, 0xDD33, 0xD83A, 0xDD2E));
					if (count != 1) return String(CharArray::of(0xD83A, 0xDD09, 0xD83A, 0xDD27, 0xD83A, 0xDD33, 0xD83A, 0xDD35, 0xD83A, 0xDD23, 0xD83A, 0xDD2E, 0xD83A, 0xDD45, 0xD83A, 0xDD36, 0xD83A, 0xDD2D, 0x20, 0xD83A, 0xDD37, 0xD83A, 0xDD2D, 0xD83A, 0xDD24, 0xD83A, 0xDD2B, 0xD83A, 0xDD4A, 0xD83A, 0xDD34, 0xD83A, 0xDD22, 0xD83A, 0xDD32, 0xD83A, 0xDD33, 0xD83A, 0xDD2E));
					break;
				case 63:
					if (count == -1) return String(CharArray::of(0xD83A, 0xDD05, 0xD83A, 0xDD22, 0xD83A, 0xDD24, 0xD83A, 0xDD32, 0xD83A, 0xDD23, 0xD83A, 0xDD35, 0x20, 0xD83A, 0xDD02, 0xD83A, 0xDD2D, 0xD83A, 0xDD25, 0xD83A, 0xDD2E, 0xD83A, 0xDD45, 0xD83A, 0xDD2A, 0xD83A, 0xDD2B, 0x20, 0xD83A, 0xDD15, 0xD83A, 0xDD2D, 0xD83A, 0xDD24, 0xD83A, 0xDD2B, 0xD83A, 0xDD4A, 0xD83A, 0xDD34, 0xD83A, 0xDD22, 0xD83A, 0xDD32, 0xD83A, 0xDD33, 0xD83A, 0xDD2E));
					if (count == 1) return String(CharArray::of(0xD83A, 0xDD05, 0xD83A, 0xDD22, 0xD83A, 0xDD24, 0xD83A, 0xDD32, 0xD83A, 0xDD23, 0xD83A, 0xDD35, 0x20, 0xD83A, 0xDD24, 0xD83A, 0xDD2D, 0xD83A, 0xDD25, 0xD83A, 0xDD2E, 0xD83A, 0xDD45, 0xD83A, 0xDD2A, 0xD83A, 0xDD2B, 0x20, 0xD83A, 0xDD37, 0xD83A, 0xDD2D, 0xD83A, 0xDD24, 0xD83A, 0xDD2B, 0xD83A, 0xDD4A, 0xD83A, 0xDD34, 0xD83A, 0xDD22, 0xD83A, 0xDD32, 0xD83A, 0xDD33, 0xD83A, 0xDD2E));
					if (count != 1) return String(CharArray::of(0xD83A, 0xDD15, 0xD83A, 0xDD22, 0xD83A, 0xDD24, 0xD83A, 0xDD2F, 0xD83A, 0xDD2D, 0x20, 0xD83A, 0xDD24, 0xD83A, 0xDD2D, 0xD83A, 0xDD25, 0xD83A, 0xDD2E, 0xD83A, 0xDD45, 0xD83A, 0xDD2A, 0xD83A, 0xDD2B, 0x20, 0xD83A, 0xDD37, 0xD83A, 0xDD2D, 0xD83A, 0xDD24, 0xD83A, 0xDD2B, 0xD83A, 0xDD4A, 0xD83A, 0xDD34, 0xD83A, 0xDD22, 0xD83A, 0xDD32, 0xD83A, 0xDD33, 0xD83A, 0xDD2E));
					break;
				case 64:
					if (count == -1) return String(CharArray::of(0xD83A, 0xDD06, 0xD83A, 0xDD2B, 0xD83A, 0xDD45, 0xD83A, 0xDD27, 0xD83A, 0xDD2E, 0xD83A, 0xDD45, 0x20, 0xD83A, 0xDD15, 0xD83A, 0xDD2D, 0xD83A, 0xDD24, 0xD83A, 0xDD2B, 0xD83A, 0xDD4A, 0xD83A, 0xDD34, 0xD83A, 0xDD22, 0xD83A, 0xDD32, 0xD83A, 0xDD33, 0xD83A, 0xDD2E));
					if (count == 1) return String(CharArray::of(0xD83A, 0xDD06, 0xD83A, 0xDD2B, 0xD83A, 0xDD45, 0xD83A, 0xDD27, 0xD83A, 0xDD2E, 0xD83A, 0xDD45, 0x20, 0xD83A, 0xDD37, 0xD83A, 0xDD2D, 0xD83A, 0xDD24, 0xD83A, 0xDD2B, 0xD83A, 0xDD4A, 0xD83A, 0xDD34, 0xD83A, 0xDD22, 0xD83A, 0xDD32, 0xD83A, 0xDD33, 0xD83A, 0xDD2E));
					if (count != 1) return String(CharArray::of(0xD83A, 0xDD06, 0xD83A, 0xDD2B, 0xD83A, 0xDD45, 0xD83A, 0xDD27, 0xD83A, 0xDD2E, 0xD83A, 0xDD45, 0xD83A, 0xDD36, 0xD83A, 0xDD2D, 0x20, 0xD83A, 0xDD37, 0xD83A, 0xDD2D, 0xD83A, 0xDD24, 0xD83A, 0xDD2B, 0xD83A, 0xDD4A, 0xD83A, 0xDD34, 0xD83A, 0xDD22, 0xD83A, 0xDD32, 0xD83A, 0xDD33, 0xD83A, 0xDD2E));
					break;
				case 65:
					if (count == -1) return String(CharArray::of(0xD83A, 0xDD12, 0xD83A, 0xDD35, 0xD83A, 0xDD31, 0xD83A, 0xDD22, 0xD83A, 0xDD32, 0x20, 0xD83A, 0xDD15, 0xD83A, 0xDD22, 0xD83A, 0xDD34, 0xD83A, 0xDD32, 0xD83A, 0xDD2D, 0xD83A, 0xDD32, 0xD83A, 0xDD33, 0xD83A, 0xDD2E, 0x20, 0x28, 0xD83A, 0xDD3A, 0xD83A, 0xDD22, 0xD83A, 0xDD44, 0xD83A, 0xDD32, 0xD83A, 0xDD2D, 0xD83A, 0xDD32, 0xD83A, 0xDD33, 0xD83A, 0xDD2E, 0x29));
					if (count == 1) return String(CharArray::of(0xD83A, 0xDD34, 0xD83A, 0xDD35, 0xD83A, 0xDD31, 0xD83A, 0xDD22, 0xD83A, 0xDD32, 0x20, 0xD83A, 0xDD15, 0xD83A, 0xDD22, 0xD83A, 0xDD34, 0xD83A, 0xDD32, 0xD83A, 0xDD2D, 0xD83A, 0xDD32, 0xD83A, 0xDD33, 0xD83A, 0xDD2E, 0x20, 0x28, 0xD83A, 0xDD3A, 0xD83A, 0xDD22, 0xD83A, 0xDD44, 0xD83A, 0xDD32, 0xD83A, 0xDD2D, 0xD83A, 0xDD32, 0xD83A, 0xDD33, 0xD83A, 0xDD2E, 0x29));
					if (count != 1) return String(CharArray::of(0xD83A, 0xDD34, 0xD83A, 0xDD35, 0xD83A, 0xDD31, 0xD83A, 0xDD22, 0xD83A, 0xDD32, 0xD83A, 0xDD36, 0xD83A, 0xDD2D, 0x20, 0xD83A, 0xDD15, 0xD83A, 0xDD22, 0xD83A, 0xDD34, 0xD83A, 0xDD32, 0xD83A, 0xDD2D, 0xD83A, 0xDD32, 0xD83A, 0xDD33, 0xD83A, 0xDD2E, 0x20, 0x28, 0xD83A, 0xDD3A, 0xD83A, 0xDD22, 0xD83A, 0xDD44, 0xD83A, 0xDD32, 0xD83A, 0xDD2D, 0xD83A, 0xDD32, 0xD83A, 0xDD33, 0xD83A, 0xDD2E, 0x29));
					break;
				case 67:
					if (count == -1) return String(CharArray::of(0xD83A, 0xDD12, 0xD83A, 0xDD35, 0xD83A, 0xDD31, 0xD83A, 0xDD22, 0xD83A, 0xDD44, 0xD83A, 0xDD32, 0x20, 0xD83A, 0xDD15, 0xD83A, 0xDD22, 0xD83A, 0xDD34, 0xD83A, 0xDD32, 0xD83A, 0xDD2D, 0xD83A, 0xDD32, 0xD83A, 0xDD33, 0xD83A, 0xDD2E));
					if (count == 1) return String(CharArray::of(0xD83A, 0xDD34, 0xD83A, 0xDD35, 0xD83A, 0xDD31, 0xD83A, 0xDD22, 0xD83A, 0xDD32, 0x20, 0xD83A, 0xDD15, 0xD83A, 0xDD22, 0xD83A, 0xDD34, 0xD83A, 0xDD32, 0xD83A, 0xDD2D, 0xD83A, 0xDD32, 0xD83A, 0xDD33, 0xD83A, 0xDD2E));
					if (count != 1) return String(CharArray::of(0xD83A, 0xDD34, 0xD83A, 0xDD35, 0xD83A, 0xDD31, 0xD83A, 0xDD22, 0xD83A, 0xDD32, 0xD83A, 0xDD36, 0xD83A, 0xDD2D, 0x20, 0xD83A, 0xDD15, 0xD83A, 0xDD22, 0xD83A, 0xDD34, 0xD83A, 0xDD32, 0xD83A, 0xDD2D, 0xD83A, 0xDD32, 0xD83A, 0xDD33, 0xD83A, 0xDD2E));
					break;
				case 68:
					if (count == -1) return String(CharArray::of(0xD83A, 0xDD06, 0xD83A, 0xDD2B, 0xD83A, 0xDD45, 0xD83A, 0xDD27, 0xD83A, 0xDD2E, 0xD83A, 0xDD45, 0x20, 0xD83A, 0xDD11, 0xD83A, 0xDD2E, 0xD83A, 0xDD24, 0xD83A, 0xDD2E, 0xD83A, 0xDD25, 0xD83A, 0xDD26, 0xD83A, 0xDD2D, 0xD83A, 0xDD34, 0xD83A, 0xDD22, 0xD83A, 0xDD32, 0xD83A, 0xDD33, 0xD83A, 0xDD2E));
					if (count == 1) return String(CharArray::of(0xD83A, 0xDD06, 0xD83A, 0xDD2B, 0xD83A, 0xDD45, 0xD83A, 0xDD27, 0xD83A, 0xDD2E, 0xD83A, 0xDD45, 0x20, 0xD83A, 0xDD33, 0xD83A, 0xDD2E, 0xD83A, 0xDD24, 0xD83A, 0xDD2E, 0xD83A, 0xDD25, 0xD83A, 0xDD26, 0xD83A, 0xDD2D, 0xD83A, 0xDD34, 0xD83A, 0xDD22, 0xD83A, 0xDD32, 0xD83A, 0xDD33, 0xD83A, 0xDD2E));
					if (count != 1) return String(CharArray::of(0xD83A, 0xDD06, 0xD83A, 0xDD2B, 0xD83A, 0xDD45, 0xD83A, 0xDD27, 0xD83A, 0xDD2E, 0xD83A, 0xDD45, 0xD83A, 0xDD36, 0xD83A, 0xDD2D, 0x20, 0xD83A, 0xDD33, 0xD83A, 0xDD2E, 0xD83A, 0xDD24, 0xD83A, 0xDD2E, 0xD83A, 0xDD25, 0xD83A, 0xDD26, 0xD83A, 0xDD2D, 0xD83A, 0xDD34, 0xD83A, 0xDD22, 0xD83A, 0xDD32, 0xD83A, 0xDD33, 0xD83A, 0xDD2E));
					break;
				case 69:
					if (count == -1) return String(CharArray::of(0xD83A, 0xDD05, 0xD83A, 0xDD22, 0xD83A, 0xDD24, 0xD83A, 0xDD32, 0xD83A, 0xDD23, 0xD83A, 0xDD35, 0x20, 0xD83A, 0xDD14, 0xD83A, 0xDD22, 0xD83A, 0xDD2A, 0xD83A, 0xDD2E, 0x20, 0xD83A, 0xDD33, 0xD83A, 0xDD2E, 0xD83A, 0xDD24, 0xD83A, 0xDD2E, 0xD83A, 0xDD25, 0xD83A, 0xDD26, 0xD83A, 0xDD2D, 0xD83A, 0xDD34, 0xD83A, 0xDD22, 0xD83A, 0xDD32, 0xD83A, 0xDD33, 0xD83A, 0xDD2E));
					if (count == 1) return String(CharArray::of(0xD83A, 0xDD05, 0xD83A, 0xDD22, 0xD83A, 0xDD24, 0xD83A, 0xDD32, 0xD83A, 0xDD23, 0xD83A, 0xDD35, 0x20, 0xD83A, 0xDD36, 0xD83A, 0xDD22, 0xD83A, 0xDD2A, 0xD83A, 0xDD2E, 0x20, 0xD83A, 0xDD33, 0xD83A, 0xDD2E, 0xD83A, 0xDD24, 0xD83A, 0xDD2E, 0xD83A, 0xDD25, 0xD83A, 0xDD26, 0xD83A, 0xDD2D, 0xD83A, 0xDD34, 0xD83A, 0xDD22, 0xD83A, 0xDD32, 0xD83A, 0xDD33, 0xD83A, 0xDD2E));
					if (count != 1) return String(CharArray::of(0xD83A, 0xDD15, 0xD83A, 0xDD22, 0xD83A, 0xDD24, 0xD83A, 0xDD2F, 0xD83A, 0xDD2D, 0x20, 0xD83A, 0xDD36, 0xD83A, 0xDD22, 0xD83A, 0xDD2A, 0xD83A, 0xDD2E, 0x20, 0xD83A, 0xDD33, 0xD83A, 0xDD2E, 0xD83A, 0xDD24, 0xD83A, 0xDD2E, 0xD83A, 0xDD25, 0xD83A, 0xDD26, 0xD83A, 0xDD2D, 0xD83A, 0xDD34, 0xD83A, 0xDD22, 0xD83A, 0xDD32, 0xD83A, 0xDD33, 0xD83A, 0xDD2E));
					break;
				case 70:
					if (count == -1) return String(CharArray::of(0xD83A, 0xDD11, 0xD83A, 0xDD2E, 0xD83A, 0xDD24, 0xD83A, 0xDD2E, 0xD83A, 0xDD45, 0xD83A, 0xDD32, 0x20, 0xD83A, 0xDD11, 0xD83A, 0xDD2E, 0xD83A, 0xDD27, 0xD83A, 0xDD3C, 0xD83A, 0xDD22, 0xD83A, 0xDD2A, 0xD83A, 0xDD2D, 0xD83A, 0xDD34, 0xD83A, 0xDD22, 0xD83A, 0xDD32, 0xD83A, 0xDD33, 0xD83A, 0xDD2E));
					if (count == 1) return String(CharArray::of(0xD83A, 0xDD11, 0xD83A, 0xDD2E, 0xD83A, 0xDD24, 0xD83A, 0xDD2E, 0xD83A, 0xDD45, 0xD83A, 0xDD32, 0x20, 0xD83A, 0xDD33, 0xD83A, 0xDD2E, 0xD83A, 0xDD27, 0xD83A, 0xDD3C, 0xD83A, 0xDD22, 0xD83A, 0xDD2A, 0xD83A, 0xDD2D, 0xD83A, 0xDD34, 0xD83A, 0xDD22, 0xD83A, 0xDD32, 0xD83A, 0xDD33, 0xD83A, 0xDD2E));
					if (count != 1) return String(CharArray::of(0xD83A, 0xDD11, 0xD83A, 0xDD2E, 0xD83A, 0xDD24, 0xD83A, 0xDD2E, 0xD83A, 0xDD45, 0xD83A, 0xDD32, 0xD83A, 0xDD36, 0xD83A, 0xDD2D, 0x20, 0xD83A, 0xDD33, 0xD83A, 0xDD2E, 0xD83A, 0xDD27, 0xD83A, 0xDD3C, 0xD83A, 0xDD22, 0xD83A, 0xDD2A, 0xD83A, 0xDD2D, 0xD83A, 0xDD34, 0xD83A, 0xDD22, 0xD83A, 0xDD32, 0xD83A, 0xDD33, 0xD83A, 0xDD2E));
					break;
				case 73:
					if (count == -1) return String(CharArray::of(0xD83A, 0xDD06, 0xD83A, 0xDD2B, 0xD83A, 0xDD27, 0xD83A, 0xDD2E, 0x20, 0xD83A, 0xDD11, 0xD83A, 0xDD35, 0xD83A, 0xDD26, 0xD83A, 0xDD22, 0xD83A, 0xDD32, 0xD83A, 0xDD33, 0xD83A, 0xDD2E, 0x20, 0xD83A, 0xDD0F, 0xD83A, 0xDD22, 0xD83A, 0xDD34, 0xD83A, 0xDD24, 0xD83A, 0xDD2E, 0xD83A, 0xDD3C, 0xD83A, 0xDD2E, 0xD83A, 0xDD45, 0xD83A, 0xDD32, 0xD83A, 0xDD4B, 0xD83A, 0xDD3A, 0xD83A, 0xDD2E));
					if (count == 1) return String(CharArray::of(0xD83A, 0xDD06, 0xD83A, 0xDD2B, 0xD83A, 0xDD27, 0xD83A, 0xDD2E, 0x20, 0xD83A, 0xDD11, 0xD83A, 0xDD35, 0xD83A, 0xDD26, 0xD83A, 0xDD22, 0xD83A, 0xDD32, 0xD83A, 0xDD33, 0xD83A, 0xDD2E, 0x20, 0xD83A, 0xDD0F, 0xD83A, 0xDD22, 0xD83A, 0xDD34, 0xD83A, 0xDD24, 0xD83A, 0xDD2E, 0xD83A, 0xDD3C, 0xD83A, 0xDD2E, 0xD83A, 0xDD45, 0xD83A, 0xDD32, 0xD83A, 0xDD4B, 0xD83A, 0xDD3A, 0xD83A, 0xDD2E));
					if (count != 1) return String(CharArray::of(0xD83A, 0xDD06, 0xD83A, 0xDD2B, 0xD83A, 0xDD27, 0xD83A, 0xDD2E, 0xD83A, 0xDD45, 0xD83A, 0xDD36, 0xD83A, 0xDD2D, 0x20, 0xD83A, 0xDD11, 0xD83A, 0xDD35, 0xD83A, 0xDD26, 0xD83A, 0xDD22, 0xD83A, 0xDD32, 0xD83A, 0xDD33, 0xD83A, 0xDD2E, 0x20, 0xD83A, 0xDD0F, 0xD83A, 0xDD22, 0xD83A, 0xDD34, 0xD83A, 0xDD24, 0xD83A, 0xDD2E, 0xD83A, 0xDD3C, 0xD83A, 0xDD2E, 0xD83A, 0xDD45, 0xD83A, 0xDD32, 0xD83A, 0xDD4B, 0xD83A, 0xDD3A, 0xD83A, 0xDD2E));
					break;
				case 74:
					if (count == -1) return String(CharArray::of(0xD83A, 0xDD06, 0xD83A, 0xDD2B, 0xD83A, 0xDD45, 0xD83A, 0xDD27, 0xD83A, 0xDD2E, 0xD83A, 0xDD45, 0x20, 0xD83A, 0xDD11, 0xD83A, 0xDD35, 0xD83A, 0xDD26, 0xD83A, 0xDD22, 0xD83A, 0xDD32, 0xD83A, 0xDD33, 0xD83A, 0xDD2E));
					if (count == 1) return String(CharArray::of(0xD83A, 0xDD28, 0xD83A, 0xDD2B, 0xD83A, 0xDD27, 0xD83A, 0xDD2E, 0x20, 0xD83A, 0xDD11, 0xD83A, 0xDD35, 0xD83A, 0xDD26, 0xD83A, 0xDD22, 0xD83A, 0xDD32, 0xD83A, 0xDD33, 0xD83A, 0xDD2E));
					if (count != 1) return String(CharArray::of(0xD83A, 0xDD28, 0xD83A, 0xDD2B, 0xD83A, 0xDD27, 0xD83A, 0xDD2E, 0xD83A, 0xDD45, 0xD83A, 0xDD36, 0xD83A, 0xDD2D, 0x20, 0xD83A, 0xDD11, 0xD83A, 0xDD35, 0xD83A, 0xDD26, 0xD83A, 0xDD22, 0xD83A, 0xDD32, 0xD83A, 0xDD33, 0xD83A, 0xDD2E));
					break;
				case 75:
					if (count == -1) return String(CharArray::of(0xD83A, 0xDD09, 0xD83A, 0xDD27, 0xD83A, 0xDD33, 0xD83A, 0xDD35, 0xD83A, 0xDD23, 0xD83A, 0xDD2E, 0x20, 0xD83A, 0xDD11, 0xD83A, 0xDD22, 0xD83A, 0xDD28, 0x2D, 0xD83A, 0xDD1C, 0xD83A, 0xDD2B, 0xD83A, 0xDD45, 0xD83A, 0xDD2A, 0xD83A, 0xDD23, 0xD83A, 0xDD22, 0xD83A, 0xDD32, 0xD83A, 0xDD33, 0xD83A, 0xDD2E));
					if (count == 1) return String(CharArray::of(0xD83A, 0xDD2B, 0xD83A, 0xDD27, 0xD83A, 0xDD33, 0xD83A, 0xDD35, 0xD83A, 0xDD23, 0xD83A, 0xDD2E, 0x20, 0xD83A, 0xDD11, 0xD83A, 0xDD22, 0xD83A, 0xDD28, 0x2D, 0xD83A, 0xDD1C, 0xD83A, 0xDD2B, 0xD83A, 0xDD45, 0xD83A, 0xDD2A, 0xD83A, 0xDD23, 0xD83A, 0xDD22, 0xD83A, 0xDD32, 0xD83A, 0xDD33, 0xD83A, 0xDD2E));
					if (count != 1) return String(CharArray::of(0xD83A, 0xDD2B, 0xD83A, 0xDD27, 0xD83A, 0xDD33, 0xD83A, 0xDD35, 0xD83A, 0xDD23, 0xD83A, 0xDD2E, 0xD83A, 0xDD45, 0xD83A, 0xDD36, 0xD83A, 0xDD2D, 0x20, 0xD83A, 0xDD11, 0xD83A, 0xDD22, 0xD83A, 0xDD28, 0x2D, 0xD83A, 0xDD1C, 0xD83A, 0xDD2B, 0xD83A, 0xDD45, 0xD83A, 0xDD2A, 0xD83A, 0xDD23, 0xD83A, 0xDD22, 0xD83A, 0xDD32, 0xD83A, 0xDD33, 0xD83A, 0xDD2E));
					break;
				case 77:
					if (count == -1) return String(CharArray::of(0xD83A, 0xDD11, 0xD83A, 0xDD2E, 0xD83A, 0xDD2A, 0xD83A, 0xDD35, 0xD83A, 0xDD32, 0xD83A, 0xDD22, 0x20, 0xD83A, 0xDD15, 0xD83A, 0xDD2B, 0xD83A, 0xDD45, 0xD83A, 0xDD33, 0xD83A, 0xDD2D, 0xD83A, 0xDD32, 0xD83A, 0xDD33, 0xD83A, 0xDD2E));
					if (count == 1) return String(CharArray::of(0xD83A, 0xDD11, 0xD83A, 0xDD2E, 0xD83A, 0xDD2A, 0xD83A, 0xDD35, 0xD83A, 0xDD32, 0xD83A, 0xDD22, 0x20, 0xD83A, 0xDD15, 0xD83A, 0xDD2B, 0xD83A, 0xDD45, 0xD83A, 0xDD33, 0xD83A, 0xDD2D, 0xD83A, 0xDD32, 0xD83A, 0xDD33, 0xD83A, 0xDD2E));
					if (count != 1) return String(CharArray::of(0xD83A, 0xDD11, 0xD83A, 0xDD2E, 0xD83A, 0xDD2A, 0xD83A, 0xDD35, 0xD83A, 0xDD32, 0xD83A, 0xDD22, 0xD83A, 0xDD44, 0xD83A, 0xDD36, 0xD83A, 0xDD2D, 0x20, 0xD83A, 0xDD15, 0xD83A, 0xDD2B, 0xD83A, 0xDD45, 0xD83A, 0xDD33, 0xD83A, 0xDD2D, 0xD83A, 0xDD32, 0xD83A, 0xDD33, 0xD83A, 0xDD2E));
					break;
				case 80:
					if (count == -1) return String(CharArray::of(0xD83A, 0xDD0A, 0xD83A, 0xDD22, 0xD83A, 0xDD2A, 0xD83A, 0xDD22, 0xD83A, 0xDD32, 0x20, 0xD83A, 0xDD14, 0xD83A, 0xDD2D, 0xD83A, 0xDD26, 0xD83A, 0xDD35, 0xD83A, 0xDD3C, 0xD83A, 0xDD2D, 0xD83A, 0xDD32, 0xD83A, 0xDD33, 0xD83A, 0xDD2E));
					if (count == 1) return String(CharArray::of(0xD83A, 0xDD2C, 0xD83A, 0xDD22, 0xD83A, 0xDD2A, 0xD83A, 0xDD22, 0xD83A, 0xDD32, 0x20, 0xD83A, 0xDD14, 0xD83A, 0xDD2D, 0xD83A, 0xDD26, 0xD83A, 0xDD35, 0xD83A, 0xDD3C, 0xD83A, 0xDD2D, 0xD83A, 0xDD32, 0xD83A, 0xDD33, 0xD83A, 0xDD2E));
					if (count != 1) return String(CharArray::of(0xD83A, 0xDD2C, 0xD83A, 0xDD22, 0xD83A, 0xDD2A, 0xD83A, 0xDD22, 0xD83A, 0xDD32, 0xD83A, 0xDD36, 0xD83A, 0xDD2D, 0x20, 0xD83A, 0xDD14, 0xD83A, 0xDD2D, 0xD83A, 0xDD26, 0xD83A, 0xDD35, 0xD83A, 0xDD3C, 0xD83A, 0xDD2D, 0xD83A, 0xDD32, 0xD83A, 0xDD33, 0xD83A, 0xDD2E));
					break;
				case 81:
					if (count == -1) return String(CharArray::of(0xD83A, 0xDD11, 0xD83A, 0xDD2E, 0xD83A, 0xDD2A, 0xD83A, 0xDD32, 0xD83A, 0xDD2B, 0x20, 0xD83A, 0xDD01, 0xD83A, 0xDD22, 0xD83A, 0xDD32, 0xD83A, 0xDD2D, 0xD83A, 0xDD45, 0xD83A, 0xDD27, 0xD83A, 0xDD2D, 0xD83A, 0xDD32, 0xD83A, 0xDD33, 0xD83A, 0xDD2E));
					if (count == 1) return String(CharArray::of(0xD83A, 0xDD11, 0xD83A, 0xDD2E, 0xD83A, 0xDD2A, 0xD83A, 0xDD32, 0xD83A, 0xDD2B, 0x20, 0xD83A, 0xDD01, 0xD83A, 0xDD22, 0xD83A, 0xDD32, 0xD83A, 0xDD2D, 0xD83A, 0xDD45, 0xD83A, 0xDD27, 0xD83A, 0xDD2D, 0xD83A, 0xDD32, 0xD83A, 0xDD33, 0xD83A, 0xDD2E));
					if (count != 1) return String(CharArray::of(0xD83A, 0xDD11, 0xD83A, 0xDD2E, 0xD83A, 0xDD2A, 0xD83A, 0xDD32, 0xD83A, 0xDD2B, 0xD83A, 0xDD45, 0xD83A, 0xDD36, 0xD83A, 0xDD2D, 0x20, 0xD83A, 0xDD01, 0xD83A, 0xDD22, 0xD83A, 0xDD32, 0xD83A, 0xDD2D, 0xD83A, 0xDD45, 0xD83A, 0xDD27));
					break;
				case 82:
					if (count == -1) return String(CharArray::of(0xD83A, 0xDD06, 0xD83A, 0xDD2B, 0xD83A, 0xDD27, 0xD83A, 0xDD2E, 0x20, 0xD83A, 0xDD01, 0xD83A, 0xDD2E, 0xD83A, 0xDD25, 0xD83A, 0xDD2D, 0xD83A, 0xDD32, 0xD83A, 0xDD2D, 0xD83A, 0xDD34, 0xD83A, 0xDD22, 0xD83A, 0xDD32, 0xD83A, 0xDD33, 0xD83A, 0xDD2E));
					if (count == 1) return String(CharArray::of(0xD83A, 0xDD06, 0xD83A, 0xDD2B, 0xD83A, 0xDD27, 0xD83A, 0xDD2E, 0x20, 0xD83A, 0xDD01, 0xD83A, 0xDD2E, 0xD83A, 0xDD25, 0xD83A, 0xDD2D, 0xD83A, 0xDD32, 0xD83A, 0xDD2D, 0xD83A, 0xDD34, 0xD83A, 0xDD22, 0xD83A, 0xDD32, 0xD83A, 0xDD33, 0xD83A, 0xDD2E));
					if (count != 1) return String(CharArray::of(0xD83A, 0xDD06, 0xD83A, 0xDD2B, 0xD83A, 0xDD27, 0xD83A, 0xDD2E, 0xD83A, 0xDD45, 0xD83A, 0xDD36, 0xD83A, 0xDD2D, 0x20, 0xD83A, 0xDD01, 0xD83A, 0xDD2E, 0xD83A, 0xDD25, 0xD83A, 0xDD2D, 0xD83A, 0xDD32, 0xD83A, 0xDD2D, 0xD83A, 0xDD34, 0xD83A, 0xDD22, 0xD83A, 0xDD32, 0xD83A, 0xDD33, 0xD83A, 0xDD2E));
					break;
				case 83:
					if (count == -1) return String(CharArray::of(0xD83A, 0xDD01, 0xD83A, 0xDD2D, 0xD83A, 0xDD32, 0xD83A, 0xDD22, 0xD83A, 0xDD44, 0xD83A, 0xDD2A, 0x20, 0xD83A, 0xDD00, 0xD83A, 0xDD24, 0xD83A, 0xDD36, 0xD83A, 0xDD22, 0xD83A, 0xDD2A, 0xD83A, 0xDD2D, 0xD83A, 0xDD32, 0xD83A, 0xDD33, 0xD83A, 0xDD2E));
					if (count == 1) return String(CharArray::of(0xD83A, 0xDD23, 0xD83A, 0xDD2D, 0xD83A, 0xDD32, 0xD83A, 0xDD22, 0xD83A, 0xDD44, 0xD83A, 0xDD2A, 0x20, 0xD83A, 0xDD00, 0xD83A, 0xDD24, 0xD83A, 0xDD36, 0xD83A, 0xDD22, 0xD83A, 0xDD2A, 0xD83A, 0xDD2D, 0xD83A, 0xDD32, 0xD83A, 0xDD33, 0xD83A, 0xDD2E));
					if (count != 1) return String(CharArray::of(0xD83A, 0xDD23, 0xD83A, 0xDD2D, 0xD83A, 0xDD32, 0xD83A, 0xDD22, 0xD83A, 0xDD44, 0xD83A, 0xDD2A, 0xD83A, 0xDD36, 0xD83A, 0xDD2D, 0x20, 0xD83A, 0xDD00, 0xD83A, 0xDD24, 0xD83A, 0xDD36, 0xD83A, 0xDD22, 0xD83A, 0xDD2A, 0xD83A, 0xDD2D, 0xD83A, 0xDD32, 0xD83A, 0xDD33, 0xD83A, 0xDD2E));
					break;
				case 84:
					if (count == -1) return String(CharArray::of(0xD83A, 0xDD05, 0xD83A, 0xDD35, 0xD83A, 0xDD45, 0xD83A, 0xDD33, 0xD83A, 0xDD35, 0xD83A, 0xDD2A, 0xD83A, 0xDD2B, 0xD83A, 0xDD4A, 0xD83A, 0xDD45, 0x20, 0xD83A, 0xDD09, 0xD83A, 0xDD33, 0xD83A, 0xDD35, 0xD83A, 0xDD31, 0xD83A, 0xDD22, 0xD83A, 0xDD23, 0xD83A, 0xDD2E, 0xD83A, 0xDD45, 0xD83A, 0xDD2A, 0xD83A, 0xDD34, 0xD83A, 0xDD22, 0xD83A, 0xDD32, 0xD83A, 0xDD33, 0xD83A, 0xDD2E));
					if (count == 1) return String(CharArray::of(0xD83A, 0xDD05, 0xD83A, 0xDD35, 0xD83A, 0xDD45, 0xD83A, 0xDD33, 0xD83A, 0xDD35, 0xD83A, 0xDD2A, 0xD83A, 0xDD2B, 0xD83A, 0xDD4A, 0xD83A, 0xDD45, 0x20, 0xD83A, 0xDD2B, 0xD83A, 0xDD33, 0xD83A, 0xDD35, 0xD83A, 0xDD31, 0xD83A, 0xDD22, 0xD83A, 0xDD23, 0xD83A, 0xDD2E, 0xD83A, 0xDD45, 0xD83A, 0xDD2A, 0xD83A, 0xDD34, 0xD83A, 0xDD22, 0xD83A, 0xDD32, 0xD83A, 0xDD33, 0xD83A, 0xDD2E));
					if (count != 1) return String(CharArray::of(0xD83A, 0xDD05, 0xD83A, 0xDD35, 0xD83A, 0xDD45, 0xD83A, 0xDD33, 0xD83A, 0xDD35, 0xD83A, 0xDD2A, 0xD83A, 0xDD2B, 0xD83A, 0xDD4A, 0xD83A, 0xDD45, 0xD83A, 0xDD36, 0xD83A, 0xDD2D, 0x20, 0xD83A, 0xDD2B, 0xD83A, 0xDD33, 0xD83A, 0xDD35, 0xD83A, 0xDD31, 0xD83A, 0xDD22, 0xD83A, 0xDD23, 0xD83A, 0xDD2E, 0xD83A, 0xDD45, 0xD83A, 0xDD2A, 0xD83A, 0xDD34, 0xD83A, 0xDD22, 0xD83A, 0xDD32, 0xD83A, 0xDD33, 0xD83A, 0xDD2E));
					break;
				case 85:
					if (count == -1) return String(CharArray::of(0xD83A, 0xDD05, 0xD83A, 0xDD22, 0xD83A, 0xDD24, 0xD83A, 0xDD32, 0xD83A, 0xDD23, 0xD83A, 0xDD35, 0x20, 0xD83A, 0xDD14, 0xD83A, 0xDD2E, 0xD83A, 0xDD2A, 0xD83A, 0xDD2E, 0x20, 0xD83A, 0xDD09, 0xD83A, 0xDD33, 0xD83A, 0xDD35, 0xD83A, 0xDD31, 0xD83A, 0xDD22, 0xD83A, 0xDD23, 0xD83A, 0xDD2E, 0xD83A, 0xDD45, 0xD83A, 0xDD2A, 0xD83A, 0xDD34, 0xD83A, 0xDD22, 0xD83A, 0xDD32, 0xD83A, 0xDD33, 0xD83A, 0xDD2E, 0x20, 0xD83A, 0xDD1A, 0xD83A, 0xDD22, 0xD83A, 0xDD26, 0xD83A, 0xDD2D, 0xD83A, 0xDD3C, 0xD83A, 0xDD35, 0xD83A, 0xDD32, 0xD83A, 0xDD4B, 0xD83A, 0xDD3A, 0xD83A, 0xDD2E));
					if (count == 1) return String(CharArray::of(0xD83A, 0xDD05, 0xD83A, 0xDD22, 0xD83A, 0xDD24, 0xD83A, 0xDD32, 0xD83A, 0xDD23, 0xD83A, 0xDD35, 0x20, 0xD83A, 0xDD36, 0xD83A, 0xDD2E, 0xD83A, 0xDD2A, 0xD83A, 0xDD2E, 0x20, 0xD83A, 0xDD2B, 0xD83A, 0xDD33, 0xD83A, 0xDD35, 0xD83A, 0xDD31, 0xD83A, 0xDD22, 0xD83A, 0xDD23, 0xD83A, 0xDD2E, 0xD83A, 0xDD45, 0xD83A, 0xDD2A, 0xD83A, 0xDD34, 0xD83A, 0xDD22, 0xD83A, 0xDD32, 0xD83A, 0xDD33, 0xD83A, 0xDD2E, 0x20, 0xD83A, 0xDD3C, 0xD83A, 0xDD22, 0xD83A, 0xDD26, 0xD83A, 0xDD2D, 0xD83A, 0xDD3C, 0xD83A, 0xDD35, 0xD83A, 0xDD32, 0xD83A, 0xDD4B, 0xD83A, 0xDD3A, 0xD83A, 0xDD2E));
					if (count != 1) return String(CharArray::of(0xD83A, 0xDD15, 0xD83A, 0xDD22, 0xD83A, 0xDD24, 0xD83A, 0xDD2F, 0xD83A, 0xDD2D, 0x20, 0xD83A, 0xDD36, 0xD83A, 0xDD2E, 0xD83A, 0xDD2A, 0xD83A, 0xDD2E, 0x20, 0xD83A, 0xDD2B, 0xD83A, 0xDD33, 0xD83A, 0xDD35, 0xD83A, 0xDD31, 0xD83A, 0xDD22, 0xD83A, 0xDD23, 0xD83A, 0xDD2E, 0xD83A, 0xDD45, 0xD83A, 0xDD2A, 0xD83A, 0xDD34, 0xD83A, 0xDD22, 0xD83A, 0xDD32, 0xD83A, 0xDD33, 0xD83A, 0xDD2E, 0x20, 0xD83A, 0xDD3C, 0xD83A, 0xDD22, 0xD83A, 0xDD26, 0xD83A, 0xDD2D, 0xD83A, 0xDD3C, 0xD83A, 0xDD35, 0xD83A, 0xDD32, 0xD83A, 0xDD4B, 0xD83A, 0xDD3A, 0xD83A, 0xDD2E));
					break;
				case 87:
					if (count == -1) return String(CharArray::of(0xD83A, 0xDD06, 0xD83A, 0xDD22, 0xD83A, 0xDD31, 0xD83A, 0xDD32, 0xD83A, 0xDD23, 0xD83A, 0xDD35, 0x20, 0xD83A, 0xDD03, 0xD83A, 0xDD2D, 0xD83A, 0xDD27, 0xD83A, 0xDD2D, 0xD83A, 0xDD2A, 0xD83A, 0xDD22, 0xD83A, 0xDD32, 0xD83A, 0xDD33, 0xD83A, 0xDD2E));
					if (count == 1) return String(CharArray::of(0xD83A, 0xDD06, 0xD83A, 0xDD22, 0xD83A, 0xDD31, 0xD83A, 0xDD32, 0xD83A, 0xDD23, 0xD83A, 0xDD35, 0x20, 0xD83A, 0xDD03, 0xD83A, 0xDD2D, 0xD83A, 0xDD27, 0xD83A, 0xDD2D, 0xD83A, 0xDD2A, 0xD83A, 0xDD22, 0xD83A, 0xDD32, 0xD83A, 0xDD33, 0xD83A, 0xDD2E));
					if (count != 1) return String(CharArray::of(0xD83A, 0xDD06, 0xD83A, 0xDD22, 0xD83A, 0xDD31, 0xD83A, 0xDD2F, 0xD83A, 0xDD2D, 0x20, 0xD83A, 0xDD03, 0xD83A, 0xDD2D, 0xD83A, 0xDD27, 0xD83A, 0xDD2D, 0xD83A, 0xDD2A, 0xD83A, 0xDD22, 0xD83A, 0xDD32, 0xD83A, 0xDD33, 0xD83A, 0xDD2E));
					break;
				case 88:
					if (count == -1) return String(CharArray::of(0xD83A, 0xDD10, 0xD83A, 0xDD22, 0xD83A, 0xDD33, 0xD83A, 0xDD2C, 0xD83A, 0xDD22, 0x20, 0xD83A, 0xDD09, 0xD83A, 0xDD2A, 0xD83A, 0xDD2D, 0xD83A, 0xDD3C, 0xD83A, 0xDD2B, 0xD83A, 0xDD2A, 0xD83A, 0xDD2D, 0xD83A, 0xDD32, 0xD83A, 0xDD33, 0xD83A, 0xDD2E));
					if (count == 1) return String(CharArray::of(0xD83A, 0xDD10, 0xD83A, 0xDD22, 0xD83A, 0xDD33, 0xD83A, 0xDD2C, 0xD83A, 0xDD22, 0x20, 0xD83A, 0xDD09, 0xD83A, 0xDD2A, 0xD83A, 0xDD2D, 0xD83A, 0xDD3C, 0xD83A, 0xDD2B, 0xD83A, 0xDD2A, 0xD83A, 0xDD2D, 0xD83A, 0xDD32, 0xD83A, 0xDD33, 0xD83A, 0xDD2E));
					if (count != 1) return String(CharArray::of(0xD83A, 0xDD32, 0xD83A, 0xDD22, 0xD83A, 0xDD33, 0xD83A, 0xDD2C, 0xD83A, 0xDD22, 0xD83A, 0xDD44, 0xD83A, 0xDD36, 0xD83A, 0xDD2D, 0x20, 0xD83A, 0xDD09, 0xD83A, 0xDD2A, 0xD83A, 0xDD2D, 0xD83A, 0xDD3C, 0xD83A, 0xDD2B, 0xD83A, 0xDD2A, 0xD83A, 0xDD2D, 0xD83A, 0xDD32, 0xD83A, 0xDD33, 0xD83A, 0xDD2E));
					break;
				case 92:
					if (count == -1) return String(CharArray::of(0xD83A, 0xDD04, 0xD83A, 0xDD2D, 0xD83A, 0xDD2A, 0x20, 0xD83A, 0xDD16, 0xD83A, 0xDD22, 0xD83A, 0xDD26, 0xD83A, 0xDD22, 0xD83A, 0xDD27, 0xD83A, 0xDD2D, 0xD83A, 0xDD32, 0xD83A, 0xDD33, 0xD83A, 0xDD2E));
					if (count == 1) return String(CharArray::of(0xD83A, 0xDD26, 0xD83A, 0xDD2D, 0xD83A, 0xDD2A, 0x20, 0xD83A, 0xDD16, 0xD83A, 0xDD22, 0xD83A, 0xDD26, 0xD83A, 0xDD22, 0xD83A, 0xDD27, 0xD83A, 0xDD2D, 0xD83A, 0xDD32, 0xD83A, 0xDD33, 0xD83A, 0xDD2E));
					if (count != 1) return String(CharArray::of(0xD83A, 0xDD04, 0xD83A, 0xDD2D, 0xD83A, 0xDD2A, 0xD83A, 0xDD36, 0xD83A, 0xDD2D, 0x20, 0xD83A, 0xDD16, 0xD83A, 0xDD22, 0xD83A, 0xDD26, 0xD83A, 0xDD22, 0xD83A, 0xDD27, 0xD83A, 0xDD2D, 0xD83A, 0xDD32, 0xD83A, 0xDD33, 0xD83A, 0xDD2E));
					break;
				case 93:
					if (count == -1) return String(CharArray::of(0xD83A, 0xDD12, 0xD83A, 0xDD35, 0xD83A, 0xDD2A, 0xD83A, 0xDD2E, 0xD83A, 0xDD45));
					if (count == 1) return String(CharArray::of(0xD83A, 0xDD34, 0xD83A, 0xDD35, 0xD83A, 0xDD2A, 0xD83A, 0xDD2E, 0xD83A, 0xDD45));
					if (count != 1) return String(CharArray::of(0xD83A, 0xDD34, 0xD83A, 0xDD35, 0xD83A, 0xDD2A, 0xD83A, 0xDD2E, 0xD83A, 0xDD45, 0xD83A, 0xDD36, 0xD83A, 0xDD2D));
					break;
				case 95:
					if (count == -1) return String(CharArray::of(0xD83A, 0xDD01, 0xD83A, 0xDD22, 0xD83A, 0xDD24, 0xD83A, 0xDD22, 0x20, 0xD83A, 0xDD0A, 0xD83A, 0xDD2D, 0xD83A, 0xDD36, 0xD83A, 0xDD2D, 0xD83A, 0xDD34, 0xD83A, 0xDD22, 0xD83A, 0xDD32, 0xD83A, 0xDD33, 0xD83A, 0xDD2E));
					if (count == 1) return String(CharArray::of(0xD83A, 0xDD23, 0xD83A, 0xDD22, 0xD83A, 0xDD24, 0xD83A, 0xDD22, 0x20, 0xD83A, 0xDD0A, 0xD83A, 0xDD2D, 0xD83A, 0xDD36, 0xD83A, 0xDD2D, 0xD83A, 0xDD34, 0xD83A, 0xDD22, 0xD83A, 0xDD32, 0xD83A, 0xDD33, 0xD83A, 0xDD2E));
					if (count != 1) return String(CharArray::of(0xD83A, 0xDD23, 0xD83A, 0xDD22, 0xD83A, 0xDD24, 0xD83A, 0xDD22, 0xD83A, 0xDD44, 0xD83A, 0xDD36, 0xD83A, 0xDD2D, 0x20, 0xD83A, 0xDD0A, 0xD83A, 0xDD2D, 0xD83A, 0xDD36, 0xD83A, 0xDD2D, 0xD83A, 0xDD34, 0xD83A, 0xDD22, 0xD83A, 0xDD32, 0xD83A, 0xDD33, 0xD83A, 0xDD2E));
					break;
				case 96:
					if (count == -1) return String(CharArray::of(0xD83A, 0xDD06, 0xD83A, 0xDD22, 0xD83A, 0xDD31, 0xD83A, 0xDD32, 0xD83A, 0xDD23, 0xD83A, 0xDD35, 0x20, 0xD83A, 0xDD05, 0xD83A, 0xDD35, 0xD83A, 0xDD2A, 0xD83A, 0xDD2D, 0xD83A, 0xDD45, 0xD83A, 0xDD36, 0xD83A, 0xDD2B, 0x20, 0xD83A, 0xDD0A, 0xD83A, 0xDD22, 0xD83A, 0xDD24, 0xD83A, 0xDD33, 0xD83A, 0xDD35, 0xD83A, 0xDD24, 0xD83A, 0xDD22, 0xD83A, 0xDD32, 0xD83A, 0xDD23, 0xD83A, 0xDD2D, 0xD83A, 0xDD33, 0xD83A, 0xDD2E));
					if (count == 1) return String(CharArray::of(0xD83A, 0xDD06, 0xD83A, 0xDD22, 0xD83A, 0xDD31, 0xD83A, 0xDD32, 0xD83A, 0xDD23, 0xD83A, 0xDD35, 0x20, 0xD83A, 0xDD05, 0xD83A, 0xDD35, 0xD83A, 0xDD2A, 0xD83A, 0xDD2D, 0xD83A, 0xDD45, 0xD83A, 0xDD36, 0xD83A, 0xDD2B, 0x20, 0xD83A, 0xDD0A, 0xD83A, 0xDD22, 0xD83A, 0xDD24, 0xD83A, 0xDD33, 0xD83A, 0xDD35, 0xD83A, 0xDD24, 0xD83A, 0xDD22, 0xD83A, 0xDD32, 0xD83A, 0xDD23, 0xD83A, 0xDD2D, 0xD83A, 0xDD33, 0xD83A, 0xDD2E));
					if (count != 1) return String(CharArray::of(0xD83A, 0xDD06, 0xD83A, 0xDD22, 0xD83A, 0xDD31, 0xD83A, 0xDD2F, 0xD83A, 0xDD2D, 0x20, 0xD83A, 0xDD05, 0xD83A, 0xDD35, 0xD83A, 0xDD2A, 0xD83A, 0xDD2D, 0xD83A, 0xDD45, 0xD83A, 0xDD36, 0xD83A, 0xDD2B, 0x20, 0xD83A, 0xDD0A, 0xD83A, 0xDD22, 0xD83A, 0xDD24, 0xD83A, 0xDD33, 0xD83A, 0xDD35, 0xD83A, 0xDD24, 0xD83A, 0xDD22, 0xD83A, 0xDD32, 0xD83A, 0xDD23, 0xD83A, 0xDD2D, 0xD83A, 0xDD33, 0xD83A, 0xDD2E));
					break;
				case 98:
					if (count == -1) return String(CharArray::of(0xD83A, 0xDD06, 0xD83A, 0xDD22, 0xD83A, 0xDD31, 0xD83A, 0xDD32, 0xD83A, 0xDD23, 0xD83A, 0xDD35, 0x20, 0xD83A, 0xDD04, 0xD83A, 0xDD2A, 0xD83A, 0xDD2D, 0xD83A, 0xDD3C, 0xD83A, 0xDD2D, 0xD83A, 0xDD45, 0xD83A, 0xDD27, 0xD83A, 0xDD2D, 0xD83A, 0xDD32, 0xD83A, 0xDD33, 0xD83A, 0xDD2E));
					if (count == 1) return String(CharArray::of(0xD83A, 0xDD06, 0xD83A, 0xDD22, 0xD83A, 0xDD31, 0xD83A, 0xDD32, 0xD83A, 0xDD23, 0xD83A, 0xDD35, 0x20, 0xD83A, 0xDD04, 0xD83A, 0xDD2A, 0xD83A, 0xDD2D, 0xD83A, 0xDD3C, 0xD83A, 0xDD2D, 0xD83A, 0xDD45, 0xD83A, 0xDD27, 0xD83A, 0xDD2D, 0xD83A, 0xDD32, 0xD83A, 0xDD33, 0xD83A, 0xDD2E));
					if (count != 1) return String(CharArray::of(0xD83A, 0xDD06, 0xD83A, 0xDD22, 0xD83A, 0xDD31, 0xD83A, 0xDD2F, 0xD83A, 0xDD2D, 0x20, 0xD83A, 0xDD04, 0xD83A, 0xDD2A, 0xD83A, 0xDD2D, 0xD83A, 0xDD3C, 0xD83A, 0xDD2D, 0xD83A, 0xDD45, 0xD83A, 0xDD27, 0xD83A, 0xDD2D, 0xD83A, 0xDD32, 0xD83A, 0xDD33, 0xD83A, 0xDD2E));
					break;
				case 100:
					if (count == -1) return String(CharArray::of(0xD83A, 0xDD02, 0xD83A, 0xDD22, 0xD83A, 0xDD44, 0xD83A, 0xDD2A, 0xD83A, 0xDD2D, 0x20, 0xD83A, 0xDD14, 0xD83A, 0xDD2E, 0xD83A, 0xDD2A, 0xD83A, 0xDD36, 0xD83A, 0xDD2D, 0xD83A, 0xDD34, 0xD83A, 0xDD22, 0xD83A, 0xDD32, 0xD83A, 0xDD33, 0xD83A, 0xDD2E));
					if (count == 1) return String(CharArray::of(0xD83A, 0xDD24, 0xD83A, 0xDD22, 0xD83A, 0xDD2A, 0xD83A, 0xDD2D, 0x20, 0xD83A, 0xDD14, 0xD83A, 0xDD2E, 0xD83A, 0xDD2A, 0xD83A, 0xDD36, 0xD83A, 0xDD2D, 0xD83A, 0xDD34, 0xD83A, 0xDD22, 0xD83A, 0xDD32, 0xD83A, 0xDD33, 0xD83A, 0xDD2E));
					if (count != 1) return String(CharArray::of(0xD83A, 0xDD24, 0xD83A, 0xDD22, 0xD83A, 0xDD2A, 0xD83A, 0xDD2D, 0xD83A, 0xDD45, 0xD83A, 0xDD36, 0xD83A, 0xDD2D, 0x20, 0xD83A, 0xDD14, 0xD83A, 0xDD2E, 0xD83A, 0xDD2A, 0xD83A, 0xDD36, 0xD83A, 0xDD2D, 0xD83A, 0xDD34, 0xD83A, 0xDD22, 0xD83A, 0xDD32, 0xD83A, 0xDD33, 0xD83A, 0xDD2E));
					break;
				case 102:
					if (count == -1) return String(CharArray::of(0xD83A, 0xDD05, 0xD83A, 0xDD2D, 0xD83A, 0xDD23, 0xD83A, 0xDD2D, 0x20, 0xD83A, 0xDD18, 0xD83A, 0xDD22, 0xD83A, 0xDD32, 0xD83A, 0xDD22, 0xD83A, 0xDD32, 0xD83A, 0xDD33, 0xD83A, 0xDD2E));
					if (count == 1) return String(CharArray::of(0xD83A, 0xDD27, 0xD83A, 0xDD2D, 0xD83A, 0xDD23, 0xD83A, 0xDD2D, 0x20, 0xD83A, 0xDD18, 0xD83A, 0xDD22, 0xD83A, 0xDD32, 0xD83A, 0xDD22, 0xD83A, 0xDD32, 0xD83A, 0xDD33, 0xD83A, 0xDD2E));
					if (count != 1) return String(CharArray::of(0xD83A, 0xDD27, 0xD83A, 0xDD2D, 0xD83A, 0xDD23, 0xD83A, 0xDD2D, 0xD83A, 0xDD45, 0xD83A, 0xDD36, 0xD83A, 0xDD2D, 0x20, 0xD83A, 0xDD18, 0xD83A, 0xDD22, 0xD83A, 0xDD32, 0xD83A, 0xDD22, 0xD83A, 0xDD32, 0xD83A, 0xDD33, 0xD83A, 0xDD2E));
					break;
				case 103:
					if (count == -1) return String(CharArray::of(0xD83A, 0xDD06, 0xD83A, 0xDD22, 0xD83A, 0xDD31, 0xD83A, 0xDD32, 0xD83A, 0xDD4B, 0xD83A, 0xDD23, 0xD83A, 0xDD35, 0x20, 0xD83A, 0xDD14, 0xD83A, 0xDD2D, 0xD83A, 0xDD24, 0xD83A, 0xDD26, 0xD83A, 0xDD2A, 0xD83A, 0xDD22, 0xD83A, 0xDD24, 0xD83A, 0xDD3C, 0xD83A, 0xDD22, 0xD83A, 0xDD2A));
					if (count == 1) return String(CharArray::of(0xD83A, 0xDD06, 0xD83A, 0xDD22, 0xD83A, 0xDD31, 0xD83A, 0xDD32, 0xD83A, 0xDD4B, 0xD83A, 0xDD23, 0xD83A, 0xDD35, 0x20, 0xD83A, 0xDD14, 0xD83A, 0xDD2D, 0xD83A, 0xDD24, 0xD83A, 0xDD26, 0xD83A, 0xDD2A, 0xD83A, 0xDD22, 0xD83A, 0xDD24, 0xD83A, 0xDD3C, 0xD83A, 0xDD22, 0xD83A, 0xDD2A));
					if (count != 1) return String(CharArray::of(0xD83A, 0xDD06, 0xD83A, 0xDD22, 0xD83A, 0xDD31, 0xD83A, 0xDD2F, 0xD83A, 0xDD2D, 0x20, 0xD83A, 0xDD14, 0xD83A, 0xDD2D, 0xD83A, 0xDD24, 0xD83A, 0xDD26, 0xD83A, 0xDD2A, 0xD83A, 0xDD22, 0xD83A, 0xDD24, 0xD83A, 0xDD3C, 0xD83A, 0xDD22, 0xD83A, 0xDD2A));
					break;
				case 104:
					if (count == -1) return String(CharArray::of(0xD83A, 0xDD01, 0xD83A, 0xDD22, 0xD83A, 0xDD24, 0xD83A, 0xDD22, 0xD83A, 0xDD27, 0xD83A, 0xDD2D, 0x20, 0xD83A, 0xDD18, 0xD83A, 0xDD22, 0xD83A, 0xDD25, 0xD83A, 0xDD26, 0xD83A, 0xDD2D, 0xD83A, 0xDD32, 0xD83A, 0xDD33, 0xD83A, 0xDD2E));
					if (count == 1) return String(CharArray::of(0xD83A, 0xDD23, 0xD83A, 0xDD22, 0xD83A, 0xDD24, 0xD83A, 0xDD22, 0xD83A, 0xDD27, 0xD83A, 0xDD2D, 0x20, 0xD83A, 0xDD18, 0xD83A, 0xDD22, 0xD83A, 0xDD25, 0xD83A, 0xDD26, 0xD83A, 0xDD2D, 0xD83A, 0xDD32, 0xD83A, 0xDD33, 0xD83A, 0xDD2E));
					if (count != 1) return String(CharArray::of(0xD83A, 0xDD23, 0xD83A, 0xDD22, 0xD83A, 0xDD24, 0xD83A, 0xDD22, 0xD83A, 0xDD27, 0xD83A, 0xDD2D, 0xD83A, 0xDD45, 0xD83A, 0xDD36, 0xD83A, 0xDD2D, 0x20, 0xD83A, 0xDD18, 0xD83A, 0xDD22, 0xD83A, 0xDD25, 0xD83A, 0xDD26, 0xD83A, 0xDD2D, 0xD83A, 0xDD32, 0xD83A, 0xDD33, 0xD83A, 0xDD2E));
					break;
				case 105:
					if (count == -1) return String(CharArray::of(0xD83A, 0xDD0A, 0xD83A, 0xDD22, 0xD83A, 0xDD2A, 0xD83A, 0xDD22, 0xD83A, 0xDD32, 0x20, 0xD83A, 0xDD18, 0xD83A, 0xDD2D, 0xD83A, 0xDD32, 0xD83A, 0xDD2B, 0xD83A, 0xDD32, 0xD83A, 0xDD33, 0xD83A, 0xDD2E));
					if (count == 1) return String(CharArray::of(0xD83A, 0xDD2C, 0xD83A, 0xDD22, 0xD83A, 0xDD2A, 0xD83A, 0xDD22, 0xD83A, 0xDD32, 0x20, 0xD83A, 0xDD18, 0xD83A, 0xDD2D, 0xD83A, 0xDD32, 0xD83A, 0xDD2B, 0xD83A, 0xDD32, 0xD83A, 0xDD33, 0xD83A, 0xDD2E));
					if (count != 1) return String(CharArray::of(0xD83A, 0xDD2C, 0xD83A, 0xDD22, 0xD83A, 0xDD2A, 0xD83A, 0xDD22, 0xD83A, 0xDD32, 0xD83A, 0xDD36, 0xD83A, 0xDD2D, 0x20, 0xD83A, 0xDD18, 0xD83A, 0xDD2D, 0xD83A, 0xDD32, 0xD83A, 0xDD2B, 0xD83A, 0xDD32, 0xD83A, 0xDD33, 0xD83A, 0xDD2E));
					break;
				case 109:
					if (count == -1) return String(CharArray::of(0xD83A, 0xDD11, 0xD83A, 0xDD2B, 0xD83A, 0xDD3C, 0xD83A, 0xDD35, 0xD83A, 0xDD41, 0xD83A, 0xDD22, 0xD83A, 0xDD24, 0x20, 0xD83A, 0xDD18, 0xD83A, 0xDD35, 0xD83A, 0xDD31, 0xD83A, 0xDD22, 0xD83A, 0xDD3C, 0xD83A, 0xDD2B, 0xD83A, 0xDD25, 0xD83A, 0xDD22, 0xD83A, 0xDD24, 0xD83A, 0xDD22, 0xD83A, 0xDD32, 0xD83A, 0xDD33, 0xD83A, 0xDD2E));
					if (count == 1) return String(CharArray::of(0xD83A, 0xDD11, 0xD83A, 0xDD2B, 0xD83A, 0xDD3C, 0xD83A, 0xDD35, 0xD83A, 0xDD41, 0xD83A, 0xDD22, 0xD83A, 0xDD24, 0x20, 0xD83A, 0xDD3A, 0xD83A, 0xDD35, 0xD83A, 0xDD31, 0xD83A, 0xDD22, 0xD83A, 0xDD3C, 0xD83A, 0xDD2B, 0xD83A, 0xDD25, 0xD83A, 0xDD22, 0xD83A, 0xDD24, 0xD83A, 0xDD22, 0xD83A, 0xDD32, 0xD83A, 0xDD33, 0xD83A, 0xDD2E));
					if (count != 1) return String(CharArray::of(0xD83A, 0xDD11, 0xD83A, 0xDD2B, 0xD83A, 0xDD3C, 0xD83A, 0xDD35, 0xD83A, 0xDD41, 0xD83A, 0xDD2B, 0x20, 0xD83A, 0xDD3A, 0xD83A, 0xDD35, 0xD83A, 0xDD31, 0xD83A, 0xDD22, 0xD83A, 0xDD3C, 0xD83A, 0xDD2B, 0xD83A, 0xDD25, 0xD83A, 0xDD22, 0xD83A, 0xDD24, 0xD83A, 0xDD22, 0xD83A, 0xDD32, 0xD83A, 0xDD33, 0xD83A, 0xDD2E));
					break;
				case 112:
					if (count == -1) return String(CharArray::of(0xD83A, 0xDD01, 0xD83A, 0xDD22, 0xD83A, 0xDD24, 0xD83A, 0xDD22, 0x20, 0xD83A, 0xDD18, 0xD83A, 0xDD35, 0xD83A, 0xDD34, 0xD83A, 0xDD22, 0xD83A, 0xDD32, 0xD83A, 0xDD2B, 0xD83A, 0xDD45, 0xD83A, 0xDD27, 0xD83A, 0xDD2D, 0xD83A, 0xDD32, 0xD83A, 0xDD33, 0xD83A, 0xDD2E));
					if (count == 1) return String(CharArray::of(0xD83A, 0xDD01, 0xD83A, 0xDD22, 0xD83A, 0xDD24, 0xD83A, 0xDD22, 0x20, 0xD83A, 0xDD3A, 0xD83A, 0xDD35, 0xD83A, 0xDD34, 0xD83A, 0xDD22, 0xD83A, 0xDD32, 0xD83A, 0xDD2B, 0xD83A, 0xDD45, 0xD83A, 0xDD27, 0xD83A, 0xDD2D, 0xD83A, 0xDD32, 0xD83A, 0xDD33, 0xD83A, 0xDD2E));
					if (count != 1) return String(CharArray::of(0xD83A, 0xDD01, 0xD83A, 0xDD22, 0xD83A, 0xDD24, 0xD83A, 0xDD22, 0xD83A, 0xDD44, 0xD83A, 0xDD36, 0xD83A, 0xDD2D, 0x20, 0xD83A, 0xDD3A, 0xD83A, 0xDD35, 0xD83A, 0xDD34, 0xD83A, 0xDD22, 0xD83A, 0xDD32, 0xD83A, 0xDD2B, 0xD83A, 0xDD45, 0xD83A, 0xDD27, 0xD83A, 0xDD2D, 0xD83A, 0xDD32, 0xD83A, 0xDD33, 0xD83A, 0xDD2E));
					break;
				case 113:
					if (count == -1) return String(CharArray::of(0xD83A, 0xDD01, 0xD83A, 0xDD22, 0xD83A, 0xDD24, 0xD83A, 0xDD22, 0x20, 0xD83A, 0xDD16, 0xD83A, 0xDD2E, 0xD83A, 0xDD32, 0xD83A, 0xDD33, 0xD83A, 0xDD2E, 0xD83A, 0xDD32));
					if (count == 1) return String(CharArray::of(0xD83A, 0xDD23, 0xD83A, 0xDD22, 0xD83A, 0xDD24, 0xD83A, 0xDD22, 0x20, 0xD83A, 0xDD16, 0xD83A, 0xDD2E, 0xD83A, 0xDD32, 0xD83A, 0xDD33, 0xD83A, 0xDD2E, 0xD83A, 0xDD32));
					if (count != 1) return String(CharArray::of(0xD83A, 0xDD23, 0xD83A, 0xDD22, 0xD83A, 0xDD24, 0xD83A, 0xDD22, 0xD83A, 0xDD44, 0xD83A, 0xDD36, 0xD83A, 0xDD2D, 0x20, 0xD83A, 0xDD16, 0xD83A, 0xDD2E, 0xD83A, 0xDD32, 0xD83A, 0xDD33, 0xD83A, 0xDD2E, 0xD83A, 0xDD32));
					break;
				case 114:
					if (count == -1) return String(CharArray::of(0xD83A, 0xDD02, 0xD83A, 0xDD2B, 0xD83A, 0xDD25, 0xD83A, 0xDD28, 0xD83A, 0xDD2D, 0xD83A, 0xDD2A, 0xD83A, 0xDD22, 0x20, 0xD83A, 0xDD16, 0xD83A, 0xDD2E, 0xD83A, 0xDD32, 0xD83A, 0xDD23, 0xD83A, 0xDD35, 0xD83A, 0xDD2A, 0xD83A, 0xDD22, 0xD83A, 0xDD32, 0xD83A, 0xDD33, 0xD83A, 0xDD2E));
					if (count == 1) return String(CharArray::of(0xD83A, 0xDD02, 0xD83A, 0xDD2B, 0xD83A, 0xDD25, 0xD83A, 0xDD28, 0xD83A, 0xDD2D, 0xD83A, 0xDD2A, 0xD83A, 0xDD22, 0x20, 0xD83A, 0xDD38, 0xD83A, 0xDD2E, 0xD83A, 0xDD32, 0xD83A, 0xDD23, 0xD83A, 0xDD35, 0xD83A, 0xDD2A, 0xD83A, 0xDD22, 0xD83A, 0xDD32, 0xD83A, 0xDD33, 0xD83A, 0xDD2E));
					if (count != 1) return String(CharArray::of(0xD83A, 0xDD02, 0xD83A, 0xDD2B, 0xD83A, 0xDD25, 0xD83A, 0xDD28, 0xD83A, 0xDD2D, 0xD83A, 0xDD2A, 0xD83A, 0xDD22, 0xD83A, 0xDD44, 0xD83A, 0xDD36, 0xD83A, 0xDD2D, 0x20, 0xD83A, 0xDD38, 0xD83A, 0xDD2E, 0xD83A, 0xDD32, 0xD83A, 0xDD23, 0xD83A, 0xDD35, 0xD83A, 0xDD2A, 0xD83A, 0xDD22, 0xD83A, 0xDD32, 0xD83A, 0xDD33, 0xD83A, 0xDD2E));
					break;
				case 116:
					if (count == -1) return String(CharArray::of(0xD83A, 0xDD11, 0xD83A, 0xDD35, 0xD83A, 0xDD32, 0xD83A, 0xDD22, 0x20, 0xD83A, 0xDD11, 0xD83A, 0xDD35, 0xD83A, 0xDD2A, 0xD83A, 0xDD22, 0xD83A, 0xDD44, 0xD83A, 0xDD27, 0xD83A, 0xDD2D, 0xD83A, 0xDD34, 0xD83A, 0xDD22, 0xD83A, 0xDD32, 0xD83A, 0xDD33, 0xD83A, 0xDD2E));
					if (count == 1) return String(CharArray::of(0xD83A, 0xDD11, 0xD83A, 0xDD35, 0xD83A, 0xDD32, 0xD83A, 0xDD22, 0x20, 0xD83A, 0xDD11, 0xD83A, 0xDD35, 0xD83A, 0xDD2A, 0xD83A, 0xDD22, 0xD83A, 0xDD44, 0xD83A, 0xDD27, 0xD83A, 0xDD2D, 0xD83A, 0xDD34, 0xD83A, 0xDD22, 0xD83A, 0xDD32, 0xD83A, 0xDD33, 0xD83A, 0xDD2E));
					if (count != 1) return String(CharArray::of(0xD83A, 0xDD11, 0xD83A, 0xDD35, 0xD83A, 0xDD32, 0xD83A, 0xDD22, 0xD83A, 0xDD44, 0xD83A, 0xDD36, 0xD83A, 0xDD2D, 0x20, 0xD83A, 0xDD11, 0xD83A, 0xDD35, 0xD83A, 0xDD2A, 0xD83A, 0xDD22, 0xD83A, 0xDD44, 0xD83A, 0xDD27, 0xD83A, 0xDD2D, 0xD83A, 0xDD34, 0xD83A, 0xDD22, 0xD83A, 0xDD32, 0xD83A, 0xDD33, 0xD83A, 0xDD2E));
					break;
				case 117:
					if (count == -1) return String(CharArray::of(0xD83A, 0xDD18, 0xD83A, 0xDD35, 0xD83A, 0xDD45, 0xD83A, 0xDD2A, 0xD83A, 0xDD23, 0xD83A, 0xDD2B, 0x20, 0xD83A, 0xDD16, 0xD83A, 0xDD22, 0xD83A, 0xDD34, 0xD83A, 0xDD3C, 0xD83A, 0xDD2D, 0xD83A, 0xDD34, 0xD83A, 0xDD22, 0xD83A, 0xDD32, 0xD83A, 0xDD33, 0xD83A, 0xDD2E));
					if (count == 1) return String(CharArray::of(0xD83A, 0xDD18, 0xD83A, 0xDD35, 0xD83A, 0xDD45, 0xD83A, 0xDD2A, 0xD83A, 0xDD23, 0xD83A, 0xDD2B, 0x20, 0xD83A, 0xDD16, 0xD83A, 0xDD22, 0xD83A, 0xDD34, 0xD83A, 0xDD3C, 0xD83A, 0xDD2D, 0xD83A, 0xDD34, 0xD83A, 0xDD22, 0xD83A, 0xDD32, 0xD83A, 0xDD33, 0xD83A, 0xDD2E));
					if (count != 1) return String(CharArray::of(0xD83A, 0xDD18, 0xD83A, 0xDD35, 0xD83A, 0xDD45, 0xD83A, 0xDD2A, 0xD83A, 0xDD23, 0xD83A, 0xDD2B, 0xD83A, 0xDD45, 0xD83A, 0xDD36, 0xD83A, 0xDD2B, 0x20, 0xD83A, 0xDD16, 0xD83A, 0xDD22, 0xD83A, 0xDD34, 0xD83A, 0xDD3C, 0xD83A, 0xDD2D, 0xD83A, 0xDD34, 0xD83A, 0xDD22, 0xD83A, 0xDD32, 0xD83A, 0xDD33, 0xD83A, 0xDD2E));
					break;
				case 118:
					if (count == -1) return String(CharArray::of(0xD83A, 0xDD0A, 0xD83A, 0xDD2E, 0xD83A, 0xDD2A, 0xD83A, 0xDD2D, 0xD83A, 0xDD32, 0xD83A, 0xDD3C, 0xD83A, 0xDD35, 0x20, 0xD83A, 0xDD16, 0xD83A, 0xDD35, 0xD83A, 0xDD32, 0xD83A, 0xDD3A, 0xD83A, 0xDD22, 0xD83A, 0xDD2A, 0xD83A, 0xDD2D, 0xD83A, 0xDD34, 0xD83A, 0xDD22, 0xD83A, 0xDD32, 0xD83A, 0xDD33, 0xD83A, 0xDD2E));
					if (count == 1) return String(CharArray::of(0xD83A, 0xDD0A, 0xD83A, 0xDD2E, 0xD83A, 0xDD2A, 0xD83A, 0xDD2D, 0xD83A, 0xDD32, 0xD83A, 0xDD3C, 0xD83A, 0xDD35, 0x20, 0xD83A, 0xDD16, 0xD83A, 0xDD35, 0xD83A, 0xDD32, 0xD83A, 0xDD3A, 0xD83A, 0xDD22, 0xD83A, 0xDD2A, 0xD83A, 0xDD2D, 0xD83A, 0xDD34, 0xD83A, 0xDD22, 0xD83A, 0xDD32, 0xD83A, 0xDD33, 0xD83A, 0xDD2E));
					if (count != 1) return String(CharArray::of(0xD83A, 0xDD0A, 0xD83A, 0xDD2E, 0xD83A, 0xDD2A, 0xD83A, 0xDD2D, 0xD83A, 0xDD32, 0xD83A, 0xDD3C, 0xD83A, 0xDD35, 0xD83A, 0xDD45, 0xD83A, 0xDD36, 0xD83A, 0xDD2D, 0x20, 0xD83A, 0xDD16, 0xD83A, 0xDD35, 0xD83A, 0xDD32, 0xD83A, 0xDD3A, 0xD83A, 0xDD22, 0xD83A, 0xDD2A, 0xD83A, 0xDD2D, 0xD83A, 0xDD34, 0xD83A, 0xDD22, 0xD83A, 0xDD32, 0xD83A, 0xDD33, 0xD83A, 0xDD2E));
					break;
				case 119:
					if (count == -1) return String(CharArray::of(0xD83A, 0xDD08, 0xD83A, 0xDD35, 0xD83A, 0xDD28, 0xD83A, 0xDD2D, 0xD83A, 0xDD34, 0xD83A, 0xDD22, 0x20, 0xD83A, 0xDD0B, 0xD83A, 0xDD32, 0xD83A, 0xDD23, 0xD83A, 0xDD2E, 0xD83A, 0xDD32, 0xD83A, 0xDD2B, 0xD83A, 0xDD27, 0xD83A, 0xDD2D, 0xD83A, 0xDD34, 0xD83A, 0xDD22, 0xD83A, 0xDD32, 0xD83A, 0xDD33, 0xD83A, 0xDD2E));
					if (count == 1) return String(CharArray::of(0xD83A, 0xDD2A, 0xD83A, 0xDD35, 0xD83A, 0xDD28, 0xD83A, 0xDD2D, 0xD83A, 0xDD34, 0xD83A, 0xDD22, 0x20, 0xD83A, 0xDD0B, 0xD83A, 0xDD32, 0xD83A, 0xDD23, 0xD83A, 0xDD2E, 0xD83A, 0xDD32, 0xD83A, 0xDD2B, 0xD83A, 0xDD27, 0xD83A, 0xDD2D, 0xD83A, 0xDD34, 0xD83A, 0xDD22, 0xD83A, 0xDD32, 0xD83A, 0xDD33, 0xD83A, 0xDD2E));
					if (count != 1) return String(CharArray::of(0xD83A, 0xDD2A, 0xD83A, 0xDD35, 0xD83A, 0xDD28, 0xD83A, 0xDD2D, 0xD83A, 0xDD34, 0xD83A, 0xDD22, 0xD83A, 0xDD44, 0xD83A, 0xDD36, 0xD83A, 0xDD2D, 0x20, 0xD83A, 0xDD0B, 0xD83A, 0xDD32, 0xD83A, 0xDD23, 0xD83A, 0xDD2E, 0xD83A, 0xDD32, 0xD83A, 0xDD2B, 0xD83A, 0xDD27, 0xD83A, 0xDD2D, 0xD83A, 0xDD34, 0xD83A, 0xDD22, 0xD83A, 0xDD32, 0xD83A, 0xDD33, 0xD83A, 0xDD2E));
					break;
				case 123:
					if (count == -1) return String(CharArray::of(0xD83A, 0xDD21, 0xD83A, 0xDD2B, 0xD83A, 0xDD33, 0xD83A, 0xDD2B, 0xD83A, 0xDD24, 0x20, 0xD83A, 0xDD0B, 0xD83A, 0xDD27, 0xD83A, 0xDD2A, 0xD83A, 0xDD22, 0xD83A, 0xDD44, 0xD83A, 0xDD24, 0xD83A, 0xDD2D, 0xD83A, 0xDD34, 0xD83A, 0xDD22, 0xD83A, 0xDD32, 0xD83A, 0xDD33, 0xD83A, 0xDD2E));
					if (count == 1) return String(CharArray::of(0xD83A, 0xDD43, 0xD83A, 0xDD2B, 0xD83A, 0xDD33, 0xD83A, 0xDD2B, 0xD83A, 0xDD24, 0x20, 0xD83A, 0xDD0B, 0xD83A, 0xDD27, 0xD83A, 0xDD2A, 0xD83A, 0xDD22, 0xD83A, 0xDD44, 0xD83A, 0xDD24, 0xD83A, 0xDD2D, 0xD83A, 0xDD34, 0xD83A, 0xDD22, 0xD83A, 0xDD32, 0xD83A, 0xDD33, 0xD83A, 0xDD2E));
					if (count != 1) return String(CharArray::of(0xD83A, 0xDD43, 0xD83A, 0xDD2B, 0xD83A, 0xDD33, 0xD83A, 0xDD2B, 0xD83A, 0xDD24, 0xD83A, 0xDD36, 0xD83A, 0xDD2D, 0x20, 0xD83A, 0xDD0B, 0xD83A, 0xDD27, 0xD83A, 0xDD2A, 0xD83A, 0xDD22, 0xD83A, 0xDD44, 0xD83A, 0xDD24, 0xD83A, 0xDD2D, 0xD83A, 0xDD34, 0xD83A, 0xDD22, 0xD83A, 0xDD32, 0xD83A, 0xDD33, 0xD83A, 0xDD2E));
					break;
				case 124:
					if (count == -1) return String(CharArray::of(0xD83A, 0xDD08, 0xD83A, 0xDD35, 0xD83A, 0xDD45, 0xD83A, 0xDD28, 0xD83A, 0xDD2D, 0xD83A, 0xDD45, 0x20, 0xD83A, 0xDD16, 0xD83A, 0xDD2D, 0xD83A, 0xDD32, 0xD83A, 0xDD23, 0xD83A, 0xDD2D, 0xD83A, 0xDD27, 0xD83A, 0xDD3C, 0xD83A, 0xDD22, 0xD83A, 0xDD32, 0xD83A, 0xDD33, 0xD83A, 0xDD2E));
					if (count == 1) return String(CharArray::of(0xD83A, 0xDD2A, 0xD83A, 0xDD35, 0xD83A, 0xDD45, 0xD83A, 0xDD28, 0xD83A, 0xDD2D, 0xD83A, 0xDD45, 0x20, 0xD83A, 0xDD16, 0xD83A, 0xDD2D, 0xD83A, 0xDD32, 0xD83A, 0xDD23, 0xD83A, 0xDD2D, 0xD83A, 0xDD27, 0xD83A, 0xDD3C, 0xD83A, 0xDD22, 0xD83A, 0xDD32, 0xD83A, 0xDD33, 0xD83A, 0xDD2E));
					if (count != 1) return String(CharArray::of(0xD83A, 0xDD08, 0xD83A, 0xDD35, 0xD83A, 0xDD45, 0xD83A, 0xDD28, 0xD83A, 0xDD2D, 0xD83A, 0xDD45, 0xD83A, 0xDD36, 0xD83A, 0xDD2D, 0x20, 0xD83A, 0xDD16, 0xD83A, 0xDD2D, 0xD83A, 0xDD32, 0xD83A, 0xDD23, 0xD83A, 0xDD2D, 0xD83A, 0xDD27, 0xD83A, 0xDD3C, 0xD83A, 0xDD22, 0xD83A, 0xDD32, 0xD83A, 0xDD33, 0xD83A, 0xDD2E));
					break;
				case 125:
					if (count == -1) return String(CharArray::of(0xD83A, 0xDD01, 0xD83A, 0xDD2D, 0xD83A, 0xDD32, 0xD83A, 0xDD22, 0xD83A, 0xDD44, 0xD83A, 0xDD2A, 0x20, 0xD83A, 0xDD0B, 0xD83A, 0xDD2A, 0xD83A, 0xDD22, 0xD83A, 0xDD44, 0xD83A, 0xDD33, 0xD83A, 0xDD2D, 0xD83A, 0xDD34, 0xD83A, 0xDD22, 0xD83A, 0xDD32, 0xD83A, 0xDD33, 0xD83A, 0xDD2E));
					if (count == 1) return String(CharArray::of(0xD83A, 0xDD23, 0xD83A, 0xDD2D, 0xD83A, 0xDD32, 0xD83A, 0xDD22, 0xD83A, 0xDD44, 0xD83A, 0xDD2A, 0x20, 0xD83A, 0xDD0B, 0xD83A, 0xDD2A, 0xD83A, 0xDD22, 0xD83A, 0xDD44, 0xD83A, 0xDD39, 0xD83A, 0xDD2D, 0xD83A, 0xDD34, 0xD83A, 0xDD22, 0xD83A, 0xDD32, 0xD83A, 0xDD33, 0xD83A, 0xDD2E));
					if (count != 1) return String(CharArray::of(0xD83A, 0xDD23, 0xD83A, 0xDD2D, 0xD83A, 0xDD32, 0xD83A, 0xDD22, 0xD83A, 0xDD44, 0xD83A, 0xDD2A, 0xD83A, 0xDD36, 0xD83A, 0xDD2D, 0x20, 0xD83A, 0xDD0B, 0xD83A, 0xDD2A, 0xD83A, 0xDD22, 0xD83A, 0xDD44, 0xD83A, 0xDD39, 0xD83A, 0xDD2D, 0xD83A, 0xDD34, 0xD83A, 0xDD22, 0xD83A, 0xDD32, 0xD83A, 0xDD33, 0xD83A, 0xDD2E));
					break;
				case 126:
					if (count == -1) return String(CharArray::of(0xD83A, 0xDD08, 0xD83A, 0xDD2D, 0xD83A, 0xDD34, 0xD83A, 0xDD22, 0xD83A, 0xDD44, 0xD83A, 0xDD24, 0x20, 0xD83A, 0xDD0B, 0xD83A, 0xDD2A, 0xD83A, 0xDD22, 0xD83A, 0xDD32, 0xD83A, 0xDD2D, 0xD83A, 0xDD34, 0xD83A, 0xDD22, 0xD83A, 0xDD32, 0xD83A, 0xDD33, 0xD83A, 0xDD2E));
					if (count == 1) return String(CharArray::of(0xD83A, 0xDD2A, 0xD83A, 0xDD2D, 0xD83A, 0xDD34, 0xD83A, 0xDD22, 0xD83A, 0xDD44, 0xD83A, 0xDD24, 0x20, 0xD83A, 0xDD0B, 0xD83A, 0xDD2A, 0xD83A, 0xDD22, 0xD83A, 0xDD32, 0xD83A, 0xDD2D, 0xD83A, 0xDD34, 0xD83A, 0xDD22, 0xD83A, 0xDD32, 0xD83A, 0xDD33, 0xD83A, 0xDD2E));
					if (count != 1) return String(CharArray::of(0xD83A, 0xDD2A, 0xD83A, 0xDD2D, 0xD83A, 0xDD34, 0xD83A, 0xDD22, 0xD83A, 0xDD44, 0xD83A, 0xDD24, 0xD83A, 0xDD36, 0xD83A, 0xDD2D, 0x20, 0xD83A, 0xDD0B, 0xD83A, 0xDD2A, 0xD83A, 0xDD22, 0xD83A, 0xDD32, 0xD83A, 0xDD2D, 0xD83A, 0xDD34, 0xD83A, 0xDD22, 0xD83A, 0xDD32, 0xD83A, 0xDD33, 0xD83A, 0xDD2E));
					break;
				case 128:
					if (count == -1) return String(CharArray::of(0xD83A, 0xDD11, 0xD83A, 0xDD2E, 0xD83A, 0xDD2A, 0xD83A, 0xDD2E, 0xD83A, 0xDD32, 0xD83A, 0xDD22, 0x20, 0xD83A, 0xDD00, 0xD83A, 0xDD34, 0xD83A, 0xDD27, 0xD83A, 0xDD2D, 0xD83A, 0xDD24, 0xD83A, 0xDD22, 0xD83A, 0xDD32, 0xD83A, 0xDD23, 0xD83A, 0xDD2D, 0xD83A, 0xDD32, 0xD83A, 0xDD33, 0xD83A, 0xDD2E));
					if (count == 1) return String(CharArray::of(0xD83A, 0xDD11, 0xD83A, 0xDD2E, 0xD83A, 0xDD2A, 0xD83A, 0xDD2E, 0xD83A, 0xDD32, 0xD83A, 0xDD22, 0x20, 0xD83A, 0xDD00, 0xD83A, 0xDD34, 0xD83A, 0xDD27, 0xD83A, 0xDD2D, 0xD83A, 0xDD24, 0xD83A, 0xDD22, 0xD83A, 0xDD32, 0xD83A, 0xDD23, 0xD83A, 0xDD2D, 0xD83A, 0xDD32, 0xD83A, 0xDD33, 0xD83A, 0xDD2E));
					if (count != 1) return String(CharArray::of(0xD83A, 0xDD11, 0xD83A, 0xDD2E, 0xD83A, 0xDD2A, 0xD83A, 0xDD2E, 0xD83A, 0xDD32, 0xD83A, 0xDD22, 0xD83A, 0xDD44, 0xD83A, 0xDD36, 0xD83A, 0xDD2D, 0x20, 0xD83A, 0xDD00, 0xD83A, 0xDD34, 0xD83A, 0xDD27, 0xD83A, 0xDD2D, 0xD83A, 0xDD24, 0xD83A, 0xDD22, 0xD83A, 0xDD32, 0xD83A, 0xDD23, 0xD83A, 0xDD2D, 0xD83A, 0xDD32, 0xD83A, 0xDD33, 0xD83A, 0xDD2E));
					break;
				case 130:
					if (count == -1) return String(CharArray::of(0xD83A, 0xDD01, 0xD83A, 0xDD22, 0xD83A, 0xDD24, 0xD83A, 0xDD22, 0x20, 0xD83A, 0xDD14, 0xD83A, 0xDD22, 0xD83A, 0xDD25, 0xD83A, 0xDD22, 0xD83A, 0xDD34, 0xD83A, 0xDD2D, 0xD83A, 0xDD32, 0xD83A, 0xDD33, 0xD83A, 0xDD2E));
					if (count == 1) return String(CharArray::of(0xD83A, 0xDD01, 0xD83A, 0xDD22, 0xD83A, 0xDD24, 0xD83A, 0xDD22, 0x20, 0xD83A, 0xDD14, 0xD83A, 0xDD22, 0xD83A, 0xDD25, 0xD83A, 0xDD22, 0xD83A, 0xDD34, 0xD83A, 0xDD2D, 0xD83A, 0xDD32, 0xD83A, 0xDD33, 0xD83A, 0xDD2E));
					if (count != 1) return String(CharArray::of(0xD83A, 0xDD01, 0xD83A, 0xDD22, 0xD83A, 0xDD24, 0xD83A, 0xDD22, 0xD83A, 0xDD44, 0xD83A, 0xDD36, 0xD83A, 0xDD2D, 0x20, 0xD83A, 0xDD14, 0xD83A, 0xDD22, 0xD83A, 0xDD25, 0xD83A, 0xDD22, 0xD83A, 0xDD34, 0xD83A, 0xDD2D, 0xD83A, 0xDD32, 0xD83A, 0xDD33, 0xD83A, 0xDD2E));
					break;
				case 131:
					if (count == -1) return String(CharArray::of(0xD83A, 0xDD01, 0xD83A, 0xDD2D, 0xD83A, 0xDD32, 0xD83A, 0xDD22, 0xD83A, 0xDD44, 0xD83A, 0xDD2A, 0x20, 0xD83A, 0xDD14, 0xD83A, 0xDD2E, 0xD83A, 0xDD2A, 0xD83A, 0xDD23, 0xD83A, 0xDD22, 0xD83A, 0xDD32, 0xD83A, 0xDD2D, 0xD83A, 0xDD34, 0xD83A, 0xDD22, 0xD83A, 0xDD32, 0xD83A, 0xDD33, 0xD83A, 0xDD2E));
					if (count == 1) return String(CharArray::of(0xD83A, 0xDD23, 0xD83A, 0xDD2D, 0xD83A, 0xDD32, 0xD83A, 0xDD22, 0xD83A, 0xDD44, 0xD83A, 0xDD2A, 0x20, 0xD83A, 0xDD14, 0xD83A, 0xDD2E, 0xD83A, 0xDD2A, 0xD83A, 0xDD23, 0xD83A, 0xDD22, 0xD83A, 0xDD32, 0xD83A, 0xDD2D, 0xD83A, 0xDD34, 0xD83A, 0xDD22, 0xD83A, 0xDD32, 0xD83A, 0xDD33, 0xD83A, 0xDD2E));
					if (count != 1) return String(CharArray::of(0xD83A, 0xDD23, 0xD83A, 0xDD2D, 0xD83A, 0xDD32, 0xD83A, 0xDD22, 0xD83A, 0xDD44, 0xD83A, 0xDD2A, 0xD83A, 0xDD36, 0xD83A, 0xDD2D, 0x20, 0xD83A, 0xDD14, 0xD83A, 0xDD2E, 0xD83A, 0xDD2A, 0xD83A, 0xDD23, 0xD83A, 0xDD22, 0xD83A, 0xDD32, 0xD83A, 0xDD2D, 0xD83A, 0xDD34, 0xD83A, 0xDD22, 0xD83A, 0xDD32, 0xD83A, 0xDD33, 0xD83A, 0xDD2E));
					break;
				case 132:
					if (count == -1) return String(CharArray::of(0xD83A, 0xDD12, 0xD83A, 0xDD2B, 0xD83A, 0xDD32, 0x20, 0xD83A, 0xDD14, 0xD83A, 0xDD22, 0xD83A, 0xDD28, 0xD83A, 0xDD22, 0xD83A, 0xDD32, 0xD83A, 0xDD33, 0xD83A, 0xDD2E));
					if (count == 1) return String(CharArray::of(0xD83A, 0xDD34, 0xD83A, 0xDD2B, 0xD83A, 0xDD32, 0x20, 0xD83A, 0xDD14, 0xD83A, 0xDD22, 0xD83A, 0xDD28, 0xD83A, 0xDD22, 0xD83A, 0xDD32, 0xD83A, 0xDD33, 0xD83A, 0xDD2E));
					if (count != 1) return String(CharArray::of(0xD83A, 0xDD34, 0xD83A, 0xDD2B, 0xD83A, 0xDD32, 0xD83A, 0xDD36, 0xD83A, 0xDD2D, 0x20, 0xD83A, 0xDD14, 0xD83A, 0xDD22, 0xD83A, 0xDD28, 0xD83A, 0xDD22, 0xD83A, 0xDD32, 0xD83A, 0xDD33, 0xD83A, 0xDD2E));
					break;
				case 133:
					if (count == -1) return String(CharArray::of(0xD83A, 0xDD05, 0xD83A, 0xDD2D, 0xD83A, 0xDD24, 0xD83A, 0xDD2D, 0xD83A, 0xDD32, 0x20, 0xD83A, 0xDD11, 0xD83A, 0xDD2B, 0xD83A, 0xDD32, 0xD83A, 0xDD2D, 0xD83A, 0xDD34, 0xD83A, 0xDD22, 0xD83A, 0xDD32, 0xD83A, 0xDD33, 0xD83A, 0xDD2E));
					if (count == 1) return String(CharArray::of(0xD83A, 0xDD27, 0xD83A, 0xDD2D, 0xD83A, 0xDD24, 0xD83A, 0xDD2D, 0xD83A, 0xDD32, 0x20, 0xD83A, 0xDD11, 0xD83A, 0xDD2B, 0xD83A, 0xDD32, 0xD83A, 0xDD2D, 0xD83A, 0xDD34, 0xD83A, 0xDD22, 0xD83A, 0xDD32, 0xD83A, 0xDD33, 0xD83A, 0xDD2E));
					if (count != 1) return String(CharArray::of(0xD83A, 0xDD27, 0xD83A, 0xDD2D, 0xD83A, 0xDD24, 0xD83A, 0xDD2D, 0xD83A, 0xDD32, 0xD83A, 0xDD36, 0xD83A, 0xDD2D, 0x20, 0xD83A, 0xDD11, 0xD83A, 0xDD2B, 0xD83A, 0xDD32, 0xD83A, 0xDD2D, 0xD83A, 0xDD34, 0xD83A, 0xDD22, 0xD83A, 0xDD32, 0xD83A, 0xDD33, 0xD83A, 0xDD2E));
					break;
				case 134:
					if (count == -1) return String(CharArray::of(0xD83A, 0xDD05, 0xD83A, 0xDD2E, 0xD83A, 0xDD25, 0xD83A, 0xDD35, 0x20, 0xD83A, 0xDD11, 0xD83A, 0xDD2D, 0xD83A, 0xDD2A, 0xD83A, 0xDD3A, 0xD83A, 0xDD2D, 0xD83A, 0xDD27, 0xD83A, 0xDD3C, 0xD83A, 0xDD22, 0xD83A, 0xDD32, 0xD83A, 0xDD2D, 0xD83A, 0xDD32, 0xD83A, 0xDD33, 0xD83A, 0xDD2E));
					if (count == 1) return String(CharArray::of(0xD83A, 0xDD27, 0xD83A, 0xDD2E, 0xD83A, 0xDD25, 0xD83A, 0xDD35, 0x20, 0xD83A, 0xDD11, 0xD83A, 0xDD2D, 0xD83A, 0xDD2A, 0xD83A, 0xDD3A, 0xD83A, 0xDD2D, 0xD83A, 0xDD27, 0xD83A, 0xDD3C, 0xD83A, 0xDD22, 0xD83A, 0xDD32, 0xD83A, 0xDD2D, 0xD83A, 0xDD32, 0xD83A, 0xDD33, 0xD83A, 0xDD2E));
					if (count != 1) return String(CharArray::of(0xD83A, 0xDD27, 0xD83A, 0xDD2E, 0xD83A, 0xDD25, 0xD83A, 0xDD35, 0xD83A, 0xDD45, 0xD83A, 0xDD36, 0xD83A, 0xDD2D, 0x20, 0xD83A, 0xDD11, 0xD83A, 0xDD2D, 0xD83A, 0xDD2A, 0xD83A, 0xDD3A, 0xD83A, 0xDD2D, 0xD83A, 0xDD27, 0xD83A, 0xDD3C, 0xD83A, 0xDD22, 0xD83A, 0xDD32, 0xD83A, 0xDD2D, 0xD83A, 0xDD32, 0xD83A, 0xDD33, 0xD83A, 0xDD2E));
					break;
				case 135:
					if (count == -1) return String(CharArray::of(0xD83A, 0xDD08, 0xD83A, 0xDD2D, 0xD83A, 0xDD34, 0xD83A, 0xDD22, 0xD83A, 0xDD24, 0x20, 0xD83A, 0xDD11, 0xD83A, 0xDD22, 0xD83A, 0xDD25, 0xD83A, 0xDD26, 0xD83A, 0xDD2E, 0xD83A, 0xDD23, 0xD83A, 0xDD2D, 0xD83A, 0xDD34, 0xD83A, 0xDD22, 0xD83A, 0xDD32, 0xD83A, 0xDD33, 0xD83A, 0xDD2E));
					if (count == 1) return String(CharArray::of(0xD83A, 0xDD2A, 0xD83A, 0xDD2D, 0xD83A, 0xDD34, 0xD83A, 0xDD22, 0xD83A, 0xDD24, 0x20, 0xD83A, 0xDD11, 0xD83A, 0xDD22, 0xD83A, 0xDD25, 0xD83A, 0xDD26, 0xD83A, 0xDD2E, 0xD83A, 0xDD23, 0xD83A, 0xDD2D, 0xD83A, 0xDD34, 0xD83A, 0xDD22, 0xD83A, 0xDD32, 0xD83A, 0xDD33, 0xD83A, 0xDD2E));
					if (count != 1) return String(CharArray::of(0xD83A, 0xDD2A, 0xD83A, 0xDD2D, 0xD83A, 0xDD34, 0xD83A, 0xDD22, 0xD83A, 0xDD24, 0xD83A, 0xDD36, 0xD83A, 0xDD2D, 0x20, 0xD83A, 0xDD11, 0xD83A, 0xDD22, 0xD83A, 0xDD25, 0xD83A, 0xDD26, 0xD83A, 0xDD2E, 0xD83A, 0xDD23, 0xD83A, 0xDD2D, 0xD83A, 0xDD34, 0xD83A, 0xDD22, 0xD83A, 0xDD32, 0xD83A, 0xDD33, 0xD83A, 0xDD2E));
					break;
				case 136:
					if (count == -1) return String(CharArray::of(0xD83A, 0xDD0A, 0xD83A, 0xDD22, 0xD83A, 0xDD2A, 0xD83A, 0xDD22, 0xD83A, 0xDD32, 0x20, 0xD83A, 0xDD11, 0xD83A, 0xDD2E, 0xD83A, 0xDD25, 0xD83A, 0xDD2E, 0xD83A, 0xDD2A, 0xD83A, 0xDD2D, 0xD83A, 0xDD32, 0xD83A, 0xDD33, 0xD83A, 0xDD2E));
					if (count == 1) return String(CharArray::of(0xD83A, 0xDD2C, 0xD83A, 0xDD22, 0xD83A, 0xDD2A, 0xD83A, 0xDD22, 0xD83A, 0xDD32, 0x20, 0xD83A, 0xDD11, 0xD83A, 0xDD2E, 0xD83A, 0xDD25, 0xD83A, 0xDD2E, 0xD83A, 0xDD2A, 0xD83A, 0xDD2D, 0xD83A, 0xDD32, 0xD83A, 0xDD33, 0xD83A, 0xDD2E));
					if (count != 1) return String(CharArray::of(0xD83A, 0xDD2C, 0xD83A, 0xDD22, 0xD83A, 0xDD2A, 0xD83A, 0xDD22, 0xD83A, 0xDD32, 0xD83A, 0xDD36, 0xD83A, 0xDD2D, 0x20, 0xD83A, 0xDD11, 0xD83A, 0xDD2E, 0xD83A, 0xDD25, 0xD83A, 0xDD2E, 0xD83A, 0xDD2A, 0xD83A, 0xDD2D, 0xD83A, 0xDD32, 0xD83A, 0xDD33, 0xD83A, 0xDD2E));
					break;
				case 137:
					if (count == -1) return String(CharArray::of(0xD83A, 0xDD0F, 0xD83A, 0xDD2E, 0xD83A, 0xDD32, 0x20, 0xD83A, 0xDD01, 0xD83A, 0xDD2E, 0xD83A, 0xDD31, 0xD83A, 0xDD23, 0xD83A, 0xDD2E, 0xD83A, 0xDD31, 0xD83A, 0xDD2A, 0xD83A, 0xDD2D, 0x20, 0xD83A, 0xDD11, 0xD83A, 0xDD2E, 0xD83A, 0xDD45, 0xD83A, 0xDD2A, 0xD83A, 0xDD2B, 0xD83A, 0xDD34, 0xD83A, 0xDD22, 0xD83A, 0xDD32, 0xD83A, 0xDD33, 0xD83A, 0xDD2E));
					if (count == 1) return String(CharArray::of(0xD83A, 0xDD31, 0xD83A, 0xDD2E, 0xD83A, 0xDD32, 0x20, 0xD83A, 0xDD01, 0xD83A, 0xDD2E, 0xD83A, 0xDD31, 0xD83A, 0xDD23, 0xD83A, 0xDD2E, 0xD83A, 0xDD31, 0xD83A, 0xDD2A, 0xD83A, 0xDD2D, 0x20, 0xD83A, 0xDD11, 0xD83A, 0xDD2E, 0xD83A, 0xDD45, 0xD83A, 0xDD2A, 0xD83A, 0xDD2B, 0xD83A, 0xDD34, 0xD83A, 0xDD22, 0xD83A, 0xDD32, 0xD83A, 0xDD33, 0xD83A, 0xDD2E));
					if (count != 1) return String(CharArray::of(0xD83A, 0xDD31, 0xD83A, 0xDD2E, 0xD83A, 0xDD32, 0xD83A, 0xDD36, 0xD83A, 0xDD2D, 0x20, 0xD83A, 0xDD01, 0xD83A, 0xDD2E, 0xD83A, 0xDD31, 0xD83A, 0xDD23, 0xD83A, 0xDD2E, 0xD83A, 0xDD31, 0xD83A, 0xDD2A, 0xD83A, 0xDD2D, 0x20, 0xD83A, 0xDD11, 0xD83A, 0xDD2E, 0xD83A, 0xDD45, 0xD83A, 0xDD2A, 0xD83A, 0xDD2B, 0xD83A, 0xDD34, 0xD83A, 0xDD22, 0xD83A, 0xDD32, 0xD83A, 0xDD33, 0xD83A, 0xDD2E));
					break;
				case 140:
					if (count == -1) return String(CharArray::of(0xD83A, 0xDD31, 0xD83A, 0xDD2E, 0xD83A, 0xDD32, 0x20, 0xD83A, 0xDD02, 0xD83A, 0xDD2B, 0xD83A, 0xDD34, 0xD83A, 0xDD24, 0xD83A, 0xDD2B, 0xD83A, 0xDD34, 0xD83A, 0xDD2A, 0xD83A, 0xDD2D, 0x20, 0xD83A, 0xDD11, 0xD83A, 0xDD2E, 0xD83A, 0xDD45, 0xD83A, 0xDD2A, 0xD83A, 0xDD2B, 0xD83A, 0xDD34, 0xD83A, 0xDD22, 0xD83A, 0xDD32, 0xD83A, 0xDD33, 0xD83A, 0xDD2E));
					if (count == 1) return String(CharArray::of(0xD83A, 0xDD31, 0xD83A, 0xDD2E, 0xD83A, 0xDD32, 0x20, 0xD83A, 0xDD24, 0xD83A, 0xDD2B, 0xD83A, 0xDD34, 0xD83A, 0xDD24, 0xD83A, 0xDD2B, 0xD83A, 0xDD34, 0xD83A, 0xDD2A, 0xD83A, 0xDD2D, 0x20, 0xD83A, 0xDD11, 0xD83A, 0xDD2E, 0xD83A, 0xDD45, 0xD83A, 0xDD2A, 0xD83A, 0xDD2B, 0xD83A, 0xDD34, 0xD83A, 0xDD22, 0xD83A, 0xDD32, 0xD83A, 0xDD33, 0xD83A, 0xDD2E));
					if (count != 1) return String(CharArray::of(0xD83A, 0xDD31, 0xD83A, 0xDD2E, 0xD83A, 0xDD32, 0xD83A, 0xDD36, 0xD83A, 0xDD2D, 0x20, 0xD83A, 0xDD24, 0xD83A, 0xDD2B, 0xD83A, 0xDD34, 0xD83A, 0xDD24, 0xD83A, 0xDD2B, 0xD83A, 0xDD34, 0xD83A, 0xDD2A, 0xD83A, 0xDD2D, 0x20, 0xD83A, 0xDD11, 0xD83A, 0xDD2E, 0xD83A, 0xDD45, 0xD83A, 0xDD2A, 0xD83A, 0xDD2B, 0xD83A, 0xDD34, 0xD83A, 0xDD22, 0xD83A, 0xDD32, 0xD83A, 0xDD33, 0xD83A, 0xDD2E));
					break;
				case 141:
					if (count == -1) return String(CharArray::of(0xD83A, 0xDD01, 0xD83A, 0xDD0B, 0xD83A, 0xDD32, 0xD83A, 0xDD22, 0xD83A, 0xDD44, 0xD83A, 0xDD2A, 0x20, 0xD83A, 0xDD11, 0xD83A, 0xDD35, 0xD83A, 0xDD31, 0xD83A, 0xDD22, 0xD83A, 0xDD34, 0xD83A, 0xDD3C, 0xD83A, 0xDD2D, 0xD83A, 0xDD34, 0xD83A, 0xDD22, 0xD83A, 0xDD32, 0xD83A, 0xDD33, 0xD83A, 0xDD2E));
					if (count == 1) return String(CharArray::of(0xD83A, 0xDD23, 0xD83A, 0xDD0B, 0xD83A, 0xDD32, 0xD83A, 0xDD22, 0xD83A, 0xDD44, 0xD83A, 0xDD2A, 0x20, 0xD83A, 0xDD11, 0xD83A, 0xDD35, 0xD83A, 0xDD31, 0xD83A, 0xDD22, 0xD83A, 0xDD34, 0xD83A, 0xDD3C, 0xD83A, 0xDD2D, 0xD83A, 0xDD34, 0xD83A, 0xDD22, 0xD83A, 0xDD32, 0xD83A, 0xDD33, 0xD83A, 0xDD2E));
					if (count != 1) return String(CharArray::of(0xD83A, 0xDD23, 0xD83A, 0xDD0B, 0xD83A, 0xDD32, 0xD83A, 0xDD22, 0xD83A, 0xDD44, 0xD83A, 0xDD2A, 0xD83A, 0xDD36, 0xD83A, 0xDD2D, 0x20, 0xD83A, 0xDD11, 0xD83A, 0xDD35, 0xD83A, 0xDD31, 0xD83A, 0xDD22, 0xD83A, 0xDD34, 0xD83A, 0xDD3C, 0xD83A, 0xDD2D, 0xD83A, 0xDD34, 0xD83A, 0xDD22, 0xD83A, 0xDD32, 0xD83A, 0xDD33, 0xD83A, 0xDD2E));
					break;
				case 142:
					if (count == -1) return String(CharArray::of(0xD83A, 0xDD01, 0xD83A, 0xDD22, 0xD83A, 0xDD24, 0xD83A, 0xDD22, 0x20, 0xD83A, 0xDD05, 0xD83A, 0xDD35, 0xD83A, 0xDD2A, 0xD83A, 0xDD2D, 0xD83A, 0xDD45, 0xD83A, 0xDD36, 0xD83A, 0xDD2B, 0x20, 0xD83A, 0xDD11, 0xD83A, 0xDD22, 0xD83A, 0xDD34, 0xD83A, 0xDD25, 0xD83A, 0xDD22, 0xD83A, 0xDD44, 0xD83A, 0xDD32));
					if (count == 1) return String(CharArray::of(0xD83A, 0xDD01, 0xD83A, 0xDD22, 0xD83A, 0xDD24, 0xD83A, 0xDD22, 0x20, 0xD83A, 0xDD05, 0xD83A, 0xDD35, 0xD83A, 0xDD2A, 0xD83A, 0xDD2D, 0xD83A, 0xDD45, 0xD83A, 0xDD36, 0xD83A, 0xDD2B, 0x20, 0xD83A, 0xDD11, 0xD83A, 0xDD22, 0xD83A, 0xDD34, 0xD83A, 0xDD25, 0xD83A, 0xDD22, 0xD83A, 0xDD44, 0xD83A, 0xDD32));
					if (count != 1) return String(CharArray::of(0xD83A, 0xDD01, 0xD83A, 0xDD22, 0xD83A, 0xDD24, 0xD83A, 0xDD22, 0xD83A, 0xDD44, 0xD83A, 0xDD36, 0xD83A, 0xDD2D, 0x20, 0xD83A, 0xDD05, 0xD83A, 0xDD35, 0xD83A, 0xDD2A, 0xD83A, 0xDD2D, 0xD83A, 0xDD45, 0xD83A, 0xDD36, 0xD83A, 0xDD2B, 0x20, 0xD83A, 0xDD11, 0xD83A, 0xDD22, 0xD83A, 0xDD34, 0xD83A, 0xDD25, 0xD83A, 0xDD22, 0xD83A, 0xDD44, 0xD83A, 0xDD32));
					break;
				case 143:
					if (count == -1) return String(CharArray::of(0xD83A, 0xDD1A, 0xD83A, 0xDD2B, 0xD83A, 0xDD32, 0xD83A, 0xDD3A, 0xD83A, 0xDD2B, 0x20, 0xD83A, 0xDD11, 0xD83A, 0xDD22, 0xD83A, 0xDD41, 0xD83A, 0xDD22, 0xD83A, 0xDD33, 0xD83A, 0xDD2D, 0xD83A, 0xDD27, 0xD83A, 0xDD3C, 0xD83A, 0xDD22, 0xD83A, 0xDD32, 0xD83A, 0xDD2D, 0xD83A, 0xDD32, 0xD83A, 0xDD33, 0xD83A, 0xDD2E));
					if (count == 1) return String(CharArray::of(0xD83A, 0xDD3C, 0xD83A, 0xDD2B, 0xD83A, 0xDD32, 0xD83A, 0xDD3A, 0xD83A, 0xDD2B, 0x20, 0xD83A, 0xDD11, 0xD83A, 0xDD22, 0xD83A, 0xDD41, 0xD83A, 0xDD22, 0xD83A, 0xDD33, 0xD83A, 0xDD2D, 0xD83A, 0xDD27, 0xD83A, 0xDD3C, 0xD83A, 0xDD22, 0xD83A, 0xDD32, 0xD83A, 0xDD2D, 0xD83A, 0xDD32, 0xD83A, 0xDD33, 0xD83A, 0xDD2E));
					if (count != 1) return String(CharArray::of(0xD83A, 0xDD1A, 0xD83A, 0xDD2B, 0xD83A, 0xDD32, 0xD83A, 0xDD3A, 0xD83A, 0xDD2B, 0xD83A, 0xDD45, 0xD83A, 0xDD36, 0xD83A, 0xDD2D, 0x20, 0xD83A, 0xDD11, 0xD83A, 0xDD22, 0xD83A, 0xDD41, 0xD83A, 0xDD22, 0xD83A, 0xDD33, 0xD83A, 0xDD2D, 0xD83A, 0xDD27, 0xD83A, 0xDD3C, 0xD83A, 0xDD22, 0xD83A, 0xDD32, 0xD83A, 0xDD2D, 0xD83A, 0xDD32, 0xD83A, 0xDD33, 0xD83A, 0xDD2E));
					break;
				case 144:
					if (count == -1) return String(CharArray::of(0xD83A, 0xDD11, 0xD83A, 0xDD2D, 0xD83A, 0xDD28, 0xD83A, 0xDD35, 0x20, 0xD83A, 0xDD02, 0xD83A, 0xDD22, 0xD83A, 0xDD31, 0xD83A, 0xDD2E, 0xD83A, 0xDD45, 0xD83A, 0xDD27, 0xD83A, 0xDD2D, 0xD83A, 0xDD34, 0xD83A, 0xDD22, 0xD83A, 0xDD32, 0xD83A, 0xDD33, 0xD83A, 0xDD2E));
					if (count == 1) return String(CharArray::of(0xD83A, 0xDD33, 0xD83A, 0xDD2D, 0xD83A, 0xDD28, 0xD83A, 0xDD35, 0x20, 0xD83A, 0xDD02, 0xD83A, 0xDD22, 0xD83A, 0xDD31, 0xD83A, 0xDD2E, 0xD83A, 0xDD45, 0xD83A, 0xDD27, 0xD83A, 0xDD2D, 0xD83A, 0xDD34, 0xD83A, 0xDD22, 0xD83A, 0xDD32, 0xD83A, 0xDD33, 0xD83A, 0xDD2E));
					if (count != 1) return String(CharArray::of(0xD83A, 0xDD33, 0xD83A, 0xDD2D, 0xD83A, 0xDD28, 0xD83A, 0xDD35, 0xD83A, 0xDD45, 0xD83A, 0xDD36, 0xD83A, 0xDD2D, 0x20, 0xD83A, 0xDD02, 0xD83A, 0xDD22, 0xD83A, 0xDD31, 0xD83A, 0xDD2E, 0xD83A, 0xDD45, 0xD83A, 0xDD27, 0xD83A, 0xDD2D, 0xD83A, 0xDD34, 0xD83A, 0xDD22, 0xD83A, 0xDD32, 0xD83A, 0xDD33, 0xD83A, 0xDD2E));
					break;
				case 145:
					if (count == -1) return String(CharArray::of(0xD83A, 0xDD06, 0xD83A, 0xDD22, 0xD83A, 0xDD31, 0xD83A, 0xDD32, 0xD83A, 0xDD4B, 0xD83A, 0xDD23, 0xD83A, 0xDD35, 0x20, 0xD83A, 0xDD02, 0xD83A, 0xDD2D, 0xD83A, 0xDD26, 0xD83A, 0xDD22, 0xD83A, 0xDD32, 0xD83A, 0xDD2D, 0xD83A, 0xDD34, 0xD83A, 0xDD22, 0xD83A, 0xDD32, 0xD83A, 0xDD33, 0xD83A, 0xDD2E));
					if (count == 1) return String(CharArray::of(0xD83A, 0xDD28, 0xD83A, 0xDD22, 0xD83A, 0xDD31, 0xD83A, 0xDD32, 0xD83A, 0xDD4B, 0xD83A, 0xDD23, 0xD83A, 0xDD35, 0x20, 0xD83A, 0xDD02, 0xD83A, 0xDD2D, 0xD83A, 0xDD26, 0xD83A, 0xDD22, 0xD83A, 0xDD32, 0xD83A, 0xDD2D, 0xD83A, 0xDD34, 0xD83A, 0xDD22, 0xD83A, 0xDD32, 0xD83A, 0xDD33, 0xD83A, 0xDD2E));
					if (count != 1) return String(CharArray::of(0xD83A, 0xDD28, 0xD83A, 0xDD22, 0xD83A, 0xDD31, 0xD83A, 0xDD2F, 0xD83A, 0xDD2D, 0x20, 0xD83A, 0xDD02, 0xD83A, 0xDD2D, 0xD83A, 0xDD26, 0xD83A, 0xDD22, 0xD83A, 0xDD32, 0xD83A, 0xDD2D, 0xD83A, 0xDD34, 0xD83A, 0xDD22, 0xD83A, 0xDD32, 0xD83A, 0xDD33, 0xD83A, 0xDD2E));
					break;
				case 146:
					if (count == -1) return String(CharArray::of(0xD83A, 0xDD08, 0xD83A, 0xDD35, 0xD83A, 0xDD45, 0xD83A, 0xDD28, 0xD83A, 0xDD2D, 0xD83A, 0xDD45, 0x20, 0xD83A, 0xDD05, 0xD83A, 0xDD2D, 0xD83A, 0xDD2A, 0xD83A, 0xDD2D, 0x2D, 0xD83A, 0xDD02, 0xD83A, 0xDD22, 0xD83A, 0xDD32, 0xD83A, 0xDD33, 0xD83A, 0xDD22, 0xD83A, 0xDD32, 0xD83A, 0xDD2D, 0xD83A, 0xDD34, 0xD83A, 0xDD22, 0xD83A, 0xDD32, 0xD83A, 0xDD33, 0xD83A, 0xDD2E));
					if (count == 1) return String(CharArray::of(0xD83A, 0xDD2A, 0xD83A, 0xDD35, 0xD83A, 0xDD45, 0xD83A, 0xDD28, 0xD83A, 0xDD2D, 0xD83A, 0xDD45, 0x20, 0xD83A, 0xDD05, 0xD83A, 0xDD2D, 0xD83A, 0xDD2A, 0xD83A, 0xDD2D, 0x2D, 0xD83A, 0xDD02, 0xD83A, 0xDD22, 0xD83A, 0xDD32, 0xD83A, 0xDD33, 0xD83A, 0xDD22, 0xD83A, 0xDD32, 0xD83A, 0xDD2D, 0xD83A, 0xDD34, 0xD83A, 0xDD22, 0xD83A, 0xDD32, 0xD83A, 0xDD33, 0xD83A, 0xDD2E));
					if (count != 1) return String(CharArray::of(0xD83A, 0xDD2A, 0xD83A, 0xDD35, 0xD83A, 0xDD45, 0xD83A, 0xDD28, 0xD83A, 0xDD2D, 0xD83A, 0xDD45, 0xD83A, 0xDD36, 0xD83A, 0xDD2D, 0x20, 0xD83A, 0xDD05, 0xD83A, 0xDD2D, 0xD83A, 0xDD2A, 0xD83A, 0xDD2D, 0x2D, 0xD83A, 0xDD02, 0xD83A, 0xDD22, 0xD83A, 0xDD32, 0xD83A, 0xDD33, 0xD83A, 0xDD22, 0xD83A, 0xDD32, 0xD83A, 0xDD2D, 0xD83A, 0xDD34, 0xD83A, 0xDD22, 0xD83A, 0xDD32, 0xD83A, 0xDD33, 0xD83A, 0xDD2E));
					break;
				case 147:
					if (count == -1) return String(CharArray::of(0xD83A, 0xDD01, 0xD83A, 0xDD22, 0xD83A, 0xDD24, 0xD83A, 0xDD22, 0x20, 0xD83A, 0xDD02, 0xD83A, 0xDD2D, 0xD83A, 0xDD26, 0xD83A, 0xDD2B, 0xD83A, 0xDD2A, 0xD83A, 0xDD2D, 0xD83A, 0xDD34, 0xD83A, 0xDD22, 0xD83A, 0xDD32, 0xD83A, 0xDD33, 0xD83A, 0xDD2E));
					if (count == 1) return String(CharArray::of(0xD83A, 0xDD23, 0xD83A, 0xDD22, 0xD83A, 0xDD24, 0xD83A, 0xDD22, 0x20, 0xD83A, 0xDD02, 0xD83A, 0xDD2D, 0xD83A, 0xDD26, 0xD83A, 0xDD2B, 0xD83A, 0xDD2A, 0xD83A, 0xDD2D, 0xD83A, 0xDD34, 0xD83A, 0xDD22, 0xD83A, 0xDD32, 0xD83A, 0xDD33, 0xD83A, 0xDD2E));
					if (count != 1) return String(CharArray::of(0xD83A, 0xDD23, 0xD83A, 0xDD22, 0xD83A, 0xDD24, 0xD83A, 0xDD22, 0xD83A, 0xDD44, 0xD83A, 0xDD36, 0xD83A, 0xDD2D, 0x20, 0xD83A, 0xDD02, 0xD83A, 0xDD2D, 0xD83A, 0xDD26, 0xD83A, 0xDD2B, 0xD83A, 0xDD2A, 0xD83A, 0xDD2D, 0xD83A, 0xDD34, 0xD83A, 0xDD22, 0xD83A, 0xDD32, 0xD83A, 0xDD33, 0xD83A, 0xDD2E));
					break;
				case 156:
					if (count == -1) return String(CharArray::of(0xD83A, 0xDD01, 0xD83A, 0xDD2D, 0xD83A, 0xDD32, 0xD83A, 0xDD22, 0xD83A, 0xDD44, 0xD83A, 0xDD2A, 0x20, 0xD83A, 0xDD02, 0xD83A, 0xDD2D, 0xD83A, 0xDD26, 0xD83A, 0xDD2D, 0xD83A, 0xDD34, 0xD83A, 0xDD22, 0xD83A, 0xDD32, 0xD83A, 0xDD33, 0xD83A, 0xDD2E));
					if (count == 1) return String(CharArray::of(0xD83A, 0xDD23, 0xD83A, 0xDD2D, 0xD83A, 0xDD32, 0xD83A, 0xDD22, 0xD83A, 0xDD44, 0xD83A, 0xDD2A, 0x20, 0xD83A, 0xDD02, 0xD83A, 0xDD2D, 0xD83A, 0xDD26, 0xD83A, 0xDD2D, 0xD83A, 0xDD34, 0xD83A, 0xDD22, 0xD83A, 0xDD32, 0xD83A, 0xDD33, 0xD83A, 0xDD2E));
					if (count != 1) return String(CharArray::of(0xD83A, 0xDD23, 0xD83A, 0xDD2D, 0xD83A, 0xDD32, 0xD83A, 0xDD22, 0xD83A, 0xDD44, 0xD83A, 0xDD2A, 0xD83A, 0xDD36, 0xD83A, 0xDD2D, 0x20, 0xD83A, 0xDD02, 0xD83A, 0xDD2D, 0xD83A, 0xDD26, 0xD83A, 0xDD2D, 0xD83A, 0xDD34, 0xD83A, 0xDD22, 0xD83A, 0xDD32, 0xD83A, 0xDD33, 0xD83A, 0xDD2E));
					break;
				case 157:
					if (count == -1) return String(CharArray::of(0xD83A, 0xDD01, 0xD83A, 0xDD2D, 0xD83A, 0xDD2A, 0xD83A, 0xDD38, 0xD83A, 0xDD22, 0xD83A, 0xDD25, 0xD83A, 0xDD35, 0x20, 0xD83A, 0xDD03, 0xD83A, 0xDD2E, 0xD83A, 0xDD2A, 0xD83A, 0xDD2E, 0xD83A, 0xDD33, 0xD83A, 0xDD22, 0xD83A, 0xDD32, 0xD83A, 0xDD33, 0xD83A, 0xDD2E));
					if (count == 1) return String(CharArray::of(0xD83A, 0xDD23, 0xD83A, 0xDD2D, 0xD83A, 0xDD2A, 0xD83A, 0xDD38, 0xD83A, 0xDD22, 0xD83A, 0xDD25, 0xD83A, 0xDD35, 0x20, 0xD83A, 0xDD03, 0xD83A, 0xDD2E, 0xD83A, 0xDD2A, 0xD83A, 0xDD2E, 0xD83A, 0xDD33, 0xD83A, 0xDD22, 0xD83A, 0xDD32, 0xD83A, 0xDD33, 0xD83A, 0xDD2E));
					if (count != 1) return String(CharArray::of(0xD83A, 0xDD01, 0xD83A, 0xDD2D, 0xD83A, 0xDD2A, 0xD83A, 0xDD38, 0xD83A, 0xDD22, 0xD83A, 0xDD25, 0xD83A, 0xDD35, 0xD83A, 0xDD45, 0xD83A, 0xDD36, 0xD83A, 0xDD2D, 0x20, 0xD83A, 0xDD03, 0xD83A, 0xDD2E, 0xD83A, 0xDD2A, 0xD83A, 0xDD2E, 0xD83A, 0xDD33, 0xD83A, 0xDD22, 0xD83A, 0xDD32, 0xD83A, 0xDD33, 0xD83A, 0xDD2E));
					break;
				case 161:
					if (count == -1) return String(CharArray::of(0xD83A, 0xDD02, 0xD83A, 0xDD2D, 0xD83A, 0xDD45, 0xD83A, 0xDD31, 0xD83A, 0xDD2E, 0x20, 0xD83A, 0xDD03, 0xD83A, 0xDD2E, 0xD83A, 0xDD24, 0xD83A, 0xDD23, 0xD83A, 0xDD2E, 0xD83A, 0xDD3E, 0xD83A, 0xDD22, 0xD83A, 0xDD32, 0xD83A, 0xDD33, 0xD83A, 0xDD2E));
					if (count == 1) return String(CharArray::of(0xD83A, 0xDD24, 0xD83A, 0xDD2D, 0xD83A, 0xDD45, 0xD83A, 0xDD31, 0xD83A, 0xDD2E, 0x20, 0xD83A, 0xDD03, 0xD83A, 0xDD2E, 0xD83A, 0xDD24, 0xD83A, 0xDD23, 0xD83A, 0xDD2E, 0xD83A, 0xDD3E, 0xD83A, 0xDD22, 0xD83A, 0xDD32, 0xD83A, 0xDD33, 0xD83A, 0xDD2E));
					if (count != 1) return String(CharArray::of(0xD83A, 0xDD24, 0xD83A, 0xDD2D, 0xD83A, 0xDD45, 0xD83A, 0xDD31, 0xD83A, 0xDD2E, 0xD83A, 0xDD45, 0xD83A, 0xDD36, 0xD83A, 0xDD2D, 0x20, 0xD83A, 0xDD03, 0xD83A, 0xDD2E, 0xD83A, 0xDD24, 0xD83A, 0xDD23, 0xD83A, 0xDD2E, 0xD83A, 0xDD3E, 0xD83A, 0xDD22, 0xD83A, 0xDD32, 0xD83A, 0xDD33, 0xD83A, 0xDD2E));
					break;
				case 162:
					if (count == -1) return String(CharArray::of(0xD83A, 0xDD00, 0xD83A, 0xDD2A, 0xD83A, 0xDD2D, 0xD83A, 0xDD34, 0xD83A, 0xDD22, 0xD83A, 0xDD2A, 0xD83A, 0xDD2D, 0x20, 0xD83A, 0xDD03, 0xD83A, 0xDD22, 0xD83A, 0xDD24, 0xD83A, 0xDD3A, 0xD83A, 0xDD22, 0xD83A, 0xDD32, 0xD83A, 0xDD2D, 0xD83A, 0xDD32, 0xD83A, 0xDD33, 0xD83A, 0xDD2E));
					if (count == 1) return String(CharArray::of(0xD83A, 0xDD22, 0xD83A, 0xDD2A, 0xD83A, 0xDD2D, 0xD83A, 0xDD34, 0xD83A, 0xDD22, 0xD83A, 0xDD2A, 0xD83A, 0xDD2D, 0x20, 0xD83A, 0xDD03, 0xD83A, 0xDD22, 0xD83A, 0xDD24, 0xD83A, 0xDD3A, 0xD83A, 0xDD22, 0xD83A, 0xDD32, 0xD83A, 0xDD2D, 0xD83A, 0xDD32, 0xD83A, 0xDD33, 0xD83A, 0xDD2E));
					if (count != 1) return String(CharArray::of(0xD83A, 0xDD00, 0xD83A, 0xDD2A, 0xD83A, 0xDD2D, 0xD83A, 0xDD34, 0xD83A, 0xDD22, 0xD83A, 0xDD2A, 0xD83A, 0xDD2D, 0xD83A, 0xDD45, 0xD83A, 0xDD36, 0xD83A, 0xDD2D, 0x20, 0xD83A, 0xDD03, 0xD83A, 0xDD22, 0xD83A, 0xDD24, 0xD83A, 0xDD3A, 0xD83A, 0xDD22, 0xD83A, 0xDD32, 0xD83A, 0xDD2D, 0xD83A, 0xDD32, 0xD83A, 0xDD33, 0xD83A, 0xDD2E));
					break;
				case 164:
					if (count == -1) return String(CharArray::of(0xD83A, 0xDD01, 0xD83A, 0xDD2D, 0xD83A, 0xDD32, 0xD83A, 0xDD22, 0xD83A, 0xDD44, 0xD83A, 0xDD2A, 0x20, 0xD83A, 0xDD03, 0xD83A, 0xDD22, 0xD83A, 0xDD27, 0xD83A, 0xDD2B, 0xD83A, 0xDD23, 0xD83A, 0xDD2E, 0xD83A, 0xDD32, 0xD83A, 0xDD2D, 0xD83A, 0xDD32, 0xD83A, 0xDD33, 0xD83A, 0xDD2E));
					if (count == 1) return String(CharArray::of(0xD83A, 0xDD01, 0xD83A, 0xDD2D, 0xD83A, 0xDD32, 0xD83A, 0xDD22, 0xD83A, 0xDD44, 0xD83A, 0xDD2A, 0x20, 0xD83A, 0xDD03, 0xD83A, 0xDD22, 0xD83A, 0xDD27, 0xD83A, 0xDD2B, 0xD83A, 0xDD23, 0xD83A, 0xDD2E, 0xD83A, 0xDD32, 0xD83A, 0xDD2D, 0xD83A, 0xDD32, 0xD83A, 0xDD33, 0xD83A, 0xDD2E));
					if (count != 1) return String(CharArray::of(0xD83A, 0xDD01, 0xD83A, 0xDD2D, 0xD83A, 0xDD32, 0xD83A, 0xDD22, 0xD83A, 0xDD44, 0xD83A, 0xDD2A, 0xD83A, 0xDD36, 0xD83A, 0xDD2D, 0x20, 0xD83A, 0xDD03, 0xD83A, 0xDD22, 0xD83A, 0xDD27, 0xD83A, 0xDD2B, 0xD83A, 0xDD23, 0xD83A, 0xDD2E, 0xD83A, 0xDD32, 0xD83A, 0xDD2D, 0xD83A, 0xDD32, 0xD83A, 0xDD33, 0xD83A, 0xDD2E));
					break;
				case 167:
					if (count == -1) return String(CharArray::of(0xD83A, 0xDD11, 0xD83A, 0xDD2D, 0xD83A, 0xDD34, 0xD83A, 0xDD22, 0xD83A, 0xDD3C, 0xD83A, 0xDD35, 0x20, 0xD83A, 0xDD03, 0xD83A, 0xDD2D, 0xD83A, 0xDD34, 0xD83A, 0xDD22, 0xD83A, 0xDD25, 0xD83A, 0xDD22, 0xD83A, 0xDD2A, 0xD83A, 0xDD2D, 0xD83A, 0xDD32, 0xD83A, 0xDD33, 0xD83A, 0xDD2E));
					if (count == 1) return String(CharArray::of(0xD83A, 0xDD33, 0xD83A, 0xDD2D, 0xD83A, 0xDD34, 0xD83A, 0xDD22, 0xD83A, 0xDD3C, 0xD83A, 0xDD35, 0x20, 0xD83A, 0xDD03, 0xD83A, 0xDD2D, 0xD83A, 0xDD34, 0xD83A, 0xDD22, 0xD83A, 0xDD25, 0xD83A, 0xDD22, 0xD83A, 0xDD2A, 0xD83A, 0xDD2D, 0xD83A, 0xDD32, 0xD83A, 0xDD33, 0xD83A, 0xDD2E));
					if (count != 1) return String(CharArray::of(0xD83A, 0xDD33, 0xD83A, 0xDD2D, 0xD83A, 0xDD34, 0xD83A, 0xDD22, 0xD83A, 0xDD3C, 0xD83A, 0xDD35, 0xD83A, 0xDD45, 0xD83A, 0xDD36, 0xD83A, 0xDD2D, 0x20, 0xD83A, 0xDD03, 0xD83A, 0xDD2D, 0xD83A, 0xDD34, 0xD83A, 0xDD22, 0xD83A, 0xDD25, 0xD83A, 0xDD22, 0xD83A, 0xDD2A, 0xD83A, 0xDD2D, 0xD83A, 0xDD32, 0xD83A, 0xDD33, 0xD83A, 0xDD2E));
					break;
				case 168:
					if (count == -1) return String(CharArray::of(0xD83A, 0xDD1A, 0xD83A, 0xDD35, 0xD83A, 0xDD3A, 0xD83A, 0xDD35, 0xD83A, 0xDD2A, 0xD83A, 0xDD2D, 0xD83A, 0xDD33, 0xD83A, 0xDD35, 0x20, 0xD83A, 0xDD03, 0xD83A, 0xDD2E, 0xD83A, 0xDD32, 0xD83A, 0xDD3A, 0xD83A, 0xDD2E, 0xD83A, 0xDD24, 0xD83A, 0xDD2D, 0xD83A, 0xDD34, 0xD83A, 0xDD22, 0xD83A, 0xDD32, 0xD83A, 0xDD33, 0xD83A, 0xDD2E));
					if (count == 1) return String(CharArray::of(0xD83A, 0xDD3C, 0xD83A, 0xDD35, 0xD83A, 0xDD3A, 0xD83A, 0xDD35, 0xD83A, 0xDD2A, 0xD83A, 0xDD2D, 0xD83A, 0xDD33, 0xD83A, 0xDD35, 0x20, 0xD83A, 0xDD03, 0xD83A, 0xDD2E, 0xD83A, 0xDD32, 0xD83A, 0xDD3A, 0xD83A, 0xDD2E, 0xD83A, 0xDD24, 0xD83A, 0xDD2D, 0xD83A, 0xDD34, 0xD83A, 0xDD22, 0xD83A, 0xDD32, 0xD83A, 0xDD33, 0xD83A, 0xDD2E));
					if (count != 1) return String(CharArray::of(0xD83A, 0xDD1A, 0xD83A, 0xDD35, 0xD83A, 0xDD3A, 0xD83A, 0xDD35, 0xD83A, 0xDD2A, 0xD83A, 0xDD2D, 0xD83A, 0xDD33, 0xD83A, 0xDD35, 0xD83A, 0xDD45, 0xD83A, 0xDD36, 0xD83A, 0xDD2D, 0x20, 0xD83A, 0xDD03, 0xD83A, 0xDD2E, 0xD83A, 0xDD32, 0xD83A, 0xDD3A, 0xD83A, 0xDD2E, 0xD83A, 0xDD24, 0xD83A, 0xDD2D, 0xD83A, 0xDD34, 0xD83A, 0xDD22, 0xD83A, 0xDD32, 0xD83A, 0xDD33, 0xD83A, 0xDD2E));
					break;
				case 169:
					if (count == -1) return String(CharArray::of(0xD83A, 0xDD06, 0xD83A, 0xDD22, 0xD83A, 0xDD3C, 0xD83A, 0xDD22, 0xD83A, 0xDD33, 0xD83A, 0xDD22, 0x20, 0xD83A, 0xDD03, 0xD83A, 0xDD22, 0xD83A, 0xDD33, 0xD83A, 0xDD22, 0xD83A, 0xDD31, 0xD83A, 0xDD2E, 0xD83A, 0xDD34, 0xD83A, 0xDD22, 0xD83A, 0xDD32, 0xD83A, 0xDD33, 0xD83A, 0xDD2E));
					if (count == 1) return String(CharArray::of(0xD83A, 0xDD28, 0xD83A, 0xDD22, 0xD83A, 0xDD3C, 0xD83A, 0xDD22, 0xD83A, 0xDD33, 0xD83A, 0xDD22, 0x20, 0xD83A, 0xDD03, 0xD83A, 0xDD22, 0xD83A, 0xDD33, 0xD83A, 0xDD22, 0xD83A, 0xDD31, 0xD83A, 0xDD2E, 0xD83A, 0xDD34, 0xD83A, 0xDD22, 0xD83A, 0xDD32, 0xD83A, 0xDD33, 0xD83A, 0xDD2E));
					if (count != 1) return String(CharArray::of(0xD83A, 0xDD28, 0xD83A, 0xDD22, 0xD83A, 0xDD3C, 0xD83A, 0xDD22, 0xD83A, 0xDD33, 0xD83A, 0xDD22, 0xD83A, 0xDD44, 0xD83A, 0xDD36, 0xD83A, 0xDD2D, 0x20, 0xD83A, 0xDD03, 0xD83A, 0xDD22, 0xD83A, 0xDD33, 0xD83A, 0xDD22, 0xD83A, 0xDD31, 0xD83A, 0xDD2E, 0xD83A, 0xDD34, 0xD83A, 0xDD22, 0xD83A, 0xDD32, 0xD83A, 0xDD33, 0xD83A, 0xDD2E));
					break;
				case 170:
					if (count == -1) return String(CharArray::of(0xD83A, 0xDD13, 0xD83A, 0xDD3A, 0xD83A, 0xDD2D, 0xD83A, 0xDD34, 0xD83A, 0xDD22, 0x20, 0xD83A, 0xDD03, 0xD83A, 0xDD2E, 0xD83A, 0xDD2A, 0xD83A, 0xDD2D, 0xD83A, 0xDD3C, 0xD83A, 0xDD22, 0xD83A, 0xDD32, 0xD83A, 0xDD2D, 0xD83A, 0xDD34, 0xD83A, 0xDD22, 0xD83A, 0xDD32, 0xD83A, 0xDD33, 0xD83A, 0xDD2E, 0x20, 0x28, 0xD83A, 0xDD51, 0xD83A, 0xDD59, 0xD83A, 0xDD57, 0xD83A, 0xDD53, 0x20, 0x2D, 0x20, 0xD83A, 0xDD52, 0xD83A, 0xDD50, 0xD83A, 0xDD51, 0xD83A, 0xDD57, 0x29));
					if (count != 1) return String(CharArray::of(0xD83A, 0xDD35, 0xD83A, 0xDD3A, 0xD83A, 0xDD2D, 0xD83A, 0xDD34, 0xD83A, 0xDD22, 0x20, 0xD83A, 0xDD03, 0xD83A, 0xDD2E, 0xD83A, 0xDD2A, 0xD83A, 0xDD2D, 0xD83A, 0xDD3C, 0xD83A, 0xDD22, 0xD83A, 0xDD32, 0xD83A, 0xDD2D, 0xD83A, 0xDD34, 0xD83A, 0xDD22, 0xD83A, 0xDD32, 0xD83A, 0xDD33, 0xD83A, 0xDD2E, 0x20, 0x28, 0xD83A, 0xDD51, 0xD83A, 0xDD59, 0xD83A, 0xDD57, 0xD83A, 0xDD53, 0x20, 0x2D, 0x20, 0xD83A, 0xDD52, 0xD83A, 0xDD50, 0xD83A, 0xDD51, 0xD83A, 0xDD57, 0x29));
					break;
				case 171:
					if (count == -1) return String(CharArray::of(0xD83A, 0xDD13, 0xD83A, 0xDD3A, 0xD83A, 0xDD2D, 0xD83A, 0xDD34, 0xD83A, 0xDD22, 0x20, 0xD83A, 0xDD03, 0xD83A, 0xDD2E, 0xD83A, 0xDD2A, 0xD83A, 0xDD2D, 0xD83A, 0xDD3C, 0xD83A, 0xDD22, 0xD83A, 0xDD32, 0xD83A, 0xDD2D, 0xD83A, 0xDD34, 0xD83A, 0xDD22, 0xD83A, 0xDD32, 0xD83A, 0xDD33, 0xD83A, 0xDD2E));
					if (count == 1) return String(CharArray::of(0xD83A, 0xDD35, 0xD83A, 0xDD3A, 0xD83A, 0xDD2D, 0xD83A, 0xDD34, 0xD83A, 0xDD22, 0x20, 0xD83A, 0xDD03, 0xD83A, 0xDD2E, 0xD83A, 0xDD2A, 0xD83A, 0xDD2D, 0xD83A, 0xDD3C, 0xD83A, 0xDD22, 0xD83A, 0xDD32, 0xD83A, 0xDD2D, 0xD83A, 0xDD34, 0xD83A, 0xDD22, 0xD83A, 0xDD32, 0xD83A, 0xDD33, 0xD83A, 0xDD2E));
					if (count != 1) return String(CharArray::of(0xD83A, 0xDD35, 0xD83A, 0xDD3A, 0xD83A, 0xDD2D, 0xD83A, 0xDD34, 0xD83A, 0xDD22, 0xD83A, 0xDD44, 0xD83A, 0xDD36, 0xD83A, 0xDD2D, 0x20, 0xD83A, 0xDD03, 0xD83A, 0xDD2E, 0xD83A, 0xDD2A, 0xD83A, 0xDD2D, 0xD83A, 0xDD3C, 0xD83A, 0xDD22, 0xD83A, 0xDD32, 0xD83A, 0xDD2D, 0xD83A, 0xDD34, 0xD83A, 0xDD22, 0xD83A, 0xDD32, 0xD83A, 0xDD33, 0xD83A, 0xDD2E));
					break;
				case 174:
					if (count == -1) return String(CharArray::of(0xD83A, 0xDD08, 0xD83A, 0xDD35, 0xD83A, 0xDD28, 0xD83A, 0xDD2D, 0xD83A, 0xDD45, 0x20, 0xD83A, 0xDD03, 0xD83A, 0xDD2E, 0xD83A, 0xDD2A, 0xD83A, 0xDD2D, 0xD83A, 0xDD27, 0xD83A, 0xDD2D, 0xD83A, 0xDD34, 0xD83A, 0xDD22, 0xD83A, 0xDD32, 0xD83A, 0xDD33, 0xD83A, 0xDD2E));
					if (count == 1) return String(CharArray::of(0xD83A, 0xDD2A, 0xD83A, 0xDD35, 0xD83A, 0xDD28, 0xD83A, 0xDD2D, 0xD83A, 0xDD45, 0x20, 0xD83A, 0xDD03, 0xD83A, 0xDD2E, 0xD83A, 0xDD2A, 0xD83A, 0xDD2D, 0xD83A, 0xDD27, 0xD83A, 0xDD2D, 0xD83A, 0xDD34, 0xD83A, 0xDD22, 0xD83A, 0xDD32, 0xD83A, 0xDD33, 0xD83A, 0xDD2E));
					if (count != 1) return String(CharArray::of(0xD83A, 0xDD2A, 0xD83A, 0xDD35, 0xD83A, 0xDD28, 0xD83A, 0xDD2D, 0xD83A, 0xDD45, 0xD83A, 0xDD36, 0xD83A, 0xDD2D, 0x20, 0xD83A, 0xDD03, 0xD83A, 0xDD2E, 0xD83A, 0xDD2A, 0xD83A, 0xDD2D, 0xD83A, 0xDD27, 0xD83A, 0xDD2D, 0xD83A, 0xDD34, 0xD83A, 0xDD22, 0xD83A, 0xDD32, 0xD83A, 0xDD33, 0xD83A, 0xDD2E));
					break;
				case 175:
					if (count == -1) return String(CharArray::of(0xD83A, 0xDD08, 0xD83A, 0xDD35, 0xD83A, 0xDD45, 0xD83A, 0xDD28, 0xD83A, 0xDD2D, 0xD83A, 0xDD45, 0x20, 0xD83A, 0xDD03, 0xD83A, 0xDD22, 0xD83A, 0xDD24, 0xD83A, 0xDD23, 0xD83A, 0xDD2D, 0xD83A, 0xDD45, 0xD83A, 0xDD2C, 0x20, 0x28, 0xD83A, 0xDD51, 0xD83A, 0xDD59, 0xD83A, 0xDD54, 0xD83A, 0xDD57, 0x2D, 0xD83A, 0xDD51, 0xD83A, 0xDD59, 0xD83A, 0xDD58, 0xD83A, 0xDD51, 0x29));
					if (count == 1) return String(CharArray::of(0xD83A, 0xDD08, 0xD83A, 0xDD35, 0xD83A, 0xDD45, 0xD83A, 0xDD28, 0xD83A, 0xDD2D, 0xD83A, 0xDD45, 0x20, 0xD83A, 0xDD03, 0xD83A, 0xDD22, 0xD83A, 0xDD24, 0xD83A, 0xDD23, 0xD83A, 0xDD2D, 0xD83A, 0xDD45, 0xD83A, 0xDD2C, 0x20, 0x28, 0xD83A, 0xDD51, 0xD83A, 0xDD59, 0xD83A, 0xDD54, 0xD83A, 0xDD57, 0x2D, 0xD83A, 0xDD51, 0xD83A, 0xDD59, 0xD83A, 0xDD58, 0xD83A, 0xDD51, 0x29));
					if (count != 1) return String(CharArray::of(0xD83A, 0xDD08, 0xD83A, 0xDD35, 0xD83A, 0xDD45, 0xD83A, 0xDD28, 0xD83A, 0xDD2D, 0xD83A, 0xDD45, 0xD83A, 0xDD36, 0xD83A, 0xDD2D, 0x20, 0xD83A, 0xDD03, 0xD83A, 0xDD22, 0xD83A, 0xDD24, 0xD83A, 0xDD23, 0xD83A, 0xDD2D, 0xD83A, 0xDD45, 0xD83A, 0xDD2C, 0x20, 0x28, 0xD83A, 0xDD51, 0xD83A, 0xDD59, 0xD83A, 0xDD54, 0xD83A, 0xDD57, 0x2D, 0xD83A, 0xDD51, 0xD83A, 0xDD59, 0xD83A, 0xDD58, 0xD83A, 0xDD51, 0x29));
					break;
				case 176:
					if (count == -1) return String(CharArray::of(0xD83A, 0xDD08, 0xD83A, 0xDD35, 0xD83A, 0xDD2C, 0xD83A, 0xDD2D, 0xD83A, 0xDD34, 0xD83A, 0xDD22, 0xD83A, 0xDD44, 0x20, 0xD83A, 0xDD03, 0xD83A, 0xDD22, 0xD83A, 0xDD24, 0xD83A, 0xDD23, 0xD83A, 0xDD2D, 0xD83A, 0xDD3E, 0xD83A, 0xDD2D, 0xD83A, 0xDD34, 0xD83A, 0xDD22, 0xD83A, 0xDD32, 0xD83A, 0xDD33, 0xD83A, 0xDD2E));
					if (count == 1) return String(CharArray::of(0xD83A, 0xDD2A, 0xD83A, 0xDD35, 0xD83A, 0xDD2C, 0xD83A, 0xDD2D, 0xD83A, 0xDD34, 0xD83A, 0xDD22, 0xD83A, 0xDD44, 0x20, 0xD83A, 0xDD03, 0xD83A, 0xDD22, 0xD83A, 0xDD24, 0xD83A, 0xDD23, 0xD83A, 0xDD2D, 0xD83A, 0xDD3E, 0xD83A, 0xDD2D, 0xD83A, 0xDD34, 0xD83A, 0xDD22, 0xD83A, 0xDD32, 0xD83A, 0xDD33, 0xD83A, 0xDD2E));
					if (count != 1) return String(CharArray::of(0xD83A, 0xDD2A, 0xD83A, 0xDD35, 0xD83A, 0xDD2C, 0xD83A, 0xDD2D, 0xD83A, 0xDD34, 0xD83A, 0xDD22, 0xD83A, 0xDD44, 0xD83A, 0xDD36, 0xD83A, 0xDD2D, 0x20, 0xD83A, 0xDD03, 0xD83A, 0xDD22, 0xD83A, 0xDD24, 0xD83A, 0xDD23, 0xD83A, 0xDD2D, 0xD83A, 0xDD3E, 0xD83A, 0xDD2D, 0xD83A, 0xDD34, 0xD83A, 0xDD22, 0xD83A, 0xDD32, 0xD83A, 0xDD33, 0xD83A, 0xDD2E));
					break;
				case 177:
					if (count == -1) return String(CharArray::of(0xD83A, 0xDD11, 0xD83A, 0xDD22, 0xD83A, 0xDD31, 0xD83A, 0xDD22, 0xD83A, 0xDD37, 0xD83A, 0xDD22, 0x20, 0xD83A, 0xDD03, 0xD83A, 0xDD22, 0xD83A, 0xDD24, 0xD83A, 0xDD22, 0xD83A, 0xDD31, 0xD83A, 0xDD2D, 0xD83A, 0xDD32, 0xD83A, 0xDD33, 0xD83A, 0xDD2E));
					if (count == 1) return String(CharArray::of(0xD83A, 0xDD33, 0xD83A, 0xDD22, 0xD83A, 0xDD31, 0xD83A, 0xDD22, 0xD83A, 0xDD37, 0xD83A, 0xDD22, 0x20, 0xD83A, 0xDD03, 0xD83A, 0xDD22, 0xD83A, 0xDD24, 0xD83A, 0xDD22, 0xD83A, 0xDD31, 0xD83A, 0xDD2D, 0xD83A, 0xDD32, 0xD83A, 0xDD33, 0xD83A, 0xDD2E));
					if (count != 1) return String(CharArray::of(0xD83A, 0xDD33, 0xD83A, 0xDD22, 0xD83A, 0xDD31, 0xD83A, 0xDD22, 0xD83A, 0xDD37, 0xD83A, 0xDD22, 0xD83A, 0xDD44, 0xD83A, 0xDD36, 0xD83A, 0xDD2D, 0x20, 0xD83A, 0xDD03, 0xD83A, 0xDD22, 0xD83A, 0xDD24, 0xD83A, 0xDD22, 0xD83A, 0xDD31, 0xD83A, 0xDD2D, 0xD83A, 0xDD32, 0xD83A, 0xDD33, 0xD83A, 0xDD2E));
					break;
				case 178:
					if (count == -1) return String(CharArray::of(0xD83A, 0xDD06, 0xD83A, 0xDD2B, 0xD83A, 0xDD45, 0xD83A, 0xDD27, 0xD83A, 0xDD2E, 0xD83A, 0xDD45, 0x20, 0xD83A, 0xDD03, 0xD83A, 0xDD2B, 0xD83A, 0xDD33, 0xD83A, 0xDD27, 0xD83A, 0xDD2D, 0xD83A, 0xDD33, 0xD83A, 0xDD2E, 0xD83A, 0xDD34, 0xD83A, 0xDD22, 0xD83A, 0xDD32, 0xD83A, 0xDD33, 0xD83A, 0xDD2E));
					if (count == 1) return String(CharArray::of(0xD83A, 0xDD06, 0xD83A, 0xDD2B, 0xD83A, 0xDD45, 0xD83A, 0xDD27, 0xD83A, 0xDD2E, 0xD83A, 0xDD45, 0x20, 0xD83A, 0xDD25, 0xD83A, 0xDD2B, 0xD83A, 0xDD33, 0xD83A, 0xDD27, 0xD83A, 0xDD2D, 0xD83A, 0xDD33, 0xD83A, 0xDD2E, 0xD83A, 0xDD34, 0xD83A, 0xDD22, 0xD83A, 0xDD32, 0xD83A, 0xDD33, 0xD83A, 0xDD2E));
					if (count != 1) return String(CharArray::of(0xD83A, 0xDD06, 0xD83A, 0xDD2B, 0xD83A, 0xDD45, 0xD83A, 0xDD27, 0xD83A, 0xDD2E, 0xD83A, 0xDD45, 0xD83A, 0xDD36, 0xD83A, 0xDD2D, 0x20, 0xD83A, 0xDD25, 0xD83A, 0xDD2B, 0xD83A, 0xDD33, 0xD83A, 0xDD27, 0xD83A, 0xDD2D, 0xD83A, 0xDD33, 0xD83A, 0xDD2E, 0xD83A, 0xDD34, 0xD83A, 0xDD22, 0xD83A, 0xDD32, 0xD83A, 0xDD33, 0xD83A, 0xDD2E));
					break;
				case 179:
					if (count == -1) return String(CharArray::of(0xD83A, 0xDD11, 0xD83A, 0xDD22, 0xD83A, 0xDD44, 0xD83A, 0xDD24, 0xD83A, 0xDD2D, 0xD83A, 0xDD27, 0xD83A, 0xDD2B, 0x20, 0xD83A, 0xDD06, 0xD83A, 0xDD2B, 0xD83A, 0xDD45, 0xD83A, 0xDD27, 0xD83A, 0xDD2E, 0xD83A, 0xDD45, 0x20, 0xD83A, 0xDD03, 0xD83A, 0xDD2B, 0xD83A, 0xDD33, 0xD83A, 0xDD27, 0xD83A, 0xDD2D, 0xD83A, 0xDD33, 0xD83A, 0xDD2E, 0xD83A, 0xDD34, 0xD83A, 0xDD22, 0xD83A, 0xDD32, 0xD83A, 0xDD33, 0xD83A, 0xDD2E, 0x20, 0x28, 0xD83A, 0xDD51, 0xD83A, 0xDD58, 0xD83A, 0xDD56, 0xD83A, 0xDD51, 0x2D, 0xD83A, 0xDD51, 0xD83A, 0xDD59, 0xD83A, 0xDD59, 0xD83A, 0xDD52, 0x29));
					if (count == 1) return String(CharArray::of(0xD83A, 0xDD11, 0xD83A, 0xDD22, 0xD83A, 0xDD44, 0xD83A, 0xDD24, 0xD83A, 0xDD2D, 0xD83A, 0xDD27, 0xD83A, 0xDD2B, 0x20, 0xD83A, 0xDD28, 0xD83A, 0xDD2B, 0xD83A, 0xDD45, 0xD83A, 0xDD27, 0xD83A, 0xDD2E, 0xD83A, 0xDD45, 0x20, 0xD83A, 0xDD25, 0xD83A, 0xDD2B, 0xD83A, 0xDD33, 0xD83A, 0xDD27, 0xD83A, 0xDD2D, 0xD83A, 0xDD33, 0xD83A, 0xDD2E, 0xD83A, 0xDD34, 0xD83A, 0xDD22, 0xD83A, 0xDD32, 0xD83A, 0xDD33, 0xD83A, 0xDD2E, 0x20, 0x28, 0xD83A, 0xDD51, 0xD83A, 0xDD58, 0xD83A, 0xDD56, 0xD83A, 0xDD51, 0x2D, 0xD83A, 0xDD51, 0xD83A, 0xDD59, 0xD83A, 0xDD59, 0xD83A, 0xDD52, 0x29));
					if (count != 1) return String(CharArray::of(0xD83A, 0xDD11, 0xD83A, 0xDD22, 0xD83A, 0xDD44, 0xD83A, 0xDD24, 0xD83A, 0xDD2D, 0xD83A, 0xDD27, 0xD83A, 0xDD2B, 0x20, 0xD83A, 0xDD28, 0xD83A, 0xDD2B, 0xD83A, 0xDD45, 0xD83A, 0xDD27, 0xD83A, 0xDD2E, 0xD83A, 0xDD45, 0xD83A, 0xDD36, 0xD83A, 0xDD2D, 0x20, 0xD83A, 0xDD25, 0xD83A, 0xDD2B, 0xD83A, 0xDD33, 0xD83A, 0xDD27, 0xD83A, 0xDD2D, 0xD83A, 0xDD33, 0xD83A, 0xDD2E, 0xD83A, 0xDD34, 0xD83A, 0xDD22, 0xD83A, 0xDD32, 0xD83A, 0xDD33, 0xD83A, 0xDD2E, 0x20, 0x28, 0xD83A, 0xDD51, 0xD83A, 0xDD58, 0xD83A, 0xDD56, 0xD83A, 0xDD51, 0x2D, 0xD83A, 0xDD51, 0xD83A, 0xDD59, 0xD83A, 0xDD59, 0xD83A, 0xDD52, 0x29));
					break;
				case 180:
					if (count == -1) return String(CharArray::of(0xD83A, 0xDD05, 0xD83A, 0xDD22, 0xD83A, 0xDD24, 0xD83A, 0xDD32, 0xD83A, 0xDD23, 0xD83A, 0xDD35, 0x20, 0xD83A, 0xDD0A, 0xD83A, 0xDD2D, 0xD83A, 0xDD24, 0xD83A, 0xDD2E, 0x20, 0xD83A, 0xDD03, 0xD83A, 0xDD2B, 0xD83A, 0xDD33, 0xD83A, 0xDD27, 0xD83A, 0xDD2D, 0xD83A, 0xDD33, 0xD83A, 0xDD2E, 0xD83A, 0xDD34, 0xD83A, 0xDD22, 0xD83A, 0xDD32, 0xD83A, 0xDD33, 0xD83A, 0xDD2E, 0xD83A, 0xDD45, 0xD83A, 0xDD2A, 0xD83A, 0xDD35));
					if (count == 1) return String(CharArray::of(0xD83A, 0xDD05, 0xD83A, 0xDD22, 0xD83A, 0xDD24, 0xD83A, 0xDD32, 0xD83A, 0xDD23, 0xD83A, 0xDD35, 0x20, 0xD83A, 0xDD2C, 0xD83A, 0xDD2D, 0xD83A, 0xDD24, 0xD83A, 0xDD2E, 0x20, 0xD83A, 0xDD25, 0xD83A, 0xDD2B, 0xD83A, 0xDD33, 0xD83A, 0xDD27, 0xD83A, 0xDD2D, 0xD83A, 0xDD33, 0xD83A, 0xDD2E, 0xD83A, 0xDD34, 0xD83A, 0xDD22, 0xD83A, 0xDD32, 0xD83A, 0xDD33, 0xD83A, 0xDD2E, 0xD83A, 0xDD45, 0xD83A, 0xDD2A, 0xD83A, 0xDD35));
					if (count != 1) return String(CharArray::of(0xD83A, 0xDD15, 0xD83A, 0xDD22, 0xD83A, 0xDD24, 0xD83A, 0xDD2F, 0xD83A, 0xDD2D, 0x20, 0xD83A, 0xDD28, 0xD83A, 0xDD2D, 0xD83A, 0xDD24, 0xD83A, 0xDD2B, 0x20, 0xD83A, 0xDD25, 0xD83A, 0xDD2B, 0xD83A, 0xDD33, 0xD83A, 0xDD27, 0xD83A, 0xDD2D, 0xD83A, 0xDD33, 0xD83A, 0xDD2E, 0xD83A, 0xDD34, 0xD83A, 0xDD22, 0xD83A, 0xDD32, 0xD83A, 0xDD33, 0xD83A, 0xDD2E));
					break;
				case 181:
					if (count == -1) return String(CharArray::of(0xD83A, 0xDD08, 0xD83A, 0xDD2D, 0xD83A, 0xDD32, 0xD83A, 0xDD3A, 0xD83A, 0xDD35, 0xD83A, 0xDD3C, 0xD83A, 0xDD35, 0x20, 0xD83A, 0xDD03, 0xD83A, 0xDD22, 0xD83A, 0xDD24, 0xD83A, 0xDD2B, 0xD83A, 0xDD45, 0xD83A, 0xDD27, 0xD83A, 0xDD2D, 0xD83A, 0xDD34, 0xD83A, 0xDD22, 0xD83A, 0xDD32, 0xD83A, 0xDD33, 0xD83A, 0xDD2E));
					if (count == 1) return String(CharArray::of(0xD83A, 0xDD2A, 0xD83A, 0xDD2D, 0xD83A, 0xDD32, 0xD83A, 0xDD3A, 0xD83A, 0xDD35, 0xD83A, 0xDD3C, 0xD83A, 0xDD35, 0x20, 0xD83A, 0xDD03, 0xD83A, 0xDD22, 0xD83A, 0xDD24, 0xD83A, 0xDD2B, 0xD83A, 0xDD45, 0xD83A, 0xDD27, 0xD83A, 0xDD2D, 0xD83A, 0xDD34, 0xD83A, 0xDD22, 0xD83A, 0xDD32, 0xD83A, 0xDD33, 0xD83A, 0xDD2E));
					if (count != 1) return String(CharArray::of(0xD83A, 0xDD2A, 0xD83A, 0xDD2D, 0xD83A, 0xDD32, 0xD83A, 0xDD3A, 0xD83A, 0xDD35, 0xD83A, 0xDD3C, 0xD83A, 0xDD35, 0xD83A, 0xDD45, 0xD83A, 0xDD36, 0xD83A, 0xDD2D, 0x20, 0xD83A, 0xDD03, 0xD83A, 0xDD22, 0xD83A, 0xDD24, 0xD83A, 0xDD2B, 0xD83A, 0xDD45, 0xD83A, 0xDD27, 0xD83A, 0xDD2D, 0xD83A, 0xDD34, 0xD83A, 0xDD22, 0xD83A, 0xDD32, 0xD83A, 0xDD33, 0xD83A, 0xDD2E));
					break;
				case 184:
					if (count == -1) return String(CharArray::of(0xD83A, 0xDD03, 0xD83A, 0xDD2B, 0xD83A, 0xDD3C, 0xD83A, 0xDD2D, 0xD83A, 0xDD33, 0xD83A, 0xDD2E, 0xD83A, 0xDD24, 0x20, 0xD83A, 0xDD03, 0xD83A, 0xDD2E, 0xD83A, 0xDD41, 0xD83A, 0xDD22, 0xD83A, 0xDD25, 0xD83A, 0xDD26, 0xD83A, 0xDD2D, 0xD83A, 0xDD32, 0xD83A, 0xDD33, 0xD83A, 0xDD2E));
					if (count == 1) return String(CharArray::of(0xD83A, 0xDD25, 0xD83A, 0xDD2B, 0xD83A, 0xDD3C, 0xD83A, 0xDD2D, 0xD83A, 0xDD33, 0xD83A, 0xDD2E, 0xD83A, 0xDD24, 0x20, 0xD83A, 0xDD03, 0xD83A, 0xDD2E, 0xD83A, 0xDD41, 0xD83A, 0xDD22, 0xD83A, 0xDD25, 0xD83A, 0xDD26, 0xD83A, 0xDD2D, 0xD83A, 0xDD32, 0xD83A, 0xDD33, 0xD83A, 0xDD2E));
					if (count != 1) return String(CharArray::of(0xD83A, 0xDD25, 0xD83A, 0xDD2B, 0xD83A, 0xDD3C, 0xD83A, 0xDD2D, 0xD83A, 0xDD33, 0xD83A, 0xDD2E, 0xD83A, 0xDD24, 0xD83A, 0xDD36, 0xD83A, 0xDD2D, 0x20, 0xD83A, 0xDD03, 0xD83A, 0xDD2E, 0xD83A, 0xDD41, 0xD83A, 0xDD22, 0xD83A, 0xDD25, 0xD83A, 0xDD26, 0xD83A, 0xDD2D, 0xD83A, 0xDD32, 0xD83A, 0xDD33, 0xD83A, 0xDD2E));
					break;
				case 185:
					if (count == -1) return String(CharArray::of(0xD83A, 0xDD01, 0xD83A, 0xDD22, 0xD83A, 0xDD24, 0xD83A, 0xDD22, 0x20, 0xD83A, 0xDD10, 0xD83A, 0xDD22, 0xD83A, 0xDD25, 0xD83A, 0xDD2D, 0xD83A, 0xDD25, 0xD83A, 0xDD26, 0xD83A, 0xDD2D, 0xD83A, 0xDD32, 0xD83A, 0xDD33, 0xD83A, 0xDD2E));
					if (count == 1) return String(CharArray::of(0xD83A, 0xDD23, 0xD83A, 0xDD22, 0xD83A, 0xDD24, 0xD83A, 0xDD22, 0x20, 0xD83A, 0xDD10, 0xD83A, 0xDD22, 0xD83A, 0xDD25, 0xD83A, 0xDD2D, 0xD83A, 0xDD25, 0xD83A, 0xDD26, 0xD83A, 0xDD2D, 0xD83A, 0xDD32, 0xD83A, 0xDD33, 0xD83A, 0xDD2E));
					if (count != 1) return String(CharArray::of(0xD83A, 0xDD23, 0xD83A, 0xDD22, 0xD83A, 0xDD24, 0xD83A, 0xDD22, 0xD83A, 0xDD44, 0xD83A, 0xDD36, 0xD83A, 0xDD2D, 0x20, 0xD83A, 0xDD10, 0xD83A, 0xDD22, 0xD83A, 0xDD25, 0xD83A, 0xDD2D, 0xD83A, 0xDD25, 0xD83A, 0xDD26, 0xD83A, 0xDD2D, 0xD83A, 0xDD32, 0xD83A, 0xDD33, 0xD83A, 0xDD2E));
					break;
				case 186:
					if (count == -1) return String(CharArray::of(0xD83A, 0xDD10, 0xD83A, 0xDD22, 0xD83A, 0xDD34, 0xD83A, 0xDD2A, 0xD83A, 0xDD22, 0x20, 0xD83A, 0xDD10, 0xD83A, 0xDD22, 0xD83A, 0xDD36, 0xD83A, 0xDD2D, 0xD83A, 0xDD2A, 0xD83A, 0xDD22, 0xD83A, 0xDD34, 0xD83A, 0xDD22, 0xD83A, 0xDD32, 0xD83A, 0xDD33, 0xD83A, 0xDD2E));
					if (count == 1) return String(CharArray::of(0xD83A, 0xDD32, 0xD83A, 0xDD22, 0xD83A, 0xDD34, 0xD83A, 0xDD2A, 0xD83A, 0xDD22, 0x20, 0xD83A, 0xDD10, 0xD83A, 0xDD22, 0xD83A, 0xDD36, 0xD83A, 0xDD2D, 0xD83A, 0xDD2A, 0xD83A, 0xDD22, 0xD83A, 0xDD34, 0xD83A, 0xDD22, 0xD83A, 0xDD32, 0xD83A, 0xDD33, 0xD83A, 0xDD2E));
					if (count != 1) return String(CharArray::of(0xD83A, 0xDD32, 0xD83A, 0xDD22, 0xD83A, 0xDD34, 0xD83A, 0xDD2A, 0xD83A, 0xDD22, 0xD83A, 0xDD44, 0xD83A, 0xDD36, 0xD83A, 0xDD2D, 0x20, 0xD83A, 0xDD10, 0xD83A, 0xDD22, 0xD83A, 0xDD36, 0xD83A, 0xDD2D, 0xD83A, 0xDD2A, 0xD83A, 0xDD22, 0xD83A, 0xDD34, 0xD83A, 0xDD22, 0xD83A, 0xDD32, 0xD83A, 0xDD33, 0xD83A, 0xDD2E));
					break;
				case 187:
					if (count == -1) return String(CharArray::of(0xD83A, 0xDD11, 0xD83A, 0xDD2E, 0xD83A, 0xDD45, 0xD83A, 0xDD2A, 0xD83A, 0xDD23, 0xD83A, 0xDD2E, 0xD83A, 0xDD26, 0xD83A, 0xDD22, 0x20, 0xD83A, 0xDD10, 0xD83A, 0xDD2D, 0xD83A, 0xDD33, 0xD83A, 0xDD22, 0xD83A, 0xDD2A, 0xD83A, 0xDD22, 0xD83A, 0xDD3A, 0xD83A, 0xDD35, 0xD83A, 0xDD31, 0xD83A, 0xDD22, 0xD83A, 0xDD32, 0xD83A, 0xDD33, 0xD83A, 0xDD2E, 0x20, 0x28, 0xD83A, 0xDD51, 0xD83A, 0xDD59, 0xD83A, 0xDD58, 0xD83A, 0xDD58, 0x2D, 0xD83A, 0xDD51, 0xD83A, 0xDD59, 0xD83A, 0xDD59, 0xD83A, 0xDD51, 0x29));
					if (count == 1) return String(CharArray::of(0xD83A, 0xDD11, 0xD83A, 0xDD2E, 0xD83A, 0xDD45, 0xD83A, 0xDD2A, 0xD83A, 0xDD23, 0xD83A, 0xDD2E, 0xD83A, 0xDD26, 0xD83A, 0xDD22, 0x20, 0xD83A, 0xDD32, 0xD83A, 0xDD2D, 0xD83A, 0xDD33, 0xD83A, 0xDD22, 0xD83A, 0xDD2A, 0xD83A, 0xDD22, 0xD83A, 0xDD3A, 0xD83A, 0xDD35, 0xD83A, 0xDD31, 0xD83A, 0xDD22, 0xD83A, 0xDD32, 0xD83A, 0xDD33, 0xD83A, 0xDD2E, 0x20, 0x28, 0xD83A, 0xDD51, 0xD83A, 0xDD59, 0xD83A, 0xDD58, 0xD83A, 0xDD58, 0x2D, 0xD83A, 0xDD51, 0xD83A, 0xDD59, 0xD83A, 0xDD59, 0xD83A, 0xDD51, 0x29));
					if (count != 1) return String(CharArray::of(0xD83A, 0xDD11, 0xD83A, 0xDD2E, 0xD83A, 0xDD45, 0xD83A, 0xDD2A, 0xD83A, 0xDD23, 0xD83A, 0xDD2E, 0xD83A, 0xDD26, 0xD83A, 0xDD22, 0xD83A, 0xDD44, 0xD83A, 0xDD36, 0xD83A, 0xDD2D, 0xD83A, 0xDD32, 0xD83A, 0xDD2D, 0xD83A, 0xDD33, 0xD83A, 0xDD22, 0xD83A, 0xDD2A, 0xD83A, 0xDD22, 0xD83A, 0xDD3A, 0xD83A, 0xDD35, 0xD83A, 0xDD31, 0xD83A, 0xDD22, 0xD83A, 0xDD32, 0xD83A, 0xDD33, 0xD83A, 0xDD2E, 0x20, 0x28, 0xD83A, 0xDD51, 0xD83A, 0xDD59, 0xD83A, 0xDD58, 0xD83A, 0xDD58, 0x2D, 0xD83A, 0xDD51, 0xD83A, 0xDD59, 0xD83A, 0xDD59, 0xD83A, 0xDD51, 0x29));
					break;
				case 188:
					if (count == -1) return String(CharArray::of(0xD83A, 0xDD11, 0xD83A, 0xDD2E, 0xD83A, 0xDD45, 0xD83A, 0xDD2A, 0xD83A, 0xDD23, 0xD83A, 0xDD2E, 0xD83A, 0xDD26, 0xD83A, 0xDD22, 0x20, 0xD83A, 0xDD10, 0xD83A, 0xDD2D, 0xD83A, 0xDD33, 0xD83A, 0xDD22, 0xD83A, 0xDD2A, 0xD83A, 0xDD22, 0xD83A, 0xDD3A, 0xD83A, 0xDD35, 0xD83A, 0xDD31, 0xD83A, 0xDD22, 0xD83A, 0xDD32, 0xD83A, 0xDD33, 0xD83A, 0xDD2E));
					if (count == 1) return String(CharArray::of(0xD83A, 0xDD11, 0xD83A, 0xDD2E, 0xD83A, 0xDD45, 0xD83A, 0xDD2A, 0xD83A, 0xDD23, 0xD83A, 0xDD2E, 0xD83A, 0xDD26, 0xD83A, 0xDD22, 0x20, 0xD83A, 0xDD32, 0xD83A, 0xDD2D, 0xD83A, 0xDD33, 0xD83A, 0xDD22, 0xD83A, 0xDD2A, 0xD83A, 0xDD22, 0xD83A, 0xDD3A, 0xD83A, 0xDD35, 0xD83A, 0xDD31, 0xD83A, 0xDD22, 0xD83A, 0xDD32, 0xD83A, 0xDD33, 0xD83A, 0xDD2E));
					if (count != 1) return String(CharArray::of(0xD83A, 0xDD11, 0xD83A, 0xDD2E, 0xD83A, 0xDD45, 0xD83A, 0xDD2A, 0xD83A, 0xDD23, 0xD83A, 0xDD2E, 0xD83A, 0xDD26, 0xD83A, 0xDD22, 0xD83A, 0xDD44, 0xD83A, 0xDD36, 0xD83A, 0xDD2D, 0x20, 0xD83A, 0xDD32, 0xD83A, 0xDD2D, 0xD83A, 0xDD33, 0xD83A, 0xDD22, 0xD83A, 0xDD2A, 0xD83A, 0xDD22, 0xD83A, 0xDD3A, 0xD83A, 0xDD35, 0xD83A, 0xDD31, 0xD83A, 0xDD22, 0xD83A, 0xDD32, 0xD83A, 0xDD33, 0xD83A, 0xDD2E));
					break;
				case 190:
					if (count == -1) return String(CharArray::of(0xD83A, 0xDD11, 0xD83A, 0xDD2A, 0xD83A, 0xDD2E, 0xD83A, 0xDD32, 0xD83A, 0xDD2B, 0x20, 0xD83A, 0xDD10, 0xD83A, 0xDD2E, 0xD83A, 0xDD2A, 0xD83A, 0xDD31, 0xD83A, 0xDD2B, 0xD83A, 0xDD36, 0xD83A, 0xDD2D, 0xD83A, 0xDD32, 0xD83A, 0xDD33, 0xD83A, 0xDD2E));
					if (count == 1) return String(CharArray::of(0xD83A, 0xDD11, 0xD83A, 0xDD2A, 0xD83A, 0xDD2E, 0xD83A, 0xDD32, 0xD83A, 0xDD2B, 0x20, 0xD83A, 0xDD10, 0xD83A, 0xDD2E, 0xD83A, 0xDD2A, 0xD83A, 0xDD31, 0xD83A, 0xDD2B, 0xD83A, 0xDD36, 0xD83A, 0xDD2D, 0xD83A, 0xDD32, 0xD83A, 0xDD33, 0xD83A, 0xDD2E));
					if (count != 1) return String(CharArray::of(0xD83A, 0xDD11, 0xD83A, 0xDD2A, 0xD83A, 0xDD2E, 0xD83A, 0xDD32, 0xD83A, 0xDD2B, 0xD83A, 0xDD45, 0xD83A, 0xDD36, 0xD83A, 0xDD2D, 0x20, 0xD83A, 0xDD00, 0xD83A, 0xDD34, 0xD83A, 0xDD27, 0xD83A, 0xDD2D, 0xD83A, 0xDD24, 0xD83A, 0xDD22, 0xD83A, 0xDD32, 0xD83A, 0xDD23, 0xD83A, 0xDD2D, 0xD83A, 0xDD32, 0xD83A, 0xDD33, 0xD83A, 0xDD2E));
					break;
				case 191:
					if (count == -1) return String(CharArray::of(0xD83A, 0xDD08, 0xD83A, 0xDD35, 0xD83A, 0xDD45, 0xD83A, 0xDD28, 0xD83A, 0xDD2D, 0xD83A, 0xDD45, 0x20, 0xD83A, 0xDD10, 0xD83A, 0xDD2B, 0xD83A, 0xDD28, 0xD83A, 0xDD22, 0xD83A, 0xDD24, 0xD83A, 0xDD2D, 0xD83A, 0xDD34, 0xD83A, 0xDD22, 0xD83A, 0xDD32, 0xD83A, 0xDD33, 0xD83A, 0xDD2E));
					if (count == 1) return String(CharArray::of(0xD83A, 0xDD2A, 0xD83A, 0xDD35, 0xD83A, 0xDD45, 0xD83A, 0xDD28, 0xD83A, 0xDD2D, 0xD83A, 0xDD45, 0x20, 0xD83A, 0xDD10, 0xD83A, 0xDD2B, 0xD83A, 0xDD28, 0xD83A, 0xDD22, 0xD83A, 0xDD24, 0xD83A, 0xDD2D, 0xD83A, 0xDD34, 0xD83A, 0xDD22, 0xD83A, 0xDD32, 0xD83A, 0xDD33, 0xD83A, 0xDD2E));
					if (count != 1) return String(CharArray::of(0xD83A, 0xDD2A, 0xD83A, 0xDD35, 0xD83A, 0xDD45, 0xD83A, 0xDD28, 0xD83A, 0xDD2D, 0xD83A, 0xDD45, 0xD83A, 0xDD36, 0xD83A, 0xDD2D, 0x20, 0xD83A, 0xDD10, 0xD83A, 0xDD2B, 0xD83A, 0xDD28, 0xD83A, 0xDD22, 0xD83A, 0xDD24, 0xD83A, 0xDD2D, 0xD83A, 0xDD34, 0xD83A, 0xDD22, 0xD83A, 0xDD32, 0xD83A, 0xDD33, 0xD83A, 0xDD2E));
					break;
				case 192:
					if (count == -1) return String(CharArray::of(0xD83A, 0xDD01, 0xD83A, 0xDD22, 0xD83A, 0xDD24, 0xD83A, 0xDD22, 0x20, 0xD83A, 0xDD10, 0xD83A, 0xDD2B, 0xD83A, 0xDD31, 0x20, 0xD83A, 0xDD1F, 0xD83A, 0xDD2B, 0xD83A, 0xDD24, 0xD83A, 0xDD22, 0xD83A, 0xDD32, 0xD83A, 0xDD23));
					if (count == 1) return String(CharArray::of(0xD83A, 0xDD23, 0xD83A, 0xDD22, 0xD83A, 0xDD24, 0xD83A, 0xDD22, 0x20, 0xD83A, 0xDD10, 0xD83A, 0xDD2B, 0xD83A, 0xDD31, 0x20, 0xD83A, 0xDD1F, 0xD83A, 0xDD2B, 0xD83A, 0xDD24, 0xD83A, 0xDD22, 0xD83A, 0xDD32, 0xD83A, 0xDD23));
					if (count != 1) return String(CharArray::of(0xD83A, 0xDD23, 0xD83A, 0xDD22, 0xD83A, 0xDD24, 0xD83A, 0xDD22, 0xD83A, 0xDD44, 0xD83A, 0xDD36, 0xD83A, 0xDD2D, 0x20, 0xD83A, 0xDD10, 0xD83A, 0xDD2B, 0xD83A, 0xDD31, 0x20, 0xD83A, 0xDD1F, 0xD83A, 0xDD2B, 0xD83A, 0xDD24, 0xD83A, 0xDD22, 0xD83A, 0xDD32, 0xD83A, 0xDD23));
					break;
				case 193:
					if (count == -1) return String(CharArray::of(0xD83A, 0xDD08, 0xD83A, 0xDD2D, 0xD83A, 0xDD34, 0xD83A, 0xDD22, 0xD83A, 0xDD44, 0xD83A, 0xDD24, 0x20, 0xD83A, 0xDD0C, 0xD83A, 0xDD25, 0xD83A, 0xDD22, 0xD83A, 0xDD32, 0xD83A, 0xDD2D, 0xD83A, 0xDD34, 0xD83A, 0xDD22, 0xD83A, 0xDD32, 0xD83A, 0xDD33, 0xD83A, 0xDD2E));
					if (count == 1) return String(CharArray::of(0xD83A, 0xDD2A, 0xD83A, 0xDD2D, 0xD83A, 0xDD34, 0xD83A, 0xDD22, 0xD83A, 0xDD44, 0xD83A, 0xDD24, 0x20, 0xD83A, 0xDD0C, 0xD83A, 0xDD25, 0xD83A, 0xDD22, 0xD83A, 0xDD32, 0xD83A, 0xDD2D, 0xD83A, 0xDD34, 0xD83A, 0xDD22, 0xD83A, 0xDD32, 0xD83A, 0xDD33, 0xD83A, 0xDD2E));
					if (count != 1) return String(CharArray::of(0xD83A, 0xDD2A, 0xD83A, 0xDD2D, 0xD83A, 0xDD34, 0xD83A, 0xDD22, 0xD83A, 0xDD44, 0xD83A, 0xDD24, 0xD83A, 0xDD36, 0xD83A, 0xDD2D, 0x20, 0xD83A, 0xDD0C, 0xD83A, 0xDD25, 0xD83A, 0xDD22, 0xD83A, 0xDD32, 0xD83A, 0xDD2D, 0xD83A, 0xDD34, 0xD83A, 0xDD22, 0xD83A, 0xDD32, 0xD83A, 0xDD33, 0xD83A, 0xDD2E));
					break;
				case 194:
					if (count == -1) return String(CharArray::of(0xD83A, 0xDD04, 0xD83A, 0xDD22, 0xD83A, 0xDD24, 0xD83A, 0xDD26, 0xD83A, 0xDD2E, 0xD83A, 0xDD31, 0xD83A, 0xDD22, 0x20, 0xD83A, 0xDD06, 0xD83A, 0xDD22, 0xD83A, 0xDD32, 0xD83A, 0xDD22, 0xD83A, 0xDD25, 0xD83A, 0xDD22, 0xD83A, 0xDD34, 0xD83A, 0xDD22, 0xD83A, 0xDD32, 0xD83A, 0xDD33, 0xD83A, 0xDD2E));
					if (count == 1) return String(CharArray::of(0xD83A, 0xDD04, 0xD83A, 0xDD22, 0xD83A, 0xDD24, 0xD83A, 0xDD26, 0xD83A, 0xDD2E, 0xD83A, 0xDD31, 0xD83A, 0xDD22, 0x20, 0xD83A, 0xDD28, 0xD83A, 0xDD22, 0xD83A, 0xDD32, 0xD83A, 0xDD22, 0xD83A, 0xDD25, 0xD83A, 0xDD22, 0xD83A, 0xDD34, 0xD83A, 0xDD22, 0xD83A, 0xDD32, 0xD83A, 0xDD33, 0xD83A, 0xDD2E));
					if (count != 1) return String(CharArray::of(0xD83A, 0xDD04, 0xD83A, 0xDD22, 0xD83A, 0xDD24, 0xD83A, 0xDD26, 0xD83A, 0xDD2E, 0xD83A, 0xDD31, 0xD83A, 0xDD22, 0xD83A, 0xDD44, 0xD83A, 0xDD36, 0xD83A, 0xDD2D, 0x20, 0xD83A, 0xDD28, 0xD83A, 0xDD22, 0xD83A, 0xDD32, 0xD83A, 0xDD22, 0xD83A, 0xDD25, 0xD83A, 0xDD22, 0xD83A, 0xDD34, 0xD83A, 0xDD22, 0xD83A, 0xDD32, 0xD83A, 0xDD33, 0xD83A, 0xDD2E));
					break;
				case 195:
					if (count == -1) return String(CharArray::of(0xD83A, 0xDD0B, 0xD83A, 0xDD32, 0xD83A, 0xDD3C, 0xD83A, 0xDD2D, 0x20, 0xD83A, 0xDD28, 0xD83A, 0xDD2B, 0xD83A, 0xDD2A, 0xD83A, 0xDD35, 0xD83A, 0xDD34, 0xD83A, 0xDD22, 0xD83A, 0xDD32, 0xD83A, 0xDD33, 0xD83A, 0xDD2E));
					if (count == 1) return String(CharArray::of(0xD83A, 0xDD0B, 0xD83A, 0xDD32, 0xD83A, 0xDD3C, 0xD83A, 0xDD2D, 0x20, 0xD83A, 0xDD28, 0xD83A, 0xDD2B, 0xD83A, 0xDD2A, 0xD83A, 0xDD35, 0xD83A, 0xDD34, 0xD83A, 0xDD22, 0xD83A, 0xDD32, 0xD83A, 0xDD33, 0xD83A, 0xDD2E));
					if (count != 1) return String(CharArray::of(0xD83A, 0xDD0B, 0xD83A, 0xDD32, 0xD83A, 0xDD3C, 0xD83A, 0xDD2D, 0xD83A, 0xDD45, 0xD83A, 0xDD36, 0xD83A, 0xDD2D, 0x20, 0xD83A, 0xDD28, 0xD83A, 0xDD2B, 0xD83A, 0xDD2A, 0xD83A, 0xDD35, 0xD83A, 0xDD34, 0xD83A, 0xDD22, 0xD83A, 0xDD32, 0xD83A, 0xDD33, 0xD83A, 0xDD2E));
					break;
				case 196:
					if (count == -1) return String(CharArray::of(0xD83A, 0xDD05, 0xD83A, 0xDD2E, 0xD83A, 0xDD24, 0x20, 0xD83A, 0xDD06, 0xD83A, 0xDD2B, 0xD83A, 0xDD2A, 0xD83A, 0xDD35, 0xD83A, 0xDD32, 0xD83A, 0xDD33, 0xD83A, 0xDD2E));
					if (count == 1) return String(CharArray::of(0xD83A, 0xDD05, 0xD83A, 0xDD2E, 0xD83A, 0xDD24, 0x20, 0xD83A, 0xDD28, 0xD83A, 0xDD2B, 0xD83A, 0xDD2A, 0xD83A, 0xDD35, 0xD83A, 0xDD32, 0xD83A, 0xDD33, 0xD83A, 0xDD2E));
					if (count != 1) return String(CharArray::of(0xD83A, 0xDD05, 0xD83A, 0xDD2E, 0xD83A, 0xDD24, 0xD83A, 0xDD36, 0xD83A, 0xDD2D, 0x20, 0xD83A, 0xDD28, 0xD83A, 0xDD2B, 0xD83A, 0xDD2A, 0xD83A, 0xDD35, 0xD83A, 0xDD32, 0xD83A, 0xDD33, 0xD83A, 0xDD2E));
					break;
				case 197:
					if (count == -1) return String(CharArray::of(0xD83A, 0xDD05, 0xD83A, 0xDD2E, 0xD83A, 0xDD24, 0x20, 0xD83A, 0xDD06, 0xD83A, 0xDD2B, 0xD83A, 0xDD2A, 0xD83A, 0xDD35, 0xD83A, 0xDD34, 0xD83A, 0xDD22, 0xD83A, 0xDD32, 0xD83A, 0xDD33, 0xD83A, 0xDD2E, 0x20, 0x28, 0xD83A, 0xDD51, 0xD83A, 0xDD58, 0xD83A, 0xDD56, 0xD83A, 0xDD53, 0x2D, 0xD83A, 0xDD51, 0xD83A, 0xDD59, 0xD83A, 0xDD56, 0xD83A, 0xDD55, 0x29));
					if (count == 1) return String(CharArray::of(0xD83A, 0xDD05, 0xD83A, 0xDD2E, 0xD83A, 0xDD24, 0x20, 0xD83A, 0xDD28, 0xD83A, 0xDD2B, 0xD83A, 0xDD2A, 0xD83A, 0xDD35, 0xD83A, 0xDD34, 0xD83A, 0xDD22, 0xD83A, 0xDD32, 0xD83A, 0xDD33, 0xD83A, 0xDD2E, 0x20, 0x28, 0xD83A, 0xDD51, 0xD83A, 0xDD58, 0xD83A, 0xDD56, 0xD83A, 0xDD53, 0x2D, 0xD83A, 0xDD51, 0xD83A, 0xDD59, 0xD83A, 0xDD56, 0xD83A, 0xDD55, 0x29));
					if (count != 1) return String(CharArray::of(0xD83A, 0xDD05, 0xD83A, 0xDD2E, 0xD83A, 0xDD24, 0xD83A, 0xDD36, 0xD83A, 0xDD2D, 0x20, 0xD83A, 0xDD28, 0xD83A, 0xDD2B, 0xD83A, 0xDD2A, 0xD83A, 0xDD35, 0xD83A, 0xDD34, 0xD83A, 0xDD22, 0xD83A, 0xDD32, 0xD83A, 0xDD33, 0xD83A, 0xDD2E, 0x20, 0x28, 0xD83A, 0xDD51, 0xD83A, 0xDD58, 0xD83A, 0xDD56, 0xD83A, 0xDD53, 0x2D, 0xD83A, 0xDD51, 0xD83A, 0xDD59, 0xD83A, 0xDD56, 0xD83A, 0xDD55, 0x29));
					break;
				case 198:
					if (count == -1) return String(CharArray::of(0xD83A, 0xDD11, 0xD83A, 0xDD2D, 0xD83A, 0xDD32, 0xD83A, 0xDD22, 0x20, 0xD83A, 0xDD06, 0xD83A, 0xDD22, 0xD83A, 0xDD28, 0xD83A, 0xDD35, 0xD83A, 0xDD31, 0xD83A, 0xDD22, 0x20, 0xD83A, 0xDD10, 0xD83A, 0xDD2B, 0xD83A, 0xDD31, 0x2D, 0xD83A, 0xDD18, 0xD83A, 0xDD2D, 0xD83A, 0xDD32, 0xD83A, 0xDD2B, 0xD83A, 0xDD32, 0xD83A, 0xDD33, 0xD83A, 0xDD2E));
					if (count == 1) return String(CharArray::of(0xD83A, 0xDD33, 0xD83A, 0xDD2D, 0xD83A, 0xDD32, 0xD83A, 0xDD22, 0x20, 0xD83A, 0xDD06, 0xD83A, 0xDD22, 0xD83A, 0xDD28, 0xD83A, 0xDD35, 0xD83A, 0xDD31, 0xD83A, 0xDD22, 0x20, 0xD83A, 0xDD10, 0xD83A, 0xDD2B, 0xD83A, 0xDD31, 0x2D, 0xD83A, 0xDD18, 0xD83A, 0xDD2D, 0xD83A, 0xDD32, 0xD83A, 0xDD2B, 0xD83A, 0xDD32, 0xD83A, 0xDD33, 0xD83A, 0xDD2E));
					if (count != 1) return String(CharArray::of(0xD83A, 0xDD33, 0xD83A, 0xDD2D, 0xD83A, 0xDD32, 0xD83A, 0xDD22, 0xD83A, 0xDD44, 0xD83A, 0xDD36, 0xD83A, 0xDD2D, 0x20, 0xD83A, 0xDD06, 0xD83A, 0xDD22, 0xD83A, 0xDD28, 0xD83A, 0xDD35, 0xD83A, 0xDD31, 0xD83A, 0xDD22, 0x20, 0xD83A, 0xDD10, 0xD83A, 0xDD2B, 0xD83A, 0xDD31, 0x2D, 0xD83A, 0xDD18, 0xD83A, 0xDD2D, 0xD83A, 0xDD32, 0xD83A, 0xDD2B, 0xD83A, 0xDD32, 0xD83A, 0xDD33, 0xD83A, 0xDD2E));
					break;
				case 199:
					if (count == -1) return String(CharArray::of(0xD83A, 0xDD06, 0xD83A, 0xDD2D, 0xD83A, 0xDD27, 0xD83A, 0xDD2E, 0x20, 0xD83A, 0xDD0A, 0xD83A, 0xDD2D, 0xD83A, 0xDD24, 0xD83A, 0xDD2D, 0xD83A, 0xDD28, 0xD83A, 0xDD46, 0xD83A, 0xDD2D, 0xD83A, 0xDD32, 0xD83A, 0xDD33, 0xD83A, 0xDD2E));
					if (count == 1) return String(CharArray::of(0xD83A, 0xDD28, 0xD83A, 0xDD2D, 0xD83A, 0xDD27, 0xD83A, 0xDD2E, 0x20, 0xD83A, 0xDD0A, 0xD83A, 0xDD2D, 0xD83A, 0xDD24, 0xD83A, 0xDD2D, 0xD83A, 0xDD28, 0xD83A, 0xDD46, 0xD83A, 0xDD2D, 0xD83A, 0xDD32, 0xD83A, 0xDD33, 0xD83A, 0xDD2E));
					if (count != 1) return String(CharArray::of(0xD83A, 0xDD28, 0xD83A, 0xDD2D, 0xD83A, 0xDD27, 0xD83A, 0xDD2E, 0xD83A, 0xDD45, 0xD83A, 0xDD36, 0xD83A, 0xDD2D, 0x20, 0xD83A, 0xDD0A, 0xD83A, 0xDD2D, 0xD83A, 0xDD24, 0xD83A, 0xDD2D, 0xD83A, 0xDD28, 0xD83A, 0xDD46, 0xD83A, 0xDD2D, 0xD83A, 0xDD32, 0xD83A, 0xDD33, 0xD83A, 0xDD2E));
					break;
				case 200:
					if (count == -1) return String(CharArray::of(0xD83A, 0xDD08, 0xD83A, 0xDD35, 0xD83A, 0xDD45, 0xD83A, 0xDD28, 0xD83A, 0xDD2D, 0xD83A, 0xDD45, 0x20, 0xD83A, 0xDD06, 0xD83A, 0xDD22, 0xD83A, 0xDD33, 0xD83A, 0xDD2D, 0xD83A, 0xDD27, 0xD83A, 0xDD3C, 0xD83A, 0xDD22, 0xD83A, 0xDD32, 0xD83A, 0xDD2D, 0xD83A, 0xDD34, 0xD83A, 0xDD22, 0xD83A, 0xDD32, 0xD83A, 0xDD33, 0xD83A, 0xDD2E));
					if (count == 1) return String(CharArray::of(0xD83A, 0xDD2A, 0xD83A, 0xDD35, 0xD83A, 0xDD45, 0xD83A, 0xDD28, 0xD83A, 0xDD2D, 0xD83A, 0xDD45, 0x20, 0xD83A, 0xDD06, 0xD83A, 0xDD22, 0xD83A, 0xDD33, 0xD83A, 0xDD2D, 0xD83A, 0xDD27, 0xD83A, 0xDD3C, 0xD83A, 0xDD22, 0xD83A, 0xDD32, 0xD83A, 0xDD2D, 0xD83A, 0xDD34, 0xD83A, 0xDD22, 0xD83A, 0xDD32, 0xD83A, 0xDD33, 0xD83A, 0xDD2E));
					if (count != 1) return String(CharArray::of(0xD83A, 0xDD2A, 0xD83A, 0xDD35, 0xD83A, 0xDD45, 0xD83A, 0xDD28, 0xD83A, 0xDD2D, 0xD83A, 0xDD45, 0xD83A, 0xDD36, 0xD83A, 0xDD2D, 0x20, 0xD83A, 0xDD06, 0xD83A, 0xDD22, 0xD83A, 0xDD33, 0xD83A, 0xDD2D, 0xD83A, 0xDD27, 0xD83A, 0xDD3C, 0xD83A, 0xDD22, 0xD83A, 0xDD32, 0xD83A, 0xDD2D, 0xD83A, 0xDD34, 0xD83A, 0xDD22, 0xD83A, 0xDD32, 0xD83A, 0xDD33, 0xD83A, 0xDD2E));
					break;
				case 201:
					if (count == -1) return String(CharArray::of(0xD83A, 0xDD14, 0xD83A, 0xDD22, 0xD83A, 0xDD24, 0xD83A, 0xDD2E, 0xD83A, 0xDD3C, 0xD83A, 0xDD35, 0x20, 0xD83A, 0xDD06, 0xD83A, 0xDD2E, 0xD83A, 0xDD24, 0xD83A, 0xDD2D, 0xD83A, 0xDD45, 0xD83A, 0xDD27, 0xD83A, 0xDD2D, 0xD83A, 0xDD32, 0xD83A, 0xDD33, 0xD83A, 0xDD2E));
					if (count == 1) return String(CharArray::of(0xD83A, 0xDD14, 0xD83A, 0xDD22, 0xD83A, 0xDD24, 0xD83A, 0xDD2E, 0xD83A, 0xDD3C, 0xD83A, 0xDD35, 0x20, 0xD83A, 0xDD06, 0xD83A, 0xDD2E, 0xD83A, 0xDD24, 0xD83A, 0xDD2D, 0xD83A, 0xDD45, 0xD83A, 0xDD27, 0xD83A, 0xDD2D, 0xD83A, 0xDD32, 0xD83A, 0xDD33, 0xD83A, 0xDD2E));
					if (count != 1) return String(CharArray::of(0xD83A, 0xDD14, 0xD83A, 0xDD22, 0xD83A, 0xDD24, 0xD83A, 0xDD2E, 0xD83A, 0xDD3C, 0xD83A, 0xDD35, 0xD83A, 0xDD45, 0xD83A, 0xDD36, 0xD83A, 0xDD2D, 0x20, 0xD83A, 0xDD06, 0xD83A, 0xDD2E, 0xD83A, 0xDD24, 0xD83A, 0xDD2D, 0xD83A, 0xDD45, 0xD83A, 0xDD27, 0xD83A, 0xDD2D, 0xD83A, 0xDD32, 0xD83A, 0xDD33, 0xD83A, 0xDD2E));
					break;
				case 204:
					if (count == -1) return String(CharArray::of(0xD83A, 0xDD18, 0xD83A, 0xDD35, 0xD83A, 0xDD31, 0xD83A, 0xDD22, 0xD83A, 0xDD2A, 0xD83A, 0xDD22, 0xD83A, 0xDD32, 0xD83A, 0xDD2D, 0x20, 0xD83A, 0xDD06, 0xD83A, 0xDD22, 0xD83A, 0xDD44, 0xD83A, 0xDD2A, 0xD83A, 0xDD22, 0xD83A, 0xDD3A, 0xD83A, 0xDD35, 0xD83A, 0xDD34, 0xD83A, 0xDD2B, 0xD83A, 0xDD32, 0xD83A, 0xDD33, 0xD83A, 0xDD2E));
					if (count == 1) return String(CharArray::of(0xD83A, 0xDD18, 0xD83A, 0xDD35, 0xD83A, 0xDD31, 0xD83A, 0xDD22, 0xD83A, 0xDD2A, 0xD83A, 0xDD22, 0xD83A, 0xDD32, 0xD83A, 0xDD2D, 0x20, 0xD83A, 0xDD28, 0xD83A, 0xDD22, 0xD83A, 0xDD44, 0xD83A, 0xDD2A, 0xD83A, 0xDD22, 0xD83A, 0xDD3A, 0xD83A, 0xDD35, 0xD83A, 0xDD34, 0xD83A, 0xDD2B, 0xD83A, 0xDD32, 0xD83A, 0xDD33, 0xD83A, 0xDD2E));
					if (count != 1) return String(CharArray::of(0xD83A, 0xDD18, 0xD83A, 0xDD35, 0xD83A, 0xDD31, 0xD83A, 0xDD22, 0xD83A, 0xDD2A, 0xD83A, 0xDD22, 0xD83A, 0xDD32, 0xD83A, 0xDD2D, 0xD83A, 0xDD45, 0xD83A, 0xDD36, 0xD83A, 0xDD2D, 0x20, 0xD83A, 0xDD28, 0xD83A, 0xDD22, 0xD83A, 0xDD44, 0xD83A, 0xDD2A, 0xD83A, 0xDD22, 0xD83A, 0xDD3A, 0xD83A, 0xDD35, 0xD83A, 0xDD34, 0xD83A, 0xDD2B, 0xD83A, 0xDD32, 0xD83A, 0xDD33, 0xD83A, 0xDD2E));
					break;
				case 205:
					if (count == -1) return String(CharArray::of(0xD83A, 0xDD08, 0xD83A, 0xDD2D, 0xD83A, 0xDD34, 0xD83A, 0xDD22, 0xD83A, 0xDD44, 0xD83A, 0xDD24, 0x20, 0xD83A, 0xDD17, 0xD83A, 0xDD22, 0xD83A, 0xDD3C, 0xD83A, 0xDD22, 0xD83A, 0xDD2A, 0xD83A, 0xDD2D, 0xD83A, 0xDD34, 0xD83A, 0xDD22, 0xD83A, 0xDD32, 0xD83A, 0xDD33, 0xD83A, 0xDD2E));
					if (count == 1) return String(CharArray::of(0xD83A, 0xDD2A, 0xD83A, 0xDD2D, 0xD83A, 0xDD34, 0xD83A, 0xDD22, 0xD83A, 0xDD44, 0xD83A, 0xDD24, 0x20, 0xD83A, 0xDD17, 0xD83A, 0xDD22, 0xD83A, 0xDD3C, 0xD83A, 0xDD22, 0xD83A, 0xDD2A, 0xD83A, 0xDD2D, 0xD83A, 0xDD34, 0xD83A, 0xDD22, 0xD83A, 0xDD32, 0xD83A, 0xDD33, 0xD83A, 0xDD2E));
					if (count != 1) return String(CharArray::of(0xD83A, 0xDD2A, 0xD83A, 0xDD2D, 0xD83A, 0xDD34, 0xD83A, 0xDD22, 0xD83A, 0xDD44, 0xD83A, 0xDD24, 0xD83A, 0xDD36, 0xD83A, 0xDD2D, 0x20, 0xD83A, 0xDD17, 0xD83A, 0xDD22, 0xD83A, 0xDD3C, 0xD83A, 0xDD22, 0xD83A, 0xDD2A, 0xD83A, 0xDD2D, 0xD83A, 0xDD34, 0xD83A, 0xDD22, 0xD83A, 0xDD32, 0xD83A, 0xDD33, 0xD83A, 0xDD2E));
					break;
				case 208:
					if (count == -1) return String(CharArray::of(0xD83A, 0xDD02, 0xD83A, 0xDD2B, 0xD83A, 0xDD31, 0xD83A, 0xDD35, 0x20, 0xD83A, 0xDD08, 0xD83A, 0xDD2E, 0xD83A, 0xDD25, 0xD83A, 0xDD22, 0xD83A, 0xDD32, 0xD83A, 0xDD2D, 0xD83A, 0xDD32, 0xD83A, 0xDD33, 0xD83A, 0xDD2E));
					if (count == 1) return String(CharArray::of(0xD83A, 0xDD24, 0xD83A, 0xDD2B, 0xD83A, 0xDD31, 0xD83A, 0xDD35, 0x20, 0xD83A, 0xDD08, 0xD83A, 0xDD2E, 0xD83A, 0xDD25, 0xD83A, 0xDD22, 0xD83A, 0xDD32, 0xD83A, 0xDD2D, 0xD83A, 0xDD32, 0xD83A, 0xDD33, 0xD83A, 0xDD2E));
					if (count != 1) return String(CharArray::of(0xD83A, 0xDD02, 0xD83A, 0xDD2B, 0xD83A, 0xDD31, 0xD83A, 0xDD35, 0xD83A, 0xDD45, 0xD83A, 0xDD36, 0xD83A, 0xDD2D, 0x20, 0xD83A, 0xDD08, 0xD83A, 0xDD2E, 0xD83A, 0xDD25, 0xD83A, 0xDD22, 0xD83A, 0xDD32, 0xD83A, 0xDD2D, 0xD83A, 0xDD32, 0xD83A, 0xDD33, 0xD83A, 0xDD2E));
					break;
				case 209:
					if (count == -1) return String(CharArray::of(0xD83A, 0xDD01, 0xD83A, 0xDD2D, 0xD83A, 0xDD32, 0xD83A, 0xDD22, 0xD83A, 0xDD44, 0xD83A, 0xDD2A, 0x20, 0xD83A, 0xDD05, 0xD83A, 0xDD2B, 0xD83A, 0xDD2A, 0xD83A, 0xDD26, 0xD83A, 0xDD2D, 0xD83A, 0xDD32, 0xD83A, 0xDD33, 0xD83A, 0xDD2E));
					if (count == 1) return String(CharArray::of(0xD83A, 0xDD01, 0xD83A, 0xDD2D, 0xD83A, 0xDD32, 0xD83A, 0xDD22, 0xD83A, 0xDD44, 0xD83A, 0xDD2A, 0x20, 0xD83A, 0xDD05, 0xD83A, 0xDD2B, 0xD83A, 0xDD2A, 0xD83A, 0xDD26, 0xD83A, 0xDD2D, 0xD83A, 0xDD32, 0xD83A, 0xDD33, 0xD83A, 0xDD2E));
					if (count != 1) return String(CharArray::of(0xD83A, 0xDD01, 0xD83A, 0xDD2D, 0xD83A, 0xDD32, 0xD83A, 0xDD22, 0xD83A, 0xDD44, 0xD83A, 0xDD2A, 0xD83A, 0xDD36, 0xD83A, 0xDD2D, 0x20, 0xD83A, 0xDD05, 0xD83A, 0xDD2B, 0xD83A, 0xDD2A, 0xD83A, 0xDD26, 0xD83A, 0xDD2D, 0xD83A, 0xDD32, 0xD83A, 0xDD33, 0xD83A, 0xDD2E));
					break;
				case 210:
					if (count == -1) return String(CharArray::of(0xD83A, 0xDD08, 0xD83A, 0xDD35, 0xD83A, 0xDD45, 0xD83A, 0xDD26, 0xD83A, 0xDD2E, 0xD83A, 0xDD24, 0x20, 0xD83A, 0xDD08, 0xD83A, 0xDD2D, 0xD83A, 0xDD45, 0xD83A, 0xDD27, 0xD83A, 0xDD2D, 0xD83A, 0xDD32, 0xD83A, 0xDD33, 0xD83A, 0xDD2E));
					if (count == 1) return String(CharArray::of(0xD83A, 0xDD08, 0xD83A, 0xDD35, 0xD83A, 0xDD45, 0xD83A, 0xDD26, 0xD83A, 0xDD2E, 0xD83A, 0xDD24, 0x20, 0xD83A, 0xDD08, 0xD83A, 0xDD2D, 0xD83A, 0xDD45, 0xD83A, 0xDD27, 0xD83A, 0xDD2D, 0xD83A, 0xDD32, 0xD83A, 0xDD33, 0xD83A, 0xDD2E));
					if (count != 1) return String(CharArray::of(0xD83A, 0xDD08, 0xD83A, 0xDD35, 0xD83A, 0xDD45, 0xD83A, 0xDD26, 0xD83A, 0xDD2E, 0xD83A, 0xDD24, 0xD83A, 0xDD36, 0xD83A, 0xDD2D, 0x20, 0xD83A, 0xDD08, 0xD83A, 0xDD2D, 0xD83A, 0xDD45, 0xD83A, 0xDD27, 0xD83A, 0xDD2D, 0xD83A, 0xDD32, 0xD83A, 0xDD33, 0xD83A, 0xDD2E));
					break;
				case 212:
					if (count == -1) return String(CharArray::of(0xD83A, 0xDD0A, 0xD83A, 0xDD22, 0xD83A, 0xDD2A, 0xD83A, 0xDD22, 0xD83A, 0xDD32, 0x20, 0xD83A, 0xDD08, 0xD83A, 0xDD35, 0xD83A, 0xDD31, 0xD83A, 0xDD22, 0xD83A, 0xDD32, 0xD83A, 0xDD23, 0xD83A, 0xDD22, 0xD83A, 0xDD32, 0xD83A, 0xDD33, 0xD83A, 0xDD2E));
					if (count == 1) return String(CharArray::of(0xD83A, 0xDD2C, 0xD83A, 0xDD22, 0xD83A, 0xDD2A, 0xD83A, 0xDD22, 0xD83A, 0xDD32, 0x20, 0xD83A, 0xDD08, 0xD83A, 0xDD35, 0xD83A, 0xDD31, 0xD83A, 0xDD22, 0xD83A, 0xDD32, 0xD83A, 0xDD23, 0xD83A, 0xDD22, 0xD83A, 0xDD32, 0xD83A, 0xDD33, 0xD83A, 0xDD2E));
					if (count != 1) return String(CharArray::of(0xD83A, 0xDD2C, 0xD83A, 0xDD22, 0xD83A, 0xDD2A, 0xD83A, 0xDD22, 0xD83A, 0xDD32, 0xD83A, 0xDD36, 0xD83A, 0xDD2D, 0x20, 0xD83A, 0xDD08, 0xD83A, 0xDD35, 0xD83A, 0xDD31, 0xD83A, 0xDD22, 0xD83A, 0xDD32, 0xD83A, 0xDD23, 0xD83A, 0xDD22, 0xD83A, 0xDD32, 0xD83A, 0xDD33, 0xD83A, 0xDD2E));
					break;
				case 213:
					if (count == -1) return String(CharArray::of(0xD83A, 0xDD08, 0xD83A, 0xDD2D, 0xD83A, 0xDD34, 0xD83A, 0xDD22, 0xD83A, 0xDD24, 0x20, 0xD83A, 0xDD05, 0xD83A, 0xDD22, 0xD83A, 0xDD35, 0xD83A, 0xDD45, 0xD83A, 0xDD23, 0xD83A, 0xDD2D, 0xD83A, 0xDD34, 0xD83A, 0xDD22, 0xD83A, 0xDD32, 0xD83A, 0xDD33, 0xD83A, 0xDD2E));
					if (count == 1) return String(CharArray::of(0xD83A, 0xDD2A, 0xD83A, 0xDD2D, 0xD83A, 0xDD34, 0xD83A, 0xDD22, 0xD83A, 0xDD24, 0x20, 0xD83A, 0xDD05, 0xD83A, 0xDD22, 0xD83A, 0xDD35, 0xD83A, 0xDD45, 0xD83A, 0xDD23, 0xD83A, 0xDD2D, 0xD83A, 0xDD34, 0xD83A, 0xDD22, 0xD83A, 0xDD32, 0xD83A, 0xDD33, 0xD83A, 0xDD2E));
					if (count != 1) return String(CharArray::of(0xD83A, 0xDD2A, 0xD83A, 0xDD2D, 0xD83A, 0xDD34, 0xD83A, 0xDD22, 0xD83A, 0xDD24, 0xD83A, 0xDD36, 0xD83A, 0xDD2D, 0x20, 0xD83A, 0xDD05, 0xD83A, 0xDD22, 0xD83A, 0xDD35, 0xD83A, 0xDD45, 0xD83A, 0xDD23, 0xD83A, 0xDD2D, 0xD83A, 0xDD34, 0xD83A, 0xDD22, 0xD83A, 0xDD32, 0xD83A, 0xDD33, 0xD83A, 0xDD2E));
					break;
				case 214:
					if (count == -1) return String(CharArray::of(0xD83A, 0xDD01, 0xD83A, 0xDD22, 0xD83A, 0xDD24, 0xD83A, 0xDD22, 0x20, 0xD83A, 0xDD15, 0xD83A, 0xDD35, 0xD83A, 0xDD2A, 0xD83A, 0xDD2D, 0xD83A, 0xDD45, 0xD83A, 0xDD36, 0xD83A, 0xDD2B, 0x20, 0xD83A, 0xDD05, 0xD83A, 0xDD35, 0xD83A, 0xDD24, 0xD83A, 0xDD22, 0xD83A, 0xDD34, 0xD83A, 0xDD25, 0xD83A, 0xDD22, 0xD83A, 0xDD44, 0xD83A, 0xDD32));
					if (count == 1) return String(CharArray::of(0xD83A, 0xDD23, 0xD83A, 0xDD22, 0xD83A, 0xDD24, 0xD83A, 0xDD22, 0x20, 0xD83A, 0xDD15, 0xD83A, 0xDD35, 0xD83A, 0xDD2A, 0xD83A, 0xDD2D, 0xD83A, 0xDD45, 0xD83A, 0xDD36, 0xD83A, 0xDD2B, 0x20, 0xD83A, 0xDD05, 0xD83A, 0xDD35, 0xD83A, 0xDD24, 0xD83A, 0xDD22, 0xD83A, 0xDD34, 0xD83A, 0xDD25, 0xD83A, 0xDD22, 0xD83A, 0xDD44, 0xD83A, 0xDD32));
					if (count != 1) return String(CharArray::of(0xD83A, 0xDD23, 0xD83A, 0xDD22, 0xD83A, 0xDD24, 0xD83A, 0xDD22, 0xD83A, 0xDD44, 0xD83A, 0xDD36, 0xD83A, 0xDD2D, 0x20, 0xD83A, 0xDD15, 0xD83A, 0xDD35, 0xD83A, 0xDD2A, 0xD83A, 0xDD2D, 0xD83A, 0xDD45, 0xD83A, 0xDD36, 0xD83A, 0xDD2B, 0x20, 0xD83A, 0xDD05, 0xD83A, 0xDD35, 0xD83A, 0xDD24, 0xD83A, 0xDD22, 0xD83A, 0xDD34, 0xD83A, 0xDD25, 0xD83A, 0xDD22, 0xD83A, 0xDD44, 0xD83A, 0xDD32));
					break;
				case 215:
					if (count == -1) return String(CharArray::of(0xD83A, 0xDD08, 0xD83A, 0xDD35, 0xD83A, 0xDD28, 0xD83A, 0xDD2D, 0xD83A, 0xDD45, 0x20, 0xD83A, 0xDD05, 0xD83A, 0xDD2B, 0xD83A, 0xDD34, 0xD83A, 0xDD27, 0xD83A, 0xDD2D, 0xD83A, 0xDD24, 0xD83A, 0xDD2D, 0xD83A, 0xDD32, 0xD83A, 0xDD33, 0xD83A, 0xDD2E));
					if (count == 1) return String(CharArray::of(0xD83A, 0xDD2A, 0xD83A, 0xDD35, 0xD83A, 0xDD28, 0xD83A, 0xDD2D, 0xD83A, 0xDD45, 0x20, 0xD83A, 0xDD05, 0xD83A, 0xDD2B, 0xD83A, 0xDD34, 0xD83A, 0xDD27, 0xD83A, 0xDD2D, 0xD83A, 0xDD24, 0xD83A, 0xDD2D, 0xD83A, 0xDD32, 0xD83A, 0xDD33, 0xD83A, 0xDD2E));
					if (count != 1) return String(CharArray::of(0xD83A, 0xDD2A, 0xD83A, 0xDD35, 0xD83A, 0xDD28, 0xD83A, 0xDD2D, 0xD83A, 0xDD45, 0xD83A, 0xDD36, 0xD83A, 0xDD2D, 0x20, 0xD83A, 0xDD05, 0xD83A, 0xDD2B, 0xD83A, 0xDD34, 0xD83A, 0xDD27, 0xD83A, 0xDD2D, 0xD83A, 0xDD24, 0xD83A, 0xDD2D, 0xD83A, 0xDD32, 0xD83A, 0xDD33, 0xD83A, 0xDD2E));
					break;
				case 217:
					if (count == -1) return String(CharArray::of(0xD83A, 0xDD06, 0xD83A, 0xDD22, 0xD83A, 0xDD31, 0xD83A, 0xDD32, 0xD83A, 0xDD23, 0xD83A, 0xDD35, 0x20, 0xD83A, 0xDD05, 0xD83A, 0xDD35, 0xD83A, 0xDD23, 0xD83A, 0xDD22, 0xD83A, 0xDD32, 0xD83A, 0xDD33, 0xD83A, 0xDD2E));
					if (count == 1) return String(CharArray::of(0xD83A, 0xDD28, 0xD83A, 0xDD22, 0xD83A, 0xDD31, 0xD83A, 0xDD32, 0xD83A, 0xDD23, 0xD83A, 0xDD35, 0x20, 0xD83A, 0xDD05, 0xD83A, 0xDD35, 0xD83A, 0xDD23, 0xD83A, 0xDD22, 0xD83A, 0xDD32, 0xD83A, 0xDD33, 0xD83A, 0xDD2E));
					if (count != 1) return String(CharArray::of(0xD83A, 0xDD28, 0xD83A, 0xDD22, 0xD83A, 0xDD31, 0xD83A, 0xDD2F, 0xD83A, 0xDD2D, 0x20, 0xD83A, 0xDD05, 0xD83A, 0xDD35, 0xD83A, 0xDD23, 0xD83A, 0xDD22, 0xD83A, 0xDD32, 0xD83A, 0xDD33, 0xD83A, 0xDD2E));
					break;
				case 219:
					if (count == -1) return String(CharArray::of(0xD83A, 0xDD11, 0xD83A, 0xDD2A, 0xD83A, 0xDD2E, 0xD83A, 0xDD32, 0xD83A, 0xDD22, 0x20, 0xD83A, 0xDD05, 0xD83A, 0xDD35, 0xD83A, 0xDD31, 0xD83A, 0xDD2B, 0xD83A, 0xDD23, 0xD83A, 0xDD2D, 0xD83A, 0xDD32, 0xD83A, 0xDD33, 0xD83A, 0xDD2E));
					if (count == 1) return String(CharArray::of(0xD83A, 0xDD11, 0xD83A, 0xDD2A, 0xD83A, 0xDD2E, 0xD83A, 0xDD32, 0xD83A, 0xDD22, 0x20, 0xD83A, 0xDD05, 0xD83A, 0xDD35, 0xD83A, 0xDD31, 0xD83A, 0xDD2B, 0xD83A, 0xDD23, 0xD83A, 0xDD2D, 0xD83A, 0xDD32, 0xD83A, 0xDD33, 0xD83A, 0xDD2E));
					if (count != 1) return String(CharArray::of(0xD83A, 0xDD11, 0xD83A, 0xDD2A, 0xD83A, 0xDD2E, 0xD83A, 0xDD32, 0xD83A, 0xDD22, 0xD83A, 0xDD44, 0xD83A, 0xDD36, 0xD83A, 0xDD2D, 0x20, 0xD83A, 0xDD05, 0xD83A, 0xDD35, 0xD83A, 0xDD31, 0xD83A, 0xDD2B, 0xD83A, 0xDD23, 0xD83A, 0xDD2D, 0xD83A, 0xDD32, 0xD83A, 0xDD33, 0xD83A, 0xDD2E));
					break;
				case 220:
					if (count == -1) return String(CharArray::of(0xD83A, 0xDD01, 0xD83A, 0xDD22, 0xD83A, 0xDD24, 0xD83A, 0xDD22, 0x20, 0xD83A, 0xDD05, 0xD83A, 0xDD2D, 0xD83A, 0xDD32, 0xD83A, 0xDD3A, 0xD83A, 0xDD22, 0xD83A, 0xDD28, 0xD83A, 0xDD2E, 0xD83A, 0xDD2A, 0xD83A, 0xDD2B, 0xD83A, 0xDD32, 0xD83A, 0xDD33, 0xD83A, 0xDD2E));
					if (count == 1) return String(CharArray::of(0xD83A, 0xDD23, 0xD83A, 0xDD22, 0xD83A, 0xDD24, 0xD83A, 0xDD22, 0x20, 0xD83A, 0xDD05, 0xD83A, 0xDD2D, 0xD83A, 0xDD32, 0xD83A, 0xDD3A, 0xD83A, 0xDD22, 0xD83A, 0xDD28, 0xD83A, 0xDD2E, 0xD83A, 0xDD2A, 0xD83A, 0xDD2B, 0xD83A, 0xDD32, 0xD83A, 0xDD33, 0xD83A, 0xDD2E));
					if (count != 1) return String(CharArray::of(0xD83A, 0xDD23, 0xD83A, 0xDD22, 0xD83A, 0xDD24, 0xD83A, 0xDD22, 0xD83A, 0xDD44, 0xD83A, 0xDD36, 0xD83A, 0xDD2D, 0x20, 0xD83A, 0xDD05, 0xD83A, 0xDD2D, 0xD83A, 0xDD32, 0xD83A, 0xDD3A, 0xD83A, 0xDD22, 0xD83A, 0xDD28, 0xD83A, 0xDD2E, 0xD83A, 0xDD2A, 0xD83A, 0xDD2B, 0xD83A, 0xDD32, 0xD83A, 0xDD33, 0xD83A, 0xDD2E));
					break;
				case 221:
					if (count == -1) return String(CharArray::of(0xD83A, 0xDD06, 0xD83A, 0xDD22, 0xD83A, 0xDD31, 0xD83A, 0xDD32, 0xD83A, 0xDD23, 0xD83A, 0xDD35, 0x20, 0xD83A, 0xDD05, 0xD83A, 0xDD2B, 0xD83A, 0xDD32, 0x2D, 0xD83A, 0xDD16, 0xD83A, 0xDD2B, 0xD83A, 0xDD24, 0xD83A, 0xDD2B, 0xD83A, 0xDD32, 0xD83A, 0xDD22));
					if (count == 1) return String(CharArray::of(0xD83A, 0xDD28, 0xD83A, 0xDD22, 0xD83A, 0xDD31, 0xD83A, 0xDD32, 0xD83A, 0xDD23, 0xD83A, 0xDD35, 0x20, 0xD83A, 0xDD05, 0xD83A, 0xDD2B, 0xD83A, 0xDD32, 0x2D, 0xD83A, 0xDD16, 0xD83A, 0xDD2B, 0xD83A, 0xDD24, 0xD83A, 0xDD2B, 0xD83A, 0xDD32, 0xD83A, 0xDD22));
					if (count != 1) return String(CharArray::of(0xD83A, 0xDD06, 0xD83A, 0xDD22, 0xD83A, 0xDD31, 0xD83A, 0xDD2F, 0xD83A, 0xDD2D, 0x20, 0xD83A, 0xDD05, 0xD83A, 0xDD2B, 0xD83A, 0xDD32, 0x2D, 0xD83A, 0xDD16, 0xD83A, 0xDD2B, 0xD83A, 0xDD24, 0xD83A, 0xDD2B, 0xD83A, 0xDD32, 0xD83A, 0xDD22));
					break;
				case 224:
					if (count == -1) return String(CharArray::of(0xD83A, 0xDD02, 0xD83A, 0xDD2B, 0xD83A, 0xDD34, 0xD83A, 0xDD2E, 0xD83A, 0xDD32, 0x20, 0xD83A, 0xDD05, 0xD83A, 0xDD2B, 0xD83A, 0xDD2A, 0xD83A, 0xDD22, 0xD83A, 0xDD24, 0xD83A, 0xDD2D, 0xD83A, 0xDD34, 0xD83A, 0xDD22, 0xD83A, 0xDD32, 0xD83A, 0xDD33, 0xD83A, 0xDD2E));
					if (count == 1) return String(CharArray::of(0xD83A, 0xDD24, 0xD83A, 0xDD2B, 0xD83A, 0xDD34, 0xD83A, 0xDD2E, 0xD83A, 0xDD32, 0x20, 0xD83A, 0xDD05, 0xD83A, 0xDD2B, 0xD83A, 0xDD2A, 0xD83A, 0xDD22, 0xD83A, 0xDD24, 0xD83A, 0xDD2D, 0xD83A, 0xDD34, 0xD83A, 0xDD22, 0xD83A, 0xDD32, 0xD83A, 0xDD33, 0xD83A, 0xDD2E));
					if (count != 1) return String(CharArray::of(0xD83A, 0xDD24, 0xD83A, 0xDD2B, 0xD83A, 0xDD34, 0xD83A, 0xDD2E, 0xD83A, 0xDD32, 0xD83A, 0xDD36, 0xD83A, 0xDD2D, 0x20, 0xD83A, 0xDD05, 0xD83A, 0xDD2B, 0xD83A, 0xDD2A, 0xD83A, 0xDD22, 0xD83A, 0xDD24, 0xD83A, 0xDD2D, 0xD83A, 0xDD34, 0xD83A, 0xDD22, 0xD83A, 0xDD32, 0xD83A, 0xDD33, 0xD83A, 0xDD2E));
					break;
				case 225:
					if (count == -1) return String(CharArray::of(0xD83A, 0xDD02, 0xD83A, 0xDD2B, 0xD83A, 0xDD34, 0xD83A, 0xDD2E, 0xD83A, 0xDD32, 0x20, 0xD83A, 0xDD05, 0xD83A, 0xDD2B, 0xD83A, 0xDD2A, 0xD83A, 0xDD22, 0xD83A, 0xDD24, 0xD83A, 0xDD2D, 0xD83A, 0xDD34, 0xD83A, 0xDD22, 0xD83A, 0xDD32, 0xD83A, 0xDD33, 0xD83A, 0xDD2E, 0x20, 0x2D, 0x20, 0x31, 0x39, 0x36, 0x34, 0x2D, 0x32, 0x30, 0x32, 0x32));
					if (count == 1) return String(CharArray::of(0xD83A, 0xDD24, 0xD83A, 0xDD2B, 0xD83A, 0xDD34, 0xD83A, 0xDD2E, 0xD83A, 0xDD32, 0x20, 0xD83A, 0xDD05, 0xD83A, 0xDD2B, 0xD83A, 0xDD2A, 0xD83A, 0xDD22, 0xD83A, 0xDD24, 0xD83A, 0xDD2D, 0xD83A, 0xDD34, 0xD83A, 0xDD22, 0xD83A, 0xDD32, 0xD83A, 0xDD33, 0xD83A, 0xDD2E, 0x20, 0x2D, 0x20, 0x31, 0x39, 0x36, 0x34, 0x2D, 0x32, 0x30, 0x32, 0x32));
					if (count != 1) return String(CharArray::of(0xD83A, 0xDD24, 0xD83A, 0xDD2B, 0xD83A, 0xDD34, 0xD83A, 0xDD2E, 0xD83A, 0xDD32, 0xD83A, 0xDD36, 0xD83A, 0xDD2D, 0x20, 0xD83A, 0xDD05, 0xD83A, 0xDD2B, 0xD83A, 0xDD2A, 0xD83A, 0xDD22, 0xD83A, 0xDD24, 0xD83A, 0xDD2D, 0xD83A, 0xDD34, 0xD83A, 0xDD22, 0xD83A, 0xDD32, 0xD83A, 0xDD33, 0xD83A, 0xDD2E, 0x20, 0x2D, 0x20, 0x31, 0x39, 0x36, 0x34, 0x2D, 0x32, 0x30, 0x32, 0x32));
					break;
				case 226:
					if (count == -1) return String(CharArray::of(0xD83A, 0xDD05, 0xD83A, 0xDD2D, 0xD83A, 0xDD24, 0xD83A, 0xDD2D, 0xD83A, 0xDD32, 0x20, 0xD83A, 0xDD05, 0xD83A, 0xDD2E, 0xD83A, 0xDD25, 0xD83A, 0xDD22, 0xD83A, 0xDD24, 0xD83A, 0xDD2D, 0xD83A, 0xDD32, 0xD83A, 0xDD33, 0xD83A, 0xDD2E));
					if (count == 1) return String(CharArray::of(0xD83A, 0xDD27, 0xD83A, 0xDD2D, 0xD83A, 0xDD24, 0xD83A, 0xDD2D, 0xD83A, 0xDD32, 0x20, 0xD83A, 0xDD05, 0xD83A, 0xDD2E, 0xD83A, 0xDD25, 0xD83A, 0xDD22, 0xD83A, 0xDD24, 0xD83A, 0xDD2D, 0xD83A, 0xDD32, 0xD83A, 0xDD33, 0xD83A, 0xDD2E));
					if (count != 1) return String(CharArray::of(0xD83A, 0xDD27, 0xD83A, 0xDD2D, 0xD83A, 0xDD24, 0xD83A, 0xDD2D, 0xD83A, 0xDD32, 0xD83A, 0xDD36, 0xD83A, 0xDD2D, 0x20, 0xD83A, 0xDD05, 0xD83A, 0xDD2E, 0xD83A, 0xDD25, 0xD83A, 0xDD22, 0xD83A, 0xDD24, 0xD83A, 0xDD2D, 0xD83A, 0xDD32, 0xD83A, 0xDD33, 0xD83A, 0xDD2E));
					break;
				case 227:
					if (count == -1) return String(CharArray::of(0xD83A, 0xDD01, 0xD83A, 0xDD22, 0xD83A, 0xDD24, 0xD83A, 0xDD22, 0x20, 0xD83A, 0xDD05, 0xD83A, 0xDD35, 0xD83A, 0xDD2A, 0xD83A, 0xDD35, 0xD83A, 0xDD32, 0xD83A, 0xDD22, 0xD83A, 0xDD25, 0xD83A, 0xDD2D, 0xD83A, 0xDD32, 0xD83A, 0xDD33, 0xD83A, 0xDD2E));
					if (count == 1) return String(CharArray::of(0xD83A, 0xDD01, 0xD83A, 0xDD22, 0xD83A, 0xDD24, 0xD83A, 0xDD22, 0x20, 0xD83A, 0xDD27, 0xD83A, 0xDD35, 0xD83A, 0xDD2A, 0xD83A, 0xDD35, 0xD83A, 0xDD32, 0xD83A, 0xDD22, 0xD83A, 0xDD25, 0xD83A, 0xDD2D, 0xD83A, 0xDD32, 0xD83A, 0xDD33, 0xD83A, 0xDD2E));
					if (count != 1) return String(CharArray::of(0xD83A, 0xDD01, 0xD83A, 0xDD22, 0xD83A, 0xDD24, 0xD83A, 0xDD22, 0xD83A, 0xDD44, 0xD83A, 0xDD36, 0xD83A, 0xDD2D, 0x20, 0xD83A, 0xDD27, 0xD83A, 0xDD35, 0xD83A, 0xDD2A, 0xD83A, 0xDD35, 0xD83A, 0xDD32, 0xD83A, 0xDD22, 0xD83A, 0xDD25, 0xD83A, 0xDD2D, 0xD83A, 0xDD32, 0xD83A, 0xDD33, 0xD83A, 0xDD2E));
					break;
				case 228:
					if (count == -1) return String(CharArray::of(0xD83A, 0xDD18, 0xD83A, 0xDD2D, 0xD83A, 0xDD24, 0xD83A, 0xDD23, 0xD83A, 0xDD2E, 0xD83A, 0xDD45, 0x20, 0xD83A, 0xDD05, 0xD83A, 0xDD35, 0xD83A, 0xDD2A, 0xD83A, 0xDD35, 0xD83A, 0xDD32, 0xD83A, 0xDD22, 0xD83A, 0xDD25, 0xD83A, 0xDD2D, 0xD83A, 0xDD32, 0xD83A, 0xDD33, 0xD83A, 0xDD2E));
					if (count == 1) return String(CharArray::of(0xD83A, 0xDD18, 0xD83A, 0xDD2D, 0xD83A, 0xDD24, 0xD83A, 0xDD23, 0xD83A, 0xDD2E, 0xD83A, 0xDD45, 0x20, 0xD83A, 0xDD27, 0xD83A, 0xDD35, 0xD83A, 0xDD2A, 0xD83A, 0xDD35, 0xD83A, 0xDD32, 0xD83A, 0xDD22, 0xD83A, 0xDD25, 0xD83A, 0xDD2D, 0xD83A, 0xDD32, 0xD83A, 0xDD33, 0xD83A, 0xDD2E));
					if (count != 1) return String(CharArray::of(0xD83A, 0xDD18, 0xD83A, 0xDD2D, 0xD83A, 0xDD24, 0xD83A, 0xDD23, 0xD83A, 0xDD2E, 0xD83A, 0xDD45, 0xD83A, 0xDD36, 0xD83A, 0xDD2D, 0x20, 0xD83A, 0xDD27, 0xD83A, 0xDD35, 0xD83A, 0xDD2A, 0xD83A, 0xDD35, 0xD83A, 0xDD32, 0xD83A, 0xDD22, 0xD83A, 0xDD25, 0xD83A, 0xDD2D, 0xD83A, 0xDD32, 0xD83A, 0xDD33, 0xD83A, 0xDD2E));
					break;
				case 229:
					if (count == -1) return String(CharArray::of(0xD83A, 0xDD06, 0xD83A, 0xDD22, 0xD83A, 0xDD31, 0xD83A, 0xDD32, 0xD83A, 0xDD23, 0xD83A, 0xDD35, 0x20, 0xD83A, 0xDD02, 0xD83A, 0xDD2B, 0xD83A, 0xDD34, 0xD83A, 0xDD24, 0xD83A, 0xDD2B, 0xD83A, 0xDD34, 0xD83A, 0xDD2A, 0xD83A, 0xDD2D, 0x20, 0xD83A, 0xDD05, 0xD83A, 0xDD35, 0xD83A, 0xDD23, 0xD83A, 0xDD22, 0xD83A, 0xDD32, 0xD83A, 0xDD2D, 0xD83A, 0xDD32, 0xD83A, 0xDD33, 0xD83A, 0xDD2E));
					if (count == 1) return String(CharArray::of(0xD83A, 0xDD28, 0xD83A, 0xDD22, 0xD83A, 0xDD31, 0xD83A, 0xDD32, 0xD83A, 0xDD23, 0xD83A, 0xDD35, 0x20, 0xD83A, 0xDD02, 0xD83A, 0xDD2B, 0xD83A, 0xDD34, 0xD83A, 0xDD24, 0xD83A, 0xDD2B, 0xD83A, 0xDD34, 0xD83A, 0xDD2A, 0xD83A, 0xDD2D, 0x20, 0xD83A, 0xDD05, 0xD83A, 0xDD35, 0xD83A, 0xDD23, 0xD83A, 0xDD22, 0xD83A, 0xDD32, 0xD83A, 0xDD2D, 0xD83A, 0xDD32, 0xD83A, 0xDD33, 0xD83A, 0xDD2E));
					if (count != 1) return String(CharArray::of(0xD83A, 0xDD28, 0xD83A, 0xDD22, 0xD83A, 0xDD31, 0xD83A, 0xDD2F, 0xD83A, 0xDD2D, 0x20, 0xD83A, 0xDD02, 0xD83A, 0xDD2B, 0xD83A, 0xDD34, 0xD83A, 0xDD24, 0xD83A, 0xDD2B, 0xD83A, 0xDD34, 0xD83A, 0xDD2A, 0xD83A, 0xDD2D, 0x20, 0xD83A, 0xDD05, 0xD83A, 0xDD35, 0xD83A, 0xDD23, 0xD83A, 0xDD22, 0xD83A, 0xDD32, 0xD83A, 0xDD2D, 0xD83A, 0xDD32, 0xD83A, 0xDD33, 0xD83A, 0xDD2E));
					break;
				case 231:
					if (count == -1) return String(CharArray::of(0xD83A, 0xDD01, 0xD83A, 0xDD2E, 0xD83A, 0xDD26, 0xD83A, 0xDD22, 0xD83A, 0xDD2A, 0xD83A, 0xDD22, 0x20, 0xD83A, 0xDD05, 0xD83A, 0xDD22, 0xD83A, 0xDD31, 0xD83A, 0xDD2E, 0x2D, 0xD83A, 0xDD1A, 0xD83A, 0xDD2E, 0xD83A, 0xDD25, 0xD83A, 0xDD2B, 0x20, 0x26, 0x20, 0xD83A, 0xDD06, 0xD83A, 0xDD2B, 0xD83A, 0xDD2A, 0xD83A, 0xDD2B, 0xD83A, 0xDD32, 0xD83A, 0xDD27, 0xD83A, 0xDD2D, 0xD83A, 0xDD28));
					if (count == 1) return String(CharArray::of(0xD83A, 0xDD23, 0xD83A, 0xDD2E, 0xD83A, 0xDD26, 0xD83A, 0xDD22, 0xD83A, 0xDD2A, 0xD83A, 0xDD22, 0x20, 0xD83A, 0xDD05, 0xD83A, 0xDD22, 0xD83A, 0xDD31, 0xD83A, 0xDD2E, 0x2D, 0xD83A, 0xDD1A, 0xD83A, 0xDD2E, 0xD83A, 0xDD25, 0xD83A, 0xDD2B, 0x20, 0x26, 0x20, 0xD83A, 0xDD06, 0xD83A, 0xDD2B, 0xD83A, 0xDD2A, 0xD83A, 0xDD2B, 0xD83A, 0xDD32, 0xD83A, 0xDD27, 0xD83A, 0xDD2D, 0xD83A, 0xDD28));
					if (count != 1) return String(CharArray::of(0xD83A, 0xDD23, 0xD83A, 0xDD2E, 0xD83A, 0xDD26, 0xD83A, 0xDD22, 0xD83A, 0xDD2A, 0xD83A, 0xDD22, 0xD83A, 0xDD44, 0xD83A, 0xDD36, 0xD83A, 0xDD2D, 0x20, 0xD83A, 0xDD05, 0xD83A, 0xDD22, 0xD83A, 0xDD31, 0xD83A, 0xDD2E, 0x2D, 0xD83A, 0xDD1A, 0xD83A, 0xDD2E, 0xD83A, 0xDD25, 0xD83A, 0xDD2B, 0x20, 0x26, 0x20, 0xD83A, 0xDD06, 0xD83A, 0xDD2B, 0xD83A, 0xDD2A, 0xD83A, 0xDD2B, 0xD83A, 0xDD32, 0xD83A, 0xDD27, 0xD83A, 0xDD2D, 0xD83A, 0xDD28));
					break;
				case 233:
					if (count == -1) return String(CharArray::of(0xD83A, 0xDD11, 0xD83A, 0xDD2E, 0xD83A, 0xDD24, 0xD83A, 0xDD2E, 0xD83A, 0xDD45, 0xD83A, 0xDD32, 0x20, 0xD83A, 0xDD05, 0xD83A, 0xDD22, 0xD83A, 0xDD24, 0xD83A, 0xDD3E, 0xD83A, 0xDD22, 0xD83A, 0xDD23, 0xD83A, 0xDD2E, 0xD83A, 0xDD2A, 0xD83A, 0xDD22, 0xD83A, 0xDD32, 0xD83A, 0xDD33, 0xD83A, 0xDD2E));
					if (count == 1) return String(CharArray::of(0xD83A, 0xDD11, 0xD83A, 0xDD2E, 0xD83A, 0xDD24, 0xD83A, 0xDD2E, 0xD83A, 0xDD45, 0xD83A, 0xDD32, 0x20, 0xD83A, 0xDD27, 0xD83A, 0xDD22, 0xD83A, 0xDD24, 0xD83A, 0xDD3E, 0xD83A, 0xDD22, 0xD83A, 0xDD23, 0xD83A, 0xDD2E, 0xD83A, 0xDD2A, 0xD83A, 0xDD22, 0xD83A, 0xDD32, 0xD83A, 0xDD33, 0xD83A, 0xDD2E));
					if (count != 1) return String(CharArray::of(0xD83A, 0xDD11, 0xD83A, 0xDD2E, 0xD83A, 0xDD24, 0xD83A, 0xDD2E, 0xD83A, 0xDD45, 0xD83A, 0xDD32, 0xD83A, 0xDD36, 0xD83A, 0xDD2D, 0x20, 0xD83A, 0xDD27, 0xD83A, 0xDD22, 0xD83A, 0xDD24, 0xD83A, 0xDD3E, 0xD83A, 0xDD22, 0xD83A, 0xDD23, 0xD83A, 0xDD2E, 0xD83A, 0xDD2A, 0xD83A, 0xDD22, 0xD83A, 0xDD32, 0xD83A, 0xDD33, 0xD83A, 0xDD2E));
					break;
				case 234:
					if (count == -1) return String(CharArray::of(0xD83A, 0xDD06, 0xD83A, 0xDD22, 0xD83A, 0xDD31, 0xD83A, 0xDD32, 0xD83A, 0xDD4B, 0xD83A, 0xDD23, 0xD83A, 0xDD35, 0x20, 0xD83A, 0xDD05, 0xD83A, 0xDD2D, 0xD83A, 0xDD2A, 0xD83A, 0xDD22, 0xD83A, 0xDD34, 0xD83A, 0xDD22, 0xD83A, 0xDD32, 0xD83A, 0xDD33, 0xD83A, 0xDD2E));
					if (count == 1) return String(CharArray::of(0xD83A, 0xDD28, 0xD83A, 0xDD22, 0xD83A, 0xDD31, 0xD83A, 0xDD32, 0xD83A, 0xDD4B, 0xD83A, 0xDD23, 0xD83A, 0xDD35, 0x20, 0xD83A, 0xDD05, 0xD83A, 0xDD2D, 0xD83A, 0xDD2A, 0xD83A, 0xDD22, 0xD83A, 0xDD34, 0xD83A, 0xDD22, 0xD83A, 0xDD32, 0xD83A, 0xDD33, 0xD83A, 0xDD2E));
					if (count != 1) return String(CharArray::of(0xD83A, 0xDD28, 0xD83A, 0xDD22, 0xD83A, 0xDD31, 0xD83A, 0xDD2F, 0xD83A, 0xDD2D, 0x20, 0xD83A, 0xDD05, 0xD83A, 0xDD2D, 0xD83A, 0xDD2A, 0xD83A, 0xDD22, 0xD83A, 0xDD34, 0xD83A, 0xDD22, 0xD83A, 0xDD32, 0xD83A, 0xDD33, 0xD83A, 0xDD2E));
					break;
				case 235:
					if (count == -1) return String(CharArray::of(0xD83A, 0xDD02, 0xD83A, 0xDD2D, 0xD83A, 0xDD24, 0xD83A, 0xDD22, 0xD83A, 0xDD32, 0xD83A, 0xDD3A, 0xD83A, 0xDD2B, 0xD83A, 0xDD32, 0xD83A, 0xDD2D, 0x20, 0xD83A, 0xDD05, 0xD83A, 0xDD35, 0xD83A, 0xDD31, 0xD83A, 0xDD22, 0xD83A, 0xDD36, 0xD83A, 0xDD2D));
					if (count == 1) return String(CharArray::of(0xD83A, 0xDD24, 0xD83A, 0xDD2D, 0xD83A, 0xDD24, 0xD83A, 0xDD22, 0xD83A, 0xDD32, 0xD83A, 0xDD3A, 0xD83A, 0xDD2B, 0xD83A, 0xDD32, 0xD83A, 0xDD2D, 0x20, 0xD83A, 0xDD05, 0xD83A, 0xDD35, 0xD83A, 0xDD31, 0xD83A, 0xDD22, 0xD83A, 0xDD36, 0xD83A, 0xDD2D));
					if (count != 1) return String(CharArray::of(0xD83A, 0xDD24, 0xD83A, 0xDD2D, 0xD83A, 0xDD24, 0xD83A, 0xDD22, 0xD83A, 0xDD32, 0xD83A, 0xDD3A, 0xD83A, 0xDD2B, 0xD83A, 0xDD32, 0xD83A, 0xDD2D, 0xD83A, 0xDD45, 0xD83A, 0xDD36, 0xD83A, 0xDD2D, 0x20, 0xD83A, 0xDD05, 0xD83A, 0xDD35, 0xD83A, 0xDD31, 0xD83A, 0xDD22, 0xD83A, 0xDD36, 0xD83A, 0xDD2D));
					break;
				case 236:
					if (count == -1) return String(CharArray::of(0xD83A, 0xDD04, 0xD83A, 0xDD22, 0xD83A, 0xDD38, 0xD83A, 0xDD3C, 0xD83A, 0xDD35, 0x20, 0xD83A, 0xDD1A, 0xD83A, 0xDD22, 0xD83A, 0xDD34, 0xD83A, 0xDD24, 0xD83A, 0xDD22, 0xD83A, 0xDD32, 0xD83A, 0xDD23, 0xD83A, 0xDD2D, 0xD83A, 0xDD32, 0xD83A, 0xDD33, 0xD83A, 0xDD2E));
					if (count == 1) return String(CharArray::of(0xD83A, 0xDD26, 0xD83A, 0xDD22, 0xD83A, 0xDD38, 0xD83A, 0xDD3C, 0xD83A, 0xDD35, 0x20, 0xD83A, 0xDD1A, 0xD83A, 0xDD22, 0xD83A, 0xDD34, 0xD83A, 0xDD24, 0xD83A, 0xDD22, 0xD83A, 0xDD32, 0xD83A, 0xDD23, 0xD83A, 0xDD2D, 0xD83A, 0xDD32, 0xD83A, 0xDD33, 0xD83A, 0xDD2E));
					if (count != 1) return String(CharArray::of(0xD83A, 0xDD26, 0xD83A, 0xDD22, 0xD83A, 0xDD38, 0xD83A, 0xDD3C, 0xD83A, 0xDD35, 0xD83A, 0xDD45, 0xD83A, 0xDD36, 0xD83A, 0xDD2D, 0x20, 0xD83A, 0xDD1A, 0xD83A, 0xDD22, 0xD83A, 0xDD34, 0xD83A, 0xDD24, 0xD83A, 0xDD22, 0xD83A, 0xDD32, 0xD83A, 0xDD23, 0xD83A, 0xDD2D, 0xD83A, 0xDD32, 0xD83A, 0xDD33, 0xD83A, 0xDD2E));
					break;
				case 238:
					if (count == -1) return String(CharArray::of(0xD83A, 0xDD05, 0xD83A, 0xDD22, 0xD83A, 0xDD25, 0xD83A, 0xDD2E, 0xD83A, 0xDD45, 0xD83A, 0xDD32, 0xD83A, 0xDD2D, 0x20, 0xD83A, 0xDD1A, 0xD83A, 0xDD22, 0xD83A, 0xDD36, 0xD83A, 0xDD2D, 0xD83A, 0xDD33, 0xD83A, 0xDD2D, 0xD83A, 0xDD27, 0xD83A, 0xDD3C, 0xD83A, 0xDD22, 0xD83A, 0xDD32, 0xD83A, 0xDD33, 0xD83A, 0xDD2E));
					if (count == 1) return String(CharArray::of(0xD83A, 0xDD27, 0xD83A, 0xDD22, 0xD83A, 0xDD25, 0xD83A, 0xDD2E, 0xD83A, 0xDD45, 0xD83A, 0xDD32, 0xD83A, 0xDD2D, 0x20, 0xD83A, 0xDD1A, 0xD83A, 0xDD22, 0xD83A, 0xDD36, 0xD83A, 0xDD2D, 0xD83A, 0xDD33, 0xD83A, 0xDD2D, 0xD83A, 0xDD27, 0xD83A, 0xDD3C, 0xD83A, 0xDD22, 0xD83A, 0xDD32, 0xD83A, 0xDD33, 0xD83A, 0xDD2E));
					if (count != 1) return String(CharArray::of(0xD83A, 0xDD27, 0xD83A, 0xDD22, 0xD83A, 0xDD25, 0xD83A, 0xDD2E, 0xD83A, 0xDD45, 0xD83A, 0xDD32, 0xD83A, 0xDD2D, 0xD83A, 0xDD45, 0xD83A, 0xDD36, 0xD83A, 0xDD2D, 0x20, 0xD83A, 0xDD1A, 0xD83A, 0xDD22, 0xD83A, 0xDD36, 0xD83A, 0xDD2D, 0xD83A, 0xDD33, 0xD83A, 0xDD2D, 0xD83A, 0xDD27, 0xD83A, 0xDD3C, 0xD83A, 0xDD22, 0xD83A, 0xDD32, 0xD83A, 0xDD33, 0xD83A, 0xDD2E));
					break;
				case 240:
					if (count == -1) return String(CharArray::of(0xD83A, 0xDD03, 0xD83A, 0xDD22, 0xD83A, 0xDD32, 0xD83A, 0xDD22, 0xD83A, 0xDD3C, 0xD83A, 0xDD35, 0x20, 0xD83A, 0xDD1A, 0xD83A, 0xDD35, 0xD83A, 0xDD2A, 0xD83A, 0xDD33, 0xD83A, 0xDD35, 0xD83A, 0xDD25, 0xD83A, 0xDD2B, 0xD83A, 0xDD32, 0xD83A, 0xDD2D, 0xD83A, 0xDD27, 0xD83A, 0xDD3C, 0xD83A, 0xDD22, 0xD83A, 0xDD32, 0xD83A, 0xDD33, 0xD83A, 0xDD2E));
					if (count == 1) return String(CharArray::of(0xD83A, 0xDD25, 0xD83A, 0xDD22, 0xD83A, 0xDD32, 0xD83A, 0xDD22, 0xD83A, 0xDD3C, 0xD83A, 0xDD35, 0x20, 0xD83A, 0xDD1A, 0xD83A, 0xDD35, 0xD83A, 0xDD2A, 0xD83A, 0xDD33, 0xD83A, 0xDD35, 0xD83A, 0xDD25, 0xD83A, 0xDD2B, 0xD83A, 0xDD32, 0xD83A, 0xDD2D, 0xD83A, 0xDD27, 0xD83A, 0xDD3C, 0xD83A, 0xDD22, 0xD83A, 0xDD32, 0xD83A, 0xDD33, 0xD83A, 0xDD2E));
					if (count != 1) return String(CharArray::of(0xD83A, 0xDD25, 0xD83A, 0xDD22, 0xD83A, 0xDD32, 0xD83A, 0xDD22, 0xD83A, 0xDD3C, 0xD83A, 0xDD35, 0xD83A, 0xDD45, 0xD83A, 0xDD36, 0xD83A, 0xDD2D, 0x20, 0xD83A, 0xDD1A, 0xD83A, 0xDD35, 0xD83A, 0xDD2A, 0xD83A, 0xDD33, 0xD83A, 0xDD35, 0xD83A, 0xDD25, 0xD83A, 0xDD2B, 0xD83A, 0xDD32, 0xD83A, 0xDD2D, 0xD83A, 0xDD27, 0xD83A, 0xDD3C, 0xD83A, 0xDD22, 0xD83A, 0xDD32, 0xD83A, 0xDD33, 0xD83A, 0xDD2E));
					break;
				case 241:
					if (count == -1) return String(CharArray::of(0xD83A, 0xDD01, 0xD83A, 0xDD2D, 0xD83A, 0xDD32, 0xD83A, 0xDD22, 0xD83A, 0xDD44, 0xD83A, 0xDD2A, 0x20, 0xD83A, 0xDD1A, 0xD83A, 0xDD35, 0xD83A, 0xDD45, 0xD83A, 0xDD32, 0xD83A, 0xDD2D, 0xD83A, 0xDD27, 0xD83A, 0xDD2D, 0xD83A, 0xDD32, 0xD83A, 0xDD33, 0xD83A, 0xDD2E));
					if (count == 1) return String(CharArray::of(0xD83A, 0xDD23, 0xD83A, 0xDD2D, 0xD83A, 0xDD32, 0xD83A, 0xDD22, 0xD83A, 0xDD44, 0xD83A, 0xDD2A, 0x20, 0xD83A, 0xDD1A, 0xD83A, 0xDD35, 0xD83A, 0xDD45, 0xD83A, 0xDD32, 0xD83A, 0xDD2D, 0xD83A, 0xDD27, 0xD83A, 0xDD2D, 0xD83A, 0xDD32, 0xD83A, 0xDD33, 0xD83A, 0xDD2E));
					if (count != 1) return String(CharArray::of(0xD83A, 0xDD23, 0xD83A, 0xDD2D, 0xD83A, 0xDD32, 0xD83A, 0xDD22, 0xD83A, 0xDD44, 0xD83A, 0xDD2A, 0xD83A, 0xDD36, 0xD83A, 0xDD2D, 0x20, 0xD83A, 0xDD1A, 0xD83A, 0xDD35, 0xD83A, 0xDD45, 0xD83A, 0xDD32, 0xD83A, 0xDD2D, 0xD83A, 0xDD27, 0xD83A, 0xDD2D, 0xD83A, 0xDD32, 0xD83A, 0xDD33, 0xD83A, 0xDD2E));
					break;
				case 242:
					if (count == -1) return String(CharArray::of(0xD83A, 0xDD06, 0xD83A, 0xDD22, 0xD83A, 0xDD22, 0xD83A, 0xDD32, 0xD83A, 0xDD3A, 0xD83A, 0xDD22, 0x20, 0xD83A, 0xDD1A, 0xD83A, 0xDD2E, 0xD83A, 0xDD32, 0xD83A, 0xDD3A, 0xD83A, 0xDD22, 0xD83A, 0xDD32, 0xD83A, 0xDD33, 0xD83A, 0xDD2E));
					if (count == 1) return String(CharArray::of(0xD83A, 0xDD28, 0xD83A, 0xDD22, 0xD83A, 0xDD22, 0xD83A, 0xDD32, 0xD83A, 0xDD3A, 0xD83A, 0xDD22, 0x20, 0xD83A, 0xDD1A, 0xD83A, 0xDD2E, 0xD83A, 0xDD32, 0xD83A, 0xDD3A, 0xD83A, 0xDD22, 0xD83A, 0xDD32, 0xD83A, 0xDD33, 0xD83A, 0xDD2E));
					if (count != 1) return String(CharArray::of(0xD83A, 0xDD28, 0xD83A, 0xDD22, 0xD83A, 0xDD22, 0xD83A, 0xDD32, 0xD83A, 0xDD3A, 0xD83A, 0xDD22, 0xD83A, 0xDD44, 0xD83A, 0xDD36, 0xD83A, 0xDD2D, 0x20, 0xD83A, 0xDD1A, 0xD83A, 0xDD2E, 0xD83A, 0xDD32, 0xD83A, 0xDD3A, 0xD83A, 0xDD22, 0xD83A, 0xDD32, 0xD83A, 0xDD33, 0xD83A, 0xDD2E));
					break;
				case 245:
					if (count == -1) return String(CharArray::of(0xD83A, 0xDD02, 0xD83A, 0xDD2D, 0xD83A, 0xDD2A, 0xD83A, 0xDD22, 0x20, 0xD83A, 0xDD1A, 0xD83A, 0xDD35, 0xD83A, 0xDD2A, 0xD83A, 0xDD33, 0xD83A, 0xDD2D, 0xD83A, 0xDD34, 0xD83A, 0xDD22, 0xD83A, 0xDD32, 0xD83A, 0xDD33, 0xD83A, 0xDD2E));
					if (count == 1) return String(CharArray::of(0xD83A, 0xDD24, 0xD83A, 0xDD2D, 0xD83A, 0xDD2A, 0xD83A, 0xDD22, 0x20, 0xD83A, 0xDD1A, 0xD83A, 0xDD35, 0xD83A, 0xDD2A, 0xD83A, 0xDD33, 0xD83A, 0xDD2D, 0xD83A, 0xDD34, 0xD83A, 0xDD22, 0xD83A, 0xDD32, 0xD83A, 0xDD33, 0xD83A, 0xDD2E));
					if (count != 1) return String(CharArray::of(0xD83A, 0xDD24, 0xD83A, 0xDD2D, 0xD83A, 0xDD2A, 0xD83A, 0xDD22, 0xD83A, 0xDD44, 0xD83A, 0xDD36, 0xD83A, 0xDD2D, 0x20, 0xD83A, 0xDD1A, 0xD83A, 0xDD35, 0xD83A, 0xDD2A, 0xD83A, 0xDD33, 0xD83A, 0xDD2D, 0xD83A, 0xDD34, 0xD83A, 0xDD22, 0xD83A, 0xDD32, 0xD83A, 0xDD33, 0xD83A, 0xDD2E));
					break;
				case 246:
					if (count == -1) return String(CharArray::of(0xD83A, 0xDD01, 0xD83A, 0xDD22, 0xD83A, 0xDD24, 0xD83A, 0xDD22, 0x20, 0xD83A, 0xDD1A, 0xD83A, 0xDD2D, 0xD83A, 0xDD2A, 0xD83A, 0xDD32, 0xD83A, 0xDD2D, 0xD83A, 0xDD23, 0xD83A, 0xDD22, 0xD83A, 0xDD44, 0xD83A, 0xDD23, 0x20, 0x26, 0x20, 0xD83A, 0xDD1A, 0xD83A, 0xDD2E, 0xD83A, 0xDD26, 0xD83A, 0xDD22, 0xD83A, 0xDD3A, 0xD83A, 0xDD2E));
					if (count == 1) return String(CharArray::of(0xD83A, 0xDD01, 0xD83A, 0xDD22, 0xD83A, 0xDD24, 0xD83A, 0xDD22, 0x20, 0xD83A, 0xDD1A, 0xD83A, 0xDD2D, 0xD83A, 0xDD2A, 0xD83A, 0xDD32, 0xD83A, 0xDD2D, 0xD83A, 0xDD23, 0xD83A, 0xDD22, 0xD83A, 0xDD44, 0xD83A, 0xDD23, 0x20, 0x26, 0x20, 0xD83A, 0xDD1A, 0xD83A, 0xDD2E, 0xD83A, 0xDD26, 0xD83A, 0xDD22, 0xD83A, 0xDD3A, 0xD83A, 0xDD2E));
					if (count != 1) return String(CharArray::of(0xD83A, 0xDD01, 0xD83A, 0xDD22, 0xD83A, 0xDD24, 0xD83A, 0xDD22, 0xD83A, 0xDD44, 0xD83A, 0xDD36, 0xD83A, 0xDD2D, 0x20, 0xD83A, 0xDD1A, 0xD83A, 0xDD2D, 0xD83A, 0xDD2A, 0xD83A, 0xDD32, 0xD83A, 0xDD2D, 0xD83A, 0xDD23, 0xD83A, 0xDD22, 0xD83A, 0xDD44, 0xD83A, 0xDD23, 0x20, 0x26, 0x20, 0xD83A, 0xDD1A, 0xD83A, 0xDD2E, 0xD83A, 0xDD26, 0xD83A, 0xDD22, 0xD83A, 0xDD3A, 0xD83A, 0xDD2E));
					break;
				case 247:
					if (count == -1) return String(CharArray::of(0xD83A, 0xDD01, 0xD83A, 0xDD22, 0xD83A, 0xDD24, 0xD83A, 0xDD22, 0x20, 0xD83A, 0xDD1A, 0xD83A, 0xDD22, 0xD83A, 0xDD34, 0xD83A, 0xDD31, 0xD83A, 0xDD22, 0xD83A, 0xDD44, 0xD83A, 0xDD32, 0xD83A, 0xDD33, 0xD83A, 0xDD2E));
					if (count == 1) return String(CharArray::of(0xD83A, 0xDD23, 0xD83A, 0xDD22, 0xD83A, 0xDD24, 0xD83A, 0xDD22, 0x20, 0xD83A, 0xDD1A, 0xD83A, 0xDD22, 0xD83A, 0xDD34, 0xD83A, 0xDD31, 0xD83A, 0xDD22, 0xD83A, 0xDD44, 0xD83A, 0xDD32, 0xD83A, 0xDD33, 0xD83A, 0xDD2E));
					if (count != 1) return String(CharArray::of(0xD83A, 0xDD23, 0xD83A, 0xDD22, 0xD83A, 0xDD24, 0xD83A, 0xDD22, 0xD83A, 0xDD44, 0xD83A, 0xDD36, 0xD83A, 0xDD2D, 0x20, 0xD83A, 0xDD1A, 0xD83A, 0xDD22, 0xD83A, 0xDD34, 0xD83A, 0xDD31, 0xD83A, 0xDD22, 0xD83A, 0xDD44, 0xD83A, 0xDD32, 0xD83A, 0xDD33, 0xD83A, 0xDD2E));
					break;
				case 248:
					if (count == -1) return String(CharArray::of(0xD83A, 0xDD05, 0xD83A, 0xDD2D, 0xD83A, 0xDD24, 0xD83A, 0xDD2D, 0xD83A, 0xDD32, 0x20, 0xD83A, 0xDD1A, 0xD83A, 0xDD22, 0xD83A, 0xDD32, 0xD83A, 0xDD41, 0xD83A, 0xDD22, 0xD83A, 0xDD32, 0xD83A, 0xDD2D, 0xD83A, 0xDD32, 0xD83A, 0xDD33, 0xD83A, 0xDD2E));
					if (count == 1) return String(CharArray::of(0xD83A, 0xDD27, 0xD83A, 0xDD2D, 0xD83A, 0xDD24, 0xD83A, 0xDD2D, 0xD83A, 0xDD32, 0x20, 0xD83A, 0xDD1A, 0xD83A, 0xDD22, 0xD83A, 0xDD32, 0xD83A, 0xDD41, 0xD83A, 0xDD22, 0xD83A, 0xDD32, 0xD83A, 0xDD2D, 0xD83A, 0xDD32, 0xD83A, 0xDD33, 0xD83A, 0xDD2E));
					if (count != 1) return String(CharArray::of(0xD83A, 0xDD27, 0xD83A, 0xDD2D, 0xD83A, 0xDD24, 0xD83A, 0xDD2D, 0xD83A, 0xDD32, 0xD83A, 0xDD36, 0xD83A, 0xDD2D, 0x20, 0xD83A, 0xDD1A, 0xD83A, 0xDD22, 0xD83A, 0xDD32, 0xD83A, 0xDD41, 0xD83A, 0xDD22, 0xD83A, 0xDD32, 0xD83A, 0xDD2D, 0xD83A, 0xDD32, 0xD83A, 0xDD33, 0xD83A, 0xDD2E));
					break;
				case 249:
					if (count == -1) return String(CharArray::of(0xD83A, 0xDD16, 0xD83A, 0xDD35, 0xD83A, 0xDD2A, 0xD83A, 0xDD22, 0xD83A, 0xDD3E, 0xD83A, 0xDD2B, 0xD83A, 0xDD32, 0xD83A, 0xDD2D, 0xD83A, 0xDD34, 0xD83A, 0xDD22, 0x20, 0xD83A, 0xDD12, 0xD83A, 0xDD35, 0xD83A, 0xDD33, 0xD83A, 0xDD2B, 0xD83A, 0xDD2A, 0xD83A, 0xDD2B, 0xD83A, 0xDD45, 0xD83A, 0xDD32, 0xD83A, 0xDD2D, 0xD83A, 0xDD32, 0xD83A, 0xDD33, 0xD83A, 0xDD2E));
					if (count == 1) return String(CharArray::of(0xD83A, 0xDD16, 0xD83A, 0xDD35, 0xD83A, 0xDD2A, 0xD83A, 0xDD22, 0xD83A, 0xDD3E, 0xD83A, 0xDD2B, 0xD83A, 0xDD32, 0xD83A, 0xDD2D, 0xD83A, 0xDD34, 0xD83A, 0xDD22, 0x20, 0xD83A, 0xDD12, 0xD83A, 0xDD35, 0xD83A, 0xDD33, 0xD83A, 0xDD2B, 0xD83A, 0xDD2A, 0xD83A, 0xDD2B, 0xD83A, 0xDD45, 0xD83A, 0xDD32, 0xD83A, 0xDD2D, 0xD83A, 0xDD32, 0xD83A, 0xDD33, 0xD83A, 0xDD2E));
					if (count != 1) return String(CharArray::of(0xD83A, 0xDD16, 0xD83A, 0xDD35, 0xD83A, 0xDD2A, 0xD83A, 0xDD22, 0xD83A, 0xDD3E, 0xD83A, 0xDD2B, 0xD83A, 0xDD32, 0xD83A, 0xDD2D, 0xD83A, 0xDD34, 0xD83A, 0xDD22, 0xD83A, 0xDD44, 0xD83A, 0xDD36, 0xD83A, 0xDD2D, 0x20, 0xD83A, 0xDD12, 0xD83A, 0xDD35, 0xD83A, 0xDD33, 0xD83A, 0xDD2B, 0xD83A, 0xDD2A, 0xD83A, 0xDD2B, 0xD83A, 0xDD45, 0xD83A, 0xDD32, 0xD83A, 0xDD2D, 0xD83A, 0xDD32, 0xD83A, 0xDD33, 0xD83A, 0xDD2E));
					break;
				case 252:
					if (count == -1) return String(CharArray::of(0xD83A, 0xDD05, 0xD83A, 0xDD2D, 0xD83A, 0xDD24, 0xD83A, 0xDD2D, 0xD83A, 0xDD32, 0x20, 0xD83A, 0xDD13, 0xD83A, 0xDD3A, 0xD83A, 0xDD22, 0xD83A, 0xDD32, 0xD83A, 0xDD23, 0xD83A, 0xDD22, 0xD83A, 0xDD32, 0xD83A, 0xDD33, 0xD83A, 0xDD2E));
					if (count == 1) return String(CharArray::of(0xD83A, 0xDD27, 0xD83A, 0xDD2D, 0xD83A, 0xDD24, 0xD83A, 0xDD2D, 0xD83A, 0xDD32, 0x20, 0xD83A, 0xDD13, 0xD83A, 0xDD3A, 0xD83A, 0xDD22, 0xD83A, 0xDD32, 0xD83A, 0xDD23, 0xD83A, 0xDD22, 0xD83A, 0xDD32, 0xD83A, 0xDD33, 0xD83A, 0xDD2E));
					if (count != 1) return String(CharArray::of(0xD83A, 0xDD27, 0xD83A, 0xDD2D, 0xD83A, 0xDD24, 0xD83A, 0xDD2D, 0xD83A, 0xDD32, 0xD83A, 0xDD36, 0xD83A, 0xDD2D, 0x20, 0xD83A, 0xDD13, 0xD83A, 0xDD3A, 0xD83A, 0xDD22, 0xD83A, 0xDD32, 0xD83A, 0xDD23, 0xD83A, 0xDD22, 0xD83A, 0xDD32, 0xD83A, 0xDD33, 0xD83A, 0xDD2E));
					break;
				case 253:
					if (count == -1) return String(CharArray::of(0xD83A, 0xDD01, 0xD83A, 0xDD22, 0xD83A, 0xDD24, 0xD83A, 0xDD22, 0x20, 0xD83A, 0xDD01, 0xD83A, 0xDD2B, 0xD83A, 0xDD32, 0xD83A, 0xDD3C, 0xD83A, 0xDD22, 0xD83A, 0xDD24, 0x20, 0xD83A, 0xDD02, 0xD83A, 0xDD22, 0xD83A, 0xDD2A, 0xD83A, 0xDD2B, 0x20, 0xD83A, 0xDD00, 0xD83A, 0xDD25, 0xD83A, 0xDD2B, 0xD83A, 0xDD2A, 0xD83A, 0xDD2D, 0xD83A, 0xDD33));
					if (count == 1) return String(CharArray::of(0xD83A, 0xDD01, 0xD83A, 0xDD22, 0xD83A, 0xDD24, 0xD83A, 0xDD22, 0x20, 0xD83A, 0xDD01, 0xD83A, 0xDD2B, 0xD83A, 0xDD32, 0xD83A, 0xDD3C, 0xD83A, 0xDD22, 0xD83A, 0xDD24, 0x20, 0xD83A, 0xDD02, 0xD83A, 0xDD22, 0xD83A, 0xDD2A, 0xD83A, 0xDD2B, 0x20, 0xD83A, 0xDD00, 0xD83A, 0xDD25, 0xD83A, 0xDD2B, 0xD83A, 0xDD2A, 0xD83A, 0xDD2D, 0xD83A, 0xDD33));
					if (count != 1) return String(CharArray::of(0xD83A, 0xDD01, 0xD83A, 0xDD22, 0xD83A, 0xDD24, 0xD83A, 0xDD22, 0xD83A, 0xDD44, 0xD83A, 0xDD36, 0xD83A, 0xDD2D, 0x20, 0xD83A, 0xDD01, 0xD83A, 0xDD2B, 0xD83A, 0xDD32, 0xD83A, 0xDD3C, 0xD83A, 0xDD22, 0xD83A, 0xDD24, 0x20, 0xD83A, 0xDD02, 0xD83A, 0xDD22, 0xD83A, 0xDD2A, 0xD83A, 0xDD2B, 0x20, 0xD83A, 0xDD00, 0xD83A, 0xDD25, 0xD83A, 0xDD2B, 0xD83A, 0xDD2A, 0xD83A, 0xDD2D, 0xD83A, 0xDD33));
					break;
				case 254:
					if (count == -1) return String(CharArray::of(0xD83A, 0xDD23, 0xD83A, 0xDD22, 0xD83A, 0xDD24, 0xD83A, 0xDD22, 0x20, 0xD83A, 0xDD01, 0xD83A, 0xDD02, 0xD83A, 0xDD00, 0x20, 0x28, 0xD83A, 0xDD36, 0xD83A, 0xDD22, 0xD83A, 0xDD32, 0xD83A, 0xDD3A, 0xD83A, 0xDD2E, 0x20, 0xD83A, 0xDD25, 0xD83A, 0xDD35, 0xD83A, 0xDD45, 0xD83A, 0xDD2F, 0xD83A, 0xDD35, 0xD83A, 0xDD32, 0x29));
					if (count == 1) return String(CharArray::of(0xD83A, 0xDD01, 0xD83A, 0xDD22, 0xD83A, 0xDD24, 0xD83A, 0xDD22, 0x20, 0xD83A, 0xDD01, 0xD83A, 0xDD02, 0xD83A, 0xDD00, 0x20, 0x28, 0xD83A, 0xDD36, 0xD83A, 0xDD22, 0xD83A, 0xDD32, 0xD83A, 0xDD3A, 0xD83A, 0xDD2E, 0x20, 0xD83A, 0xDD25, 0xD83A, 0xDD35, 0xD83A, 0xDD45, 0xD83A, 0xDD2F, 0xD83A, 0xDD35, 0xD83A, 0xDD32, 0x29));
					if (count != 1) return String(CharArray::of(0xD83A, 0xDD23, 0xD83A, 0xDD22, 0xD83A, 0xDD24, 0xD83A, 0xDD22, 0xD83A, 0xDD44, 0xD83A, 0xDD36, 0xD83A, 0xDD2D, 0x20, 0xD83A, 0xDD01, 0xD83A, 0xDD02, 0xD83A, 0xDD00, 0x20, 0x28, 0xD83A, 0xDD36, 0xD83A, 0xDD22, 0xD83A, 0xDD32, 0xD83A, 0xDD3A, 0xD83A, 0xDD2E, 0x20, 0xD83A, 0xDD25, 0xD83A, 0xDD35, 0xD83A, 0xDD45, 0xD83A, 0xDD2F, 0xD83A, 0xDD35, 0xD83A, 0xDD32, 0x29));
					break;
				case 255:
					if (count == -1) return String(CharArray::of(0xD83A, 0xDD23, 0xD83A, 0xDD22, 0xD83A, 0xDD24, 0xD83A, 0xDD22, 0x20, 0xD83A, 0xDD01, 0xD83A, 0xDD02, 0xD83A, 0xDD00, 0x20, 0x28, 0xD83A, 0xDD38, 0xD83A, 0xDD22, 0xD83A, 0xDD32, 0xD83A, 0xDD23, 0xD83A, 0xDD2B, 0x20, 0xD83A, 0xDD25, 0xD83A, 0xDD35, 0xD83A, 0xDD45, 0xD83A, 0xDD2F, 0xD83A, 0xDD35, 0xD83A, 0xDD32, 0x29));
					if (count == 1) return String(CharArray::of(0xD83A, 0xDD23, 0xD83A, 0xDD22, 0xD83A, 0xDD24, 0xD83A, 0xDD22, 0x20, 0xD83A, 0xDD01, 0xD83A, 0xDD02, 0xD83A, 0xDD00, 0x20, 0x28, 0xD83A, 0xDD38, 0xD83A, 0xDD22, 0xD83A, 0xDD32, 0xD83A, 0xDD23, 0xD83A, 0xDD2B, 0x20, 0xD83A, 0xDD25, 0xD83A, 0xDD35, 0xD83A, 0xDD45, 0xD83A, 0xDD2F, 0xD83A, 0xDD35, 0xD83A, 0xDD32, 0x29));
					if (count != 1) return String(CharArray::of(0xD83A, 0xDD23, 0xD83A, 0xDD22, 0xD83A, 0xDD24, 0xD83A, 0xDD22, 0xD83A, 0xDD44, 0xD83A, 0xDD36, 0xD83A, 0xDD2D, 0x20, 0xD83A, 0xDD01, 0xD83A, 0xDD02, 0xD83A, 0xDD00, 0x20, 0x28, 0xD83A, 0xDD38, 0xD83A, 0xDD22, 0xD83A, 0xDD32, 0xD83A, 0xDD23, 0xD83A, 0xDD2B, 0x20, 0xD83A, 0xDD25, 0xD83A, 0xDD35, 0xD83A, 0xDD45, 0xD83A, 0xDD2F, 0xD83A, 0xDD35, 0xD83A, 0xDD32, 0x29));
					break;
				case 256:
					if (count == -1) return String(CharArray::of(0xD83A, 0xDD06, 0xD83A, 0xDD2B, 0xD83A, 0xDD45, 0xD83A, 0xDD27, 0xD83A, 0xDD2E, 0xD83A, 0xDD45, 0x20, 0xD83A, 0xDD12, 0xD83A, 0xDD35, 0xD83A, 0xDD2A, 0xD83A, 0xDD3A, 0xD83A, 0xDD2E, 0xD83A, 0xDD34, 0xD83A, 0xDD22, 0xD83A, 0xDD32, 0xD83A, 0xDD33, 0xD83A, 0xDD2E, 0x20, 0x28, 0xD83A, 0xDD15, 0xD83A, 0xDD22, 0xD83A, 0xDD24, 0xD83A, 0xDD2F, 0xD83A, 0xDD2D, 0x20, 0xD83A, 0xDD14, 0xD83A, 0xDD2E, 0xD83A, 0xDD45, 0xD83A, 0xDD28, 0xD83A, 0xDD22, 0xD83A, 0xDD44, 0xD83A, 0xDD2F, 0xD83A, 0xDD2D, 0x29));
					if (count == 1) return String(CharArray::of(0xD83A, 0xDD06, 0xD83A, 0xDD2B, 0xD83A, 0xDD45, 0xD83A, 0xDD27, 0xD83A, 0xDD2E, 0xD83A, 0xDD45, 0x20, 0xD83A, 0xDD34, 0xD83A, 0xDD35, 0xD83A, 0xDD2A, 0xD83A, 0xDD3A, 0xD83A, 0xDD2E, 0xD83A, 0xDD34, 0xD83A, 0xDD22, 0xD83A, 0xDD32, 0xD83A, 0xDD33, 0xD83A, 0xDD2E, 0x20, 0x28, 0xD83A, 0xDD37, 0xD83A, 0xDD22, 0xD83A, 0xDD24, 0xD83A, 0xDD2F, 0xD83A, 0xDD2D, 0x20, 0xD83A, 0xDD36, 0xD83A, 0xDD2E, 0xD83A, 0xDD45, 0xD83A, 0xDD28, 0xD83A, 0xDD22, 0xD83A, 0xDD44, 0xD83A, 0xDD2F, 0xD83A, 0xDD2D, 0x29));
					if (count != 1) return String(CharArray::of(0xD83A, 0xDD06, 0xD83A, 0xDD2B, 0xD83A, 0xDD45, 0xD83A, 0xDD27, 0xD83A, 0xDD2E, 0xD83A, 0xDD45, 0xD83A, 0xDD36, 0xD83A, 0xDD2D, 0x20, 0xD83A, 0xDD34, 0xD83A, 0xDD35, 0xD83A, 0xDD2A, 0xD83A, 0xDD3A, 0xD83A, 0xDD2E, 0xD83A, 0xDD34, 0xD83A, 0xDD22, 0xD83A, 0xDD32, 0xD83A, 0xDD33, 0xD83A, 0xDD2E, 0x20, 0x28, 0xD83A, 0xDD37, 0xD83A, 0xDD22, 0xD83A, 0xDD24, 0xD83A, 0xDD2F, 0xD83A, 0xDD2D, 0x20, 0xD83A, 0xDD36, 0xD83A, 0xDD2E, 0xD83A, 0xDD45, 0xD83A, 0xDD28, 0xD83A, 0xDD22, 0xD83A, 0xDD44, 0xD83A, 0xDD2F, 0xD83A, 0xDD2D, 0x29));
					break;
				case 257:
					if (count == -1) return String(CharArray::of(0xD83A, 0xDD06, 0xD83A, 0xDD2B, 0xD83A, 0xDD45, 0xD83A, 0xDD27, 0xD83A, 0xDD2E, 0xD83A, 0xDD45, 0x20, 0xD83A, 0xDD12, 0xD83A, 0xDD35, 0xD83A, 0xDD2A, 0xD83A, 0xDD3A, 0xD83A, 0xDD2E, 0xD83A, 0xDD34, 0xD83A, 0xDD22, 0xD83A, 0xDD32, 0xD83A, 0xDD33, 0xD83A, 0xDD2E, 0x20, 0x28, 0xD83A, 0xDD51, 0xD83A, 0xDD59, 0xD83A, 0xDD57, 0xD83A, 0xDD55, 0x2D, 0xD83A, 0xDD51, 0xD83A, 0xDD59, 0xD83A, 0xDD59, 0xD83A, 0xDD53, 0x29));
					if (count == 1) return String(CharArray::of(0xD83A, 0xDD06, 0xD83A, 0xDD2B, 0xD83A, 0xDD45, 0xD83A, 0xDD27, 0xD83A, 0xDD2E, 0xD83A, 0xDD45, 0x20, 0xD83A, 0xDD34, 0xD83A, 0xDD35, 0xD83A, 0xDD2A, 0xD83A, 0xDD3A, 0xD83A, 0xDD2E, 0xD83A, 0xDD34, 0xD83A, 0xDD22, 0xD83A, 0xDD32, 0xD83A, 0xDD33, 0xD83A, 0xDD2E, 0x20, 0x28, 0xD83A, 0xDD51, 0xD83A, 0xDD59, 0xD83A, 0xDD57, 0xD83A, 0xDD55, 0x2D, 0xD83A, 0xDD51, 0xD83A, 0xDD59, 0xD83A, 0xDD59, 0xD83A, 0xDD53, 0x29));
					if (count != 1) return String(CharArray::of(0xD83A, 0xDD06, 0xD83A, 0xDD2B, 0xD83A, 0xDD45, 0xD83A, 0xDD27, 0xD83A, 0xDD2E, 0xD83A, 0xDD45, 0xD83A, 0xDD36, 0xD83A, 0xDD2D, 0x20, 0xD83A, 0xDD34, 0xD83A, 0xDD35, 0xD83A, 0xDD2A, 0xD83A, 0xDD3A, 0xD83A, 0xDD2E, 0xD83A, 0xDD34, 0xD83A, 0xDD22, 0xD83A, 0xDD32, 0xD83A, 0xDD33, 0xD83A, 0xDD2E, 0x20, 0x28, 0xD83A, 0xDD51, 0xD83A, 0xDD59, 0xD83A, 0xDD57, 0xD83A, 0xDD55, 0x2D, 0xD83A, 0xDD51, 0xD83A, 0xDD59, 0xD83A, 0xDD59, 0xD83A, 0xDD53, 0x29));
					break;
				case 258:
					if (count == -1) return String(CharArray::of(0xD83A, 0xDD06, 0xD83A, 0xDD2B, 0xD83A, 0xDD45, 0xD83A, 0xDD27, 0xD83A, 0xDD2E, 0xD83A, 0xDD45, 0x20, 0xD83A, 0xDD12, 0xD83A, 0xDD35, 0xD83A, 0xDD2A, 0xD83A, 0xDD3A, 0xD83A, 0xDD2E, 0xD83A, 0xDD34, 0xD83A, 0xDD22, 0xD83A, 0xDD32, 0xD83A, 0xDD33, 0xD83A, 0xDD2E));
					if (count == 1) return String(CharArray::of(0xD83A, 0xDD06, 0xD83A, 0xDD2B, 0xD83A, 0xDD45, 0xD83A, 0xDD27, 0xD83A, 0xDD2E, 0xD83A, 0xDD45, 0x20, 0xD83A, 0xDD34, 0xD83A, 0xDD35, 0xD83A, 0xDD2A, 0xD83A, 0xDD3A, 0xD83A, 0xDD2E, 0xD83A, 0xDD34, 0xD83A, 0xDD22, 0xD83A, 0xDD32, 0xD83A, 0xDD33, 0xD83A, 0xDD2E));
					if (count != 1) return String(CharArray::of(0xD83A, 0xDD06, 0xD83A, 0xDD2B, 0xD83A, 0xDD45, 0xD83A, 0xDD27, 0xD83A, 0xDD2E, 0xD83A, 0xDD45, 0xD83A, 0xDD36, 0xD83A, 0xDD2D, 0x20, 0xD83A, 0xDD34, 0xD83A, 0xDD35, 0xD83A, 0xDD2A, 0xD83A, 0xDD3A, 0xD83A, 0xDD2E, 0xD83A, 0xDD34, 0xD83A, 0xDD22, 0xD83A, 0xDD32, 0xD83A, 0xDD33, 0xD83A, 0xDD2E));
					break;
				case 259:
					if (count == -1) return String(CharArray::of(0xD83A, 0xDD05, 0xD83A, 0xDD22, 0xD83A, 0xDD24, 0xD83A, 0xDD32, 0xD83A, 0xDD23, 0xD83A, 0xDD35, 0x20, 0xD83A, 0xDD10, 0xD83A, 0xDD36, 0xD83A, 0xDD2E, 0xD83A, 0xDD29, 0xD83A, 0xDD23, 0xD83A, 0xDD2D, 0x20, 0xD83A, 0xDD12, 0xD83A, 0xDD35, 0xD83A, 0xDD2A, 0xD83A, 0xDD3A, 0xD83A, 0xDD2E, 0xD83A, 0xDD34, 0xD83A, 0xDD22, 0xD83A, 0xDD32, 0xD83A, 0xDD33, 0xD83A, 0xDD2E, 0x20, 0xD83A, 0xDD14, 0xD83A, 0xDD2E, 0xD83A, 0xDD45, 0xD83A, 0xDD28, 0xD83A, 0xDD22, 0xD83A, 0xDD44, 0xD83A, 0xDD32, 0xD83A, 0xDD23, 0xD83A, 0xDD2D));
					if (count == 1) return String(CharArray::of(0xD83A, 0xDD05, 0xD83A, 0xDD22, 0xD83A, 0xDD24, 0xD83A, 0xDD32, 0xD83A, 0xDD23, 0xD83A, 0xDD35, 0x20, 0xD83A, 0xDD32, 0xD83A, 0xDD36, 0xD83A, 0xDD2E, 0xD83A, 0xDD29, 0xD83A, 0xDD23, 0xD83A, 0xDD2D, 0x20, 0xD83A, 0xDD34, 0xD83A, 0xDD35, 0xD83A, 0xDD2A, 0xD83A, 0xDD3A, 0xD83A, 0xDD2E, 0xD83A, 0xDD34, 0xD83A, 0xDD22, 0xD83A, 0xDD32, 0xD83A, 0xDD33, 0xD83A, 0xDD2E, 0x20, 0xD83A, 0xDD36, 0xD83A, 0xDD2E, 0xD83A, 0xDD45, 0xD83A, 0xDD28, 0xD83A, 0xDD22, 0xD83A, 0xDD44, 0xD83A, 0xDD32, 0xD83A, 0xDD23, 0xD83A, 0xDD2D));
					if (count != 1) return String(CharArray::of(0xD83A, 0xDD22, 0xD83A, 0xDD24, 0xD83A, 0xDD2F, 0xD83A, 0xDD2D, 0x20, 0xD83A, 0xDD32, 0xD83A, 0xDD36, 0xD83A, 0xDD2E, 0xD83A, 0xDD29, 0xD83A, 0xDD23, 0xD83A, 0xDD2D, 0x20, 0xD83A, 0xDD34, 0xD83A, 0xDD35, 0xD83A, 0xDD2A, 0xD83A, 0xDD3A, 0xD83A, 0xDD2E, 0xD83A, 0xDD34, 0xD83A, 0xDD22, 0xD83A, 0xDD32, 0xD83A, 0xDD33, 0xD83A, 0xDD2E, 0x20, 0xD83A, 0xDD36, 0xD83A, 0xDD2E, 0xD83A, 0xDD45, 0xD83A, 0xDD28, 0xD83A, 0xDD22, 0xD83A, 0xDD44, 0xD83A, 0xDD2F, 0xD83A, 0xDD2D));
					break;
				case 260:
					if (count == -1) return String(CharArray::of(0xD83A, 0xDD05, 0xD83A, 0xDD2E, 0xD83A, 0xDD25, 0xD83A, 0xDD35, 0x20, 0xD83A, 0xDD13, 0xD83A, 0xDD41, 0xD83A, 0xDD26, 0xD83A, 0xDD2B, 0xD83A, 0xDD33, 0xD83A, 0xDD2D, 0xD83A, 0xDD27, 0xD83A, 0xDD3C, 0xD83A, 0xDD22, 0xD83A, 0xDD32, 0xD83A, 0xDD33, 0xD83A, 0xDD2E));
					if (count == 1) return String(CharArray::of(0xD83A, 0xDD27, 0xD83A, 0xDD2E, 0xD83A, 0xDD25, 0xD83A, 0xDD35, 0x20, 0xD83A, 0xDD13, 0xD83A, 0xDD41, 0xD83A, 0xDD26, 0xD83A, 0xDD2B, 0xD83A, 0xDD33, 0xD83A, 0xDD2D, 0xD83A, 0xDD27, 0xD83A, 0xDD3C, 0xD83A, 0xDD22, 0xD83A, 0xDD32, 0xD83A, 0xDD33, 0xD83A, 0xDD2E));
					if (count != 1) return String(CharArray::of(0xD83A, 0xDD27, 0xD83A, 0xDD2E, 0xD83A, 0xDD25, 0xD83A, 0xDD35, 0xD83A, 0xDD45, 0xD83A, 0xDD36, 0xD83A, 0xDD2D, 0x20, 0xD83A, 0xDD13, 0xD83A, 0xDD41, 0xD83A, 0xDD26, 0xD83A, 0xDD2B, 0xD83A, 0xDD33, 0xD83A, 0xDD2D, 0xD83A, 0xDD27, 0xD83A, 0xDD3C, 0xD83A, 0xDD22, 0xD83A, 0xDD32, 0xD83A, 0xDD33, 0xD83A, 0xDD2E));
					break;
				case 261:
					if (count == -1) return String(CharArray::of(0xD83A, 0xDD04, 0xD83A, 0xDD2E, 0xD83A, 0xDD24, 0xD83A, 0xDD2D, 0xD83A, 0xDD3E, 0xD83A, 0xDD22, 0xD83A, 0xDD44, 0xD83A, 0xDD2A, 0x20, 0xD83A, 0xDD1C, 0xD83A, 0xDD2B, 0xD83A, 0xDD32, 0xD83A, 0xDD2D, 0xD83A, 0xDD45, 0xD83A, 0xDD27, 0xD83A, 0xDD2B, 0xD83A, 0xDD24, 0xD83A, 0xDD22, 0xD83A, 0xDD32, 0xD83A, 0xDD33, 0xD83A, 0xDD2E, 0x20, 0x28, 0xD83A, 0xDD51, 0xD83A, 0xDD58, 0xD83A, 0xDD57, 0xD83A, 0xDD51, 0x2D, 0xD83A, 0xDD52, 0xD83A, 0xDD50, 0xD83A, 0xDD50, 0xD83A, 0xDD58, 0x29));
					if (count == 1) return String(CharArray::of(0xD83A, 0xDD04, 0xD83A, 0xDD2E, 0xD83A, 0xDD24, 0xD83A, 0xDD2D, 0xD83A, 0xDD3E, 0xD83A, 0xDD22, 0xD83A, 0xDD44, 0xD83A, 0xDD2A, 0x20, 0xD83A, 0xDD3E, 0xD83A, 0xDD2B, 0xD83A, 0xDD32, 0xD83A, 0xDD2D, 0xD83A, 0xDD45, 0xD83A, 0xDD27, 0xD83A, 0xDD2B, 0xD83A, 0xDD24, 0xD83A, 0xDD22, 0xD83A, 0xDD32, 0xD83A, 0xDD33, 0xD83A, 0xDD2E, 0x20, 0x28, 0xD83A, 0xDD51, 0xD83A, 0xDD58, 0xD83A, 0xDD57, 0xD83A, 0xDD51, 0x2D, 0xD83A, 0xDD52, 0xD83A, 0xDD50, 0xD83A, 0xDD50, 0xD83A, 0xDD58, 0x29));
					if (count != 1) return String(CharArray::of(0xD83A, 0xDD04, 0xD83A, 0xDD2E, 0xD83A, 0xDD24, 0xD83A, 0xDD2D, 0xD83A, 0xDD3E, 0xD83A, 0xDD22, 0xD83A, 0xDD44, 0xD83A, 0xDD2A, 0xD83A, 0xDD36, 0xD83A, 0xDD2D, 0x20, 0xD83A, 0xDD3E, 0xD83A, 0xDD2B, 0xD83A, 0xDD32, 0xD83A, 0xDD2D, 0xD83A, 0xDD45, 0xD83A, 0xDD27, 0xD83A, 0xDD2B, 0xD83A, 0xDD24, 0xD83A, 0xDD22, 0xD83A, 0xDD32, 0xD83A, 0xDD33, 0xD83A, 0xDD2E, 0x20, 0x28, 0xD83A, 0xDD51, 0xD83A, 0xDD58, 0xD83A, 0xDD57, 0xD83A, 0xDD51, 0x2D, 0xD83A, 0xDD52, 0xD83A, 0xDD50, 0xD83A, 0xDD50, 0xD83A, 0xDD58, 0x29));
					break;
				case 262:
					if (count == -1) return String(CharArray::of(0xD83A, 0xDD04, 0xD83A, 0xDD2E, 0xD83A, 0xDD24, 0xD83A, 0xDD2D, 0xD83A, 0xDD3E, 0xD83A, 0xDD22, 0xD83A, 0xDD44, 0xD83A, 0xDD2A, 0x20, 0xD83A, 0xDD05, 0xD83A, 0xDD2E, 0xD83A, 0xDD26, 0xD83A, 0xDD2B, 0xD83A, 0xDD4A, 0xD83A, 0xDD2A, 0xD83A, 0xDD22, 0xD83A, 0xDD32, 0xD83A, 0xDD2E));
					if (count == 1) return String(CharArray::of(0xD83A, 0xDD04, 0xD83A, 0xDD2E, 0xD83A, 0xDD24, 0xD83A, 0xDD2D, 0xD83A, 0xDD3E, 0xD83A, 0xDD22, 0xD83A, 0xDD44, 0xD83A, 0xDD2A, 0x20, 0xD83A, 0xDD05, 0xD83A, 0xDD2E, 0xD83A, 0xDD26, 0xD83A, 0xDD2B, 0xD83A, 0xDD4A, 0xD83A, 0xDD2A, 0xD83A, 0xDD22, 0xD83A, 0xDD32, 0xD83A, 0xDD2E));
					if (count != 1) return String(CharArray::of(0xD83A, 0xDD04, 0xD83A, 0xDD2E, 0xD83A, 0xDD24, 0xD83A, 0xDD2D, 0xD83A, 0xDD3E, 0xD83A, 0xDD22, 0xD83A, 0xDD44, 0xD83A, 0xDD2A, 0xD83A, 0xDD36, 0xD83A, 0xDD2D, 0x20, 0xD83A, 0xDD05, 0xD83A, 0xDD2E, 0xD83A, 0xDD26, 0xD83A, 0xDD2B, 0xD83A, 0xDD4A, 0xD83A, 0xDD2A, 0xD83A, 0xDD22, 0xD83A, 0xDD32, 0xD83A, 0xDD2E));
					break;
				case 263:
					if (count == -1) return String(CharArray::of(0xD83A, 0xDD04, 0xD83A, 0xDD2E, 0xD83A, 0xDD24, 0xD83A, 0xDD2D, 0xD83A, 0xDD3E, 0xD83A, 0xDD22, 0xD83A, 0xDD44, 0xD83A, 0xDD2A, 0x20, 0xD83A, 0xDD1C, 0xD83A, 0xDD2B, 0xD83A, 0xDD32, 0xD83A, 0xDD2D, 0xD83A, 0xDD45, 0xD83A, 0xDD27, 0xD83A, 0xDD2B, 0xD83A, 0xDD24, 0xD83A, 0xDD22, 0xD83A, 0xDD32, 0xD83A, 0xDD33, 0xD83A, 0xDD2E, 0x20, 0x28, 0xD83A, 0xDD52, 0xD83A, 0xDD50, 0xD83A, 0xDD50, 0xD83A, 0xDD58, 0x20, 0x2D, 0x20, 0xD83A, 0xDD52, 0xD83A, 0xDD50, 0xD83A, 0xDD51, 0xD83A, 0xDD58, 0x29));
					if (count == 1) return String(CharArray::of(0xD83A, 0xDD04, 0xD83A, 0xDD2E, 0xD83A, 0xDD24, 0xD83A, 0xDD2D, 0xD83A, 0xDD3E, 0xD83A, 0xDD22, 0xD83A, 0xDD44, 0xD83A, 0xDD2A, 0x20, 0xD83A, 0xDD1C, 0xD83A, 0xDD2B, 0xD83A, 0xDD32, 0xD83A, 0xDD2D, 0xD83A, 0xDD45, 0xD83A, 0xDD27, 0xD83A, 0xDD2B, 0xD83A, 0xDD24, 0xD83A, 0xDD22, 0xD83A, 0xDD32, 0xD83A, 0xDD33, 0xD83A, 0xDD2E, 0x20, 0x28, 0xD83A, 0xDD52, 0xD83A, 0xDD50, 0xD83A, 0xDD50, 0xD83A, 0xDD58, 0x20, 0x2D, 0x20, 0xD83A, 0xDD52, 0xD83A, 0xDD50, 0xD83A, 0xDD51, 0xD83A, 0xDD58, 0x29));
					if (count != 1) return String(CharArray::of(0xD83A, 0xDD04, 0xD83A, 0xDD2E, 0xD83A, 0xDD24, 0xD83A, 0xDD2D, 0xD83A, 0xDD3E, 0xD83A, 0xDD22, 0xD83A, 0xDD44, 0xD83A, 0xDD2A, 0xD83A, 0xDD36, 0xD83A, 0xDD2D, 0x20, 0xD83A, 0xDD1C, 0xD83A, 0xDD2B, 0xD83A, 0xDD32, 0xD83A, 0xDD2D, 0xD83A, 0xDD45, 0xD83A, 0xDD27, 0xD83A, 0xDD2B, 0xD83A, 0xDD24, 0xD83A, 0xDD22, 0xD83A, 0xDD32, 0xD83A, 0xDD33, 0xD83A, 0xDD2E, 0x20, 0x28, 0xD83A, 0xDD52, 0xD83A, 0xDD50, 0xD83A, 0xDD50, 0xD83A, 0xDD58, 0x20, 0x2D, 0x20, 0xD83A, 0xDD52, 0xD83A, 0xDD50, 0xD83A, 0xDD51, 0xD83A, 0xDD58, 0x29));
					break;
				case 264:
					if (count == -1) return String(CharArray::of(0xD83A, 0xDD04, 0xD83A, 0xDD2E, 0xD83A, 0xDD24, 0xD83A, 0xDD2D, 0xD83A, 0xDD3E, 0xD83A, 0xDD22, 0xD83A, 0xDD44, 0xD83A, 0xDD2A, 0x20, 0xD83A, 0xDD1C, 0xD83A, 0xDD2B, 0xD83A, 0xDD32, 0xD83A, 0xDD2D, 0xD83A, 0xDD45, 0xD83A, 0xDD27, 0xD83A, 0xDD2B, 0xD83A, 0xDD24, 0xD83A, 0xDD22, 0xD83A, 0xDD32, 0xD83A, 0xDD33, 0xD83A, 0xDD2E));
					if (count == 1) return String(CharArray::of(0xD83A, 0xDD04, 0xD83A, 0xDD2E, 0xD83A, 0xDD24, 0xD83A, 0xDD2D, 0xD83A, 0xDD3E, 0xD83A, 0xDD22, 0xD83A, 0xDD44, 0xD83A, 0xDD2A, 0x20, 0xD83A, 0xDD3E, 0xD83A, 0xDD2B, 0xD83A, 0xDD32, 0xD83A, 0xDD2D, 0xD83A, 0xDD45, 0xD83A, 0xDD27, 0xD83A, 0xDD2B, 0xD83A, 0xDD24, 0xD83A, 0xDD22, 0xD83A, 0xDD32, 0xD83A, 0xDD33, 0xD83A, 0xDD2E));
					if (count != 1) return String(CharArray::of(0xD83A, 0xDD04, 0xD83A, 0xDD2E, 0xD83A, 0xDD24, 0xD83A, 0xDD2D, 0xD83A, 0xDD3E, 0xD83A, 0xDD22, 0xD83A, 0xDD44, 0xD83A, 0xDD2A, 0xD83A, 0xDD36, 0xD83A, 0xDD2D, 0x20, 0xD83A, 0xDD3E, 0xD83A, 0xDD2B, 0xD83A, 0xDD32, 0xD83A, 0xDD2D, 0xD83A, 0xDD45, 0xD83A, 0xDD27, 0xD83A, 0xDD2B, 0xD83A, 0xDD24, 0xD83A, 0xDD22, 0xD83A, 0xDD32, 0xD83A, 0xDD33, 0xD83A, 0xDD2E));
					break;
				case 265:
					if (count == -1) return String(CharArray::of(0xD83A, 0xDD01, 0xD83A, 0xDD2E, 0xD83A, 0xDD32, 0xD83A, 0xDD3A, 0xD83A, 0xDD35, 0x20, 0xD83A, 0xDD1C, 0xD83A, 0xDD2D, 0xD83A, 0xDD34, 0xD83A, 0xDD2B, 0xD83A, 0xDD3C, 0xD83A, 0xDD2D, 0xD83A, 0xDD32, 0xD83A, 0xDD22, 0xD83A, 0xDD34, 0xD83A, 0xDD22, 0xD83A, 0xDD32, 0xD83A, 0xDD33, 0xD83A, 0xDD2E));
					if (count == 1) return String(CharArray::of(0xD83A, 0xDD23, 0xD83A, 0xDD2E, 0xD83A, 0xDD32, 0xD83A, 0xDD3A, 0xD83A, 0xDD35, 0x20, 0xD83A, 0xDD1C, 0xD83A, 0xDD2D, 0xD83A, 0xDD34, 0xD83A, 0xDD2B, 0xD83A, 0xDD3C, 0xD83A, 0xDD2D, 0xD83A, 0xDD32, 0xD83A, 0xDD22, 0xD83A, 0xDD34, 0xD83A, 0xDD22, 0xD83A, 0xDD32, 0xD83A, 0xDD33, 0xD83A, 0xDD2E));
					if (count != 1) return String(CharArray::of(0xD83A, 0xDD23, 0xD83A, 0xDD2E, 0xD83A, 0xDD32, 0xD83A, 0xDD3A, 0xD83A, 0xDD35, 0xD83A, 0xDD45, 0xD83A, 0xDD36, 0xD83A, 0xDD2D, 0x20, 0xD83A, 0xDD1C, 0xD83A, 0xDD2D, 0xD83A, 0xDD34, 0xD83A, 0xDD2B, 0xD83A, 0xDD3C, 0xD83A, 0xDD2D, 0xD83A, 0xDD32, 0xD83A, 0xDD22, 0xD83A, 0xDD34, 0xD83A, 0xDD22, 0xD83A, 0xDD32, 0xD83A, 0xDD33, 0xD83A, 0xDD2E));
					break;
				case 267:
					if (count == -1) return String(CharArray::of(0xD83A, 0xDD1C, 0xD83A, 0xDD22, 0xD83A, 0xDD3C, 0xD83A, 0xDD35, 0x20, 0xD83A, 0xDD1C, 0xD83A, 0xDD22, 0xD83A, 0xDD32, 0xD83A, 0xDD35, 0xD83A, 0xDD34, 0xD83A, 0xDD22, 0xD83A, 0xDD32, 0xD83A, 0xDD33, 0xD83A, 0xDD2E));
					if (count == 1) return String(CharArray::of(0xD83A, 0xDD3E, 0xD83A, 0xDD22, 0xD83A, 0xDD3C, 0xD83A, 0xDD35, 0x20, 0xD83A, 0xDD1C, 0xD83A, 0xDD22, 0xD83A, 0xDD32, 0xD83A, 0xDD35, 0xD83A, 0xDD34, 0xD83A, 0xDD22, 0xD83A, 0xDD32, 0xD83A, 0xDD33, 0xD83A, 0xDD2E));
					if (count != 1) return String(CharArray::of(0xD83A, 0xDD3E, 0xD83A, 0xDD22, 0xD83A, 0xDD3C, 0xD83A, 0xDD35, 0xD83A, 0xDD45, 0xD83A, 0xDD36, 0xD83A, 0xDD2D, 0x20, 0xD83A, 0xDD1C, 0xD83A, 0xDD22, 0xD83A, 0xDD32, 0xD83A, 0xDD35, 0xD83A, 0xDD34, 0xD83A, 0xDD22, 0xD83A, 0xDD32, 0xD83A, 0xDD33, 0xD83A, 0xDD2E));
					break;
				case 268:
					if (count == -1) return String(CharArray::of(0xD83A, 0xDD1A, 0xD83A, 0xDD22, 0xD83A, 0xDD24, 0xD83A, 0xDD22, 0x20, 0xD83A, 0xDD05, 0xD83A, 0xDD22, 0xD83A, 0xDD25, 0xD83A, 0xDD2E, 0xD83A, 0xDD31, 0xD83A, 0xDD22, 0xD83A, 0xDD34, 0xD83A, 0xDD22, 0xD83A, 0xDD32, 0xD83A, 0xDD33, 0xD83A, 0xDD2E));
					if (count == 1) return String(CharArray::of(0xD83A, 0xDD3C, 0xD83A, 0xDD22, 0xD83A, 0xDD24, 0xD83A, 0xDD22, 0x20, 0xD83A, 0xDD05, 0xD83A, 0xDD22, 0xD83A, 0xDD25, 0xD83A, 0xDD2E, 0xD83A, 0xDD31, 0xD83A, 0xDD22, 0xD83A, 0xDD34, 0xD83A, 0xDD22, 0xD83A, 0xDD32, 0xD83A, 0xDD33, 0xD83A, 0xDD2E));
					if (count != 1) return String(CharArray::of(0xD83A, 0xDD3C, 0xD83A, 0xDD22, 0xD83A, 0xDD24, 0xD83A, 0xDD22, 0xD83A, 0xDD44, 0xD83A, 0xDD36, 0xD83A, 0xDD2D, 0x20, 0xD83A, 0xDD05, 0xD83A, 0xDD22, 0xD83A, 0xDD25, 0xD83A, 0xDD2E, 0xD83A, 0xDD31, 0xD83A, 0xDD22, 0xD83A, 0xDD34, 0xD83A, 0xDD22, 0xD83A, 0xDD32, 0xD83A, 0xDD33, 0xD83A, 0xDD2E));
					break;
				case 269:
					if (count == -1) return String(CharArray::of(0xD83A, 0xDD0A, 0xD83A, 0xDD22, 0xD83A, 0xDD2A, 0xD83A, 0xDD22, 0xD83A, 0xDD32, 0x20, 0xD83A, 0xDD1A, 0xD83A, 0xDD35, 0xD83A, 0xDD26, 0xD83A, 0xDD2E, 0xD83A, 0xDD45, 0xD83A, 0xDD2A, 0xD83A, 0xDD2D, 0x20, 0xD83A, 0xDD00, 0xD83A, 0xDD2C, 0xD83A, 0xDD2A, 0xD83A, 0xDD2D, 0xD83A, 0xDD33, 0xD83A, 0xDD2D, 0xD83A, 0xDD32, 0xD83A, 0xDD33, 0xD83A, 0xDD2E));
					if (count == 1) return String(CharArray::of(0xD83A, 0xDD2C, 0xD83A, 0xDD22, 0xD83A, 0xDD2A, 0xD83A, 0xDD22, 0xD83A, 0xDD32, 0x20, 0xD83A, 0xDD1A, 0xD83A, 0xDD35, 0xD83A, 0xDD26, 0xD83A, 0xDD2E, 0xD83A, 0xDD45, 0xD83A, 0xDD2A, 0xD83A, 0xDD2D, 0x20, 0xD83A, 0xDD00, 0xD83A, 0xDD2C, 0xD83A, 0xDD2A, 0xD83A, 0xDD2D, 0xD83A, 0xDD33, 0xD83A, 0xDD2D, 0xD83A, 0xDD32, 0xD83A, 0xDD33, 0xD83A, 0xDD2E));
					if (count != 1) return String(CharArray::of(0xD83A, 0xDD2C, 0xD83A, 0xDD22, 0xD83A, 0xDD2A, 0xD83A, 0xDD22, 0xD83A, 0xDD32, 0xD83A, 0xDD36, 0xD83A, 0xDD2D, 0x20, 0xD83A, 0xDD1A, 0xD83A, 0xDD35, 0xD83A, 0xDD26, 0xD83A, 0xDD2E, 0xD83A, 0xDD45, 0xD83A, 0xDD2A, 0xD83A, 0xDD2D, 0x20, 0xD83A, 0xDD00, 0xD83A, 0xDD2C, 0xD83A, 0xDD2A, 0xD83A, 0xDD2D, 0xD83A, 0xDD33, 0xD83A, 0xDD2D, 0xD83A, 0xDD32, 0xD83A, 0xDD33, 0xD83A, 0xDD2E));
					break;
				case 276:
					if (count == -1) return String(CharArray::of(0xD83A, 0xDD01, 0xD83A, 0xDD22, 0xD83A, 0xDD24, 0xD83A, 0xDD22, 0x20, 0xD83A, 0xDD0A, 0xD83A, 0xDD35, 0xD83A, 0xDD2F, 0xD83A, 0xDD32, 0xD83A, 0xDD22, 0xD83A, 0xDD44, 0xD83A, 0xDD32, 0xD83A, 0xDD4B, 0xD83A, 0xDD3A, 0xD83A, 0xDD2B, 0x20, 0xD83A, 0xDD11, 0xD83A, 0xDD22, 0xD83A, 0xDD2A, 0xD83A, 0xDD2D, 0xD83A, 0xDD26, 0xD83A, 0xDD2D, 0xD83A, 0xDD34, 0xD83A, 0xDD22));
					if (count == 1) return String(CharArray::of(0xD83A, 0xDD01, 0xD83A, 0xDD22, 0xD83A, 0xDD24, 0xD83A, 0xDD22, 0x20, 0xD83A, 0xDD0A, 0xD83A, 0xDD35, 0xD83A, 0xDD2F, 0xD83A, 0xDD32, 0xD83A, 0xDD22, 0xD83A, 0xDD44, 0xD83A, 0xDD32, 0xD83A, 0xDD4B, 0xD83A, 0xDD3A, 0xD83A, 0xDD2B, 0x20, 0xD83A, 0xDD11, 0xD83A, 0xDD22, 0xD83A, 0xDD2A, 0xD83A, 0xDD2D, 0xD83A, 0xDD26, 0xD83A, 0xDD2D, 0xD83A, 0xDD34, 0xD83A, 0xDD22));
					if (count != 1) return String(CharArray::of(0xD83A, 0xDD01, 0xD83A, 0xDD22, 0xD83A, 0xDD24, 0xD83A, 0xDD22, 0xD83A, 0xDD44, 0xD83A, 0xDD36, 0xD83A, 0xDD2D, 0x20, 0xD83A, 0xDD0A, 0xD83A, 0xDD35, 0xD83A, 0xDD2F, 0xD83A, 0xDD32, 0xD83A, 0xDD22, 0xD83A, 0xDD44, 0xD83A, 0xDD32, 0xD83A, 0xDD4B, 0xD83A, 0xDD3A, 0xD83A, 0xDD2B, 0x20, 0xD83A, 0xDD11, 0xD83A, 0xDD22, 0xD83A, 0xDD2A, 0xD83A, 0xDD2D, 0xD83A, 0xDD26, 0xD83A, 0xDD2D, 0xD83A, 0xDD34, 0xD83A, 0xDD22));
					break;
				case 282:
					if (count == -1) return String(CharArray::of(0xD83A, 0xDD0A, 0xD83A, 0xDD22, 0xD83A, 0xDD2A, 0xD83A, 0xDD22, 0xD83A, 0xDD32, 0x20, 0xD83A, 0xDD05, 0xD83A, 0xDD0A, 0xD83A, 0xDD00, 0x20, 0xD83A, 0xDD16, 0xD83A, 0xDD2D, 0xD83A, 0xDD45, 0xD83A, 0xDD2A, 0xD83A, 0xDD32, 0xD83A, 0xDD22, 0xD83A, 0xDD44, 0xD83A, 0xDD32, 0xD83A, 0xDD3A, 0xD83A, 0xDD2B, 0x20, 0xD83A, 0xDD00, 0xD83A, 0xDD2C, 0xD83A, 0xDD2A, 0xD83A, 0xDD2D, 0xD83A, 0xDD33, 0xD83A, 0xDD22));
					if (count == 1) return String(CharArray::of(0xD83A, 0xDD2C, 0xD83A, 0xDD22, 0xD83A, 0xDD2A, 0xD83A, 0xDD22, 0xD83A, 0xDD32, 0x20, 0xD83A, 0xDD05, 0xD83A, 0xDD0A, 0xD83A, 0xDD00, 0x20, 0xD83A, 0xDD16, 0xD83A, 0xDD2D, 0xD83A, 0xDD45, 0xD83A, 0xDD2A, 0xD83A, 0xDD32, 0xD83A, 0xDD22, 0xD83A, 0xDD44, 0xD83A, 0xDD32, 0xD83A, 0xDD3A, 0xD83A, 0xDD2B, 0x20, 0xD83A, 0xDD00, 0xD83A, 0xDD2C, 0xD83A, 0xDD2A, 0xD83A, 0xDD2D, 0xD83A, 0xDD33, 0xD83A, 0xDD22));
					if (count != 1) return String(CharArray::of(0xD83A, 0xDD2C, 0xD83A, 0xDD22, 0xD83A, 0xDD2A, 0xD83A, 0xDD22, 0xD83A, 0xDD32, 0xD83A, 0xDD36, 0xD83A, 0xDD2D, 0x20, 0xD83A, 0xDD05, 0xD83A, 0xDD0A, 0xD83A, 0xDD00, 0x20, 0xD83A, 0xDD16, 0xD83A, 0xDD2D, 0xD83A, 0xDD45, 0xD83A, 0xDD2A, 0xD83A, 0xDD32, 0xD83A, 0xDD22, 0xD83A, 0xDD44, 0xD83A, 0xDD32, 0xD83A, 0xDD3A, 0xD83A, 0xDD2B, 0x20, 0xD83A, 0xDD00, 0xD83A, 0xDD2C, 0xD83A, 0xDD2A, 0xD83A, 0xDD2D, 0xD83A, 0xDD33, 0xD83A, 0xDD22));
					break;
				case 284:
					if (count == -1) return String(CharArray::of(0xD83A, 0xDD0A, 0xD83A, 0xDD22, 0xD83A, 0xDD2A, 0xD83A, 0xDD22, 0xD83A, 0xDD32, 0x20, 0xD83A, 0xDD05, 0xD83A, 0xDD0A, 0xD83A, 0xDD06));
					if (count == 1) return String(CharArray::of(0xD83A, 0xDD2C, 0xD83A, 0xDD22, 0xD83A, 0xDD2A, 0xD83A, 0xDD22, 0xD83A, 0xDD32, 0x20, 0xD83A, 0xDD05, 0xD83A, 0xDD0A, 0xD83A, 0xDD06));
					if (count != 1) return String(CharArray::of(0xD83A, 0xDD2C, 0xD83A, 0xDD22, 0xD83A, 0xDD2A, 0xD83A, 0xDD22, 0xD83A, 0xDD32, 0xD83A, 0xDD36, 0xD83A, 0xDD2D, 0x20, 0xD83A, 0xDD05, 0xD83A, 0xDD0A, 0xD83A, 0xDD06));
					break;
				case 290:
					if (count == -1) return String(CharArray::of(0xD83A, 0xDD10, 0xD83A, 0xDD04, 0xD83A, 0xDD35, 0xD83A, 0xDD45, 0xD83A, 0xDD2F, 0xD83A, 0xDD2D, 0x20, 0xD83A, 0xDD22, 0xD83A, 0xDD27, 0x2D, 0xD83A, 0xDD22, 0xD83A, 0xDD32, 0xD83A, 0xDD23, 0xD83A, 0xDD22, 0xD83A, 0xDD44, 0xD83A, 0xDD2F, 0xD83A, 0xDD2D));
					if (count == 1) return String(CharArray::of(0x28, 0xD83A, 0xDD32, 0xD83A, 0xDD26, 0xD83A, 0xDD35, 0xD83A, 0xDD45, 0xD83A, 0xDD2F, 0xD83A, 0xDD2D, 0x20, 0xD83A, 0xDD32, 0xD83A, 0xDD3A, 0xD83A, 0xDD35, 0xD83A, 0xDD25, 0xD83A, 0xDD2D, 0x20, 0xD83A, 0xDD22, 0xD83A, 0xDD27, 0x2D, 0xD83A, 0xDD22, 0xD83A, 0xDD32, 0xD83A, 0xDD23, 0xD83A, 0xDD22, 0xD83A, 0xDD44, 0xD83A, 0xDD2F, 0xD83A, 0xDD2D, 0x29));
					if (count != 1) return String(CharArray::of(0xD83A, 0xDD32, 0xD83A, 0xDD26, 0xD83A, 0xDD35, 0xD83A, 0xDD45, 0xD83A, 0xDD2F, 0xD83A, 0xDD2D, 0x20, 0xD83A, 0xDD22, 0xD83A, 0xDD27, 0x2D, 0xD83A, 0xDD22, 0xD83A, 0xDD32, 0xD83A, 0xDD23, 0xD83A, 0xDD22, 0xD83A, 0xDD44, 0xD83A, 0xDD2F, 0xD83A, 0xDD2D));
					break;
				case 292:
					if (count == -1) return String(CharArray::of(0xD83A, 0xDD08, 0xD83A, 0xDD2D, 0xD83A, 0xDD34, 0xD83A, 0xDD22, 0xD83A, 0xDD44, 0xD83A, 0xDD24, 0x20, 0xD83A, 0xDD12, 0xD83A, 0xDD2B, 0xD83A, 0xDD25, 0xD83A, 0xDD2B, 0xD83A, 0xDD32, 0xD83A, 0xDD2D, 0xD83A, 0xDD32, 0xD83A, 0xDD33, 0xD83A, 0xDD2E));
					if (count == 1) return String(CharArray::of(0xD83A, 0xDD2A, 0xD83A, 0xDD2D, 0xD83A, 0xDD34, 0xD83A, 0xDD22, 0xD83A, 0xDD44, 0xD83A, 0xDD24, 0x20, 0xD83A, 0xDD12, 0xD83A, 0xDD2B, 0xD83A, 0xDD25, 0xD83A, 0xDD2B, 0xD83A, 0xDD32, 0xD83A, 0xDD2D, 0xD83A, 0xDD32, 0xD83A, 0xDD33, 0xD83A, 0xDD2E));
					if (count != 1) return String(CharArray::of(0xD83A, 0xDD2A, 0xD83A, 0xDD2D, 0xD83A, 0xDD34, 0xD83A, 0xDD22, 0xD83A, 0xDD44, 0xD83A, 0xDD24, 0xD83A, 0xDD36, 0xD83A, 0xDD2D, 0x20, 0xD83A, 0xDD12, 0xD83A, 0xDD2B, 0xD83A, 0xDD25, 0xD83A, 0xDD2B, 0xD83A, 0xDD32, 0xD83A, 0xDD2D, 0xD83A, 0xDD32, 0xD83A, 0xDD33, 0xD83A, 0xDD2E));
					break;
				case 298:
					if (count == -1) return String(CharArray::of(0xD83A, 0xDD08, 0xD83A, 0xDD22, 0xD83A, 0xDD32, 0xD83A, 0xDD23, 0xD83A, 0xDD2D, 0x20, 0xD83A, 0xDD02, 0xD83A, 0xDD2B, 0xD83A, 0xDD34, 0xD83A, 0xDD24, 0xD83A, 0xDD2B, 0xD83A, 0xDD34, 0xD83A, 0xDD2A, 0xD83A, 0xDD2D, 0x20, 0xD83A, 0xDD00, 0xD83A, 0xDD2C, 0xD83A, 0xDD2A, 0xD83A, 0xDD2D, 0xD83A, 0xDD33, 0xD83A, 0xDD22, 0xD83A, 0xDD32, 0xD83A, 0xDD33, 0xD83A, 0xDD2E));
					if (count == 1) return String(CharArray::of(0xD83A, 0xDD2A, 0xD83A, 0xDD22, 0xD83A, 0xDD32, 0xD83A, 0xDD23, 0xD83A, 0xDD2D, 0x20, 0xD83A, 0xDD02, 0xD83A, 0xDD2B, 0xD83A, 0xDD34, 0xD83A, 0xDD24, 0xD83A, 0xDD2B, 0xD83A, 0xDD34, 0xD83A, 0xDD2A, 0xD83A, 0xDD2D, 0x20, 0xD83A, 0xDD00, 0xD83A, 0xDD2C, 0xD83A, 0xDD2A, 0xD83A, 0xDD2D, 0xD83A, 0xDD33, 0xD83A, 0xDD22, 0xD83A, 0xDD32, 0xD83A, 0xDD33, 0xD83A, 0xDD2E));
					if (count != 1) return String(CharArray::of(0xD83A, 0xDD2A, 0xD83A, 0xDD22, 0xD83A, 0xDD32, 0xD83A, 0xDD36, 0xD83A, 0xDD2D, 0x20, 0xD83A, 0xDD02, 0xD83A, 0xDD2B, 0xD83A, 0xDD34, 0xD83A, 0xDD24, 0xD83A, 0xDD2B, 0xD83A, 0xDD34, 0xD83A, 0xDD2A, 0xD83A, 0xDD2D, 0x20, 0xD83A, 0xDD00, 0xD83A, 0xDD2C, 0xD83A, 0xDD2A, 0xD83A, 0xDD2D, 0xD83A, 0xDD33, 0xD83A, 0xDD22, 0xD83A, 0xDD32, 0xD83A, 0xDD33, 0xD83A, 0xDD2E));
					break;
				case 300:
					if (count == -1) return String(CharArray::of(0xD83A, 0xDD11, 0xD83A, 0xDD22, 0xD83A, 0xDD31, 0xD83A, 0xDD22, 0xD83A, 0xDD27, 0xD83A, 0xDD22, 0x20, 0xD83A, 0xDD1F, 0xD83A, 0xDD22, 0xD83A, 0xDD25, 0xD83A, 0xDD26, 0xD83A, 0xDD2D, 0xD83A, 0xDD32, 0xD83A, 0xDD33, 0xD83A, 0xDD2E));
					if (count == 1) return String(CharArray::of(0xD83A, 0xDD33, 0xD83A, 0xDD22, 0xD83A, 0xDD31, 0xD83A, 0xDD22, 0xD83A, 0xDD27, 0xD83A, 0xDD22, 0x20, 0xD83A, 0xDD1F, 0xD83A, 0xDD22, 0xD83A, 0xDD25, 0xD83A, 0xDD26, 0xD83A, 0xDD2D, 0xD83A, 0xDD32, 0xD83A, 0xDD33, 0xD83A, 0xDD2E));
					if (count != 1) return String(CharArray::of(0xD83A, 0xDD33, 0xD83A, 0xDD22, 0xD83A, 0xDD31, 0xD83A, 0xDD22, 0xD83A, 0xDD27, 0xD83A, 0xDD22, 0xD83A, 0xDD44, 0xD83A, 0xDD36, 0xD83A, 0xDD2D, 0x20, 0xD83A, 0xDD1F, 0xD83A, 0xDD22, 0xD83A, 0xDD25, 0xD83A, 0xDD26, 0xD83A, 0xDD2D, 0xD83A, 0xDD32, 0xD83A, 0xDD33, 0xD83A, 0xDD2E));
					break;
            default: break;
            }
            return String();
        }
        
        String Ff_Adlm::displayUnit(gint unit, gint count) const {
            switch(unit) { 
				case 0: return String(CharArray::of(0xD83A, 0xDD35, 0xD83A, 0xDD45, 0xD83A, 0xDD34, 0xD83A, 0xDD32, 0xD83A, 0xDD23, 0xD83A, 0xDD2D, 0x20, 0xD83A, 0xDD3B, 0xD83A, 0xDD2D, 0xD83A, 0xDD45, 0xD83A, 0xDD27, 0xD83A, 0xDD35, 0xD83A, 0xDD33, 0xD83A, 0xDD2D, 0x20, 0xD83A, 0xDD24, 0xD83A, 0xDD2B, 0xD83A, 0xDD34, 0xD83A, 0xDD23, 0xD83A, 0xDD2D, 0x20, 0xD83A, 0xDD32, 0xD83A, 0xDD23, 0xD83A, 0xDD2D, 0xD83A, 0xDD32));
				case 1: return String(CharArray::of(0xD83A, 0xDD25, 0xD83A, 0xDD2B, 0xD83A, 0xDD45, 0xD83A, 0xDD3C, 0xD83A, 0xDD2D, 0x20, 0xD83A, 0xDD32, 0xD83A, 0xDD23, 0xD83A, 0xDD2B, 0xD83A, 0xDD2A, 0x20, 0xD83A, 0xDD33, 0xD83A, 0xDD2D, 0xD83A, 0xDD32, 0xD83A, 0xDD30, 0xD83A, 0xDD2B, 0xD83A, 0xDD2A, 0xD83A, 0xDD2B, 0x20, 0xD83A, 0xDD23, 0xD83A, 0xDD2D, 0xD83A, 0xDD32, 0xD83A, 0xDD3A, 0xD83A, 0xDD22, 0xD83A, 0xDD44, 0xD83A, 0xDD32, 0xD83A, 0xDD23, 0xD83A, 0xDD2B));
				case 6: return String(CharArray::of(0xD83A, 0xDD31, 0xD83A, 0xDD2D, 0xD83A, 0xDD23, 0xD83A, 0xDD46, 0xD83A, 0xDD22, 0xD83A, 0xDD32, 0xD83A, 0xDD23, 0xD83A, 0xDD2B));
				case 2: return String(CharArray::of(0xD83A, 0xDD38, 0xD83A, 0xDD2E, 0xD83A, 0xDD36, 0xD83A, 0xDD2E, 0xD83A, 0xDD25, 0xD83A, 0xDD22, 0xD83A, 0xDD24, 0xD83A, 0xDD22, 0xD83A, 0xDD44, 0xD83A, 0xDD3B, 0xD83A, 0xDD2B));
				case 3: return String(CharArray::of(0xD83A, 0xDD33, 0xD83A, 0xDD2D, 0xD83A, 0xDD32, 0xD83A, 0xDD30, 0xD83A, 0xDD2E, 0xD83A, 0xDD24, 0xD83A, 0xDD22, 0xD83A, 0xDD44, 0xD83A, 0xDD3B, 0xD83A, 0xDD2B));
				case 16: return String(CharArray::of(0xD83A, 0xDD23, 0xD83A, 0xDD2D, 0xD83A, 0xDD32, 0xD83A, 0xDD3A, 0xD83A, 0xDD2B, 0xD83A, 0xDD2A, 0xD83A, 0xDD2B, 0x20, 0xD83A, 0xDD33, 0xD83A, 0xDD2D, 0xD83A, 0xDD24, 0xD83A, 0xDD2E, 0xD83A, 0xDD25, 0xD83A, 0xDD2B, 0xD83A, 0xDD45, 0xD83A, 0xDD3C, 0xD83A, 0xDD2D));
				case 17: return String(CharArray::of(0xD83A, 0xDD23, 0xD83A, 0xDD2D, 0xD83A, 0xDD32, 0xD83A, 0xDD3A, 0xD83A, 0xDD2B, 0xD83A, 0xDD2A, 0xD83A, 0xDD2B, 0x20, 0xD83A, 0xDD25, 0xD83A, 0xDD2B, 0xD83A, 0xDD45, 0xD83A, 0xDD3C, 0xD83A, 0xDD2D));
				case 13: return String(CharArray::of(0xD83A, 0xDD23, 0xD83A, 0xDD2D, 0xD83A, 0xDD32, 0xD83A, 0xDD3A, 0xD83A, 0xDD2B, 0xD83A, 0xDD2A, 0xD83A, 0xDD2B, 0x20, 0xD83A, 0xDD27, 0xD83A, 0xDD22, 0xD83A, 0xDD32, 0xD83A, 0xDD3C, 0xD83A, 0xDD2D, 0xD83A, 0xDD25, 0xD83A, 0xDD2B, 0xD83A, 0xDD45, 0xD83A, 0xDD3C, 0xD83A, 0xDD2D));
				case 18: return String(CharArray::of(0xD83A, 0xDD23, 0xD83A, 0xDD2D, 0xD83A, 0xDD32, 0xD83A, 0xDD3A, 0xD83A, 0xDD2B, 0xD83A, 0xDD2A, 0xD83A, 0xDD2B, 0x20, 0xD83A, 0xDD25, 0xD83A, 0xDD22, 0xD83A, 0xDD34, 0xD83A, 0xDD24, 0xD83A, 0xDD2D));
				case 19: return String(CharArray::of(0xD83A, 0xDD23, 0xD83A, 0xDD2D, 0xD83A, 0xDD32, 0xD83A, 0xDD3A, 0xD83A, 0xDD2B, 0xD83A, 0xDD2A, 0xD83A, 0xDD2B, 0x20, 0xD83A, 0xDD27, 0xD83A, 0xDD2E, 0xD83A, 0xDD3A, 0xD83A, 0xDD2E, 0xD83A, 0xDD32, 0xD83A, 0xDD2B));
				case 14: return String(CharArray::of(0xD83A, 0xDD23, 0xD83A, 0xDD2D, 0xD83A, 0xDD32, 0xD83A, 0xDD3A, 0xD83A, 0xDD2B, 0xD83A, 0xDD2A, 0xD83A, 0xDD2B, 0x20, 0xD83A, 0xDD3C, 0xD83A, 0xDD2B, 0xD83A, 0xDD28, 0xD83A, 0xDD46, 0xD83A, 0xDD2D));
				case 15: return String(CharArray::of(0xD83A, 0xDD23, 0xD83A, 0xDD2D, 0xD83A, 0xDD32, 0xD83A, 0xDD3A, 0xD83A, 0xDD2B, 0xD83A, 0xDD2A, 0xD83A, 0xDD2B, 0x20, 0xD83A, 0xDD32, 0xD83A, 0xDD3A, 0xD83A, 0xDD2E, 0xD83A, 0xDD2A, 0xD83A, 0xDD30, 0xD83A, 0xDD2D));
				case 22: return String(CharArray::of(0xD83A, 0xDD25, 0xD83A, 0xDD2D, 0xD83A, 0xDD24, 0xD83A, 0xDD2D, 0xD83A, 0xDD3A, 0xD83A, 0xDD22, 0xD83A, 0xDD2A, 0xD83A, 0xDD2C, 0xD83A, 0xDD2D, 0x20, 0xD83A, 0xDD33, 0xD83A, 0xDD22, 0xD83A, 0xDD24, 0xD83A, 0xDD22, 0x20, 0xD83A, 0xDD23, 0xD83A, 0xDD2B, 0xD83A, 0xDD45, 0xD83A, 0xDD27, 0xD83A, 0xDD2D, 0xD83A, 0xDD24, 0xD83A, 0xDD2D, 0xD83A, 0xDD45, 0xD83A, 0xDD3C, 0xD83A, 0xDD35));
				case 23: return String(CharArray::of(0xD83A, 0xDD25, 0xD83A, 0xDD2D, 0xD83A, 0xDD24, 0xD83A, 0xDD2D, 0xD83A, 0xDD25, 0xD83A, 0xDD2E, 0xD83A, 0xDD24, 0xD83A, 0xDD30, 0xD83A, 0xDD35, 0x20, 0xD83A, 0xDD33, 0xD83A, 0xDD22, 0xD83A, 0xDD24, 0xD83A, 0xDD22, 0x20, 0xD83A, 0xDD24, 0xD83A, 0xDD2D, 0xD83A, 0xDD45, 0xD83A, 0xDD3C, 0xD83A, 0xDD35));
				case 20: return String(CharArray::of(0xD83A, 0xDD28, 0xD83A, 0xDD2D, 0xD83A, 0xDD2A, 0xD83A, 0xDD30, 0xD83A, 0xDD2D));
				case 27: return String(CharArray::of(0xD83A, 0xDD3A, 0xD83A, 0xDD2B, 0xD83A, 0xDD29, 0xD83A, 0xDD2B, 0x20, 0xD83A, 0xDD33, 0xD83A, 0xDD22, 0xD83A, 0xDD24, 0xD83A, 0xDD22, 0x20, 0xD83A, 0xDD23, 0xD83A, 0xDD35, 0xD83A, 0xDD26, 0xD83A, 0xDD35, 0xD83A, 0xDD45, 0xD83A, 0xDD2A, 0xD83A, 0xDD2B));
				case 28: return String(CharArray::of(0xD83A, 0xDD33, 0xD83A, 0xDD22, 0xD83A, 0xDD24, 0xD83A, 0xDD3A, 0xD83A, 0xDD35, 0xD83A, 0xDD24, 0xD83A, 0xDD27, 0xD83A, 0xDD22, 0xD83A, 0xDD28, 0xD83A, 0xDD46, 0xD83A, 0xDD2E));
				case 24: return String(CharArray::of(0xD83A, 0xDD25, 0xD83A, 0xDD2E, 0xD83A, 0xDD24, 0xD83A, 0xDD30, 0xD83A, 0xDD2D));
				case 31: return String(CharArray::of(0xD83A, 0xDD24, 0xD83A, 0xDD2D, 0xD83A, 0xDD45, 0xD83A, 0xDD3C, 0xD83A, 0xDD2D, 0x20, 0xD83A, 0xDD33, 0xD83A, 0xDD22, 0xD83A, 0xDD24, 0xD83A, 0xDD22, 0x20, 0xD83A, 0xDD33, 0xD83A, 0xDD2D, 0xD83A, 0xDD24, 0xD83A, 0xDD2E, 0xD83A, 0xDD25, 0xD83A, 0xDD2B, 0xD83A, 0xDD45, 0xD83A, 0xDD3C, 0xD83A, 0xDD2E, 0xD83A, 0xDD24));
				case 30: return String(CharArray::of(0xD83A, 0xDD24, 0xD83A, 0xDD2D, 0xD83A, 0xDD45, 0xD83A, 0xDD3C, 0xD83A, 0xDD2D, 0x20, 0xD83A, 0xDD33, 0xD83A, 0xDD22, 0xD83A, 0xDD24, 0xD83A, 0xDD22, 0x20, 0xD83A, 0xDD51, 0xD83A, 0xDD50, 0xD83A, 0xDD50, 0x20, 0xD83A, 0xDD33, 0xD83A, 0xDD2D, 0xD83A, 0xDD24, 0xD83A, 0xDD2E, 0xD83A, 0xDD25, 0xD83A, 0xDD2B, 0xD83A, 0xDD45, 0xD83A, 0xDD3C, 0xD83A, 0xDD2D));
				case 32: return String(CharArray::of(0xD83A, 0xDD25, 0xD83A, 0xDD22, 0xD83A, 0xDD34, 0xD83A, 0xDD24, 0xD83A, 0xDD2D, 0x20, 0xD83A, 0xDD33, 0xD83A, 0xDD22, 0xD83A, 0xDD24, 0xD83A, 0xDD22, 0x20, 0xD83A, 0xDD3A, 0xD83A, 0xDD22, 0xD83A, 0xDD24, 0xD83A, 0xDD2E, 0xD83A, 0xDD32, 0xD83A, 0xDD2A, 0xD83A, 0xDD35));
				case 33: return String(CharArray::of(0xD83A, 0xDD25, 0xD83A, 0xDD22, 0xD83A, 0xDD34, 0xD83A, 0xDD24, 0xD83A, 0xDD2D, 0x20, 0xD83A, 0xDD33, 0xD83A, 0xDD22, 0xD83A, 0xDD24, 0xD83A, 0xDD22, 0x20, 0xD83A, 0xDD3A, 0xD83A, 0xDD2E, 0xD83A, 0xDD32, 0xD83A, 0xDD24, 0xD83A, 0xDD2E, 0xD83A, 0xDD32, 0xD83A, 0xDD36, 0xD83A, 0xDD2D, 0x20, 0xD83A, 0xDD3C, 0xD83A, 0xDD2D, 0xD83A, 0xDD24, 0xD83A, 0xDD27, 0xD83A, 0xDD35));
				case 42: return String(CharArray::of(0xD83A, 0xDD28, 0xD83A, 0xDD2B, 0xD83A, 0xDD3C, 0xD83A, 0xDD22, 0xD83A, 0xDD36, 0xD83A, 0xDD2B, 0xD83A, 0xDD45, 0xD83A, 0xDD3C, 0xD83A, 0xDD46, 0xD83A, 0xDD2D));
				case 44: return String(CharArray::of(0xD83A, 0xDD3C, 0xD83A, 0xDD2B, 0xD83A, 0xDD2A, 0xD83A, 0xDD22, 0xD83A, 0xDD36, 0xD83A, 0xDD2B, 0xD83A, 0xDD45, 0xD83A, 0xDD3C, 0xD83A, 0xDD46, 0xD83A, 0xDD2D));
				case 43: return String(CharArray::of(0xD83A, 0xDD3C, 0xD83A, 0xDD2B, 0xD83A, 0xDD2A, 0xD83A, 0xDD22, 0xD83A, 0xDD26, 0xD83A, 0xDD2D, 0xD83A, 0xDD45, 0xD83A, 0xDD3C, 0xD83A, 0xDD46, 0xD83A, 0xDD2D));
				case 37: return String(CharArray::of(0xD83A, 0xDD3A, 0xD83A, 0xDD2D, 0xD83A, 0xDD3A, 0xD83A, 0xDD22, 0xD83A, 0xDD36, 0xD83A, 0xDD2B, 0xD83A, 0xDD45, 0xD83A, 0xDD3C, 0xD83A, 0xDD46, 0xD83A, 0xDD2D));
				case 36: return String(CharArray::of(0xD83A, 0xDD3A, 0xD83A, 0xDD2D, 0xD83A, 0xDD3A, 0xD83A, 0xDD22, 0xD83A, 0xDD26, 0xD83A, 0xDD2D, 0xD83A, 0xDD45, 0xD83A, 0xDD3C, 0xD83A, 0xDD46, 0xD83A, 0xDD2D));
				case 41: return String(CharArray::of(0xD83A, 0xDD25, 0xD83A, 0xDD2B, 0xD83A, 0xDD3A, 0xD83A, 0xDD22, 0xD83A, 0xDD36, 0xD83A, 0xDD2B, 0xD83A, 0xDD45, 0xD83A, 0xDD3C, 0xD83A, 0xDD46, 0xD83A, 0xDD2D));
				case 40: return String(CharArray::of(0xD83A, 0xDD25, 0xD83A, 0xDD2B, 0xD83A, 0xDD3A, 0xD83A, 0xDD22, 0xD83A, 0xDD26, 0xD83A, 0xDD2D, 0xD83A, 0xDD45, 0xD83A, 0xDD3C, 0xD83A, 0xDD46, 0xD83A, 0xDD2D));
				case 39: return String(CharArray::of(0xD83A, 0xDD33, 0xD83A, 0xDD2D, 0xD83A, 0xDD24, 0xD83A, 0xDD2E, 0xD83A, 0xDD36, 0xD83A, 0xDD2B, 0xD83A, 0xDD45, 0xD83A, 0xDD3C, 0xD83A, 0xDD46, 0xD83A, 0xDD2D));
				case 38: return String(CharArray::of(0xD83A, 0xDD33, 0xD83A, 0xDD2D, 0xD83A, 0xDD24, 0xD83A, 0xDD2E, 0xD83A, 0xDD26, 0xD83A, 0xDD2D, 0xD83A, 0xDD45, 0xD83A, 0xDD3C, 0xD83A, 0xDD46, 0xD83A, 0xDD2D));
				case 35: return String(CharArray::of(0xD83A, 0xDD36, 0xD83A, 0xDD2B, 0xD83A, 0xDD45, 0xD83A, 0xDD3C, 0xD83A, 0xDD46, 0xD83A, 0xDD2D));
				case 34: return String(CharArray::of(0xD83A, 0xDD26, 0xD83A, 0xDD2D, 0xD83A, 0xDD45, 0xD83A, 0xDD3C, 0xD83A, 0xDD46, 0xD83A, 0xDD2D));
				case 45: return String(CharArray::of(0xD83A, 0xDD3C, 0xD83A, 0xDD2B, 0xD83A, 0xDD45, 0xD83A, 0xDD25, 0xD83A, 0xDD2D, 0xD83A, 0xDD32, 0xD83A, 0xDD22, 0xD83A, 0xDD32, 0xD83A, 0xDD2F, 0xD83A, 0xDD2B));
				case 48: return String(CharArray::of(0xD83A, 0xDD3C, 0xD83A, 0xDD2D, 0xD83A, 0xDD36, 0xD83A, 0xDD22, 0xD83A, 0xDD32, 0xD83A, 0xDD2F, 0xD83A, 0xDD2B));
				case 57: return String(CharArray::of(0xD83A, 0xDD32, 0xD83A, 0xDD22, 0xD83A, 0xDD24, 0xD83A, 0xDD2B, 0xD83A, 0xDD26, 0xD83A, 0xDD46, 0xD83A, 0xDD2D));
				case 59: return String(CharArray::of(0xD83A, 0xDD36, 0xD83A, 0xDD2E, 0xD83A, 0xDD32, 0xD83A, 0xDD3C, 0xD83A, 0xDD2B));
				case 46: return String(CharArray::of(0xD83A, 0xDD3B, 0xD83A, 0xDD22, 0xD83A, 0xDD24, 0xD83A, 0xDD46, 0xD83A, 0xDD22, 0xD83A, 0xDD24));
				case 52: return String(CharArray::of(0xD83A, 0xDD38, 0xD83A, 0xDD2E, 0xD83A, 0xDD36, 0xD83A, 0xDD2E, 0xD83A, 0xDD25, 0xD83A, 0xDD22, 0xD83A, 0xDD44, 0xD83A, 0xDD36, 0xD83A, 0xDD2B));
				case 58: return String(CharArray::of(0xD83A, 0xDD33, 0xD83A, 0xDD2D, 0xD83A, 0xDD32, 0xD83A, 0xDD30, 0xD83A, 0xDD2B));
				case 51: return String(CharArray::of(0xD83A, 0xDD25, 0xD83A, 0xDD2D, 0xD83A, 0xDD24, 0xD83A, 0xDD2D, 0xD83A, 0xDD33, 0xD83A, 0xDD2D, 0xD83A, 0xDD32, 0xD83A, 0xDD30, 0xD83A, 0xDD2B));
				case 50: return String(CharArray::of(0xD83A, 0xDD3B, 0xD83A, 0xDD2D, 0xD83A, 0xDD24, 0xD83A, 0xDD22, 0xD83A, 0xDD33, 0xD83A, 0xDD2D, 0xD83A, 0xDD32, 0xD83A, 0xDD30, 0xD83A, 0xDD2B));
				case 55: return String(CharArray::of(0xD83A, 0xDD32, 0xD83A, 0xDD22, 0xD83A, 0xDD32, 0xD83A, 0xDD2E, 0xD83A, 0xDD45, 0xD83A, 0xDD33, 0xD83A, 0xDD2D, 0xD83A, 0xDD32, 0xD83A, 0xDD30, 0xD83A, 0xDD2B));
				case 64: return String(CharArray::of(0xD83A, 0xDD25, 0xD83A, 0xDD2D, 0xD83A, 0xDD24, 0xD83A, 0xDD2D, 0xD83A, 0xDD22, 0xD83A, 0xDD25, 0xD83A, 0xDD28, 0xD83A, 0xDD2B, 0xD83A, 0xDD2A, 0xD83A, 0xDD36, 0xD83A, 0xDD2D));
				case 72: return String(CharArray::of(0xD83A, 0xDD33, 0xD83A, 0xDD2D, 0xD83A, 0xDD24, 0xD83A, 0xDD2E, 0xD83A, 0xDD32, 0xD83A, 0xDD4B, 0xD83A, 0xDD3A, 0xD83A, 0xDD35, 0xD83A, 0xDD24, 0xD83A, 0xDD2D));
				case 68: return String(CharArray::of(0xD83A, 0xDD32, 0xD83A, 0xDD3A, 0xD83A, 0xDD35, 0xD83A, 0xDD24, 0xD83A, 0xDD2D));
				case 70: return String(CharArray::of(0xD83A, 0xDD10, 0xD83A, 0xDD3A, 0xD83A, 0xDD35, 0xD83A, 0xDD24, 0xD83A, 0xDD2D));
				case 73: return String(CharArray::of(0xD83A, 0xDD33, 0xD83A, 0xDD2D, 0xD83A, 0xDD24, 0xD83A, 0xDD2E, 0xD83A, 0xDD41, 0xD83A, 0xDD35, 0xD83A, 0xDD45, 0xD83A, 0xDD24, 0xD83A, 0xDD36, 0xD83A, 0xDD2D));
				case 74: return String(CharArray::of(0xD83A, 0xDD33, 0xD83A, 0xDD2D, 0xD83A, 0xDD24, 0xD83A, 0xDD2E, 0xD83A, 0xDD31, 0xD83A, 0xDD22, 0xD83A, 0xDD44, 0xD83A, 0xDD3C, 0xD83A, 0xDD35, 0x2D, 0xD83A, 0xDD32, 0xD83A, 0xDD36, 0xD83A, 0xDD22, 0xD83A, 0xDD25, 0xD83A, 0xDD24, 0xD83A, 0xDD2D));
				case 69: return String(CharArray::of(0xD83A, 0xDD2B, 0xD83A, 0xDD24, 0xD83A, 0xDD2B, 0xD83A, 0xDD33, 0xD83A, 0xDD3C, 0xD83A, 0xDD2E, 0xD83A, 0xDD3E, 0xD83A, 0xDD2E, 0xD83A, 0xDD24, 0xD83A, 0xDD3C, 0xD83A, 0xDD2D));
				case 67: return String(CharArray::of(0xD83A, 0xDD11, 0xD83A, 0xDD35, 0xD83A, 0xDD45, 0xD83A, 0xDD30, 0xD83A, 0xDD2B, 0x20, 0xD83A, 0xDD32, 0xD83A, 0xDD3A, 0xD83A, 0xDD35, 0xD83A, 0xDD24, 0xD83A, 0xDD32, 0xD83A, 0xDD23, 0xD83A, 0xDD2D, 0xD83A, 0xDD32, 0xD83A, 0xDD33, 0xD83A, 0xDD2E, 0x20, 0xD83A, 0xDD04, 0xD83A, 0xDD2D, 0xD83A, 0xDD2A, 0xD83A, 0xDD3C, 0xD83A, 0xDD22, 0xD83A, 0xDD32, 0xD83A, 0xDD2D, 0xD83A, 0xDD34, 0xD83A, 0xDD22, 0xD83A, 0xDD32, 0xD83A, 0xDD33, 0xD83A, 0xDD2E));
				case 75: return String(CharArray::of(0xD83A, 0xDD32, 0xD83A, 0xDD3A, 0xD83A, 0xDD35, 0xD83A, 0xDD24, 0xD83A, 0xDD23, 0xD83A, 0xDD2D, 0xD83A, 0xDD32, 0xD83A, 0xDD33, 0xD83A, 0xDD2B, 0x20, 0xD83A, 0xDD01, 0xD83A, 0xDD00));
				case 77: return String(CharArray::of(0xD83A, 0xDD32, 0xD83A, 0xDD2B, 0xD83A, 0xDD31, 0xD83A, 0xDD3C, 0xD83A, 0xDD2E, 0xD83A, 0xDD32, 0xD83A, 0xDD36, 0xD83A, 0xDD2D));
				case 76: return String(CharArray::of(0xD83A, 0xDD33, 0xD83A, 0xDD2D, 0xD83A, 0xDD24, 0xD83A, 0xDD2E, 0xD83A, 0xDD31, 0xD83A, 0xDD22, 0xD83A, 0xDD44, 0xD83A, 0xDD3C, 0xD83A, 0xDD35, 0x2D, 0xD83A, 0xDD32, 0xD83A, 0xDD36, 0xD83A, 0xDD22, 0xD83A, 0xDD25, 0xD83A, 0xDD24, 0xD83A, 0xDD2D, 0x20, 0xD83A, 0xDD33, 0xD83A, 0xDD22, 0xD83A, 0xDD24, 0xD83A, 0xDD22, 0x20, 0xD83A, 0xDD51, 0xD83A, 0xDD50, 0xD83A, 0xDD50, 0x20, 0xD83A, 0xDD33, 0xD83A, 0xDD2D, 0xD83A, 0xDD24, 0xD83A, 0xDD2E, 0xD83A, 0xDD25, 0xD83A, 0xDD2B, 0xD83A, 0xDD45, 0xD83A, 0xDD3C, 0xD83A, 0xDD2D));
				case 79: return String(CharArray::of(0xD83A, 0xDD3A, 0xD83A, 0xDD2D, 0xD83A, 0xDD3A, 0xD83A, 0xDD22, 0xD83A, 0xDD38, 0xD83A, 0xDD2B, 0xD83A, 0xDD2A, 0xD83A, 0xDD3C, 0xD83A, 0xDD35));
				case 82: return String(CharArray::of(0xD83A, 0xDD25, 0xD83A, 0xDD2B, 0xD83A, 0xDD3A, 0xD83A, 0xDD22, 0xD83A, 0xDD38, 0xD83A, 0xDD2B, 0xD83A, 0xDD2A, 0xD83A, 0xDD3C, 0xD83A, 0xDD35));
				case 81: return String(CharArray::of(0xD83A, 0xDD33, 0xD83A, 0xDD2D, 0xD83A, 0xDD24, 0xD83A, 0xDD2E, 0xD83A, 0xDD38, 0xD83A, 0xDD2B, 0xD83A, 0xDD2A, 0xD83A, 0xDD3C, 0xD83A, 0xDD35));
				case 80: return String(CharArray::of(0xD83A, 0xDD38, 0xD83A, 0xDD2B, 0xD83A, 0xDD2A, 0xD83A, 0xDD3C, 0xD83A, 0xDD35));
				case 86: return String(CharArray::of(0xD83A, 0xDD2D, 0xD83A, 0xDD25, 0xD83A, 0xDD35, 0x20, 0xD83A, 0xDD2C, 0xD83A, 0xDD2D, 0xD83A, 0xDD45, 0x20, 0xD83A, 0xDD34, 0xD83A, 0xDD22, 0xD83A, 0xDD44, 0xD83A, 0xDD34, 0xD83A, 0xDD2E));
				case 87: return String(CharArray::of(0xD83A, 0xDD25, 0xD83A, 0xDD2B, 0xD83A, 0xDD3A, 0xD83A, 0xDD22, 0xD83A, 0xDD28, 0xD83A, 0xDD2D, 0xD83A, 0xDD33, 0xD83A, 0xDD37, 0xD83A, 0xDD2E, 0xD83A, 0xDD24));
				case 89: return String(CharArray::of(0xD83A, 0xDD28, 0xD83A, 0xDD2D, 0xD83A, 0xDD33, 0xD83A, 0xDD37, 0xD83A, 0xDD2D, 0x20, 0xD83A, 0xDD32, 0xD83A, 0xDD23, 0xD83A, 0xDD2B, 0xD83A, 0xDD2A, 0x20, 0xD83A, 0xDD27, 0xD83A, 0xDD22, 0xD83A, 0xDD32, 0xD83A, 0xDD3C, 0xD83A, 0xDD2D, 0xD83A, 0xDD25, 0xD83A, 0xDD2B, 0xD83A, 0xDD45, 0xD83A, 0xDD3C, 0xD83A, 0xDD2E, 0xD83A, 0xDD24));
				case 90: return String(CharArray::of(0xD83A, 0xDD28, 0xD83A, 0xDD2D, 0xD83A, 0xDD33, 0xD83A, 0xDD37, 0xD83A, 0xDD2D, 0x20, 0xD83A, 0xDD32, 0xD83A, 0xDD23, 0xD83A, 0xDD2B, 0xD83A, 0xDD2A, 0x20, 0xD83A, 0xDD32, 0xD83A, 0xDD3A, 0xD83A, 0xDD2E, 0xD83A, 0xDD2A, 0xD83A, 0xDD30, 0xD83A, 0xDD35));
				case 84: return String(CharArray::of(0xD83A, 0xDD3C, 0xD83A, 0xDD2E, 0xD83A, 0xDD29, 0xD83A, 0xDD46, 0xD83A, 0xDD2B, 0x20, 0xD83A, 0xDD32, 0xD83A, 0xDD23, 0xD83A, 0xDD2B, 0xD83A, 0xDD2A, 0x20, 0xD83A, 0xDD27, 0xD83A, 0xDD22, 0xD83A, 0xDD32, 0xD83A, 0xDD3C, 0xD83A, 0xDD2D, 0xD83A, 0xDD25, 0xD83A, 0xDD2B, 0xD83A, 0xDD45, 0xD83A, 0xDD3C, 0xD83A, 0xDD2E, 0xD83A, 0xDD24));
				case 85: return String(CharArray::of(0xD83A, 0xDD3C, 0xD83A, 0xDD2E, 0xD83A, 0xDD29, 0xD83A, 0xDD46, 0xD83A, 0xDD2B, 0x20, 0xD83A, 0xDD32, 0xD83A, 0xDD23, 0xD83A, 0xDD2B, 0xD83A, 0xDD2A, 0x20, 0xD83A, 0xDD32, 0xD83A, 0xDD3A, 0xD83A, 0xDD2E, 0xD83A, 0xDD2A, 0xD83A, 0xDD30, 0xD83A, 0xDD35));
				case 83: return String(CharArray::of(0xD83A, 0xDD3C, 0xD83A, 0xDD2E, 0xD83A, 0xDD29, 0xD83A, 0xDD46, 0xD83A, 0xDD2B));
				case 94: return String(CharArray::of(0xD83A, 0xDD24, 0xD83A, 0xDD22, 0xD83A, 0xDD44, 0xD83A, 0xDD27, 0xD83A, 0xDD2E, 0xD83A, 0xDD24, 0x20, 0xD83A, 0xDD24, 0xD83A, 0xDD2B, 0xD83A, 0xDD34, 0xD83A, 0xDD23, 0xD83A, 0xDD2D, 0x20, 0xD83A, 0xDD32, 0xD83A, 0xDD23, 0xD83A, 0xDD2D, 0xD83A, 0xDD32));
				case 101: return String(CharArray::of(0xD83A, 0xDD33, 0xD83A, 0xDD2D, 0xD83A, 0xDD24, 0xD83A, 0xDD2E, 0xD83A, 0xDD25, 0xD83A, 0xDD2B, 0xD83A, 0xDD45, 0xD83A, 0xDD3C, 0xD83A, 0xDD2D));
				case 103: return String(CharArray::of(0xD83A, 0xDD25, 0xD83A, 0xDD2B, 0xD83A, 0xDD45, 0xD83A, 0xDD3C, 0xD83A, 0xDD2D));
				case 93: return String(CharArray::of(0xD83A, 0xDD23, 0xD83A, 0xDD2B, 0xD83A, 0xDD45, 0xD83A, 0xDD27, 0xD83A, 0xDD2D, 0xD83A, 0xDD25, 0xD83A, 0xDD2B, 0xD83A, 0xDD45, 0xD83A, 0xDD3C, 0xD83A, 0xDD2D));
				case 92: return String(CharArray::of(0xD83A, 0xDD27, 0xD83A, 0xDD22, 0xD83A, 0xDD32, 0xD83A, 0xDD3C, 0xD83A, 0xDD2D, 0xD83A, 0xDD25, 0xD83A, 0xDD2B, 0xD83A, 0xDD45, 0xD83A, 0xDD3C, 0xD83A, 0xDD2D));
				case 107: return String(CharArray::of(0xD83A, 0xDD25, 0xD83A, 0xDD2D, 0xD83A, 0xDD24, 0xD83A, 0xDD2D, 0xD83A, 0xDD25, 0xD83A, 0xDD2B, 0xD83A, 0xDD45, 0xD83A, 0xDD3C, 0xD83A, 0xDD2D));
				case 104: return String(CharArray::of(0xD83A, 0xDD3B, 0xD83A, 0xDD2D, 0xD83A, 0xDD24, 0xD83A, 0xDD22, 0xD83A, 0xDD25, 0xD83A, 0xDD2B, 0xD83A, 0xDD45, 0xD83A, 0xDD3C, 0xD83A, 0xDD2D));
				case 108: return String(CharArray::of(0xD83A, 0xDD32, 0xD83A, 0xDD22, 0xD83A, 0xDD32, 0xD83A, 0xDD2E, 0xD83A, 0xDD4A, 0xD83A, 0xDD25, 0xD83A, 0xDD2B, 0xD83A, 0xDD45, 0xD83A, 0xDD3C, 0xD83A, 0xDD2D));
				case 111: return String(CharArray::of(0xD83A, 0xDD28, 0xD83A, 0xDD2D, 0xD83A, 0xDD33, 0xD83A, 0xDD2E, 0xD83A, 0xDD25, 0xD83A, 0xDD2B, 0xD83A, 0xDD45, 0xD83A, 0xDD3C, 0xD83A, 0xDD2D));
				case 105: return String(CharArray::of(0xD83A, 0xDD25, 0xD83A, 0xDD22, 0xD83A, 0xDD34, 0xD83A, 0xDD24, 0xD83A, 0xDD2D));
				case 110: return String(CharArray::of(0xD83A, 0xDD28, 0xD83A, 0xDD22, 0xD83A, 0xDD2A, 0xD83A, 0xDD27, 0xD83A, 0xDD2B, 0xD83A, 0xDD33, 0xD83A, 0xDD2D));
				case 102: return String(CharArray::of(0xD83A, 0xDD33, 0xD83A, 0xDD2D, 0xD83A, 0xDD3C, 0xD83A, 0xDD22, 0xD83A, 0xDD44, 0xD83A, 0xDD24, 0xD83A, 0xDD2B, 0x2D, 0xD83A, 0xDD32, 0xD83A, 0xDD23, 0xD83A, 0xDD22, 0xD83A, 0xDD34, 0xD83A, 0xDD32, 0xD83A, 0xDD3A, 0xD83A, 0xDD35));
				case 91: return String(CharArray::of(0xD83A, 0xDD33, 0xD83A, 0xDD35, 0xD83A, 0xDD45, 0xD83A, 0xDD30, 0xD83A, 0xDD2B, 0x20, 0xD83A, 0xDD26, 0xD83A, 0xDD35, 0xD83A, 0xDD2A, 0xD83A, 0xDD36, 0xD83A, 0xDD35, 0xD83A, 0xDD32, 0xD83A, 0xDD33, 0xD83A, 0xDD2B));
				case 109: return String(CharArray::of(0xD83A, 0xDD25, 0xD83A, 0xDD22, 0xD83A, 0xDD34, 0xD83A, 0xDD24, 0xD83A, 0xDD2D, 0x20, 0xD83A, 0xDD25, 0xD83A, 0xDD22, 0xD83A, 0xDD44, 0xD83A, 0xDD36, 0xD83A, 0xDD2B, 0xD83A, 0xDD34, 0xD83A, 0xDD22, 0xD83A, 0xDD32, 0xD83A, 0xDD33, 0xD83A, 0xDD2B));
				case 106: return String(CharArray::of(0xD83A, 0xDD03, 0xD83A, 0xDD22, 0xD83A, 0xDD34, 0xD83A, 0xDD24, 0xD83A, 0xDD35, 0x20, 0xD83A, 0xDD27, 0xD83A, 0xDD2D, 0xD83A, 0xDD33, 0xD83A, 0xDD22, 0xD83A, 0xDD44, 0xD83A, 0xDD23, 0xD83A, 0xDD2D, 0xD83A, 0xDD32, 0xD83A, 0xDD22, 0xD83A, 0xDD44, 0xD83A, 0xDD3E, 0xD83A, 0xDD2D, 0xD83A, 0xDD32, 0xD83A, 0xDD33, 0xD83A, 0xDD2E));
				case 112: return String(CharArray::of(0xD83A, 0xDD32, 0xD83A, 0xDD36, 0xD83A, 0xDD2E, 0xD83A, 0xDD23, 0xD83A, 0xDD46, 0xD83A, 0xDD35, 0xD83A, 0xDD45, 0xD83A, 0xDD36, 0xD83A, 0xDD2D));
				case 120: return String(CharArray::of(0xD83A, 0xDD36, 0xD83A, 0xDD22, 0xD83A, 0xDD24, 0xD83A, 0xDD26, 0xD83A, 0xDD35, 0xD83A, 0xDD24, 0xD83A, 0xDD2E));
				case 121: return String(CharArray::of(0xD83A, 0xDD32, 0xD83A, 0xDD2E, 0xD83A, 0xDD2A, 0xD83A, 0xDD30, 0xD83A, 0xDD35));
				case 123: return String(CharArray::of(0xD83A, 0xDD32, 0xD83A, 0xDD23, 0xD83A, 0xDD22, 0xD83A, 0xDD34, 0xD83A, 0xDD32, 0xD83A, 0xDD3A, 0xD83A, 0xDD35, 0xD83A, 0xDD45, 0xD83A, 0xDD36, 0xD83A, 0xDD2D, 0x20, 0xD83A, 0xDD32, 0xD83A, 0xDD22, 0xD83A, 0xDD44, 0xD83A, 0xDD32, 0xD83A, 0xDD3A, 0xD83A, 0xDD2B, 0xD83A, 0xDD34, 0xD83A, 0xDD22, 0xD83A, 0xDD32, 0xD83A, 0xDD33, 0xD83A, 0xDD2E));
				case 139: return String(CharArray::of(0xD83A, 0xDD3C, 0xD83A, 0xDD2E, 0xD83A, 0xDD45, 0xD83A, 0xDD32, 0xD83A, 0xDD2D, 0x20, 0xD83A, 0xDD25, 0xD83A, 0xDD2B, 0xD83A, 0xDD3C, 0xD83A, 0xDD2D, 0xD83A, 0xDD2A, 0xD83A, 0xDD33, 0xD83A, 0xDD35));
				case 130: return String(CharArray::of(0xD83A, 0xDD33, 0xD83A, 0xDD2D, 0xD83A, 0xDD24, 0xD83A, 0xDD2E, 0xD83A, 0xDD3A, 0xD83A, 0xDD22, 0xD83A, 0xDD2A, 0xD83A, 0xDD2C, 0xD83A, 0xDD2D));
				case 132: return String(CharArray::of(0xD83A, 0xDD25, 0xD83A, 0xDD2D, 0xD83A, 0xDD24, 0xD83A, 0xDD2D, 0xD83A, 0xDD3A, 0xD83A, 0xDD22, 0xD83A, 0xDD2A, 0xD83A, 0xDD2C, 0xD83A, 0xDD2D));
				case 131: return String(CharArray::of(0xD83A, 0xDD3B, 0xD83A, 0xDD2D, 0xD83A, 0xDD24, 0xD83A, 0xDD22, 0xD83A, 0xDD3A, 0xD83A, 0xDD22, 0xD83A, 0xDD2A, 0xD83A, 0xDD2C, 0xD83A, 0xDD2D));
				case 137: return String(CharArray::of(0xD83A, 0xDD27, 0xD83A, 0xDD2D, 0xD83A, 0xDD3C, 0xD83A, 0xDD2E, 0xD83A, 0xDD32, 0xD83A, 0xDD2A, 0xD83A, 0xDD2B));
				case 133: return String(CharArray::of(0xD83A, 0xDD31, 0xD83A, 0xDD22, 0xD83A, 0xDD3A, 0xD83A, 0xDD2D, 0xD83A, 0xDD34, 0xD83A, 0xDD22, 0xD83A, 0xDD44, 0xD83A, 0xDD36, 0xD83A, 0xDD2D));
				case 134: return String(CharArray::of(0xD83A, 0xDD31, 0xD83A, 0xDD22, 0xD83A, 0xDD3A, 0xD83A, 0xDD2D, 0xD83A, 0xDD34, 0xD83A, 0xDD22, 0xD83A, 0xDD44, 0xD83A, 0xDD36, 0xD83A, 0xDD2D, 0x20, 0xD83A, 0xDD25, 0xD83A, 0xDD2B, 0xD83A, 0xDD32, 0xD83A, 0xDD33, 0xD83A, 0xDD2B, 0xD83A, 0xDD24, 0xD83A, 0xDD23, 0xD83A, 0xDD2D));
				case 124: return String(CharArray::of(0xD83A, 0xDD33, 0xD83A, 0xDD2D, 0xD83A, 0xDD2A, 0xD83A, 0xDD22, 0xD83A, 0xDD2A, 0xD83A, 0xDD3C, 0xD83A, 0xDD35));
				case 128: return String(CharArray::of(0xD83A, 0xDD3A, 0xD83A, 0xDD22, 0xD83A, 0xDD30, 0xD83A, 0xDD46, 0xD83A, 0xDD2B, 0xD83A, 0xDD2A, 0xD83A, 0xDD2B));
				case 140: return String(CharArray::of(0xD83A, 0xDD3A, 0xD83A, 0xDD2D, 0xD83A, 0xDD3A, 0xD83A, 0xDD22, 0xD83A, 0xDD31, 0xD83A, 0xDD22, 0xD83A, 0xDD44, 0xD83A, 0xDD3C, 0xD83A, 0xDD2D));
				case 143: return String(CharArray::of(0xD83A, 0xDD25, 0xD83A, 0xDD2B, 0xD83A, 0xDD3A, 0xD83A, 0xDD22, 0xD83A, 0xDD31, 0xD83A, 0xDD22, 0xD83A, 0xDD44, 0xD83A, 0xDD3C, 0xD83A, 0xDD2D));
				case 142: return String(CharArray::of(0xD83A, 0xDD33, 0xD83A, 0xDD2D, 0xD83A, 0xDD24, 0xD83A, 0xDD2E, 0xD83A, 0xDD31, 0xD83A, 0xDD22, 0xD83A, 0xDD44, 0xD83A, 0xDD3C, 0xD83A, 0xDD2D));
				case 144: return String(CharArray::of(0xD83A, 0xDD25, 0xD83A, 0xDD2D, 0xD83A, 0xDD24, 0xD83A, 0xDD2D, 0xD83A, 0xDD31, 0xD83A, 0xDD22, 0xD83A, 0xDD44, 0xD83A, 0xDD3C, 0xD83A, 0xDD2D));
				case 141: return String(CharArray::of(0xD83A, 0xDD37, 0xD83A, 0xDD2B, 0xD83A, 0xDD25, 0xD83A, 0xDD26, 0xD83A, 0xDD2B, 0x2D, 0xD83A, 0xDD28, 0xD83A, 0xDD35, 0xD83A, 0xDD37, 0xD83A, 0xDD46, 0xD83A, 0xDD2D));
				case 154: return String(CharArray::of(0xD83A, 0xDD25, 0xD83A, 0xDD2D, 0xD83A, 0xDD24, 0xD83A, 0xDD2D, 0xD83A, 0xDD25, 0xD83A, 0xDD2B, 0xD83A, 0xDD45, 0xD83A, 0xDD3C, 0xD83A, 0xDD2D, 0x20, 0xD83A, 0xDD2F, 0xD83A, 0xDD2B, 0xD83A, 0xDD24, 0xD83A, 0xDD33, 0xD83A, 0xDD2E, 0xD83A, 0xDD45, 0xD83A, 0xDD2A, 0xD83A, 0xDD2D));
				case 156: return String(CharArray::of(0xD83A, 0xDD3A, 0xD83A, 0xDD22, 0xD83A, 0xDD2A, 0xD83A, 0xDD24, 0xD83A, 0xDD2D, 0x20, 0xD83A, 0xDD32, 0xD83A, 0xDD23, 0xD83A, 0xDD2B, 0xD83A, 0xDD2A, 0x20, 0xD83A, 0xDD23, 0xD83A, 0xDD2D, 0xD83A, 0xDD32, 0xD83A, 0xDD3A, 0xD83A, 0xDD2B, 0xD83A, 0xDD2A, 0xD83A, 0xDD2B, 0x20, 0xD83A, 0xDD32, 0xD83A, 0xDD3A, 0xD83A, 0xDD2E, 0xD83A, 0xDD2A, 0xD83A, 0xDD30, 0xD83A, 0xDD35));
				case 150: return String(CharArray::of(0xD83A, 0xDD32, 0xD83A, 0xDD3A, 0xD83A, 0xDD2E, 0xD83A, 0xDD2A, 0xD83A, 0xDD30, 0xD83A, 0xDD2D, 0x20, 0xD83A, 0xDD2F, 0xD83A, 0xDD2B, 0xD83A, 0xDD24, 0xD83A, 0xDD33, 0xD83A, 0xDD2E, 0xD83A, 0xDD45, 0xD83A, 0xDD2A, 0xD83A, 0xDD2D));
				case 147: return String(CharArray::of(0xD83A, 0xDD26, 0xD83A, 0xDD22, 0xD83A, 0xDD2A, 0xD83A, 0xDD24, 0xD83A, 0xDD2D));
				case 153: return String(CharArray::of(0xD83A, 0xDD25, 0xD83A, 0xDD2D, 0xD83A, 0xDD24, 0xD83A, 0xDD2D, 0xD83A, 0xDD26, 0xD83A, 0xDD22, 0xD83A, 0xDD2A, 0xD83A, 0xDD24, 0xD83A, 0xDD2D));
				case 146: return String(CharArray::of(0xD83A, 0xDD26, 0xD83A, 0xDD2B, 0xD83A, 0xDD27, 0xD83A, 0xDD24, 0xD83A, 0xDD2E, 0xD83A, 0xDD45, 0xD83A, 0xDD36, 0xD83A, 0xDD2D));
				case 155: return String(CharArray::of(0xD83A, 0xDD28, 0xD83A, 0xDD22, 0xD83A, 0xDD27, 0xD83A, 0xDD33, 0xD83A, 0xDD22, 0xD83A, 0xDD24, 0xD83A, 0xDD36, 0xD83A, 0xDD2D));
				case 149: return String(CharArray::of(0xD83A, 0xDD38, 0xD83A, 0xDD2B, 0xD83A, 0xDD33, 0xD83A, 0xDD3C, 0xD83A, 0xDD2E, 0xD83A, 0xDD28, 0xD83A, 0xDD22, 0xD83A, 0xDD27, 0xD83A, 0xDD33, 0xD83A, 0xDD22, 0xD83A, 0xDD24, 0xD83A, 0xDD36, 0xD83A, 0xDD2D));
				case 151: return String(CharArray::of(0xD83A, 0xDD33, 0xD83A, 0xDD2D, 0xD83A, 0xDD24, 0xD83A, 0xDD2E, 0xD83A, 0xDD28, 0xD83A, 0xDD22, 0xD83A, 0xDD27, 0xD83A, 0xDD33, 0xD83A, 0xDD22, 0xD83A, 0xDD24, 0xD83A, 0xDD36, 0xD83A, 0xDD2D));
				case 152: return String(CharArray::of(0xD83A, 0xDD25, 0xD83A, 0xDD2B, 0xD83A, 0xDD3A, 0xD83A, 0xDD22, 0xD83A, 0xDD28, 0xD83A, 0xDD22, 0xD83A, 0xDD27, 0xD83A, 0xDD33, 0xD83A, 0xDD22, 0xD83A, 0xDD24, 0xD83A, 0xDD36, 0xD83A, 0xDD2D));
				case 158: return String(CharArray::of(0xD83A, 0xDD33, 0xD83A, 0xDD2D, 0xD83A, 0xDD24, 0xD83A, 0xDD2E, 0xD83A, 0xDD25, 0xD83A, 0xDD2B, 0xD83A, 0xDD45, 0xD83A, 0xDD3C, 0xD83A, 0xDD2D, 0x20, 0xD83A, 0xDD32, 0xD83A, 0xDD23, 0xD83A, 0xDD2B, 0xD83A, 0xDD2A, 0x20, 0xD83A, 0xDD32, 0xD83A, 0xDD36, 0xD83A, 0xDD22, 0xD83A, 0xDD25, 0xD83A, 0xDD23, 0xD83A, 0xDD2D));
				case 161: return String(CharArray::of(0xD83A, 0xDD25, 0xD83A, 0xDD2B, 0xD83A, 0xDD45, 0xD83A, 0xDD3C, 0xD83A, 0xDD2D, 0x20, 0xD83A, 0xDD32, 0xD83A, 0xDD23, 0xD83A, 0xDD2B, 0xD83A, 0xDD2A, 0x20, 0xD83A, 0xDD33, 0xD83A, 0xDD2D, 0xD83A, 0xDD32, 0xD83A, 0xDD30, 0xD83A, 0xDD2B, 0xD83A, 0xDD2A, 0xD83A, 0xDD2B));
				case 162: return String(CharArray::of(0xD83A, 0xDD25, 0xD83A, 0xDD22, 0xD83A, 0xDD34, 0xD83A, 0xDD24, 0xD83A, 0xDD2D, 0x20, 0xD83A, 0xDD32, 0xD83A, 0xDD23, 0xD83A, 0xDD2B, 0xD83A, 0xDD2A, 0x20, 0xD83A, 0xDD32, 0xD83A, 0xDD36, 0xD83A, 0xDD22, 0xD83A, 0xDD25, 0xD83A, 0xDD32, 0xD83A, 0xDD23, 0xD83A, 0xDD2D));
				case 159: return String(CharArray::of(0xD83A, 0xDD28, 0xD83A, 0xDD2D, 0xD83A, 0xDD29, 0xD83A, 0xDD2D));
				case 165: return String(CharArray::of(0xD83A, 0xDD36, 0xD83A, 0xDD2B, 0xD83A, 0xDD29, 0xD83A, 0xDD2B, 0xD83A, 0xDD2A, 0xD83A, 0xDD2B));
				case 163: return String(CharArray::of(0xD83A, 0xDD36, 0xD83A, 0xDD2B, 0xD83A, 0xDD29, 0xD83A, 0xDD2B, 0x20, 0xD83A, 0xDD05, 0xD83A, 0xDD2B, 0xD83A, 0xDD24, 0xD83A, 0xDD27, 0xD83A, 0xDD2D, 0xD83A, 0xDD45, 0xD83A, 0xDD27, 0xD83A, 0xDD35));
				case 164: return String(CharArray::of(0xD83A, 0xDD36, 0xD83A, 0xDD2B, 0xD83A, 0xDD29, 0xD83A, 0xDD2B, 0x20, 0xD83A, 0xDD0A, 0xD83A, 0xDD22, 0xD83A, 0xDD38, 0xD83A, 0xDD2A, 0xD83A, 0xDD22, 0xD83A, 0xDD32, 0xD83A, 0xDD2B, 0xD83A, 0xDD34, 0xD83A, 0xDD3C, 0xD83A, 0xDD35));
				case 166: return String(CharArray::of(0xD83A, 0xDD36, 0xD83A, 0xDD2B, 0xD83A, 0xDD29, 0xD83A, 0xDD2B, 0x20, 0xD83A, 0xDD33, 0xD83A, 0xDD2B, 0xD83A, 0xDD24, 0xD83A, 0xDD3E, 0xD83A, 0xDD2D, 0xD83A, 0xDD45, 0xD83A, 0xDD32, 0xD83A, 0xDD36, 0xD83A, 0xDD2D));
				case 168: return String(CharArray::of(0xD83A, 0xDD3A, 0xD83A, 0xDD22, 0xD83A, 0xDD2A, 0xD83A, 0xDD24, 0xD83A, 0xDD35, 0x2D, 0xD83A, 0xDD37, 0xD83A, 0xDD2B, 0xD83A, 0xDD25, 0xD83A, 0xDD26, 0xD83A, 0xDD2B, 0x2D, 0xD83A, 0xDD3C, 0xD83A, 0xDD2B, 0xD83A, 0xDD28, 0xD83A, 0xDD46, 0xD83A, 0xDD35));
				case 167: return String(CharArray::of(0xD83A, 0xDD32, 0xD83A, 0xDD2B, 0xD83A, 0xDD31, 0xD83A, 0xDD3C, 0xD83A, 0xDD2E, 0xD83A, 0xDD32, 0x2D, 0xD83A, 0xDD25, 0xD83A, 0xDD2B, 0xD83A, 0xDD45, 0xD83A, 0xDD3C, 0xD83A, 0xDD2D));
				case 176: return String(CharArray::of(0xD83A, 0xDD24, 0xD83A, 0xDD22, 0xD83A, 0xDD25, 0xD83A, 0xDD26, 0xD83A, 0xDD35, 0x20, 0xD83A, 0xDD33, 0xD83A, 0xDD2D, 0xD83A, 0xDD24, 0xD83A, 0xDD2E, 0xD83A, 0xDD25, 0xD83A, 0xDD2B, 0xD83A, 0xDD45, 0xD83A, 0xDD3C, 0xD83A, 0xDD2D));
				case 177: return String(CharArray::of(0xD83A, 0xDD24, 0xD83A, 0xDD22, 0xD83A, 0xDD25, 0xD83A, 0xDD26, 0xD83A, 0xDD35, 0x20, 0xD83A, 0xDD25, 0xD83A, 0xDD2B, 0xD83A, 0xDD45, 0xD83A, 0xDD3C, 0xD83A, 0xDD2E, 0xD83A, 0xDD24));
				case 173: return String(CharArray::of(0xD83A, 0xDD24, 0xD83A, 0xDD22, 0xD83A, 0xDD25, 0xD83A, 0xDD26, 0xD83A, 0xDD35, 0x20, 0xD83A, 0xDD27, 0xD83A, 0xDD22, 0xD83A, 0xDD32, 0xD83A, 0xDD3C, 0xD83A, 0xDD2D, 0xD83A, 0xDD25, 0xD83A, 0xDD2B, 0xD83A, 0xDD45, 0xD83A, 0xDD3C, 0xD83A, 0xDD2D));
				case 178: return String(CharArray::of(0xD83A, 0xDD24, 0xD83A, 0xDD22, 0xD83A, 0xDD25, 0xD83A, 0xDD26, 0xD83A, 0xDD35, 0x20, 0xD83A, 0xDD25, 0xD83A, 0xDD22, 0xD83A, 0xDD34, 0xD83A, 0xDD24, 0xD83A, 0xDD2D));
				case 179: return String(CharArray::of(0xD83A, 0xDD24, 0xD83A, 0xDD22, 0xD83A, 0xDD25, 0xD83A, 0xDD26, 0xD83A, 0xDD35, 0x20, 0xD83A, 0xDD27, 0xD83A, 0xDD2E, 0xD83A, 0xDD3A, 0xD83A, 0xDD2E, 0xD83A, 0xDD32, 0xD83A, 0xDD2B));
				case 174: return String(CharArray::of(0xD83A, 0xDD24, 0xD83A, 0xDD22, 0xD83A, 0xDD25, 0xD83A, 0xDD26, 0xD83A, 0xDD35, 0x20, 0xD83A, 0xDD3C, 0xD83A, 0xDD2B, 0xD83A, 0xDD28, 0xD83A, 0xDD46, 0xD83A, 0xDD2D));
				case 175: return String(CharArray::of(0xD83A, 0xDD24, 0xD83A, 0xDD22, 0xD83A, 0xDD25, 0xD83A, 0xDD26, 0xD83A, 0xDD35, 0x20, 0xD83A, 0xDD32, 0xD83A, 0xDD3A, 0xD83A, 0xDD2E, 0xD83A, 0xDD2A, 0xD83A, 0xDD30, 0xD83A, 0xDD35));
				case 197: return String(CharArray::of(0xD83A, 0xDD25, 0xD83A, 0xDD2B, 0xD83A, 0xDD3A, 0xD83A, 0xDD22, 0xD83A, 0xDD24, 0xD83A, 0xDD2D, 0xD83A, 0xDD45, 0xD83A, 0xDD3C, 0xD83A, 0xDD35));
				case 192: return String(CharArray::of(0xD83A, 0xDD38, 0xD83A, 0xDD2B, 0xD83A, 0xDD33, 0xD83A, 0xDD3C, 0xD83A, 0xDD2E, 0xD83A, 0xDD24, 0xD83A, 0xDD2D, 0xD83A, 0xDD45, 0xD83A, 0xDD3C, 0xD83A, 0xDD2D));
				case 183: return String(CharArray::of(0xD83A, 0xDD23, 0xD83A, 0xDD2B, 0xD83A, 0xDD45, 0xD83A, 0xDD27, 0xD83A, 0xDD2D, 0xD83A, 0xDD24, 0xD83A, 0xDD2D, 0xD83A, 0xDD45, 0xD83A, 0xDD3C, 0xD83A, 0xDD2D));
				case 172: return String(CharArray::of(0xD83A, 0xDD27, 0xD83A, 0xDD22, 0xD83A, 0xDD32, 0xD83A, 0xDD3C, 0xD83A, 0xDD2D, 0xD83A, 0xDD24, 0xD83A, 0xDD2D, 0xD83A, 0xDD45, 0xD83A, 0xDD3C, 0xD83A, 0xDD2D));
				case 198: return String(CharArray::of(0xD83A, 0xDD25, 0xD83A, 0xDD2D, 0xD83A, 0xDD24, 0xD83A, 0xDD2D, 0xD83A, 0xDD24, 0xD83A, 0xDD2D, 0xD83A, 0xDD45, 0xD83A, 0xDD3C, 0xD83A, 0xDD2D));
				case 202: return String(CharArray::of(0xD83A, 0xDD28, 0xD83A, 0xDD2D, 0xD83A, 0xDD32, 0xD83A, 0xDD3C, 0xD83A, 0xDD2D, 0x20, 0xD83A, 0xDD25, 0xD83A, 0xDD2B, 0xD83A, 0xDD3C, 0xD83A, 0xDD2D, 0xD83A, 0xDD2A, 0xD83A, 0xDD33, 0xD83A, 0xDD35));
				case 182: return String(CharArray::of(0xD83A, 0xDD33, 0xD83A, 0xDD2E, 0xD83A, 0xDD2A, 0xD83A, 0xDD32, 0xD83A, 0xDD23, 0xD83A, 0xDD2E, 0xD83A, 0xDD45, 0xD83A, 0xDD24, 0xD83A, 0xDD2B, 0x20, 0xD83A, 0xDD25, 0xD83A, 0xDD2B, 0xD83A, 0xDD3C, 0xD83A, 0xDD2D, 0xD83A, 0xDD2A, 0xD83A, 0xDD33, 0xD83A, 0xDD35));
				case 169: return String(CharArray::of(0xD83A, 0xDD3A, 0xD83A, 0xDD22, 0xD83A, 0xDD2A, 0xD83A, 0xDD33, 0xD83A, 0xDD35, 0x20, 0xD83A, 0xDD3C, 0xD83A, 0xDD2B, 0xD83A, 0xDD28, 0xD83A, 0xDD46, 0xD83A, 0xDD2D));
				case 190: return String(CharArray::of(0xD83A, 0xDD3A, 0xD83A, 0xDD22, 0xD83A, 0xDD24, 0xD83A, 0xDD2E, 0xD83A, 0xDD32, 0xD83A, 0xDD36, 0xD83A, 0xDD2D));
				case 191: return String(CharArray::of(0xD83A, 0xDD3A, 0xD83A, 0xDD22, 0xD83A, 0xDD24, 0xD83A, 0xDD2E, 0xD83A, 0xDD32, 0xD83A, 0xDD36, 0xD83A, 0xDD2D, 0x20, 0xD83A, 0xDD1A, 0xD83A, 0xDD2D, 0xD83A, 0xDD24, 0xD83A, 0xDD27, 0xD83A, 0xDD35));
				case 203: return String(CharArray::of(0xD83A, 0xDD33, 0xD83A, 0xDD2E, 0xD83A, 0xDD2A, 0xD83A, 0xDD3C, 0xD83A, 0xDD2D));
				case 188: return String(CharArray::of(0xD83A, 0xDD31, 0xD83A, 0xDD22, 0xD83A, 0xDD3A, 0xD83A, 0xDD2D, 0xD83A, 0xDD34, 0xD83A, 0xDD22, 0xD83A, 0xDD32, 0xD83A, 0xDD2F, 0xD83A, 0xDD2B, 0x20, 0xD83A, 0xDD27, 0xD83A, 0xDD2B, 0xD83A, 0xDD24, 0xD83A, 0xDD26, 0xD83A, 0xDD22, 0xD83A, 0xDD32));
				case 189: return String(CharArray::of(0xD83A, 0xDD31, 0xD83A, 0xDD22, 0xD83A, 0xDD3A, 0xD83A, 0xDD2D, 0xD83A, 0xDD34, 0xD83A, 0xDD22, 0xD83A, 0xDD32, 0xD83A, 0xDD23, 0xD83A, 0xDD2B, 0x20, 0xD83A, 0xDD27, 0xD83A, 0xDD2B, 0xD83A, 0xDD24, 0xD83A, 0xDD26, 0xD83A, 0xDD22, 0xD83A, 0xDD32, 0x20, 0xD83A, 0xDD1A, 0xD83A, 0xDD2D, 0xD83A, 0xDD24, 0xD83A, 0xDD27, 0xD83A, 0xDD35));
				case 207: return String(CharArray::of(0xD83A, 0xDD33, 0xD83A, 0xDD2E, 0xD83A, 0xDD24, 0xD83A, 0xDD2C, 0xD83A, 0xDD2B, 0x2D, 0xD83A, 0xDD3B, 0xD83A, 0xDD22, 0xD83A, 0xDD44, 0xD83A, 0xDD25, 0xD83A, 0xDD23, 0xD83A, 0xDD35));
				case 208: return String(CharArray::of(0xD83A, 0xDD33, 0xD83A, 0xDD2E, 0xD83A, 0xDD24, 0xD83A, 0xDD2C, 0xD83A, 0xDD2B, 0x2D, 0xD83A, 0xDD32, 0xD83A, 0xDD26, 0xD83A, 0xDD22, 0xD83A, 0xDD2A, 0xD83A, 0xDD29, 0xD83A, 0xDD35));
				case 170: return String(CharArray::of(0xD83A, 0xDD3A, 0xD83A, 0xDD2E, 0xD83A, 0xDD32, 0xD83A, 0xDD3A, 0xD83A, 0xDD2E, 0xD83A, 0xDD45, 0xD83A, 0xDD36, 0xD83A, 0xDD2D));
				case 184: return String(CharArray::of(0xD83A, 0xDD33, 0xD83A, 0xDD2E, 0xD83A, 0xDD24, 0xD83A, 0xDD2C, 0xD83A, 0xDD2E, 0x20, 0xD83A, 0xDD24, 0xD83A, 0xDD2B, 0xD83A, 0xDD25, 0xD83A, 0xDD30, 0xD83A, 0xDD22, 0xD83A, 0xDD44, 0xD83A, 0xDD2A, 0xD83A, 0xDD2D));
				case 185: return String(CharArray::of(0xD83A, 0xDD33, 0xD83A, 0xDD2E, 0xD83A, 0xDD24, 0xD83A, 0xDD2C, 0xD83A, 0xDD2E, 0x20, 0xD83A, 0xDD24, 0xD83A, 0xDD2B, 0xD83A, 0xDD25, 0xD83A, 0xDD30, 0xD83A, 0xDD22, 0xD83A, 0xDD44, 0xD83A, 0xDD2A, 0xD83A, 0xDD2D, 0x20, 0xD83A, 0xDD1A, 0xD83A, 0xDD2D, 0xD83A, 0xDD24, 0x2E));
				case 186: return String(CharArray::of(0xD83A, 0xDD23, 0xD83A, 0xDD2D, 0xD83A, 0xDD2A, 0xD83A, 0xDD38, 0xD83A, 0xDD22, 0xD83A, 0xDD25, 0xD83A, 0xDD35));
				case 193: return String(CharArray::of(0xD83A, 0xDD36, 0xD83A, 0xDD2D, 0xD83A, 0xDD3A, 0xD83A, 0xDD46, 0xD83A, 0xDD2B));
				case 204: return String(CharArray::of(0xD83A, 0xDD33, 0xD83A, 0xDD2E, 0xD83A, 0xDD2A, 0xD83A, 0xDD3C, 0xD83A, 0xDD35, 0x20, 0xD83A, 0xDD1A, 0xD83A, 0xDD2D, 0xD83A, 0xDD24, 0xD83A, 0xDD27, 0xD83A, 0xDD35));
            default: break;
            }
            return String();
        }
        
        String Ff_Adlm::displayShortUnit(gint unit, gint count) const {
            switch(unit) { 
				case 0: return String(CharArray::of(0xD83A, 0xDD3B, 0x2D, 0xD83A, 0xDD37, 0xD83A, 0xDD2B, 0xD83A, 0xDD25, 0xD83A, 0xDD26, 0xD83A, 0xDD2B));
				case 1: return String(CharArray::of(0xD83A, 0xDD25, 0xD83A, 0xDD2B, 0xD83A, 0xDD45, 0xD83A, 0xDD3C, 0xD83A, 0xDD2D, 0x2F, 0xD83A, 0xDD33, 0xD83A, 0xDD2D, 0xD83A, 0xDD32, 0xD83A, 0xDD52));
				case 6: return String(CharArray::of(0xD83A, 0xDD31, 0xD83A, 0xDD2D, 0xD83A, 0xDD23));
				case 5: return String(CharArray::of(0xD83A, 0xDD2A, 0xD83A, 0xDD22, 0xD83A, 0xDD23, 0xD83A, 0xDD2D, 0xD83A, 0xDD34, 0xD83A, 0xDD22, 0xD83A, 0xDD32, 0xD83A, 0xDD36, 0xD83A, 0xDD2D));
				case 4: return String(CharArray::of(0xD83A, 0xDD36, 0xD83A, 0xDD2B, 0xD83A, 0xDD29, 0xD83A, 0xDD2B));
				case 2: return String(CharArray::of(0xD83A, 0xDD38, 0xD83A, 0xDD2E, 0xD83A, 0xDD36, 0xD83A, 0xDD24, 0xD83A, 0xDD22, 0xD83A, 0xDD44, 0xD83A, 0xDD3B, 0xD83A, 0xDD2B));
				case 3: return String(CharArray::of(0xD83A, 0xDD33, 0xD83A, 0xDD2D, 0xD83A, 0xDD32, 0xD83A, 0xDD24, 0xD83A, 0xDD22, 0xD83A, 0xDD44, 0xD83A, 0xDD3B, 0xD83A, 0xDD2B));
				case 16: return String(CharArray::of(0xD83A, 0xDD33, 0xD83A, 0xDD25, 0xD83A, 0xDD52));
				case 11: return String(CharArray::of(0xD83A, 0xDD38, 0xD83A, 0xDD2B, 0xD83A, 0xDD33, 0xD83A, 0xDD3C, 0xD83A, 0xDD22, 0xD83A, 0xDD2A, 0xD83A, 0xDD2F, 0xD83A, 0xDD2B));
				case 17: return String(CharArray::of(0xD83A, 0xDD25, 0xD83A, 0xDD2B, 0xD83A, 0xDD45, 0xD83A, 0xDD3C, 0xD83A, 0xDD2D, 0xD83A, 0xDD52));
				case 13: return String(CharArray::of(0xD83A, 0xDD27, 0xD83A, 0xDD25, 0xD83A, 0xDD52));
				case 18: return String(CharArray::of(0xD83A, 0xDD23, 0xD83A, 0xDD3A, 0x20, 0xD83A, 0xDD25, 0xD83A, 0xDD22, 0xD83A, 0xDD34, 0xD83A, 0xDD24, 0xD83A, 0xDD2D));
				case 7: return String(CharArray::of(0xD83A, 0xDD3A, 0xD83A, 0xDD22, 0xD83A, 0xDD2A, 0xD83A, 0xDD33, 0xD83A, 0xDD2D));
				case 19: return String(CharArray::of(0xD83A, 0xDD27, 0xD83A, 0xDD2E, 0xD83A, 0xDD3A, 0xD83A, 0xDD2E, 0xD83A, 0xDD32, 0xD83A, 0xDD2B, 0xD83A, 0xDD52));
				case 14: return String(CharArray::of(0xD83A, 0xDD23, 0xD83A, 0xDD3A, 0x20, 0xD83A, 0xDD3C, 0xD83A, 0xDD2B, 0xD83A, 0xDD28, 0xD83A, 0xDD46, 0xD83A, 0xDD2D));
				case 15: return String(CharArray::of(0xD83A, 0xDD32, 0xD83A, 0xDD3A, 0xD83A, 0xDD2E, 0xD83A, 0xDD2A, 0xD83A, 0xDD30, 0xD83A, 0xDD2D, 0xD83A, 0xDD52));
				case 10: return String(CharArray::of(0xD83A, 0xDD23, 0xD83A, 0xDD35, 0xD83A, 0xDD45, 0xD83A, 0xDD32, 0xD83A, 0xDD22, 0xD83A, 0xDD25, 0xD83A, 0xDD2D));
				case 21: return String(CharArray::of(0xD83A, 0xDD33, 0xD83A, 0xDD22, 0xD83A, 0xDD2A, 0xD83A, 0xDD3C, 0xD83A, 0xDD2D));
				case 22: return String(CharArray::of(0xD83A, 0xDD25, 0xD83A, 0xDD3A, 0x2F, 0xD83A, 0xDD23, 0xD83A, 0xDD24));
				case 23: return String(CharArray::of(0xD83A, 0xDD25, 0xD83A, 0xDD2D, 0xD83A, 0xDD24, 0xD83A, 0xDD2D, 0xD83A, 0xDD25, 0xD83A, 0xDD2E, 0xD83A, 0xDD24, 0x2F, 0xD83A, 0xDD24, 0xD83A, 0xDD2D, 0xD83A, 0xDD45, 0xD83A, 0xDD3C, 0xD83A, 0xDD35));
				case 20: return String(CharArray::of(0xD83A, 0xDD28, 0xD83A, 0xDD2D, 0xD83A, 0xDD2A, 0xD83A, 0xDD30, 0xD83A, 0xDD35));
				case 27: return String(CharArray::of(0xD83A, 0xDD3A, 0xD83A, 0xDD2B, 0xD83A, 0xDD29, 0xD83A, 0xDD2B, 0x2F, 0xD83A, 0xDD23, 0xD83A, 0xDD35, 0xD83A, 0xDD26, 0xD83A, 0xDD35, 0xD83A, 0xDD45, 0xD83A, 0xDD2A, 0xD83A, 0xDD2B));
				case 25: return String(CharArray::of(0xD83A, 0xDD33, 0xD83A, 0xDD22, 0xD83A, 0xDD24, 0xD83A, 0xDD3C, 0xD83A, 0xDD2B, 0xD83A, 0xDD45, 0xD83A, 0xDD25, 0xD83A, 0xDD35));
				case 26: return String(CharArray::of(0xD83A, 0xDD33, 0xD83A, 0xDD22, 0xD83A, 0xDD24, 0xD83A, 0xDD3A, 0xD83A, 0xDD35, 0xD83A, 0xDD24, 0xD83A, 0xDD36, 0xD83A, 0xDD35));
				case 28: return String(CharArray::of(0xD83A, 0xDD33, 0xD83A, 0xDD22, 0xD83A, 0xDD24, 0xD83A, 0xDD32, 0xD83A, 0xDD3A, 0xD83A, 0xDD35, 0xD83A, 0xDD24, 0xD83A, 0xDD27, 0xD83A, 0xDD22, 0xD83A, 0xDD28, 0xD83A, 0xDD46, 0xD83A, 0xDD2E));
				case 24: return String(CharArray::of(0xD83A, 0xDD25, 0xD83A, 0xDD2E, 0xD83A, 0xDD24, 0xD83A, 0xDD30, 0xD83A, 0xDD35));
				case 31: return String(CharArray::of(0xD83A, 0xDD24, 0xD83A, 0xDD2D, 0xD83A, 0xDD45, 0xD83A, 0xDD3C, 0xD83A, 0xDD2D, 0x2F, 0xD83A, 0xDD33, 0xD83A, 0xDD25));
				case 30: return String(CharArray::of(0xD83A, 0xDD24, 0x2F, 0xD83A, 0xDD51, 0xD83A, 0xDD50, 0xD83A, 0xDD50, 0x20, 0xD83A, 0xDD33, 0xD83A, 0xDD25));
				case 32: return String(CharArray::of(0xD83A, 0xDD25, 0xD83A, 0xDD22, 0xD83A, 0xDD34, 0xD83A, 0xDD24, 0xD83A, 0xDD2D, 0x2F, 0xD83A, 0xDD3A, 0xD83A, 0xDD22, 0xD83A, 0xDD24));
				case 33: return String(CharArray::of(0xD83A, 0xDD25, 0xD83A, 0xDD22, 0xD83A, 0xDD34, 0xD83A, 0xDD24, 0xD83A, 0xDD2D, 0x2F, 0xD83A, 0xDD3A, 0xD83A, 0xDD22, 0xD83A, 0xDD24, 0x20, 0xD83A, 0xDD3C, 0xD83A, 0xDD2D, 0xD83A, 0xDD24, 0x2E));
				case 42: return String(CharArray::of(0xD83A, 0xDD06, 0xD83A, 0xDD14, 0xD83A, 0xDD2B, 0xD83A, 0xDD45, 0xD83A, 0xDD3C, 0xD83A, 0xDD46, 0xD83A, 0xDD35));
				case 44: return String(CharArray::of(0xD83A, 0xDD1A, 0xD83A, 0xDD14, 0xD83A, 0xDD2B, 0xD83A, 0xDD45, 0xD83A, 0xDD3C, 0xD83A, 0xDD46, 0xD83A, 0xDD35));
				case 43: return String(CharArray::of(0xD83A, 0xDD1A, 0xD83A, 0xDD26, 0xD83A, 0xDD2D, 0xD83A, 0xDD45, 0xD83A, 0xDD3C, 0xD83A, 0xDD46, 0xD83A, 0xDD2D));
				case 37: return String(CharArray::of(0xD83A, 0xDD18, 0xD83A, 0xDD14, 0xD83A, 0xDD2B, 0xD83A, 0xDD45, 0xD83A, 0xDD3C, 0xD83A, 0xDD46, 0xD83A, 0xDD35));
				case 36: return String(CharArray::of(0xD83A, 0xDD18, 0xD83A, 0xDD26, 0xD83A, 0xDD2D, 0xD83A, 0xDD45, 0xD83A, 0xDD3C, 0xD83A, 0xDD46, 0xD83A, 0xDD35));
				case 41: return String(CharArray::of(0xD83A, 0xDD03, 0xD83A, 0xDD14, 0xD83A, 0xDD2B, 0xD83A, 0xDD45, 0xD83A, 0xDD3C, 0xD83A, 0xDD46, 0xD83A, 0xDD35));
				case 40: return String(CharArray::of(0xD83A, 0xDD03, 0xD83A, 0xDD26, 0xD83A, 0xDD2D, 0xD83A, 0xDD45, 0xD83A, 0xDD3C, 0xD83A, 0xDD46, 0xD83A, 0xDD35));
				case 39: return String(CharArray::of(0xD83A, 0xDD33, 0xD83A, 0xDD14, 0xD83A, 0xDD2B, 0xD83A, 0xDD45, 0xD83A, 0xDD3C, 0xD83A, 0xDD46, 0xD83A, 0xDD35));
				case 38: return String(CharArray::of(0xD83A, 0xDD33, 0xD83A, 0xDD26, 0xD83A, 0xDD2D, 0xD83A, 0xDD45, 0xD83A, 0xDD3C, 0xD83A, 0xDD46, 0xD83A, 0xDD35));
				case 35: return String(CharArray::of(0xD83A, 0xDD36, 0xD83A, 0xDD2B, 0xD83A, 0xDD45, 0xD83A, 0xDD3C, 0xD83A, 0xDD46, 0xD83A, 0xDD35));
				case 34: return String(CharArray::of(0xD83A, 0xDD26, 0xD83A, 0xDD2D, 0xD83A, 0xDD45, 0xD83A, 0xDD3C, 0xD83A, 0xDD46, 0xD83A, 0xDD35));
				case 45: return String(CharArray::of(0xD83A, 0xDD3C));
				case 48: return String(CharArray::of(0xD83A, 0xDD3C, 0xD83A, 0xDD2D, 0xD83A, 0xDD36));
				case 61: return String(CharArray::of(0xD83A, 0xDD33, 0xD83A, 0xDD2D, 0xD83A, 0xDD3C, 0xD83A, 0xDD22, 0xD83A, 0xDD44, 0xD83A, 0xDD2F, 0xD83A, 0xDD2B));
				case 57: return String(CharArray::of(0xD83A, 0xDD32, 0xD83A, 0xDD24, 0xD83A, 0xDD26));
				case 53: return String(CharArray::of(0xD83A, 0xDD24, 0xD83A, 0xDD2B, 0xD83A, 0xDD26, 0xD83A, 0xDD46, 0xD83A, 0xDD2D));
				case 59: return String(CharArray::of(0xD83A, 0xDD36, 0xD83A, 0xDD3C));
				case 46: return String(CharArray::of(0xD83A, 0xDD3B, 0xD83A, 0xDD22, 0xD83A, 0xDD24, 0x2E));
				case 49: return String(CharArray::of(0xD83A, 0xDD32, 0xD83A, 0xDD36, 0xD83A, 0xDD22, 0xD83A, 0xDD25, 0xD83A, 0xDD24, 0xD83A, 0xDD2D));
				case 52: return String(CharArray::of(0xD83A, 0xDD38, 0xD83A, 0xDD2E, 0xD83A, 0xDD36));
				case 58: return String(CharArray::of(0xD83A, 0xDD33, 0xD83A, 0xDD2D, 0xD83A, 0xDD32));
				case 51: return String(CharArray::of(0xD83A, 0xDD25, 0xD83A, 0xDD2D, 0xD83A, 0xDD24, 0xD83A, 0xDD2D, 0xD83A, 0xDD33, 0xD83A, 0xDD2D, 0xD83A, 0xDD32));
				case 50: return String(CharArray::of(0xD83A, 0xDD3B, 0xD83A, 0xDD33, 0xD83A, 0xDD2D, 0xD83A, 0xDD32));
				case 55: return String(CharArray::of(0xD83A, 0xDD32, 0xD83A, 0xDD22, 0xD83A, 0xDD32, 0xD83A, 0xDD2E, 0xD83A, 0xDD45, 0xD83A, 0xDD33, 0xD83A, 0xDD2D, 0xD83A, 0xDD32));
				case 63: return String(CharArray::of(0xD83A, 0xDD22, 0xD83A, 0xDD25, 0xD83A, 0xDD28, 0xD83A, 0xDD2B, 0xD83A, 0xDD2A, 0xD83A, 0xDD36, 0xD83A, 0xDD2D));
				case 64: return String(CharArray::of(0xD83A, 0xDD25, 0xD83A, 0xDD2D, 0xD83A, 0xDD24, 0xD83A, 0xDD2D, 0xD83A, 0xDD22, 0xD83A, 0xDD25, 0xD83A, 0xDD28));
				case 65: return String(CharArray::of(0xD83A, 0xDD2E, 0xD83A, 0xDD38, 0xD83A, 0xDD25, 0xD83A, 0xDD35, 0xD83A, 0xDD45, 0xD83A, 0xDD36, 0xD83A, 0xDD2D));
				case 66: return String(CharArray::of(0xD83A, 0xDD3E, 0xD83A, 0xDD2E, 0xD83A, 0xDD24, 0xD83A, 0xDD3C, 0xD83A, 0xDD35, 0xD83A, 0xDD45, 0xD83A, 0xDD36, 0xD83A, 0xDD2D));
				case 72: return String(CharArray::of(0xD83A, 0xDD33, 0xD83A, 0xDD3A, 0xD83A, 0xDD35, 0xD83A, 0xDD24));
				case 68: return String(CharArray::of(0xD83A, 0xDD3A, 0xD83A, 0xDD35, 0xD83A, 0xDD24));
				case 70: return String(CharArray::of(0xD83A, 0xDD18, 0xD83A, 0xDD35, 0xD83A, 0xDD24));
				case 73: return String(CharArray::of(0xD83A, 0xDD33, 0xD83A, 0xDD2D, 0xD83A, 0xDD24, 0xD83A, 0xDD2E, 0xD83A, 0xDD41, 0xD83A, 0xDD35, 0xD83A, 0xDD45, 0xD83A, 0xDD24, 0xD83A, 0xDD31, 0xD83A, 0xDD35));
				case 71: return String(CharArray::of(0xD83A, 0xDD41, 0xD83A, 0xDD35, 0xD83A, 0xDD45, 0xD83A, 0xDD24, 0xD83A, 0xDD36, 0xD83A, 0xDD2D));
				case 74: return String(CharArray::of(0xD83A, 0xDD33, 0xD83A, 0xDD0F, 0x2D, 0xD83A, 0xDD32, 0xD83A, 0xDD36, 0xD83A, 0xDD22, 0xD83A, 0xDD25, 0xD83A, 0xDD32, 0xD83A, 0xDD23, 0xD83A, 0xDD2D));
				case 69: return String(CharArray::of(0xD83A, 0xDD2B, 0xD83A, 0xDD24, 0xD83A, 0xDD2B, 0xD83A, 0xDD33, 0xD83A, 0xDD3C, 0xD83A, 0xDD2E, 0xD83A, 0xDD3E, 0xD83A, 0xDD2E, 0xD83A, 0xDD24, 0xD83A, 0xDD3C, 0xD83A, 0xDD35));
				case 67: return String(CharArray::of(0xD83A, 0xDD11, 0xD83A, 0xDD18, 0xD83A, 0xDD04));
				case 75: return String(CharArray::of(0xD83A, 0xDD32, 0xD83A, 0xDD3A, 0xD83A, 0xDD35, 0xD83A, 0xDD24, 0xD83A, 0xDD23, 0xD83A, 0xDD2D, 0xD83A, 0xDD32, 0xD83A, 0xDD33, 0xD83A, 0xDD2E, 0x20, 0xD83A, 0xDD01, 0xD83A, 0xDD00));
				case 78: return String(CharArray::of(0xD83A, 0xDD3A, 0xD83A, 0xDD22, 0xD83A, 0xDD2A, 0xD83A, 0xDD24, 0xD83A, 0xDD2D, 0x2D, 0xD83A, 0xDD37, 0xD83A, 0xDD2B, 0xD83A, 0xDD25, 0xD83A, 0xDD26, 0xD83A, 0xDD2B));
				case 77: return String(CharArray::of(0xD83A, 0xDD32, 0xD83A, 0xDD2B, 0xD83A, 0xDD31, 0xD83A, 0xDD3C, 0xD83A, 0xDD2E, 0xD83A, 0xDD32));
				case 76: return String(CharArray::of(0xD83A, 0xDD33, 0xD83A, 0xDD0F, 0xD83A, 0xDD36, 0x2F, 0xD83A, 0xDD51, 0xD83A, 0xDD50, 0xD83A, 0xDD50, 0xD83A, 0xDD33, 0xD83A, 0xDD25));
				case 79: return String(CharArray::of(0xD83A, 0xDD18, 0xD83A, 0xDD16, 0xD83A, 0xDD2A));
				case 82: return String(CharArray::of(0xD83A, 0xDD03, 0xD83A, 0xDD16, 0xD83A, 0xDD2A));
				case 81: return String(CharArray::of(0xD83A, 0xDD33, 0xD83A, 0xDD16, 0xD83A, 0xDD2A));
				case 80: return String(CharArray::of(0xD83A, 0xDD16, 0xD83A, 0xDD2A));
				case 86: return String(CharArray::of(0xD83A, 0xDD2D, 0xD83A, 0xDD25, 0xD83A, 0xDD35));
				case 88: return String(CharArray::of(0xD83A, 0xDD28, 0xD83A, 0xDD2D, 0xD83A, 0xDD33, 0xD83A, 0xDD37, 0xD83A, 0xDD2D));
				case 87: return String(CharArray::of(0xD83A, 0xDD25, 0xD83A, 0xDD2B, 0xD83A, 0xDD3A, 0xD83A, 0xDD22, 0xD83A, 0xDD28, 0xD83A, 0xDD2D, 0xD83A, 0xDD33, 0xD83A, 0xDD37, 0xD83A, 0xDD2D));
				case 89: return String(CharArray::of(0xD83A, 0xDD28, 0xD83A, 0xDD33, 0xD83A, 0xDD23, 0xD83A, 0xDD27, 0xD83A, 0xDD25));
				case 90: return String(CharArray::of(0xD83A, 0xDD28, 0xD83A, 0xDD33, 0xD83A, 0xDD23, 0xD83A, 0xDD3A, 0xD83A, 0xDD30));
				case 84: return String(CharArray::of(0xD83A, 0xDD3C, 0xD83A, 0xDD29, 0xD83A, 0xDD27, 0xD83A, 0xDD25));
				case 85: return String(CharArray::of(0xD83A, 0xDD3C, 0xD83A, 0xDD29, 0xD83A, 0xDD3A, 0xD83A, 0xDD30));
				case 94: return String(CharArray::of(0xD83A, 0xDD02, 0x2295));
				case 101: return String(CharArray::of(0xD83A, 0xDD33, 0xD83A, 0xDD25));
				case 103: return String(CharArray::of(0xD83A, 0xDD25));
				case 93: return String(CharArray::of(0xD83A, 0xDD23, 0xD83A, 0xDD25));
				case 92: return String(CharArray::of(0xD83A, 0xDD27, 0xD83A, 0xDD25));
				case 107: return String(CharArray::of(0xD83A, 0xDD25, 0xD83A, 0xDD25));
				case 104: return String(CharArray::of(0xD83A, 0xDD3B, 0xD83A, 0xDD25, 0xD83A, 0xDD2B, 0xD83A, 0xDD45, 0xD83A, 0xDD3C, 0xD83A, 0xDD2D));
				case 108: return String(CharArray::of(0xD83A, 0xDD32, 0xD83A, 0xDD25));
				case 111: return String(CharArray::of(0xD83A, 0xDD28, 0xD83A, 0xDD25));
				case 105: return String(CharArray::of(0xD83A, 0xDD25, 0xD83A, 0xDD22));
				case 119: return String(CharArray::of(0xD83A, 0xDD27, 0xD83A, 0xDD2E, 0xD83A, 0xDD3A, 0xD83A, 0xDD2E, 0xD83A, 0xDD32, 0xD83A, 0xDD2B));
				case 96: return String(CharArray::of(0xD83A, 0xDD3C, 0xD83A, 0xDD2B, 0xD83A, 0xDD28, 0xD83A, 0xDD46, 0xD83A, 0xDD2D));
				case 98: return String(CharArray::of(0xD83A, 0xDD32, 0xD83A, 0xDD3A, 0xD83A, 0xDD2E, 0xD83A, 0xDD2A, 0xD83A, 0xDD30, 0xD83A, 0xDD2D));
				case 110: return String(CharArray::of(0xD83A, 0xDD28, 0xD83A, 0xDD27));
				case 102: return String(CharArray::of(0xD83A, 0xDD33, 0xD83A, 0xDD2D, 0xD83A, 0xDD3C, 0x20, 0xD83A, 0xDD32, 0xD83A, 0xDD23, 0xD83A, 0xDD22, 0xD83A, 0xDD34, 0xD83A, 0xDD32, 0xD83A, 0xDD3A, 0xD83A, 0xDD35));
				case 91: return String(CharArray::of(0xD83A, 0xDD33, 0xD83A, 0xDD35));
				case 97: return String(CharArray::of(0xD83A, 0xDD2C, 0xD83A, 0xDD35, 0xD83A, 0xDD2A, 0xD83A, 0xDD24, 0xD83A, 0xDD2E, 0xD83A, 0xDD32, 0xD83A, 0xDD3A, 0xD83A, 0xDD2D));
				case 95: return String(CharArray::of(0xD83A, 0xDD36, 0xD83A, 0xDD2E, 0xD83A, 0xDD24, 0xD83A, 0xDD46, 0xD83A, 0xDD22, 0xD83A, 0xDD32, 0xD83A, 0xDD2F, 0xD83A, 0xDD2B));
				case 109: return String(CharArray::of(0xD83A, 0xDD25, 0xD83A, 0xDD22, 0xD83A, 0xDD25));
				case 106: return String(CharArray::of(0xD83A, 0xDD25, 0xD83A, 0xDD22, 0xD83A, 0xDD27));
				case 112: return String(CharArray::of(0xD83A, 0xDD36, 0xD83A, 0xDD23));
				case 117: return String(CharArray::of(0xD83A, 0xDD24, 0xD83A, 0xDD22, 0xD83A, 0xDD44, 0xD83A, 0xDD27, 0xD83A, 0xDD2E, 0xD83A, 0xDD24, 0x20, 0xD83A, 0xDD32, 0xD83A, 0xDD22, 0xD83A, 0xDD44, 0xD83A, 0xDD32, 0xD83A, 0xDD3A, 0xD83A, 0xDD2B, 0xD83A, 0xDD34, 0xD83A, 0xDD22, 0xD83A, 0xDD32, 0xD83A, 0xDD33, 0xD83A, 0xDD2E));
				case 122: return String(CharArray::of(0xD83A, 0xDD24, 0xD83A, 0xDD35, 0xD83A, 0xDD33, 0xD83A, 0xDD27, 0xD83A, 0xDD35));
				case 120: return String(CharArray::of(0xD83A, 0xDD36, 0xD83A, 0xDD24));
				case 121: return String(CharArray::of(0xD83A, 0xDD32, 0xD83A, 0xDD2A));
				case 123: return String(CharArray::of(0xD83A, 0xDD32, 0xD83A, 0xDD23, 0xD83A, 0xDD22, 0xD83A, 0xDD34, 0xD83A, 0xDD32, 0xD83A, 0xDD3A, 0xD83A, 0xDD35, 0xD83A, 0xDD45, 0xD83A, 0xDD36, 0xD83A, 0xDD2D, 0x20, 0xD83A, 0xDD32, 0xD83A, 0xDD22, 0xD83A, 0xDD44, 0xD83A, 0xDD3A, 0xD83A, 0xDD2B, 0xD83A, 0xDD34, 0xD83A, 0xDD22, 0xD83A, 0xDD32, 0xD83A, 0xDD33, 0xD83A, 0xDD2E));
				case 139: return String(CharArray::of(0xD83A, 0xDD3C));
				case 130: return String(CharArray::of(0xD83A, 0xDD33, 0xD83A, 0xDD3A));
				case 129: return String(CharArray::of(0xD83A, 0xDD3A, 0xD83A, 0xDD22, 0xD83A, 0xDD2A, 0xD83A, 0xDD2C, 0xD83A, 0xDD2D));
				case 132: return String(CharArray::of(0xD83A, 0xDD25, 0xD83A, 0xDD3A));
				case 131: return String(CharArray::of(0xD83A, 0xDD3B, 0xD83A, 0xDD3A));
				case 138: return String(CharArray::of(0xD83A, 0xDD3C, 0xD83A, 0xDD2E, 0xD83A, 0xDD45, 0xD83A, 0xDD32, 0xD83A, 0xDD2D));
				case 137: return String(CharArray::of(0xD83A, 0xDD27, 0xD83A, 0xDD2D, 0xD83A, 0xDD3C, 0xD83A, 0xDD2E, 0xD83A, 0xDD32, 0xD83A, 0xDD36, 0xD83A, 0xDD2B));
				case 135: return String(CharArray::of(0xD83A, 0xDD3A, 0xD83A, 0xDD22, 0xD83A, 0xDD2A, 0xD83A, 0xDD24, 0xD83A, 0xDD2D));
				case 133: return String(CharArray::of(0xD83A, 0xDD31, 0xD83A, 0xDD3A));
				case 134: return String(CharArray::of(0xD83A, 0xDD31, 0xD83A, 0xDD3A, 0x20, 0xD83A, 0xDD25, 0xD83A, 0xDD2B, 0xD83A, 0xDD32, 0xD83A, 0xDD33, 0xD83A, 0xDD2B, 0xD83A, 0xDD24, 0xD83A, 0xDD23, 0xD83A, 0xDD2B));
				case 124: return String(CharArray::of(0xD83A, 0xDD33, 0xD83A, 0xDD2D, 0xD83A, 0xDD2A, 0xD83A, 0xDD2D, 0xD83A, 0xDD2A, 0xD83A, 0xDD3C, 0xD83A, 0xDD2D));
				case 125: return String(CharArray::of(0xD83A, 0xDD23, 0xD83A, 0xDD22, 0xD83A, 0xDD24, 0xD83A, 0xDD3C, 0xD83A, 0xDD2E, 0xD83A, 0xDD45, 0xD83A, 0xDD32, 0xD83A, 0xDD2D));
				case 126: return String(CharArray::of(0xD83A, 0xDD32, 0xD83A, 0xDD2D, 0xD83A, 0xDD45, 0xD83A, 0xDD27, 0xD83A, 0xDD35, 0xD83A, 0xDD45, 0xD83A, 0xDD36, 0xD83A, 0xDD2D, 0x20, 0xD83A, 0xDD24, 0xD83A, 0xDD2B, 0xD83A, 0xDD34, 0xD83A, 0xDD23, 0xD83A, 0xDD2D, 0x20, 0xD83A, 0xDD32, 0xD83A, 0xDD23, 0xD83A, 0xDD2D, 0xD83A, 0xDD32));
				case 136: return String(CharArray::of(0xD83A, 0xDD32, 0xD83A, 0xDD2D, 0xD83A, 0xDD45, 0xD83A, 0xDD27, 0xD83A, 0xDD35, 0xD83A, 0xDD45, 0xD83A, 0xDD36, 0xD83A, 0xDD2D, 0x20, 0xD83A, 0xDD32, 0xD83A, 0xDD22, 0xD83A, 0xDD44, 0xD83A, 0xDD32, 0xD83A, 0xDD3A, 0xD83A, 0xDD2B));
				case 128: return String(CharArray::of(0xD83A, 0xDD3A, 0xD83A, 0xDD22, 0xD83A, 0xDD30, 0xD83A, 0xDD46, 0xD83A, 0xDD2B));
				case 140: return String(CharArray::of(0xD83A, 0xDD18, 0xD83A, 0xDD0F));
				case 143: return String(CharArray::of(0xD83A, 0xDD03, 0xD83A, 0xDD0F));
				case 142: return String(CharArray::of(0xD83A, 0xDD33, 0xD83A, 0xDD0F));
				case 145: return String(CharArray::of(0xD83A, 0xDD31, 0xD83A, 0xDD22, 0xD83A, 0xDD44, 0xD83A, 0xDD3C, 0xD83A, 0xDD2D));
				case 144: return String(CharArray::of(0xD83A, 0xDD25, 0xD83A, 0xDD0F));
				case 141: return String(CharArray::of(0xD83A, 0xDD37, 0xD83A, 0xDD28));
				case 154: return String(CharArray::of(0xD83A, 0xDD25, 0xD83A, 0xDD25, 0xD83A, 0xDD16, 0xD83A, 0xDD3A));
				case 156: return String(CharArray::of(0xD83A, 0xDD3A, 0xD83A, 0xDD23, 0xD83A, 0xDD3A, 0xD83A, 0xDD2E));
				case 150: return String(CharArray::of(0xD83A, 0xDD3A, 0xD83A, 0xDD2E, 0xD83A, 0xDD16, 0xD83A, 0xDD3A));
				case 147: return String(CharArray::of(0xD83A, 0xDD26, 0xD83A, 0xDD22, 0xD83A, 0xDD2A, 0xD83A, 0xDD24, 0xD83A, 0xDD35));
				case 153: return String(CharArray::of(0xD83A, 0xDD25, 0xD83A, 0xDD26, 0xD83A, 0xDD22, 0xD83A, 0xDD2A));
				case 146: return String(CharArray::of(0xD83A, 0xDD26, 0xD83A, 0xDD2B, 0xD83A, 0xDD27));
				case 155: return String(CharArray::of(0xD83A, 0xDD06, 0xD83A, 0xDD22));
				case 149: return String(CharArray::of(0xD83A, 0xDD38, 0xD83A, 0xDD06, 0xD83A, 0xDD22));
				case 151: return String(CharArray::of(0xD83A, 0xDD33, 0xD83A, 0xDD06, 0xD83A, 0xDD22));
				case 152: return String(CharArray::of(0xD83A, 0xDD03, 0xD83A, 0xDD06, 0xD83A, 0xDD22));
				case 158: return String(CharArray::of(0xD83A, 0xDD33, 0xD83A, 0xDD25, 0x2F, 0xD83A, 0xDD32, 0xD83A, 0xDD36, 0xD83A, 0xDD22, 0xD83A, 0xDD25, 0xD83A, 0xDD23, 0xD83A, 0xDD2D));
				case 161: return String(CharArray::of(0xD83A, 0xDD25, 0xD83A, 0xDD2B, 0xD83A, 0xDD45, 0xD83A, 0xDD3C, 0xD83A, 0xDD2D, 0x2F, 0xD83A, 0xDD33, 0xD83A, 0xDD2D, 0xD83A, 0xDD32));
				case 162: return String(CharArray::of(0xD83A, 0xDD25, 0xD83A, 0xDD22, 0xD83A, 0xDD34, 0xD83A, 0xDD24, 0xD83A, 0xDD2D, 0x2F, 0xD83A, 0xDD32, 0xD83A, 0xDD36, 0xD83A, 0xDD22, 0xD83A, 0xDD25, 0xD83A, 0xDD32, 0xD83A, 0xDD23, 0xD83A, 0xDD2D));
				case 159: return String(CharArray::of(0xD83A, 0xDD28, 0xD83A, 0xDD29));
				case 163: return String(CharArray::of(0xD83A, 0xDD36, 0xD83A, 0xDD2B, 0xD83A, 0xDD29, 0x2E, 0x20, 0xD83A, 0xDD05));
				case 164: return String(CharArray::of(0xD83A, 0xDD36, 0xD83A, 0xDD2B, 0xD83A, 0xDD29, 0x2E, 0x20, 0xD83A, 0xDD0A));
				case 166: return String(CharArray::of(0xD83A, 0xDD11));
				case 168: return String(CharArray::of(0xD83A, 0xDD3A, 0xD83A, 0xDD24, 0xD83A, 0xDD37, 0x2E, 0xD83A, 0xDD3C, 0xD83A, 0xDD28));
				case 167: return String(CharArray::of(0xD83A, 0xDD10, 0x2E, 0xD83A, 0xDD25));
				case 176: return String(CharArray::of(0xD83A, 0xDD33, 0xD83A, 0xDD25, 0xD83A, 0xDD53));
				case 177: return String(CharArray::of(0xD83A, 0xDD25, 0xD83A, 0xDD53));
				case 173: return String(CharArray::of(0xD83A, 0xDD27, 0xD83A, 0xDD25, 0xD83A, 0xDD53));
				case 178: return String(CharArray::of(0xD83A, 0xDD25, 0xD83A, 0xDD22, 0xD83A, 0xDD53));
				case 179: return String(CharArray::of(0xD83A, 0xDD27, 0xD83A, 0xDD2E, 0xD83A, 0xDD3A, 0xD83A, 0xDD2E, 0xD83A, 0xDD32, 0xD83A, 0xDD2B, 0xD83A, 0xDD53));
				case 174: return String(CharArray::of(0xD83A, 0xDD3C, 0xD83A, 0xDD2B, 0xD83A, 0xDD28, 0xD83A, 0xDD46, 0xD83A, 0xDD2D, 0xD83A, 0xDD53));
				case 175: return String(CharArray::of(0xD83A, 0xDD32, 0xD83A, 0xDD3A, 0xD83A, 0xDD2E, 0xD83A, 0xDD2A, 0xD83A, 0xDD30, 0xD83A, 0xDD2D, 0xD83A, 0xDD53));
				case 197: return String(CharArray::of(0xD83A, 0xDD03, 0xD83A, 0xDD24));
				case 192: return String(CharArray::of(0xD83A, 0xDD38, 0xD83A, 0xDD24));
				case 196: return String(CharArray::of(0xD83A, 0xDD24, 0xD83A, 0xDD2D, 0xD83A, 0xDD45, 0xD83A, 0xDD3C, 0xD83A, 0xDD2D));
				case 183: return String(CharArray::of(0xD83A, 0xDD23, 0xD83A, 0xDD24));
				case 172: return String(CharArray::of(0xD83A, 0xDD27, 0xD83A, 0xDD24));
				case 198: return String(CharArray::of(0xD83A, 0xDD25, 0xD83A, 0xDD24));
				case 202: return String(CharArray::of(0xD83A, 0xDD28, 0xD83A, 0xDD3C, 0xD83A, 0xDD25));
				case 182: return String(CharArray::of(0xD83A, 0xDD33, 0xD83A, 0xDD2E, 0xD83A, 0xDD2A, 0xD83A, 0xDD25));
				case 169: return String(CharArray::of(0xD83A, 0xDD3A, 0xD83A, 0xDD22, 0xD83A, 0xDD2A, 0xD83A, 0xDD33, 0xD83A, 0xDD35, 0x20, 0xD83A, 0xDD3C, 0xD83A, 0xDD28));
				case 171: return String(CharArray::of(0xD83A, 0xDD25, 0xD83A, 0xDD22, 0xD83A, 0xDD24, 0xD83A, 0xDD3C, 0xD83A, 0xDD2D));
				case 190: return String(CharArray::of(0xD83A, 0xDD3A, 0xD83A, 0xDD22, 0xD83A, 0xDD24));
				case 191: return String(CharArray::of(0xD83A, 0xDD3A, 0xD83A, 0xDD22, 0xD83A, 0xDD24, 0x20, 0xD83A, 0xDD1A, 0xD83A, 0xDD2D, 0xD83A, 0xDD24, 0x2E));
				case 203: return String(CharArray::of(0xD83A, 0xDD33, 0xD83A, 0xDD3C, 0xD83A, 0xDD2D));
				case 201: return String(CharArray::of(0xD83A, 0xDD28, 0xD83A, 0xDD2D, 0xD83A, 0xDD32, 0xD83A, 0xDD3C, 0xD83A, 0xDD2D));
				case 180: return String(CharArray::of(0xD83A, 0xDD33, 0xD83A, 0xDD2E, 0xD83A, 0xDD2A, 0xD83A, 0xDD32, 0xD83A, 0xDD23, 0xD83A, 0xDD2E, 0xD83A, 0xDD45, 0xD83A, 0xDD24, 0xD83A, 0xDD2B));
				case 188: return String(CharArray::of(0xD83A, 0xDD31, 0xD83A, 0xDD3A, 0x20, 0xD83A, 0xDD27, 0xD83A, 0xDD2B, 0xD83A, 0xDD24));
				case 189: return String(CharArray::of(0xD83A, 0xDD31, 0xD83A, 0xDD3A, 0x20, 0xD83A, 0xDD27, 0xD83A, 0xDD2B, 0xD83A, 0xDD24, 0x20, 0xD83A, 0xDD1A, 0xD83A, 0xDD2D, 0xD83A, 0xDD24, 0x2E));
				case 207: return String(CharArray::of(0xD83A, 0xDD33, 0xD83A, 0xDD24, 0xD83A, 0xDD3B));
				case 208: return String(CharArray::of(0xD83A, 0xDD33, 0xD83A, 0xDD24, 0xD83A, 0xDD26));
				case 170: return String(CharArray::of(0xD83A, 0xDD3A, 0xD83A, 0xDD2E, 0xD83A, 0xDD32, 0xD83A, 0xDD3A, 0xD83A, 0xDD2E, 0xD83A, 0xDD45, 0xD83A, 0xDD2A, 0xD83A, 0xDD35));
				case 184: return String(CharArray::of(0xD83A, 0xDD33, 0xD83A, 0xDD24, 0xD83A, 0xDD24));
				case 185: return String(CharArray::of(0xD83A, 0xDD33, 0xD83A, 0xDD24, 0xD83A, 0xDD24, 0x20, 0xD83A, 0xDD1A, 0xD83A, 0xDD2D, 0xD83A, 0xDD24, 0x2E));
				case 187: return String(CharArray::of(0xD83A, 0xDD27, 0xD83A, 0xDD2D, 0xD83A, 0xDD32, 0xD83A, 0xDD3C, 0xD83A, 0xDD2B, 0xD83A, 0xDD2A, 0xD83A, 0xDD2B));
				case 186: return String(CharArray::of(0xD83A, 0xDD23, 0xD83A, 0xDD2D, 0xD83A, 0xDD2A, 0xD83A, 0xDD38, 0xD83A, 0xDD22, 0xD83A, 0xDD25, 0xD83A, 0xDD35, 0x20, 0xD83A, 0xDD27, 0xD83A, 0xDD2B, 0xD83A, 0xDD24, 0xD83A, 0xDD26, 0xD83A, 0xDD22, 0xD83A, 0xDD32));
				case 193: return String(CharArray::of(0xD83A, 0xDD36, 0xD83A, 0xDD2D, 0xD83A, 0xDD3A, 0xD83A, 0xDD46, 0xD83A, 0xDD2E));
				case 200: return String(CharArray::of(0xD83A, 0xDD29, 0xD83A, 0xDD35, 0xD83A, 0xDD37, 0xD83A, 0xDD46, 0xD83A, 0xDD22, 0xD83A, 0xDD32, 0xD83A, 0xDD23, 0xD83A, 0xDD2B));
				case 204: return String(CharArray::of(0xD83A, 0xDD33, 0xD83A, 0xDD3C, 0x20, 0xD83A, 0xDD1A, 0xD83A, 0xDD2D, 0xD83A, 0xDD24));
            default: break;
            }
            return String();
        }
        
        String Ff_Adlm::displayNarrowUnit(gint unit, gint count) const {
            switch(unit) { 
				case 1: return String(CharArray::of(0xD83A, 0xDD25, 0x2F, 0xD83A, 0xDD33, 0xD83A, 0xDD52));
				case 5: return String(CharArray::of(0xD83A, 0xDD2A, 0xD83A, 0xDD22, 0xD83A, 0xDD23));
				case 4: return String(CharArray::of(0xD83A, 0xDD36, 0xD83A, 0xDD2B, 0xD83A, 0xDD29));
				case 2: return String(CharArray::of(0xD83A, 0xDD38, 0xD83A, 0xDD2E, 0xD83A, 0xDD36, 0xD83A, 0xDD24, 0xD83A, 0xDD22, 0xD83A, 0xDD44, 0xD83A, 0xDD3B, 0xD83A, 0xDD22, 0xD83A, 0xDD24));
				case 3: return String(CharArray::of(0xD83A, 0xDD33, 0xD83A, 0xDD2D, 0xD83A, 0xDD32, 0xD83A, 0xDD24, 0xD83A, 0xDD22, 0xD83A, 0xDD44, 0xD83A, 0xDD3B, 0xD83A, 0xDD22, 0xD83A, 0xDD24));
				case 11: return String(CharArray::of(0xD83A, 0xDD38, 0xD83A, 0xDD2B, 0xD83A, 0xDD33, 0xD83A, 0xDD3C, 0xD83A, 0xDD22, 0xD83A, 0xDD2A, 0xD83A, 0xDD23, 0xD83A, 0xDD2B));
				case 18: return String(CharArray::of(0xD83A, 0xDD25, 0xD83A, 0xDD22, 0xD83A, 0xDD52));
				case 7: return String(CharArray::of(0xD83A, 0xDD3A, 0xD83A, 0xDD22, 0xD83A, 0xDD2A, 0xD83A, 0xDD33, 0xD83A, 0xDD35));
				case 19: return String(CharArray::of(0xD83A, 0xDD27, 0xD83A, 0xDD3A, 0xD83A, 0xDD52));
				case 14: return String(CharArray::of(0xD83A, 0xDD3C, 0xD83A, 0xDD28, 0xD83A, 0xDD52));
				case 15: return String(CharArray::of(0xD83A, 0xDD3A, 0xD83A, 0xDD2E, 0xD83A, 0xDD52));
				case 10: return String(CharArray::of(0xD83A, 0xDD23, 0xD83A, 0xDD35, 0xD83A, 0xDD45, 0xD83A, 0xDD32, 0xD83A, 0xDD22, 0xD83A, 0xDD25, 0xD83A, 0xDD35));
				case 21: return String(CharArray::of(0xD83A, 0xDD33, 0xD83A, 0xDD22, 0xD83A, 0xDD2A, 0xD83A, 0xDD3C, 0xD83A, 0xDD35));
				case 23: return String(CharArray::of(0xD83A, 0xDD25, 0xD83A, 0xDD25, 0xD83A, 0xDD2E, 0xD83A, 0xDD24, 0xD83A, 0xDD30, 0x2F, 0xD83A, 0xDD24));
				case 27: return String(CharArray::of(0xD83A, 0xDD3A, 0xD83A, 0xDD33, 0xD83A, 0xDD23));
				case 25: return String(CharArray::of(0x25));
				case 26: return String(CharArray::of(0x2030));
				case 28: return String(CharArray::of(0x2031));
				case 24: return String(CharArray::of(0xD83A, 0xDD25, 0xD83A, 0xDD2E, 0xD83A, 0xDD24));
				case 31: return String(CharArray::of(0xD83A, 0xDD24, 0x2F, 0xD83A, 0xDD33, 0xD83A, 0xDD25));
				case 32: return String(CharArray::of(0xD83A, 0xDD25, 0xD83A, 0xDD33, 0xD83A, 0xDD3A));
				case 33: return String(CharArray::of(0xD83A, 0xDD25, 0xD83A, 0xDD22, 0x2F, 0xD83A, 0xDD3A, 0xD83A, 0xDD22, 0xD83A, 0xDD24, 0x20, 0xD83A, 0xDD3C, 0xD83A, 0xDD2D, 0xD83A, 0xDD24, 0x2E));
				case 42: return String(CharArray::of(0xD83A, 0xDD06, 0xD83A, 0xDD14));
				case 44: return String(CharArray::of(0xD83A, 0xDD06, 0xD83A, 0xDD14));
				case 43: return String(CharArray::of(0xD83A, 0xDD1A, 0xD83A, 0xDD26));
				case 37: return String(CharArray::of(0xD83A, 0xDD18, 0xD83A, 0xDD14));
				case 36: return String(CharArray::of(0xD83A, 0xDD18, 0xD83A, 0xDD26));
				case 41: return String(CharArray::of(0xD83A, 0xDD03, 0xD83A, 0xDD14));
				case 40: return String(CharArray::of(0xD83A, 0xDD03, 0xD83A, 0xDD26));
				case 39: return String(CharArray::of(0xD83A, 0xDD33, 0xD83A, 0xDD14));
				case 38: return String(CharArray::of(0xD83A, 0xDD33, 0xD83A, 0xDD26));
				case 35: return String(CharArray::of(0xD83A, 0xDD14));
				case 34: return String(CharArray::of(0xD83A, 0xDD26));
				case 61: return String(CharArray::of(0xD83A, 0xDD38, 0xD83A, 0xDD2D, 0xD83A, 0xDD3C));
				case 49: return String(CharArray::of(0xD83A, 0xDD32, 0xD83A, 0xDD36, 0xD83A, 0xDD22, 0xD83A, 0xDD25, 0xD83A, 0xDD32, 0xD83A, 0xDD23, 0xD83A, 0xDD2D));
				case 51: return String(CharArray::of(0xD83A, 0xDD25, 0xD83A, 0xDD33, 0xD83A, 0xDD2D, 0xD83A, 0xDD32));
				case 55: return String(CharArray::of(0xD83A, 0xDD32, 0xD83A, 0xDD33, 0xD83A, 0xDD2D, 0xD83A, 0xDD32));
				case 63: return String(CharArray::of(0xD83A, 0xDD22, 0xD83A, 0xDD25, 0xD83A, 0xDD28));
				case 64: return String(CharArray::of(0xD83A, 0xDD25, 0xD83A, 0xDD00));
				case 65: return String(CharArray::of(0xD83A, 0xDD2E, 0xD83A, 0xDD38, 0xD83A, 0xDD25, 0xD83A, 0xDD35));
				case 66: return String(CharArray::of(0xD83A, 0xDD3E, 0xD83A, 0xDD2E, 0xD83A, 0xDD24, 0xD83A, 0xDD3C, 0xD83A, 0xDD35));
				case 73: return String(CharArray::of(0xD83A, 0xDD33, 0xD83A, 0xDD1F));
				case 71: return String(CharArray::of(0xD83A, 0xDD41, 0xD83A, 0xDD35, 0xD83A, 0xDD45, 0xD83A, 0xDD24, 0xD83A, 0xDD31, 0xD83A, 0xDD35));
				case 74: return String(CharArray::of(0xD83A, 0xDD33, 0xD83A, 0xDD0F, 0xD83A, 0xDD36));
				case 69: return String(CharArray::of(0xD83A, 0xDD2B, 0xD83A, 0xDD1C));
				case 75: return String(CharArray::of(0xD83A, 0xDD32, 0xD83A, 0xDD3A, 0xD83A, 0xDD23, 0xD83A, 0xDD33, 0xD83A, 0xDD2E, 0x20, 0xD83A, 0xDD01, 0xD83A, 0xDD00));
				case 78: return String(CharArray::of(0xD83A, 0xDD3A, 0xD83A, 0xDD24, 0xD83A, 0xDD37));
				case 77: return String(CharArray::of(0xD83A, 0xDD10));
				case 88: return String(CharArray::of(0xD83A, 0xDD28, 0xD83A, 0xDD33));
				case 87: return String(CharArray::of(0xD83A, 0xDD03, 0xD83A, 0xDD06));
				case 83: return String(CharArray::of(0xD83A, 0xDD3C, 0xD83A, 0xDD2E, 0xD83A, 0xDD29, 0xD83A, 0xDD46, 0xD83A, 0xDD2B, 0xD83A, 0xDD2A, 0xD83A, 0xDD2B));
				case 104: return String(CharArray::of(0xD83A, 0xDD3B, 0xD83A, 0xDD25));
				case 119: return String(CharArray::of(0xD83A, 0xDD27, 0xD83A, 0xDD3A));
				case 96: return String(CharArray::of(0xD83A, 0xDD3C, 0xD83A, 0xDD28));
				case 98: return String(CharArray::of(0xD83A, 0xDD3A, 0xD83A, 0xDD2E));
				case 102: return String(CharArray::of(0xD83A, 0xDD33, 0xD83A, 0xDD23));
				case 97: return String(CharArray::of(0xD83A, 0xDD2C, 0xD83A, 0xDD35, 0xD83A, 0xDD2A, 0xD83A, 0xDD24, 0xD83A, 0xDD2E, 0xD83A, 0xDD32, 0xD83A, 0xDD3A, 0xD83A, 0xDD35));
				case 95: return String(CharArray::of(0xD83A, 0xDD36, 0xD83A, 0xDD2E, 0xD83A, 0xDD24, 0xD83A, 0xDD46, 0xD83A, 0xDD22, 0xD83A, 0xDD32, 0xD83A, 0xDD23, 0xD83A, 0xDD2B));
				case 112: return String(CharArray::of(0xD83A, 0xDD36, 0xD83A, 0xDD23, 0xD83A, 0xDD2D));
				case 117: return String(CharArray::of(0xD83A, 0xDD02, 0x2609));
				case 122: return String(CharArray::of(0xD83A, 0xDD24, 0xD83A, 0xDD35, 0xD83A, 0xDD33, 0xD83A, 0xDD27, 0xD83A, 0xDD2D));
				case 123: return String(CharArray::of(0xD83A, 0xDD02, 0x2609));
				case 129: return String(CharArray::of(0xD83A, 0xDD3A, 0xD83A, 0xDD22, 0xD83A, 0xDD2A, 0xD83A, 0xDD2C, 0xD83A, 0xDD35));
				case 138: return String(CharArray::of(0xD83A, 0xDD3C, 0xD83A, 0xDD2E, 0xD83A, 0xDD45, 0xD83A, 0xDD32, 0xD83A, 0xDD35));
				case 137: return String(CharArray::of(0xD83A, 0xDD27, 0xD83A, 0xDD2D, 0xD83A, 0xDD3C, 0xD83A, 0xDD2E, 0xD83A, 0xDD32, 0xD83A, 0xDD2A, 0xD83A, 0xDD2B));
				case 134: return String(CharArray::of(0xD83A, 0xDD31, 0xD83A, 0xDD3A, 0x20, 0xD83A, 0xDD25, 0xD83A, 0xDD33));
				case 124: return String(CharArray::of(0xD83A, 0xDD33, 0xD83A, 0xDD2D, 0xD83A, 0xDD2A, 0xD83A, 0xDD2D, 0xD83A, 0xDD2A, 0xD83A, 0xDD3C, 0xD83A, 0xDD35));
				case 125: return String(CharArray::of(0xD83A, 0xDD01, 0xD83A, 0xDD22));
				case 126: return String(CharArray::of(0xD83A, 0xDD10, 0x2295));
				case 136: return String(CharArray::of(0xD83A, 0xDD10, 0x2609));
				case 128: return String(CharArray::of(0xD83A, 0xDD3A, 0xD83A, 0xDD30));
				case 145: return String(CharArray::of(0xD83A, 0xDD31, 0xD83A, 0xDD22, 0xD83A, 0xDD44, 0xD83A, 0xDD3C, 0xD83A, 0xDD35));
				case 147: return String(CharArray::of(0xD83A, 0xDD26, 0xD83A, 0xDD22, 0xD83A, 0xDD2A));
				case 158: return String(CharArray::of(0xD83A, 0xDD33, 0xD83A, 0xDD25, 0x2F, 0xD83A, 0xDD36, 0xD83A, 0xDD22));
				case 161: return String(CharArray::of(0xD83A, 0xDD25, 0x2F, 0xD83A, 0xDD33));
				case 162: return String(CharArray::of(0xD83A, 0xDD25, 0xD83A, 0xDD22, 0x2F, 0xD83A, 0xDD36, 0xD83A, 0xDD22));
				case 163: return String(CharArray::of(0xB0, 0xD83A, 0xDD05));
				case 179: return String(CharArray::of(0xD83A, 0xDD27, 0xD83A, 0xDD3A, 0xD83A, 0xDD53));
				case 174: return String(CharArray::of(0xD83A, 0xDD3C, 0xD83A, 0xDD28, 0xD83A, 0xDD53));
				case 175: return String(CharArray::of(0xD83A, 0xDD3A, 0xD83A, 0xDD53));
				case 196: return String(CharArray::of(0xD83A, 0xDD24, 0xD83A, 0xDD2D, 0xD83A, 0xDD45, 0xD83A, 0xDD3C, 0xD83A, 0xDD35));
				case 203: return String(CharArray::of(0xD83A, 0xDD33, 0xD83A, 0xDD3C));
				case 201: return String(CharArray::of(0xD83A, 0xDD28, 0xD83A, 0xDD3C));
				case 180: return String(CharArray::of(0xD83A, 0xDD33, 0xD83A, 0xDD2E, 0xD83A, 0xDD2A, 0xD83A, 0xDD32, 0xD83A, 0xDD23, 0xD83A, 0xDD2E, 0xD83A, 0xDD45, 0xD83A, 0xDD24, 0xD83A, 0xDD2E));
				case 170: return String(CharArray::of(0xD83A, 0xDD3A, 0xD83A, 0xDD2E, 0xD83A, 0xDD3A));
				case 187: return String(CharArray::of(0xD83A, 0xDD27, 0xD83A, 0xDD2D, 0xD83A, 0xDD32));
				case 186: return String(CharArray::of(0xD83A, 0xDD23, 0xD83A, 0xDD2A, 0x20, 0xD83A, 0xDD27, 0xD83A, 0xDD2B, 0xD83A, 0xDD24));
				case 200: return String(CharArray::of(0xD83A, 0xDD29, 0xD83A, 0xDD35, 0xD83A, 0xDD37));
            default: break;
            }
            return String();
        }
        
        String Ff_Adlm::displayCurrencySymbol(gint currency) const {
            switch(currency) { 
				case 2: return String(CharArray::of(0xD83A, 0xDD00, 0xD83A, 0xDD0A, 0xD83A, 0xDD00));
				case 54: return String(CharArray::of(0x0440, 0x2E));
				case 105: return String(CharArray::of(0x46, 0x47));
				case 186: return String(CharArray::of(0xD83A, 0xDD10, 0xD83A, 0xDD10, 0xD83A, 0xDD18));
				case 198: return String(CharArray::of(0xD83A, 0xDD11, 0xD83A, 0xDD06, 0xD83A, 0xDD18));
				case 199: return String(CharArray::of(0xD83A, 0xDD06, 0xD83A, 0xDD06, 0xD83A, 0xDD16));
				case 269: return String(CharArray::of(0xD83A, 0xDD0A, 0xD83A, 0xDD05, 0xD83A, 0xDD0A, 0xD83A, 0xDD00));
				case 282: return String(CharArray::of(0xD83A, 0xDD05, 0xD83A, 0xDD0A, 0xD83A, 0xDD00));
            default: break;
            }
            return String();
        }
            
        String Ff_Adlm::quotationStart(gbool alt) const {
            return (alt) ? String() : String() ;
        }
            
        String Ff_Adlm::quotationEnd(gbool alt) const {
            return (alt) ? String() : String() ;
        }
            
        String Ff_Adlm::decimalSeparator() const {
            return String();
        }
            
        String Ff_Adlm::groupSeparator() const {
            return String();
        }
            
        String Ff_Adlm::listSeparator() const {
            return String();
        }
            
        String Ff_Adlm::plusSign() const {
            return String();
        }
            
        String Ff_Adlm::minusSign() const {
            return String();
        }
            
        String Ff_Adlm::exponential() const {
            return String(CharArray::of(0xD83A, 0xDD09));
        }
            
        String Ff_Adlm::perMill() const {
            return String();
        }
            
        String Ff_Adlm::percent() const {
            return String();
        }
            
        String Ff_Adlm::infinity() const {
            return String();
        }
            
        String Ff_Adlm::nan() const {
            return String();
        }
            
        String Ff_Adlm::superScriptingExponent() const {
            return String();
        }
           
        String Ff_Adlm::decimalPattern() const {
            return String();
        }
            
        String Ff_Adlm::scientificPattern() const {
            return String();
        }
            
        String Ff_Adlm::percentPattern() const {
            return String();
        }
            
        String Ff_Adlm::currencyPattern() const {
            return String();
        }

        String Ff_Adlm::listPattern(gint type, gint subType) const {
            switch(subType) {

				case 10: 
					if(type == -1) return String(CharArray::of(0x7B, 0x30, 0x7D, 0x2E41, 0x20, 0x7B, 0x31, 0x7D));
					if(type == 0) return String(CharArray::of(0x7B, 0x30, 0x7D, 0x2E41, 0x20, 0x7B, 0x31, 0x7D));
					if(type == 1) return String(CharArray::of(0x7B, 0x30, 0x7D, 0x2E41, 0x20, 0xD83A, 0xDD2B, 0x20, 0x7B, 0x31, 0x7D));
					if(type == 2) return String(CharArray::of(0x7B, 0x30, 0x7D, 0x20, 0xD83A, 0xDD2B, 0x20, 0x7B, 0x31, 0x7D));
					break;

				case 11: 
					if(type == -1) return String(CharArray::of(0x7B, 0x30, 0x7D, 0x2E41, 0x20, 0x7B, 0x31, 0x7D));
					if(type == 0) return String(CharArray::of(0x7B, 0x30, 0x7D, 0x2E41, 0x20, 0x7B, 0x31, 0x7D));
					if(type == 1) return String(CharArray::of(0x7B, 0x30, 0x7D, 0x2E41, 0x20, 0xD83A, 0xDD25, 0xD83A, 0xDD22, 0xD83A, 0xDD44, 0xD83A, 0xDD2F, 0xD83A, 0xDD35, 0xD83A, 0xDD32, 0x20, 0x7B, 0x31, 0x7D));
					if(type == 2) return String(CharArray::of(0x7B, 0x30, 0x7D, 0x20, 0xD83A, 0xDD25, 0xD83A, 0xDD22, 0xD83A, 0xDD44, 0xD83A, 0xDD2F, 0xD83A, 0xDD35, 0xD83A, 0xDD32, 0x20, 0x7B, 0x31, 0x7D));
					break;

				case 14: 
					if(type == 1) return String(CharArray::of(0x7B, 0x30, 0x7D, 0x2E41, 0x20, 0x7B, 0x31, 0x7D));
					if(type == 2) return String(CharArray::of(0x7B, 0x30, 0x7D, 0x2E41, 0x20, 0x7B, 0x31, 0x7D));
					break;

				case 15: 
					if(type == 1) return String(CharArray::of(0x7B, 0x30, 0x7D, 0x2E41, 0x20, 0x26, 0x20, 0x7B, 0x31, 0x7D));
					if(type == 2) return String(CharArray::of(0x7B, 0x30, 0x7D, 0x20, 0x26, 0x20, 0x7B, 0x31, 0x7D));
					break;

				case 16: 
					if(type == 1) return String(CharArray::of(0x7B, 0x30, 0x7D, 0x20, 0xD83A, 0xDD2B, 0x20, 0x7B, 0x31, 0x7D));
					break;

				case 17: 
					if(type == -1) return String(CharArray::of(0x7B, 0x30, 0x7D, 0x20, 0x7B, 0x31, 0x7D));
					if(type == 0) return String(CharArray::of(0x7B, 0x30, 0x7D, 0x20, 0x7B, 0x31, 0x7D));
					if(type == 1) return String(CharArray::of(0x7B, 0x30, 0x7D, 0x20, 0x7B, 0x31, 0x7D));
					if(type == 2) return String(CharArray::of(0x7B, 0x30, 0x7D, 0x20, 0x7B, 0x31, 0x7D));
					break;

				case 18: 
					if(type == 0) return String(CharArray::of(0x7B, 0x30, 0x7D, 0x2C, 0x20, 0x7B, 0x31, 0x7D));
					if(type == 1) return String(CharArray::of(0x7B, 0x30, 0x7D, 0x2C, 0x20, 0x7B, 0x31, 0x7D));
					break;
            default: break;
            }
            return String();
        }
            
        String Ff_Adlm::posixMessage(gbool yesOrNo) const {
            return (yesOrNo) ? String(CharArray::of(0xD83A, 0xDD22, 0xD83A, 0xDD31, 0xD83A, 0xDD22, 0x3A, 0xD83A, 0xDD22)) : String(CharArray::of(0xD83A, 0xDD2E, 0xD83A, 0xDD45, 0xD83A, 0xDD2E, 0x3A, 0xD83A, 0xDD2E));
        }
        
        CharArray Ff_Adlm::digits() const {
            return CharArray::of(125264, 125265, 125266, 125267, 125268, 125269, 125270, 125271, 125272, 125273);
        }
        
        StringArray Ff_Adlm::displayDays(gint style, gbool stand_alone) const {
            if (!stand_alone) { // format
                switch(style) {
				case 1: return StringArray::of(String(CharArray::of(0xD83A, 0xDD00, 0xD83A, 0xDD44, 0xD83A, 0xDD29, 0xD83A, 0xDD35)), String(CharArray::of(0xD83A, 0xDD03, 0xD83A, 0xDD22, 0xD83A, 0xDD26)), String(CharArray::of(0xD83A, 0xDD14, 0xD83A, 0xDD2B, 0xD83A, 0xDD27)), String(CharArray::of(0xD83A, 0xDD10, 0xD83A, 0xDD22, 0xD83A, 0xDD44, 0xD83A, 0xDD27)), String(CharArray::of(0xD83A, 0xDD03, 0xD83A, 0xDD22, 0xD83A, 0xDD23)), String(CharArray::of(0xD83A, 0xDD16, 0xD83A, 0xDD2E, 0xD83A, 0xDD2A)), String(CharArray::of(0xD83A, 0xDD08, 0xD83A, 0xDD2B, 0xD83A, 0xDD2C)));
				case 0: return StringArray::of(String(CharArray::of(0xD83A, 0xDD00, 0xD83A, 0xDD44, 0xD83A, 0xDD29, 0xD83A, 0xDD35, 0xD83A, 0xDD32, 0xD83A, 0xDD4B, 0xD83A, 0xDD23, 0xD83A, 0xDD2B)), String(CharArray::of(0xD83A, 0xDD03, 0xD83A, 0xDD22, 0xD83A, 0xDD31, 0xD83A, 0xDD26, 0xD83A, 0xDD22, 0xD83A, 0xDD44, 0xD83A, 0xDD2A, 0xD83A, 0xDD2B)), String(CharArray::of(0xD83A, 0xDD10, 0xD83A, 0xDD36, 0xD83A, 0xDD2B, 0xD83A, 0xDD27, 0xD83A, 0xDD24, 0xD83A, 0xDD22, 0xD83A, 0xDD44, 0xD83A, 0xDD2A, 0xD83A, 0xDD2B)), String(CharArray::of(0xD83A, 0xDD10, 0xD83A, 0xDD22, 0xD83A, 0xDD44, 0xD83A, 0xDD27, 0xD83A, 0xDD22, 0xD83A, 0xDD44, 0xD83A, 0xDD32, 0xD83A, 0xDD23, 0xD83A, 0xDD2B)), String(CharArray::of(0xD83A, 0xDD03, 0xD83A, 0xDD22, 0xD83A, 0xDD31, 0xD83A, 0xDD32, 0xD83A, 0xDD23, 0xD83A, 0xDD2B)), String(CharArray::of(0xD83A, 0xDD16, 0xD83A, 0xDD2E, 0xD83A, 0xDD2A, 0xD83A, 0xDD26, 0xD83A, 0xDD2D, 0xD83A, 0xDD2A, 0xD83A, 0xDD46, 0xD83A, 0xDD2B)), String(CharArray::of(0xD83A, 0xDD08, 0xD83A, 0xDD2B, 0xD83A, 0xDD2C, 0xD83A, 0xDD26, 0xD83A, 0xDD2D, 0xD83A, 0xDD2A, 0xD83A, 0xDD46, 0xD83A, 0xDD2B)));
                default: break;
                }
            } else {
                switch(style) {
				case 2: return StringArray::of(String(CharArray::of(0xD83A, 0xDD00, 0xD83A, 0xDD44)), String(CharArray::of(0xD83A, 0xDD03)), String(CharArray::of(0xD83A, 0xDD14)), String(CharArray::of(0xD83A, 0xDD10)), String(CharArray::of(0xD83A, 0xDD03)), String(CharArray::of(0xD83A, 0xDD16)), String(CharArray::of(0xD83A, 0xDD08)));
                default: break;
                }
            }
            return StringArray();
        }
        
        StringArray Ff_Adlm::displayMonths(gint style, gbool stand_alone) const {
            if (!stand_alone) { // format
                switch(style) {
				case 0: return StringArray::of(String(CharArray::of(0xD83A, 0xDD05, 0xD83A, 0xDD2D, 0xD83A, 0xDD45, 0xD83A, 0xDD24, 0xD83A, 0xDD2E)), String(CharArray::of(0xD83A, 0xDD15, 0xD83A, 0xDD2E, 0xD83A, 0xDD24, 0xD83A, 0xDD3C, 0xD83A, 0xDD2E)), String(CharArray::of(0xD83A, 0xDD10, 0xD83A, 0xDD26, 0xD83A, 0xDD2E, 0xD83A, 0xDD45, 0xD83A, 0xDD34, 0xD83A, 0xDD2E)), String(CharArray::of(0xD83A, 0xDD05, 0xD83A, 0xDD2B, 0xD83A, 0xDD45, 0xD83A, 0xDD3C, 0xD83A, 0xDD2E)), String(CharArray::of(0xD83A, 0xDD01, 0xD83A, 0xDD35, 0xD83A, 0xDD45, 0xD83A, 0xDD36, 0xD83A, 0xDD2E)), String(CharArray::of(0xD83A, 0xDD11, 0xD83A, 0xDD2E, 0xD83A, 0xDD2A, 0xD83A, 0xDD27, 0xD83A, 0xDD2E)), String(CharArray::of(0xD83A, 0xDD03, 0xD83A, 0xDD2E, 0xD83A, 0xDD2A, 0xD83A, 0xDD27, 0xD83A, 0xDD2E)), String(CharArray::of(0xD83A, 0xDD14, 0xD83A, 0xDD35, 0xD83A, 0xDD33, 0xD83A, 0xDD2E)), String(CharArray::of(0xD83A, 0xDD05, 0xD83A, 0xDD2D, 0xD83A, 0xDD24, 0xD83A, 0xDD3C, 0xD83A, 0xDD2E)), String(CharArray::of(0xD83A, 0xDD12, 0xD83A, 0xDD22, 0xD83A, 0xDD2A, 0xD83A, 0xDD33, 0xD83A, 0xDD2E)), String(CharArray::of(0xD83A, 0xDD14, 0xD83A, 0xDD2E, 0xD83A, 0xDD24, 0xD83A, 0xDD2E)), String(CharArray::of(0xD83A, 0xDD04, 0xD83A, 0xDD2E, 0xD83A, 0xDD31, 0xD83A, 0xDD3C, 0xD83A, 0xDD2E)));
                default: break;
                }
            } else {
                switch(style) {
				case 1: return StringArray::of(String(CharArray::of(0xD83A, 0xDD05, 0xD83A, 0xDD2D, 0xD83A, 0xDD45, 0xD83A, 0xDD24)), String(CharArray::of(0xD83A, 0xDD15, 0xD83A, 0xDD2E, 0xD83A, 0xDD24)), String(CharArray::of(0xD83A, 0xDD10, 0xD83A, 0xDD26, 0xD83A, 0xDD2E, 0xD83A, 0xDD45, 0xD83A, 0xDD34)), String(CharArray::of(0xD83A, 0xDD05, 0xD83A, 0xDD2B, 0xD83A, 0xDD45, 0xD83A, 0xDD3C)), String(CharArray::of(0xD83A, 0xDD01, 0xD83A, 0xDD35, 0xD83A, 0xDD45, 0xD83A, 0xDD36)), String(CharArray::of(0xD83A, 0xDD11, 0xD83A, 0xDD2E, 0xD83A, 0xDD2A)), String(CharArray::of(0xD83A, 0xDD03, 0xD83A, 0xDD2E, 0xD83A, 0xDD2A)), String(CharArray::of(0xD83A, 0xDD14, 0xD83A, 0xDD35, 0xD83A, 0xDD33)), String(CharArray::of(0xD83A, 0xDD05, 0xD83A, 0xDD2D, 0xD83A, 0xDD24)), String(CharArray::of(0xD83A, 0xDD12, 0xD83A, 0xDD22, 0xD83A, 0xDD2A)), String(CharArray::of(0xD83A, 0xDD14, 0xD83A, 0xDD2E, 0xD83A, 0xDD24)), String(CharArray::of(0xD83A, 0xDD04, 0xD83A, 0xDD2E, 0xD83A, 0xDD31)));
				case 2: return StringArray::of(String(CharArray::of(0xD83A, 0xDD05)), String(CharArray::of(0xD83A, 0xDD15)), String(CharArray::of(0xD83A, 0xDD04)), String(CharArray::of(0xD83A, 0xDD05)), String(CharArray::of(0xD83A, 0xDD01)), String(CharArray::of(0xD83A, 0xDD11)), String(CharArray::of(0xD83A, 0xDD03)), String(CharArray::of(0xD83A, 0xDD14)), String(CharArray::of(0xD83A, 0xDD05)), String(CharArray::of(0xD83A, 0xDD12)), String(CharArray::of(0xD83A, 0xDD14)), String(CharArray::of(0xD83A, 0xDD04)));
                default: break;
                }
            }
            return StringArray();
        }
        
        StringArray Ff_Adlm::displayQuarters(gint style, gbool stand_alone) const {
            if (!stand_alone) { // format
                switch(style) {
				case 0: return StringArray::of(String(CharArray::of(0xD83A, 0xDD10, 0xD83A, 0xDD51)), String(CharArray::of(0xD83A, 0xDD10, 0xD83A, 0xDD52)), String(CharArray::of(0xD83A, 0xDD10, 0xD83A, 0xDD53)), String(CharArray::of(0xD83A, 0xDD10, 0xD83A, 0xDD54)));
                default: break;
                }
            } else {
                switch(style) {
				case 2: return StringArray::of(String(CharArray::of(0xD83A, 0xDD51)), String(CharArray::of(0xD83A, 0xDD52)), String(CharArray::of(0xD83A, 0xDD53)), String(CharArray::of(0xD83A, 0xDD54)));
				case 0: return StringArray::of(String(CharArray::of(0xD83A, 0xDD10, 0xD83A, 0xDD22, 0xD83A, 0xDD34, 0xD83A, 0xDD29, 0xD83A, 0xDD2D, 0xD83A, 0xDD45, 0xD83A, 0xDD2A, 0xD83A, 0xDD2B, 0x20, 0xD83A, 0xDD51, 0xD83A, 0xDD2A, 0xD83A, 0xDD2B)), String(CharArray::of(0xD83A, 0xDD10, 0xD83A, 0xDD22, 0xD83A, 0xDD34, 0xD83A, 0xDD29, 0xD83A, 0xDD2D, 0xD83A, 0xDD45, 0xD83A, 0xDD2A, 0xD83A, 0xDD2B, 0x20, 0xD83A, 0xDD52, 0xD83A, 0xDD2A, 0xD83A, 0xDD2B)), String(CharArray::of(0xD83A, 0xDD10, 0xD83A, 0xDD22, 0xD83A, 0xDD34, 0xD83A, 0xDD29, 0xD83A, 0xDD2D, 0xD83A, 0xDD45, 0xD83A, 0xDD2A, 0xD83A, 0xDD2B, 0x20, 0xD83A, 0xDD53, 0xD83A, 0xDD2A, 0xD83A, 0xDD2B)), String(CharArray::of(0xD83A, 0xDD10, 0xD83A, 0xDD22, 0xD83A, 0xDD34, 0xD83A, 0xDD29, 0xD83A, 0xDD2D, 0xD83A, 0xDD45, 0xD83A, 0xDD2A, 0xD83A, 0xDD2B, 0x20, 0xD83A, 0xDD54, 0xD83A, 0xDD2A, 0xD83A, 0xDD2B)));
                default: break;
                }
            }
            return StringArray();
        }
        
        StringArray Ff_Adlm::displayDayPeriods(gint style, gbool stand_alone) const {
            if (!stand_alone) { // format
                switch(style) {
				case 1: return StringArray::of(String(), String(CharArray::of(0xD83A, 0xDD00, 0xD83A, 0xDD0E)), String(), String(CharArray::of(0xD83A, 0xDD07, 0xD83A, 0xDD0E)), String(), String(), String(), String());
				case 2: return StringArray::of(String(), String(CharArray::of(0xD83A, 0xDD22)), String(), String(CharArray::of(0xD83A, 0xDD29)), String(), String(), String(), String());
                default: break;
                }
            } else {
                switch(style) {
                default: break;
                }
            }
            return StringArray();
        }
        
        StringArray Ff_Adlm::displayEras(gint style, gbool stand_alone) const {
            if (!stand_alone) { // format
                switch(style) {
				case 1: return StringArray::of(String(CharArray::of(0xD83A, 0xDD00, 0xD83A, 0xDD00, 0xD83A, 0xDD0B)), String(CharArray::of(0xD83A, 0xDD07, 0xD83A, 0xDD00, 0xD83A, 0xDD0B)));
                default: break;
                }
            } else {
                switch(style) {
				case 1: return StringArray::of(String(CharArray::of(0xD83A, 0xDD00, 0xD83A, 0xDD00, 0xD83A, 0xDD0B)), String(CharArray::of(0xD83A, 0xDD07, 0xD83A, 0xDD00, 0xD83A, 0xDD0B)));
                default: break;
                }
            }
            return StringArray();
        }
        
        String Ff_Adlm::datePattern(gint style) const {
            switch(style) {
				case 0: return String(CharArray::of(0x45, 0x45, 0x45, 0x45, 0x20, 0x64, 0x20, 0x4D, 0x4D, 0x4D, 0x4D, 0x2E41, 0x20, 0x79));
				case 1: return String(CharArray::of(0x64, 0x20, 0x4D, 0x4D, 0x4D, 0x4D, 0x2E41, 0x20, 0x79));
				case 2: return String(CharArray::of(0x64, 0x20, 0x4D, 0x4D, 0x4D, 0x2E41, 0x20, 0x79));
				case 3: return String(CharArray::of(0x64, 0x2D, 0x4D, 0x2D, 0x79));
            default: break;
            }
            return String();
        }
        
        String Ff_Adlm::timePattern(gint style) const {
            switch(style) {
            default: break;
            }
            return String();
        }
        
        String Ff_Adlm::datetimePattern(gint style) const {
            switch(style) {
            default: break;
            }
            return String();
        }
        
        String Ff_Adlm::displayTimezone(gint tz, gint style) const {
            switch(tz) {
				case 422: 
					if (style == 1) return String(CharArray::of(0xD83A, 0xDD11, 0xD83A, 0xDD2D, 0xD83A, 0xDD36, 0xD83A, 0xDD2E, 0xD83A, 0xDD45, 0xD83A, 0xDD2A, 0xD83A, 0xDD2B, 0x20, 0xD83A, 0xDD16, 0xD83A, 0xDD2D, 0xD83A, 0xDD24, 0xD83A, 0xDD46, 0xD83A, 0xDD22, 0xD83A, 0xDD32, 0xD83A, 0xDD33, 0xD83A, 0xDD2E, 0xD83A, 0xDD45, 0xD83A, 0xDD2A, 0xD83A, 0xDD2B, 0x20, 0xD83A, 0xDD0A, 0xD83A, 0xDD2E, 0xD83A, 0xDD32, 0xD83A, 0xDD23, 0xD83A, 0xDD22, 0xD83A, 0xDD44, 0xD83A, 0xDD32, 0xD83A, 0xDD23, 0xD83A, 0xDD2B));
					if (style == 4) return String(CharArray::of(0xD83A, 0xDD11, 0xD83A, 0xDD16, 0xD83A, 0xDD0A));
					break;
				case 426: 
					if (style == 6) return String(CharArray::of(0xD83A, 0xDD00, 0xD83A, 0xDD32, 0xD83A, 0xDD23, 0xD83A, 0xDD2E, 0xD83A, 0xDD45, 0xD83A, 0xDD2A, 0xD83A, 0xDD22));
					break;
				case 262: 
					if (style == 6) return String(CharArray::of(0xD83A, 0xDD01, 0xD83A, 0xDD35, 0xD83A, 0xDD26, 0xD83A, 0xDD22, 0xD83A, 0xDD34));
					break;
				case 276: 
					if (style == 6) return String(CharArray::of(0xD83A, 0xDD11, 0xD83A, 0xDD22, 0xD83A, 0xDD26, 0xD83A, 0xDD35, 0xD83A, 0xDD24));
					break;
				case 57: 
					if (style == 6) return String(CharArray::of(0xD83A, 0xDD00, 0xD83A, 0xDD32, 0xD83A, 0xDD3C, 0xD83A, 0xDD2D, 0xD83A, 0xDD3A, 0xD83A, 0xDD22));
					break;
				case 56: 
					if (style == 6) return String(CharArray::of(0xD83A, 0xDD00, 0xD83A, 0xDD32, 0xD83A, 0xDD3A, 0xD83A, 0xDD2D, 0xD83A, 0xDD24, 0xD83A, 0xDD22, 0xD83A, 0xDD44));
					break;
				case 476: 
					if (style == 6) return String(CharArray::of(0xD83A, 0xDD1A, 0xD83A, 0xDD2D, 0xD83A, 0xDD2A, 0xD83A, 0xDD22, 0xD83A, 0xDD32, 0xD83A, 0xDD22));
					break;
				case 333: 
					if (style == 6) return String(CharArray::of(0xD83A, 0xDD12, 0xD83A, 0xDD2B, 0xD83A, 0xDD2A, 0xD83A, 0xDD2B, 0xD83A, 0xDD3E, 0xD83A, 0xDD22, 0xD83A, 0xDD44, 0xD83A, 0xDD32));
					break;
				case 34: 
					if (style == 6) return String(CharArray::of(0xD83A, 0xDD02, 0xD83A, 0xDD35, 0xD83A, 0xDD31, 0xD83A, 0xDD22, 0xD83A, 0xDD32, 0xD83A, 0xDD23, 0xD83A, 0xDD22, 0xD83A, 0xDD44));
					break;
				case 229: 
					if (style == 6) return String(CharArray::of(0xD83A, 0xDD08, 0xD83A, 0xDD2E, 0xD83A, 0xDD3C, 0xD83A, 0xDD2B, 0xD83A, 0xDD2A, 0xD83A, 0xDD22));
					break;
				case 228: 
					if (style == 6) return String(CharArray::of(0xD83A, 0xDD06, 0xD83A, 0xDD22, 0xD83A, 0xDD24, 0xD83A, 0xDD25, 0xD83A, 0xDD2B, 0xD83A, 0xDD45, 0xD83A, 0xDD2A));
					break;
				case 232: 
					if (style == 6) return String(CharArray::of(0xD83A, 0xDD1A, 0xD83A, 0xDD22, 0xD83A, 0xDD2A, 0xD83A, 0xDD2E, 0xD83A, 0xDD45, 0xD83A, 0xDD24));
					break;
				case 231: 
					if (style == 6) return String(CharArray::of(0xD83A, 0xDD05, 0xD83A, 0xDD22, 0xD83A, 0xDD44, 0xD83A, 0xDD34, 0xD83A, 0xDD35, 0xD83A, 0xDD31, 0xD83A, 0xDD22));
					break;
				case 226: 
					if (style == 6) return String(CharArray::of(0xD83A, 0xDD03, 0xD83A, 0xDD22, 0xD83A, 0xDD31, 0xD83A, 0xDD27, 0xD83A, 0xDD2E, 0xD83A, 0xDD32));
					break;
				case 223: 
					if (style == 6) return String(CharArray::of(0xD83A, 0xDD01, 0xD83A, 0xDD22, 0xD83A, 0xDD3E, 0xD83A, 0xDD2D, 0xD83A, 0xDD45, 0xD83A, 0xDD27));
					break;
				case 233: 
					if (style == 6) return String(CharArray::of(0xD83A, 0xDD1C, 0xD83A, 0xDD2E, 0xD83A, 0xDD27, 0xD83A, 0xDD3C, 0xD83A, 0xDD2E, 0xD83A, 0xDD33));
					break;
				case 222: 
					if (style == 6) return String(CharArray::of(0xD83A, 0xDD11, 0xD83A, 0xDD22, 0xD83A, 0xDD34, 0xD83A, 0xDD27, 0xD83A, 0xDD2B));
					break;
				case 224: 
					if (style == 6) return String(CharArray::of(0xD83A, 0xDD01, 0xD83A, 0xDD2D, 0xD83A, 0xDD25, 0xD83A, 0xDD2E, 0xD83A, 0xDD32, 0xD83A, 0xDD3C, 0xD83A, 0xDD35, 0x2D, 0xD83A, 0xDD01, 0xD83A, 0xDD35, 0xD83A, 0xDD2A, 0xD83A, 0xDD3E, 0xD83A, 0xDD2D, 0xD83A, 0xDD24));
					break;
				case 227: 
					if (style == 6) return String(CharArray::of(0xD83A, 0xDD03, 0xD83A, 0xDD22, 0xD83A, 0xDD33, 0xD83A, 0xDD25, 0xD83A, 0xDD35, 0xD83A, 0xDD45, 0xD83A, 0xDD2A, 0xD83A, 0xDD23, 0xD83A, 0xDD2E));
					break;
				case 66: 
					if (style == 6) return String(CharArray::of(0xD83A, 0xDD08, 0xD83A, 0xDD2D, 0xD83A, 0xDD2E, 0x2D, 0xD83A, 0xDD18, 0xD83A, 0xDD22, 0xD83A, 0xDD24, 0xD83A, 0xDD2B, 0xD83A, 0xDD3A, 0xD83A, 0xDD2E, 0xD83A, 0xDD27));
					break;
				case 157: 
					if (style == 6) return String(CharArray::of(0xD83A, 0xDD03, 0xD83A, 0xDD2B, 0xD83A, 0xDD32, 0xD83A, 0xDD23, 0xD83A, 0xDD2E, 0xD83A, 0xDD45, 0xD83A, 0xDD41, 0xD83A, 0xDD22));
					break;
				case 68: 
					if (style == 6) return String(CharArray::of(0xD83A, 0xDD05, 0xD83A, 0xDD22, 0xD83A, 0xDD32, 0x2D, 0xD83A, 0xDD1D, 0xD83A, 0xDD35, 0xD83A, 0xDD31, 0xD83A, 0xDD22, 0xD83A, 0xDD44, 0xD83A, 0xDD32));
					break;
				case 71: 
					if (style == 6) return String(CharArray::of(0xD83A, 0xDD13, 0xD83A, 0xDD27, 0xD83A, 0xDD31, 0xD83A, 0xDD22, 0xD83A, 0xDD2D, 0xD83A, 0xDD45, 0xD83A, 0xDD36));
					break;
				case 64: 
					if (style == 6) return String(CharArray::of(0xD83A, 0xDD02, 0xD83A, 0xDD22, 0x2D, 0xD83A, 0xDD08, 0xD83A, 0xDD2D, 0xD83A, 0xDD34, 0xD83A, 0xDD2E, 0xD83A, 0xDD38, 0xD83A, 0xDD22));
					break;
				case 69: 
					if (style == 6) return String(CharArray::of(0xD83A, 0xDD05, 0xD83A, 0xDD22, 0xD83A, 0xDD32, 0x2D, 0xD83A, 0xDD02, 0xD83A, 0xDD35, 0xD83A, 0xDD31, 0xD83A, 0xDD2D, 0xD83A, 0xDD45, 0xD83A, 0xDD27));
					break;
				case 90: 
					if (style == 6) return String(CharArray::of(0xD83A, 0xDD11, 0xD83A, 0xDD22, 0xD83A, 0xDD3C, 0xD83A, 0xDD22, 0xD83A, 0xDD25, 0xD83A, 0xDD22, 0xD83A, 0xDD2A, 0xD83A, 0xDD33, 0xD83A, 0xDD22, 0xD83A, 0xDD44));
					break;
				case 67: 
					if (style == 6) return String(CharArray::of(0xD83A, 0xDD05, 0xD83A, 0xDD22, 0xD83A, 0xDD24, 0xD83A, 0xDD3C, 0xD83A, 0xDD22));
					break;
				case 139: 
					if (style == 6) return String(CharArray::of(0xD83A, 0xDD14, 0xD83A, 0xDD35, 0xD83A, 0xDD36, 0xD83A, 0xDD35, 0xD83A, 0xDD34));
					break;
				case 70: 
					if (style == 6) return String(CharArray::of(0xD83A, 0xDD1A, 0xD83A, 0xDD35, 0xD83A, 0xDD33, 0xD83A, 0xDD35, 0xD83A, 0xDD25, 0xD83A, 0xDD22, 0xD83A, 0xDD44, 0xD83A, 0xDD32));
					break;
				case 97: 
					if (style == 6) return String(CharArray::of(0xD83A, 0xDD11, 0xD83A, 0xDD2E, 0xD83A, 0xDD2A, 0xD83A, 0xDD23, 0xD83A, 0xDD2E, 0xD83A, 0xDD26, 0xD83A, 0xDD22, 0xD83A, 0xDD44));
					break;
				case 85: 
					if (style == 6) return String(CharArray::of(0xD83A, 0xDD04, 0xD83A, 0xDD2D, 0xD83A, 0xDD34, 0xD83A, 0xDD32, 0xD83A, 0xDD2E, 0xD83A, 0xDD27, 0x2D, 0xD83A, 0xDD09, 0xD83A, 0xDD45, 0xD83A, 0xDD36, 0xD83A, 0xDD2B, 0xD83A, 0xDD2A, 0xD83A, 0xDD2B, 0xD83A, 0xDD45, 0xD83A, 0xDD27));
					break;
				case 551: 
					if (style == 6) return String(CharArray::of(0xD83A, 0xDD06, 0xD83A, 0xDD22, 0xD83A, 0xDD3A, 0xD83A, 0xDD2E, 0x2D, 0xD83A, 0xDD06, 0xD83A, 0xDD22, 0xD83A, 0xDD3A, 0xD83A, 0xDD2E));
					break;
				case 482: 
					if (style == 6) return String(CharArray::of(0xD83A, 0xDD1C, 0xD83A, 0xDD2D, 0xD83A, 0xDD34, 0xD83A, 0xDD2B, 0xD83A, 0xDD32, 0xD83A, 0xDD22, 0xD83A, 0xDD44));
					break;
				case 361: 
					if (style == 6) return String(CharArray::of(0xD83A, 0xDD06, 0xD83A, 0xDD2B, 0xD83A, 0xDD2A, 0xD83A, 0xDD27, 0xD83A, 0xDD2D));
					break;
				case 353: 
					if (style == 6) return String(CharArray::of(0xD83A, 0xDD13, 0xD83A, 0xDD45, 0xD83A, 0xDD33, 0xD83A, 0xDD35, 0xD83A, 0xDD24, 0xD83A, 0xDD22));
					break;
				case 352: 
					if (style == 6) return String(CharArray::of(0xD83A, 0xDD01, 0xD83A, 0xDD22, 0xD83A, 0xDD44, 0xD83A, 0xDD2A, 0xD83A, 0xDD31, 0xD83A, 0xDD2D, 0xD83A, 0xDD32));
					break;
				case 347: 
					if (style == 6) return String(CharArray::of(0xD83A, 0xDD00, 0xD83A, 0xDD23, 0xD83A, 0xDD22, 0xD83A, 0xDD24, 0xD83A, 0xDD22, 0xD83A, 0xDD34, 0xD83A, 0xDD23, 0xD83A, 0xDD2D));
					break;
				case 349: 
					if (style == 6) return String(CharArray::of(0xD83A, 0xDD04, 0xD83A, 0xDD2A, 0xD83A, 0xDD2E, 0xD83A, 0xDD33, 0xD83A, 0xDD2D, 0xD83A, 0xDD32, 0x2D, 0xD83A, 0xDD16, 0xD83A, 0xDD2D, 0xD83A, 0xDD45, 0xD83A, 0xDD24));
					break;
				case 358: 
					if (style == 6) return String(CharArray::of(0xD83A, 0xDD03, 0xD83A, 0xDD2B, 0xD83A, 0xDD24, 0xD83A, 0xDD26, 0xD83A, 0xDD35, 0xD83A, 0xDD45, 0xD83A, 0xDD2A, 0xD83A, 0xDD32, 0xD83A, 0xDD35));
					break;
				case 354: 
					if (style == 6) return String(CharArray::of(0xD83A, 0xDD16, 0xD83A, 0xDD35, 0xD83A, 0xDD45, 0xD83A, 0xDD26, 0xD83A, 0xDD22, 0xD83A, 0xDD2A, 0xD83A, 0xDD3C, 0xD83A, 0xDD35));
					break;
				case 356: 
					if (style == 6) return String(CharArray::of(0xD83A, 0xDD02, 0xD83A, 0xDD2D, 0xD83A, 0xDD32, 0xD83A, 0xDD23, 0xD83A, 0xDD2D, 0xD83A, 0xDD45, 0xD83A, 0xDD25, 0xD83A, 0xDD22, 0xD83A, 0xDD44, 0xD83A, 0xDD32));
					break;
				case 364: 
					if (style == 6) return String(CharArray::of(0xD83A, 0xDD05, 0xD83A, 0xDD2D, 0xD83A, 0xDD23, 0xD83A, 0xDD32, 0xD83A, 0xDD2B, 0xD83A, 0xDD45));
					break;
				case 348: 
					if (style == 6) return String(CharArray::of(0xD83A, 0xDD04, 0xD83A, 0xDD2D, 0xD83A, 0xDD2A, 0xD83A, 0xDD27, 0xD83A, 0xDD2D, 0xD83A, 0xDD26, 0xD83A, 0xDD22, 0xD83A, 0xDD44, 0xD83A, 0xDD32, 0xD83A, 0xDD35));
					break;
				case 225: 
					if (style == 6) return String(CharArray::of(0xD83A, 0xDD03, 0xD83A, 0xDD22, 0xD83A, 0xDD33, 0xD83A, 0xDD22, 0xD83A, 0xDD44, 0xD83A, 0xDD2A, 0xD83A, 0xDD2D));
					break;
				case 357: 
					if (style == 6) return String(CharArray::of(0xD83A, 0xDD02, 0xD83A, 0xDD2E, 0xD83A, 0xDD2A, 0xD83A, 0xDD23, 0xD83A, 0xDD35, 0x2D, 0xD83A, 0xDD16, 0xD83A, 0xDD2E, 0xD83A, 0xDD31, 0xD83A, 0xDD2B));
					break;
				case 72: 
					if (style == 6) return String(CharArray::of(0xD83A, 0xDD00, 0xD83A, 0xDD2A, 0xD83A, 0xDD35, 0xD83A, 0xDD45, 0xD83A, 0xDD26, 0xD83A, 0xDD22));
					break;
				case 456: 
					if (style == 6) return String(CharArray::of(0xD83A, 0xDD03, 0xD83A, 0xDD22, 0xD83A, 0xDD2A, 0xD83A, 0xDD2D, 0xD83A, 0xDD34, 0xD83A, 0xDD22, 0xD83A, 0xDD38, 0xD83A, 0xDD22, 0xD83A, 0xDD44, 0xD83A, 0xDD25, 0xD83A, 0xDD22, 0xD83A, 0xDD44, 0xD83A, 0xDD32));
					break;
				case 246: 
					if (style == 6) return String(CharArray::of(0xD83A, 0xDD04, 0xD83A, 0xDD22, 0xD83A, 0xDD44, 0xD83A, 0xDD33, 0xD83A, 0xDD35));
					break;
				case 469: 
					if (style == 6) return String(CharArray::of(0xD83A, 0xDD05, 0xD83A, 0xDD22, 0xD83A, 0xDD2A, 0xD83A, 0xDD22, 0xD83A, 0xDD34, 0xD83A, 0xDD2B, 0xD83A, 0xDD3E, 0xD83A, 0xDD2E, 0xD83A, 0xDD45));
					break;
				case 78: 
					if (style == 6) return String(CharArray::of(0xD83A, 0xDD04, 0xD83A, 0xDD22, 0xD83A, 0xDD2A, 0xD83A, 0xDD26, 0xD83A, 0xDD22, 0xD83A, 0xDD44, 0xD83A, 0xDD23, 0xD83A, 0xDD2E, 0xD83A, 0xDD27));
					break;
				case 260: 
					if (style == 6) return String(CharArray::of(0xD83A, 0xDD01, 0xD83A, 0xDD22, 0xD83A, 0xDD33, 0xD83A, 0xDD22, 0xD83A, 0xDD44));
					break;
				case 433: 
					if (style == 6) return String(CharArray::of(0xD83A, 0xDD04, 0xD83A, 0xDD2D, 0xD83A, 0xDD2A, 0xD83A, 0xDD2D, 0xD83A, 0xDD33, 0xD83A, 0xDD27, 0xD83A, 0xDD2B, 0xD83A, 0xDD24));
					break;
				case 47: 
					if (style == 6) return String(CharArray::of(0xD83A, 0xDD0F, 0xD83A, 0xDD22, 0xD83A, 0xDD3A, 0xD83A, 0xDD22, 0xD83A, 0xDD23, 0xD83A, 0xDD34, 0xD83A, 0xDD3A, 0xD83A, 0xDD35));
					break;
				case 473: 
					if (style == 6) return String(CharArray::of(0xD83A, 0xDD05, 0xD83A, 0xDD2E, 0xD83A, 0xDD2C, 0xD83A, 0xDD2D, 0xD83A, 0xDD34, 0xD83A, 0xDD22));
					break;
				case 245: 
					if (style == 6) return String(CharArray::of(0xD83A, 0xDD04, 0xD83A, 0xDD22, 0xD83A, 0xDD38, 0xD83A, 0xDD2A, 0xD83A, 0xDD22, 0xD83A, 0xDD34, 0xD83A, 0xDD32, 0xD83A, 0xDD35));
					break;
				case 12: 
					if (style == 6) return String(CharArray::of(0xD83A, 0xDD04, 0xD83A, 0xDD35, 0xD83A, 0xDD36, 0xD83A, 0xDD35, 0xD83A, 0xDD25, 0xD83A, 0xDD26, 0xD83A, 0xDD35, 0xD83A, 0xDD2A, 0xD83A, 0xDD22));
					break;
				case 48: 
					if (style == 6) return String(CharArray::of(0xD83A, 0xDD06, 0xD83A, 0xDD2E, 0xD83A, 0xDD2A, 0xD83A, 0xDD3C, 0xD83A, 0xDD2E, 0x2D, 0xD83A, 0xDD10, 0xD83A, 0xDD2E, 0xD83A, 0xDD3E, 0xD83A, 0xDD2E, 0xD83A, 0xDD45));
					break;
				case 203: 
					if (style == 6) return String(CharArray::of(0xD83A, 0xDD05, 0xD83A, 0xDD2B, 0xD83A, 0xDD32, 0xD83A, 0xDD3C, 0x2D, 0xD83A, 0xDD04, 0xD83A, 0xDD22, 0xD83A, 0xDD3C, 0xD83A, 0xDD2B, 0xD83A, 0xDD24, 0xD83A, 0xDD2B, 0xD83A, 0xDD25, 0xD83A, 0xDD2D, 0xD83A, 0xDD45));
					break;
				case 335: 
					if (style == 6) return String(CharArray::of(0xD83A, 0xDD04, 0xD83A, 0xDD22, 0xD83A, 0xDD2A, 0xD83A, 0xDD25, 0xD83A, 0xDD35, 0xD83A, 0xDD45, 0xD83A, 0xDD23, 0xD83A, 0xDD22));
					break;
				case 251: 
					if (style == 6) return String(CharArray::of(0xD83A, 0xDD04, 0xD83A, 0xDD35, 0xD83A, 0xDD2A, 0xD83A, 0xDD32, 0xD83A, 0xDD22, 0xD83A, 0xDD34));
					break;
				case 145: 
					if (style == 6) return String(CharArray::of(0xD83A, 0xDD02, 0xD83A, 0xDD22, 0x2D, 0xD83A, 0xDD06, 0xD83A, 0xDD22, 0xD83A, 0xDD44, 0xD83A, 0xDD41));
					break;
				case 144: 
					if (style == 6) return String(CharArray::of(0xD83A, 0xDD11, 0xD83A, 0xDD2A, 0xD83A, 0xDD22, 0xD83A, 0xDD24, 0xD83A, 0xDD2B, 0xD83A, 0xDD32, 0xD83A, 0xDD36, 0xD83A, 0xDD2D, 0xD83A, 0xDD45, 0xD83A, 0xDD33));
					break;
				case 109: 
					if (style == 6) return String(CharArray::of(0xD83A, 0xDD09, 0xD83A, 0xDD2A, 0xD83A, 0xDD35, 0xD83A, 0xDD32, 0xD83A, 0xDD2B, 0xD83A, 0xDD28, 0xD83A, 0xDD2B));
					break;
				case 193: 
					if (style == 6) return String(CharArray::of(0xD83A, 0xDD08, 0xD83A, 0xDD2D, 0xD83A, 0xDD34, 0xD83A, 0xDD2E, 0x2D, 0xD83A, 0xDD04, 0xD83A, 0xDD2A, 0xD83A, 0xDD22, 0xD83A, 0xDD32, 0xD83A, 0xDD33, 0xD83A, 0xDD2E));
					break;
				case 185: 
					if (style == 6) return String(CharArray::of(0xD83A, 0xDD06, 0xD83A, 0xDD2E, 0xD83A, 0xDD2A, 0xD83A, 0xDD3C, 0xD83A, 0xDD2E, 0x2D, 0xD83A, 0xDD1C, 0xD83A, 0xDD2B, 0xD83A, 0xDD24, 0xD83A, 0xDD38, 0xD83A, 0xDD2E, 0xD83A, 0xDD45));
					break;
				case 82: 
					if (style == 6) return String(CharArray::of(0xD83A, 0xDD04, 0xD83A, 0xDD2E, 0xD83A, 0xDD31, 0xD83A, 0xDD22, 0x2D, 0xD83A, 0xDD1C, 0xD83A, 0xDD2D, 0xD83A, 0xDD27, 0xD83A, 0xDD3C, 0xD83A, 0xDD22));
					break;
				case 152: 
					if (style == 6) return String(CharArray::of(0xD83A, 0xDD03, 0xD83A, 0xDD22, 0xD83A, 0xDD32, 0xD83A, 0xDD35, 0xD83A, 0xDD45, 0xD83A, 0xDD27));
					break;
				case 100: 
					if (style == 6) return String(CharArray::of(0xD83A, 0xDD11, 0xD83A, 0xDD35, 0xD83A, 0xDD36, 0xD83A, 0xDD22, 0xD83A, 0xDD26, 0xD83A, 0xDD22, 0xD83A, 0xDD44));
					break;
				case 196: 
					if (style == 6) return String(CharArray::of(0xD83A, 0xDD05, 0xD83A, 0xDD22, 0xD83A, 0xDD32, 0xD83A, 0xDD3C, 0xD83A, 0xDD22, 0xD83A, 0xDD2A, 0xD83A, 0xDD2B, 0xD83A, 0xDD45, 0xD83A, 0xDD25));
					break;
				case 87: 
					if (style == 6) return String(CharArray::of(0xD83A, 0xDD11, 0xD83A, 0xDD22, 0xD83A, 0xDD25, 0xD83A, 0xDD28, 0xD83A, 0xDD2E, 0x2D, 0xD83A, 0xDD18, 0xD83A, 0xDD2A, 0xD83A, 0xDD22, 0xD83A, 0xDD32, 0xD83A, 0xDD23, 0xD83A, 0xDD2B));
					break;
				case 79: 
					if (style == 6) return String(CharArray::of(0xD83A, 0xDD04, 0xD83A, 0xDD2B, 0xD83A, 0xDD24, 0xD83A, 0xDD2B, 0xD83A, 0xDD25));
					break;
				case 58: 
					if (style == 6) return String(CharArray::of(0xD83A, 0xDD00, 0xD83A, 0xDD2A, 0xD83A, 0xDD22, 0xD83A, 0xDD3A, 0xD83A, 0xDD35, 0xD83A, 0xDD31, 0xD83A, 0xDD22, 0xD83A, 0xDD32, 0xD83A, 0xDD22));
					break;
				case 199: 
					if (style == 6) return String(CharArray::of(0xD83A, 0xDD05, 0xD83A, 0xDD22, 0xD83A, 0xDD44, 0xD83A, 0xDD31, 0x2D, 0xD83A, 0xDD06, 0xD83A, 0xDD2E, 0xD83A, 0xDD24, 0xD83A, 0xDD2E, 0xD83A, 0xDD45));
					break;
				case 76: 
					if (style == 6) return String(CharArray::of(0xD83A, 0xDD04, 0xD83A, 0xDD22, 0xD83A, 0xDD38, 0xD83A, 0xDD2D, 0xD83A, 0xDD34, 0xD83A, 0xDD22));
					break;
				case 114: 
					if (style == 6) return String(CharArray::of(0xD83A, 0xDD0A, 0xD83A, 0xDD2E, 0xD83A, 0xDD2A, 0xD83A, 0xDD3C, 0xD83A, 0xDD22, 0xD83A, 0xDD24, 0xD83A, 0xDD2B, 0xD83A, 0xDD45, 0xD83A, 0xDD41, 0xD83A, 0xDD22));
					break;
				case 150: 
					if (style == 6) return String(CharArray::of(0xD83A, 0xDD03, 0xD83A, 0xDD22, 0xD83A, 0xDD27, 0xD83A, 0xDD2B, 0xD83A, 0xDD34, 0xD83A, 0xDD2E));
					break;
				case 190: 
					if (style == 6) return String(CharArray::of(0xD83A, 0xDD08, 0xD83A, 0xDD2B, 0xD83A, 0xDD27, 0xD83A, 0xDD2D, 0xD83A, 0xDD2C, 0xD83A, 0xDD2D));
					break;
				case 172: 
					if (style == 6) return String(CharArray::of(0xD83A, 0xDD03, 0xD83A, 0xDD22, 0xD83A, 0xDD2A, 0xD83A, 0xDD2E, 0xD83A, 0xDD32, 0xD83A, 0xDD3F, 0xD83A, 0xDD22));
					break;
				case 168: 
					if (style == 6) return String(CharArray::of(0xD83A, 0xDD10, 0xD83A, 0xDD22, 0xD83A, 0xDD27, 0xD83A, 0xDD2E, 0xD83A, 0xDD45));
					break;
				case 320: 
					if (style == 6) return String(CharArray::of(0xD83A, 0xDD1A, 0xD83A, 0xDD2D, 0xD83A, 0xDD25, 0xD83A, 0xDD28, 0xD83A, 0xDD35));
					break;
				case 23: 
					if (style == 6) return String(CharArray::of(0xD83A, 0xDD18, 0xD83A, 0xDD22, 0xD83A, 0xDD26, 0xD83A, 0xDD2E, 0xD83A, 0xDD2A, 0xD83A, 0xDD2E, 0xD83A, 0xDD45, 0xD83A, 0xDD32));
					break;
				case 457: 
					if (style == 6) return String(CharArray::of(0xD83A, 0xDD03, 0xD83A, 0xDD2D, 0xD83A, 0xDD32, 0xD83A, 0xDD27, 0xD83A, 0xDD2D, 0xD83A, 0xDD33, 0xD83A, 0xDD2D));
					break;
				case 80: 
					if (style == 6) return String(CharArray::of(0xD83A, 0xDD04, 0xD83A, 0xDD2B, 0xD83A, 0xDD24, 0xD83A, 0xDD2D, 0xD83A, 0xDD45, 0xD83A, 0xDD41));
					break;
				case 103: 
					if (style == 6) return String(CharArray::of(0xD83A, 0xDD01, 0xD83A, 0xDD2E, 0xD83A, 0xDD45, 0xD83A, 0xDD27, 0xD83A, 0xDD2E, 0xD83A, 0xDD32));
					break;
				case 218: 
					if (style == 6) return String(CharArray::of(0xD83A, 0xDD0F, 0xD83A, 0xDD22, 0xD83A, 0xDD34, 0xD83A, 0xDD3C, 0xD83A, 0xDD38, 0xD83A, 0xDD2E, 0xD83A, 0xDD2A, 0xD83A, 0xDD27, 0xD83A, 0xDD2B));
					break;
				case 136: 
					if (style == 6) return String(CharArray::of(0xD83A, 0xDD0B, 0xD83A, 0xDD32, 0xD83A, 0xDD35, 0xD83A, 0xDD3E, 0xD83A, 0xDD2D, 0xD83A, 0xDD33));
					break;
				case 216: 
					if (style == 6) return String(CharArray::of(0xD83A, 0xDD1C, 0xD83A, 0xDD2B, 0xD83A, 0xDD32, 0xD83A, 0xDD33, 0xD83A, 0xDD35, 0xD83A, 0xDD45, 0xD83A, 0xDD3E, 0xD83A, 0xDD2E));
					break;
				case 112: 
					if (style == 6) return String(CharArray::of(0xD83A, 0xDD0A, 0xD83A, 0xDD2E, 0xD83A, 0xDD2A, 0xD83A, 0xDD3C, 0x2D, 0xD83A, 0xDD10, 0xD83A, 0xDD2B, 0xD83A, 0xDD24, 0xD83A, 0xDD27, 0xD83A, 0xDD2E, 0xD83A, 0xDD32, 0x3B));
					break;
				case 104: 
					if (style == 6) return String(CharArray::of(0xD83A, 0xDD01, 0xD83A, 0xDD2E, 0xD83A, 0xDD45, 0xD83A, 0xDD27, 0xD83A, 0xDD2E, 0xD83A, 0xDD32, 0x2D, 0xD83A, 0xDD11, 0xD83A, 0xDD2A, 0xD83A, 0xDD2B, 0xD83A, 0xDD33));
					break;
				case 99: 
					if (style == 6) return String(CharArray::of(0xD83A, 0xDD11, 0xD83A, 0xDD2A, 0xD83A, 0xDD2B, 0xD83A, 0xDD27, 0xD83A, 0xDD3C, 0xD83A, 0xDD2E, 0xD83A, 0xDD32));
					break;
				case 108: 
					if (style == 6) return String(CharArray::of(0xD83A, 0xDD09, 0xD83A, 0xDD23, 0xD83A, 0xDD25, 0xD83A, 0xDD2E, 0xD83A, 0xDD32, 0xD83A, 0xDD3C, 0xD83A, 0xDD2E, 0xD83A, 0xDD32));
					break;
				case 209: 
					if (style == 6) return String(CharArray::of(0xD83A, 0xDD05, 0xD83A, 0xDD2D, 0xD83A, 0xDD2C, 0xD83A, 0xDD3C, 0x2D, 0xD83A, 0xDD11, 0xD83A, 0xDD2D, 0xD83A, 0xDD2A, 0xD83A, 0xDD46, 0xD83A, 0xDD22, 0xD83A, 0xDD32, 0xD83A, 0xDD3C));
					break;
				case 86: 
					if (style == 6) return String(CharArray::of(0xD83A, 0xDD11, 0xD83A, 0xDD22, 0xD83A, 0xDD25, 0xD83A, 0xDD26, 0xD83A, 0xDD2D, 0xD83A, 0xDD2A, 0xD83A, 0xDD2D, 0xD83A, 0xDD45, 0xD83A, 0xDD36, 0x20, 0xD83A, 0xDD04, 0xD83A, 0xDD2B, 0xD83A, 0xDD45));
					break;
				case 191: 
					if (style == 6) return String(CharArray::of(0xD83A, 0xDD08, 0xD83A, 0xDD2D, 0xD83A, 0xDD3A, 0xD83A, 0xDD2D, 0xD83A, 0xDD32, 0xD83A, 0xDD22, 0xD83A, 0xDD44));
					break;
				case 219: 
					if (style == 6) return String(CharArray::of(0xD83A, 0xDD0F, 0xD83A, 0xDD2D, 0xD83A, 0xDD32, 0xD83A, 0xDD2D, 0xD83A, 0xDD28, 0xD83A, 0xDD2B, 0xD83A, 0xDD45, 0xD83A, 0xDD3A));
					break;
				case 192: 
					if (style == 6) return String(CharArray::of(0xD83A, 0xDD08, 0xD83A, 0xDD2D, 0xD83A, 0xDD27, 0xD83A, 0xDD2E, 0xD83A, 0xDD24, 0xD83A, 0xDD35, 0xD83A, 0xDD45, 0xD83A, 0xDD3C));
					break;
				case 189: 
					if (style == 6) return String(CharArray::of(0xD83A, 0xDD08, 0xD83A, 0xDD22, 0xD83A, 0xDD32, 0xD83A, 0xDD33, 0xD83A, 0xDD2D, 0xD83A, 0xDD32, 0x20, 0xD83A, 0xDD0B, 0xD83A, 0xDD32, 0xD83A, 0xDD24, 0xD83A, 0xDD2B, 0xD83A, 0xDD3C));
					break;
				case 96: 
					if (style == 6) return String(CharArray::of(0xD83A, 0xDD00, 0xD83A, 0xDD3C, 0xD83A, 0xDD2D, 0xD83A, 0xDD33, 0xD83A, 0xDD2E, 0xD83A, 0xDD45, 0xD83A, 0xDD33, 0xD83A, 0xDD22, 0xD83A, 0xDD32));
					break;
				case 214: 
					if (style == 6) return String(CharArray::of(0xD83A, 0xDD1A, 0xD83A, 0xDD2E, 0xD83A, 0xDD2A, 0xD83A, 0xDD2E, 0xD83A, 0xDD32, 0xD83A, 0xDD3C, 0xD83A, 0xDD2E, 0xD83A, 0xDD45));
					break;
				case 137: 
					if (style == 6) return String(CharArray::of(0xD83A, 0xDD0B, 0xD83A, 0xDD33, 0xD83A, 0xDD22, 0xD83A, 0xDD24, 0xD83A, 0xDD35, 0xD83A, 0xDD31, 0xD83A, 0xDD2D, 0xD83A, 0xDD3C));
					break;
				case 163: 
					if (style == 6) return String(CharArray::of(0xD83A, 0xDD03, 0xD83A, 0xDD2E, 0xD83A, 0xDD32, 0xD83A, 0xDD33, 0xD83A, 0xDD3C, 0xD83A, 0xDD2E, 0xD83A, 0xDD45, 0xD83A, 0xDD32));
					break;
				case 124: 
					if (style == 6) return String(CharArray::of(0xD83A, 0xDD16, 0xD83A, 0xDD22, 0xD83A, 0xDD24, 0xD83A, 0xDD2D, 0xD83A, 0xDD2C, 0xD83A, 0xDD22, 0xD83A, 0xDD33, 0xD83A, 0xDD27, 0xD83A, 0xDD2D));
					break;
				case 117: 
					if (style == 6) return String(CharArray::of(0xD83A, 0xDD18, 0xD83A, 0xDD2E, 0xD83A, 0xDD45, 0xD83A, 0xDD27, 0x2D, 0xD83A, 0xDD04, 0xD83A, 0xDD2B, 0xD83A, 0xDD45));
					break;
				case 115: 
					if (style == 6) return String(CharArray::of(0xD83A, 0xDD18, 0xD83A, 0xDD24, 0xD83A, 0xDD2B, 0xD83A, 0xDD27, 0x2D, 0xD83A, 0xDD04, 0xD83A, 0xDD2B, 0xD83A, 0xDD45));
					break;
				case 81: 
					if (style == 6) return String(CharArray::of(0xD83A, 0xDD04, 0xD83A, 0xDD35, 0xD83A, 0xDD24, 0xD83A, 0xDD22, 0xD83A, 0xDD32, 0x20, 0xD83A, 0xDD05, 0xD83A, 0xDD22, 0xD83A, 0xDD26, 0xD83A, 0xDD35, 0xD83A, 0xDD24, 0xD83A, 0xDD2E, 0xD83A, 0xDD32));
					break;
				case 204: 
					if (style == 6) return String(CharArray::of(0xD83A, 0xDD05, 0xD83A, 0xDD2B, 0xD83A, 0xDD32, 0xD83A, 0xDD3C, 0x2D, 0xD83A, 0xDD14, 0xD83A, 0xDD2E, 0xD83A, 0xDD45, 0xD83A, 0xDD32, 0xD83A, 0xDD27));
					break;
				case 499: 
					if (style == 6) return String(CharArray::of(0xD83A, 0xDD11, 0xD83A, 0xDD2E, 0xD83A, 0xDD45, 0xD83A, 0xDD33, 0xD83A, 0xDD2E, 0xD83A, 0xDD27));
					break;
				case 30: 
					if (style == 6) return String(CharArray::of(0xD83A, 0xDD11, 0xD83A, 0xDD2D, 0xD83A, 0xDD32, 0xD83A, 0xDD27, 0xD83A, 0xDD22, 0xD83A, 0xDD27, 0xD83A, 0xDD22));
					break;
				case 35: 
					if (style == 6) return String(CharArray::of(0xD83A, 0xDD02, 0xD83A, 0xDD35, 0xD83A, 0xDD26, 0xD83A, 0xDD35, 0xD83A, 0xDD25, 0xD83A, 0xDD26, 0xD83A, 0xDD22, 0xD83A, 0xDD43, 0xD83A, 0xDD2D));
					break;
				case 7: 
					if (style == 6) return String(CharArray::of(0xD83A, 0xDD04, 0xD83A, 0xDD22, 0xD83A, 0xDD32, 0xD83A, 0xDD3A, 0xD83A, 0xDD2D));
					break;
				case 11: 
					if (style == 6) return String(CharArray::of(0xD83A, 0xDD04, 0xD83A, 0xDD22, 0xD83A, 0xDD2A, 0xD83A, 0xDD41, 0xD83A, 0xDD22, 0xD83A, 0xDD3E, 0xD83A, 0xDD2D, 0xD83A, 0xDD24));
					break;
				case 488: 
					if (style == 6) return String(CharArray::of(0xD83A, 0xDD1F, 0xD83A, 0xDD35, 0xD83A, 0xDD2A, 0xD83A, 0xDD35, 0xD83A, 0xDD33));
					break;
				case 0: 
					if (style == 6) return String(CharArray::of(0xD83A, 0xDD00, 0xD83A, 0xDD26, 0xD83A, 0xDD2D, 0xD83A, 0xDD36, 0xD83A, 0xDD22, 0xD83A, 0xDD32));
					break;
				case 557: 
					if (style == 6) return String(CharArray::of(0xD83A, 0xDD08, 0xD83A, 0xDD22, 0xD83A, 0xDD2A, 0xD83A, 0xDD2E, 0xD83A, 0xDD3C, 0xD83A, 0xDD2E, 0xD83A, 0xDD32, 0xD83A, 0xDD3A, 0xD83A, 0xDD22));
					break;
				case 528: 
					if (style == 6) return String(CharArray::of(0xD83A, 0xDD0B, 0xD83A, 0xDD27, 0xD83A, 0xDD3C, 0xD83A, 0xDD2E, 0xD83A, 0xDD45));
					break;
				case 187: 
					if (style == 6) return String(CharArray::of(0xD83A, 0xDD06, 0xD83A, 0xDD35, 0xD83A, 0xDD32, 0xD83A, 0xDD3C, 0xD83A, 0xDD22, 0x2D, 0xD83A, 0xDD00, 0xD83A, 0xDD2A, 0xD83A, 0xDD2B, 0xD83A, 0xDD32, 0xD83A, 0xDD22, 0xD83A, 0xDD41));
					break;
				case 197: 
					if (style == 6) return String(CharArray::of(0xD83A, 0xDD05, 0xD83A, 0xDD22, 0xD83A, 0xDD32, 0xD83A, 0xDD3C, 0xD83A, 0xDD2D, 0xD83A, 0xDD34, 0xD83A, 0xDD22, 0xD83A, 0xDD3A, 0xD83A, 0xDD2E, 0xD83A, 0xDD45));
					break;
				case 20: 
					if (style == 6) return String(CharArray::of(0xD83A, 0xDD01, 0xD83A, 0xDD35, 0xD83A, 0xDD31, 0xD83A, 0xDD22, 0xD83A, 0xDD24, 0xD83A, 0xDD22));
					break;
				case 326: 
					if (style == 6) return String(CharArray::of(0xD83A, 0xDD13, 0xD83A, 0xDD2A, 0xD83A, 0xDD35, 0xD83A, 0xDD25, 0xD83A, 0xDD33, 0xD83A, 0xDD35));
					break;
				case 311: 
					if (style == 6) return String(CharArray::of(0xD83A, 0xDD05, 0xD83A, 0xDD22, 0xD83A, 0xDD32, 0xD83A, 0xDD38, 0xD83A, 0xDD22, 0xD83A, 0xDD34));
					break;
				case 83: 
					if (style == 6) return String(CharArray::of(0xD83A, 0xDD04, 0xD83A, 0xDD2E, 0xD83A, 0xDD3A, 0xD83A, 0xDD2E, 0xD83A, 0xDD3C, 0xD83A, 0xDD22));
					break;
				case 98: 
					if (style == 6) return String(CharArray::of(0xD83A, 0xDD11, 0xD83A, 0xDD2E, 0xD83A, 0xDD27, 0xD83A, 0xDD3C, 0xD83A, 0xDD22, 0x20, 0xD83A, 0xDD08, 0xD83A, 0xDD2D, 0xD83A, 0xDD33, 0xD83A, 0xDD22, 0xD83A, 0xDD44));
					break;
				case 125: 
					if (style == 6) return String(CharArray::of(0xD83A, 0xDD16, 0xD83A, 0xDD22, 0xD83A, 0xDD3E, 0xD83A, 0xDD22, 0xD83A, 0xDD32, 0xD83A, 0xDD22, 0xD83A, 0xDD44));
					break;
				case 337: 
					if (style == 6) return String(CharArray::of(0xD83A, 0xDD11, 0xD83A, 0xDD22, 0xD83A, 0xDD44, 0xD83A, 0xDD26, 0xD83A, 0xDD2E, 0x2D, 0xD83A, 0xDD1C, 0xD83A, 0xDD2B, 0xD83A, 0xDD2A, 0xD83A, 0xDD23, 0xD83A, 0xDD2B));
					break;
				case 101: 
					if (style == 6) return String(CharArray::of(0xD83A, 0xDD11, 0xD83A, 0xDD35, 0xD83A, 0xDD2A, 0xD83A, 0xDD22, 0xD83A, 0xDD27, 0xD83A, 0xDD22, 0xD83A, 0xDD31, 0xD83A, 0xDD2E, 0xD83A, 0xDD45));
					break;
				case 498: 
					if (style == 6) return String(CharArray::of(0xD83A, 0xDD11, 0xD83A, 0xDD2D, 0xD83A, 0xDD2A, 0xD83A, 0xDD27, 0xD83A, 0xDD2D, 0xD83A, 0xDD25, 0xD83A, 0xDD22, 0xD83A, 0xDD44, 0xD83A, 0xDD27));
					break;
				case 294: 
					if (style == 6) return String(CharArray::of(0xD83A, 0xDD10, 0xD83A, 0xDD2D, 0xD83A, 0xDD33, 0xD83A, 0xDD2E, 0xD83A, 0xDD27, 0xD83A, 0xDD2D, 0xD83A, 0xDD34, 0xD83A, 0xDD22));
					break;
				case 264: 
					if (style == 6) return String(CharArray::of(0xD83A, 0xDD0A, 0xD83A, 0xDD22, 0xD83A, 0xDD25, 0xD83A, 0xDD22, 0xD83A, 0xDD3A, 0xD83A, 0xDD35, 0xD83A, 0xDD27, 0xD83A, 0xDD3C, 0xD83A, 0xDD22));
					break;
				case 464: 
					if (style == 6) return String(CharArray::of(0xD83A, 0xDD06, 0xD83A, 0xDD22, 0xD83A, 0xDD2A, 0xD83A, 0xDD22, 0xD83A, 0xDD44, 0xD83A, 0xDD3A, 0xD83A, 0xDD2D));
					break;
				case 436: 
					if (style == 6) return String(CharArray::of(0xD83A, 0xDD04, 0xD83A, 0xDD35, 0xD83A, 0xDD27, 0xD83A, 0xDD2D, 0xD83A, 0xDD32, 0xD83A, 0xDD36, 0xD83A, 0xDD2B, 0xD83A, 0xDD32));
					break;
				case 431: 
					if (style == 6) return String(CharArray::of(0xD83A, 0xDD04, 0xD83A, 0xDD2B, 0xD83A, 0xDD2A, 0xD83A, 0xDD24, 0xD83A, 0xDD2B, 0xD83A, 0xDD32));
					break;
				case 19: 
					if (style == 6) return String(CharArray::of(0xD83A, 0xDD14, 0xD83A, 0xDD2D, 0xD83A, 0xDD26, 0xD83A, 0xDD35, 0xD83A, 0xDD45, 0xD83A, 0xDD3C, 0xD83A, 0xDD2D));
					break;
				case 438: 
					if (style == 6) return String(CharArray::of(0xD83A, 0xDD11, 0xD83A, 0xDD2E, 0xD83A, 0xDD28, 0xD83A, 0xDD2B, 0xD83A, 0xDD32, 0xD83A, 0xDD46, 0xD83A, 0xDD22, 0xD83A, 0xDD44, 0xD83A, 0xDD3A));
					break;
				case 107: 
					if (style == 6) return String(CharArray::of(0xD83A, 0xDD01, 0xD83A, 0xDD2E, 0xD83A, 0xDD25, 0xD83A, 0xDD2D, 0xD83A, 0xDD32, 0xD83A, 0xDD2D, 0xD83A, 0xDD33, 0xD83A, 0xDD22, 0xD83A, 0xDD44));
					break;
				case 198: 
					if (style == 6) return String(CharArray::of(0xD83A, 0xDD05, 0xD83A, 0xDD22, 0xD83A, 0xDD32, 0xD83A, 0xDD3C, 0xD83A, 0xDD22, 0x2D, 0xD83A, 0xDD01, 0xD83A, 0xDD2E, 0xD83A, 0xDD25, 0xD83A, 0xDD2D, 0xD83A, 0xDD32, 0xD83A, 0xDD3A, 0xD83A, 0xDD2E, 0xD83A, 0xDD45));
					break;
				case 3: 
					if (style == 6) return String(CharArray::of(0xD83A, 0xDD00, 0xD83A, 0xDD24, 0xD83A, 0xDD36, 0xD83A, 0xDD22, 0xD83A, 0xDD2A, 0xD83A, 0xDD2D, 0xD83A, 0xDD45));
					break;
				case 534: 
					if (style == 6) return String(CharArray::of(0xD83A, 0xDD18, 0xD83A, 0xDD22, 0xD83A, 0xDD24, 0xD83A, 0xDD22, 0xD83A, 0xDD28, 0xD83A, 0xDD22, 0xD83A, 0xDD3A, 0xD83A, 0xDD2E, 0xD83A, 0xDD27));
					break;
				case 122: 
					if (style == 6) return String(CharArray::of(0xD83A, 0xDD18, 0xD83A, 0xDD35, 0xD83A, 0xDD34, 0xD83A, 0xDD22, 0xD83A, 0xDD33, 0xD83A, 0xDD2D, 0xD83A, 0xDD24));
					break;
				case 475: 
					if (style == 6) return String(CharArray::of(0xD83A, 0xDD1A, 0xD83A, 0xDD22, 0xD83A, 0xDD24, 0xD83A, 0xDD2D, 0xD83A, 0xDD45, 0xD83A, 0xDD32, 0xD83A, 0xDD35));
					break;
				case 13: 
					if (style == 6) return String(CharArray::of(0xD83A, 0xDD11, 0xD83A, 0xDD22, 0xD83A, 0xDD34, 0xD83A, 0xDD2A, 0xD83A, 0xDD22));
					break;
				case 21: 
					if (style == 6) return String(CharArray::of(0xD83A, 0xDD02, 0xD83A, 0xDD22, 0xD83A, 0xDD34, 0xD83A, 0xDD35, 0xD83A, 0xDD45, 0xD83A, 0xDD32, 0xD83A, 0xDD22));
					break;
				case 5: 
					if (style == 6) return String(CharArray::of(0xD83A, 0xDD00, 0xD83A, 0xDD27, 0xD83A, 0xDD25, 0xD83A, 0xDD22, 0xD83A, 0xDD2A, 0xD83A, 0xDD22));
					break;
				case 336: 
					if (style == 6) return String(CharArray::of(0xD83A, 0xDD11, 0xD83A, 0xDD22, 0xD83A, 0xDD32, 0xD83A, 0xDD22, 0xD83A, 0xDD2A, 0xD83A, 0xDD2D));
					break;
				case 15: 
					if (style == 6) return String(CharArray::of(0xD83A, 0xDD05, 0xD83A, 0xDD2D, 0xD83A, 0xDD45, 0xD83A, 0xDD3C, 0xD83A, 0xDD22));
					break;
				case 454: 
					if (style == 6) return String(CharArray::of(0xD83A, 0xDD03, 0xD83A, 0xDD22, 0xD83A, 0xDD23, 0xD83A, 0xDD2D, 0xD83A, 0xDD2A, 0xD83A, 0xDD2D, 0xD83A, 0xDD23));
					break;
				case 2: 
					if (style == 6) return String(CharArray::of(0xD83A, 0xDD00, 0xD83A, 0xDD23, 0xD83A, 0xDD2D, 0xD83A, 0xDD27, 0xD83A, 0xDD22, 0xD83A, 0xDD26, 0xD83A, 0xDD22, 0xD83A, 0xDD26, 0xD83A, 0xDD22));
					break;
				case 442: 
					if (style == 6) return String(CharArray::of(0xD83A, 0xDD16, 0xD83A, 0xDD2B, 0xD83A, 0xDD24, 0xD83A, 0xDD27, 0xD83A, 0xDD2D, 0xD83A, 0xDD32, 0xD83A, 0xDD33, 0xD83A, 0xDD2D));
					break;
				case 532: 
					if (style == 6) return String(CharArray::of(0xD83A, 0xDD0A, 0xD83A, 0xDD2D, 0xD83A, 0xDD36, 0xD83A, 0xDD2D, 0xD83A, 0xDD45));
					break;
				case 345: 
					if (style == 6) return String(CharArray::of(0xD83A, 0xDD05, 0xD83A, 0xDD2D, 0xD83A, 0xDD3C, 0xD83A, 0xDD22, 0xD83A, 0xDD32, 0xD83A, 0xDD24, 0xD83A, 0xDD2B, 0xD83A, 0xDD45));
					break;
				case 563: 
					if (style == 6) return String(CharArray::of(0xD83A, 0xDD15, 0xD83A, 0xDD35, 0xD83A, 0xDD45, 0xD83A, 0xDD33, 0xD83A, 0xDD35));
					break;
				case 555: 
					if (style == 6) return String(CharArray::of(0xD83A, 0xDD06, 0xD83A, 0xDD2E, 0xD83A, 0xDD25, 0xD83A, 0xDD28, 0xD83A, 0xDD2B, 0xD83A, 0xDD45));
					break;
				case 542: 
					if (style == 6) return String(CharArray::of(0xD83A, 0xDD11, 0xD83A, 0xDD2E, 0xD83A, 0xDD27, 0xD83A, 0xDD2A, 0xD83A, 0xDD2B, 0xD83A, 0xDD34));
					break;
				case 338: 
					if (style == 6) return String(CharArray::of(0xD83A, 0xDD0A, 0xD83A, 0xDD22, 0xD83A, 0xDD2A, 0xD83A, 0xDD2E, 0xD83A, 0xDD45));
					break;
				case 462: 
					if (style == 6) return String(CharArray::of(0xD83A, 0xDD06, 0xD83A, 0xDD22, 0xD83A, 0xDD2A, 0xD83A, 0xDD2D));
					break;
				case 32: 
					if (style == 6) return String(CharArray::of(0xD83A, 0xDD02, 0xD83A, 0xDD2D, 0xD83A, 0xDD45, 0xD83A, 0xDD26, 0xD83A, 0xDD2B, 0xD83A, 0xDD2A, 0xD83A, 0xDD3E, 0xD83A, 0xDD2D, 0xD83A, 0xDD45, 0xD83A, 0xDD24));
					break;
				case 452: 
					if (style == 2) return String(CharArray::of(0xD83A, 0xDD11, 0xD83A, 0xDD2D, 0xD83A, 0xDD36, 0xD83A, 0xDD2E, 0xD83A, 0xDD45, 0xD83A, 0xDD2A, 0xD83A, 0xDD2B, 0x20, 0xD83A, 0xDD15, 0xD83A, 0xDD2B, 0xD83A, 0xDD45, 0xD83A, 0xDD2F, 0xD83A, 0xDD46, 0xD83A, 0xDD35, 0x20, 0xD83A, 0xDD04, 0xD83A, 0xDD2A, 0xD83A, 0xDD2D, 0xD83A, 0xDD3C, 0xD83A, 0xDD22, 0xD83A, 0xDD32, 0xD83A, 0xDD2D, 0xD83A, 0xDD34, 0xD83A, 0xDD22, 0xD83A, 0xDD32, 0xD83A, 0xDD33, 0xD83A, 0xDD2E, 0xD83A, 0xDD45, 0xD83A, 0xDD2A, 0xD83A, 0xDD2B));
					break;
				case 119: 
					if (style == 6) return String(CharArray::of(0xD83A, 0xDD18, 0xD83A, 0xDD2A, 0xD83A, 0xDD2B, 0xD83A, 0xDD32, 0xD83A, 0xDD22, 0xD83A, 0xDD44, 0xD83A, 0xDD23, 0xD83A, 0xDD22));
					break;
				case 316: 
					if (style == 6) return String(CharArray::of(0xD83A, 0xDD1A, 0xD83A, 0xDD2D, 0xD83A, 0xDD26, 0xD83A, 0xDD2D, 0xD83A, 0xDD24, 0xD83A, 0xDD2D, 0xD83A, 0xDD27, 0xD83A, 0xDD2D, 0xD83A, 0xDD45));
					break;
				case 91: 
					if (style == 6) return String(CharArray::of(0xD83A, 0xDD11, 0xD83A, 0xDD22, 0xD83A, 0xDD34, 0xD83A, 0xDD2B, 0xD83A, 0xDD45, 0xD83A, 0xDD32));
					break;
				case 441: 
					if (style == 6) return String(CharArray::of(0xD83A, 0xDD14, 0xD83A, 0xDD2D, 0xD83A, 0xDD2A, 0xD83A, 0xDD32, 0xD83A, 0xDD2D, 0xD83A, 0xDD27, 0xD83A, 0xDD2B, 0xD83A, 0xDD34));
					break;
				case 1: 
					if (style == 6) return String(CharArray::of(0xD83A, 0xDD00, 0xD83A, 0xDD33, 0xD83A, 0xDD22, 0xD83A, 0xDD2A, 0xD83A, 0xDD22));
					break;
				case 440: 
					if (style == 6) return String(CharArray::of(0xD83A, 0xDD14, 0xD83A, 0xDD2D, 0xD83A, 0xDD26, 0xD83A, 0xDD22, 0xD83A, 0xDD2A, 0xD83A, 0xDD22, 0xD83A, 0xDD24, 0xD83A, 0xDD3C, 0xD83A, 0xDD22, 0xD83A, 0xDD2A));
					break;
				case 211: 
					if (style == 6) return String(CharArray::of(0xD83A, 0xDD1A, 0xD83A, 0xDD35, 0xD83A, 0xDD24, 0xD83A, 0xDD2B));
					break;
				case 116: 
					if (style == 6) return String(CharArray::of(0xD83A, 0xDD10, 0xD83A, 0xDD35, 0xD83A, 0xDD45, 0xD83A, 0xDD33));
					break;
				case 200: 
					if (style == 6) return String(CharArray::of(0xD83A, 0xDD0B, 0xD83A, 0xDD3C, 0xD83A, 0xDD46, 0xD83A, 0xDD2E, 0xD83A, 0xDD33, 0xD83A, 0xDD2E, 0xD83A, 0xDD2A, 0xD83A, 0xDD3C, 0xD83A, 0xDD2E, 0xD83A, 0xDD45, 0xD83A, 0xDD2A, 0xD83A, 0xDD25, 0xD83A, 0xDD2D, 0xD83A, 0xDD45, 0xD83A, 0xDD3C));
					break;
				case 102: 
					if (style == 6) return String(CharArray::of(0xD83A, 0xDD01, 0xD83A, 0xDD22, 0xD83A, 0xDD44, 0xD83A, 0xDD32, 0xD83A, 0xDD25, 0xD83A, 0xDD22, 0xD83A, 0xDD2A, 0xD83A, 0xDD33, 0xD83A, 0xDD43, 0xD83A, 0xDD22, 0xD83A, 0xDD44, 0xD83A, 0xDD3E, 0xD83A, 0xDD32));
					break;
				case 8: 
					if (style == 6) return String(CharArray::of(0xD83A, 0xDD04, 0xD83A, 0xDD22, 0xD83A, 0xDD32, 0xD83A, 0xDD36, 0xD83A, 0xDD35, 0xD83A, 0xDD24));
					break;
				case 16: 
					if (style == 6) return String(CharArray::of(0xD83A, 0xDD11, 0xD83A, 0xDD2E, 0xD83A, 0xDD32, 0xD83A, 0xDD22, 0xD83A, 0xDD44, 0xD83A, 0xDD33, 0xD83A, 0xDD2D, 0xD83A, 0xDD2A, 0xD83A, 0xDD2D));
					break;
				case 120: 
					if (style == 6) return String(CharArray::of(0xD83A, 0xDD18, 0xD83A, 0xDD35, 0xD83A, 0xDD31, 0xD83A, 0xDD22, 0xD83A, 0xDD23, 0xD83A, 0xDD2B, 0xD83A, 0xDD24, 0xD83A, 0xDD35, 0xD83A, 0xDD28, 0xD83A, 0xDD46, 0xD83A, 0xDD2B, 0xD83A, 0xDD45));
					break;
				case 37: 
					if (style == 6) return String(CharArray::of(0xD83A, 0xDD03, 0xD83A, 0xDD22, 0xD83A, 0xDD24, 0xD83A, 0xDD22, 0xD83A, 0xDD26, 0xD83A, 0xDD2E, 0xD83A, 0xDD45));
					break;
				case 428: 
					if (style == 6) return String(CharArray::of(0xD83A, 0xDD00, 0xD83A, 0xDD3C, 0xD83A, 0xDD2B, 0xD83A, 0xDD32, 0xD83A, 0xDD27, 0xD83A, 0xDD2D));
					break;
				case 343: 
					if (style == 6) return String(CharArray::of(0xD83A, 0xDD05, 0xD83A, 0xDD22, 0xD83A, 0xDD31, 0xD83A, 0xDD2C, 0x2D, 0xD83A, 0xDD14, 0xD83A, 0xDD2E, 0xD83A, 0xDD2A, 0xD83A, 0xDD36, 0xD83A, 0xDD2D, 0xD83A, 0xDD34, 0xD83A, 0xDD22, 0xD83A, 0xDD44));
					break;
				case 121: 
					if (style == 6) return String(CharArray::of(0xD83A, 0xDD18, 0xD83A, 0xDD35, 0xD83A, 0xDD31, 0xD83A, 0xDD22, 0xD83A, 0xDD3C, 0xD83A, 0xDD2B, 0xD83A, 0xDD25, 0xD83A, 0xDD22, 0xD83A, 0xDD24, 0xD83A, 0xDD22));
					break;
				case 537: 
					if (style == 6) return String(CharArray::of(0xD83A, 0xDD18, 0xD83A, 0xDD35, 0xD83A, 0xDD31, 0xD83A, 0xDD22, 0xD83A, 0xDD44, 0xD83A, 0xDD25));
					break;
				case 9: 
					if (style == 6) return String(CharArray::of(0xD83A, 0xDD04, 0xD83A, 0xDD2D, 0xD83A, 0xDD31, 0xD83A, 0xDD22, 0xD83A, 0xDD31, 0xD83A, 0xDD2E));
					break;
				case 123: 
					if (style == 6) return String(CharArray::of(0xD83A, 0xDD18, 0xD83A, 0xDD35, 0xD83A, 0xDD34, 0xD83A, 0xDD22, 0xD83A, 0xDD32, 0xD83A, 0xDD22, 0xD83A, 0xDD44));
					break;
				case 269: 
					if (style == 6) return String(CharArray::of(0xD83A, 0xDD16, 0xD83A, 0xDD2E, 0xD83A, 0xDD32, 0xD83A, 0xDD3A, 0x20, 0xD83A, 0xDD11, 0xD83A, 0xDD2E, 0xD83A, 0xDD32, 0xD83A, 0xDD3A));
					break;
				case 210: 
					if (style == 6) return String(CharArray::of(0xD83A, 0xDD1A, 0xD83A, 0xDD35, 0xD83A, 0xDD3A, 0xD83A, 0xDD35, 0xD83A, 0xDD27, 0xD83A, 0xDD2D, 0xD83A, 0xDD3A, 0xD83A, 0xDD35, 0xD83A, 0xDD24, 0xD83A, 0xDD28, 0xD83A, 0xDD22));
					break;
				case 486: 
					if (style == 6) return String(CharArray::of(0xD83A, 0xDD1F, 0xD83A, 0xDD22, 0xD83A, 0xDD3A, 0xD83A, 0xDD2A, 0xD83A, 0xDD2B, 0xD83A, 0xDD26, 0xD83A, 0xDD35));
					break;
				case 182: 
					if (style == 6) return String(CharArray::of(0xD83A, 0xDD06, 0xD83A, 0xDD2E, 0xD83A, 0xDD2A, 0xD83A, 0xDD3C, 0x2D, 0xD83A, 0xDD2E, 0x2D, 0xD83A, 0xDD06, 0xD83A, 0xDD2A, 0xD83A, 0xDD2B, 0xD83A, 0xDD32, 0xD83A, 0xDD27));
					break;
				case 435: 
					if (style == 6) return String(CharArray::of(0xD83A, 0xDD04, 0xD83A, 0xDD35, 0xD83A, 0xDD23, 0xD83A, 0xDD22, 0xD83A, 0xDD28, 0xD83A, 0xDD2B, 0xD83A, 0xDD27, 0xD83A, 0xDD3C));
					break;
				case 273: 
					if (style == 6) return String(CharArray::of(0xD83A, 0xDD14, 0xD83A, 0xDD22, 0xD83A, 0xDD33, 0xD83A, 0xDD22, 0xD83A, 0xDD2A, 0xD83A, 0xDD3C, 0xD83A, 0xDD22, 0xD83A, 0xDD44));
					break;
				case 300: 
					if (style == 6) return String(CharArray::of(0xD83A, 0xDD06, 0xD83A, 0xDD2E, 0xD83A, 0xDD32, 0xD83A, 0xDD3C, 0xD83A, 0xDD2D, 0xD83A, 0xDD34, 0xD83A, 0xDD22, 0xD83A, 0xDD32, 0xD83A, 0xDD22, 0xD83A, 0xDD33));
					break;
				case 291: 
					if (style == 6) return String(CharArray::of(0xD83A, 0xDD03, 0xD83A, 0xDD22, 0xD83A, 0xDD33, 0xD83A, 0xDD22, 0xD83A, 0xDD27, 0xD83A, 0xDD22, 0xD83A, 0xDD44, 0xD83A, 0xDD2A));
					break;
				case 274: 
					if (style == 6) return String(CharArray::of(0xD83A, 0xDD14, 0xD83A, 0xDD22, 0xD83A, 0xDD34, 0xD83A, 0xDD22, 0xD83A, 0xDD28, 0xD83A, 0xDD35, 0xD83A, 0xDD2A, 0xD83A, 0xDD22));
					break;
				case 439: 
					if (style == 2) return String(CharArray::of(0xD83A, 0xDD11, 0xD83A, 0xDD2D, 0xD83A, 0xDD36, 0xD83A, 0xDD2E, 0xD83A, 0xDD45, 0xD83A, 0xDD2A, 0xD83A, 0xDD2B, 0x20, 0xD83A, 0xDD16, 0xD83A, 0xDD22, 0xD83A, 0xDD31, 0xD83A, 0xDD2A, 0xD83A, 0xDD35, 0xD83A, 0xDD32, 0xD83A, 0xDD4B, 0xD83A, 0xDD23, 0xD83A, 0xDD2B, 0x20, 0xD83A, 0xDD0B, 0xD83A, 0xDD2A, 0xD83A, 0xDD24, 0xD83A, 0xDD22, 0xD83A, 0xDD32, 0xD83A, 0xDD23, 0xD83A, 0xDD2D, 0xD83A, 0xDD32, 0xD83A, 0xDD33, 0xD83A, 0xDD2E, 0xD83A, 0xDD45, 0xD83A, 0xDD2A, 0xD83A, 0xDD2B));
					break;
				case 275: 
					if (style == 6) return String(CharArray::of(0xD83A, 0xDD17, 0xD83A, 0xDD35, 0xD83A, 0xDD23, 0xD83A, 0xDD35, 0xD83A, 0xDD27, 0xD83A, 0xDD35));
					break;
				case 443: 
					if (style == 6) return String(CharArray::of(0xD83A, 0xDD05, 0xD83A, 0xDD35, 0xD83A, 0xDD2A, 0xD83A, 0xDD2D, 0xD83A, 0xDD45, 0xD83A, 0xDD2A, 0xD83A, 0xDD2B, 0x2D, 0xD83A, 0xDD03, 0xD83A, 0xDD22, 0xD83A, 0xDD44, 0xD83A, 0xDD32));
					break;
				case 252: 
					if (style == 6) return String(CharArray::of(0xD83A, 0xDD11, 0xD83A, 0xDD2E, 0xD83A, 0xDD24, 0xD83A, 0xDD33, 0xD83A, 0xDD22, 0xD83A, 0xDD3C, 0xD83A, 0xDD22));
					break;
				case 497: 
					if (style == 6) return String(CharArray::of(0xD83A, 0xDD05, 0xD83A, 0xDD22, 0xD83A, 0xDD3A, 0xD83A, 0xDD2E, 0xD83A, 0xDD27));
					break;
				case 244: 
					if (style == 6) return String(CharArray::of(0xD83A, 0xDD04, 0xD83A, 0xDD22, 0xD83A, 0xDD3F, 0xD83A, 0xDD23, 0xD83A, 0xDD22, 0xD83A, 0xDD44, 0xD83A, 0xDD23, 0xD83A, 0xDD35));
					break;
				case 317: 
					if (style == 6) return String(CharArray::of(0xD83A, 0xDD1A, 0xD83A, 0xDD2B, 0xD83A, 0xDD38, 0xD83A, 0xDD2D, 0xD83A, 0xDD2A, 0xD83A, 0xDD22, 0xD83A, 0xDD44, 0xD83A, 0xDD32));
					break;
				case 342: 
					if (style == 6) return String(CharArray::of(0xD83A, 0xDD08, 0xD83A, 0xDD2B, 0xD83A, 0xDD34, 0xD83A, 0xDD33, 0xD83A, 0xDD22, 0xD83A, 0xDD3E, 0xD83A, 0xDD2D, 0xD83A, 0xDD33, 0xD83A, 0xDD2D));
					break;
				case 466: 
					if (style == 6) return String(CharArray::of(0xD83A, 0xDD08, 0xD83A, 0xDD2E, 0xD83A, 0xDD45, 0xD83A, 0xDD25, 0xD83A, 0xDD35));
					break;
				case 445: 
					if (style == 6) return String(CharArray::of(0xD83A, 0xDD14, 0xD83A, 0xDD2B, 0xD83A, 0xDD2A, 0xD83A, 0xDD27, 0xD83A, 0xDD2D, 0xD83A, 0xDD45));
					break;
				case 138: 
					if (style == 6) return String(CharArray::of(0xD83A, 0xDD14, 0xD83A, 0xDD22, 0xD83A, 0xDD25, 0xD83A, 0xDD22, 0xD83A, 0xDD44, 0xD83A, 0xDD34, 0xD83A, 0xDD33, 0xD83A, 0xDD22));
					break;
				case 237: 
					if (style == 6) return String(CharArray::of(0xD83A, 0xDD00, 0xD83A, 0xDD25, 0xD83A, 0xDD22, 0xD83A, 0xDD44, 0xD83A, 0xDD32, 0xD83A, 0xDD35));
					break;
				case 321: 
					if (style == 6) return String(CharArray::of(0xD83A, 0xDD1A, 0xD83A, 0xDD2E, 0xD83A, 0xDD33, 0xD83A, 0xDD2D, 0xD83A, 0xDD34, 0xD83A, 0xDD2E));
					break;
				case 43: 
					if (style == 6) return String(CharArray::of(0xD83A, 0xDD10, 0xD83A, 0xDD22, 0xD83A, 0xDD34, 0xD83A, 0xDD2A, 0xD83A, 0xDD2E, 0xD83A, 0xDD26, 0xD83A, 0xDD2D));
					break;
				case 250: 
					if (style == 6) return String(CharArray::of(0xD83A, 0xDD04, 0xD83A, 0xDD2D, 0xD83A, 0xDD27, 0xD83A, 0xDD33, 0xD83A, 0xDD2B, 0xD83A, 0xDD45, 0xD83A, 0xDD33, 0xD83A, 0xDD35));
					break;
				case 299: 
					if (style == 6) return String(CharArray::of(0xD83A, 0xDD06, 0xD83A, 0xDD22, 0xD83A, 0xDD32, 0xD83A, 0xDD2E, 0xD83A, 0xDD25, 0x2D, 0xD83A, 0xDD06, 0xD83A, 0xDD2B, 0xD83A, 0xDD32));
					break;
				case 530: 
					if (style == 6) return String(CharArray::of(0xD83A, 0xDD09, 0xD83A, 0xDD32, 0xD83A, 0xDD23, 0xD83A, 0xDD2B, 0xD83A, 0xDD2A, 0xD83A, 0xDD26, 0xD83A, 0xDD35, 0xD83A, 0xDD45, 0xD83A, 0xDD2A, 0xD83A, 0xDD2D));
					break;
				case 540: 
					if (style == 6) return String(CharArray::of(0xD83A, 0xDD11, 0xD83A, 0xDD22, 0xD83A, 0xDD32, 0xD83A, 0xDD3C, 0xD83A, 0xDD2E, 0xD83A, 0xDD32));
					break;
				case 541: 
					if (style == 6) return String(CharArray::of(0xD83A, 0xDD11, 0xD83A, 0xDD2D, 0xD83A, 0xDD2A, 0xD83A, 0xDD2D, 0xD83A, 0xDD3C, 0xD83A, 0xDD2D, 0xD83A, 0xDD25, 0xD83A, 0xDD22, 0xD83A, 0xDD3C, 0xD83A, 0xDD2D));
					break;
				case 561: 
					if (style == 6) return String(CharArray::of(0xD83A, 0xDD1A, 0xD83A, 0xDD2B, 0xD83A, 0xDD45, 0xD83A, 0xDD2A, 0xD83A, 0xDD22, 0xD83A, 0xDD31, 0xD83A, 0xDD22));
					break;
				case 500: 
					if (style == 6) return String(CharArray::of(0xD83A, 0xDD11, 0xD83A, 0xDD2E, 0xD83A, 0xDD25, 0xD83A, 0xDD2E, 0xD83A, 0xDD45, 0xD83A, 0xDD2A, 0xD83A, 0xDD2E));
					break;
				case 205: 
					if (style == 6) return String(CharArray::of(0xD83A, 0xDD05, 0xD83A, 0xDD2B, 0xD83A, 0xDD32, 0xD83A, 0xDD3C, 0x2D, 0xD83A, 0xDD11, 0xD83A, 0xDD2D, 0xD83A, 0xDD3C, 0xD83A, 0xDD46, 0xD83A, 0xDD2D, 0xD83A, 0xDD27));
					break;
				case 301: 
					if (style == 6) return String(CharArray::of(0xD83A, 0xDD06, 0xD83A, 0xDD2D, 0xD83A, 0xDD34, 0xD83A, 0xDD2E, 0xD83A, 0xDD32, 0xD83A, 0xDD34, 0xD83A, 0xDD22, 0xD83A, 0xDD32));
					break;
				case 310: 
					if (style == 6) return String(CharArray::of(0xD83A, 0xDD05, 0xD83A, 0xDD2B, 0xD83A, 0xDD31, 0xD83A, 0xDD35, 0xD83A, 0xDD24));
					break;
				case 287: 
					if (style == 6) return String(CharArray::of(0xD83A, 0xDD11, 0xD83A, 0xDD35, 0xD83A, 0xDD31, 0xD83A, 0xDD22, 0xD83A, 0xDD34, 0xD83A, 0xDD3C, 0xD83A, 0xDD2D));
					break;
				case 92: 
					if (style == 6) return String(CharArray::of(0xD83A, 0xDD11, 0xD83A, 0xDD22, 0xD83A, 0xDD34, 0xD83A, 0xDD25, 0xD83A, 0xDD22, 0xD83A, 0xDD44, 0xD83A, 0xDD32));
					break;
				case 239: 
					if (style == 6) return String(CharArray::of(0xD83A, 0xDD00, 0xD83A, 0xDD33, 0xD83A, 0xDD3C, 0xD83A, 0xDD22, 0xD83A, 0xDD44, 0xD83A, 0xDD31, 0xD83A, 0xDD35));
					break;
				case 298: 
					if (style == 6) return String(CharArray::of(0xD83A, 0xDD13, 0xD83A, 0xDD2A, 0xD83A, 0xDD22, 0xD83A, 0xDD24));
					break;
				case 243: 
					if (style == 6) return String(CharArray::of(0xD83A, 0xDD00, 0xD83A, 0xDD3C, 0xD83A, 0xDD2D, 0xD83A, 0xDD2A, 0xD83A, 0xDD22, 0xD83A, 0xDD31, 0xD83A, 0xDD35));
					break;
				case 240: 
					if (style == 6) return String(CharArray::of(0xD83A, 0xDD00, 0xD83A, 0xDD33, 0xD83A, 0xDD3C, 0xD83A, 0xDD2E, 0xD83A, 0xDD45, 0xD83A, 0xDD26, 0xD83A, 0xDD2B));
					break;
				case 303: 
					if (style == 6) return String(CharArray::of(0xD83A, 0xDD11, 0xD83A, 0xDD2E, 0xD83A, 0xDD27, 0xD83A, 0xDD3C, 0xD83A, 0xDD22, 0xD83A, 0xDD32, 0xD83A, 0xDD22, 0xD83A, 0xDD34));
					break;
				case 304: 
					if (style == 6) return String(CharArray::of(0xD83A, 0xDD11, 0xD83A, 0xDD2D, 0xD83A, 0xDD41, 0xD83A, 0xDD2D, 0xD83A, 0xDD24, 0xD83A, 0xDD2E, 0xD83A, 0xDD2A, 0xD83A, 0xDD23, 0xD83A, 0xDD22));
					break;
				case 236: 
					if (style == 6) return String(CharArray::of(0xD83A, 0xDD00, 0xD83A, 0xDD24, 0xD83A, 0xDD25, 0xD83A, 0xDD22, 0xD83A, 0xDD44, 0xD83A, 0xDD3C, 0xD83A, 0xDD2D));
					break;
				case 328: 
					if (style == 6) return String(CharArray::of(0xD83A, 0xDD1C, 0xD83A, 0xDD2D, 0xD83A, 0xDD34, 0xD83A, 0xDD2B, 0xD83A, 0xDD32, 0xD83A, 0xDD37, 0xD83A, 0xDD22, 0xD83A, 0xDD44, 0xD83A, 0xDD32));
					break;
				case 249: 
					if (style == 6) return String(CharArray::of(0xD83A, 0xDD04, 0xD83A, 0xDD2B, 0xD83A, 0xDD34, 0xD83A, 0xDD2A, 0xD83A, 0xDD35, 0xD83A, 0xDD45, 0xD83A, 0xDD3C, 0xD83A, 0xDD35));
					break;
				case 206: 
					if (style == 6) return String(CharArray::of(0xD83A, 0xDD05, 0xD83A, 0xDD2B, 0xD83A, 0xDD32, 0xD83A, 0xDD3C, 0x2D, 0xD83A, 0xDD02, 0xD83A, 0xDD35, 0xD83A, 0xDD27, 0xD83A, 0xDD2D, 0xD83A, 0xDD22));
					break;
				case 480: 
					if (style == 6) return String(CharArray::of(0xD83A, 0xDD1C, 0xD83A, 0xDD22, 0xD83A, 0xDD23, 0xD83A, 0xDD35, 0xD83A, 0xDD45, 0xD83A, 0xDD36, 0xD83A, 0xDD35));
					break;
				case 257: 
					if (style == 6) return String(CharArray::of(0xD83A, 0xDD11, 0xD83A, 0xDD2E, 0xD83A, 0xDD24, 0xD83A, 0xDD2E, 0xD83A, 0xDD25, 0xD83A, 0xDD26, 0xD83A, 0xDD22));
					break;
				case 42: 
					if (style == 6) return String(CharArray::of(0xD83A, 0xDD03, 0xD83A, 0xDD2E, 0xD83A, 0xDD2A, 0xD83A, 0xDD2E, 0xD83A, 0xDD26, 0xD83A, 0xDD2D, 0xD83A, 0xDD34, 0xD83A, 0xDD22));
					break;
				case 39: 
					if (style == 6) return String(CharArray::of(0xD83A, 0xDD03, 0xD83A, 0xDD22, 0xD83A, 0xDD27, 0xD83A, 0xDD2B, 0xD83A, 0xDD2A, 0xD83A, 0xDD35));
					break;
				case 483: 
					if (style == 6) return String(CharArray::of(0xD83A, 0xDD1C, 0xD83A, 0xDD2B, 0xD83A, 0xDD24, 0xD83A, 0xDD32, 0xD83A, 0xDD35, 0xD83A, 0xDD45, 0xD83A, 0xDD27));
					break;
				case 453: 
					if (style == 6) return String(CharArray::of(0xD83A, 0xDD02, 0xD83A, 0xDD2D, 0xD83A, 0xDD33, 0xD83A, 0xDD27, 0xD83A, 0xDD22, 0xD83A, 0xDD32, 0xD83A, 0xDD26, 0xD83A, 0xDD35, 0xD83A, 0xDD2A, 0xD83A, 0xDD3A, 0xD83A, 0xDD35));
					break;
				case 465: 
					if (style == 6) return String(CharArray::of(0xD83A, 0xDD08, 0xD83A, 0xDD2D, 0xD83A, 0xDD3A, 0xD83A, 0xDD22));
					break;
				case 51: 
					if (style == 6) return String(CharArray::of(0xD83A, 0xDD1A, 0xD83A, 0xDD2A, 0xD83A, 0xDD2D, 0xD83A, 0xDD28, 0xD83A, 0xDD2E, 0xD83A, 0xDD24, 0xD83A, 0xDD2D));
					break;
				case 14: 
					if (style == 6) return String(CharArray::of(0xD83A, 0xDD11, 0xD83A, 0xDD22, 0xD83A, 0xDD44, 0xD83A, 0xDD27, 0xD83A, 0xDD22, 0xD83A, 0xDD26, 0xD83A, 0xDD35, 0xD83A, 0xDD24, 0xD83A, 0xDD22, 0xD83A, 0xDD32, 0xD83A, 0xDD33, 0xD83A, 0xDD22, 0xD83A, 0xDD44));
					break;
				case 458: 
					if (style == 6) return String(CharArray::of(0xD83A, 0xDD03, 0xD83A, 0xDD2E, 0xD83A, 0xDD32, 0xD83A, 0xDD22, 0xD83A, 0xDD33, 0xD83A, 0xDD2E, 0xD83A, 0xDD38));
					break;
				case 437: 
					if (style == 6) return String(CharArray::of(0xD83A, 0xDD15, 0xD83A, 0xDD2D, 0xD83A, 0xDD27, 0xD83A, 0xDD2D, 0xD83A, 0xDD45, 0xD83A, 0xDD32, 0xD83A, 0xDD2E, 0xD83A, 0xDD31, 0xD83A, 0xDD22));
					break;
				case 463: 
					if (style == 6) return String(CharArray::of(0xD83A, 0xDD06, 0xD83A, 0xDD2E, 0xD83A, 0xDD23, 0xD83A, 0xDD2D, 0xD83A, 0xDD3A, 0xD83A, 0xDD2E, 0xD83A, 0xDD2A, 0xD83A, 0xDD2D, 0xD83A, 0xDD33, 0xD83A, 0xDD22));
					break;
				case 153: 
					if (style == 6) return String(CharArray::of(0xD83A, 0xDD03, 0xD83A, 0xDD22, 0xD83A, 0xDD2A, 0xD83A, 0xDD2D, 0xD83A, 0xDD3A, 0xD83A, 0xDD2E, 0xD83A, 0xDD45));
					break;
				case 496: 
					if (style == 6) return String(CharArray::of(0xD83A, 0xDD00, 0xD83A, 0xDD32, 0xD83A, 0xDD3C, 0xD83A, 0xDD22, 0xD83A, 0xDD32, 0xD83A, 0xDD22, 0xD83A, 0xDD32, 0xD83A, 0xDD22, 0xD83A, 0xDD2A, 0xD83A, 0xDD2D, 0xD83A, 0xDD45, 0xD83A, 0xDD3E, 0xD83A, 0xDD2E, 0xD83A, 0xDD45));
					break;
				case 543: 
					if (style == 6) return String(CharArray::of(0xD83A, 0xDD11, 0xD83A, 0xDD22, 0xD83A, 0xDD31, 0xD83A, 0xDD22, 0xD83A, 0xDD36, 0xD83A, 0xDD22, 0xD83A, 0xDD24, 0xD83A, 0xDD2D, 0xD83A, 0xDD45, 0xD83A, 0xDD32));
					break;
				case 544: 
					if (style == 6) return String(CharArray::of(0xD83A, 0xDD03, 0xD83A, 0xDD22, 0xD83A, 0xDD36, 0xD83A, 0xDD35, 0xD83A, 0xDD2A, 0xD83A, 0xDD2E, 0xD83A, 0xDD45));
					break;
				case 472: 
					if (style == 6) return String(CharArray::of(0xD83A, 0xDD05, 0xD83A, 0xDD2D, 0xD83A, 0xDD33, 0xD83A, 0xDD2E, 0xD83A, 0xDD45, 0xD83A, 0xDD28, 0xD83A, 0xDD2D, 0xD83A, 0xDD34, 0xD83A, 0xDD22));
					break;
				case 6: 
					if (style == 6) return String(CharArray::of(0xD83A, 0xDD04, 0xD83A, 0xDD22, 0xD83A, 0xDD25, 0xD83A, 0xDD22, 0xD83A, 0xDD33, 0xD83A, 0xDD2E, 0xD83A, 0xDD45));
					break;
				case 305: 
					if (style == 6) return String(CharArray::of(0xD83A, 0xDD08, 0xD83A, 0xDD22, 0xD83A, 0xDD32, 0xD83A, 0xDD3A, 0xD83A, 0xDD35, 0xD83A, 0xDD45, 0xD83A, 0xDD32));
					break;
				case 270: 
					if (style == 6) return String(CharArray::of(0xD83A, 0xDD16, 0xD83A, 0xDD2E, 0xD83A, 0xDD2C, 0xD83A, 0xDD23, 0xD83A, 0xDD35));
					break;
				case 324: 
					if (style == 6) return String(CharArray::of(0xD83A, 0xDD13, 0xD83A, 0xDD24, 0xD83A, 0xDD22, 0xD83A, 0xDD32, 0xD83A, 0xDD26, 0xD83A, 0xDD22, 0xD83A, 0xDD3C, 0xD83A, 0xDD22, 0xD83A, 0xDD2A));
					break;
				case 254: 
					if (style == 6) return String(CharArray::of(0xD83A, 0xDD15, 0xD83A, 0xDD2E, 0xD83A, 0xDD34, 0xD83A, 0xDD26, 0xD83A, 0xDD22, 0xD83A, 0xDD24, 0xD83A, 0xDD27, 0xD83A, 0xDD22, 0xD83A, 0xDD32));
					break;
				case 289: 
					if (style == 6) return String(CharArray::of(0xD83A, 0xDD03, 0xD83A, 0xDD22, 0xD83A, 0xDD33, 0xD83A, 0xDD22, 0xD83A, 0xDD31, 0xD83A, 0xDD2E));
					break;
				case 558: 
					if (style == 6) return String(CharArray::of(0xD83A, 0xDD05, 0xD83A, 0xDD22, 0xD83A, 0xDD34, 0xD83A, 0xDD28, 0xD83A, 0xDD22, 0xD83A, 0xDD44, 0xD83A, 0xDD32));
					break;
				case 154: 
					if (style == 6) return String(CharArray::of(0xD83A, 0xDD03, 0xD83A, 0xDD22, 0xD83A, 0xDD2A, 0xD83A, 0xDD3C, 0xD83A, 0xDD2D, 0xD83A, 0xDD32, 0xD83A, 0xDD2D, 0xD83A, 0xDD33));
					break;
				case 46: 
					if (style == 6) return String(CharArray::of(0xD83A, 0xDD10, 0xD83A, 0xDD35, 0xD83A, 0xDD31, 0xD83A, 0xDD22, 0xD83A, 0xDD44, 0xD83A, 0xDD33, 0xD83A, 0xDD43, 0xD83A, 0xDD35, 0xD83A, 0xDD45, 0xD83A, 0xDD3C));
					break;
				case 167: 
					if (style == 6) return String(CharArray::of(0xD83A, 0xDD03, 0xD83A, 0xDD2E, 0xD83A, 0xDD32, 0xD83A, 0xDD3C, 0xD83A, 0xDD27, 0xD83A, 0xDD2D, 0xD83A, 0xDD2A, 0xD83A, 0xDD22, 0xD83A, 0xDD34, 0xD83A, 0xDD3C));
					break;
				case 455: 
					if (style == 6) return String(CharArray::of(0xD83A, 0xDD03, 0xD83A, 0xDD22, 0xD83A, 0xDD24, 0xD83A, 0xDD3C, 0xD83A, 0xDD22));
					break;
				case 504: 
					if (style == 6) return String(CharArray::of(0xD83A, 0xDD03, 0xD83A, 0xDD2E, 0xD83A, 0xDD2A, 0xD83A, 0xDD2D, 0xD83A, 0xDD45, 0xD83A, 0xDD27, 0xD83A, 0xDD2D));
					break;
				case 503: 
					if (style == 6) return String(CharArray::of(0xD83A, 0xDD03, 0xD83A, 0xDD22, 0xD83A, 0xDD24, 0xD83A, 0xDD23, 0xD83A, 0xDD22, 0xD83A, 0xDD44, 0xD83A, 0xDD34, 0xD83A, 0xDD2D, 0xD83A, 0xDD27));
					break;
				case 10: 
					if (style == 6) return String(CharArray::of(0xD83A, 0xDD04, 0xD83A, 0xDD2D, 0xD83A, 0xDD24, 0xD83A, 0xDD22, 0xD83A, 0xDD32, 0xD83A, 0xDD3C, 0xD83A, 0xDD2D, 0xD83A, 0xDD2A, 0xD83A, 0xDD2B));
					break;
				case 213: 
					if (style == 6) return String(CharArray::of(0xD83A, 0xDD1A, 0xD83A, 0xDD2D, 0xD83A, 0xDD36, 0xD83A, 0xDD35, 0xD83A, 0xDD31, 0xD83A, 0xDD22, 0xD83A, 0xDD44, 0xD83A, 0xDD32, 0xD83A, 0xDD22));
					break;
				case 126: 
					if (style == 6) return String(CharArray::of(0xD83A, 0xDD16, 0xD83A, 0xDD22, 0xD83A, 0xDD2A, 0xD83A, 0xDD25, 0xD83A, 0xDD2E, 0xD83A, 0xDD27, 0xD83A, 0xDD2D, 0xD83A, 0xDD24, 0xD83A, 0xDD2D, 0xD83A, 0xDD34, 0xD83A, 0xDD2E, 0xD83A, 0xDD45));
					break;
				case 156: 
					if (style == 6) return String(CharArray::of(0xD83A, 0xDD03, 0xD83A, 0xDD22, 0xD83A, 0xDD41, 0xD83A, 0xDD22, 0xD83A, 0xDD3C, 0xD83A, 0xDD24, 0xD83A, 0xDD22, 0xD83A, 0xDD32));
					break;
				case 94: 
					if (style == 6) return String(CharArray::of(0xD83A, 0xDD15, 0xD83A, 0xDD0B, 0xD83A, 0xDD31, 0xD83A, 0xDD22, 0xD83A, 0xDD44, 0xD83A, 0xDD31, 0xD83A, 0xDD22, 0xD83A, 0xDD44));
					break;
				case 77: 
					if (style == 6) return String(CharArray::of(0xD83A, 0xDD04, 0xD83A, 0xDD22, 0xD83A, 0xDD38, 0xD83A, 0xDD2D, 0xD83A, 0xDD34, 0xD83A, 0xDD22, 0xD83A, 0xDD44, 0x20, 0xD83A, 0xDD04, 0xD83A, 0xDD22, 0xD83A, 0xDD32, 0xD83A, 0xDD23, 0xD83A, 0xDD2B, 0xD83A, 0xDD2A, 0xD83A, 0xDD22, 0xD83A, 0xDD44, 0xD83A, 0xDD27));
					break;
				case 177: 
					if (style == 6) return String(CharArray::of(0xD83A, 0xDD0C, 0xD83A, 0xDD36, 0xD83A, 0xDD2D, 0xD83A, 0xDD32, 0xD83A, 0xDD22, 0xD83A, 0xDD3A, 0xD83A, 0xDD22));
					break;
				case 164: 
					if (style == 6) return String(CharArray::of(0xD83A, 0xDD03, 0xD83A, 0xDD2E, 0xD83A, 0xDD32, 0xD83A, 0xDD3C, 0xD83A, 0xDD2B, 0xD83A, 0xDD2A, 0xD83A, 0xDD2B, 0xD83A, 0xDD45, 0xD83A, 0xDD34));
					break;
				case 161: 
					if (style == 6) return String(CharArray::of(0xD83A, 0xDD03, 0xD83A, 0xDD2B, 0xD83A, 0xDD33, 0xD83A, 0xDD27, 0xD83A, 0xDD2D, 0xD83A, 0xDD33, 0xD83A, 0xDD2E, 0xD83A, 0xDD45, 0x20, 0xD83A, 0xDD05, 0xD83A, 0xDD2D, 0xD83A, 0xDD3C, 0xD83A, 0xDD2D, 0xD83A, 0xDD45));
					break;
				case 155: 
					if (style == 6) return String(CharArray::of(0xD83A, 0xDD03, 0xD83A, 0xDD22, 0xD83A, 0xDD3C, 0xD83A, 0xDD22, 0xD83A, 0xDD25, 0xD83A, 0xDD2E, 0xD83A, 0xDD2A, 0xD83A, 0xDD2E, 0xD83A, 0xDD45, 0xD83A, 0xDD27));
					break;
				case 159: 
					if (style == 6) return String(CharArray::of(0xD83A, 0xDD03, 0xD83A, 0xDD2B, 0xD83A, 0xDD2A, 0xD83A, 0xDD2D, 0xD83A, 0xDD23, 0xD83A, 0xDD22));
					break;
				case 88: 
					if (style == 6) return String(CharArray::of(0xD83A, 0xDD11, 0xD83A, 0xDD22, 0xD83A, 0xDD32, 0xD83A, 0xDD33, 0xD83A, 0xDD35, 0xD83A, 0xDD45, 0xD83A, 0xDD32));
					break;
				case 285: 
					if (style == 6) return String(CharArray::of(0xD83A, 0xDD11, 0xD83A, 0xDD35, 0xD83A, 0xDD31, 0xD83A, 0xDD22, 0xD83A, 0xDD24, 0xD83A, 0xDD22, 0x2D, 0xD83A, 0xDD02, 0xD83A, 0xDD2E, 0xD83A, 0xDD25, 0xD83A, 0xDD28, 0xD83A, 0xDD35, 0xD83A, 0xDD45, 0xD83A, 0xDD2A));
					break;
				case 286: 
					if (style == 6) return String(CharArray::of(0xD83A, 0xDD11, 0xD83A, 0xDD35, 0xD83A, 0xDD37, 0xD83A, 0xDD2D, 0xD83A, 0xDD32));
					break;
				case 38: 
					if (style == 6) return String(CharArray::of(0xD83A, 0xDD03, 0xD83A, 0xDD22, 0xD83A, 0xDD28, 0xD83A, 0xDD35, 0xD83A, 0xDD3C, 0xD83A, 0xDD2E));
					break;
				case 53: 
					if (style == 6) return String(CharArray::of(0xD83A, 0xDD0F, 0xD83A, 0xDD2D, 0xD83A, 0xDD32, 0xD83A, 0xDD23, 0xD83A, 0xDD35, 0xD83A, 0xDD45, 0xD83A, 0xDD33));
					break;
				case 550: 
					if (style == 6) return String(CharArray::of(0xD83A, 0xDD10, 0xD83A, 0xDD35, 0xD83A, 0xDD25, 0xD83A, 0xDD2B, 0xD83A, 0xDD34, 0xD83A, 0xDD22));
					break;
				case 45: 
					if (style == 6) return String(CharArray::of(0xD83A, 0xDD10, 0xD83A, 0xDD2D, 0xD83A, 0xDD34, 0xD83A, 0xDD22, 0xD83A, 0xDD25, 0xD83A, 0xDD2B));
					break;
				case 549: 
					if (style == 6) return String(CharArray::of(0xD83A, 0xDD10, 0xD83A, 0xDD2E, 0xD83A, 0xDD2A, 0xD83A, 0xDD2C, 0xD83A, 0xDD2E, 0xD83A, 0xDD24, 0xD83A, 0xDD33, 0xD83A, 0xDD35));
					break;
				case 31: 
					if (style == 6) return String(CharArray::of(0xD83A, 0xDD02, 0xD83A, 0xDD22, 0xD83A, 0xDD3A, 0xD83A, 0xDD2E, 0xD83A, 0xDD45, 0xD83A, 0xDD27));
					break;
				case 151: 
					if (style == 6) return String(CharArray::of(0xD83A, 0xDD03, 0xD83A, 0xDD22, 0xD83A, 0xDD32, 0xD83A, 0xDD22, 0xD83A, 0xDD31, 0xD83A, 0xDD22, 0xD83A, 0xDD44));
					break;
				case 425: 
					if (style == 6) return String(CharArray::of(0xD83A, 0xDD00, 0xD83A, 0xDD25, 0xD83A, 0xDD27, 0xD83A, 0xDD2D, 0xD83A, 0xDD3C, 0xD83A, 0xDD2B, 0xD83A, 0xDD2A, 0xD83A, 0xDD23, 0xD83A, 0xDD22, 0xD83A, 0xDD44, 0xD83A, 0xDD25));
					break;
				case 461: 
					if (style == 6) return String(CharArray::of(0xD83A, 0xDD0C, 0xD83A, 0xDD27, 0xD83A, 0xDD24, 0xD83A, 0xDD2E, 0xD83A, 0xDD38));
					break;
				case 281: 
					if (style == 6) return String(CharArray::of(0xD83A, 0xDD11, 0xD83A, 0xDD22, 0xD83A, 0xDD3C, 0xD83A, 0xDD2D, 0xD83A, 0xDD25, 0xD83A, 0xDD22, 0xD83A, 0xDD32, 0xD83A, 0xDD23, 0xD83A, 0xDD35));
					break;
				case 547: 
					if (style == 6) return String(CharArray::of(0xD83A, 0xDD10, 0xD83A, 0xDD22, 0xD83A, 0xDD31, 0xD83A, 0xDD2A, 0xD83A, 0xDD35));
					break;
				case 548: 
					if (style == 6) return String(CharArray::of(0xD83A, 0xDD10, 0xD83A, 0xDD35, 0xD83A, 0xDD45, 0xD83A, 0xDD31, 0xD83A, 0xDD2D));
					break;
				case 526: 
					if (style == 6) return String(CharArray::of(0xD83A, 0xDD15, 0xD83A, 0xDD22, 0xD83A, 0xDD43, 0xD83A, 0xDD22, 0xD83A, 0xDD44, 0xD83A, 0xDD25));
					break;
				case 524: 
					if (style == 6) return String(CharArray::of(0xD83A, 0xDD0C, 0xD83A, 0xDD33, 0xD83A, 0xDD24, 0xD83A, 0xDD22, 0xD83A, 0xDD32, 0xD83A, 0xDD23, 0xD83A, 0xDD2D));
					break;
				case 293: 
					if (style == 6) return String(CharArray::of(0xD83A, 0xDD03, 0xD83A, 0xDD35, 0xD83A, 0xDD27, 0xD83A, 0xDD33, 0xD83A, 0xDD22, 0xD83A, 0xDD3C, 0xD83A, 0xDD35));
					break;
				case 178: 
					if (style == 6) return String(CharArray::of(0xD83A, 0xDD06, 0xD83A, 0xDD22, 0xD83A, 0xDD32, 0xD83A, 0xDD22, 0xD83A, 0xDD32, 0xD83A, 0xDD25, 0xD83A, 0xDD22, 0xD83A, 0xDD44));
					break;
				case 146: 
					if (style == 6) return String(CharArray::of(0xD83A, 0xDD02, 0xD83A, 0xDD2D, 0xD83A, 0xDD45, 0xD83A, 0xDD25, 0xD83A, 0xDD22));
					break;
				case 560: 
					if (style == 6) return String(CharArray::of(0xD83A, 0xDD1A, 0xD83A, 0xDD22, 0xD83A, 0xDD38, 0xD83A, 0xDD2D, 0xD83A, 0xDD3C, 0xD83A, 0xDD2D, 0xD83A, 0xDD45));
					break;
				case 545: 
					if (style == 6) return String(CharArray::of(0xD83A, 0xDD03, 0xD83A, 0xDD22, 0xD83A, 0xDD2A, 0xD83A, 0xDD33, 0xD83A, 0xDD2B, 0xD83A, 0xDD27, 0xD83A, 0xDD22, 0xD83A, 0xDD44, 0xD83A, 0xDD27));
					break;
				case 535: 
					if (style == 6) return String(CharArray::of(0xD83A, 0xDD18, 0xD83A, 0xDD22, 0xD83A, 0xDD25, 0xD83A, 0xDD26, 0xD83A, 0xDD2D, 0xD83A, 0xDD34, 0xD83A, 0xDD2B, 0xD83A, 0xDD2A));
					break;
				case 556: 
					if (style == 6) return String(CharArray::of(0xD83A, 0xDD06, 0xD83A, 0xDD2E, 0xD83A, 0xDD2A, 0xD83A, 0xDD3C, 0xD83A, 0xDD35, 0x2D, 0xD83A, 0xDD03, 0xD83A, 0xDD2E, 0xD83A, 0xDD2A, 0xD83A, 0xDD2B, 0xD83A, 0xDD27, 0xD83A, 0xDD26, 0xD83A, 0xDD2D));
					break;
				case 525: 
					if (style == 6) return String(CharArray::of(0xD83A, 0xDD04, 0xD83A, 0xDD35, 0xD83A, 0xDD3A, 0xD83A, 0xDD2B, 0xD83A, 0xDD32, 0xD83A, 0xDD3E, 0xD83A, 0xDD2D, 0xD83A, 0xDD45, 0xD83A, 0xDD24));
					break;
				case 292: 
					if (style == 6) return String(CharArray::of(0xD83A, 0xDD03, 0xD83A, 0xDD22, 0xD83A, 0xDD32, 0xD83A, 0xDD2D, 0xD83A, 0xDD24, 0xD83A, 0xDD22));
					break;
				case 278: 
					if (style == 6) return String(CharArray::of(0xD83A, 0xDD11, 0xD83A, 0xDD22, 0xD83A, 0xDD2A, 0xD83A, 0xDD22, 0xD83A, 0xDD37, 0xD83A, 0xDD2D, 0xD83A, 0xDD45));
					break;
				case 485: 
					if (style == 6) return String(CharArray::of(0xD83A, 0xDD0F, 0xD83A, 0xDD22, 0xD83A, 0xDD2A, 0xD83A, 0xDD27, 0xD83A, 0xDD2E));
					break;
				case 162: 
					if (style == 6) return String(CharArray::of(0xD83A, 0xDD03, 0xD83A, 0xDD2B, 0xD83A, 0xDD33, 0xD83A, 0xDD2B, 0xD83A, 0xDD24, 0xD83A, 0xDD2E, 0xD83A, 0xDD32));
					break;
				case 553: 
					if (style == 6) return String(CharArray::of(0xD83A, 0xDD06, 0xD83A, 0xDD2D, 0xD83A, 0xDD3C, 0xD83A, 0xDD33, 0xD83A, 0xDD2D, 0xD83A, 0xDD45, 0xD83A, 0xDD2A, 0xD83A, 0xDD32, 0xD83A, 0xDD35));
					break;
				case 186: 
					if (style == 6) return String(CharArray::of(0xD83A, 0xDD06, 0xD83A, 0xDD2E, 0xD83A, 0xDD2A, 0xD83A, 0xDD3C, 0x2D, 0xD83A, 0xDD08, 0xD83A, 0xDD2D, 0xD83A, 0xDD33, 0xD83A, 0xDD2E, 0xD83A, 0xDD45));
					break;
				case 265: 
					if (style == 6) return String(CharArray::of(0xD83A, 0xDD18, 0xD83A, 0xDD22, 0xD83A, 0xDD44, 0xD83A, 0xDD41, 0xD83A, 0xDD22));
					break;
				case 267: 
					if (style == 6) return String(CharArray::of(0xD83A, 0xDD1D, 0xD83A, 0xDD2D, 0xD83A, 0xDD24, 0xD83A, 0xDD22, 0xD83A, 0xDD44, 0xD83A, 0xDD24, 0xD83A, 0xDD35));
					break;
				case 334: 
					if (style == 6) return String(CharArray::of(0xD83A, 0xDD00, 0xD83A, 0xDD41, 0xD83A, 0xDD2E, 0xD83A, 0xDD2A, 0xD83A, 0xDD2B, 0xD83A, 0xDD45, 0xD83A, 0xDD27));
					break;
				case 341: 
					if (style == 6) return String(CharArray::of(0xD83A, 0xDD03, 0xD83A, 0xDD22, 0xD83A, 0xDD34, 0xD83A, 0xDD23, 0xD83A, 0xDD2B, 0xD83A, 0xDD2A, 0xD83A, 0xDD22));
					break;
				case 450: 
					if (style == 6) return String(CharArray::of(0xD83A, 0xDD02, 0xD83A, 0xDD2D, 0xD83A, 0xDD27, 0xD83A, 0xDD26, 0xD83A, 0xDD2E, 0xD83A, 0xDD45, 0xD83A, 0xDD32));
					break;
				case 552: 
					if (style == 6) return String(CharArray::of(0xD83A, 0xDD06, 0xD83A, 0xDD22, 0xD83A, 0xDD24, 0xD83A, 0xDD22, 0xD83A, 0xDD31));
					break;
				case 73: 
					if (style == 6) return String(CharArray::of(0xD83A, 0xDD00, 0xD83A, 0xDD27, 0xD83A, 0xDD35, 0xD83A, 0xDD32, 0xD83A, 0xDD27, 0xD83A, 0xDD2D, 0xD83A, 0xDD34, 0xD83A, 0xDD2E, 0xD83A, 0xDD32));
					break;
				case 302: 
					if (style == 6) return String(CharArray::of(0xD83A, 0xDD17, 0xD83A, 0xDD22, 0xD83A, 0xDD3C, 0xD83A, 0xDD22, 0xD83A, 0xDD2A));
					break;
				case 506: 
					if (style == 6) return String(CharArray::of(0xD83A, 0xDD08, 0xD83A, 0xDD2B, 0xD83A, 0xDD45, 0xD83A, 0xDD32, 0xD83A, 0xDD2D, 0xD83A, 0xDD34, 0xD83A, 0xDD2E, 0xD83A, 0xDD32));
					break;
				case 434: 
					if (style == 6) return String(CharArray::of(0xD83A, 0xDD04, 0xD83A, 0xDD35, 0xD83A, 0xDD33, 0xD83A, 0xDD22, 0xD83A, 0xDD2A, 0xD83A, 0xDD2B, 0xD83A, 0xDD27, 0xD83A, 0xDD3C, 0xD83A, 0xDD2D));
					break;
				case 430: 
					if (style == 6) return String(CharArray::of(0xD83A, 0xDD04, 0xD83A, 0xDD2B, 0xD83A, 0xDD24, 0xD83A, 0xDD3A, 0xD83A, 0xDD22, 0xD83A, 0xDD2A, 0xD83A, 0xDD22, 0xD83A, 0xDD44, 0xD83A, 0xDD23));
					break;
				case 446: 
					if (style == 6) return String(CharArray::of(0xD83A, 0xDD11, 0xD83A, 0xDD22, 0xD83A, 0xDD24, 0xD83A, 0xDD2D, 0xD83A, 0xDD32, 0xD83A, 0xDD3A, 0xD83A, 0xDD22, 0xD83A, 0xDD2A, 0xD83A, 0xDD23));
					break;
				case 459: 
					if (style == 6) return String(CharArray::of(0xD83A, 0xDD03, 0xD83A, 0xDD2E, 0xD83A, 0xDD27, 0xD83A, 0xDD33, 0xD83A, 0xDD2E));
					break;
				case 484: 
					if (style == 6) return String(CharArray::of(0xD83A, 0xDD1C, 0xD83A, 0xDD2E, 0xD83A, 0xDD24, 0xD83A, 0xDD3A, 0xD83A, 0xDD2E, 0xD83A, 0xDD3A, 0xD83A, 0xDD22, 0xD83A, 0xDD2A, 0xD83A, 0xDD22, 0xD83A, 0xDD23));
					break;
				case 470: 
					if (style == 6) return String(CharArray::of(0xD83A, 0xDD05, 0xD83A, 0xDD22, 0xD83A, 0xDD2A, 0xD83A, 0xDD22, 0xD83A, 0xDD3C, 0xD83A, 0xDD2E, 0xD83A, 0xDD45, 0xD83A, 0xDD3E));
					break;
				case 427: 
					if (style == 6) return String(CharArray::of(0xD83A, 0xDD00, 0xD83A, 0xDD27, 0xD83A, 0xDD3C, 0xD83A, 0xDD22, 0xD83A, 0xDD2A, 0xD83A, 0xDD3F, 0xD83A, 0xDD22, 0xD83A, 0xDD44, 0xD83A, 0xDD32));
					break;
				case 478: 
					if (style == 6) return String(CharArray::of(0xD83A, 0xDD13, 0xD83A, 0xDD24, 0xD83A, 0xDD34, 0xD83A, 0xDD22, 0xD83A, 0xDD32, 0xD83A, 0xDD2E, 0xD83A, 0xDD3E, 0xD83A, 0xDD2E, 0xD83A, 0xDD27, 0xD83A, 0xDD33, 0xD83A, 0xDD35));
					break;
				case 448: 
					if (style == 6) return String(CharArray::of(0xD83A, 0xDD11, 0xD83A, 0xDD2D, 0xD83A, 0xDD2A, 0xD83A, 0xDD2E, 0xD83A, 0xDD45, 0xD83A, 0xDD3E, 0xD83A, 0xDD35));
					break;
				case 467: 
					if (style == 6) return String(CharArray::of(0xD83A, 0xDD05, 0xD83A, 0xDD22, 0xD83A, 0xDD25, 0xD83A, 0xDD22, 0xD83A, 0xDD2A, 0xD83A, 0xDD22));
					break;
				case 332: 
					if (style == 6) return String(CharArray::of(0xD83A, 0xDD12, 0xD83A, 0xDD22, 0xD83A, 0xDD33, 0xD83A, 0xDD22, 0xD83A, 0xDD3C, 0xD83A, 0xDD2B, 0xD83A, 0xDD2A, 0xD83A, 0xDD2D, 0xD83A, 0xDD32, 0xD83A, 0xDD26, 0xD83A, 0xDD35, 0xD83A, 0xDD2A, 0xD83A, 0xDD3A, 0xD83A, 0xDD35));
					break;
				case 297: 
					if (style == 6) return String(CharArray::of(0xD83A, 0xDD0C, 0xD83A, 0xDD25, 0xD83A, 0xDD27, 0xD83A, 0xDD35, 0xD83A, 0xDD33, 0xD83A, 0xDD35));
					break;
				case 296: 
					if (style == 6) return String(CharArray::of(0xD83A, 0xDD10, 0xD83A, 0xDD2E, 0xD83A, 0xDD3E, 0xD83A, 0xDD2E, 0xD83A, 0xDD27, 0xD83A, 0xDD2D, 0xD83A, 0xDD26, 0xD83A, 0xDD2D, 0xD83A, 0xDD2A, 0xD83A, 0xDD27, 0xD83A, 0xDD35, 0xD83A, 0xDD33));
					break;
				case 248: 
					if (style == 6) return String(CharArray::of(0xD83A, 0xDD04, 0xD83A, 0xDD22, 0xD83A, 0xDD2A, 0xD83A, 0xDD32, 0xD83A, 0xDD22, 0xD83A, 0xDD44, 0xD83A, 0xDD24, 0xD83A, 0xDD35));
					break;
				case 322: 
					if (style == 6) return String(CharArray::of(0xD83A, 0xDD1A, 0xD83A, 0xDD2E, 0xD83A, 0xDD25, 0xD83A, 0xDD27, 0xD83A, 0xDD35, 0xD83A, 0xDD33, 0xD83A, 0xDD35));
					break;
				case 295: 
					if (style == 6) return String(CharArray::of(0xD83A, 0xDD10, 0xD83A, 0xDD2E, 0xD83A, 0xDD3E, 0xD83A, 0xDD2E, 0xD83A, 0xDD33, 0xD83A, 0xDD35, 0xD83A, 0xDD41, 0xD83A, 0xDD32, 0xD83A, 0xDD2B, 0xD83A, 0xDD3C, 0xD83A, 0xDD2D, 0xD83A, 0xDD27, 0xD83A, 0xDD33, 0xD83A, 0xDD35));
					break;
				case 284: 
					if (style == 6) return String(CharArray::of(0xD83A, 0xDD11, 0xD83A, 0xDD22, 0xD83A, 0xDD2A, 0xD83A, 0xDD22, 0xD83A, 0xDD27, 0xD83A, 0xDD32, 0xD83A, 0xDD2E, 0xD83A, 0xDD34, 0xD83A, 0xDD22, 0xD83A, 0xDD2A, 0xD83A, 0xDD27, 0xD83A, 0xDD35, 0xD83A, 0xDD33, 0xD83A, 0xDD35));
					break;
				case 271: 
					if (style == 6) return String(CharArray::of(0xD83A, 0xDD0B, 0xD83A, 0xDD2A, 0xD83A, 0xDD33, 0xD83A, 0xDD35, 0xD83A, 0xDD3C, 0xD83A, 0xDD2D, 0xD83A, 0xDD27, 0xD83A, 0xDD33, 0xD83A, 0xDD35));
					break;
				case 253: 
					if (style == 6) return String(CharArray::of(0xD83A, 0xDD15, 0xD83A, 0xDD2D, 0xD83A, 0xDD45, 0xD83A, 0xDD3C, 0xD83A, 0xDD22));
					break;
				case 330: 
					if (style == 6) return String(CharArray::of(0xD83A, 0xDD12, 0xD83A, 0xDD22, 0xD83A, 0xDD33, 0xD83A, 0xDD35, 0xD83A, 0xDD3C, 0xD83A, 0xDD35, 0xD83A, 0xDD27, 0xD83A, 0xDD33, 0xD83A, 0xDD35));
					break;
				case 329: 
					if (style == 6) return String(CharArray::of(0xD83A, 0xDD1C, 0xD83A, 0xDD2D, 0xD83A, 0xDD24, 0xD83A, 0xDD22, 0xD83A, 0xDD23, 0xD83A, 0xDD2D, 0xD83A, 0xDD3E, 0xD83A, 0xDD2E, 0xD83A, 0xDD27, 0xD83A, 0xDD3C, 0xD83A, 0xDD2E, 0xD83A, 0xDD45, 0xD83A, 0xDD33, 0xD83A, 0xDD35));
					break;
				case 282: 
					if (style == 6) return String(CharArray::of(0xD83A, 0xDD1D, 0xD83A, 0xDD22, 0xD83A, 0xDD32, 0xD83A, 0xDD23, 0xD83A, 0xDD2D, 0xD83A, 0xDD3A, 0xD83A, 0xDD22));
					break;
				case 308: 
					if (style == 6) return String(CharArray::of(0xD83A, 0xDD05, 0xD83A, 0xDD22, 0xD83A, 0xDD3F, 0xD83A, 0xDD22, 0xD83A, 0xDD24, 0xD83A, 0xDD2D, 0xD83A, 0xDD45, 0xD83A, 0xDD32));
					break;
				case 327: 
					if (style == 6) return String(CharArray::of(0xD83A, 0xDD13, 0xD83A, 0xDD27, 0xD83A, 0xDD3C, 0xD83A, 0xDD22, 0x2D, 0xD83A, 0xDD10, 0xD83A, 0xDD2B, 0xD83A, 0xDD2A, 0xD83A, 0xDD22));
					break;
				case 290: 
					if (style == 6) return String(CharArray::of(0xD83A, 0xDD03, 0xD83A, 0xDD22, 0xD83A, 0xDD3A, 0xD83A, 0xDD22, 0xD83A, 0xDD23, 0xD83A, 0xDD22, 0xD83A, 0xDD32));
					break;
				case 313: 
					if (style == 6) return String(CharArray::of(0xD83A, 0xDD05, 0xD83A, 0xDD2D, 0xD83A, 0xDD2A, 0xD83A, 0xDD2B, 0xD83A, 0xDD23, 0xD83A, 0xDD33, 0xD83A, 0xDD2E, 0xD83A, 0xDD24, 0xD83A, 0xDD2D, 0xD83A, 0xDD25, 0xD83A, 0xDD27, 0xD83A, 0xDD35));
					break;
				case 277: 
					if (style == 6) return String(CharArray::of(0xD83A, 0xDD11, 0xD83A, 0xDD22, 0xD83A, 0xDD25, 0xD83A, 0xDD37, 0xD83A, 0xDD22, 0xD83A, 0xDD3C, 0xD83A, 0xDD2D, 0xD83A, 0xDD33, 0xD83A, 0xDD22));
					break;
				case 238: 
					if (style == 6) return String(CharArray::of(0xD83A, 0xDD00, 0xD83A, 0xDD32, 0xD83A, 0xDD22, 0xD83A, 0xDD23, 0xD83A, 0xDD2D, 0xD83A, 0xDD45, 0xD83A, 0xDD2A));
					break;
				case 29: 
					if (style == 6) return String(CharArray::of(0xD83A, 0xDD11, 0xD83A, 0xDD2D, 0xD83A, 0xDD3A, 0xD83A, 0xDD22, 0xD83A, 0xDD24, 0xD83A, 0xDD2D));
					break;
				case 306: 
					if (style == 6) return String(CharArray::of(0xD83A, 0xDD08, 0xD83A, 0xDD2D, 0xD83A, 0xDD34, 0xD83A, 0xDD22, 0xD83A, 0xDD44, 0xD83A, 0xDD23));
					break;
				case 536: 
					if (style == 6) return String(CharArray::of(0xD83A, 0xDD18, 0xD83A, 0xDD35, 0xD83A, 0xDD31, 0xD83A, 0xDD22, 0xD83A, 0xDD23, 0xD83A, 0xDD22, 0xD83A, 0xDD24, 0xD83A, 0xDD33, 0xD83A, 0xDD22, 0xD83A, 0xDD32, 0xD83A, 0xDD22, 0xD83A, 0xDD24));
					break;
				case 502: 
					if (style == 6) return String(CharArray::of(0xD83A, 0xDD03, 0xD83A, 0xDD22, 0xD83A, 0xDD38, 0xD83A, 0xDD2B, 0xD83A, 0xDD45));
					break;
				case 28: 
					if (style == 6) return String(CharArray::of(0xD83A, 0xDD1D, 0xD83A, 0xDD22, 0xD83A, 0xDD2A, 0xD83A, 0xDD3C, 0xD83A, 0xDD35, 0xD83A, 0xDD45, 0xD83A, 0xDD25));
					break;
				case 474: 
					if (style == 6) return String(CharArray::of(0xD83A, 0xDD05, 0xD83A, 0xDD2D, 0xD83A, 0xDD3C, 0xD83A, 0xDD2E, 0xD83A, 0xDD33, 0xD83A, 0xDD2E, 0xD83A, 0xDD24, 0xD83A, 0xDD25, 0xD83A, 0xDD35));
					break;
				case 312: 
					if (style == 6) return String(CharArray::of(0xD83A, 0xDD05, 0xD83A, 0xDD2D, 0xD83A, 0xDD32, 0xD83A, 0xDD3A, 0xD83A, 0xDD22, 0xD83A, 0xDD28, 0xD83A, 0xDD35, 0xD83A, 0xDD45, 0xD83A, 0xDD2A));
					break;
				case 344: 
					if (style == 6) return String(CharArray::of(0xD83A, 0xDD05, 0xD83A, 0xDD2B, 0xD83A, 0xDD32, 0xD83A, 0xDD3C, 0x2D, 0xD83A, 0xDD16, 0xD83A, 0xDD2B, 0xD83A, 0xDD24, 0xD83A, 0xDD2B, 0xD83A, 0xDD32, 0xD83A, 0xDD22, 0xD83A, 0xDD44));
					break;
				case 451: 
					if (style == 6) return String(CharArray::of(0xD83A, 0xDD0B, 0xD83A, 0xDD36, 0xD83A, 0xDD35, 0xD83A, 0xDD26, 0xD83A, 0xDD35, 0xD83A, 0xDD24, 0xD83A, 0xDD36, 0xD83A, 0xDD22, 0xD83A, 0xDD32, 0xD83A, 0xDD22));
					break;
				case 234: 
					if (style == 6) return String(CharArray::of(0xD83A, 0xDD02, 0xD83A, 0xDD2E, 0xD83A, 0xDD32, 0xD83A, 0xDD36, 0xD83A, 0xDD2D, 0xD83A, 0xDD2A, 0xD83A, 0xDD26, 0xD83A, 0xDD2D, 0xD83A, 0xDD34, 0xD83A, 0xDD2B, 0xD83A, 0xDD45, 0xD83A, 0xDD32));
					break;
				case 432: 
					if (style == 6) return String(CharArray::of(0xD83A, 0xDD04, 0xD83A, 0xDD22, 0xD83A, 0xDD2A, 0xD83A, 0xDD22, 0xD83A, 0xDD3C, 0xD83A, 0xDD2D, 0xD83A, 0xDD27, 0xD83A, 0xDD24, 0xD83A, 0xDD22, 0xD83A, 0xDD3E, 0xD83A, 0xDD22));
					break;
				case 22: 
					if (style == 6) return String(CharArray::of(0xD83A, 0xDD0A, 0xD83A, 0xDD2D, 0xD83A, 0xDD2A, 0xD83A, 0xDD3C, 0xD83A, 0xDD2E, 0xD83A, 0xDD32));
					break;
				case 468: 
					if (style == 6) return String(CharArray::of(0xD83A, 0xDD05, 0xD83A, 0xDD22, 0xD83A, 0xDD32, 0x2D, 0xD83A, 0xDD03, 0xD83A, 0xDD22, 0xD83A, 0xDD2A, 0xD83A, 0xDD2D, 0xD83A, 0xDD32, 0xD83A, 0xDD2E));
					break;
				case 17: 
					if (style == 6) return String(CharArray::of(0xD83A, 0xDD01, 0xD83A, 0xDD22, 0xD83A, 0xDD33, 0xD83A, 0xDD22, 0xD83A, 0xDD44, 0xD83A, 0xDD2A));
					break;
				case 41: 
					if (style == 6) return String(CharArray::of(0xD83A, 0xDD03, 0xD83A, 0xDD35, 0xD83A, 0xDD39, 0xD83A, 0xDD46, 0xD83A, 0xDD22, 0xD83A, 0xDD27, 0xD83A, 0xDD2E, 0xD83A, 0xDD45));
					break;
				case 180: 
					if (style == 6) return String(CharArray::of(0xD83A, 0xDD06, 0xD83A, 0xDD22, 0xD83A, 0xDD2A, 0xD83A, 0xDD22, 0xD83A, 0xDD25, 0xD83A, 0xDD22, 0xD83A, 0xDD2A, 0xD83A, 0xDD2D, 0xD83A, 0xDD26, 0xD83A, 0xDD2E));
					break;
				case 26: 
					if (style == 6) return String(CharArray::of(0xD83A, 0xDD14, 0xD83A, 0xDD35, 0xD83A, 0xDD26, 0xD83A, 0xDD22));
					break;
				case 49: 
					if (style == 6) return String(CharArray::of(0xD83A, 0xDD05, 0xD83A, 0xDD22, 0xD83A, 0xDD31, 0xD83A, 0xDD2E, 0x2D, 0xD83A, 0xDD1A, 0xD83A, 0xDD2E, 0xD83A, 0xDD25, 0xD83A, 0xDD2B, 0xD83A, 0xDD45));
					break;
				case 110: 
					if (style == 6) return String(CharArray::of(0xD83A, 0xDD09, 0xD83A, 0xDD24, 0x2D, 0xD83A, 0xDD05, 0xD83A, 0xDD22, 0xD83A, 0xDD24, 0xD83A, 0xDD3E, 0xD83A, 0xDD22, 0xD83A, 0xDD23, 0xD83A, 0xDD2E, 0xD83A, 0xDD45, 0xD83A, 0xDD2A));
					break;
				case 149: 
					if (style == 6) return String(CharArray::of(0xD83A, 0xDD02, 0xD83A, 0xDD2E, 0xD83A, 0xDD31, 0xD83A, 0xDD2E, 0x20, 0xD83A, 0xDD06, 0xD83A, 0xDD2A, 0xD83A, 0xDD2B, 0xD83A, 0xDD32, 0xD83A, 0xDD27, 0xD83A, 0xDD2B, 0xD83A, 0xDD45, 0xD83A, 0xDD27, 0x20, 0xD83A, 0xDD11, 0xD83A, 0xDD2E, 0xD83A, 0xDD23, 0xD83A, 0xDD2E, 0xD83A, 0xDD45));
					break;
				case 259: 
					if (style == 6) return String(CharArray::of(0xD83A, 0xDD01, 0xD83A, 0xDD22, 0xD83A, 0xDD25, 0xD83A, 0xDD22, 0xD83A, 0xDD27, 0xD83A, 0xDD39, 0xD83A, 0xDD22));
					break;
				case 40: 
					if (style == 6) return String(CharArray::of(0xD83A, 0xDD10, 0xD83A, 0xDD4B, 0xD83A, 0xDD04, 0xD83A, 0xDD22, 0xD83A, 0xDD26, 0xD83A, 0xDD22, 0xD83A, 0xDD44, 0xD83A, 0xDD32, 0xD83A, 0xDD2B));
					break;
				case 118: 
					if (style == 6) return String(CharArray::of(0xD83A, 0xDD18, 0xD83A, 0xDD2A, 0xD83A, 0xDD22, 0xD83A, 0xDD32, 0xD83A, 0xDD23, 0x2D, 0xD83A, 0xDD1A, 0xD83A, 0xDD35, 0xD83A, 0xDD2A, 0xD83A, 0xDD33));
					break;
				case 44: 
					if (style == 6) return String(CharArray::of(0xD83A, 0xDD10, 0xD83A, 0xDD4B, 0xD83A, 0xDD14, 0xD83A, 0xDD22, 0xD83A, 0xDD25, 0xD83A, 0xDD2B, 0xD83A, 0xDD32, 0xD83A, 0xDD22));
					break;
				case 501: 
					if (style == 6) return String(CharArray::of(0xD83A, 0xDD11, 0xD83A, 0xDD2B, 0xD83A, 0xDD2A, 0xD83A, 0xDD3A, 0xD83A, 0xDD2B, 0xD83A, 0xDD24, 0xD83A, 0xDD2B, 0xD83A, 0xDD32));
					break;
				case 33: 
					if (style == 6) return String(CharArray::of(0xD83A, 0xDD02, 0xD83A, 0xDD2E, 0xD83A, 0xDD25, 0xD83A, 0xDD2B));
					break;
				case 247: 
					if (style == 6) return String(CharArray::of(0xD83A, 0xDD04, 0xD83A, 0xDD22, 0xD83A, 0xDD32, 0xD83A, 0xDD33, 0xD83A, 0xDD2E, 0xD83A, 0xDD45, 0xD83A, 0xDD33, 0xD83A, 0xDD35));
					break;
				case 263: 
					if (style == 6) return String(CharArray::of(0xD83A, 0xDD01, 0xD83A, 0xDD35, 0xD83A, 0xDD27, 0xD83A, 0xDD22, 0xD83A, 0xDD32, 0xD83A, 0xDD26, 0xD83A, 0xDD2B));
					break;
				case 531: 
					if (style == 6) return String(CharArray::of(0xD83A, 0xDD0A, 0xD83A, 0xDD22, 0xD83A, 0xDD33, 0xD83A, 0xDD22, 0xD83A, 0xDD31, 0xD83A, 0xDD2C, 0xD83A, 0xDD2E));
					break;
				case 261: 
					if (style == 6) return String(CharArray::of(0xD83A, 0xDD01, 0xD83A, 0xDD2B, 0xD83A, 0xDD24, 0xD83A, 0xDD2D, 0xD83A, 0xDD45));
					break;
				case 241: 
					if (style == 6) return String(CharArray::of(0xD83A, 0xDD00, 0xD83A, 0xDD27, 0xD83A, 0xDD3A, 0xD83A, 0xDD22, 0xD83A, 0xDD26, 0xD83A, 0xDD22, 0xD83A, 0xDD3C, 0xD83A, 0xDD35));
					break;
				case 52: 
					if (style == 6) return String(CharArray::of(0xD83A, 0xDD1A, 0xD83A, 0xDD35, 0xD83A, 0xDD45, 0xD83A, 0xDD32, 0xD83A, 0xDD35, 0xD83A, 0xDD27));
					break;
				case 562: 
					if (style == 6) return String(CharArray::of(0xD83A, 0xDD1A, 0xD83A, 0xDD2E, 0xD83A, 0xDD32, 0xD83A, 0xDD3A, 0xD83A, 0xDD22, 0xD83A, 0xDD3C, 0xD83A, 0xDD22, 0xD83A, 0xDD44, 0xD83A, 0xDD28, 0xD83A, 0xDD35));
					break;
				case 444: 
					if (style == 6) return String(CharArray::of(0xD83A, 0xDD0B, 0xD83A, 0xDD27, 0xD83A, 0xDD3C, 0xD83A, 0xDD22, 0xD83A, 0xDD25, 0xD83A, 0xDD26, 0xD83A, 0xDD35, 0xD83A, 0xDD24));
					break;
				case 183: 
					if (style == 6) return String(CharArray::of(0xD83A, 0xDD06, 0xD83A, 0xDD2E, 0xD83A, 0xDD2A, 0xD83A, 0xDD3C, 0x20, 0xD83A, 0xDD2E, 0xD83A, 0xDD2C, 0x20, 0xD83A, 0xDD05, 0xD83A, 0xDD2D, 0xD83A, 0xDD28, 0xD83A, 0xDD2B, 0xD83A, 0xDD45, 0xD83A, 0xDD32));
					break;
				case 533: 
					if (style == 6) return String(CharArray::of(0xD83A, 0xDD0A, 0xD83A, 0xDD35, 0xD83A, 0xDD32, 0xD83A, 0xDD22, 0xD83A, 0xDD2C, 0xD83A, 0xDD35, 0xD83A, 0xDD3C, 0xD83A, 0xDD2D, 0xD83A, 0xDD45));
					break;
				case 314: 
					if (style == 6) return String(CharArray::of(0xD83A, 0xDD1A, 0xD83A, 0xDD22, 0xD83A, 0xDD34, 0xD83A, 0xDD28, 0xD83A, 0xDD2B, 0xD83A, 0xDD45));
					break;
				case 18: 
					if (style == 6) return String(CharArray::of(0xD83A, 0xDD01, 0xD83A, 0xDD22, 0xD83A, 0xDD44, 0xD83A, 0xDD2A, 0xD83A, 0xDD2B, 0x2D, 0xD83A, 0xDD05, 0xD83A, 0xDD22, 0xD83A, 0xDD24, 0xD83A, 0xDD22, 0xD83A, 0xDD44, 0xD83A, 0xDD25, 0xD83A, 0xDD35));
					break;
				case 447: 
					if (style == 6) return String(CharArray::of(0xD83A, 0xDD11, 0xD83A, 0xDD2D, 0xD83A, 0xDD34, 0xD83A, 0xDD2B, 0xD83A, 0xDD45, 0xD83A, 0xDD3E));
					break;
				case 471: 
					if (style == 6) return String(CharArray::of(0xD83A, 0xDD05, 0xD83A, 0xDD2D, 0xD83A, 0xDD25, 0xD83A, 0xDD2C, 0xD83A, 0xDD2B, 0xD83A, 0xDD2A, 0xD83A, 0xDD28, 0xD83A, 0xDD2E, 0xD83A, 0xDD45, 0xD83A, 0xDD24));
					break;
				case 27: 
					if (style == 6) return String(CharArray::of(0xD83A, 0xDD11, 0xD83A, 0xDD22, 0xD83A, 0xDD25, 0xD83A, 0xDD28, 0xD83A, 0xDD22, 0xD83A, 0xDD24, 0xD83A, 0xDD22));
					break;
				case 546: 
					if (style == 6) return String(CharArray::of(0xD83A, 0xDD03, 0xD83A, 0xDD2D, 0xD83A, 0xDD23, 0xD83A, 0xDD31, 0xD83A, 0xDD2B, 0xD83A, 0xDD45));
					break;
				case 564: 
					if (style == 6) return String(CharArray::of(0xD83A, 0xDD0F, 0xD83A, 0xDD2B, 0xD83A, 0xDD45, 0xD83A, 0xDD33, 0xD83A, 0xDD35));
					break;
				case 54: 
					if (style == 6) return String(CharArray::of(0xD83A, 0xDD00, 0xD83A, 0xDD23, 0xD83A, 0xDD22, 0xD83A, 0xDD33));
					break;
				case 171: 
					if (style == 6) return String(CharArray::of(0xD83A, 0xDD10, 0xD83A, 0xDD2E, 0xD83A, 0xDD31, 0xD83A, 0xDD25, 0xD83A, 0xDD35));
					break;
				case 538: 
					if (style == 3) return String(CharArray::of(0xD83A, 0xDD11, 0xD83A, 0xDD16, 0xD83A, 0xDD16));
					if (style == 4) return String(CharArray::of(0xD83A, 0xDD11, 0xD83A, 0xDD16, 0xD83A, 0xDD16));
					if (style == 5) return String(CharArray::of(0xD83A, 0xDD11, 0xD83A, 0xDD15, 0xD83A, 0xDD16));
					break;
				case 55: 
					if (style == 6) return String(CharArray::of(0xD83A, 0xDD00, 0xD83A, 0xDD32, 0xD83A, 0xDD27, 0xD83A, 0xDD2E, 0xD83A, 0xDD2A, 0xD83A, 0xDD22, 0xD83A, 0xDD44, 0xD83A, 0xDD36, 0xD83A, 0xDD35));
					break;
				case 220: 
					if (style == 6) return String(CharArray::of(0xD83A, 0xDD12, 0xD83A, 0xDD22, 0xD83A, 0xDD33, 0xD83A, 0xDD35, 0xD83A, 0xDD3C, 0xD83A, 0xDD22, 0xD83A, 0xDD3C));
					break;
				case 202: 
					if (style == 6) return String(CharArray::of(0xD83A, 0xDD05, 0xD83A, 0xDD2D, 0xD83A, 0xDD3C, 0xD83A, 0xDD33, 0xD83A, 0xDD22));
					break;
				case 140: 
					if (style == 6) return String(CharArray::of(0xD83A, 0xDD14, 0xD83A, 0xDD35, 0xD83A, 0xDD45, 0xD83A, 0xDD32, 0xD83A, 0xDD2E, 0xD83A, 0xDD45));
					break;
				case 160: 
					if (style == 6) return String(CharArray::of(0xD83A, 0xDD03, 0xD83A, 0xDD2B, 0xD83A, 0xDD3C, 0xD83A, 0xDD24, 0xD83A, 0xDD22, 0xD83A, 0xDD33, 0xD83A, 0xDD22, 0xD83A, 0xDD3C, 0xD83A, 0xDD24, 0xD83A, 0xDD22));
					break;
				case 147: 
					if (style == 6) return String(CharArray::of(0xD83A, 0xDD02, 0xD83A, 0xDD2E, 0xD83A, 0xDD27, 0x2D, 0xD83A, 0xDD00, 0xD83A, 0xDD3A, 0xD83A, 0xDD2B, 0xD83A, 0xDD24, 0xD83A, 0xDD2B, 0xD83A, 0xDD45, 0xD83A, 0xDD27));
					break;
				case 84: 
					if (style == 6) return String(CharArray::of(0xD83A, 0xDD04, 0xD83A, 0xDD2E, 0xD83A, 0xDD34, 0xD83A, 0xDD41, 0xD83A, 0xDD2D, 0xD83A, 0xDD45));
					break;
				case 181: 
					if (style == 6) return String(CharArray::of(0xD83A, 0xDD0A, 0xD83A, 0xDD2D, 0xD83A, 0xDD32, 0xD83A, 0xDD2D, 0xD83A, 0xDD33, 0xD83A, 0xDD27));
					break;
				case 105: 
					if (style == 6) return String(CharArray::of(0xD83A, 0xDD01, 0xD83A, 0xDD2B, 0xD83A, 0xDD32, 0xD83A, 0xDD3E, 0xD83A, 0xDD2E, 0xD83A, 0xDD45));
					break;
				case 173: 
					if (style == 6) return String(CharArray::of(0xD83A, 0xDD04, 0xD83A, 0xDD35, 0xD83A, 0xDD24, 0xD83A, 0xDD22, 0xD83A, 0xDD44, 0x2C, 0x20, 0xD83A, 0xDD10, 0xD83A, 0xDD2E, 0xD83A, 0xDD2A, 0xD83A, 0xDD2C, 0x2D, 0xD83A, 0xDD01, 0xD83A, 0xDD22, 0xD83A, 0xDD33, 0xD83A, 0xDD2E, 0xD83A, 0xDD3C, 0xD83A, 0xDD22));
					break;
				case 175: 
					if (style == 6) return String(CharArray::of(0xD83A, 0xDD10, 0xD83A, 0xDD2B, 0xD83A, 0xDD31, 0x2D, 0xD83A, 0xDD05, 0xD83A, 0xDD2B, 0xD83A, 0xDD24, 0xD83A, 0xDD2B, 0xD83A, 0xDD25, 0x2C, 0x20, 0xD83A, 0xDD10, 0xD83A, 0xDD2E, 0xD83A, 0xDD2A, 0xD83A, 0xDD2C, 0x2D, 0xD83A, 0xDD01, 0xD83A, 0xDD22, 0xD83A, 0xDD33, 0xD83A, 0xDD2E, 0xD83A, 0xDD3C, 0xD83A, 0xDD22, 0xD83A, 0xDD44));
					break;
				case 174: 
					if (style == 6) return String(CharArray::of(0xD83A, 0xDD05, 0xD83A, 0xDD2B, 0xD83A, 0xDD32, 0xD83A, 0xDD3C, 0xD83A, 0xDD2E, 0xD83A, 0xDD45, 0x2C, 0x20, 0xD83A, 0xDD10, 0xD83A, 0xDD2E, 0xD83A, 0xDD2A, 0xD83A, 0xDD2C, 0x2D, 0xD83A, 0xDD01, 0xD83A, 0xDD22, 0xD83A, 0xDD33, 0xD83A, 0xDD2E, 0xD83A, 0xDD3C, 0xD83A, 0xDD22, 0xD83A, 0xDD44));
					break;
				case 93: 
					if (style == 6) return String(CharArray::of(0xD83A, 0xDD15, 0xD83A, 0xDD2D, 0xD83A, 0xDD33, 0xD83A, 0xDD22, 0xD83A, 0xDD44, 0xD83A, 0xDD3A, 0xD83A, 0xDD2E, 0xD83A, 0xDD45));
					break;
				case 158: 
					if (style == 6) return String(CharArray::of(0xD83A, 0xDD03, 0xD83A, 0xDD2B, 0xD83A, 0xDD32, 0xD83A, 0xDD2E, 0xD83A, 0xDD25, 0xD83A, 0xDD2D, 0xD83A, 0xDD32, 0xD83A, 0xDD2D));
					break;
				case 133: 
					if (style == 6) return String(CharArray::of(0xD83A, 0xDD1C, 0xD83A, 0xDD2D, 0xD83A, 0xDD32, 0xD83A, 0xDD27, 0xD83A, 0xDD2B, 0xD83A, 0xDD45, 0xD83A, 0xDD32, 0x2C, 0x20, 0xD83A, 0xDD0B, 0xD83A, 0xDD32, 0xD83A, 0xDD23, 0xD83A, 0xDD2D, 0xD83A, 0xDD34, 0xD83A, 0xDD22, 0xD83A, 0xDD32, 0xD83A, 0xDD22, 0xD83A, 0xDD44));
					break;
				case 130: 
					if (style == 6) return String(CharArray::of(0xD83A, 0xDD06, 0xD83A, 0xDD2B, 0xD83A, 0xDD3C, 0xD83A, 0xDD2E, 0xD83A, 0xDD27, 0xD83A, 0xDD04, 0xD83A, 0xDD35, 0xD83A, 0xDD45, 0xD83A, 0xDD2A, 0xD83A, 0xDD3A, 0x2C, 0x20, 0xD83A, 0xDD0B, 0xD83A, 0xDD32, 0xD83A, 0xDD23, 0xD83A, 0xDD2D, 0xD83A, 0xDD34, 0xD83A, 0xDD22, 0xD83A, 0xDD32, 0xD83A, 0xDD22, 0xD83A, 0xDD44));
					break;
				case 131: 
					if (style == 6) return String(CharArray::of(0xD83A, 0xDD1A, 0xD83A, 0xDD2B, 0xD83A, 0xDD24, 0x2D, 0xD83A, 0xDD05, 0xD83A, 0xDD2D, 0xD83A, 0xDD3C, 0xD83A, 0xDD2D, 0xD83A, 0xDD45, 0x2C, 0x20, 0xD83A, 0xDD0B, 0xD83A, 0xDD32, 0xD83A, 0xDD23, 0xD83A, 0xDD2D, 0xD83A, 0xDD34, 0xD83A, 0xDD22, 0xD83A, 0xDD32, 0xD83A, 0xDD22, 0xD83A, 0xDD44));
					break;
				case 128: 
					if (style == 6) return String(CharArray::of(0xD83A, 0xDD10, 0xD83A, 0xDD2E, 0xD83A, 0xDD33, 0xD83A, 0xDD27, 0xD83A, 0xDD35, 0x2C, 0x20, 0xD83A, 0xDD0B, 0xD83A, 0xDD23, 0xD83A, 0xDD2D, 0xD83A, 0xDD34, 0xD83A, 0xDD22, 0xD83A, 0xDD32, 0xD83A, 0xDD22, 0xD83A, 0xDD44));
					break;
				case 134: 
					if (style == 6) return String(CharArray::of(0xD83A, 0xDD0F, 0xD83A, 0xDD2D, 0xD83A, 0xDD32, 0xD83A, 0xDD22, 0xD83A, 0xDD25, 0xD83A, 0xDD22, 0xD83A, 0xDD33, 0x2C, 0x20, 0xD83A, 0xDD0B, 0xD83A, 0xDD32, 0xD83A, 0xDD23, 0xD83A, 0xDD2D, 0xD83A, 0xDD34, 0xD83A, 0xDD22, 0xD83A, 0xDD32, 0xD83A, 0xDD22, 0xD83A, 0xDD44));
					break;
				case 129: 
					if (style == 6) return String(CharArray::of(0xD83A, 0xDD03, 0xD83A, 0xDD22, 0xD83A, 0xDD2A, 0xD83A, 0xDD2B, 0xD83A, 0xDD32, 0xD83A, 0xDD3A, 0xD83A, 0xDD2E, 0x2C, 0x20, 0xD83A, 0xDD0B, 0xD83A, 0xDD32, 0xD83A, 0xDD23, 0xD83A, 0xDD2D, 0xD83A, 0xDD34, 0xD83A, 0xDD22, 0xD83A, 0xDD32, 0xD83A, 0xDD22, 0xD83A, 0xDD44));
					break;
				case 135: 
					if (style == 6) return String(CharArray::of(0xD83A, 0xDD0B, 0xD83A, 0xDD32, 0xD83A, 0xDD23, 0xD83A, 0xDD2D, 0xD83A, 0xDD34, 0xD83A, 0xDD22, 0xD83A, 0xDD32, 0xD83A, 0xDD22, 0xD83A, 0xDD44, 0xD83A, 0xDD28, 0xD83A, 0xDD2E, 0xD83A, 0xDD24, 0xD83A, 0xDD2D, 0xD83A, 0xDD27));
					break;
				case 148: 
					if (style == 6) return String(CharArray::of(0xD83A, 0xDD02, 0xD83A, 0xDD35, 0xD83A, 0xDD2D, 0xD83A, 0xDD3E, 0xD83A, 0xDD2D, 0xD83A, 0xDD24));
					break;
				case 132: 
					if (style == 6) return String(CharArray::of(0xD83A, 0xDD1C, 0xD83A, 0xDD2B, 0xD83A, 0xDD45, 0xD83A, 0xDD3E, 0xD83A, 0xDD2B, 0xD83A, 0xDD34, 0x2C, 0x20, 0xD83A, 0xDD0B, 0xD83A, 0xDD32, 0xD83A, 0xDD23, 0xD83A, 0xDD2D, 0xD83A, 0xDD34, 0xD83A, 0xDD22, 0xD83A, 0xDD32, 0xD83A, 0xDD22, 0xD83A, 0xDD44));
					break;
				case 142: 
					if (style == 6) return String(CharArray::of(0xD83A, 0xDD03, 0xD83A, 0xDD2E, 0xD83A, 0xDD32, 0xD83A, 0xDD3C, 0xD83A, 0xDD2D, 0xD83A, 0xDD37, 0xD83A, 0xDD2B, 0xD83A, 0xDD24, 0xD83A, 0xDD2E, 0xD83A, 0xDD45, 0x2C, 0x20, 0xD83A, 0xDD11, 0xD83A, 0xDD2B, 0xD83A, 0xDD32, 0xD83A, 0xDD3C, 0xD83A, 0xDD2E, 0xD83A, 0xDD45, 0xD83A, 0xDD33, 0xD83A, 0xDD2D, 0xD83A, 0xDD45));
					break;
				case 106: 
					if (style == 6) return String(CharArray::of(0xD83A, 0xDD01, 0xD83A, 0xDD2D, 0xD83A, 0xDD3C, 0xD83A, 0xDD2A, 0xD83A, 0xDD2E, 0xD83A, 0xDD34, 0xD83A, 0xDD3C));
					break;
				case 169: 
					if (style == 6) return String(CharArray::of(0xD83A, 0xDD10, 0xD83A, 0xDD2B, 0xD83A, 0xDD31, 0x2D, 0xD83A, 0xDD12, 0xD83A, 0xDD2E, 0xD83A, 0xDD2A, 0xD83A, 0xDD33));
					break;
				case 165: 
					if (style == 6) return String(CharArray::of(0xD83A, 0xDD03, 0xD83A, 0xDD2E, 0xD83A, 0xDD32, 0xD83A, 0xDD3C, 0xD83A, 0xDD2B, 0xD83A, 0xDD3E, 0xD83A, 0xDD2D, 0xD83A, 0xDD23, 0xD83A, 0xDD2D, 0xD83A, 0xDD34, 0xD83A, 0xDD2E, 0xD83A, 0xDD45));
					break;
				case 309: 
					if (style == 6) return String(CharArray::of(0xD83A, 0xDD05, 0xD83A, 0xDD22, 0xD83A, 0xDD25, 0xD83A, 0xDD22, 0xD83A, 0xDD2A, 0xD83A, 0xDD33, 0xD83A, 0xDD22, 0xD83A, 0xDD32, 0xD83A, 0xDD23, 0xD83A, 0xDD35));
					break;
				case 315: 
					if (style == 6) return String(CharArray::of(0xD83A, 0xDD1A, 0xD83A, 0xDD22, 0xD83A, 0xDD27, 0xD83A, 0xDD33, 0xD83A, 0xDD2B, 0xD83A, 0xDD32, 0xD83A, 0xDD3C, 0xD83A, 0xDD35));
					break;
				case 481: 
					if (style == 6) return String(CharArray::of(0xD83A, 0xDD1C, 0xD83A, 0xDD22, 0xD83A, 0xDD3C, 0xD83A, 0xDD2D, 0xD83A, 0xDD33, 0xD83A, 0xDD22, 0xD83A, 0xDD32));
					break;
				case 208: 
					if (style == 6) return String(CharArray::of(0xD83A, 0xDD05, 0xD83A, 0xDD2B, 0xD83A, 0xDD32, 0xD83A, 0xDD3C, 0x2D, 0xD83A, 0xDD1C, 0xD83A, 0xDD2B, 0xD83A, 0xDD32, 0xD83A, 0xDD27, 0xD83A, 0xDD2B, 0xD83A, 0xDD32, 0xD83A, 0xDD3C));
					break;
				case 89: 
					if (style == 6) return String(CharArray::of(0xD83A, 0xDD11, 0xD83A, 0xDD22, 0xD83A, 0xDD2A, 0xD83A, 0xDD22, 0xD83A, 0xDD33, 0xD83A, 0xDD22, 0xD83A, 0xDD27));
					break;
				case 215: 
					if (style == 6) return String(CharArray::of(0xD83A, 0xDD1A, 0xD83A, 0xDD2E, 0xD83A, 0xDD2A, 0xD83A, 0xDD3C, 0xD83A, 0xDD2E, 0xD83A, 0xDD24, 0xD83A, 0xDD22, 0xD83A, 0xDD44));
					break;
				case 207: 
					if (style == 6) return String(CharArray::of(0xD83A, 0xDD05, 0xD83A, 0xDD2B, 0xD83A, 0xDD32, 0xD83A, 0xDD3C, 0x2D, 0xD83A, 0xDD1A, 0xD83A, 0xDD2E, 0xD83A, 0xDD25, 0xD83A, 0xDD22, 0xD83A, 0xDD44, 0xD83A, 0xDD27));
					break;
				case 307: 
					if (style == 6) return String(CharArray::of(0xD83A, 0xDD05, 0xD83A, 0xDD22, 0xD83A, 0xDD38, 0xD83A, 0xDD2A, 0xD83A, 0xDD2B, 0x20, 0xD83A, 0xDD16, 0xD83A, 0xDD2E, 0xD83A, 0xDD45, 0x2D, 0xD83A, 0xDD15, 0xD83A, 0xDD2D, 0x20, 0xD83A, 0xDD03, 0xD83A, 0xDD2D, 0xD83A, 0xDD45, 0xD83A, 0xDD32));
					break;
				case 529: 
					if (style == 6) return String(CharArray::of(0xD83A, 0xDD09, 0xD83A, 0xDD2C, 0xD83A, 0xDD22, 0xD83A, 0xDD3C, 0xD83A, 0xDD35));
					break;
				case 565: 
					if (style == 6) return String(CharArray::of(0xD83A, 0xDD0F, 0xD83A, 0xDD22, 0xD83A, 0xDD24, 0xD83A, 0xDD46, 0xD83A, 0xDD2D, 0xD83A, 0xDD45, 0xD83A, 0xDD27));
					break;
				case 523: 
					if (style == 6) return String(CharArray::of(0xD83A, 0xDD00, 0xD83A, 0xDD44, 0xD83A, 0xDD28, 0xD83A, 0xDD2D, 0xD83A, 0xDD34, 0xD83A, 0xDD22));
					break;
				case 235: 
					if (style == 6) return String(CharArray::of(0xD83A, 0xDD00, 0xD83A, 0xDD23, 0xD83A, 0xDD2B, 0xD83A, 0xDD32));
					break;
				case 505: 
					if (style == 6) return String(CharArray::of(0xD83A, 0xDD03, 0xD83A, 0xDD22, 0xD83A, 0xDD34, 0xD83A, 0xDD2E, 0xD83A, 0xDD45, 0xD83A, 0xDD3C, 0xD83A, 0xDD35));
					break;
				case 25: 
					if (style == 6) return String(CharArray::of(0xD83A, 0xDD14, 0xD83A, 0xDD2E, 0xD83A, 0xDD38, 0xD83A, 0xDD22, 0xD83A, 0xDD32, 0xD83A, 0xDD22, 0xD83A, 0xDD27, 0xD83A, 0xDD26, 0xD83A, 0xDD35, 0xD83A, 0xDD45, 0xD83A, 0xDD2A));
					break;
				case 36: 
					if (style == 6) return String(CharArray::of(0xD83A, 0xDD02, 0xD83A, 0xDD35, 0xD83A, 0xDD27, 0xD83A, 0xDD22, 0xD83A, 0xDD33, 0xD83A, 0xDD22));
					break;
				case 24: 
					if (style == 6) return String(CharArray::of(0xD83A, 0xDD16, 0xD83A, 0xDD22, 0xD83A, 0xDD2A, 0xD83A, 0xDD22, 0xD83A, 0xDD2A, 0xD83A, 0xDD2B));
					break;
            default: break;
            }
            return String();
        }
        
        String Ff_Adlm::displayGlobalTimezone(gint tz, gint style) const {
            switch(tz) {
				case 0: 
				if (style == 0) return String(CharArray::of(0xD83A, 0xDD11, 0xD83A, 0xDD2D, 0xD83A, 0xDD36, 0xD83A, 0xDD2E, 0xD83A, 0xDD45, 0xD83A, 0xDD2A, 0xD83A, 0xDD2B, 0x20, 0xD83A, 0xDD00, 0xD83A, 0xDD44, 0xD83A, 0xDD33, 0xD83A, 0xDD2D, 0xD83A, 0xDD2A));
				if (style == 1) return String(CharArray::of(0xD83A, 0xDD11, 0xD83A, 0xDD2D, 0xD83A, 0xDD36, 0xD83A, 0xDD2E, 0xD83A, 0xDD45, 0xD83A, 0xDD2A, 0xD83A, 0xDD2B, 0x20, 0xD83A, 0xDD16, 0xD83A, 0xDD22, 0xD83A, 0xDD31, 0xD83A, 0xDD2A, 0xD83A, 0xDD35, 0xD83A, 0xDD32, 0xD83A, 0xDD4B, 0xD83A, 0xDD23, 0xD83A, 0xDD2B, 0x20, 0xD83A, 0xDD00, 0xD83A, 0xDD44, 0xD83A, 0xDD33, 0xD83A, 0xDD2D, 0xD83A, 0xDD2A));
				if (style == 2) return String(CharArray::of(0xD83A, 0xDD11, 0xD83A, 0xDD2D, 0xD83A, 0xDD36, 0xD83A, 0xDD2E, 0xD83A, 0xDD45, 0xD83A, 0xDD2A, 0xD83A, 0xDD2B, 0x20, 0xD83A, 0xDD15, 0xD83A, 0xDD2B, 0xD83A, 0xDD45, 0xD83A, 0xDD2F, 0xD83A, 0xDD35, 0x20, 0xD83A, 0xDD00, 0xD83A, 0xDD44, 0xD83A, 0xDD33, 0xD83A, 0xDD2D, 0xD83A, 0xDD2A));
					break;
				case 1: 
				if (style == 1) return String(CharArray::of(0xD83A, 0xDD11, 0xD83A, 0xDD2D, 0xD83A, 0xDD36, 0xD83A, 0xDD2E, 0xD83A, 0xDD45, 0xD83A, 0xDD2A, 0xD83A, 0xDD2B, 0x20, 0xD83A, 0xDD00, 0xD83A, 0xDD2C, 0xD83A, 0xDD3A, 0xD83A, 0xDD22, 0xD83A, 0xDD32, 0xD83A, 0xDD2D, 0xD83A, 0xDD27, 0xD83A, 0xDD3C, 0xD83A, 0xDD22, 0xD83A, 0xDD44, 0xD83A, 0xDD32));
					break;
				case 2: 
				if (style == 1) return String(CharArray::of(0xD83A, 0xDD11, 0xD83A, 0xDD2D, 0xD83A, 0xDD36, 0xD83A, 0xDD2E, 0xD83A, 0xDD45, 0xD83A, 0xDD2A, 0xD83A, 0xDD2B, 0x20, 0xD83A, 0xDD1A, 0xD83A, 0xDD35, 0xD83A, 0xDD25, 0xD83A, 0xDD26, 0xD83A, 0xDD2E, 0xD83A, 0xDD45, 0xD83A, 0xDD2A, 0xD83A, 0xDD2D, 0x20, 0xD83A, 0xDD00, 0xD83A, 0xDD2C, 0xD83A, 0xDD2A, 0xD83A, 0xDD2D, 0xD83A, 0xDD33, 0xD83A, 0xDD22, 0xD83A, 0xDD44));
					break;
				case 3: 
				if (style == 1) return String(CharArray::of(0xD83A, 0xDD11, 0xD83A, 0xDD2D, 0xD83A, 0xDD36, 0xD83A, 0xDD2E, 0xD83A, 0xDD45, 0xD83A, 0xDD2A, 0xD83A, 0xDD2B, 0x20, 0xD83A, 0xDD0A, 0xD83A, 0xDD35, 0xD83A, 0xDD2F, 0xD83A, 0xDD32, 0xD83A, 0xDD22, 0xD83A, 0xDD44, 0xD83A, 0xDD32, 0xD83A, 0xDD3A, 0xD83A, 0xDD2B, 0x20, 0xD83A, 0xDD00, 0xD83A, 0xDD2C, 0xD83A, 0xDD2A, 0xD83A, 0xDD2D, 0xD83A, 0xDD33, 0xD83A, 0xDD22, 0xD83A, 0xDD44));
					break;
				case 4: 
				if (style == 1) return String(CharArray::of(0xD83A, 0xDD11, 0xD83A, 0xDD2D, 0xD83A, 0xDD36, 0xD83A, 0xDD2E, 0xD83A, 0xDD45, 0xD83A, 0xDD2A, 0xD83A, 0xDD2B, 0x20, 0xD83A, 0xDD16, 0xD83A, 0xDD22, 0xD83A, 0xDD31, 0xD83A, 0xDD2A, 0xD83A, 0xDD35, 0xD83A, 0xDD32, 0xD83A, 0xDD4B, 0xD83A, 0xDD23, 0xD83A, 0xDD2B, 0x20, 0xD83A, 0xDD10, 0xD83A, 0xDD22, 0xD83A, 0xDD32, 0xD83A, 0xDD46, 0xD83A, 0xDD22, 0xD83A, 0xDD44, 0xD83A, 0xDD32, 0xD83A, 0xDD3A, 0xD83A, 0xDD2B, 0x20, 0xD83A, 0xDD00, 0xD83A, 0xDD2C, 0xD83A, 0xDD2A, 0xD83A, 0xDD2D, 0xD83A, 0xDD33, 0xD83A, 0xDD22, 0xD83A, 0xDD44));
					break;
				case 5: 
				if (style == 0) return String(CharArray::of(0xD83A, 0xDD11, 0xD83A, 0xDD2D, 0xD83A, 0xDD36, 0xD83A, 0xDD2E, 0xD83A, 0xDD45, 0xD83A, 0xDD2A, 0xD83A, 0xDD2B, 0x20, 0xD83A, 0xDD16, 0xD83A, 0xDD2D, 0xD83A, 0xDD45, 0xD83A, 0xDD2A, 0xD83A, 0xDD32, 0xD83A, 0xDD22, 0xD83A, 0xDD44, 0xD83A, 0xDD32, 0xD83A, 0xDD3A, 0xD83A, 0xDD2B, 0x20, 0xD83A, 0xDD00, 0xD83A, 0xDD2C, 0xD83A, 0xDD2A, 0xD83A, 0xDD2D, 0xD83A, 0xDD33, 0xD83A, 0xDD22, 0xD83A, 0xDD44));
				if (style == 1) return String(CharArray::of(0xD83A, 0xDD11, 0xD83A, 0xDD2D, 0xD83A, 0xDD36, 0xD83A, 0xDD2E, 0xD83A, 0xDD45, 0xD83A, 0xDD2A, 0xD83A, 0xDD2B, 0x20, 0xD83A, 0xDD16, 0xD83A, 0xDD22, 0xD83A, 0xDD31, 0xD83A, 0xDD2A, 0xD83A, 0xDD35, 0xD83A, 0xDD32, 0xD83A, 0xDD4B, 0xD83A, 0xDD23, 0xD83A, 0xDD2B, 0x20, 0xD83A, 0xDD16, 0xD83A, 0xDD2D, 0xD83A, 0xDD45, 0xD83A, 0xDD2A, 0xD83A, 0xDD32, 0xD83A, 0xDD22, 0xD83A, 0xDD44, 0xD83A, 0xDD32, 0xD83A, 0xDD3A, 0xD83A, 0xDD2B, 0x20, 0xD83A, 0xDD00, 0xD83A, 0xDD2C, 0xD83A, 0xDD2A, 0xD83A, 0xDD2D, 0xD83A, 0xDD33, 0xD83A, 0xDD22, 0xD83A, 0xDD44));
				if (style == 2) return String(CharArray::of(0xD83A, 0xDD11, 0xD83A, 0xDD2D, 0xD83A, 0xDD36, 0xD83A, 0xDD2E, 0xD83A, 0xDD45, 0xD83A, 0xDD2A, 0xD83A, 0xDD2B, 0x20, 0xD83A, 0xDD15, 0xD83A, 0xDD2B, 0xD83A, 0xDD45, 0xD83A, 0xDD2F, 0xD83A, 0xDD35, 0x20, 0xD83A, 0xDD16, 0xD83A, 0xDD2D, 0xD83A, 0xDD45, 0xD83A, 0xDD2A, 0xD83A, 0xDD32, 0xD83A, 0xDD22, 0xD83A, 0xDD44, 0xD83A, 0xDD32, 0xD83A, 0xDD3A, 0xD83A, 0xDD2B, 0x20, 0xD83A, 0xDD00, 0xD83A, 0xDD2C, 0xD83A, 0xDD2A, 0xD83A, 0xDD2D, 0xD83A, 0xDD33, 0xD83A, 0xDD22, 0xD83A, 0xDD44));
					break;
				case 6: 
				if (style == 0) return String(CharArray::of(0xD83A, 0xDD11, 0xD83A, 0xDD2D, 0xD83A, 0xDD36, 0xD83A, 0xDD2E, 0xD83A, 0xDD45, 0xD83A, 0xDD2A, 0xD83A, 0xDD2B, 0x20, 0xD83A, 0xDD00, 0xD83A, 0xDD24, 0xD83A, 0xDD22, 0xD83A, 0xDD27, 0xD83A, 0xDD33, 0xD83A, 0xDD22, 0xD83A, 0xDD44));
				if (style == 1) return String(CharArray::of(0xD83A, 0xDD11, 0xD83A, 0xDD2D, 0xD83A, 0xDD36, 0xD83A, 0xDD2E, 0xD83A, 0xDD45, 0xD83A, 0xDD2A, 0xD83A, 0xDD2B, 0x20, 0xD83A, 0xDD16, 0xD83A, 0xDD22, 0xD83A, 0xDD31, 0xD83A, 0xDD2A, 0xD83A, 0xDD35, 0xD83A, 0xDD32, 0xD83A, 0xDD4B, 0xD83A, 0xDD23, 0xD83A, 0xDD2B, 0x20, 0xD83A, 0xDD00, 0xD83A, 0xDD24, 0xD83A, 0xDD22, 0xD83A, 0xDD27, 0xD83A, 0xDD33, 0xD83A, 0xDD22, 0xD83A, 0xDD44, 0x20, 0xD83A, 0xDD32, 0xD83A, 0xDD23, 0xD83A, 0xDD2B, 0xD83A, 0xDD32));
				if (style == 2) return String(CharArray::of(0xD83A, 0xDD11, 0xD83A, 0xDD2D, 0xD83A, 0xDD36, 0xD83A, 0xDD2E, 0xD83A, 0xDD45, 0xD83A, 0xDD2A, 0xD83A, 0xDD2B, 0x20, 0xD83A, 0xDD15, 0xD83A, 0xDD2B, 0xD83A, 0xDD45, 0xD83A, 0xDD2F, 0xD83A, 0xDD35, 0x20, 0xD83A, 0xDD00, 0xD83A, 0xDD24, 0xD83A, 0xDD22, 0xD83A, 0xDD27, 0xD83A, 0xDD33, 0xD83A, 0xDD22, 0xD83A, 0xDD44, 0x20, 0xD83A, 0xDD32, 0xD83A, 0xDD23, 0xD83A, 0xDD2B, 0xD83A, 0xDD32));
					break;
				case 7: 
				if (style == 0) return String(CharArray::of(0xD83A, 0xDD11, 0xD83A, 0xDD2D, 0xD83A, 0xDD36, 0xD83A, 0xDD2E, 0xD83A, 0xDD45, 0xD83A, 0xDD2A, 0xD83A, 0xDD2B, 0x20, 0xD83A, 0xDD00, 0xD83A, 0xDD24, 0xD83A, 0xDD25, 0xD83A, 0xDD22, 0xD83A, 0xDD3C, 0xD83A, 0xDD2D));
				if (style == 1) return String(CharArray::of(0xD83A, 0xDD11, 0xD83A, 0xDD2D, 0xD83A, 0xDD36, 0xD83A, 0xDD2E, 0xD83A, 0xDD45, 0xD83A, 0xDD2A, 0xD83A, 0xDD2B, 0x20, 0xD83A, 0xDD16, 0xD83A, 0xDD22, 0xD83A, 0xDD31, 0xD83A, 0xDD2A, 0xD83A, 0xDD35, 0xD83A, 0xDD32, 0xD83A, 0xDD4B, 0xD83A, 0xDD23, 0xD83A, 0xDD2B, 0x20, 0xD83A, 0xDD00, 0xD83A, 0xDD24, 0xD83A, 0xDD25, 0xD83A, 0xDD22, 0xD83A, 0xDD3C, 0xD83A, 0xDD2D));
				if (style == 2) return String(CharArray::of(0xD83A, 0xDD11, 0xD83A, 0xDD2D, 0xD83A, 0xDD36, 0xD83A, 0xDD2E, 0xD83A, 0xDD45, 0xD83A, 0xDD2A, 0xD83A, 0xDD2B, 0x20, 0xD83A, 0xDD15, 0xD83A, 0xDD2B, 0xD83A, 0xDD45, 0xD83A, 0xDD2F, 0xD83A, 0xDD35, 0x20, 0xD83A, 0xDD00, 0xD83A, 0xDD24, 0xD83A, 0xDD25, 0xD83A, 0xDD22, 0xD83A, 0xDD3C, 0xD83A, 0xDD2D));
					break;
				case 8: 
				if (style == 0) return String(CharArray::of(0xD83A, 0xDD11, 0xD83A, 0xDD2D, 0xD83A, 0xDD36, 0xD83A, 0xDD2E, 0xD83A, 0xDD45, 0xD83A, 0xDD2A, 0xD83A, 0xDD2B, 0x20, 0xD83A, 0xDD00, 0xD83A, 0xDD25, 0xD83A, 0xDD22, 0xD83A, 0xDD41, 0xD83A, 0xDD2E, 0xD83A, 0xDD45, 0xD83A, 0xDD32));
				if (style == 1) return String(CharArray::of(0xD83A, 0xDD11, 0xD83A, 0xDD2D, 0xD83A, 0xDD36, 0xD83A, 0xDD2E, 0xD83A, 0xDD45, 0xD83A, 0xDD2A, 0xD83A, 0xDD2B, 0x20, 0xD83A, 0xDD16, 0xD83A, 0xDD22, 0xD83A, 0xDD31, 0xD83A, 0xDD2A, 0xD83A, 0xDD35, 0xD83A, 0xDD32, 0xD83A, 0xDD4B, 0xD83A, 0xDD23, 0xD83A, 0xDD2B, 0x20, 0xD83A, 0xDD00, 0xD83A, 0xDD25, 0xD83A, 0xDD22, 0xD83A, 0xDD41, 0xD83A, 0xDD2E, 0xD83A, 0xDD45, 0xD83A, 0xDD32));
				if (style == 2) return String(CharArray::of(0xD83A, 0xDD11, 0xD83A, 0xDD2D, 0xD83A, 0xDD36, 0xD83A, 0xDD2E, 0xD83A, 0xDD45, 0xD83A, 0xDD2A, 0xD83A, 0xDD2B, 0x20, 0xD83A, 0xDD15, 0xD83A, 0xDD2B, 0xD83A, 0xDD45, 0xD83A, 0xDD2F, 0xD83A, 0xDD35, 0x20, 0xD83A, 0xDD00, 0xD83A, 0xDD25, 0xD83A, 0xDD22, 0xD83A, 0xDD41, 0xD83A, 0xDD2E, 0xD83A, 0xDD45, 0xD83A, 0xDD32));
					break;
				case 9: 
				if (style == 0) return String(CharArray::of(0xD83A, 0xDD11, 0xD83A, 0xDD2D, 0xD83A, 0xDD36, 0xD83A, 0xDD2E, 0xD83A, 0xDD45, 0xD83A, 0xDD2A, 0xD83A, 0xDD2B, 0x20, 0xD83A, 0xDD1A, 0xD83A, 0xDD35, 0xD83A, 0xDD25, 0xD83A, 0xDD26, 0xD83A, 0xDD2E, 0x20, 0xD83A, 0xDD10, 0xD83A, 0xDD22, 0xD83A, 0xDD32, 0xD83A, 0xDD46, 0xD83A, 0xDD22, 0xD83A, 0xDD44, 0xD83A, 0xDD32, 0xD83A, 0xDD3A, 0xD83A, 0xDD2B, 0x20, 0xD83A, 0xDD00, 0xD83A, 0xDD25, 0xD83A, 0xDD2B, 0xD83A, 0xDD2A, 0xD83A, 0xDD2D, 0xD83A, 0xDD33, 0xD83A, 0xDD22, 0xD83A, 0xDD44));
				if (style == 1) return String(CharArray::of(0xD83A, 0xDD11, 0xD83A, 0xDD2D, 0xD83A, 0xDD36, 0xD83A, 0xDD2E, 0xD83A, 0xDD45, 0xD83A, 0xDD2A, 0xD83A, 0xDD2B, 0x20, 0xD83A, 0xDD16, 0xD83A, 0xDD22, 0xD83A, 0xDD31, 0xD83A, 0xDD2A, 0xD83A, 0xDD35, 0xD83A, 0xDD32, 0xD83A, 0xDD4B, 0xD83A, 0xDD23, 0xD83A, 0xDD2B, 0x20, 0xD83A, 0xDD1A, 0xD83A, 0xDD35, 0xD83A, 0xDD25, 0xD83A, 0xDD26, 0xD83A, 0xDD2E, 0x20, 0xD83A, 0xDD10, 0xD83A, 0xDD22, 0xD83A, 0xDD32, 0xD83A, 0xDD46, 0xD83A, 0xDD22, 0xD83A, 0xDD44, 0xD83A, 0xDD32, 0xD83A, 0xDD3A, 0xD83A, 0xDD2B, 0x20, 0xD83A, 0xDD00, 0xD83A, 0xDD25, 0xD83A, 0xDD2B, 0xD83A, 0xDD2A, 0xD83A, 0xDD2D, 0xD83A, 0xDD33, 0xD83A, 0xDD22, 0xD83A, 0xDD44));
				if (style == 2) return String(CharArray::of(0xD83A, 0xDD11, 0xD83A, 0xDD2D, 0xD83A, 0xDD36, 0xD83A, 0xDD2E, 0xD83A, 0xDD45, 0xD83A, 0xDD2A, 0xD83A, 0xDD2B, 0x20, 0xD83A, 0xDD15, 0xD83A, 0xDD2B, 0xD83A, 0xDD45, 0xD83A, 0xDD2F, 0xD83A, 0xDD35, 0x20, 0xD83A, 0xDD1A, 0xD83A, 0xDD35, 0xD83A, 0xDD25, 0xD83A, 0xDD26, 0xD83A, 0xDD2E, 0x20, 0xD83A, 0xDD10, 0xD83A, 0xDD22, 0xD83A, 0xDD32, 0xD83A, 0xDD46, 0xD83A, 0xDD22, 0xD83A, 0xDD44, 0xD83A, 0xDD32, 0xD83A, 0xDD3A, 0xD83A, 0xDD2B, 0x20, 0xD83A, 0xDD00, 0xD83A, 0xDD25, 0xD83A, 0xDD2B, 0xD83A, 0xDD2A, 0xD83A, 0xDD2D, 0xD83A, 0xDD33, 0xD83A, 0xDD22, 0xD83A, 0xDD44));
					break;
				case 10: 
				if (style == 0) return String(CharArray::of(0xD83A, 0xDD11, 0xD83A, 0xDD2D, 0xD83A, 0xDD36, 0xD83A, 0xDD2E, 0xD83A, 0xDD45, 0xD83A, 0xDD2A, 0xD83A, 0xDD2B, 0x20, 0xD83A, 0xDD0A, 0xD83A, 0xDD35, 0xD83A, 0xDD2F, 0xD83A, 0xDD32, 0xD83A, 0xDD22, 0xD83A, 0xDD44, 0xD83A, 0xDD32, 0xD83A, 0xDD3A, 0xD83A, 0xDD2B, 0xD83A, 0xDD45, 0xD83A, 0xDD2A, 0xD83A, 0xDD2D, 0x20, 0xD83A, 0xDD10, 0xD83A, 0xDD22, 0xD83A, 0xDD32, 0xD83A, 0xDD46, 0xD83A, 0xDD22, 0xD83A, 0xDD44, 0xD83A, 0xDD32, 0xD83A, 0xDD3A, 0xD83A, 0xDD2B, 0x20, 0xD83A, 0xDD00, 0xD83A, 0xDD25, 0xD83A, 0xDD2B, 0xD83A, 0xDD2A, 0xD83A, 0xDD2D, 0xD83A, 0xDD33, 0xD83A, 0xDD22, 0xD83A, 0xDD44));
				if (style == 1) return String(CharArray::of(0xD83A, 0xDD11, 0xD83A, 0xDD2D, 0xD83A, 0xDD36, 0xD83A, 0xDD2E, 0xD83A, 0xDD45, 0xD83A, 0xDD2A, 0xD83A, 0xDD2B, 0x20, 0xD83A, 0xDD16, 0xD83A, 0xDD22, 0xD83A, 0xDD31, 0xD83A, 0xDD2A, 0xD83A, 0xDD35, 0xD83A, 0xDD32, 0xD83A, 0xDD4B, 0xD83A, 0xDD23, 0xD83A, 0xDD2B, 0x20, 0xD83A, 0xDD0A, 0xD83A, 0xDD35, 0xD83A, 0xDD2F, 0xD83A, 0xDD32, 0xD83A, 0xDD22, 0xD83A, 0xDD44, 0xD83A, 0xDD32, 0xD83A, 0xDD3A, 0xD83A, 0xDD2B, 0xD83A, 0xDD45, 0xD83A, 0xDD2A, 0xD83A, 0xDD2D, 0x20, 0xD83A, 0xDD10, 0xD83A, 0xDD22, 0xD83A, 0xDD32, 0xD83A, 0xDD46, 0xD83A, 0xDD22, 0xD83A, 0xDD44, 0xD83A, 0xDD32, 0xD83A, 0xDD3A, 0xD83A, 0xDD2B, 0x20, 0xD83A, 0xDD00, 0xD83A, 0xDD25, 0xD83A, 0xDD2B, 0xD83A, 0xDD2A, 0xD83A, 0xDD2D, 0xD83A, 0xDD33, 0xD83A, 0xDD22, 0xD83A, 0xDD44));
				if (style == 2) return String(CharArray::of(0xD83A, 0xDD11, 0xD83A, 0xDD2D, 0xD83A, 0xDD36, 0xD83A, 0xDD2E, 0xD83A, 0xDD45, 0xD83A, 0xDD2A, 0xD83A, 0xDD2B, 0x20, 0xD83A, 0xDD15, 0xD83A, 0xDD2B, 0xD83A, 0xDD45, 0xD83A, 0xDD2F, 0xD83A, 0xDD35, 0x20, 0xD83A, 0xDD0A, 0xD83A, 0xDD35, 0xD83A, 0xDD2F, 0xD83A, 0xDD32, 0xD83A, 0xDD22, 0xD83A, 0xDD44, 0xD83A, 0xDD32, 0xD83A, 0xDD3A, 0xD83A, 0xDD2B, 0xD83A, 0xDD45, 0xD83A, 0xDD2A, 0xD83A, 0xDD2D, 0x20, 0xD83A, 0xDD10, 0xD83A, 0xDD22, 0xD83A, 0xDD32, 0xD83A, 0xDD46, 0xD83A, 0xDD22, 0xD83A, 0xDD44, 0xD83A, 0xDD32, 0xD83A, 0xDD3A, 0xD83A, 0xDD2B, 0x20, 0xD83A, 0xDD00, 0xD83A, 0xDD25, 0xD83A, 0xDD2B, 0xD83A, 0xDD2A, 0xD83A, 0xDD2D, 0xD83A, 0xDD33, 0xD83A, 0xDD22, 0xD83A, 0xDD44));
					break;
				case 11: 
				if (style == 0) return String(CharArray::of(0xD83A, 0xDD11, 0xD83A, 0xDD2D, 0xD83A, 0xDD36, 0xD83A, 0xDD2E, 0xD83A, 0xDD45, 0xD83A, 0xDD2A, 0xD83A, 0xDD2B, 0x20, 0xD83A, 0xDD06, 0xD83A, 0xDD2B, 0xD83A, 0xDD24, 0xD83A, 0xDD46, 0xD83A, 0xDD2D, 0xD83A, 0xDD32, 0xD83A, 0xDD33, 0xD83A, 0xDD2E, 0xD83A, 0xDD45, 0xD83A, 0xDD2A, 0xD83A, 0xDD2B, 0x20, 0xD83A, 0xDD10, 0xD83A, 0xDD22, 0xD83A, 0xDD32, 0xD83A, 0xDD46, 0xD83A, 0xDD22, 0xD83A, 0xDD44, 0xD83A, 0xDD32, 0xD83A, 0xDD3A, 0xD83A, 0xDD2B, 0x20, 0xD83A, 0xDD00, 0xD83A, 0xDD25, 0xD83A, 0xDD2B, 0xD83A, 0xDD2A, 0xD83A, 0xDD2D, 0xD83A, 0xDD33, 0xD83A, 0xDD22, 0xD83A, 0xDD44));
				if (style == 1) return String(CharArray::of(0xD83A, 0xDD11, 0xD83A, 0xDD2D, 0xD83A, 0xDD36, 0xD83A, 0xDD2E, 0xD83A, 0xDD45, 0xD83A, 0xDD2A, 0xD83A, 0xDD2B, 0x20, 0xD83A, 0xDD16, 0xD83A, 0xDD22, 0xD83A, 0xDD31, 0xD83A, 0xDD2A, 0xD83A, 0xDD35, 0xD83A, 0xDD32, 0xD83A, 0xDD4B, 0xD83A, 0xDD23, 0xD83A, 0xDD2B, 0x20, 0xD83A, 0xDD06, 0xD83A, 0xDD2B, 0xD83A, 0xDD24, 0xD83A, 0xDD46, 0xD83A, 0xDD2D, 0xD83A, 0xDD32, 0xD83A, 0xDD33, 0xD83A, 0xDD2E, 0xD83A, 0xDD45, 0xD83A, 0xDD2A, 0xD83A, 0xDD2B, 0x20, 0xD83A, 0xDD10, 0xD83A, 0xDD22, 0xD83A, 0xDD32, 0xD83A, 0xDD46, 0xD83A, 0xDD22, 0xD83A, 0xDD44, 0xD83A, 0xDD32, 0xD83A, 0xDD3A, 0xD83A, 0xDD2B, 0x20, 0xD83A, 0xDD00, 0xD83A, 0xDD25, 0xD83A, 0xDD2B, 0xD83A, 0xDD2A, 0xD83A, 0xDD2D, 0xD83A, 0xDD33, 0xD83A, 0xDD22, 0xD83A, 0xDD44));
				if (style == 2) return String(CharArray::of(0xD83A, 0xDD11, 0xD83A, 0xDD2D, 0xD83A, 0xDD36, 0xD83A, 0xDD2E, 0xD83A, 0xDD45, 0xD83A, 0xDD2A, 0xD83A, 0xDD2B, 0x20, 0xD83A, 0xDD15, 0xD83A, 0xDD2B, 0xD83A, 0xDD45, 0xD83A, 0xDD2F, 0xD83A, 0xDD35, 0x20, 0xD83A, 0xDD10, 0xD83A, 0xDD22, 0xD83A, 0xDD32, 0xD83A, 0xDD46, 0xD83A, 0xDD22, 0xD83A, 0xDD44, 0xD83A, 0xDD32, 0xD83A, 0xDD3A, 0xD83A, 0xDD2B, 0x20, 0xD83A, 0xDD00, 0xD83A, 0xDD25, 0xD83A, 0xDD2B, 0xD83A, 0xDD2A, 0xD83A, 0xDD2D, 0xD83A, 0xDD33, 0xD83A, 0xDD22, 0xD83A, 0xDD44));
					break;
				case 12: 
				if (style == 0) return String(CharArray::of(0xD83A, 0xDD11, 0xD83A, 0xDD2D, 0xD83A, 0xDD36, 0xD83A, 0xDD2E, 0xD83A, 0xDD45, 0xD83A, 0xDD2A, 0xD83A, 0xDD2B, 0x20, 0xD83A, 0xDD01, 0xD83A, 0xDD2B, 0xD83A, 0xDD30, 0xD83A, 0xDD46, 0xD83A, 0xDD2E, 0x20, 0xD83A, 0xDD10, 0xD83A, 0xDD22, 0xD83A, 0xDD32, 0xD83A, 0xDD46, 0xD83A, 0xDD22, 0xD83A, 0xDD44, 0xD83A, 0xDD32, 0xD83A, 0xDD3A, 0xD83A, 0xDD2B, 0x20, 0xD83A, 0xDD00, 0xD83A, 0xDD25, 0xD83A, 0xDD2B, 0xD83A, 0xDD2A, 0xD83A, 0xDD2D, 0xD83A, 0xDD33, 0xD83A, 0xDD22, 0xD83A, 0xDD44));
				if (style == 1) return String(CharArray::of(0xD83A, 0xDD11, 0xD83A, 0xDD2D, 0xD83A, 0xDD36, 0xD83A, 0xDD2E, 0xD83A, 0xDD45, 0xD83A, 0xDD2A, 0xD83A, 0xDD2B, 0x20, 0xD83A, 0xDD01, 0xD83A, 0xDD2B, 0xD83A, 0xDD30, 0xD83A, 0xDD46, 0xD83A, 0xDD2E, 0x20, 0xD83A, 0xDD16, 0xD83A, 0xDD22, 0xD83A, 0xDD31, 0xD83A, 0xDD2A, 0xD83A, 0xDD35, 0xD83A, 0xDD32, 0xD83A, 0xDD4B, 0xD83A, 0xDD23, 0xD83A, 0xDD2B, 0x20, 0xD83A, 0xDD10, 0xD83A, 0xDD22, 0xD83A, 0xDD32, 0xD83A, 0xDD46, 0xD83A, 0xDD22, 0xD83A, 0xDD44, 0xD83A, 0xDD32, 0xD83A, 0xDD3A, 0xD83A, 0xDD2B, 0x20, 0xD83A, 0xDD00, 0xD83A, 0xDD25, 0xD83A, 0xDD2B, 0xD83A, 0xDD2A, 0xD83A, 0xDD2D, 0xD83A, 0xDD33, 0xD83A, 0xDD22, 0xD83A, 0xDD44));
				if (style == 2) return String(CharArray::of(0xD83A, 0xDD11, 0xD83A, 0xDD2D, 0xD83A, 0xDD36, 0xD83A, 0xDD2E, 0xD83A, 0xDD45, 0xD83A, 0xDD2A, 0xD83A, 0xDD2B, 0x20, 0xD83A, 0xDD01, 0xD83A, 0xDD2B, 0xD83A, 0xDD30, 0xD83A, 0xDD46, 0xD83A, 0xDD2E, 0x20, 0xD83A, 0xDD15, 0xD83A, 0xDD2B, 0xD83A, 0xDD45, 0xD83A, 0xDD2F, 0xD83A, 0xDD35, 0x20, 0xD83A, 0xDD10, 0xD83A, 0xDD22, 0xD83A, 0xDD32, 0xD83A, 0xDD46, 0xD83A, 0xDD22, 0xD83A, 0xDD44, 0xD83A, 0xDD32, 0xD83A, 0xDD3A, 0xD83A, 0xDD2B, 0x20, 0xD83A, 0xDD00, 0xD83A, 0xDD25, 0xD83A, 0xDD2B, 0xD83A, 0xDD2A, 0xD83A, 0xDD2D, 0xD83A, 0xDD33, 0xD83A, 0xDD22, 0xD83A, 0xDD44));
					break;
				case 13: 
				if (style == 0) return String(CharArray::of(0xD83A, 0xDD11, 0xD83A, 0xDD2D, 0xD83A, 0xDD36, 0xD83A, 0xDD2E, 0xD83A, 0xDD45, 0xD83A, 0xDD2A, 0xD83A, 0xDD2B, 0x20, 0xD83A, 0xDD00, 0xD83A, 0xDD32, 0xD83A, 0xDD22, 0xD83A, 0xDD23, 0xD83A, 0xDD2D, 0xD83A, 0xDD45, 0xD83A, 0xDD2A));
				if (style == 1) return String(CharArray::of(0xD83A, 0xDD11, 0xD83A, 0xDD2D, 0xD83A, 0xDD36, 0xD83A, 0xDD2E, 0xD83A, 0xDD45, 0xD83A, 0xDD2A, 0xD83A, 0xDD2B, 0x20, 0xD83A, 0xDD16, 0xD83A, 0xDD22, 0xD83A, 0xDD31, 0xD83A, 0xDD2A, 0xD83A, 0xDD35, 0xD83A, 0xDD32, 0xD83A, 0xDD4B, 0xD83A, 0xDD23, 0xD83A, 0xDD2B, 0x20, 0xD83A, 0xDD00, 0xD83A, 0xDD32, 0xD83A, 0xDD22, 0xD83A, 0xDD23, 0xD83A, 0xDD2D, 0xD83A, 0xDD45, 0xD83A, 0xDD2A));
				if (style == 2) return String(CharArray::of(0xD83A, 0xDD11, 0xD83A, 0xDD2D, 0xD83A, 0xDD36, 0xD83A, 0xDD2E, 0xD83A, 0xDD45, 0xD83A, 0xDD2A, 0xD83A, 0xDD2B, 0x20, 0xD83A, 0xDD15, 0xD83A, 0xDD2B, 0xD83A, 0xDD45, 0xD83A, 0xDD2F, 0xD83A, 0xDD35, 0x20, 0xD83A, 0xDD00, 0xD83A, 0xDD32, 0xD83A, 0xDD22, 0xD83A, 0xDD23, 0xD83A, 0xDD2D, 0xD83A, 0xDD45, 0xD83A, 0xDD2A));
					break;
				case 14: 
				if (style == 0) return String(CharArray::of(0xD83A, 0xDD11, 0xD83A, 0xDD2D, 0xD83A, 0xDD36, 0xD83A, 0xDD2E, 0xD83A, 0xDD45, 0xD83A, 0xDD2A, 0xD83A, 0xDD2B, 0x20, 0xD83A, 0xDD00, 0xD83A, 0xDD44, 0xD83A, 0xDD28, 0xD83A, 0xDD2D, 0xD83A, 0xDD34, 0xD83A, 0xDD22));
				if (style == 1) return String(CharArray::of(0xD83A, 0xDD11, 0xD83A, 0xDD2D, 0xD83A, 0xDD36, 0xD83A, 0xDD2E, 0xD83A, 0xDD45, 0xD83A, 0xDD2A, 0xD83A, 0xDD2B, 0x20, 0xD83A, 0xDD16, 0xD83A, 0xDD22, 0xD83A, 0xDD31, 0xD83A, 0xDD2A, 0xD83A, 0xDD35, 0xD83A, 0xDD32, 0xD83A, 0xDD4B, 0xD83A, 0xDD23, 0xD83A, 0xDD2B, 0x20, 0xD83A, 0xDD00, 0xD83A, 0xDD44, 0xD83A, 0xDD28, 0xD83A, 0xDD2D, 0xD83A, 0xDD34, 0xD83A, 0xDD22));
				if (style == 2) return String(CharArray::of(0xD83A, 0xDD11, 0xD83A, 0xDD2D, 0xD83A, 0xDD36, 0xD83A, 0xDD2E, 0xD83A, 0xDD45, 0xD83A, 0xDD2A, 0xD83A, 0xDD2B, 0x20, 0xD83A, 0xDD15, 0xD83A, 0xDD2B, 0xD83A, 0xDD45, 0xD83A, 0xDD2F, 0xD83A, 0xDD35, 0x20, 0xD83A, 0xDD00, 0xD83A, 0xDD44, 0xD83A, 0xDD28, 0xD83A, 0xDD2D, 0xD83A, 0xDD34, 0xD83A, 0xDD22));
					break;
				case 15: 
				if (style == 0) return String(CharArray::of(0xD83A, 0xDD11, 0xD83A, 0xDD2D, 0xD83A, 0xDD36, 0xD83A, 0xDD2E, 0xD83A, 0xDD45, 0xD83A, 0xDD2A, 0xD83A, 0xDD2B, 0x20, 0xD83A, 0xDD00, 0xD83A, 0xDD33, 0xD83A, 0xDD3C, 0xD83A, 0xDD22, 0xD83A, 0xDD31));
				if (style == 1) return String(CharArray::of(0xD83A, 0xDD11, 0xD83A, 0xDD2D, 0xD83A, 0xDD36, 0xD83A, 0xDD2E, 0xD83A, 0xDD45, 0xD83A, 0xDD2A, 0xD83A, 0xDD2B, 0x20, 0xD83A, 0xDD16, 0xD83A, 0xDD22, 0xD83A, 0xDD31, 0xD83A, 0xDD2A, 0xD83A, 0xDD35, 0xD83A, 0xDD32, 0xD83A, 0xDD4B, 0xD83A, 0xDD23, 0xD83A, 0xDD2B, 0x20, 0xD83A, 0xDD00, 0xD83A, 0xDD33, 0xD83A, 0xDD3C, 0xD83A, 0xDD22, 0xD83A, 0xDD31));
				if (style == 2) return String(CharArray::of(0xD83A, 0xDD11, 0xD83A, 0xDD2D, 0xD83A, 0xDD36, 0xD83A, 0xDD2E, 0xD83A, 0xDD45, 0xD83A, 0xDD2A, 0xD83A, 0xDD2B, 0x20, 0xD83A, 0xDD15, 0xD83A, 0xDD2B, 0xD83A, 0xDD45, 0xD83A, 0xDD2F, 0xD83A, 0xDD35, 0x20, 0xD83A, 0xDD00, 0xD83A, 0xDD33, 0xD83A, 0xDD3C, 0xD83A, 0xDD22, 0xD83A, 0xDD31));
					break;
				case 16: 
				if (style == 0) return String(CharArray::of(0xD83A, 0xDD11, 0xD83A, 0xDD2D, 0xD83A, 0xDD36, 0xD83A, 0xDD2E, 0xD83A, 0xDD45, 0xD83A, 0xDD2A, 0xD83A, 0xDD2B, 0x20, 0xD83A, 0xDD00, 0xD83A, 0xDD33, 0xD83A, 0xDD3C, 0xD83A, 0xDD2E, 0xD83A, 0xDD26, 0xD83A, 0xDD2D, 0xD83A, 0xDD45));
				if (style == 1) return String(CharArray::of(0xD83A, 0xDD11, 0xD83A, 0xDD2D, 0xD83A, 0xDD36, 0xD83A, 0xDD2E, 0xD83A, 0xDD45, 0xD83A, 0xDD2A, 0xD83A, 0xDD2B, 0x20, 0xD83A, 0xDD16, 0xD83A, 0xDD22, 0xD83A, 0xDD31, 0xD83A, 0xDD2A, 0xD83A, 0xDD35, 0xD83A, 0xDD32, 0xD83A, 0xDD4B, 0xD83A, 0xDD23, 0xD83A, 0xDD2B, 0x20, 0xD83A, 0xDD00, 0xD83A, 0xDD33, 0xD83A, 0xDD3C, 0xD83A, 0xDD2E, 0xD83A, 0xDD26, 0xD83A, 0xDD2D, 0xD83A, 0xDD45));
				if (style == 2) return String(CharArray::of(0xD83A, 0xDD11, 0xD83A, 0xDD2D, 0xD83A, 0xDD36, 0xD83A, 0xDD2E, 0xD83A, 0xDD45, 0xD83A, 0xDD2A, 0xD83A, 0xDD2B, 0x20, 0xD83A, 0xDD15, 0xD83A, 0xDD2B, 0xD83A, 0xDD45, 0xD83A, 0xDD2F, 0xD83A, 0xDD35, 0x20, 0xD83A, 0xDD00, 0xD83A, 0xDD33, 0xD83A, 0xDD3C, 0xD83A, 0xDD2E, 0xD83A, 0xDD26, 0xD83A, 0xDD2D, 0xD83A, 0xDD45));
					break;
				case 17: 
				if (style == 0) return String(CharArray::of(0xD83A, 0xDD11, 0xD83A, 0xDD2D, 0xD83A, 0xDD36, 0xD83A, 0xDD2E, 0xD83A, 0xDD45, 0xD83A, 0xDD2A, 0xD83A, 0xDD2B, 0x20, 0xD83A, 0xDD00, 0xD83A, 0xDD44, 0xD83A, 0xDD2A, 0xD83A, 0xDD22, 0xD83A, 0xDD26, 0xD83A, 0xDD2D, 0xD83A, 0xDD34, 0xD83A, 0xDD22));
				if (style == 1) return String(CharArray::of(0xD83A, 0xDD11, 0xD83A, 0xDD2D, 0xD83A, 0xDD36, 0xD83A, 0xDD2E, 0xD83A, 0xDD45, 0xD83A, 0xDD2A, 0xD83A, 0xDD2B, 0x20, 0xD83A, 0xDD16, 0xD83A, 0xDD22, 0xD83A, 0xDD31, 0xD83A, 0xDD2A, 0xD83A, 0xDD35, 0xD83A, 0xDD32, 0xD83A, 0xDD4B, 0xD83A, 0xDD23, 0xD83A, 0xDD2B, 0x20, 0xD83A, 0xDD00, 0xD83A, 0xDD44, 0xD83A, 0xDD2A, 0xD83A, 0xDD22, 0xD83A, 0xDD26, 0xD83A, 0xDD2D, 0xD83A, 0xDD34, 0xD83A, 0xDD22));
				if (style == 2) return String(CharArray::of(0xD83A, 0xDD11, 0xD83A, 0xDD2D, 0xD83A, 0xDD36, 0xD83A, 0xDD2E, 0xD83A, 0xDD45, 0xD83A, 0xDD2A, 0xD83A, 0xDD2B, 0x20, 0xD83A, 0xDD15, 0xD83A, 0xDD2B, 0xD83A, 0xDD45, 0xD83A, 0xDD2F, 0xD83A, 0xDD35, 0x20, 0xD83A, 0xDD00, 0xD83A, 0xDD44, 0xD83A, 0xDD2A, 0xD83A, 0xDD22, 0xD83A, 0xDD26, 0xD83A, 0xDD2D, 0xD83A, 0xDD34, 0xD83A, 0xDD22));
					break;
				case 18: 
				if (style == 0) return String(CharArray::of(0xD83A, 0xDD11, 0xD83A, 0xDD2D, 0xD83A, 0xDD36, 0xD83A, 0xDD2E, 0xD83A, 0xDD45, 0xD83A, 0xDD2A, 0xD83A, 0xDD2B, 0x20, 0xD83A, 0xDD00, 0xD83A, 0xDD2A, 0xD83A, 0xDD36, 0xD83A, 0xDD22, 0xD83A, 0xDD32, 0xD83A, 0xDD3C, 0xD83A, 0xDD2D, 0xD83A, 0xDD32, 0xD83A, 0xDD22, 0xD83A, 0xDD44));
				if (style == 1) return String(CharArray::of(0xD83A, 0xDD11, 0xD83A, 0xDD2D, 0xD83A, 0xDD36, 0xD83A, 0xDD2E, 0xD83A, 0xDD45, 0xD83A, 0xDD2A, 0xD83A, 0xDD2B, 0x20, 0xD83A, 0xDD16, 0xD83A, 0xDD22, 0xD83A, 0xDD31, 0xD83A, 0xDD2A, 0xD83A, 0xDD35, 0xD83A, 0xDD32, 0xD83A, 0xDD4B, 0xD83A, 0xDD23, 0xD83A, 0xDD2B, 0x20, 0xD83A, 0xDD00, 0xD83A, 0xDD2A, 0xD83A, 0xDD36, 0xD83A, 0xDD22, 0xD83A, 0xDD32, 0xD83A, 0xDD3C, 0xD83A, 0xDD2D, 0xD83A, 0xDD32, 0xD83A, 0xDD22, 0xD83A, 0xDD44));
				if (style == 2) return String(CharArray::of(0xD83A, 0xDD11, 0xD83A, 0xDD2D, 0xD83A, 0xDD36, 0xD83A, 0xDD2E, 0xD83A, 0xDD45, 0xD83A, 0xDD2A, 0xD83A, 0xDD2B, 0x20, 0xD83A, 0xDD15, 0xD83A, 0xDD2B, 0xD83A, 0xDD45, 0xD83A, 0xDD2F, 0xD83A, 0xDD35, 0x20, 0xD83A, 0xDD00, 0xD83A, 0xDD2A, 0xD83A, 0xDD36, 0xD83A, 0xDD22, 0xD83A, 0xDD32, 0xD83A, 0xDD3C, 0xD83A, 0xDD2D, 0xD83A, 0xDD32, 0xD83A, 0xDD22, 0xD83A, 0xDD44));
					break;
				case 19: 
				if (style == 0) return String(CharArray::of(0xD83A, 0xDD11, 0xD83A, 0xDD2D, 0xD83A, 0xDD36, 0xD83A, 0xDD2E, 0xD83A, 0xDD45, 0xD83A, 0xDD2A, 0xD83A, 0xDD2B, 0x20, 0xD83A, 0xDD16, 0xD83A, 0xDD2D, 0xD83A, 0xDD45, 0xD83A, 0xDD2A, 0xD83A, 0xDD32, 0xD83A, 0xDD22, 0xD83A, 0xDD44, 0xD83A, 0xDD32, 0xD83A, 0xDD4B, 0xD83A, 0xDD3A, 0xD83A, 0xDD2B, 0x20, 0xD83A, 0xDD00, 0xD83A, 0xDD2A, 0xD83A, 0xDD36, 0xD83A, 0xDD22, 0xD83A, 0xDD32, 0xD83A, 0xDD3C, 0xD83A, 0xDD2D, 0xD83A, 0xDD32, 0xD83A, 0xDD22, 0xD83A, 0xDD44));
				if (style == 1) return String(CharArray::of(0xD83A, 0xDD11, 0xD83A, 0xDD2D, 0xD83A, 0xDD36, 0xD83A, 0xDD2E, 0xD83A, 0xDD45, 0xD83A, 0xDD2A, 0xD83A, 0xDD2B, 0x20, 0xD83A, 0xDD16, 0xD83A, 0xDD22, 0xD83A, 0xDD31, 0xD83A, 0xDD2A, 0xD83A, 0xDD35, 0xD83A, 0xDD32, 0xD83A, 0xDD4B, 0xD83A, 0xDD23, 0xD83A, 0xDD2B, 0x20, 0xD83A, 0xDD16, 0xD83A, 0xDD2D, 0xD83A, 0xDD45, 0xD83A, 0xDD2A, 0xD83A, 0xDD32, 0xD83A, 0xDD22, 0xD83A, 0xDD44, 0xD83A, 0xDD32, 0xD83A, 0xDD4B, 0xD83A, 0xDD3A, 0xD83A, 0xDD2B, 0x20, 0xD83A, 0xDD00, 0xD83A, 0xDD2A, 0xD83A, 0xDD36, 0xD83A, 0xDD22, 0xD83A, 0xDD32, 0xD83A, 0xDD3C, 0xD83A, 0xDD2D, 0xD83A, 0xDD32, 0xD83A, 0xDD22, 0xD83A, 0xDD44));
				if (style == 2) return String(CharArray::of(0xD83A, 0xDD11, 0xD83A, 0xDD2D, 0xD83A, 0xDD36, 0xD83A, 0xDD2E, 0xD83A, 0xDD45, 0xD83A, 0xDD2A, 0xD83A, 0xDD2B, 0x20, 0xD83A, 0xDD15, 0xD83A, 0xDD2B, 0xD83A, 0xDD45, 0xD83A, 0xDD2F, 0xD83A, 0xDD35, 0x20, 0xD83A, 0xDD16, 0xD83A, 0xDD2D, 0xD83A, 0xDD45, 0xD83A, 0xDD2A, 0xD83A, 0xDD32, 0xD83A, 0xDD22, 0xD83A, 0xDD44, 0xD83A, 0xDD32, 0xD83A, 0xDD4B, 0xD83A, 0xDD3A, 0xD83A, 0xDD2B, 0x20, 0xD83A, 0xDD00, 0xD83A, 0xDD2A, 0xD83A, 0xDD36, 0xD83A, 0xDD22, 0xD83A, 0xDD32, 0xD83A, 0xDD3C, 0xD83A, 0xDD2D, 0xD83A, 0xDD32, 0xD83A, 0xDD22, 0xD83A, 0xDD44));
					break;
				case 20: 
				if (style == 0) return String(CharArray::of(0xD83A, 0xDD11, 0xD83A, 0xDD2D, 0xD83A, 0xDD36, 0xD83A, 0xDD2E, 0xD83A, 0xDD45, 0xD83A, 0xDD2A, 0xD83A, 0xDD2B, 0x20, 0xD83A, 0xDD00, 0xD83A, 0xDD2A, 0xD83A, 0xDD25, 0xD83A, 0xDD2B, 0xD83A, 0xDD32, 0xD83A, 0xDD2D, 0xD83A, 0xDD34, 0xD83A, 0xDD22, 0xD83A, 0xDD44));
				if (style == 1) return String(CharArray::of(0xD83A, 0xDD11, 0xD83A, 0xDD2D, 0xD83A, 0xDD36, 0xD83A, 0xDD2E, 0xD83A, 0xDD45, 0xD83A, 0xDD2A, 0xD83A, 0xDD2B, 0x20, 0xD83A, 0xDD16, 0xD83A, 0xDD22, 0xD83A, 0xDD31, 0xD83A, 0xDD2A, 0xD83A, 0xDD35, 0xD83A, 0xDD32, 0xD83A, 0xDD4B, 0xD83A, 0xDD23, 0xD83A, 0xDD2B, 0x20, 0xD83A, 0xDD00, 0xD83A, 0xDD2A, 0xD83A, 0xDD25, 0xD83A, 0xDD2B, 0xD83A, 0xDD32, 0xD83A, 0xDD2D, 0xD83A, 0xDD34, 0xD83A, 0xDD22, 0xD83A, 0xDD44));
				if (style == 2) return String(CharArray::of(0xD83A, 0xDD11, 0xD83A, 0xDD2D, 0xD83A, 0xDD36, 0xD83A, 0xDD2E, 0xD83A, 0xDD45, 0xD83A, 0xDD2A, 0xD83A, 0xDD2B, 0x20, 0xD83A, 0xDD15, 0xD83A, 0xDD2B, 0xD83A, 0xDD45, 0xD83A, 0xDD2F, 0xD83A, 0xDD35, 0x20, 0xD83A, 0xDD00, 0xD83A, 0xDD2A, 0xD83A, 0xDD25, 0xD83A, 0xDD2B, 0xD83A, 0xDD32, 0xD83A, 0xDD2D, 0xD83A, 0xDD34, 0xD83A, 0xDD22, 0xD83A, 0xDD44));
					break;
				case 21: 
				if (style == 0) return String(CharArray::of(0xD83A, 0xDD11, 0xD83A, 0xDD2D, 0xD83A, 0xDD36, 0xD83A, 0xDD2E, 0xD83A, 0xDD45, 0xD83A, 0xDD2A, 0xD83A, 0xDD2B, 0x20, 0xD83A, 0xDD1A, 0xD83A, 0xDD2B, 0xD83A, 0xDD33, 0xD83A, 0xDD35));
				if (style == 1) return String(CharArray::of(0xD83A, 0xDD11, 0xD83A, 0xDD2D, 0xD83A, 0xDD36, 0xD83A, 0xDD2E, 0xD83A, 0xDD45, 0xD83A, 0xDD2A, 0xD83A, 0xDD2B, 0x20, 0xD83A, 0xDD1A, 0xD83A, 0xDD2B, 0xD83A, 0xDD33, 0xD83A, 0xDD35, 0x20, 0xD83A, 0xDD16, 0xD83A, 0xDD22, 0xD83A, 0xDD31, 0xD83A, 0xDD2A, 0xD83A, 0xDD35, 0xD83A, 0xDD32, 0xD83A, 0xDD4B, 0xD83A, 0xDD23, 0xD83A, 0xDD2B));
				if (style == 2) return String(CharArray::of(0xD83A, 0xDD11, 0xD83A, 0xDD2D, 0xD83A, 0xDD36, 0xD83A, 0xDD2E, 0xD83A, 0xDD45, 0xD83A, 0xDD2A, 0xD83A, 0xDD2B, 0x20, 0xD83A, 0xDD15, 0xD83A, 0xDD2B, 0xD83A, 0xDD45, 0xD83A, 0xDD2F, 0xD83A, 0xDD35, 0x20, 0xD83A, 0xDD1A, 0xD83A, 0xDD2B, 0xD83A, 0xDD33, 0xD83A, 0xDD35));
					break;
				case 22: 
				if (style == 0) return String(CharArray::of(0xD83A, 0xDD11, 0xD83A, 0xDD2D, 0xD83A, 0xDD36, 0xD83A, 0xDD2E, 0xD83A, 0xDD45, 0xD83A, 0xDD2A, 0xD83A, 0xDD2B, 0x20, 0xD83A, 0xDD1A, 0xD83A, 0xDD35, 0xD83A, 0xDD25, 0xD83A, 0xDD26, 0xD83A, 0xDD2E, 0xD83A, 0xDD45, 0xD83A, 0xDD2A, 0xD83A, 0xDD2D, 0x20, 0xD83A, 0xDD0C, 0xD83A, 0xDD27, 0xD83A, 0xDD3C, 0xD83A, 0xDD22, 0xD83A, 0xDD2A, 0xD83A, 0xDD24, 0xD83A, 0xDD2D, 0xD83A, 0xDD34, 0xD83A, 0xDD22, 0xD83A, 0xDD44));
				if (style == 1) return String(CharArray::of(0xD83A, 0xDD11, 0xD83A, 0xDD2D, 0xD83A, 0xDD36, 0xD83A, 0xDD2E, 0xD83A, 0xDD45, 0xD83A, 0xDD2A, 0xD83A, 0xDD2B, 0x20, 0xD83A, 0xDD16, 0xD83A, 0xDD22, 0xD83A, 0xDD31, 0xD83A, 0xDD2A, 0xD83A, 0xDD35, 0xD83A, 0xDD32, 0xD83A, 0xDD4B, 0xD83A, 0xDD23, 0xD83A, 0xDD2B, 0x20, 0xD83A, 0xDD1A, 0xD83A, 0xDD35, 0xD83A, 0xDD25, 0xD83A, 0xDD26, 0xD83A, 0xDD2E, 0xD83A, 0xDD45, 0xD83A, 0xDD2A, 0xD83A, 0xDD2D, 0x20, 0xD83A, 0xDD0C, 0xD83A, 0xDD27, 0xD83A, 0xDD3C, 0xD83A, 0xDD22, 0xD83A, 0xDD2A, 0xD83A, 0xDD24, 0xD83A, 0xDD2D, 0xD83A, 0xDD34, 0xD83A, 0xDD22, 0xD83A, 0xDD44));
				if (style == 2) return String(CharArray::of(0xD83A, 0xDD11, 0xD83A, 0xDD2D, 0xD83A, 0xDD36, 0xD83A, 0xDD2E, 0xD83A, 0xDD45, 0xD83A, 0xDD2A, 0xD83A, 0xDD2B, 0x20, 0xD83A, 0xDD15, 0xD83A, 0xDD2B, 0xD83A, 0xDD45, 0xD83A, 0xDD2F, 0xD83A, 0xDD35, 0x20, 0xD83A, 0xDD1A, 0xD83A, 0xDD35, 0xD83A, 0xDD25, 0xD83A, 0xDD26, 0xD83A, 0xDD2E, 0xD83A, 0xDD45, 0xD83A, 0xDD2A, 0xD83A, 0xDD2D, 0x20, 0xD83A, 0xDD0C, 0xD83A, 0xDD27, 0xD83A, 0xDD3C, 0xD83A, 0xDD22, 0xD83A, 0xDD2A, 0xD83A, 0xDD24, 0xD83A, 0xDD2D, 0xD83A, 0xDD34, 0xD83A, 0xDD22, 0xD83A, 0xDD44));
					break;
				case 23: 
				if (style == 0) return String(CharArray::of(0xD83A, 0xDD11, 0xD83A, 0xDD2D, 0xD83A, 0xDD36, 0xD83A, 0xDD2E, 0xD83A, 0xDD45, 0xD83A, 0xDD2A, 0xD83A, 0xDD2B, 0x20, 0xD83A, 0xDD1A, 0xD83A, 0xDD35, 0xD83A, 0xDD25, 0xD83A, 0xDD26, 0xD83A, 0xDD2E, 0x20, 0xD83A, 0xDD16, 0xD83A, 0xDD2D, 0xD83A, 0xDD45, 0xD83A, 0xDD2A, 0xD83A, 0xDD32, 0xD83A, 0xDD22, 0xD83A, 0xDD44, 0xD83A, 0xDD32, 0xD83A, 0xDD3A, 0xD83A, 0xDD2B, 0xD83A, 0xDD45, 0xD83A, 0xDD2A, 0xD83A, 0xDD2D, 0x20, 0xD83A, 0xDD0C, 0xD83A, 0xDD27, 0xD83A, 0xDD3C, 0xD83A, 0xDD22, 0xD83A, 0xDD2A, 0xD83A, 0xDD24, 0xD83A, 0xDD2D, 0xD83A, 0xDD34, 0xD83A, 0xDD22, 0xD83A, 0xDD44));
				if (style == 1) return String(CharArray::of(0xD83A, 0xDD11, 0xD83A, 0xDD2D, 0xD83A, 0xDD36, 0xD83A, 0xDD2E, 0xD83A, 0xDD45, 0xD83A, 0xDD2A, 0xD83A, 0xDD2B, 0x20, 0xD83A, 0xDD16, 0xD83A, 0xDD22, 0xD83A, 0xDD31, 0xD83A, 0xDD2A, 0xD83A, 0xDD35, 0xD83A, 0xDD32, 0xD83A, 0xDD4B, 0xD83A, 0xDD23, 0xD83A, 0xDD2B, 0x20, 0xD83A, 0xDD1A, 0xD83A, 0xDD35, 0xD83A, 0xDD25, 0xD83A, 0xDD26, 0xD83A, 0xDD2E, 0x20, 0xD83A, 0xDD16, 0xD83A, 0xDD2D, 0xD83A, 0xDD45, 0xD83A, 0xDD2A, 0xD83A, 0xDD32, 0xD83A, 0xDD22, 0xD83A, 0xDD44, 0xD83A, 0xDD32, 0xD83A, 0xDD3A, 0xD83A, 0xDD2B, 0xD83A, 0xDD45, 0xD83A, 0xDD2A, 0xD83A, 0xDD2D, 0x20, 0xD83A, 0xDD0C, 0xD83A, 0xDD27, 0xD83A, 0xDD3C, 0xD83A, 0xDD22, 0xD83A, 0xDD2A, 0xD83A, 0xDD24, 0xD83A, 0xDD2D, 0xD83A, 0xDD34, 0xD83A, 0xDD22, 0xD83A, 0xDD44));
				if (style == 2) return String(CharArray::of(0xD83A, 0xDD11, 0xD83A, 0xDD2D, 0xD83A, 0xDD36, 0xD83A, 0xDD2E, 0xD83A, 0xDD45, 0xD83A, 0xDD2A, 0xD83A, 0xDD2B, 0x20, 0xD83A, 0xDD15, 0xD83A, 0xDD2B, 0xD83A, 0xDD45, 0xD83A, 0xDD2F, 0xD83A, 0xDD35, 0x20, 0xD83A, 0xDD1A, 0xD83A, 0xDD35, 0xD83A, 0xDD25, 0xD83A, 0xDD26, 0xD83A, 0xDD2E, 0x20, 0xD83A, 0xDD16, 0xD83A, 0xDD2D, 0xD83A, 0xDD45, 0xD83A, 0xDD2A, 0xD83A, 0xDD32, 0xD83A, 0xDD22, 0xD83A, 0xDD44, 0xD83A, 0xDD32, 0xD83A, 0xDD3A, 0xD83A, 0xDD2B, 0xD83A, 0xDD45, 0xD83A, 0xDD2A, 0xD83A, 0xDD2D, 0x20, 0xD83A, 0xDD0C, 0xD83A, 0xDD27, 0xD83A, 0xDD3C, 0xD83A, 0xDD22, 0xD83A, 0xDD2A, 0xD83A, 0xDD24, 0xD83A, 0xDD2D, 0xD83A, 0xDD34, 0xD83A, 0xDD22, 0xD83A, 0xDD44));
					break;
				case 24: 
				if (style == 0) return String(CharArray::of(0xD83A, 0xDD11, 0xD83A, 0xDD2D, 0xD83A, 0xDD36, 0xD83A, 0xDD2E, 0xD83A, 0xDD45, 0xD83A, 0xDD2A, 0xD83A, 0xDD2B, 0x20, 0xD83A, 0xDD0A, 0xD83A, 0xDD35, 0xD83A, 0xDD2F, 0xD83A, 0xDD32, 0xD83A, 0xDD22, 0xD83A, 0xDD44, 0xD83A, 0xDD32, 0xD83A, 0xDD3A, 0xD83A, 0xDD2B, 0xD83A, 0xDD45, 0xD83A, 0xDD2A, 0xD83A, 0xDD2D, 0x20, 0xD83A, 0xDD0C, 0xD83A, 0xDD27, 0xD83A, 0xDD3C, 0xD83A, 0xDD22, 0xD83A, 0xDD2A, 0xD83A, 0xDD24, 0xD83A, 0xDD2D, 0xD83A, 0xDD34, 0xD83A, 0xDD22, 0xD83A, 0xDD44));
				if (style == 1) return String(CharArray::of(0xD83A, 0xDD11, 0xD83A, 0xDD2D, 0xD83A, 0xDD36, 0xD83A, 0xDD2E, 0xD83A, 0xDD45, 0xD83A, 0xDD2A, 0xD83A, 0xDD2B, 0x20, 0xD83A, 0xDD16, 0xD83A, 0xDD22, 0xD83A, 0xDD31, 0xD83A, 0xDD2A, 0xD83A, 0xDD35, 0xD83A, 0xDD32, 0xD83A, 0xDD4B, 0xD83A, 0xDD23, 0xD83A, 0xDD2B, 0x20, 0xD83A, 0xDD0A, 0xD83A, 0xDD35, 0xD83A, 0xDD2F, 0xD83A, 0xDD32, 0xD83A, 0xDD22, 0xD83A, 0xDD44, 0xD83A, 0xDD32, 0xD83A, 0xDD3A, 0xD83A, 0xDD2B, 0xD83A, 0xDD45, 0xD83A, 0xDD2A, 0xD83A, 0xDD2D, 0x20, 0xD83A, 0xDD0C, 0xD83A, 0xDD27, 0xD83A, 0xDD3C, 0xD83A, 0xDD22, 0xD83A, 0xDD2A, 0xD83A, 0xDD24, 0xD83A, 0xDD2D, 0xD83A, 0xDD34, 0xD83A, 0xDD22, 0xD83A, 0xDD44));
				if (style == 2) return String(CharArray::of(0xD83A, 0xDD11, 0xD83A, 0xDD2D, 0xD83A, 0xDD36, 0xD83A, 0xDD2E, 0xD83A, 0xDD45, 0xD83A, 0xDD2A, 0xD83A, 0xDD2B, 0x20, 0xD83A, 0xDD15, 0xD83A, 0xDD2B, 0xD83A, 0xDD45, 0xD83A, 0xDD2F, 0xD83A, 0xDD35, 0x20, 0xD83A, 0xDD0A, 0xD83A, 0xDD35, 0xD83A, 0xDD2F, 0xD83A, 0xDD32, 0xD83A, 0xDD22, 0xD83A, 0xDD44, 0xD83A, 0xDD32, 0xD83A, 0xDD3A, 0xD83A, 0xDD2B, 0xD83A, 0xDD45, 0xD83A, 0xDD2A, 0xD83A, 0xDD2D, 0x20, 0xD83A, 0xDD0C, 0xD83A, 0xDD27, 0xD83A, 0xDD3C, 0xD83A, 0xDD22, 0xD83A, 0xDD2A, 0xD83A, 0xDD24, 0xD83A, 0xDD2D, 0xD83A, 0xDD34, 0xD83A, 0xDD22, 0xD83A, 0xDD44));
					break;
				case 25: 
				if (style == 0) return String(CharArray::of(0xD83A, 0xDD11, 0xD83A, 0xDD2D, 0xD83A, 0xDD36, 0xD83A, 0xDD2E, 0xD83A, 0xDD45, 0xD83A, 0xDD2A, 0xD83A, 0xDD2B, 0x20, 0xD83A, 0xDD16, 0xD83A, 0xDD2D, 0xD83A, 0xDD45, 0xD83A, 0xDD2A, 0xD83A, 0xDD32, 0xD83A, 0xDD22, 0xD83A, 0xDD44, 0xD83A, 0xDD32, 0xD83A, 0xDD3A, 0xD83A, 0xDD2B, 0xD83A, 0xDD45, 0xD83A, 0xDD2A, 0xD83A, 0xDD2D, 0x20, 0xD83A, 0xDD0C, 0xD83A, 0xDD27, 0xD83A, 0xDD3C, 0xD83A, 0xDD22, 0xD83A, 0xDD2A, 0xD83A, 0xDD24, 0xD83A, 0xDD2D, 0xD83A, 0xDD34, 0xD83A, 0xDD22, 0xD83A, 0xDD44));
				if (style == 1) return String(CharArray::of(0xD83A, 0xDD11, 0xD83A, 0xDD2D, 0xD83A, 0xDD36, 0xD83A, 0xDD2E, 0xD83A, 0xDD45, 0xD83A, 0xDD2A, 0xD83A, 0xDD2B, 0x20, 0xD83A, 0xDD16, 0xD83A, 0xDD22, 0xD83A, 0xDD31, 0xD83A, 0xDD2A, 0xD83A, 0xDD35, 0xD83A, 0xDD32, 0xD83A, 0xDD4B, 0xD83A, 0xDD23, 0xD83A, 0xDD2B, 0x20, 0xD83A, 0xDD16, 0xD83A, 0xDD2D, 0xD83A, 0xDD45, 0xD83A, 0xDD2A, 0xD83A, 0xDD32, 0xD83A, 0xDD22, 0xD83A, 0xDD44, 0xD83A, 0xDD32, 0xD83A, 0xDD3A, 0xD83A, 0xDD2B, 0xD83A, 0xDD45, 0xD83A, 0xDD2A, 0xD83A, 0xDD2D, 0x20, 0xD83A, 0xDD0C, 0xD83A, 0xDD27, 0xD83A, 0xDD3C, 0xD83A, 0xDD22, 0xD83A, 0xDD2A, 0xD83A, 0xDD24, 0xD83A, 0xDD2D, 0xD83A, 0xDD34, 0xD83A, 0xDD22, 0xD83A, 0xDD44));
				if (style == 2) return String(CharArray::of(0xD83A, 0xDD11, 0xD83A, 0xDD2D, 0xD83A, 0xDD36, 0xD83A, 0xDD2E, 0xD83A, 0xDD45, 0xD83A, 0xDD2A, 0xD83A, 0xDD2B, 0x20, 0xD83A, 0xDD15, 0xD83A, 0xDD2B, 0xD83A, 0xDD45, 0xD83A, 0xDD2F, 0xD83A, 0xDD35, 0x20, 0xD83A, 0xDD16, 0xD83A, 0xDD2D, 0xD83A, 0xDD45, 0xD83A, 0xDD2A, 0xD83A, 0xDD32, 0xD83A, 0xDD22, 0xD83A, 0xDD44, 0xD83A, 0xDD32, 0xD83A, 0xDD3A, 0xD83A, 0xDD2B, 0xD83A, 0xDD45, 0xD83A, 0xDD2A, 0xD83A, 0xDD2D, 0x20, 0xD83A, 0xDD0C, 0xD83A, 0xDD27, 0xD83A, 0xDD3C, 0xD83A, 0xDD22, 0xD83A, 0xDD2A, 0xD83A, 0xDD24, 0xD83A, 0xDD2D, 0xD83A, 0xDD34, 0xD83A, 0xDD22, 0xD83A, 0xDD44));
					break;
				case 26: 
				if (style == 0) return String(CharArray::of(0xD83A, 0xDD11, 0xD83A, 0xDD2D, 0xD83A, 0xDD36, 0xD83A, 0xDD2E, 0xD83A, 0xDD45, 0xD83A, 0xDD2A, 0xD83A, 0xDD2B, 0x20, 0xD83A, 0xDD00, 0xD83A, 0xDD36, 0xD83A, 0xDD2B, 0xD83A, 0xDD2A, 0xD83A, 0xDD26, 0xD83A, 0xDD22, 0xD83A, 0xDD34, 0xD83A, 0xDD36, 0xD83A, 0xDD22, 0xD83A, 0xDD32));
				if (style == 1) return String(CharArray::of(0xD83A, 0xDD11, 0xD83A, 0xDD2D, 0xD83A, 0xDD36, 0xD83A, 0xDD2E, 0xD83A, 0xDD45, 0xD83A, 0xDD2A, 0xD83A, 0xDD2B, 0x20, 0xD83A, 0xDD16, 0xD83A, 0xDD22, 0xD83A, 0xDD31, 0xD83A, 0xDD2A, 0xD83A, 0xDD35, 0xD83A, 0xDD32, 0xD83A, 0xDD4B, 0xD83A, 0xDD23, 0xD83A, 0xDD2B, 0x20, 0xD83A, 0xDD00, 0xD83A, 0xDD36, 0xD83A, 0xDD2B, 0xD83A, 0xDD2A, 0xD83A, 0xDD26, 0xD83A, 0xDD22, 0xD83A, 0xDD34, 0xD83A, 0xDD36, 0xD83A, 0xDD22, 0xD83A, 0xDD32));
				if (style == 2) return String(CharArray::of(0xD83A, 0xDD11, 0xD83A, 0xDD2D, 0xD83A, 0xDD36, 0xD83A, 0xDD2E, 0xD83A, 0xDD45, 0xD83A, 0xDD2A, 0xD83A, 0xDD2B, 0x20, 0xD83A, 0xDD15, 0xD83A, 0xDD2B, 0xD83A, 0xDD45, 0xD83A, 0xDD2F, 0xD83A, 0xDD35, 0x20, 0xD83A, 0xDD00, 0xD83A, 0xDD36, 0xD83A, 0xDD2B, 0xD83A, 0xDD2A, 0xD83A, 0xDD26, 0xD83A, 0xDD22, 0xD83A, 0xDD34, 0xD83A, 0xDD36, 0xD83A, 0xDD22, 0xD83A, 0xDD32));
					break;
				case 27: 
				if (style == 0) return String(CharArray::of(0xD83A, 0xDD11, 0xD83A, 0xDD2D, 0xD83A, 0xDD36, 0xD83A, 0xDD2E, 0xD83A, 0xDD45, 0xD83A, 0xDD2A, 0xD83A, 0xDD2B, 0x20, 0xD83A, 0xDD00, 0xD83A, 0xDD41, 0xD83A, 0xDD2E, 0xD83A, 0xDD2A, 0xD83A, 0xDD2B, 0xD83A, 0xDD27));
				if (style == 1) return String(CharArray::of(0xD83A, 0xDD11, 0xD83A, 0xDD2D, 0xD83A, 0xDD36, 0xD83A, 0xDD2E, 0xD83A, 0xDD45, 0xD83A, 0xDD2A, 0xD83A, 0xDD2B, 0x20, 0xD83A, 0xDD16, 0xD83A, 0xDD22, 0xD83A, 0xDD31, 0xD83A, 0xDD2A, 0xD83A, 0xDD35, 0xD83A, 0xDD32, 0xD83A, 0xDD4B, 0xD83A, 0xDD23, 0xD83A, 0xDD2B, 0x20, 0xD83A, 0xDD00, 0xD83A, 0xDD41, 0xD83A, 0xDD2E, 0xD83A, 0xDD2A, 0xD83A, 0xDD2B, 0xD83A, 0xDD27));
				if (style == 2) return String(CharArray::of(0xD83A, 0xDD11, 0xD83A, 0xDD2D, 0xD83A, 0xDD36, 0xD83A, 0xDD2E, 0xD83A, 0xDD45, 0xD83A, 0xDD2A, 0xD83A, 0xDD2B, 0x20, 0xD83A, 0xDD15, 0xD83A, 0xDD2B, 0xD83A, 0xDD45, 0xD83A, 0xDD2F, 0xD83A, 0xDD35, 0x20, 0xD83A, 0xDD00, 0xD83A, 0xDD41, 0xD83A, 0xDD2E, 0xD83A, 0xDD2A, 0xD83A, 0xDD2B, 0xD83A, 0xDD27));
					break;
				case 28: 
				if (style == 0) return String(CharArray::of(0xD83A, 0xDD11, 0xD83A, 0xDD2D, 0xD83A, 0xDD36, 0xD83A, 0xDD2E, 0xD83A, 0xDD45, 0xD83A, 0xDD2A, 0xD83A, 0xDD2B, 0x20, 0xD83A, 0xDD04, 0xD83A, 0xDD22, 0xD83A, 0xDD32, 0xD83A, 0xDD3A, 0xD83A, 0xDD2D, 0xD83A, 0xDD24, 0xD83A, 0xDD22, 0xD83A, 0xDD23, 0xD83A, 0xDD2B, 0xD83A, 0xDD45, 0xD83A, 0xDD27));
				if (style == 1) return String(CharArray::of(0xD83A, 0xDD11, 0xD83A, 0xDD2D, 0xD83A, 0xDD36, 0xD83A, 0xDD2E, 0xD83A, 0xDD45, 0xD83A, 0xDD2A, 0xD83A, 0xDD2B, 0x20, 0xD83A, 0xDD16, 0xD83A, 0xDD22, 0xD83A, 0xDD31, 0xD83A, 0xDD2A, 0xD83A, 0xDD35, 0xD83A, 0xDD32, 0xD83A, 0xDD4B, 0xD83A, 0xDD23, 0xD83A, 0xDD2B, 0x20, 0xD83A, 0xDD04, 0xD83A, 0xDD22, 0xD83A, 0xDD32, 0xD83A, 0xDD3A, 0xD83A, 0xDD2D, 0xD83A, 0xDD24, 0xD83A, 0xDD22, 0xD83A, 0xDD23, 0xD83A, 0xDD2B, 0xD83A, 0xDD45, 0xD83A, 0xDD27));
				if (style == 2) return String(CharArray::of(0xD83A, 0xDD11, 0xD83A, 0xDD2D, 0xD83A, 0xDD36, 0xD83A, 0xDD2E, 0xD83A, 0xDD45, 0xD83A, 0xDD2A, 0xD83A, 0xDD2B, 0x20, 0xD83A, 0xDD15, 0xD83A, 0xDD2B, 0xD83A, 0xDD45, 0xD83A, 0xDD2F, 0xD83A, 0xDD35, 0x20, 0xD83A, 0xDD04, 0xD83A, 0xDD22, 0xD83A, 0xDD32, 0xD83A, 0xDD3A, 0xD83A, 0xDD2D, 0xD83A, 0xDD24, 0xD83A, 0xDD22, 0xD83A, 0xDD23, 0xD83A, 0xDD2B, 0xD83A, 0xDD45, 0xD83A, 0xDD27));
					break;
				case 29: 
				if (style == 1) return String(CharArray::of(0xD83A, 0xDD11, 0xD83A, 0xDD2D, 0xD83A, 0xDD36, 0xD83A, 0xDD2E, 0xD83A, 0xDD45, 0xD83A, 0xDD2A, 0xD83A, 0xDD2B, 0x20, 0xD83A, 0xDD04, 0xD83A, 0xDD35, 0xD83A, 0xDD3C, 0xD83A, 0xDD22, 0xD83A, 0xDD44, 0xD83A, 0xDD32));
					break;
				case 30: 
				if (style == 1) return String(CharArray::of(0xD83A, 0xDD11, 0xD83A, 0xDD2D, 0xD83A, 0xDD36, 0xD83A, 0xDD2E, 0xD83A, 0xDD45, 0xD83A, 0xDD2A, 0xD83A, 0xDD2B, 0x20, 0xD83A, 0xDD04, 0xD83A, 0xDD2E, 0xD83A, 0xDD24, 0xD83A, 0xDD2D, 0xD83A, 0xDD3E, 0xD83A, 0xDD2D, 0xD83A, 0xDD34, 0xD83A, 0xDD22, 0xD83A, 0xDD44));
					break;
				case 31: 
				if (style == 0) return String(CharArray::of(0xD83A, 0xDD11, 0xD83A, 0xDD2D, 0xD83A, 0xDD36, 0xD83A, 0xDD2E, 0xD83A, 0xDD45, 0xD83A, 0xDD2A, 0xD83A, 0xDD2B, 0x20, 0xD83A, 0xDD04, 0xD83A, 0xDD2A, 0xD83A, 0xDD22, 0xD83A, 0xDD27, 0xD83A, 0xDD2D, 0xD83A, 0xDD24, 0xD83A, 0xDD2D, 0xD83A, 0xDD34, 0xD83A, 0xDD22, 0xD83A, 0xDD44));
				if (style == 1) return String(CharArray::of(0xD83A, 0xDD11, 0xD83A, 0xDD2D, 0xD83A, 0xDD36, 0xD83A, 0xDD2E, 0xD83A, 0xDD45, 0xD83A, 0xDD2A, 0xD83A, 0xDD2B, 0x20, 0xD83A, 0xDD16, 0xD83A, 0xDD22, 0xD83A, 0xDD31, 0xD83A, 0xDD2A, 0xD83A, 0xDD35, 0xD83A, 0xDD32, 0xD83A, 0xDD4B, 0xD83A, 0xDD23, 0xD83A, 0xDD2B, 0x20, 0xD83A, 0xDD04, 0xD83A, 0xDD2A, 0xD83A, 0xDD22, 0xD83A, 0xDD27, 0xD83A, 0xDD2D, 0xD83A, 0xDD24, 0xD83A, 0xDD2D, 0xD83A, 0xDD34, 0xD83A, 0xDD22, 0xD83A, 0xDD44));
				if (style == 2) return String(CharArray::of(0xD83A, 0xDD11, 0xD83A, 0xDD2D, 0xD83A, 0xDD36, 0xD83A, 0xDD2E, 0xD83A, 0xDD45, 0xD83A, 0xDD2A, 0xD83A, 0xDD2B, 0x20, 0xD83A, 0xDD15, 0xD83A, 0xDD2B, 0xD83A, 0xDD45, 0xD83A, 0xDD2F, 0xD83A, 0xDD35, 0x20, 0xD83A, 0xDD04, 0xD83A, 0xDD2A, 0xD83A, 0xDD22, 0xD83A, 0xDD27, 0xD83A, 0xDD2D, 0xD83A, 0xDD24, 0xD83A, 0xDD2D, 0xD83A, 0xDD34, 0xD83A, 0xDD22, 0xD83A, 0xDD44));
					break;
				case 32: 
				if (style == 1) return String(CharArray::of(0xD83A, 0xDD11, 0xD83A, 0xDD2D, 0xD83A, 0xDD36, 0xD83A, 0xDD2E, 0xD83A, 0xDD45, 0xD83A, 0xDD2A, 0xD83A, 0xDD2B, 0x20, 0xD83A, 0xDD04, 0xD83A, 0xDD35, 0xD83A, 0xDD2A, 0xD83A, 0xDD32, 0xD83A, 0xDD22, 0xD83A, 0xDD34));
					break;
				case 33: 
				if (style == 0) return String(CharArray::of(0xD83A, 0xDD11, 0xD83A, 0xDD2D, 0xD83A, 0xDD36, 0xD83A, 0xDD2E, 0xD83A, 0xDD45, 0xD83A, 0xDD2A, 0xD83A, 0xDD2B, 0x20, 0xD83A, 0xDD11, 0xD83A, 0xDD22, 0xD83A, 0xDD44, 0xD83A, 0xDD26, 0xD83A, 0xDD2E, 0x2D, 0xD83A, 0xDD1C, 0xD83A, 0xDD2B, 0xD83A, 0xDD2A, 0xD83A, 0xDD23, 0xD83A, 0xDD2B));
				if (style == 1) return String(CharArray::of(0xD83A, 0xDD11, 0xD83A, 0xDD2D, 0xD83A, 0xDD36, 0xD83A, 0xDD2E, 0xD83A, 0xDD45, 0xD83A, 0xDD2A, 0xD83A, 0xDD2B, 0x20, 0xD83A, 0xDD16, 0xD83A, 0xDD22, 0xD83A, 0xDD31, 0xD83A, 0xDD2A, 0xD83A, 0xDD35, 0xD83A, 0xDD32, 0xD83A, 0xDD4B, 0xD83A, 0xDD23, 0xD83A, 0xDD2B, 0x20, 0xD83A, 0xDD11, 0xD83A, 0xDD22, 0xD83A, 0xDD44, 0xD83A, 0xDD26, 0xD83A, 0xDD2E, 0x20, 0xD83A, 0xDD1C, 0xD83A, 0xDD2B, 0xD83A, 0xDD2A, 0xD83A, 0xDD23, 0xD83A, 0xDD2B));
				if (style == 2) return String(CharArray::of(0xD83A, 0xDD11, 0xD83A, 0xDD2D, 0xD83A, 0xDD36, 0xD83A, 0xDD2E, 0xD83A, 0xDD45, 0xD83A, 0xDD2A, 0xD83A, 0xDD2B, 0x20, 0xD83A, 0xDD15, 0xD83A, 0xDD2B, 0xD83A, 0xDD45, 0xD83A, 0xDD2F, 0xD83A, 0xDD35, 0x20, 0xD83A, 0xDD11, 0xD83A, 0xDD22, 0xD83A, 0xDD44, 0xD83A, 0xDD26, 0xD83A, 0xDD2E, 0x2D, 0xD83A, 0xDD1C, 0xD83A, 0xDD2B, 0xD83A, 0xDD2A, 0xD83A, 0xDD23, 0xD83A, 0xDD2B));
					break;
				case 34: 
				if (style == 1) return String(CharArray::of(0xD83A, 0xDD11, 0xD83A, 0xDD2D, 0xD83A, 0xDD36, 0xD83A, 0xDD2E, 0xD83A, 0xDD45, 0xD83A, 0xDD2A, 0xD83A, 0xDD2B, 0x20, 0xD83A, 0xDD11, 0xD83A, 0xDD22, 0xD83A, 0xDD44, 0xD83A, 0xDD27, 0xD83A, 0xDD2B, 0xD83A, 0xDD34));
					break;
				case 35: 
				if (style == 1) return String(CharArray::of(0xD83A, 0xDD11, 0xD83A, 0xDD2D, 0xD83A, 0xDD36, 0xD83A, 0xDD2E, 0xD83A, 0xDD45, 0xD83A, 0xDD2A, 0xD83A, 0xDD2B, 0x20, 0xD83A, 0xDD16, 0xD83A, 0xDD22, 0xD83A, 0xDD31, 0xD83A, 0xDD2A, 0xD83A, 0xDD35, 0xD83A, 0xDD32, 0xD83A, 0xDD4B, 0xD83A, 0xDD23, 0xD83A, 0xDD2B, 0x20, 0xD83A, 0xDD15, 0xD83A, 0xDD2E, 0xD83A, 0xDD25, 0xD83A, 0xDD2E, 0xD83A, 0xDD45, 0xD83A, 0xDD2A, 0xD83A, 0xDD2E));
					break;
				case 36: 
				if (style == 0) return String(CharArray::of(0xD83A, 0xDD11, 0xD83A, 0xDD2D, 0xD83A, 0xDD36, 0xD83A, 0xDD2E, 0xD83A, 0xDD45, 0xD83A, 0xDD2A, 0xD83A, 0xDD2B, 0x20, 0xD83A, 0xDD15, 0xD83A, 0xDD22, 0xD83A, 0xDD3C, 0xD83A, 0xDD22, 0xD83A, 0xDD44, 0xD83A, 0xDD25));
				if (style == 1) return String(CharArray::of(0xD83A, 0xDD11, 0xD83A, 0xDD2D, 0xD83A, 0xDD36, 0xD83A, 0xDD2E, 0xD83A, 0xDD45, 0xD83A, 0xDD2A, 0xD83A, 0xDD2B, 0x20, 0xD83A, 0xDD16, 0xD83A, 0xDD22, 0xD83A, 0xDD31, 0xD83A, 0xDD2A, 0xD83A, 0xDD35, 0xD83A, 0xDD32, 0xD83A, 0xDD4B, 0xD83A, 0xDD23, 0xD83A, 0xDD2B, 0x20, 0xD83A, 0xDD15, 0xD83A, 0xDD22, 0xD83A, 0xDD3C, 0xD83A, 0xDD22, 0xD83A, 0xDD44, 0xD83A, 0xDD25));
				if (style == 2) return String(CharArray::of(0xD83A, 0xDD11, 0xD83A, 0xDD2D, 0xD83A, 0xDD36, 0xD83A, 0xDD2E, 0xD83A, 0xDD45, 0xD83A, 0xDD2A, 0xD83A, 0xDD2B, 0x20, 0xD83A, 0xDD15, 0xD83A, 0xDD2B, 0xD83A, 0xDD45, 0xD83A, 0xDD2F, 0xD83A, 0xDD35, 0x20, 0xD83A, 0xDD15, 0xD83A, 0xDD22, 0xD83A, 0xDD44, 0xD83A, 0xDD3C, 0xD83A, 0xDD22, 0xD83A, 0xDD25));
					break;
				case 37: 
				if (style == 0) return String(CharArray::of(0xD83A, 0xDD11, 0xD83A, 0xDD2D, 0xD83A, 0xDD36, 0xD83A, 0xDD2E, 0xD83A, 0xDD45, 0xD83A, 0xDD2A, 0xD83A, 0xDD2B, 0x20, 0xD83A, 0xDD15, 0xD83A, 0xDD2D, 0xD83A, 0xDD24, 0xD83A, 0xDD2B, 0xD83A, 0xDD45));
				if (style == 1) return String(CharArray::of(0xD83A, 0xDD11, 0xD83A, 0xDD2D, 0xD83A, 0xDD36, 0xD83A, 0xDD2E, 0xD83A, 0xDD45, 0xD83A, 0xDD2A, 0xD83A, 0xDD2B, 0x20, 0xD83A, 0xDD16, 0xD83A, 0xDD22, 0xD83A, 0xDD31, 0xD83A, 0xDD2A, 0xD83A, 0xDD35, 0xD83A, 0xDD32, 0xD83A, 0xDD4B, 0xD83A, 0xDD23, 0xD83A, 0xDD2B, 0x20, 0xD83A, 0xDD15, 0xD83A, 0xDD2D, 0xD83A, 0xDD24, 0xD83A, 0xDD2B, 0xD83A, 0xDD45));
				if (style == 2) return String(CharArray::of(0xD83A, 0xDD11, 0xD83A, 0xDD2D, 0xD83A, 0xDD36, 0xD83A, 0xDD2E, 0xD83A, 0xDD45, 0xD83A, 0xDD2A, 0xD83A, 0xDD2B, 0x20, 0xD83A, 0xDD15, 0xD83A, 0xDD2B, 0xD83A, 0xDD45, 0xD83A, 0xDD2F, 0xD83A, 0xDD35, 0x20, 0xD83A, 0xDD15, 0xD83A, 0xDD2D, 0xD83A, 0xDD24, 0xD83A, 0xDD2B, 0xD83A, 0xDD45));
					break;
				case 38: 
				if (style == 0) return String(CharArray::of(0xD83A, 0xDD11, 0xD83A, 0xDD2D, 0xD83A, 0xDD36, 0xD83A, 0xDD2E, 0xD83A, 0xDD45, 0xD83A, 0xDD2A, 0xD83A, 0xDD2B, 0x20, 0xD83A, 0xDD15, 0xD83A, 0xDD22, 0xD83A, 0xDD34, 0xD83A, 0xDD32, 0xD83A, 0xDD22));
				if (style == 1) return String(CharArray::of(0xD83A, 0xDD11, 0xD83A, 0xDD2D, 0xD83A, 0xDD36, 0xD83A, 0xDD2E, 0xD83A, 0xDD45, 0xD83A, 0xDD2A, 0xD83A, 0xDD2B, 0x20, 0xD83A, 0xDD16, 0xD83A, 0xDD22, 0xD83A, 0xDD31, 0xD83A, 0xDD2A, 0xD83A, 0xDD35, 0xD83A, 0xDD32, 0xD83A, 0xDD4B, 0xD83A, 0xDD23, 0xD83A, 0xDD2B, 0x20, 0xD83A, 0xDD15, 0xD83A, 0xDD22, 0xD83A, 0xDD34, 0xD83A, 0xDD32, 0xD83A, 0xDD22));
				if (style == 2) return String(CharArray::of(0xD83A, 0xDD11, 0xD83A, 0xDD2D, 0xD83A, 0xDD36, 0xD83A, 0xDD2E, 0xD83A, 0xDD45, 0xD83A, 0xDD2A, 0xD83A, 0xDD2B, 0x20, 0xD83A, 0xDD15, 0xD83A, 0xDD2B, 0xD83A, 0xDD45, 0xD83A, 0xDD2F, 0xD83A, 0xDD35, 0x20, 0xD83A, 0xDD15, 0xD83A, 0xDD22, 0xD83A, 0xDD34, 0xD83A, 0xDD32, 0xD83A, 0xDD22));
					break;
				case 39: 
				if (style == 0) return String(CharArray::of(0xD83A, 0xDD11, 0xD83A, 0xDD2D, 0xD83A, 0xDD36, 0xD83A, 0xDD2E, 0xD83A, 0xDD45, 0xD83A, 0xDD2A, 0xD83A, 0xDD2B, 0x20, 0xD83A, 0xDD05, 0xD83A, 0xDD2E, 0xD83A, 0xDD34, 0xD83A, 0xDD26, 0xD83A, 0xDD22, 0xD83A, 0xDD24, 0xD83A, 0xDD27, 0xD83A, 0xDD22, 0xD83A, 0xDD32));
				if (style == 1) return String(CharArray::of(0xD83A, 0xDD11, 0xD83A, 0xDD2D, 0xD83A, 0xDD36, 0xD83A, 0xDD2E, 0xD83A, 0xDD45, 0xD83A, 0xDD2A, 0xD83A, 0xDD2B, 0x20, 0xD83A, 0xDD16, 0xD83A, 0xDD22, 0xD83A, 0xDD31, 0xD83A, 0xDD2A, 0xD83A, 0xDD2D, 0xD83A, 0xDD3C, 0xD83A, 0xDD35, 0xD83A, 0xDD32, 0xD83A, 0xDD4B, 0xD83A, 0xDD23, 0xD83A, 0xDD2B, 0x20, 0xD83A, 0xDD05, 0xD83A, 0xDD2E, 0xD83A, 0xDD34, 0xD83A, 0xDD26, 0xD83A, 0xDD22, 0xD83A, 0xDD24, 0xD83A, 0xDD27, 0xD83A, 0xDD22, 0xD83A, 0xDD32));
				if (style == 2) return String(CharArray::of(0xD83A, 0xDD11, 0xD83A, 0xDD2D, 0xD83A, 0xDD36, 0xD83A, 0xDD2E, 0xD83A, 0xDD45, 0xD83A, 0xDD2A, 0xD83A, 0xDD2B, 0x20, 0xD83A, 0xDD15, 0xD83A, 0xDD2B, 0xD83A, 0xDD45, 0xD83A, 0xDD2F, 0xD83A, 0xDD35, 0x20, 0xD83A, 0xDD05, 0xD83A, 0xDD2E, 0xD83A, 0xDD34, 0xD83A, 0xDD26, 0xD83A, 0xDD22, 0xD83A, 0xDD24, 0xD83A, 0xDD27, 0xD83A, 0xDD22, 0xD83A, 0xDD32));
					break;
				case 40: 
				if (style == 1) return String(CharArray::of(0xD83A, 0xDD11, 0xD83A, 0xDD2D, 0xD83A, 0xDD36, 0xD83A, 0xDD2E, 0xD83A, 0xDD45, 0xD83A, 0xDD2A, 0xD83A, 0xDD2B, 0x20, 0xD83A, 0xDD05, 0xD83A, 0xDD35, 0xD83A, 0xDD2A, 0xD83A, 0xDD2D, 0xD83A, 0xDD45, 0xD83A, 0xDD2A, 0xD83A, 0xDD2B, 0x20, 0xD83A, 0xDD11, 0xD83A, 0xDD2D, 0xD83A, 0xDD2A, 0xD83A, 0xDD27, 0xD83A, 0xDD2D, 0xD83A, 0xDD25, 0xD83A, 0xDD22, 0xD83A, 0xDD44, 0xD83A, 0xDD27));
					break;
				case 41: 
				if (style == 1) return String(CharArray::of(0xD83A, 0xDD11, 0xD83A, 0xDD2D, 0xD83A, 0xDD36, 0xD83A, 0xDD2E, 0xD83A, 0xDD45, 0xD83A, 0xDD2A, 0xD83A, 0xDD2B, 0x20, 0xD83A, 0xDD11, 0xD83A, 0xDD2E, 0xD83A, 0xDD45, 0xD83A, 0xDD33, 0xD83A, 0xDD2E, 0xD83A, 0xDD27));
					break;
				case 42: 
				if (style == 0) return String(CharArray::of(0xD83A, 0xDD11, 0xD83A, 0xDD2D, 0xD83A, 0xDD36, 0xD83A, 0xDD2E, 0xD83A, 0xDD45, 0xD83A, 0xDD2A, 0xD83A, 0xDD2B, 0x20, 0xD83A, 0xDD11, 0xD83A, 0xDD2E, 0xD83A, 0xDD24, 0xD83A, 0xDD2E, 0xD83A, 0xDD25, 0xD83A, 0xDD26, 0xD83A, 0xDD2D, 0xD83A, 0xDD34, 0xD83A, 0xDD22, 0xD83A, 0xDD44));
				if (style == 1) return String(CharArray::of(0xD83A, 0xDD11, 0xD83A, 0xDD2D, 0xD83A, 0xDD36, 0xD83A, 0xDD2E, 0xD83A, 0xDD45, 0xD83A, 0xDD2A, 0xD83A, 0xDD2B, 0x20, 0xD83A, 0xDD16, 0xD83A, 0xDD22, 0xD83A, 0xDD31, 0xD83A, 0xDD2A, 0xD83A, 0xDD35, 0xD83A, 0xDD32, 0xD83A, 0xDD4B, 0xD83A, 0xDD23, 0xD83A, 0xDD2B, 0x20, 0xD83A, 0xDD11, 0xD83A, 0xDD2E, 0xD83A, 0xDD24, 0xD83A, 0xDD2E, 0xD83A, 0xDD25, 0xD83A, 0xDD26, 0xD83A, 0xDD2D, 0xD83A, 0xDD34, 0xD83A, 0xDD22, 0xD83A, 0xDD44));
				if (style == 2) return String(CharArray::of(0xD83A, 0xDD11, 0xD83A, 0xDD2D, 0xD83A, 0xDD36, 0xD83A, 0xDD2E, 0xD83A, 0xDD45, 0xD83A, 0xDD2A, 0xD83A, 0xDD2B, 0x20, 0xD83A, 0xDD15, 0xD83A, 0xDD2B, 0xD83A, 0xDD45, 0xD83A, 0xDD2F, 0xD83A, 0xDD35, 0x20, 0xD83A, 0xDD11, 0xD83A, 0xDD2E, 0xD83A, 0xDD24, 0xD83A, 0xDD2E, 0xD83A, 0xDD25, 0xD83A, 0xDD26, 0xD83A, 0xDD2D, 0xD83A, 0xDD34, 0xD83A, 0xDD22, 0xD83A, 0xDD44));
					break;
				case 43: 
				if (style == 0) return String(CharArray::of(0xD83A, 0xDD11, 0xD83A, 0xDD2D, 0xD83A, 0xDD36, 0xD83A, 0xDD2E, 0xD83A, 0xDD45, 0xD83A, 0xDD2A, 0xD83A, 0xDD2B, 0x20, 0xD83A, 0xDD15, 0xD83A, 0xDD35, 0xD83A, 0xDD2A, 0xD83A, 0xDD2D, 0xD83A, 0xDD45, 0xD83A, 0xDD36, 0xD83A, 0xDD2B, 0x20, 0xD83A, 0xDD11, 0xD83A, 0xDD35, 0xD83A, 0xDD45, 0xD83A, 0xDD33));
				if (style == 1) return String(CharArray::of(0xD83A, 0xDD11, 0xD83A, 0xDD2D, 0xD83A, 0xDD36, 0xD83A, 0xDD2E, 0xD83A, 0xDD45, 0xD83A, 0xDD2A, 0xD83A, 0xDD2B, 0x20, 0xD83A, 0xDD16, 0xD83A, 0xDD22, 0xD83A, 0xDD31, 0xD83A, 0xDD2A, 0xD83A, 0xDD35, 0xD83A, 0xDD32, 0xD83A, 0xDD4B, 0xD83A, 0xDD23, 0xD83A, 0xDD2B, 0x20, 0xD83A, 0xDD15, 0xD83A, 0xDD35, 0xD83A, 0xDD2A, 0xD83A, 0xDD2D, 0xD83A, 0xDD45, 0xD83A, 0xDD36, 0xD83A, 0xDD2B, 0x20, 0xD83A, 0xDD11, 0xD83A, 0xDD35, 0xD83A, 0xDD45, 0xD83A, 0xDD33));
				if (style == 2) return String(CharArray::of(0xD83A, 0xDD11, 0xD83A, 0xDD2D, 0xD83A, 0xDD36, 0xD83A, 0xDD2E, 0xD83A, 0xDD45, 0xD83A, 0xDD2A, 0xD83A, 0xDD2B, 0x20, 0xD83A, 0xDD06, 0xD83A, 0xDD2B, 0xD83A, 0xDD37, 0xD83A, 0xDD46, 0xD83A, 0xDD35, 0x20, 0xD83A, 0xDD15, 0xD83A, 0xDD2B, 0xD83A, 0xDD45, 0xD83A, 0xDD2F, 0xD83A, 0xDD35, 0x20, 0xD83A, 0xDD15, 0xD83A, 0xDD35, 0xD83A, 0xDD2A, 0xD83A, 0xDD2D, 0xD83A, 0xDD45, 0xD83A, 0xDD36, 0xD83A, 0xDD2B, 0x20, 0xD83A, 0xDD11, 0xD83A, 0xDD35, 0xD83A, 0xDD45, 0xD83A, 0xDD33));
					break;
				case 44: 
				if (style == 0) return String(CharArray::of(0xD83A, 0xDD11, 0xD83A, 0xDD2D, 0xD83A, 0xDD36, 0xD83A, 0xDD2E, 0xD83A, 0xDD45, 0xD83A, 0xDD2A, 0xD83A, 0xDD2B, 0x20, 0xD83A, 0xDD11, 0xD83A, 0xDD35, 0xD83A, 0xDD45, 0xD83A, 0xDD26, 0xD83A, 0xDD22, 0xD83A, 0xDD44));
				if (style == 1) return String(CharArray::of(0xD83A, 0xDD11, 0xD83A, 0xDD2D, 0xD83A, 0xDD36, 0xD83A, 0xDD2E, 0xD83A, 0xDD45, 0xD83A, 0xDD2A, 0xD83A, 0xDD2B, 0x20, 0xD83A, 0xDD16, 0xD83A, 0xDD22, 0xD83A, 0xDD31, 0xD83A, 0xDD2A, 0xD83A, 0xDD35, 0xD83A, 0xDD32, 0xD83A, 0xDD4B, 0xD83A, 0xDD23, 0xD83A, 0xDD2B, 0x20, 0xD83A, 0xDD11, 0xD83A, 0xDD35, 0xD83A, 0xDD45, 0xD83A, 0xDD26, 0xD83A, 0xDD22, 0xD83A, 0xDD44));
				if (style == 2) return String(CharArray::of(0xD83A, 0xDD11, 0xD83A, 0xDD2D, 0xD83A, 0xDD36, 0xD83A, 0xDD2E, 0xD83A, 0xDD45, 0xD83A, 0xDD2A, 0xD83A, 0xDD2B, 0x20, 0xD83A, 0xDD15, 0xD83A, 0xDD2B, 0xD83A, 0xDD45, 0xD83A, 0xDD2F, 0xD83A, 0xDD35, 0x20, 0xD83A, 0xDD11, 0xD83A, 0xDD35, 0xD83A, 0xDD45, 0xD83A, 0xDD26, 0xD83A, 0xDD22, 0xD83A, 0xDD44));
					break;
				case 45: 
				if (style == 1) return String(CharArray::of(0xD83A, 0xDD11, 0xD83A, 0xDD2D, 0xD83A, 0xDD36, 0xD83A, 0xDD2E, 0xD83A, 0xDD45, 0xD83A, 0xDD2A, 0xD83A, 0xDD2B, 0x20, 0xD83A, 0xDD01, 0xD83A, 0xDD2B, 0xD83A, 0xDD45, 0xD83A, 0xDD3E, 0xD83A, 0xDD2D, 0xD83A, 0xDD27));
					break;
				case 46: 
				if (style == 1) return String(CharArray::of(0xD83A, 0xDD11, 0xD83A, 0xDD2D, 0xD83A, 0xDD36, 0xD83A, 0xDD2E, 0xD83A, 0xDD45, 0xD83A, 0xDD2A, 0xD83A, 0xDD2B, 0x20, 0xD83A, 0xDD01, 0xD83A, 0xDD2D, 0xD83A, 0xDD25, 0xD83A, 0xDD2E, 0xD83A, 0xDD32, 0xD83A, 0xDD3C, 0xD83A, 0xDD35, 0x2D, 0xD83A, 0xDD01, 0xD83A, 0xDD35, 0xD83A, 0xDD2A, 0xD83A, 0xDD3E, 0xD83A, 0xDD2D, 0xD83A, 0xDD24));
					break;
				case 47: 
				if (style == 1) return String(CharArray::of(0xD83A, 0xDD11, 0xD83A, 0xDD2D, 0xD83A, 0xDD36, 0xD83A, 0xDD2E, 0xD83A, 0xDD45, 0xD83A, 0xDD2A, 0xD83A, 0xDD2B, 0x20, 0xD83A, 0xDD0A, 0xD83A, 0xDD35, 0xD83A, 0xDD2F, 0xD83A, 0xDD32, 0xD83A, 0xDD22, 0xD83A, 0xDD44, 0xD83A, 0xDD32, 0xD83A, 0xDD4B, 0xD83A, 0xDD3A, 0xD83A, 0xDD2B, 0x20, 0xD83A, 0xDD1A, 0xD83A, 0xDD2D, 0xD83A, 0xDD45, 0xD83A, 0xDD25, 0xD83A, 0xDD2E, 0xD83A, 0xDD2A));
					break;
				case 48: 
				if (style == 0) return String(CharArray::of(0xD83A, 0xDD11, 0xD83A, 0xDD2D, 0xD83A, 0xDD36, 0xD83A, 0xDD2E, 0xD83A, 0xDD45, 0xD83A, 0xDD2A, 0xD83A, 0xDD2B, 0x20, 0xD83A, 0xDD0B, 0xD83A, 0xDD27, 0xD83A, 0xDD3C, 0xD83A, 0xDD2E, 0xD83A, 0xDD45, 0x2D, 0xD83A, 0xDD00, 0xD83A, 0xDD34, 0xD83A, 0xDD24, 0xD83A, 0xDD22, 0xD83A, 0xDD32, 0xD83A, 0xDD23));
				if (style == 1) return String(CharArray::of(0xD83A, 0xDD11, 0xD83A, 0xDD2D, 0xD83A, 0xDD36, 0xD83A, 0xDD2E, 0xD83A, 0xDD45, 0xD83A, 0xDD2A, 0xD83A, 0xDD2B, 0x20, 0xD83A, 0xDD16, 0xD83A, 0xDD22, 0xD83A, 0xDD31, 0xD83A, 0xDD2A, 0xD83A, 0xDD35, 0xD83A, 0xDD32, 0xD83A, 0xDD4B, 0xD83A, 0xDD23, 0xD83A, 0xDD2B, 0x20, 0xD83A, 0xDD0B, 0xD83A, 0xDD27, 0xD83A, 0xDD3C, 0xD83A, 0xDD2E, 0xD83A, 0xDD45, 0x2D, 0xD83A, 0xDD00, 0xD83A, 0xDD34, 0xD83A, 0xDD24, 0xD83A, 0xDD22, 0xD83A, 0xDD32, 0xD83A, 0xDD23));
				if (style == 2) return String(CharArray::of(0xD83A, 0xDD11, 0xD83A, 0xDD2D, 0xD83A, 0xDD36, 0xD83A, 0xDD2E, 0xD83A, 0xDD45, 0xD83A, 0xDD2A, 0xD83A, 0xDD2B, 0x20, 0xD83A, 0xDD15, 0xD83A, 0xDD2B, 0xD83A, 0xDD45, 0xD83A, 0xDD2F, 0xD83A, 0xDD35, 0x20, 0xD83A, 0xDD0B, 0xD83A, 0xDD27, 0xD83A, 0xDD3C, 0xD83A, 0xDD2E, 0xD83A, 0xDD45, 0x2D, 0xD83A, 0xDD00, 0xD83A, 0xDD34, 0xD83A, 0xDD24, 0xD83A, 0xDD22, 0xD83A, 0xDD32, 0xD83A, 0xDD23));
					break;
				case 49: 
				if (style == 1) return String(CharArray::of(0xD83A, 0xDD11, 0xD83A, 0xDD2D, 0xD83A, 0xDD36, 0xD83A, 0xDD2E, 0xD83A, 0xDD45, 0xD83A, 0xDD2A, 0xD83A, 0xDD2B, 0x20, 0xD83A, 0xDD0B, 0xD83A, 0xDD33, 0xD83A, 0xDD35, 0xD83A, 0xDD31, 0xD83A, 0xDD22, 0xD83A, 0xDD23, 0xD83A, 0xDD2E, 0xD83A, 0xDD45, 0xD83A, 0xDD2A));
					break;
				case 50: 
				if (style == 0) return String(CharArray::of(0xD83A, 0xDD11, 0xD83A, 0xDD2D, 0xD83A, 0xDD36, 0xD83A, 0xDD2E, 0xD83A, 0xDD45, 0xD83A, 0xDD2A, 0xD83A, 0xDD2B, 0x20, 0xD83A, 0xDD1A, 0xD83A, 0xDD35, 0xD83A, 0xDD25, 0xD83A, 0xDD26, 0xD83A, 0xDD2E, 0xD83A, 0xDD45, 0xD83A, 0xDD2A, 0xD83A, 0xDD2D, 0x20, 0xD83A, 0xDD00, 0xD83A, 0xDD2A, 0xD83A, 0xDD2E, 0xD83A, 0xDD45, 0xD83A, 0xDD26, 0xD83A, 0xDD22));
				if (style == 1) return String(CharArray::of(0xD83A, 0xDD11, 0xD83A, 0xDD2D, 0xD83A, 0xDD36, 0xD83A, 0xDD2E, 0xD83A, 0xDD45, 0xD83A, 0xDD2A, 0xD83A, 0xDD2B, 0x20, 0xD83A, 0xDD16, 0xD83A, 0xDD22, 0xD83A, 0xDD31, 0xD83A, 0xDD2A, 0xD83A, 0xDD35, 0xD83A, 0xDD32, 0xD83A, 0xDD4B, 0xD83A, 0xDD23, 0xD83A, 0xDD2B, 0x20, 0xD83A, 0xDD1A, 0xD83A, 0xDD35, 0xD83A, 0xDD25, 0xD83A, 0xDD26, 0xD83A, 0xDD2E, 0xD83A, 0xDD45, 0xD83A, 0xDD2A, 0xD83A, 0xDD2D, 0x20, 0xD83A, 0xDD00, 0xD83A, 0xDD2A, 0xD83A, 0xDD2E, 0xD83A, 0xDD45, 0xD83A, 0xDD26, 0xD83A, 0xDD22));
				if (style == 2) return String(CharArray::of(0xD83A, 0xDD11, 0xD83A, 0xDD2D, 0xD83A, 0xDD36, 0xD83A, 0xDD2E, 0xD83A, 0xDD45, 0xD83A, 0xDD2A, 0xD83A, 0xDD2B, 0x20, 0xD83A, 0xDD15, 0xD83A, 0xDD2B, 0xD83A, 0xDD45, 0xD83A, 0xDD2F, 0xD83A, 0xDD35, 0x20, 0xD83A, 0xDD1A, 0xD83A, 0xDD35, 0xD83A, 0xDD25, 0xD83A, 0xDD26, 0xD83A, 0xDD2E, 0xD83A, 0xDD45, 0xD83A, 0xDD2A, 0xD83A, 0xDD2D, 0x20, 0xD83A, 0xDD00, 0xD83A, 0xDD2A, 0xD83A, 0xDD2E, 0xD83A, 0xDD45, 0xD83A, 0xDD26, 0xD83A, 0xDD22));
					break;
				case 51: 
				if (style == 0) return String(CharArray::of(0xD83A, 0xDD11, 0xD83A, 0xDD2D, 0xD83A, 0xDD36, 0xD83A, 0xDD2E, 0xD83A, 0xDD45, 0xD83A, 0xDD2A, 0xD83A, 0xDD2B, 0x20, 0xD83A, 0xDD0A, 0xD83A, 0xDD35, 0xD83A, 0xDD2F, 0xD83A, 0xDD32, 0xD83A, 0xDD22, 0xD83A, 0xDD44, 0xD83A, 0xDD32, 0xD83A, 0xDD4B, 0xD83A, 0xDD3A, 0xD83A, 0xDD2B, 0x20, 0xD83A, 0xDD00, 0xD83A, 0xDD2A, 0xD83A, 0xDD2E, 0xD83A, 0xDD45, 0xD83A, 0xDD26, 0xD83A, 0xDD22));
				if (style == 1) return String(CharArray::of(0xD83A, 0xDD11, 0xD83A, 0xDD2D, 0xD83A, 0xDD36, 0xD83A, 0xDD2E, 0xD83A, 0xDD45, 0xD83A, 0xDD2A, 0xD83A, 0xDD2B, 0x20, 0xD83A, 0xDD16, 0xD83A, 0xDD22, 0xD83A, 0xDD31, 0xD83A, 0xDD2A, 0xD83A, 0xDD35, 0xD83A, 0xDD32, 0xD83A, 0xDD4B, 0xD83A, 0xDD23, 0xD83A, 0xDD2B, 0x20, 0xD83A, 0xDD0A, 0xD83A, 0xDD35, 0xD83A, 0xDD2F, 0xD83A, 0xDD32, 0xD83A, 0xDD22, 0xD83A, 0xDD44, 0xD83A, 0xDD32, 0xD83A, 0xDD4B, 0xD83A, 0xDD3A, 0xD83A, 0xDD2B, 0x20, 0xD83A, 0xDD00, 0xD83A, 0xDD2A, 0xD83A, 0xDD2E, 0xD83A, 0xDD45, 0xD83A, 0xDD26, 0xD83A, 0xDD22));
				if (style == 2) return String(CharArray::of(0xD83A, 0xDD11, 0xD83A, 0xDD2D, 0xD83A, 0xDD36, 0xD83A, 0xDD2E, 0xD83A, 0xDD45, 0xD83A, 0xDD2A, 0xD83A, 0xDD2B, 0x20, 0xD83A, 0xDD15, 0xD83A, 0xDD2B, 0xD83A, 0xDD45, 0xD83A, 0xDD2F, 0xD83A, 0xDD35, 0x20, 0xD83A, 0xDD0A, 0xD83A, 0xDD35, 0xD83A, 0xDD2F, 0xD83A, 0xDD32, 0xD83A, 0xDD22, 0xD83A, 0xDD44, 0xD83A, 0xDD32, 0xD83A, 0xDD4B, 0xD83A, 0xDD3A, 0xD83A, 0xDD2B, 0x20, 0xD83A, 0xDD00, 0xD83A, 0xDD2A, 0xD83A, 0xDD2E, 0xD83A, 0xDD45, 0xD83A, 0xDD26, 0xD83A, 0xDD22));
					break;
				case 52: 
				if (style == 1) return String(CharArray::of(0xD83A, 0xDD11, 0xD83A, 0xDD2D, 0xD83A, 0xDD36, 0xD83A, 0xDD2E, 0xD83A, 0xDD45, 0xD83A, 0xDD2A, 0xD83A, 0xDD2B, 0x20, 0xD83A, 0xDD0A, 0xD83A, 0xDD35, 0xD83A, 0xDD2F, 0xD83A, 0xDD32, 0xD83A, 0xDD22, 0xD83A, 0xDD44, 0xD83A, 0xDD32, 0xD83A, 0xDD4B, 0xD83A, 0xDD3A, 0xD83A, 0xDD2B, 0xD83A, 0xDD45, 0xD83A, 0xDD2A, 0xD83A, 0xDD2D, 0x20, 0xD83A, 0xDD00, 0xD83A, 0xDD2A, 0xD83A, 0xDD2E, 0xD83A, 0xDD45, 0xD83A, 0xDD26, 0xD83A, 0xDD22));
					break;
				case 53: 
				if (style == 0) return String(CharArray::of(0xD83A, 0xDD11, 0xD83A, 0xDD2D, 0xD83A, 0xDD36, 0xD83A, 0xDD2E, 0xD83A, 0xDD45, 0xD83A, 0xDD2A, 0xD83A, 0xDD2B, 0x20, 0xD83A, 0xDD16, 0xD83A, 0xDD2D, 0xD83A, 0xDD45, 0xD83A, 0xDD2A, 0xD83A, 0xDD32, 0xD83A, 0xDD22, 0xD83A, 0xDD44, 0xD83A, 0xDD32, 0xD83A, 0xDD4B, 0xD83A, 0xDD3A, 0xD83A, 0xDD2B, 0x20, 0xD83A, 0xDD00, 0xD83A, 0xDD2A, 0xD83A, 0xDD2E, 0xD83A, 0xDD45, 0xD83A, 0xDD26, 0xD83A, 0xDD22));
				if (style == 1) return String(CharArray::of(0xD83A, 0xDD11, 0xD83A, 0xDD2D, 0xD83A, 0xDD36, 0xD83A, 0xDD2E, 0xD83A, 0xDD45, 0xD83A, 0xDD2A, 0xD83A, 0xDD2B, 0x20, 0xD83A, 0xDD16, 0xD83A, 0xDD22, 0xD83A, 0xDD31, 0xD83A, 0xDD2A, 0xD83A, 0xDD35, 0xD83A, 0xDD32, 0xD83A, 0xDD4B, 0xD83A, 0xDD23, 0xD83A, 0xDD2B, 0x20, 0xD83A, 0xDD16, 0xD83A, 0xDD2D, 0xD83A, 0xDD45, 0xD83A, 0xDD2A, 0xD83A, 0xDD32, 0xD83A, 0xDD22, 0xD83A, 0xDD44, 0xD83A, 0xDD32, 0xD83A, 0xDD4B, 0xD83A, 0xDD3A, 0xD83A, 0xDD2B, 0x20, 0xD83A, 0xDD00, 0xD83A, 0xDD2A, 0xD83A, 0xDD2E, 0xD83A, 0xDD45, 0xD83A, 0xDD26, 0xD83A, 0xDD22));
				if (style == 2) return String(CharArray::of(0xD83A, 0xDD11, 0xD83A, 0xDD2D, 0xD83A, 0xDD36, 0xD83A, 0xDD2E, 0xD83A, 0xDD45, 0xD83A, 0xDD2A, 0xD83A, 0xDD2B, 0x20, 0xD83A, 0xDD15, 0xD83A, 0xDD2B, 0xD83A, 0xDD45, 0xD83A, 0xDD2F, 0xD83A, 0xDD35, 0x20, 0xD83A, 0xDD16, 0xD83A, 0xDD2D, 0xD83A, 0xDD45, 0xD83A, 0xDD2A, 0xD83A, 0xDD32, 0xD83A, 0xDD22, 0xD83A, 0xDD44, 0xD83A, 0xDD32, 0xD83A, 0xDD4B, 0xD83A, 0xDD3A, 0xD83A, 0xDD2B, 0x20, 0xD83A, 0xDD00, 0xD83A, 0xDD2A, 0xD83A, 0xDD2E, 0xD83A, 0xDD45, 0xD83A, 0xDD26, 0xD83A, 0xDD22));
					break;
				case 54: 
				if (style == 0) return String(CharArray::of(0xD83A, 0xDD11, 0xD83A, 0xDD2D, 0xD83A, 0xDD36, 0xD83A, 0xDD2E, 0xD83A, 0xDD45, 0xD83A, 0xDD2A, 0xD83A, 0xDD2B, 0x20, 0xD83A, 0xDD0A, 0xD83A, 0xDD2E, 0xD83A, 0xDD24, 0xD83A, 0xDD33, 0xD83A, 0xDD24, 0xD83A, 0xDD22, 0xD83A, 0xDD32, 0xD83A, 0xDD23, 0x2D, 0xD83A, 0xDD00, 0xD83A, 0xDD34, 0xD83A, 0xDD24, 0xD83A, 0xDD22, 0xD83A, 0xDD32, 0xD83A, 0xDD23));
				if (style == 1) return String(CharArray::of(0xD83A, 0xDD11, 0xD83A, 0xDD2D, 0xD83A, 0xDD36, 0xD83A, 0xDD2E, 0xD83A, 0xDD45, 0xD83A, 0xDD2A, 0xD83A, 0xDD2B, 0x20, 0xD83A, 0xDD16, 0xD83A, 0xDD22, 0xD83A, 0xDD31, 0xD83A, 0xDD2A, 0xD83A, 0xDD35, 0xD83A, 0xDD32, 0xD83A, 0xDD4B, 0xD83A, 0xDD23, 0xD83A, 0xDD2B, 0x20, 0xD83A, 0xDD0A, 0xD83A, 0xDD2E, 0xD83A, 0xDD24, 0xD83A, 0xDD33, 0xD83A, 0xDD24, 0xD83A, 0xDD22, 0xD83A, 0xDD32, 0xD83A, 0xDD23, 0x2D, 0xD83A, 0xDD00, 0xD83A, 0xDD34, 0xD83A, 0xDD24, 0xD83A, 0xDD22, 0xD83A, 0xDD32, 0xD83A, 0xDD23));
				if (style == 2) return String(CharArray::of(0xD83A, 0xDD11, 0xD83A, 0xDD2D, 0xD83A, 0xDD36, 0xD83A, 0xDD2E, 0xD83A, 0xDD45, 0xD83A, 0xDD2A, 0xD83A, 0xDD2B, 0x20, 0xD83A, 0xDD15, 0xD83A, 0xDD2B, 0xD83A, 0xDD45, 0xD83A, 0xDD2F, 0xD83A, 0xDD35, 0x20, 0xD83A, 0xDD0A, 0xD83A, 0xDD2E, 0xD83A, 0xDD24, 0xD83A, 0xDD33, 0xD83A, 0xDD24, 0xD83A, 0xDD22, 0xD83A, 0xDD32, 0xD83A, 0xDD23, 0x2D, 0xD83A, 0xDD00, 0xD83A, 0xDD34, 0xD83A, 0xDD24, 0xD83A, 0xDD22, 0xD83A, 0xDD32, 0xD83A, 0xDD23));
					break;
				case 55: 
				if (style == 0) return String(CharArray::of(0xD83A, 0xDD11, 0xD83A, 0xDD2D, 0xD83A, 0xDD36, 0xD83A, 0xDD2E, 0xD83A, 0xDD45, 0xD83A, 0xDD2A, 0xD83A, 0xDD2B, 0x20, 0xD83A, 0xDD0A, 0xD83A, 0xDD2D, 0xD83A, 0xDD36, 0xD83A, 0xDD2D, 0xD83A, 0xDD45));
				if (style == 1) return String(CharArray::of(0xD83A, 0xDD11, 0xD83A, 0xDD2D, 0xD83A, 0xDD36, 0xD83A, 0xDD2E, 0xD83A, 0xDD45, 0xD83A, 0xDD2A, 0xD83A, 0xDD2B, 0x20, 0xD83A, 0xDD16, 0xD83A, 0xDD22, 0xD83A, 0xDD31, 0xD83A, 0xDD2A, 0xD83A, 0xDD35, 0xD83A, 0xDD32, 0xD83A, 0xDD4B, 0xD83A, 0xDD23, 0xD83A, 0xDD2B, 0x20, 0xD83A, 0xDD0A, 0xD83A, 0xDD2D, 0xD83A, 0xDD36, 0xD83A, 0xDD2D, 0xD83A, 0xDD45));
				if (style == 2) return String(CharArray::of(0xD83A, 0xDD11, 0xD83A, 0xDD2D, 0xD83A, 0xDD36, 0xD83A, 0xDD2E, 0xD83A, 0xDD45, 0xD83A, 0xDD2A, 0xD83A, 0xDD2B, 0x20, 0xD83A, 0xDD15, 0xD83A, 0xDD2B, 0xD83A, 0xDD45, 0xD83A, 0xDD2F, 0xD83A, 0xDD35, 0x20, 0xD83A, 0xDD0A, 0xD83A, 0xDD2D, 0xD83A, 0xDD36, 0xD83A, 0xDD2D, 0xD83A, 0xDD45));
					break;
				case 56: 
				if (style == 1) return String(CharArray::of(0xD83A, 0xDD11, 0xD83A, 0xDD2D, 0xD83A, 0xDD36, 0xD83A, 0xDD2E, 0xD83A, 0xDD45, 0xD83A, 0xDD2A, 0xD83A, 0xDD2B, 0x20, 0xD83A, 0xDD18, 0xD83A, 0xDD22, 0xD83A, 0xDD34, 0xD83A, 0xDD22, 0xD83A, 0xDD32, 0xD83A, 0xDD22, 0xD83A, 0xDD44, 0x2D, 0xD83A, 0xDD0A, 0xD83A, 0xDD2A, 0xD83A, 0xDD22, 0xD83A, 0xDD32, 0xD83A, 0xDD27, 0xD83A, 0xDD2D));
					break;
				case 57: 
				if (style == 1) return String(CharArray::of(0xD83A, 0xDD11, 0xD83A, 0xDD2D, 0xD83A, 0xDD36, 0xD83A, 0xDD2E, 0xD83A, 0xDD45, 0xD83A, 0xDD2A, 0xD83A, 0xDD2B, 0x20, 0xD83A, 0xDD02, 0xD83A, 0xDD2B, 0xD83A, 0xDD34, 0xD83A, 0xDD2A, 0xD83A, 0xDD2D, 0x20, 0xD83A, 0xDD0A, 0xD83A, 0xDD2A, 0xD83A, 0xDD22, 0xD83A, 0xDD32, 0xD83A, 0xDD27, 0xD83A, 0xDD2D, 0x20, 0x26, 0x20, 0xD83A, 0xDD00, 0xD83A, 0xDD2A, 0xD83A, 0xDD3C, 0xD83A, 0xDD22, 0xD83A, 0xDD32, 0xD83A, 0xDD3C, 0xD83A, 0xDD2D, 0xD83A, 0xDD33, 0xD83A, 0xDD22));
					break;
				case 59: 
				if (style == 1) return String(CharArray::of(0xD83A, 0xDD11, 0xD83A, 0xDD2D, 0xD83A, 0xDD36, 0xD83A, 0xDD2E, 0xD83A, 0xDD45, 0xD83A, 0xDD2A, 0xD83A, 0xDD2B, 0x20, 0xD83A, 0xDD18, 0xD83A, 0xDD22, 0xD83A, 0xDD24, 0xD83A, 0xDD22, 0xD83A, 0xDD28, 0xD83A, 0xDD22, 0xD83A, 0xDD3A, 0xD83A, 0xDD2E, 0xD83A, 0xDD45, 0xD83A, 0xDD27));
					break;
				case 60: 
				if (style == 1) return String(CharArray::of(0xD83A, 0xDD11, 0xD83A, 0xDD2D, 0xD83A, 0xDD36, 0xD83A, 0xDD2E, 0xD83A, 0xDD45, 0xD83A, 0xDD2A, 0xD83A, 0xDD2B, 0x20, 0xD83A, 0xDD18, 0xD83A, 0xDD22, 0xD83A, 0xDD25, 0xD83A, 0xDD26, 0xD83A, 0xDD2D, 0xD83A, 0xDD34, 0xD83A, 0xDD2B, 0xD83A, 0xDD2A));
					break;
				case 61: 
				if (style == 0) return String(CharArray::of(0xD83A, 0xDD11, 0xD83A, 0xDD2D, 0xD83A, 0xDD36, 0xD83A, 0xDD2E, 0xD83A, 0xDD45, 0xD83A, 0xDD2A, 0xD83A, 0xDD2B, 0x20, 0xD83A, 0xDD14, 0xD83A, 0xDD2E, 0xD83A, 0xDD2A, 0xD83A, 0xDD36, 0xD83A, 0xDD2D, 0xD83A, 0xDD34, 0xD83A, 0xDD22));
				if (style == 1) return String(CharArray::of(0xD83A, 0xDD11, 0xD83A, 0xDD2D, 0xD83A, 0xDD36, 0xD83A, 0xDD2E, 0xD83A, 0xDD45, 0xD83A, 0xDD2A, 0xD83A, 0xDD2B, 0x20, 0xD83A, 0xDD16, 0xD83A, 0xDD22, 0xD83A, 0xDD31, 0xD83A, 0xDD2A, 0xD83A, 0xDD35, 0xD83A, 0xDD32, 0xD83A, 0xDD4B, 0xD83A, 0xDD23, 0xD83A, 0xDD2B, 0x20, 0xD83A, 0xDD14, 0xD83A, 0xDD2E, 0xD83A, 0xDD2A, 0xD83A, 0xDD36, 0xD83A, 0xDD2D, 0xD83A, 0xDD34, 0xD83A, 0xDD22));
				if (style == 2) return String(CharArray::of(0xD83A, 0xDD11, 0xD83A, 0xDD2D, 0xD83A, 0xDD36, 0xD83A, 0xDD2E, 0xD83A, 0xDD45, 0xD83A, 0xDD2A, 0xD83A, 0xDD2B, 0x20, 0xD83A, 0xDD15, 0xD83A, 0xDD2B, 0xD83A, 0xDD45, 0xD83A, 0xDD2F, 0xD83A, 0xDD35, 0x20, 0xD83A, 0xDD14, 0xD83A, 0xDD2E, 0xD83A, 0xDD2A, 0xD83A, 0xDD36, 0xD83A, 0xDD2D, 0xD83A, 0xDD34, 0xD83A, 0xDD22));
					break;
				case 62: 
				if (style == 1) return String(CharArray::of(0xD83A, 0xDD11, 0xD83A, 0xDD2D, 0xD83A, 0xDD36, 0xD83A, 0xDD2E, 0xD83A, 0xDD45, 0xD83A, 0xDD2A, 0xD83A, 0xDD2B, 0x20, 0xD83A, 0xDD05, 0xD83A, 0xDD35, 0xD83A, 0xDD2A, 0xD83A, 0xDD2D, 0xD83A, 0xDD45, 0xD83A, 0xDD36, 0xD83A, 0xDD2B, 0x20, 0xD83A, 0xDD18, 0xD83A, 0xDD2D, 0xD83A, 0xDD24, 0xD83A, 0xDD26, 0xD83A, 0xDD2B, 0xD83A, 0xDD2A, 0xD83A, 0xDD3C, 0xD83A, 0xDD35));
					break;
				case 58: 
				if (style == 1) return String(CharArray::of(0xD83A, 0xDD11, 0xD83A, 0xDD2D, 0xD83A, 0xDD36, 0xD83A, 0xDD2E, 0xD83A, 0xDD45, 0xD83A, 0xDD2A, 0xD83A, 0xDD2B, 0x20, 0xD83A, 0xDD16, 0xD83A, 0xDD22, 0xD83A, 0xDD33, 0xD83A, 0xDD2D, 0xD83A, 0xDD32, 0xD83A, 0xDD2D, 0xD83A, 0xDD45, 0xD83A, 0xDD32, 0xD83A, 0xDD4B, 0xD83A, 0xDD23, 0xD83A, 0xDD2B, 0x20, 0xD83A, 0xDD18, 0xD83A, 0xDD2A, 0xD83A, 0xDD2D, 0xD83A, 0xDD32, 0xD83A, 0xDD31, 0xD83A, 0xDD2D, 0xD83A, 0xDD45, 0xD83A, 0xDD27));
					break;
				case 64: 
				if (style == 0) return String(CharArray::of(0xD83A, 0xDD11, 0xD83A, 0xDD2D, 0xD83A, 0xDD36, 0xD83A, 0xDD2E, 0xD83A, 0xDD45, 0xD83A, 0xDD2A, 0xD83A, 0xDD2B, 0x20, 0xD83A, 0xDD0A, 0xD83A, 0xDD35, 0xD83A, 0xDD2F, 0xD83A, 0xDD32, 0xD83A, 0xDD22, 0xD83A, 0xDD44, 0xD83A, 0xDD32, 0xD83A, 0xDD3A, 0xD83A, 0xDD2B, 0x20, 0xD83A, 0xDD18, 0xD83A, 0xDD2D, 0xD83A, 0xDD2A, 0xD83A, 0xDD24, 0xD83A, 0xDD22, 0xD83A, 0xDD32, 0xD83A, 0xDD23));
				if (style == 1) return String(CharArray::of(0xD83A, 0xDD11, 0xD83A, 0xDD2D, 0xD83A, 0xDD36, 0xD83A, 0xDD2E, 0xD83A, 0xDD45, 0xD83A, 0xDD2A, 0xD83A, 0xDD2B, 0x20, 0xD83A, 0xDD16, 0xD83A, 0xDD22, 0xD83A, 0xDD31, 0xD83A, 0xDD2A, 0xD83A, 0xDD35, 0xD83A, 0xDD32, 0xD83A, 0xDD4B, 0xD83A, 0xDD23, 0xD83A, 0xDD2B, 0x20, 0xD83A, 0xDD2C, 0xD83A, 0xDD35, 0xD83A, 0xDD2F, 0xD83A, 0xDD32, 0xD83A, 0xDD22, 0xD83A, 0xDD44, 0xD83A, 0xDD32, 0xD83A, 0xDD3A, 0xD83A, 0xDD2B, 0x20, 0xD83A, 0xDD18, 0xD83A, 0xDD2D, 0xD83A, 0xDD2A, 0xD83A, 0xDD24, 0xD83A, 0xDD22, 0xD83A, 0xDD32, 0xD83A, 0xDD23));
				if (style == 2) return String(CharArray::of(0xD83A, 0xDD11, 0xD83A, 0xDD2D, 0xD83A, 0xDD36, 0xD83A, 0xDD2E, 0xD83A, 0xDD45, 0xD83A, 0xDD2A, 0xD83A, 0xDD2B, 0x20, 0xD83A, 0xDD15, 0xD83A, 0xDD2B, 0xD83A, 0xDD45, 0xD83A, 0xDD2F, 0xD83A, 0xDD35, 0x20, 0xD83A, 0xDD0A, 0xD83A, 0xDD35, 0xD83A, 0xDD2F, 0xD83A, 0xDD32, 0xD83A, 0xDD22, 0xD83A, 0xDD44, 0xD83A, 0xDD32, 0xD83A, 0xDD3A, 0xD83A, 0xDD2B, 0x20, 0xD83A, 0xDD18, 0xD83A, 0xDD2D, 0xD83A, 0xDD2A, 0xD83A, 0xDD24, 0xD83A, 0xDD22, 0xD83A, 0xDD32, 0xD83A, 0xDD23));
					break;
				case 65: 
				if (style == 0) return String(CharArray::of(0xD83A, 0xDD11, 0xD83A, 0xDD2D, 0xD83A, 0xDD36, 0xD83A, 0xDD2E, 0xD83A, 0xDD45, 0xD83A, 0xDD2A, 0xD83A, 0xDD2B, 0x20, 0xD83A, 0xDD16, 0xD83A, 0xDD2D, 0xD83A, 0xDD45, 0xD83A, 0xDD2A, 0xD83A, 0xDD32, 0xD83A, 0xDD22, 0xD83A, 0xDD44, 0xD83A, 0xDD32, 0xD83A, 0xDD3A, 0xD83A, 0xDD2B, 0x20, 0xD83A, 0xDD18, 0xD83A, 0xDD2D, 0xD83A, 0xDD2A, 0xD83A, 0xDD24, 0xD83A, 0xDD22, 0xD83A, 0xDD32, 0xD83A, 0xDD23));
				if (style == 1) return String(CharArray::of(0xD83A, 0xDD11, 0xD83A, 0xDD2D, 0xD83A, 0xDD36, 0xD83A, 0xDD2E, 0xD83A, 0xDD45, 0xD83A, 0xDD2A, 0xD83A, 0xDD2B, 0x20, 0xD83A, 0xDD16, 0xD83A, 0xDD22, 0xD83A, 0xDD31, 0xD83A, 0xDD2A, 0xD83A, 0xDD35, 0xD83A, 0xDD32, 0xD83A, 0xDD4B, 0xD83A, 0xDD23, 0xD83A, 0xDD2B, 0x20, 0xD83A, 0xDD16, 0xD83A, 0xDD2D, 0xD83A, 0xDD45, 0xD83A, 0xDD2A, 0xD83A, 0xDD32, 0xD83A, 0xDD22, 0xD83A, 0xDD44, 0xD83A, 0xDD32, 0xD83A, 0xDD3A, 0xD83A, 0xDD2B, 0x20, 0xD83A, 0xDD18, 0xD83A, 0xDD2D, 0xD83A, 0xDD2A, 0xD83A, 0xDD24, 0xD83A, 0xDD22, 0xD83A, 0xDD32, 0xD83A, 0xDD23));
				if (style == 2) return String(CharArray::of(0xD83A, 0xDD11, 0xD83A, 0xDD2D, 0xD83A, 0xDD36, 0xD83A, 0xDD2E, 0xD83A, 0xDD45, 0xD83A, 0xDD2A, 0xD83A, 0xDD2B, 0x20, 0xD83A, 0xDD15, 0xD83A, 0xDD2B, 0xD83A, 0xDD45, 0xD83A, 0xDD2F, 0xD83A, 0xDD35, 0x20, 0xD83A, 0xDD16, 0xD83A, 0xDD2D, 0xD83A, 0xDD45, 0xD83A, 0xDD2A, 0xD83A, 0xDD32, 0xD83A, 0xDD22, 0xD83A, 0xDD44, 0xD83A, 0xDD32, 0xD83A, 0xDD3A, 0xD83A, 0xDD2B, 0x20, 0xD83A, 0xDD18, 0xD83A, 0xDD2D, 0xD83A, 0xDD2A, 0xD83A, 0xDD24, 0xD83A, 0xDD22, 0xD83A, 0xDD32, 0xD83A, 0xDD23));
					break;
				case 66: 
				if (style == 1) return String(CharArray::of(0xD83A, 0xDD11, 0xD83A, 0xDD2D, 0xD83A, 0xDD36, 0xD83A, 0xDD2E, 0xD83A, 0xDD45, 0xD83A, 0xDD2A, 0xD83A, 0xDD2B, 0x20, 0xD83A, 0xDD16, 0xD83A, 0xDD22, 0xD83A, 0xDD31, 0xD83A, 0xDD2A, 0xD83A, 0xDD35, 0xD83A, 0xDD32, 0xD83A, 0xDD4B, 0xD83A, 0xDD23, 0xD83A, 0xDD2B, 0x20, 0xD83A, 0xDD18, 0xD83A, 0xDD35, 0xD83A, 0xDD31, 0xD83A, 0xDD22, 0xD83A, 0xDD44, 0xD83A, 0xDD25));
					break;
				case 67: 
				if (style == 1) return String(CharArray::of(0xD83A, 0xDD11, 0xD83A, 0xDD2D, 0xD83A, 0xDD36, 0xD83A, 0xDD2E, 0xD83A, 0xDD45, 0xD83A, 0xDD2A, 0xD83A, 0xDD2B, 0x20, 0xD83A, 0xDD02, 0xD83A, 0xDD2E, 0xD83A, 0xDD45, 0xD83A, 0xDD3B, 0xD83A, 0xDD35));
					break;
				case 68: 
				if (style == 1) return String(CharArray::of(0xD83A, 0xDD11, 0xD83A, 0xDD2D, 0xD83A, 0xDD36, 0xD83A, 0xDD2E, 0xD83A, 0xDD45, 0xD83A, 0xDD2A, 0xD83A, 0xDD2B, 0x20, 0xD83A, 0xDD18, 0xD83A, 0xDD22, 0xD83A, 0xDD34, 0xD83A, 0xDD22, 0xD83A, 0xDD32, 0xD83A, 0xDD22, 0xD83A, 0xDD44));
					break;
				case 69: 
				if (style == 0) return String(CharArray::of(0xD83A, 0xDD11, 0xD83A, 0xDD2D, 0xD83A, 0xDD36, 0xD83A, 0xDD2E, 0xD83A, 0xDD45, 0xD83A, 0xDD2A, 0xD83A, 0xDD2B, 0x20, 0xD83A, 0xDD16, 0xD83A, 0xDD22, 0xD83A, 0xDD31, 0xD83A, 0xDD22, 0xD83A, 0xDD44, 0xD83A, 0xDD34, 0xD83A, 0xDD2D, 0xD83A, 0xDD45, 0x2D, 0xD83A, 0xDD00, 0xD83A, 0xDD24, 0xD83A, 0xDD2E, 0xD83A, 0xDD27, 0xD83A, 0xDD2D, 0xD83A, 0xDD34, 0xD83A, 0xDD22, 0xD83A, 0xDD32));
				if (style == 1) return String(CharArray::of(0xD83A, 0xDD11, 0xD83A, 0xDD2D, 0xD83A, 0xDD36, 0xD83A, 0xDD2E, 0xD83A, 0xDD45, 0xD83A, 0xDD2A, 0xD83A, 0xDD2B, 0x20, 0xD83A, 0xDD16, 0xD83A, 0xDD22, 0xD83A, 0xDD31, 0xD83A, 0xDD2A, 0xD83A, 0xDD35, 0xD83A, 0xDD32, 0xD83A, 0xDD4B, 0xD83A, 0xDD23, 0xD83A, 0xDD2B, 0x20, 0xD83A, 0xDD16, 0xD83A, 0xDD22, 0xD83A, 0xDD31, 0xD83A, 0xDD22, 0xD83A, 0xDD44, 0xD83A, 0xDD34, 0xD83A, 0xDD2D, 0xD83A, 0xDD45, 0x2D, 0xD83A, 0xDD00, 0xD83A, 0xDD24, 0xD83A, 0xDD2E, 0xD83A, 0xDD27, 0xD83A, 0xDD2D, 0xD83A, 0xDD34, 0xD83A, 0xDD22, 0xD83A, 0xDD32));
				if (style == 2) return String(CharArray::of(0xD83A, 0xDD11, 0xD83A, 0xDD2D, 0xD83A, 0xDD36, 0xD83A, 0xDD2E, 0xD83A, 0xDD45, 0xD83A, 0xDD2A, 0xD83A, 0xDD2B, 0x20, 0xD83A, 0xDD15, 0xD83A, 0xDD2B, 0xD83A, 0xDD45, 0xD83A, 0xDD2F, 0xD83A, 0xDD35, 0x20, 0xD83A, 0xDD16, 0xD83A, 0xDD22, 0xD83A, 0xDD31, 0xD83A, 0xDD22, 0xD83A, 0xDD44, 0xD83A, 0xDD34, 0xD83A, 0xDD2D, 0xD83A, 0xDD45, 0x2D, 0xD83A, 0xDD00, 0xD83A, 0xDD24, 0xD83A, 0xDD2E, 0xD83A, 0xDD27, 0xD83A, 0xDD2D, 0xD83A, 0xDD34, 0xD83A, 0xDD22, 0xD83A, 0xDD32));
					break;
				case 70: 
				if (style == 0) return String(CharArray::of(0xD83A, 0xDD11, 0xD83A, 0xDD2D, 0xD83A, 0xDD36, 0xD83A, 0xDD2E, 0xD83A, 0xDD45, 0xD83A, 0xDD2A, 0xD83A, 0xDD2B, 0x20, 0xD83A, 0xDD16, 0xD83A, 0xDD2E, 0xD83A, 0xDD32, 0xD83A, 0xDD3A, 0x20, 0xD83A, 0xDD11, 0xD83A, 0xDD2E, 0xD83A, 0xDD32, 0xD83A, 0xDD3A));
				if (style == 1) return String(CharArray::of(0xD83A, 0xDD11, 0xD83A, 0xDD2D, 0xD83A, 0xDD36, 0xD83A, 0xDD2E, 0xD83A, 0xDD45, 0xD83A, 0xDD2A, 0xD83A, 0xDD2B, 0x20, 0xD83A, 0xDD16, 0xD83A, 0xDD22, 0xD83A, 0xDD31, 0xD83A, 0xDD2A, 0xD83A, 0xDD35, 0xD83A, 0xDD32, 0xD83A, 0xDD4B, 0xD83A, 0xDD23, 0xD83A, 0xDD2B, 0x20, 0xD83A, 0xDD16, 0xD83A, 0xDD2E, 0xD83A, 0xDD32, 0xD83A, 0xDD3A, 0x20, 0xD83A, 0xDD11, 0xD83A, 0xDD2E, 0xD83A, 0xDD32, 0xD83A, 0xDD3A));
				if (style == 2) return String(CharArray::of(0xD83A, 0xDD11, 0xD83A, 0xDD2D, 0xD83A, 0xDD36, 0xD83A, 0xDD2E, 0xD83A, 0xDD45, 0xD83A, 0xDD2A, 0xD83A, 0xDD2B, 0x20, 0xD83A, 0xDD15, 0xD83A, 0xDD2B, 0xD83A, 0xDD45, 0xD83A, 0xDD2F, 0xD83A, 0xDD35, 0x20, 0xD83A, 0xDD16, 0xD83A, 0xDD2E, 0xD83A, 0xDD32, 0xD83A, 0xDD3A, 0x20, 0xD83A, 0xDD11, 0xD83A, 0xDD2E, 0xD83A, 0xDD32, 0xD83A, 0xDD3A));
					break;
				case 71: 
				if (style == 0) return String(CharArray::of(0xD83A, 0xDD11, 0xD83A, 0xDD2D, 0xD83A, 0xDD36, 0xD83A, 0xDD2E, 0xD83A, 0xDD45, 0xD83A, 0xDD2A, 0xD83A, 0xDD2B, 0x20, 0xD83A, 0xDD16, 0xD83A, 0xDD2E, 0xD83A, 0xDD2C, 0xD83A, 0xDD23, 0xD83A, 0xDD35));
				if (style == 1) return String(CharArray::of(0xD83A, 0xDD11, 0xD83A, 0xDD2D, 0xD83A, 0xDD36, 0xD83A, 0xDD2E, 0xD83A, 0xDD45, 0xD83A, 0xDD2A, 0xD83A, 0xDD2B, 0x20, 0xD83A, 0xDD16, 0xD83A, 0xDD22, 0xD83A, 0xDD31, 0xD83A, 0xDD2A, 0xD83A, 0xDD35, 0xD83A, 0xDD32, 0xD83A, 0xDD4B, 0xD83A, 0xDD23, 0xD83A, 0xDD2B, 0x20, 0xD83A, 0xDD16, 0xD83A, 0xDD2E, 0xD83A, 0xDD2C, 0xD83A, 0xDD23, 0xD83A, 0xDD35));
				if (style == 2) return String(CharArray::of(0xD83A, 0xDD11, 0xD83A, 0xDD2D, 0xD83A, 0xDD36, 0xD83A, 0xDD2E, 0xD83A, 0xDD45, 0xD83A, 0xDD2A, 0xD83A, 0xDD2B, 0x20, 0xD83A, 0xDD15, 0xD83A, 0xDD2B, 0xD83A, 0xDD45, 0xD83A, 0xDD2F, 0xD83A, 0xDD35, 0x20, 0xD83A, 0xDD16, 0xD83A, 0xDD2E, 0xD83A, 0xDD2C, 0xD83A, 0xDD23, 0xD83A, 0xDD35));
					break;
				case 72: 
				if (style == 1) return String(CharArray::of(0xD83A, 0xDD11, 0xD83A, 0xDD2D, 0xD83A, 0xDD36, 0xD83A, 0xDD2E, 0xD83A, 0xDD45, 0xD83A, 0xDD2A, 0xD83A, 0xDD2B, 0x20, 0xD83A, 0xDD16, 0xD83A, 0xDD22, 0xD83A, 0xDD31, 0xD83A, 0xDD2A, 0xD83A, 0xDD35, 0xD83A, 0xDD32, 0xD83A, 0xDD4B, 0xD83A, 0xDD23, 0xD83A, 0xDD2B, 0x20, 0xD83A, 0xDD0B, 0xD83A, 0xDD32, 0xD83A, 0xDD23, 0xD83A, 0xDD2D, 0xD83A, 0xDD34, 0xD83A, 0xDD22));
					break;
				case 73: 
				if (style == 1) return String(CharArray::of(0xD83A, 0xDD11, 0xD83A, 0xDD2D, 0xD83A, 0xDD36, 0xD83A, 0xDD2E, 0xD83A, 0xDD45, 0xD83A, 0xDD2A, 0xD83A, 0xDD2B, 0x20, 0xD83A, 0xDD03, 0xD83A, 0xDD22, 0xD83A, 0xDD44, 0xD83A, 0xDD34, 0xD83A, 0xDD2E, 0x20, 0xD83A, 0xDD0B, 0xD83A, 0xDD32, 0xD83A, 0xDD23, 0xD83A, 0xDD2D, 0xD83A, 0xDD34, 0xD83A, 0xDD22, 0xD83A, 0xDD31, 0xD83A, 0xDD2E));
					break;
				case 74: 
				if (style == 1) return String(CharArray::of(0xD83A, 0xDD11, 0xD83A, 0xDD2D, 0xD83A, 0xDD36, 0xD83A, 0xDD2E, 0xD83A, 0xDD45, 0xD83A, 0xDD2A, 0xD83A, 0xDD2B, 0x20, 0xD83A, 0xDD0B, 0xD83A, 0xDD32, 0xD83A, 0xDD23, 0xD83A, 0xDD2E, 0xD83A, 0xDD27, 0xD83A, 0xDD2D, 0xD83A, 0xDD45, 0xD83A, 0xDD32));
					break;
				case 75: 
				if (style == 1) return String(CharArray::of(0xD83A, 0xDD11, 0xD83A, 0xDD2D, 0xD83A, 0xDD36, 0xD83A, 0xDD2E, 0xD83A, 0xDD45, 0xD83A, 0xDD2A, 0xD83A, 0xDD2B, 0x20, 0xD83A, 0xDD1A, 0xD83A, 0xDD2E, 0xD83A, 0xDD25, 0xD83A, 0xDD26, 0xD83A, 0xDD2E, 0xD83A, 0xDD45, 0xD83A, 0xDD2A, 0xD83A, 0xDD2D, 0x20, 0xD83A, 0xDD0B, 0xD83A, 0xDD32, 0xD83A, 0xDD23, 0xD83A, 0xDD2E, 0xD83A, 0xDD32, 0xD83A, 0xDD2D, 0xD83A, 0xDD45, 0xD83A, 0xDD27, 0xD83A, 0xDD2D, 0xD83A, 0xDD34, 0xD83A, 0xDD22));
					break;
				case 76: 
				if (style == 1) return String(CharArray::of(0xD83A, 0xDD11, 0xD83A, 0xDD2D, 0xD83A, 0xDD36, 0xD83A, 0xDD2E, 0xD83A, 0xDD45, 0xD83A, 0xDD2A, 0xD83A, 0xDD2B, 0x20, 0xD83A, 0xDD0A, 0xD83A, 0xDD35, 0xD83A, 0xDD2F, 0xD83A, 0xDD32, 0xD83A, 0xDD22, 0xD83A, 0xDD44, 0xD83A, 0xDD32, 0xD83A, 0xDD4B, 0xD83A, 0xDD3A, 0xD83A, 0xDD2B, 0x20, 0xD83A, 0xDD0B, 0xD83A, 0xDD32, 0xD83A, 0xDD23, 0xD83A, 0xDD2E, 0xD83A, 0xDD32, 0xD83A, 0xDD2D, 0xD83A, 0xDD45, 0xD83A, 0xDD27, 0xD83A, 0xDD2D, 0xD83A, 0xDD34, 0xD83A, 0xDD22));
					break;
				case 77: 
				if (style == 1) return String(CharArray::of(0xD83A, 0xDD11, 0xD83A, 0xDD2D, 0xD83A, 0xDD36, 0xD83A, 0xDD2E, 0xD83A, 0xDD45, 0xD83A, 0xDD2A, 0xD83A, 0xDD2B, 0x20, 0xD83A, 0xDD16, 0xD83A, 0xDD2D, 0xD83A, 0xDD45, 0xD83A, 0xDD2A, 0xD83A, 0xDD32, 0xD83A, 0xDD22, 0xD83A, 0xDD44, 0xD83A, 0xDD32, 0xD83A, 0xDD4B, 0xD83A, 0xDD3A, 0xD83A, 0xDD2B, 0x20, 0xD83A, 0xDD0B, 0xD83A, 0xDD32, 0xD83A, 0xDD23, 0xD83A, 0xDD2E, 0xD83A, 0xDD32, 0xD83A, 0xDD2D, 0xD83A, 0xDD45, 0xD83A, 0xDD27, 0xD83A, 0xDD2D, 0xD83A, 0xDD34, 0xD83A, 0xDD22));
					break;
				case 78: 
				if (style == 0) return String(CharArray::of(0xD83A, 0xDD11, 0xD83A, 0xDD2D, 0xD83A, 0xDD36, 0xD83A, 0xDD2E, 0xD83A, 0xDD45, 0xD83A, 0xDD2A, 0xD83A, 0xDD2B, 0x20, 0xD83A, 0xDD0B, 0xD83A, 0xDD2A, 0xD83A, 0xDD22, 0xD83A, 0xDD44, 0xD83A, 0xDD32));
				if (style == 1) return String(CharArray::of(0xD83A, 0xDD11, 0xD83A, 0xDD2D, 0xD83A, 0xDD36, 0xD83A, 0xDD2E, 0xD83A, 0xDD45, 0xD83A, 0xDD2A, 0xD83A, 0xDD2B, 0x20, 0xD83A, 0xDD16, 0xD83A, 0xDD22, 0xD83A, 0xDD31, 0xD83A, 0xDD2A, 0xD83A, 0xDD35, 0xD83A, 0xDD32, 0xD83A, 0xDD4B, 0xD83A, 0xDD23, 0xD83A, 0xDD2B, 0x20, 0xD83A, 0xDD0B, 0xD83A, 0xDD2A, 0xD83A, 0xDD22, 0xD83A, 0xDD44, 0xD83A, 0xDD32));
				if (style == 2) return String(CharArray::of(0xD83A, 0xDD11, 0xD83A, 0xDD2D, 0xD83A, 0xDD36, 0xD83A, 0xDD2E, 0xD83A, 0xDD45, 0xD83A, 0xDD2A, 0xD83A, 0xDD2B, 0x20, 0xD83A, 0xDD15, 0xD83A, 0xDD2B, 0xD83A, 0xDD45, 0xD83A, 0xDD2F, 0xD83A, 0xDD35, 0x20, 0xD83A, 0xDD0B, 0xD83A, 0xDD2A, 0xD83A, 0xDD22, 0xD83A, 0xDD44, 0xD83A, 0xDD32));
					break;
				case 79: 
				if (style == 0) return String(CharArray::of(0xD83A, 0xDD11, 0xD83A, 0xDD2D, 0xD83A, 0xDD36, 0xD83A, 0xDD2E, 0xD83A, 0xDD45, 0xD83A, 0xDD2A, 0xD83A, 0xDD2B, 0x20, 0xD83A, 0xDD0B, 0xD83A, 0xDD2A, 0xD83A, 0xDD33, 0xD83A, 0xDD35, 0xD83A, 0xDD3C, 0xD83A, 0xDD2D, 0xD83A, 0xDD27, 0xD83A, 0xDD33, 0xD83A, 0xDD35));
				if (style == 1) return String(CharArray::of(0xD83A, 0xDD11, 0xD83A, 0xDD2D, 0xD83A, 0xDD36, 0xD83A, 0xDD2E, 0xD83A, 0xDD45, 0xD83A, 0xDD2A, 0xD83A, 0xDD2B, 0x20, 0xD83A, 0xDD16, 0xD83A, 0xDD22, 0xD83A, 0xDD31, 0xD83A, 0xDD2A, 0xD83A, 0xDD35, 0xD83A, 0xDD32, 0xD83A, 0xDD4B, 0xD83A, 0xDD23, 0xD83A, 0xDD2B, 0x20, 0xD83A, 0xDD0B, 0xD83A, 0xDD2A, 0xD83A, 0xDD33, 0xD83A, 0xDD35, 0xD83A, 0xDD3C, 0xD83A, 0xDD2D, 0xD83A, 0xDD27, 0xD83A, 0xDD33, 0xD83A, 0xDD35));
				if (style == 2) return String(CharArray::of(0xD83A, 0xDD11, 0xD83A, 0xDD2D, 0xD83A, 0xDD36, 0xD83A, 0xDD2E, 0xD83A, 0xDD45, 0xD83A, 0xDD2A, 0xD83A, 0xDD2B, 0x20, 0xD83A, 0xDD15, 0xD83A, 0xDD2B, 0xD83A, 0xDD45, 0xD83A, 0xDD2F, 0xD83A, 0xDD35, 0x20, 0xD83A, 0xDD0B, 0xD83A, 0xDD2A, 0xD83A, 0xDD33, 0xD83A, 0xDD35, 0xD83A, 0xDD3C, 0xD83A, 0xDD2D, 0xD83A, 0xDD27, 0xD83A, 0xDD33, 0xD83A, 0xDD35));
					break;
				case 80: 
				if (style == 0) return String(CharArray::of(0xD83A, 0xDD11, 0xD83A, 0xDD2D, 0xD83A, 0xDD36, 0xD83A, 0xDD2E, 0xD83A, 0xDD45, 0xD83A, 0xDD2A, 0xD83A, 0xDD2B, 0x20, 0xD83A, 0xDD0B, 0xD83A, 0xDD27, 0xD83A, 0xDD2A, 0xD83A, 0xDD22, 0xD83A, 0xDD44, 0xD83A, 0xDD2D, 0xD83A, 0xDD45, 0xD83A, 0xDD24, 0xD83A, 0xDD35));
				if (style == 1) return String(CharArray::of(0xD83A, 0xDD11, 0xD83A, 0xDD2D, 0xD83A, 0xDD36, 0xD83A, 0xDD2E, 0xD83A, 0xDD45, 0xD83A, 0xDD2A, 0xD83A, 0xDD2B, 0x20, 0xD83A, 0xDD16, 0xD83A, 0xDD22, 0xD83A, 0xDD31, 0xD83A, 0xDD2A, 0xD83A, 0xDD35, 0xD83A, 0xDD32, 0xD83A, 0xDD4B, 0xD83A, 0xDD23, 0xD83A, 0xDD2B, 0x20, 0xD83A, 0xDD0B, 0xD83A, 0xDD27, 0xD83A, 0xDD2A, 0xD83A, 0xDD22, 0xD83A, 0xDD44, 0xD83A, 0xDD2D, 0xD83A, 0xDD45, 0xD83A, 0xDD24, 0xD83A, 0xDD35));
				if (style == 2) return String(CharArray::of(0xD83A, 0xDD11, 0xD83A, 0xDD2D, 0xD83A, 0xDD36, 0xD83A, 0xDD2E, 0xD83A, 0xDD45, 0xD83A, 0xDD2A, 0xD83A, 0xDD2B, 0x20, 0xD83A, 0xDD15, 0xD83A, 0xDD2B, 0xD83A, 0xDD45, 0xD83A, 0xDD2F, 0xD83A, 0xDD35, 0x20, 0xD83A, 0xDD0B, 0xD83A, 0xDD27, 0xD83A, 0xDD2A, 0xD83A, 0xDD22, 0xD83A, 0xDD44, 0xD83A, 0xDD2D, 0xD83A, 0xDD45, 0xD83A, 0xDD24, 0xD83A, 0xDD35));
					break;
				case 81: 
				if (style == 0) return String(CharArray::of(0xD83A, 0xDD11, 0xD83A, 0xDD2D, 0xD83A, 0xDD36, 0xD83A, 0xDD2E, 0xD83A, 0xDD45, 0xD83A, 0xDD2A, 0xD83A, 0xDD2B, 0x20, 0xD83A, 0xDD10, 0xD83A, 0xDD2D, 0xD83A, 0xDD28, 0xD83A, 0xDD46, 0xD83A, 0xDD2E, 0xD83A, 0xDD32));
				if (style == 1) return String(CharArray::of(0xD83A, 0xDD11, 0xD83A, 0xDD2D, 0xD83A, 0xDD36, 0xD83A, 0xDD2E, 0xD83A, 0xDD45, 0xD83A, 0xDD2A, 0xD83A, 0xDD2B, 0x20, 0xD83A, 0xDD16, 0xD83A, 0xDD22, 0xD83A, 0xDD31, 0xD83A, 0xDD2A, 0xD83A, 0xDD35, 0xD83A, 0xDD32, 0xD83A, 0xDD4B, 0xD83A, 0xDD23, 0xD83A, 0xDD2B, 0x20, 0xD83A, 0xDD10, 0xD83A, 0xDD2D, 0xD83A, 0xDD28, 0xD83A, 0xDD46, 0xD83A, 0xDD2E, 0xD83A, 0xDD32));
				if (style == 2) return String(CharArray::of(0xD83A, 0xDD11, 0xD83A, 0xDD2D, 0xD83A, 0xDD36, 0xD83A, 0xDD2E, 0xD83A, 0xDD45, 0xD83A, 0xDD2A, 0xD83A, 0xDD2B, 0x20, 0xD83A, 0xDD15, 0xD83A, 0xDD2B, 0xD83A, 0xDD45, 0xD83A, 0xDD2F, 0xD83A, 0xDD35, 0x20, 0xD83A, 0xDD10, 0xD83A, 0xDD2D, 0xD83A, 0xDD28, 0xD83A, 0xDD46, 0xD83A, 0xDD2E, 0xD83A, 0xDD32));
					break;
				case 84: 
				if (style == 1) return String(CharArray::of(0xD83A, 0xDD11, 0xD83A, 0xDD2D, 0xD83A, 0xDD36, 0xD83A, 0xDD2E, 0xD83A, 0xDD45, 0xD83A, 0xDD2A, 0xD83A, 0xDD2B, 0x20, 0xD83A, 0xDD11, 0xD83A, 0xDD22, 0xD83A, 0xDD41, 0xD83A, 0xDD22, 0xD83A, 0xDD3F, 0xD83A, 0xDD22, 0xD83A, 0xDD27, 0xD83A, 0xDD3C, 0xD83A, 0xDD22, 0xD83A, 0xDD44, 0xD83A, 0xDD32));
					break;
				case 85: 
				if (style == 1) return String(CharArray::of(0xD83A, 0xDD11, 0xD83A, 0xDD2D, 0xD83A, 0xDD36, 0xD83A, 0xDD2E, 0xD83A, 0xDD45, 0xD83A, 0xDD2A, 0xD83A, 0xDD2B, 0x20, 0xD83A, 0xDD16, 0xD83A, 0xDD2D, 0xD83A, 0xDD2A, 0xD83A, 0xDD32, 0xD83A, 0xDD22, 0xD83A, 0xDD44, 0xD83A, 0xDD32, 0xD83A, 0xDD4B, 0xD83A, 0xDD3A, 0xD83A, 0xDD2B, 0x20, 0xD83A, 0xDD11, 0xD83A, 0xDD22, 0xD83A, 0xDD41, 0xD83A, 0xDD22, 0xD83A, 0xDD3F, 0xD83A, 0xDD22, 0xD83A, 0xDD27, 0xD83A, 0xDD3C, 0xD83A, 0xDD22, 0xD83A, 0xDD44, 0xD83A, 0xDD32));
					break;
				case 86: 
				if (style == 0) return String(CharArray::of(0xD83A, 0xDD11, 0xD83A, 0xDD2D, 0xD83A, 0xDD36, 0xD83A, 0xDD2E, 0xD83A, 0xDD45, 0xD83A, 0xDD2A, 0xD83A, 0xDD2B, 0x20, 0xD83A, 0xDD11, 0xD83A, 0xDD2E, 0xD83A, 0xDD45, 0xD83A, 0xDD2A, 0xD83A, 0xDD2B, 0xD83A, 0xDD34, 0xD83A, 0xDD22, 0xD83A, 0xDD44));
				if (style == 1) return String(CharArray::of(0xD83A, 0xDD11, 0xD83A, 0xDD2D, 0xD83A, 0xDD36, 0xD83A, 0xDD2E, 0xD83A, 0xDD45, 0xD83A, 0xDD2A, 0xD83A, 0xDD2B, 0x20, 0xD83A, 0xDD16, 0xD83A, 0xDD22, 0xD83A, 0xDD31, 0xD83A, 0xDD2A, 0xD83A, 0xDD35, 0xD83A, 0xDD32, 0xD83A, 0xDD4B, 0xD83A, 0xDD23, 0xD83A, 0xDD2B, 0x20, 0xD83A, 0xDD11, 0xD83A, 0xDD2E, 0xD83A, 0xDD45, 0xD83A, 0xDD2A, 0xD83A, 0xDD2B, 0xD83A, 0xDD34, 0xD83A, 0xDD22, 0xD83A, 0xDD44));
				if (style == 2) return String(CharArray::of(0xD83A, 0xDD11, 0xD83A, 0xDD2D, 0xD83A, 0xDD36, 0xD83A, 0xDD2E, 0xD83A, 0xDD45, 0xD83A, 0xDD2A, 0xD83A, 0xDD2B, 0x20, 0xD83A, 0xDD15, 0xD83A, 0xDD2B, 0xD83A, 0xDD45, 0xD83A, 0xDD2F, 0xD83A, 0xDD35, 0x20, 0xD83A, 0xDD11, 0xD83A, 0xDD2E, 0xD83A, 0xDD45, 0xD83A, 0xDD2A, 0xD83A, 0xDD2B, 0xD83A, 0xDD34, 0xD83A, 0xDD22, 0xD83A, 0xDD44));
					break;
				case 87: 
				if (style == 1) return String(CharArray::of(0xD83A, 0xDD11, 0xD83A, 0xDD2D, 0xD83A, 0xDD36, 0xD83A, 0xDD2E, 0xD83A, 0xDD45, 0xD83A, 0xDD2A, 0xD83A, 0xDD2B, 0x20, 0xD83A, 0xDD11, 0xD83A, 0xDD2E, 0xD83A, 0xDD27, 0xD83A, 0xDD2A, 0xD83A, 0xDD22, 0xD83A, 0xDD34));
					break;
				case 88: 
				if (style == 0) return String(CharArray::of(0xD83A, 0xDD11, 0xD83A, 0xDD2D, 0xD83A, 0xDD36, 0xD83A, 0xDD2E, 0xD83A, 0xDD45, 0xD83A, 0xDD2A, 0xD83A, 0xDD2B, 0x20, 0xD83A, 0xDD11, 0xD83A, 0xDD22, 0xD83A, 0xDD2A, 0xD83A, 0xDD22, 0xD83A, 0xDD27, 0xD83A, 0xDD32, 0xD83A, 0xDD2E, 0xD83A, 0xDD34, 0xD83A, 0xDD22, 0xD83A, 0xDD2A, 0xD83A, 0xDD27, 0xD83A, 0xDD2D, 0xD83A, 0xDD33));
				if (style == 1) return String(CharArray::of(0xD83A, 0xDD11, 0xD83A, 0xDD2D, 0xD83A, 0xDD36, 0xD83A, 0xDD2E, 0xD83A, 0xDD45, 0xD83A, 0xDD2A, 0xD83A, 0xDD2B, 0x20, 0xD83A, 0xDD16, 0xD83A, 0xDD22, 0xD83A, 0xDD31, 0xD83A, 0xDD2A, 0xD83A, 0xDD35, 0xD83A, 0xDD32, 0xD83A, 0xDD4B, 0xD83A, 0xDD23, 0xD83A, 0xDD2B, 0x20, 0xD83A, 0xDD11, 0xD83A, 0xDD2A, 0xD83A, 0xDD22, 0xD83A, 0xDD27, 0xD83A, 0xDD32, 0xD83A, 0xDD2E, 0xD83A, 0xDD34, 0xD83A, 0xDD22, 0xD83A, 0xDD2A, 0xD83A, 0xDD27, 0xD83A, 0xDD2D, 0xD83A, 0xDD33));
				if (style == 2) return String(CharArray::of(0xD83A, 0xDD11, 0xD83A, 0xDD2D, 0xD83A, 0xDD36, 0xD83A, 0xDD2E, 0xD83A, 0xDD45, 0xD83A, 0xDD2A, 0xD83A, 0xDD2B, 0x20, 0xD83A, 0xDD15, 0xD83A, 0xDD2B, 0xD83A, 0xDD45, 0xD83A, 0xDD2F, 0xD83A, 0xDD35, 0x20, 0xD83A, 0xDD11, 0xD83A, 0xDD22, 0xD83A, 0xDD2A, 0xD83A, 0xDD22, 0xD83A, 0xDD27, 0xD83A, 0xDD32, 0xD83A, 0xDD2E, 0xD83A, 0xDD34, 0xD83A, 0xDD22, 0xD83A, 0xDD2A, 0xD83A, 0xDD27, 0xD83A, 0xDD2D, 0xD83A, 0xDD33));
					break;
				case 89: 
				if (style == 1) return String(CharArray::of(0xD83A, 0xDD11, 0xD83A, 0xDD2D, 0xD83A, 0xDD36, 0xD83A, 0xDD2E, 0xD83A, 0xDD45, 0xD83A, 0xDD2A, 0xD83A, 0xDD2B, 0x20, 0xD83A, 0xDD11, 0xD83A, 0xDD2D, 0xD83A, 0xDD2A, 0xD83A, 0xDD3A, 0xD83A, 0xDD2D, 0xD83A, 0xDD27, 0xD83A, 0xDD3C, 0xD83A, 0xDD22, 0xD83A, 0xDD44, 0xD83A, 0xDD32));
					break;
				case 91: 
				if (style == 1) return String(CharArray::of(0xD83A, 0xDD11, 0xD83A, 0xDD2D, 0xD83A, 0xDD36, 0xD83A, 0xDD2E, 0xD83A, 0xDD45, 0xD83A, 0xDD2A, 0xD83A, 0xDD2B, 0x20, 0xD83A, 0xDD15, 0xD83A, 0xDD35, 0xD83A, 0xDD2A, 0xD83A, 0xDD2D, 0xD83A, 0xDD45, 0xD83A, 0xDD36, 0xD83A, 0xDD2B, 0x20, 0xD83A, 0xDD02, 0xD83A, 0xDD22, 0xD83A, 0xDD34, 0xD83A, 0xDD32, 0xD83A, 0xDD35));
					break;
				case 92: 
				if (style == 0) return String(CharArray::of(0xD83A, 0xDD11, 0xD83A, 0xDD2D, 0xD83A, 0xDD36, 0xD83A, 0xDD2E, 0xD83A, 0xDD45, 0xD83A, 0xDD2A, 0xD83A, 0xDD2B, 0x20, 0xD83A, 0xDD02, 0xD83A, 0xDD2E, 0xD83A, 0xDD2A, 0xD83A, 0xDD23, 0xD83A, 0xDD35, 0x2D, 0xD83A, 0xDD16, 0xD83A, 0xDD2E, 0xD83A, 0xDD31, 0xD83A, 0xDD2B));
				if (style == 1) return String(CharArray::of(0xD83A, 0xDD11, 0xD83A, 0xDD2D, 0xD83A, 0xDD36, 0xD83A, 0xDD2E, 0xD83A, 0xDD45, 0xD83A, 0xDD2A, 0xD83A, 0xDD2B, 0x20, 0xD83A, 0xDD16, 0xD83A, 0xDD22, 0xD83A, 0xDD31, 0xD83A, 0xDD2A, 0xD83A, 0xDD35, 0xD83A, 0xDD32, 0xD83A, 0xDD4B, 0xD83A, 0xDD23, 0xD83A, 0xDD2B, 0x20, 0xD83A, 0xDD02, 0xD83A, 0xDD2E, 0xD83A, 0xDD2A, 0xD83A, 0xDD23, 0xD83A, 0xDD35, 0x2D, 0xD83A, 0xDD16, 0xD83A, 0xDD2E, 0xD83A, 0xDD31, 0xD83A, 0xDD2B));
				if (style == 2) return String(CharArray::of(0xD83A, 0xDD11, 0xD83A, 0xDD2D, 0xD83A, 0xDD36, 0xD83A, 0xDD2E, 0xD83A, 0xDD45, 0xD83A, 0xDD2A, 0xD83A, 0xDD2B, 0x20, 0xD83A, 0xDD15, 0xD83A, 0xDD2B, 0xD83A, 0xDD45, 0xD83A, 0xDD2F, 0xD83A, 0xDD35, 0x20, 0xD83A, 0xDD02, 0xD83A, 0xDD2E, 0xD83A, 0xDD2A, 0xD83A, 0xDD23, 0xD83A, 0xDD35, 0x2D, 0xD83A, 0xDD16, 0xD83A, 0xDD2E, 0xD83A, 0xDD31, 0xD83A, 0xDD2B));
					break;
				case 93: 
				if (style == 0) return String(CharArray::of(0xD83A, 0xDD11, 0xD83A, 0xDD2D, 0xD83A, 0xDD36, 0xD83A, 0xDD2E, 0xD83A, 0xDD45, 0xD83A, 0xDD2A, 0xD83A, 0xDD2B, 0x20, 0xD83A, 0xDD03, 0xD83A, 0xDD22, 0xD83A, 0xDD33, 0xD83A, 0xDD22, 0xD83A, 0xDD31, 0xD83A, 0xDD2E, 0xD83A, 0xDD45));
				if (style == 1) return String(CharArray::of(0xD83A, 0xDD11, 0xD83A, 0xDD2D, 0xD83A, 0xDD36, 0xD83A, 0xDD2E, 0xD83A, 0xDD45, 0xD83A, 0xDD2A, 0xD83A, 0xDD2B, 0x20, 0xD83A, 0xDD16, 0xD83A, 0xDD22, 0xD83A, 0xDD31, 0xD83A, 0xDD2A, 0xD83A, 0xDD35, 0xD83A, 0xDD32, 0xD83A, 0xDD4B, 0xD83A, 0xDD23, 0xD83A, 0xDD2B, 0x20, 0xD83A, 0xDD03, 0xD83A, 0xDD22, 0xD83A, 0xDD33, 0xD83A, 0xDD22, 0xD83A, 0xDD31, 0xD83A, 0xDD2E, 0xD83A, 0xDD45));
				if (style == 2) return String(CharArray::of(0xD83A, 0xDD11, 0xD83A, 0xDD2D, 0xD83A, 0xDD36, 0xD83A, 0xDD2E, 0xD83A, 0xDD45, 0xD83A, 0xDD2A, 0xD83A, 0xDD2B, 0x20, 0xD83A, 0xDD15, 0xD83A, 0xDD2B, 0xD83A, 0xDD45, 0xD83A, 0xDD2F, 0xD83A, 0xDD35, 0x20, 0xD83A, 0xDD03, 0xD83A, 0xDD22, 0xD83A, 0xDD33, 0xD83A, 0xDD22, 0xD83A, 0xDD31, 0xD83A, 0xDD2E, 0xD83A, 0xDD45));
					break;
				case 94: 
				if (style == 0) return String(CharArray::of(0xD83A, 0xDD11, 0xD83A, 0xDD2D, 0xD83A, 0xDD36, 0xD83A, 0xDD2E, 0xD83A, 0xDD45, 0xD83A, 0xDD2A, 0xD83A, 0xDD2B, 0x20, 0xD83A, 0xDD03, 0xD83A, 0xDD22, 0xD83A, 0xDD3A, 0xD83A, 0xDD22, 0xD83A, 0xDD23, 0xD83A, 0xDD22, 0xD83A, 0xDD32));
				if (style == 1) return String(CharArray::of(0xD83A, 0xDD11, 0xD83A, 0xDD2D, 0xD83A, 0xDD36, 0xD83A, 0xDD2E, 0xD83A, 0xDD45, 0xD83A, 0xDD2A, 0xD83A, 0xDD2B, 0x20, 0xD83A, 0xDD16, 0xD83A, 0xDD22, 0xD83A, 0xDD31, 0xD83A, 0xDD2A, 0xD83A, 0xDD35, 0xD83A, 0xDD32, 0xD83A, 0xDD4B, 0xD83A, 0xDD23, 0xD83A, 0xDD2B, 0x20, 0xD83A, 0xDD03, 0xD83A, 0xDD22, 0xD83A, 0xDD3A, 0xD83A, 0xDD22, 0xD83A, 0xDD23, 0xD83A, 0xDD22, 0xD83A, 0xDD32));
				if (style == 2) return String(CharArray::of(0xD83A, 0xDD11, 0xD83A, 0xDD2D, 0xD83A, 0xDD36, 0xD83A, 0xDD2E, 0xD83A, 0xDD45, 0xD83A, 0xDD2A, 0xD83A, 0xDD2B, 0x20, 0xD83A, 0xDD15, 0xD83A, 0xDD2B, 0xD83A, 0xDD45, 0xD83A, 0xDD2F, 0xD83A, 0xDD35, 0x20, 0xD83A, 0xDD03, 0xD83A, 0xDD22, 0xD83A, 0xDD3A, 0xD83A, 0xDD22, 0xD83A, 0xDD23, 0xD83A, 0xDD22, 0xD83A, 0xDD32));
					break;
				case 95: 
				if (style == 1) return String(CharArray::of(0xD83A, 0xDD11, 0xD83A, 0xDD2D, 0xD83A, 0xDD36, 0xD83A, 0xDD2E, 0xD83A, 0xDD45, 0xD83A, 0xDD2A, 0xD83A, 0xDD2B, 0x20, 0xD83A, 0xDD03, 0xD83A, 0xDD22, 0xD83A, 0xDD24, 0xD83A, 0xDD2B, 0xD83A, 0xDD45, 0xD83A, 0xDD27, 0xD83A, 0xDD2D, 0xD83A, 0xDD34, 0xD83A, 0xDD22));
					break;
				case 96: 
				if (style == 1) return String(CharArray::of(0xD83A, 0xDD11, 0xD83A, 0xDD2D, 0xD83A, 0xDD36, 0xD83A, 0xDD2E, 0xD83A, 0xDD45, 0xD83A, 0xDD2A, 0xD83A, 0xDD2B, 0x20, 0xD83A, 0xDD03, 0xD83A, 0xDD22, 0xD83A, 0xDD24, 0xD83A, 0xDD23, 0xD83A, 0xDD22, 0xD83A, 0xDD44, 0xD83A, 0xDD34, 0xD83A, 0xDD2D, 0xD83A, 0xDD27));
					break;
				case 97: 
				if (style == 1) return String(CharArray::of(0xD83A, 0xDD11, 0xD83A, 0xDD2D, 0xD83A, 0xDD36, 0xD83A, 0xDD2E, 0xD83A, 0xDD45, 0xD83A, 0xDD2A, 0xD83A, 0xDD2B, 0x20, 0xD83A, 0xDD03, 0xD83A, 0xDD22, 0xD83A, 0xDD2A, 0xD83A, 0xDD33, 0xD83A, 0xDD2B, 0xD83A, 0xDD27, 0xD83A, 0xDD22, 0xD83A, 0xDD27));
					break;
				case 98: 
				if (style == 1) return String(CharArray::of(0xD83A, 0xDD11, 0xD83A, 0xDD2D, 0xD83A, 0xDD36, 0xD83A, 0xDD2E, 0xD83A, 0xDD45, 0xD83A, 0xDD2A, 0xD83A, 0xDD2B, 0x20, 0xD83A, 0xDD05, 0xD83A, 0xDD35, 0xD83A, 0xDD2A, 0xD83A, 0xDD2D, 0xD83A, 0xDD45, 0xD83A, 0xDD36, 0xD83A, 0xDD2B, 0x20, 0xD83A, 0xDD03, 0xD83A, 0xDD22, 0xD83A, 0xDD2A, 0xD83A, 0xDD27, 0xD83A, 0xDD22, 0xD83A, 0xDD24));
					break;
				case 99: 
				if (style == 0) return String(CharArray::of(0xD83A, 0xDD11, 0xD83A, 0xDD2D, 0xD83A, 0xDD36, 0xD83A, 0xDD2E, 0xD83A, 0xDD45, 0xD83A, 0xDD2A, 0xD83A, 0xDD2B, 0x20, 0xD83A, 0xDD03, 0xD83A, 0xDD2E, 0xD83A, 0xDD2A, 0xD83A, 0xDD2D, 0xD83A, 0xDD45, 0xD83A, 0xDD27, 0xD83A, 0xDD2D));
				if (style == 1) return String(CharArray::of(0xD83A, 0xDD11, 0xD83A, 0xDD2D, 0xD83A, 0xDD36, 0xD83A, 0xDD2E, 0xD83A, 0xDD45, 0xD83A, 0xDD2A, 0xD83A, 0xDD2B, 0x20, 0xD83A, 0xDD16, 0xD83A, 0xDD22, 0xD83A, 0xDD31, 0xD83A, 0xDD2A, 0xD83A, 0xDD35, 0xD83A, 0xDD32, 0xD83A, 0xDD4B, 0xD83A, 0xDD23, 0xD83A, 0xDD2B, 0x20, 0xD83A, 0xDD03, 0xD83A, 0xDD2E, 0xD83A, 0xDD2A, 0xD83A, 0xDD2D, 0xD83A, 0xDD45, 0xD83A, 0xDD27, 0xD83A, 0xDD2D));
				if (style == 2) return String(CharArray::of(0xD83A, 0xDD11, 0xD83A, 0xDD2D, 0xD83A, 0xDD36, 0xD83A, 0xDD2E, 0xD83A, 0xDD45, 0xD83A, 0xDD2A, 0xD83A, 0xDD2B, 0x20, 0xD83A, 0xDD15, 0xD83A, 0xDD2B, 0xD83A, 0xDD45, 0xD83A, 0xDD2F, 0xD83A, 0xDD35, 0x20, 0xD83A, 0xDD03, 0xD83A, 0xDD2E, 0xD83A, 0xDD2A, 0xD83A, 0xDD2D, 0xD83A, 0xDD45, 0xD83A, 0xDD27, 0xD83A, 0xDD2D));
					break;
				case 100: 
				if (style == 1) return String(CharArray::of(0xD83A, 0xDD11, 0xD83A, 0xDD2D, 0xD83A, 0xDD36, 0xD83A, 0xDD2E, 0xD83A, 0xDD45, 0xD83A, 0xDD2A, 0xD83A, 0xDD2B, 0x20, 0xD83A, 0xDD03, 0xD83A, 0xDD22, 0xD83A, 0xDD31, 0xD83A, 0xDD27, 0xD83A, 0xDD2E, 0xD83A, 0xDD32));
					break;
				case 101: 
				if (style == 0) return String(CharArray::of(0xD83A, 0xDD11, 0xD83A, 0xDD2D, 0xD83A, 0xDD36, 0xD83A, 0xDD2E, 0xD83A, 0xDD45, 0xD83A, 0xDD2A, 0xD83A, 0xDD2B, 0x20, 0xD83A, 0xDD01, 0xD83A, 0xDD2B, 0xD83A, 0xDD30, 0xD83A, 0xDD46, 0xD83A, 0xDD2E, 0x20, 0xD83A, 0xDD03, 0xD83A, 0xDD2B, 0xD83A, 0xDD33, 0xD83A, 0xDD27, 0xD83A, 0xDD2D, 0xD83A, 0xDD33, 0xD83A, 0xDD2E, 0xD83A, 0xDD45));
				if (style == 1) return String(CharArray::of(0xD83A, 0xDD11, 0xD83A, 0xDD2D, 0xD83A, 0xDD36, 0xD83A, 0xDD2E, 0xD83A, 0xDD45, 0xD83A, 0xDD2A, 0xD83A, 0xDD2B, 0x20, 0xD83A, 0xDD16, 0xD83A, 0xDD22, 0xD83A, 0xDD31, 0xD83A, 0xDD2A, 0xD83A, 0xDD35, 0xD83A, 0xDD32, 0xD83A, 0xDD4B, 0xD83A, 0xDD23, 0xD83A, 0xDD2B, 0x20, 0xD83A, 0xDD01, 0xD83A, 0xDD2B, 0xD83A, 0xDD30, 0xD83A, 0xDD46, 0xD83A, 0xDD2E, 0x20, 0xD83A, 0xDD03, 0xD83A, 0xDD2B, 0xD83A, 0xDD33, 0xD83A, 0xDD27, 0xD83A, 0xDD2D, 0xD83A, 0xDD33, 0xD83A, 0xDD2E, 0xD83A, 0xDD45));
				if (style == 2) return String(CharArray::of(0xD83A, 0xDD11, 0xD83A, 0xDD2D, 0xD83A, 0xDD36, 0xD83A, 0xDD2E, 0xD83A, 0xDD45, 0xD83A, 0xDD2A, 0xD83A, 0xDD2B, 0x20, 0xD83A, 0xDD15, 0xD83A, 0xDD2B, 0xD83A, 0xDD45, 0xD83A, 0xDD2F, 0xD83A, 0xDD35, 0x20, 0xD83A, 0xDD01, 0xD83A, 0xDD2B, 0xD83A, 0xDD30, 0xD83A, 0xDD46, 0xD83A, 0xDD2E, 0x20, 0xD83A, 0xDD03, 0xD83A, 0xDD2B, 0xD83A, 0xDD33, 0xD83A, 0xDD27, 0xD83A, 0xDD2D, 0xD83A, 0xDD33, 0xD83A, 0xDD2E, 0xD83A, 0xDD45));
					break;
				case 102: 
				if (style == 0) return String(CharArray::of(0xD83A, 0xDD11, 0xD83A, 0xDD2D, 0xD83A, 0xDD36, 0xD83A, 0xDD2E, 0xD83A, 0xDD45, 0xD83A, 0xDD2A, 0xD83A, 0xDD2B, 0x20, 0xD83A, 0xDD13, 0xD83A, 0xDD24, 0xD83A, 0xDD22, 0xD83A, 0xDD32, 0xD83A, 0xDD26, 0xD83A, 0xDD22, 0xD83A, 0xDD3C, 0xD83A, 0xDD22, 0xD83A, 0xDD2A));
				if (style == 1) return String(CharArray::of(0xD83A, 0xDD11, 0xD83A, 0xDD2D, 0xD83A, 0xDD36, 0xD83A, 0xDD2E, 0xD83A, 0xDD45, 0xD83A, 0xDD2A, 0xD83A, 0xDD2B, 0x20, 0xD83A, 0xDD16, 0xD83A, 0xDD22, 0xD83A, 0xDD31, 0xD83A, 0xDD2A, 0xD83A, 0xDD35, 0xD83A, 0xDD32, 0xD83A, 0xDD4B, 0xD83A, 0xDD23, 0xD83A, 0xDD2B, 0x20, 0xD83A, 0xDD13, 0xD83A, 0xDD24, 0xD83A, 0xDD22, 0xD83A, 0xDD32, 0xD83A, 0xDD26, 0xD83A, 0xDD22, 0xD83A, 0xDD3C, 0xD83A, 0xDD22, 0xD83A, 0xDD2A));
				if (style == 2) return String(CharArray::of(0xD83A, 0xDD11, 0xD83A, 0xDD2D, 0xD83A, 0xDD36, 0xD83A, 0xDD2E, 0xD83A, 0xDD45, 0xD83A, 0xDD2A, 0xD83A, 0xDD2B, 0x20, 0xD83A, 0xDD15, 0xD83A, 0xDD2B, 0xD83A, 0xDD45, 0xD83A, 0xDD2F, 0xD83A, 0xDD35, 0x20, 0xD83A, 0xDD13, 0xD83A, 0xDD24, 0xD83A, 0xDD22, 0xD83A, 0xDD32, 0xD83A, 0xDD26, 0xD83A, 0xDD22, 0xD83A, 0xDD3C, 0xD83A, 0xDD22, 0xD83A, 0xDD2A));
					break;
				case 103: 
				if (style == 0) return String(CharArray::of(0xD83A, 0xDD11, 0xD83A, 0xDD2D, 0xD83A, 0xDD36, 0xD83A, 0xDD2E, 0xD83A, 0xDD45, 0xD83A, 0xDD2A, 0xD83A, 0xDD2B, 0x20, 0xD83A, 0xDD03, 0xD83A, 0xDD2E, 0xD83A, 0xDD27, 0xD83A, 0xDD33, 0xD83A, 0xDD2E));
				if (style == 1) return String(CharArray::of(0xD83A, 0xDD11, 0xD83A, 0xDD2D, 0xD83A, 0xDD36, 0xD83A, 0xDD2E, 0xD83A, 0xDD45, 0xD83A, 0xDD2A, 0xD83A, 0xDD2B, 0x20, 0xD83A, 0xDD16, 0xD83A, 0xDD22, 0xD83A, 0xDD31, 0xD83A, 0xDD2A, 0xD83A, 0xDD35, 0xD83A, 0xDD32, 0xD83A, 0xDD4B, 0xD83A, 0xDD23, 0xD83A, 0xDD2B, 0x20, 0xD83A, 0xDD03, 0xD83A, 0xDD2E, 0xD83A, 0xDD27, 0xD83A, 0xDD33, 0xD83A, 0xDD2E));
				if (style == 2) return String(CharArray::of(0xD83A, 0xDD11, 0xD83A, 0xDD2D, 0xD83A, 0xDD36, 0xD83A, 0xDD2E, 0xD83A, 0xDD45, 0xD83A, 0xDD2A, 0xD83A, 0xDD2B, 0x20, 0xD83A, 0xDD15, 0xD83A, 0xDD2B, 0xD83A, 0xDD45, 0xD83A, 0xDD2F, 0xD83A, 0xDD35, 0x20, 0xD83A, 0xDD03, 0xD83A, 0xDD2E, 0xD83A, 0xDD27, 0xD83A, 0xDD33, 0xD83A, 0xDD2E));
					break;
				case 104: 
				if (style == 1) return String(CharArray::of(0xD83A, 0xDD11, 0xD83A, 0xDD2D, 0xD83A, 0xDD36, 0xD83A, 0xDD2E, 0xD83A, 0xDD45, 0xD83A, 0xDD2A, 0xD83A, 0xDD2B, 0x20, 0xD83A, 0xDD03, 0xD83A, 0xDD2D, 0xD83A, 0xDD34, 0xD83A, 0xDD22, 0xD83A, 0xDD25, 0xD83A, 0xDD22, 0xD83A, 0xDD44, 0xD83A, 0xDD2A));
					break;
				case 105: 
				if (style == 1) return String(CharArray::of(0xD83A, 0xDD11, 0xD83A, 0xDD2D, 0xD83A, 0xDD36, 0xD83A, 0xDD2E, 0xD83A, 0xDD45, 0xD83A, 0xDD2A, 0xD83A, 0xDD2B, 0x20, 0xD83A, 0xDD10, 0xD83A, 0xDD35, 0xD83A, 0xDD45, 0xD83A, 0xDD2A, 0xD83A, 0xDD35));
					break;
				case 106: 
				if (style == 1) return String(CharArray::of(0xD83A, 0xDD11, 0xD83A, 0xDD2D, 0xD83A, 0xDD36, 0xD83A, 0xDD2E, 0xD83A, 0xDD45, 0xD83A, 0xDD2A, 0xD83A, 0xDD2B, 0x20, 0xD83A, 0xDD10, 0xD83A, 0xDD2B, 0xD83A, 0xDD28, 0xD83A, 0xDD22, 0xD83A, 0xDD24));
					break;
				case 107: 
				if (style == 0) return String(CharArray::of(0xD83A, 0xDD11, 0xD83A, 0xDD2D, 0xD83A, 0xDD36, 0xD83A, 0xDD2E, 0xD83A, 0xDD45, 0xD83A, 0xDD2A, 0xD83A, 0xDD2B, 0x20, 0xD83A, 0xDD11, 0xD83A, 0xDD22, 0xD83A, 0xDD24, 0xD83A, 0xDD2D, 0xD83A, 0xDD23, 0xD83A, 0xDD2E, 0xD83A, 0xDD32, 0xD83A, 0xDD2D, 0xD83A, 0xDD34, 0xD83A, 0xDD22, 0xD83A, 0xDD44, 0x20, 0xD83A, 0xDD16, 0xD83A, 0xDD2B, 0xD83A, 0xDD27, 0xD83A, 0xDD2E));
				if (style == 1) return String(CharArray::of(0xD83A, 0xDD11, 0xD83A, 0xDD2D, 0xD83A, 0xDD36, 0xD83A, 0xDD2E, 0xD83A, 0xDD45, 0xD83A, 0xDD2A, 0xD83A, 0xDD2B, 0x20, 0xD83A, 0xDD16, 0xD83A, 0xDD22, 0xD83A, 0xDD31, 0xD83A, 0xDD2A, 0xD83A, 0xDD35, 0xD83A, 0xDD32, 0xD83A, 0xDD4B, 0xD83A, 0xDD23, 0xD83A, 0xDD2B, 0x20, 0xD83A, 0xDD11, 0xD83A, 0xDD22, 0xD83A, 0xDD24, 0xD83A, 0xDD2D, 0xD83A, 0xDD23, 0xD83A, 0xDD2E, 0xD83A, 0xDD32, 0xD83A, 0xDD2D, 0xD83A, 0xDD34, 0xD83A, 0xDD22, 0xD83A, 0xDD44, 0x20, 0xD83A, 0xDD16, 0xD83A, 0xDD2B, 0xD83A, 0xDD27, 0xD83A, 0xDD2E));
				if (style == 2) return String(CharArray::of(0xD83A, 0xDD11, 0xD83A, 0xDD2D, 0xD83A, 0xDD36, 0xD83A, 0xDD2E, 0xD83A, 0xDD45, 0xD83A, 0xDD2A, 0xD83A, 0xDD2B, 0x20, 0xD83A, 0xDD15, 0xD83A, 0xDD2B, 0xD83A, 0xDD45, 0xD83A, 0xDD2F, 0xD83A, 0xDD35, 0x20, 0xD83A, 0xDD11, 0xD83A, 0xDD22, 0xD83A, 0xDD24, 0xD83A, 0xDD2D, 0xD83A, 0xDD23, 0xD83A, 0xDD2E, 0xD83A, 0xDD32, 0xD83A, 0xDD2D, 0xD83A, 0xDD34, 0xD83A, 0xDD22, 0xD83A, 0xDD44, 0x20, 0xD83A, 0xDD16, 0xD83A, 0xDD2B, 0xD83A, 0xDD27, 0xD83A, 0xDD2E));
					break;
				case 108: 
				if (style == 0) return String(CharArray::of(0xD83A, 0xDD11, 0xD83A, 0xDD2D, 0xD83A, 0xDD36, 0xD83A, 0xDD2E, 0xD83A, 0xDD45, 0xD83A, 0xDD2A, 0xD83A, 0xDD2B, 0x20, 0xD83A, 0xDD10, 0xD83A, 0xDD2B, 0xD83A, 0xDD31, 0x2D, 0xD83A, 0xDD1F, 0xD83A, 0xDD2B, 0xD83A, 0xDD24, 0xD83A, 0xDD22, 0xD83A, 0xDD32, 0xD83A, 0xDD23, 0xD83A, 0xDD2D));
				if (style == 1) return String(CharArray::of(0xD83A, 0xDD11, 0xD83A, 0xDD2D, 0xD83A, 0xDD36, 0xD83A, 0xDD2E, 0xD83A, 0xDD45, 0xD83A, 0xDD2A, 0xD83A, 0xDD2B, 0x20, 0xD83A, 0xDD16, 0xD83A, 0xDD22, 0xD83A, 0xDD31, 0xD83A, 0xDD2A, 0xD83A, 0xDD35, 0xD83A, 0xDD32, 0xD83A, 0xDD4B, 0xD83A, 0xDD23, 0xD83A, 0xDD2B, 0x20, 0xD83A, 0xDD10, 0xD83A, 0xDD2B, 0xD83A, 0xDD31, 0x2D, 0xD83A, 0xDD1F, 0xD83A, 0xDD2B, 0xD83A, 0xDD24, 0xD83A, 0xDD22, 0xD83A, 0xDD32, 0xD83A, 0xDD23, 0xD83A, 0xDD2D));
				if (style == 2) return String(CharArray::of(0xD83A, 0xDD11, 0xD83A, 0xDD2D, 0xD83A, 0xDD36, 0xD83A, 0xDD2E, 0xD83A, 0xDD45, 0xD83A, 0xDD2A, 0xD83A, 0xDD2B, 0x20, 0xD83A, 0xDD15, 0xD83A, 0xDD2B, 0xD83A, 0xDD45, 0xD83A, 0xDD2F, 0xD83A, 0xDD35, 0x20, 0xD83A, 0xDD10, 0xD83A, 0xDD2B, 0xD83A, 0xDD31, 0x2D, 0xD83A, 0xDD1F, 0xD83A, 0xDD2B, 0xD83A, 0xDD24, 0xD83A, 0xDD22, 0xD83A, 0xDD32, 0xD83A, 0xDD23, 0xD83A, 0xDD2D));
					break;
				case 109: 
				if (style == 0) return String(CharArray::of(0xD83A, 0xDD11, 0xD83A, 0xDD2D, 0xD83A, 0xDD36, 0xD83A, 0xDD2E, 0xD83A, 0xDD45, 0xD83A, 0xDD2A, 0xD83A, 0xDD2B, 0x20, 0xD83A, 0xDD10, 0xD83A, 0xDD2B, 0xD83A, 0xDD31, 0x2D, 0xD83A, 0xDD0A, 0xD83A, 0xDD35, 0xD83A, 0xDD32, 0xD83A, 0xDD23, 0xD83A, 0xDD35, 0xD83A, 0xDD24, 0xD83A, 0xDD22, 0xD83A, 0xDD32, 0xD83A, 0xDD23));
				if (style == 1) return String(CharArray::of(0xD83A, 0xDD11, 0xD83A, 0xDD2D, 0xD83A, 0xDD36, 0xD83A, 0xDD2E, 0xD83A, 0xDD45, 0xD83A, 0xDD2A, 0xD83A, 0xDD2B, 0x20, 0xD83A, 0xDD16, 0xD83A, 0xDD22, 0xD83A, 0xDD31, 0xD83A, 0xDD2A, 0xD83A, 0xDD35, 0xD83A, 0xDD32, 0xD83A, 0xDD4B, 0xD83A, 0xDD23, 0xD83A, 0xDD2B, 0x20, 0xD83A, 0xDD10, 0xD83A, 0xDD2B, 0xD83A, 0xDD31, 0x2D, 0xD83A, 0xDD0A, 0xD83A, 0xDD35, 0xD83A, 0xDD32, 0xD83A, 0xDD23, 0xD83A, 0xDD35, 0xD83A, 0xDD24, 0xD83A, 0xDD22, 0xD83A, 0xDD32, 0xD83A, 0xDD23));
				if (style == 2) return String(CharArray::of(0xD83A, 0xDD11, 0xD83A, 0xDD2D, 0xD83A, 0xDD36, 0xD83A, 0xDD2E, 0xD83A, 0xDD45, 0xD83A, 0xDD2A, 0xD83A, 0xDD2B, 0x20, 0xD83A, 0xDD15, 0xD83A, 0xDD2B, 0xD83A, 0xDD45, 0xD83A, 0xDD2F, 0xD83A, 0xDD35, 0x20, 0xD83A, 0xDD10, 0xD83A, 0xDD2B, 0xD83A, 0xDD31, 0x2D, 0xD83A, 0xDD0A, 0xD83A, 0xDD35, 0xD83A, 0xDD32, 0xD83A, 0xDD23, 0xD83A, 0xDD35, 0xD83A, 0xDD24, 0xD83A, 0xDD22, 0xD83A, 0xDD32, 0xD83A, 0xDD23));
					break;
				case 110: 
				if (style == 1) return String(CharArray::of(0xD83A, 0xDD11, 0xD83A, 0xDD2D, 0xD83A, 0xDD36, 0xD83A, 0xDD2E, 0xD83A, 0xDD45, 0xD83A, 0xDD2A, 0xD83A, 0xDD2B, 0x20, 0xD83A, 0xDD10, 0xD83A, 0xDD35, 0xD83A, 0xDD45, 0xD83A, 0xDD31, 0xD83A, 0xDD2D));
					break;
				case 111: 
				if (style == 0) return String(CharArray::of(0xD83A, 0xDD11, 0xD83A, 0xDD2D, 0xD83A, 0xDD36, 0xD83A, 0xDD2E, 0xD83A, 0xDD45, 0xD83A, 0xDD2A, 0xD83A, 0xDD2B, 0x20, 0xD83A, 0xDD05, 0xD83A, 0xDD35, 0xD83A, 0xDD2A, 0xD83A, 0xDD2D, 0xD83A, 0xDD45, 0xD83A, 0xDD2A, 0xD83A, 0xDD2B, 0x20, 0xD83A, 0xDD10, 0xD83A, 0xDD2E, 0xD83A, 0xDD2A, 0xD83A, 0xDD2C, 0xD83A, 0xDD2E, 0xD83A, 0xDD24, 0xD83A, 0xDD33, 0xD83A, 0xDD35));
				if (style == 1) return String(CharArray::of(0xD83A, 0xDD11, 0xD83A, 0xDD2D, 0xD83A, 0xDD36, 0xD83A, 0xDD2E, 0xD83A, 0xDD45, 0xD83A, 0xDD2A, 0xD83A, 0xDD2B, 0x20, 0xD83A, 0xDD16, 0xD83A, 0xDD22, 0xD83A, 0xDD31, 0xD83A, 0xDD2A, 0xD83A, 0xDD35, 0xD83A, 0xDD32, 0xD83A, 0xDD4B, 0xD83A, 0xDD23, 0xD83A, 0xDD2B, 0x20, 0xD83A, 0xDD05, 0xD83A, 0xDD35, 0xD83A, 0xDD2A, 0xD83A, 0xDD2D, 0xD83A, 0xDD45, 0xD83A, 0xDD2A, 0xD83A, 0xDD2B, 0x20, 0xD83A, 0xDD10, 0xD83A, 0xDD2E, 0xD83A, 0xDD2A, 0xD83A, 0xDD2C, 0xD83A, 0xDD2E, 0xD83A, 0xDD24, 0xD83A, 0xDD33, 0xD83A, 0xDD35));
				if (style == 2) return String(CharArray::of(0xD83A, 0xDD11, 0xD83A, 0xDD2D, 0xD83A, 0xDD36, 0xD83A, 0xDD2E, 0xD83A, 0xDD45, 0xD83A, 0xDD2A, 0xD83A, 0xDD2B, 0x20, 0xD83A, 0xDD15, 0xD83A, 0xDD2B, 0xD83A, 0xDD45, 0xD83A, 0xDD2F, 0xD83A, 0xDD35, 0x20, 0xD83A, 0xDD05, 0xD83A, 0xDD35, 0xD83A, 0xDD2A, 0xD83A, 0xDD2D, 0xD83A, 0xDD45, 0xD83A, 0xDD2A, 0xD83A, 0xDD2B, 0x20, 0xD83A, 0xDD10, 0xD83A, 0xDD2E, 0xD83A, 0xDD2A, 0xD83A, 0xDD2C, 0xD83A, 0xDD2E, 0xD83A, 0xDD24, 0xD83A, 0xDD33, 0xD83A, 0xDD35));
					break;
				case 112: 
				if (style == 0) return String(CharArray::of(0xD83A, 0xDD11, 0xD83A, 0xDD2D, 0xD83A, 0xDD36, 0xD83A, 0xDD2E, 0xD83A, 0xDD45, 0xD83A, 0xDD2A, 0xD83A, 0xDD2B, 0x20, 0xD83A, 0xDD0A, 0xD83A, 0xDD2B, 0xD83A, 0xDD2A, 0xD83A, 0xDD32, 0xD83A, 0xDD22, 0xD83A, 0xDD32, 0xD83A, 0xDD23, 0xD83A, 0xDD2E, 0xD83A, 0xDD45, 0x20, 0xD83A, 0xDD23, 0xD83A, 0xDD2B, 0x20, 0xD83A, 0xDD10, 0xD83A, 0xDD2E, 0xD83A, 0xDD2A, 0xD83A, 0xDD2E, 0xD83A, 0xDD32, 0xD83A, 0xDD3D, 0xD83A, 0xDD22, 0xD83A, 0xDD44));
				if (style == 1) return String(CharArray::of(0xD83A, 0xDD11, 0xD83A, 0xDD2D, 0xD83A, 0xDD36, 0xD83A, 0xDD2E, 0xD83A, 0xDD45, 0xD83A, 0xDD2A, 0xD83A, 0xDD2B, 0x20, 0xD83A, 0xDD16, 0xD83A, 0xDD22, 0xD83A, 0xDD31, 0xD83A, 0xDD2A, 0xD83A, 0xDD35, 0xD83A, 0xDD32, 0xD83A, 0xDD4B, 0xD83A, 0xDD23, 0xD83A, 0xDD2B, 0x20, 0xD83A, 0xDD0A, 0xD83A, 0xDD2B, 0xD83A, 0xDD2A, 0xD83A, 0xDD32, 0xD83A, 0xDD22, 0xD83A, 0xDD32, 0xD83A, 0xDD23, 0xD83A, 0xDD2E, 0xD83A, 0xDD45, 0x20, 0xD83A, 0xDD23, 0xD83A, 0xDD2B, 0x20, 0xD83A, 0xDD10, 0xD83A, 0xDD2E, 0xD83A, 0xDD2A, 0xD83A, 0xDD2E, 0xD83A, 0xDD32, 0xD83A, 0xDD3D, 0xD83A, 0xDD22, 0xD83A, 0xDD44));
				if (style == 2) return String(CharArray::of(0xD83A, 0xDD11, 0xD83A, 0xDD2D, 0xD83A, 0xDD36, 0xD83A, 0xDD2E, 0xD83A, 0xDD45, 0xD83A, 0xDD2A, 0xD83A, 0xDD2B, 0x20, 0xD83A, 0xDD15, 0xD83A, 0xDD2B, 0xD83A, 0xDD45, 0xD83A, 0xDD2F, 0xD83A, 0xDD35, 0x20, 0xD83A, 0xDD0A, 0xD83A, 0xDD2B, 0xD83A, 0xDD2A, 0xD83A, 0xDD32, 0xD83A, 0xDD22, 0xD83A, 0xDD32, 0xD83A, 0xDD23, 0xD83A, 0xDD2E, 0xD83A, 0xDD45, 0x20, 0xD83A, 0xDD23, 0xD83A, 0xDD2B, 0x20, 0xD83A, 0xDD10, 0xD83A, 0xDD2E, 0xD83A, 0xDD2A, 0xD83A, 0xDD2E, 0xD83A, 0xDD32, 0xD83A, 0xDD3D, 0xD83A, 0xDD22, 0xD83A, 0xDD44));
					break;
				case 114: 
				if (style == 0) return String(CharArray::of(0xD83A, 0xDD11, 0xD83A, 0xDD2D, 0xD83A, 0xDD36, 0xD83A, 0xDD2E, 0xD83A, 0xDD45, 0xD83A, 0xDD2A, 0xD83A, 0xDD2B, 0x20, 0xD83A, 0xDD10, 0xD83A, 0xDD2E, 0xD83A, 0xDD3E, 0xD83A, 0xDD2E, 0xD83A, 0xDD27, 0xD83A, 0xDD26, 0xD83A, 0xDD2D, 0xD83A, 0xDD2A, 0xD83A, 0xDD27, 0xD83A, 0xDD2D, 0xD83A, 0xDD33));
				if (style == 1) return String(CharArray::of(0xD83A, 0xDD11, 0xD83A, 0xDD2D, 0xD83A, 0xDD36, 0xD83A, 0xDD2E, 0xD83A, 0xDD45, 0xD83A, 0xDD2A, 0xD83A, 0xDD2B, 0x20, 0xD83A, 0xDD16, 0xD83A, 0xDD22, 0xD83A, 0xDD31, 0xD83A, 0xDD2A, 0xD83A, 0xDD35, 0xD83A, 0xDD32, 0xD83A, 0xDD4B, 0xD83A, 0xDD23, 0xD83A, 0xDD2B, 0x20, 0xD83A, 0xDD10, 0xD83A, 0xDD2E, 0xD83A, 0xDD3E, 0xD83A, 0xDD2E, 0xD83A, 0xDD27, 0xD83A, 0xDD26, 0xD83A, 0xDD2D, 0xD83A, 0xDD2A, 0xD83A, 0xDD27, 0xD83A, 0xDD2D, 0xD83A, 0xDD33));
				if (style == 2) return String(CharArray::of(0xD83A, 0xDD11, 0xD83A, 0xDD2D, 0xD83A, 0xDD36, 0xD83A, 0xDD2E, 0xD83A, 0xDD45, 0xD83A, 0xDD2A, 0xD83A, 0xDD2B, 0x20, 0xD83A, 0xDD15, 0xD83A, 0xDD2B, 0xD83A, 0xDD45, 0xD83A, 0xDD2F, 0xD83A, 0xDD35, 0x20, 0xD83A, 0xDD10, 0xD83A, 0xDD2E, 0xD83A, 0xDD3E, 0xD83A, 0xDD2E, 0xD83A, 0xDD27, 0xD83A, 0xDD26, 0xD83A, 0xDD2D, 0xD83A, 0xDD2A, 0xD83A, 0xDD27, 0xD83A, 0xDD2D, 0xD83A, 0xDD33));
					break;
				case 115: 
				if (style == 0) return String(CharArray::of(0xD83A, 0xDD11, 0xD83A, 0xDD2D, 0xD83A, 0xDD36, 0xD83A, 0xDD2E, 0xD83A, 0xDD45, 0xD83A, 0xDD2A, 0xD83A, 0xDD2B, 0x20, 0xD83A, 0xDD0C, 0xD83A, 0xDD25, 0xD83A, 0xDD27, 0xD83A, 0xDD35, 0xD83A, 0xDD33, 0xD83A, 0xDD35));
				if (style == 1) return String(CharArray::of(0xD83A, 0xDD11, 0xD83A, 0xDD2D, 0xD83A, 0xDD36, 0xD83A, 0xDD2E, 0xD83A, 0xDD45, 0xD83A, 0xDD2A, 0xD83A, 0xDD2B, 0x20, 0xD83A, 0xDD16, 0xD83A, 0xDD22, 0xD83A, 0xDD31, 0xD83A, 0xDD2A, 0xD83A, 0xDD35, 0xD83A, 0xDD32, 0xD83A, 0xDD4B, 0xD83A, 0xDD23, 0xD83A, 0xDD2B, 0x20, 0xD83A, 0xDD0C, 0xD83A, 0xDD25, 0xD83A, 0xDD27, 0xD83A, 0xDD35, 0xD83A, 0xDD33, 0xD83A, 0xDD35));
				if (style == 2) return String(CharArray::of(0xD83A, 0xDD11, 0xD83A, 0xDD2D, 0xD83A, 0xDD36, 0xD83A, 0xDD2E, 0xD83A, 0xDD45, 0xD83A, 0xDD2A, 0xD83A, 0xDD2B, 0x20, 0xD83A, 0xDD15, 0xD83A, 0xDD2B, 0xD83A, 0xDD45, 0xD83A, 0xDD2F, 0xD83A, 0xDD35, 0x20, 0xD83A, 0xDD0C, 0xD83A, 0xDD25, 0xD83A, 0xDD27, 0xD83A, 0xDD35, 0xD83A, 0xDD33, 0xD83A, 0xDD35));
					break;
				case 116: 
				if (style == 0) return String(CharArray::of(0xD83A, 0xDD11, 0xD83A, 0xDD2D, 0xD83A, 0xDD36, 0xD83A, 0xDD2E, 0xD83A, 0xDD45, 0xD83A, 0xDD2A, 0xD83A, 0xDD2B, 0x20, 0xD83A, 0xDD06, 0xD83A, 0xDD22, 0xD83A, 0xDD33, 0xD83A, 0xDD2D, 0xD83A, 0xDD27, 0xD83A, 0xDD3C, 0xD83A, 0xDD22, 0xD83A, 0xDD44, 0xD83A, 0xDD32));
				if (style == 1) return String(CharArray::of(0xD83A, 0xDD11, 0xD83A, 0xDD2D, 0xD83A, 0xDD36, 0xD83A, 0xDD2E, 0xD83A, 0xDD45, 0xD83A, 0xDD2A, 0xD83A, 0xDD2B, 0x20, 0xD83A, 0xDD16, 0xD83A, 0xDD22, 0xD83A, 0xDD31, 0xD83A, 0xDD2A, 0xD83A, 0xDD35, 0xD83A, 0xDD32, 0xD83A, 0xDD4B, 0xD83A, 0xDD23, 0xD83A, 0xDD2B, 0x20, 0xD83A, 0xDD06, 0xD83A, 0xDD22, 0xD83A, 0xDD33, 0xD83A, 0xDD2D, 0xD83A, 0xDD27, 0xD83A, 0xDD3C, 0xD83A, 0xDD22, 0xD83A, 0xDD44, 0xD83A, 0xDD32));
				if (style == 2) return String(CharArray::of(0xD83A, 0xDD11, 0xD83A, 0xDD2D, 0xD83A, 0xDD36, 0xD83A, 0xDD2E, 0xD83A, 0xDD45, 0xD83A, 0xDD2A, 0xD83A, 0xDD2B, 0x20, 0xD83A, 0xDD15, 0xD83A, 0xDD2B, 0xD83A, 0xDD45, 0xD83A, 0xDD2F, 0xD83A, 0xDD35, 0x20, 0xD83A, 0xDD06, 0xD83A, 0xDD22, 0xD83A, 0xDD33, 0xD83A, 0xDD2D, 0xD83A, 0xDD27, 0xD83A, 0xDD3C, 0xD83A, 0xDD22, 0xD83A, 0xDD44, 0xD83A, 0xDD32));
					break;
				case 117: 
				if (style == 1) return String(CharArray::of(0xD83A, 0xDD11, 0xD83A, 0xDD2D, 0xD83A, 0xDD36, 0xD83A, 0xDD2E, 0xD83A, 0xDD45, 0xD83A, 0xDD2A, 0xD83A, 0xDD2B, 0x20, 0xD83A, 0xDD06, 0xD83A, 0xDD2E, 0xD83A, 0xDD24, 0xD83A, 0xDD22, 0xD83A, 0xDD44, 0xD83A, 0xDD31, 0xD83A, 0xDD2E));
					break;
				case 118: 
				if (style == 1) return String(CharArray::of(0xD83A, 0xDD11, 0xD83A, 0xDD2D, 0xD83A, 0xDD36, 0xD83A, 0xDD2E, 0xD83A, 0xDD45, 0xD83A, 0xDD2A, 0xD83A, 0xDD2B, 0x20, 0xD83A, 0xDD06, 0xD83A, 0xDD22, 0xD83A, 0xDD28, 0xD83A, 0xDD35, 0xD83A, 0xDD31, 0xD83A, 0xDD22, 0x20, 0xD83A, 0xDD18, 0xD83A, 0xDD2D, 0xD83A, 0xDD32, 0xD83A, 0xDD2B, 0x20, 0xD83A, 0xDD16, 0xD83A, 0xDD2B, 0xD83A, 0xDD27, 0xD83A, 0xDD2E));
					break;
				case 119: 
				if (style == 0) return String(CharArray::of(0xD83A, 0xDD11, 0xD83A, 0xDD2D, 0xD83A, 0xDD36, 0xD83A, 0xDD2E, 0xD83A, 0xDD45, 0xD83A, 0xDD2A, 0xD83A, 0xDD2B, 0x20, 0xD83A, 0xDD06, 0xD83A, 0xDD22, 0xD83A, 0xDD44, 0xD83A, 0xDD2A, 0xD83A, 0xDD22, 0xD83A, 0xDD3A, 0xD83A, 0xDD2E, 0xD83A, 0xDD34));
				if (style == 1) return String(CharArray::of(0xD83A, 0xDD11, 0xD83A, 0xDD2D, 0xD83A, 0xDD36, 0xD83A, 0xDD2E, 0xD83A, 0xDD45, 0xD83A, 0xDD2A, 0xD83A, 0xDD2B, 0x20, 0xD83A, 0xDD16, 0xD83A, 0xDD22, 0xD83A, 0xDD31, 0xD83A, 0xDD2A, 0xD83A, 0xDD35, 0xD83A, 0xDD32, 0xD83A, 0xDD4B, 0xD83A, 0xDD23, 0xD83A, 0xDD2B, 0x20, 0xD83A, 0xDD06, 0xD83A, 0xDD22, 0xD83A, 0xDD44, 0xD83A, 0xDD2A, 0xD83A, 0xDD22, 0xD83A, 0xDD3A, 0xD83A, 0xDD2E, 0xD83A, 0xDD34));
				if (style == 2) return String(CharArray::of(0xD83A, 0xDD11, 0xD83A, 0xDD2D, 0xD83A, 0xDD36, 0xD83A, 0xDD2E, 0xD83A, 0xDD45, 0xD83A, 0xDD2A, 0xD83A, 0xDD2B, 0x20, 0xD83A, 0xDD15, 0xD83A, 0xDD2B, 0xD83A, 0xDD45, 0xD83A, 0xDD2F, 0xD83A, 0xDD35, 0x20, 0xD83A, 0xDD06, 0xD83A, 0xDD22, 0xD83A, 0xDD44, 0xD83A, 0xDD2A, 0xD83A, 0xDD22, 0xD83A, 0xDD3A, 0xD83A, 0xDD2E, 0xD83A, 0xDD34));
					break;
				case 120: 
				if (style == 0) return String(CharArray::of(0xD83A, 0xDD11, 0xD83A, 0xDD2D, 0xD83A, 0xDD36, 0xD83A, 0xDD2E, 0xD83A, 0xDD45, 0xD83A, 0xDD2A, 0xD83A, 0xDD2B, 0x20, 0xD83A, 0xDD06, 0xD83A, 0xDD2B, 0xD83A, 0xDD2A, 0xD83A, 0xDD35, 0xD83A, 0xDD45));
				if (style == 1) return String(CharArray::of(0xD83A, 0xDD11, 0xD83A, 0xDD2D, 0xD83A, 0xDD36, 0xD83A, 0xDD2E, 0xD83A, 0xDD45, 0xD83A, 0xDD2A, 0xD83A, 0xDD2B, 0x20, 0xD83A, 0xDD16, 0xD83A, 0xDD22, 0xD83A, 0xDD31, 0xD83A, 0xDD2A, 0xD83A, 0xDD35, 0xD83A, 0xDD32, 0xD83A, 0xDD4B, 0xD83A, 0xDD23, 0xD83A, 0xDD2B, 0x20, 0xD83A, 0xDD06, 0xD83A, 0xDD2B, 0xD83A, 0xDD2A, 0xD83A, 0xDD35, 0xD83A, 0xDD45));
				if (style == 2) return String(CharArray::of(0xD83A, 0xDD11, 0xD83A, 0xDD2D, 0xD83A, 0xDD36, 0xD83A, 0xDD2E, 0xD83A, 0xDD45, 0xD83A, 0xDD2A, 0xD83A, 0xDD2B, 0x20, 0xD83A, 0xDD16, 0xD83A, 0xDD22, 0xD83A, 0xDD31, 0xD83A, 0xDD2A, 0xD83A, 0xDD2D, 0xD83A, 0xDD3C, 0xD83A, 0xDD35, 0xD83A, 0xDD32, 0xD83A, 0xDD4B, 0xD83A, 0xDD23, 0xD83A, 0xDD2B, 0x20, 0xD83A, 0xDD15, 0xD83A, 0xDD2B, 0xD83A, 0xDD45, 0xD83A, 0xDD2F, 0xD83A, 0xDD35, 0x20, 0xD83A, 0xDD06, 0xD83A, 0xDD2B, 0xD83A, 0xDD2A, 0xD83A, 0xDD35, 0xD83A, 0xDD45));
					break;
				case 121: 
				if (style == 0) return String(CharArray::of(0xD83A, 0xDD11, 0xD83A, 0xDD2D, 0xD83A, 0xDD36, 0xD83A, 0xDD2E, 0xD83A, 0xDD45, 0xD83A, 0xDD2A, 0xD83A, 0xDD2B, 0x20, 0xD83A, 0xDD0A, 0xD83A, 0xDD2D, 0xD83A, 0xDD24, 0xD83A, 0xDD2D, 0xD83A, 0xDD28, 0xD83A, 0xDD2D, 0xD83A, 0xDD45, 0xD83A, 0xDD32));
				if (style == 1) return String(CharArray::of(0xD83A, 0xDD11, 0xD83A, 0xDD2D, 0xD83A, 0xDD36, 0xD83A, 0xDD2E, 0xD83A, 0xDD45, 0xD83A, 0xDD2A, 0xD83A, 0xDD2B, 0x20, 0xD83A, 0xDD16, 0xD83A, 0xDD22, 0xD83A, 0xDD31, 0xD83A, 0xDD2A, 0xD83A, 0xDD35, 0xD83A, 0xDD32, 0xD83A, 0xDD4B, 0xD83A, 0xDD23, 0xD83A, 0xDD2B, 0x20, 0xD83A, 0xDD0A, 0xD83A, 0xDD2D, 0xD83A, 0xDD24, 0xD83A, 0xDD2D, 0xD83A, 0xDD28, 0xD83A, 0xDD2D, 0xD83A, 0xDD45, 0xD83A, 0xDD32));
				if (style == 2) return String(CharArray::of(0xD83A, 0xDD11, 0xD83A, 0xDD2D, 0xD83A, 0xDD36, 0xD83A, 0xDD2E, 0xD83A, 0xDD45, 0xD83A, 0xDD2A, 0xD83A, 0xDD2B, 0x20, 0xD83A, 0xDD15, 0xD83A, 0xDD2B, 0xD83A, 0xDD45, 0xD83A, 0xDD2F, 0xD83A, 0xDD35, 0x20, 0xD83A, 0xDD0A, 0xD83A, 0xDD2D, 0xD83A, 0xDD24, 0xD83A, 0xDD2D, 0xD83A, 0xDD28, 0xD83A, 0xDD2D, 0xD83A, 0xDD45, 0xD83A, 0xDD32));
					break;
				case 122: 
				if (style == 1) return String(CharArray::of(0xD83A, 0xDD11, 0xD83A, 0xDD2D, 0xD83A, 0xDD36, 0xD83A, 0xDD2E, 0xD83A, 0xDD45, 0xD83A, 0xDD2A, 0xD83A, 0xDD2B, 0x20, 0xD83A, 0xDD15, 0xD83A, 0xDD35, 0xD83A, 0xDD2A, 0xD83A, 0xDD2D, 0xD83A, 0xDD45, 0xD83A, 0xDD36, 0xD83A, 0xDD2B, 0x20, 0xD83A, 0xDD0A, 0xD83A, 0xDD2B, 0xD83A, 0xDD32, 0xD83A, 0xDD2D, 0xD83A, 0xDD33, 0xD83A, 0xDD27, 0xD83A, 0xDD2D));
					break;
				case 123: 
				if (style == 0) return String(CharArray::of(0xD83A, 0xDD11, 0xD83A, 0xDD2D, 0xD83A, 0xDD36, 0xD83A, 0xDD2E, 0xD83A, 0xDD45, 0xD83A, 0xDD2A, 0xD83A, 0xDD2B, 0x20, 0xD83A, 0xDD05, 0xD83A, 0xDD3C, 0x2E, 0x20, 0xD83A, 0xDD06, 0xD83A, 0xDD2D, 0xD83A, 0xDD2A, 0xD83A, 0xDD2B, 0xD83A, 0xDD45, 0xD83A, 0xDD34, 0x20, 0x26, 0x20, 0xD83A, 0xDD03, 0xD83A, 0xDD2D, 0xD83A, 0xDD33, 0xD83A, 0xDD2B, 0xD83A, 0xDD24, 0xD83A, 0xDD2E, 0xD83A, 0xDD32));
				if (style == 1) return String(CharArray::of(0xD83A, 0xDD11, 0xD83A, 0xDD2D, 0xD83A, 0xDD36, 0xD83A, 0xDD2E, 0xD83A, 0xDD45, 0xD83A, 0xDD2A, 0xD83A, 0xDD2B, 0x20, 0xD83A, 0xDD16, 0xD83A, 0xDD22, 0xD83A, 0xDD31, 0xD83A, 0xDD2A, 0xD83A, 0xDD35, 0xD83A, 0xDD32, 0xD83A, 0xDD4B, 0xD83A, 0xDD23, 0xD83A, 0xDD2B, 0x20, 0xD83A, 0xDD05, 0xD83A, 0xDD3C, 0x2E, 0x20, 0xD83A, 0xDD06, 0xD83A, 0xDD2D, 0xD83A, 0xDD34, 0xD83A, 0xDD2B, 0xD83A, 0xDD45, 0xD83A, 0xDD2A, 0x20, 0x26, 0x20, 0xD83A, 0xDD03, 0xD83A, 0xDD2D, 0xD83A, 0xDD33, 0xD83A, 0xDD2B, 0xD83A, 0xDD24, 0xD83A, 0xDD2E, 0xD83A, 0xDD32));
				if (style == 2) return String(CharArray::of(0xD83A, 0xDD11, 0xD83A, 0xDD2D, 0xD83A, 0xDD36, 0xD83A, 0xDD2E, 0xD83A, 0xDD45, 0xD83A, 0xDD2A, 0xD83A, 0xDD2B, 0x20, 0xD83A, 0xDD15, 0xD83A, 0xDD2B, 0xD83A, 0xDD45, 0xD83A, 0xDD2F, 0xD83A, 0xDD35, 0x20, 0xD83A, 0xDD05, 0xD83A, 0xDD3C, 0x2E, 0x20, 0xD83A, 0xDD06, 0xD83A, 0xDD2D, 0xD83A, 0xDD34, 0xD83A, 0xDD2B, 0xD83A, 0xDD45, 0xD83A, 0xDD2A, 0x20, 0x26, 0x20, 0xD83A, 0xDD03, 0xD83A, 0xDD2D, 0xD83A, 0xDD33, 0xD83A, 0xDD2B, 0xD83A, 0xDD24, 0xD83A, 0xDD2E, 0xD83A, 0xDD32));
					break;
				case 124: 
				if (style == 1) return String(CharArray::of(0xD83A, 0xDD11, 0xD83A, 0xDD2D, 0xD83A, 0xDD36, 0xD83A, 0xDD2E, 0xD83A, 0xDD45, 0xD83A, 0xDD2A, 0xD83A, 0xDD2B, 0x20, 0xD83A, 0xDD06, 0xD83A, 0xDD2D, 0xD83A, 0xDD3C, 0xD83A, 0xDD33, 0xD83A, 0xDD2D, 0xD83A, 0xDD45, 0xD83A, 0xDD2A, 0xD83A, 0xDD32, 0xD83A, 0xDD35));
					break;
				case 125: 
				if (style == 1) return String(CharArray::of(0xD83A, 0xDD11, 0xD83A, 0xDD2D, 0xD83A, 0xDD36, 0xD83A, 0xDD2E, 0xD83A, 0xDD45, 0xD83A, 0xDD2A, 0xD83A, 0xDD2B, 0x20, 0xD83A, 0xDD06, 0xD83A, 0xDD2E, 0xD83A, 0xDD32, 0xD83A, 0xDD22, 0xD83A, 0xDD44, 0xD83A, 0xDD28, 0xD83A, 0xDD2B));
					break;
				case 126: 
				if (style == 1) return String(CharArray::of(0xD83A, 0xDD11, 0xD83A, 0xDD2D, 0xD83A, 0xDD36, 0xD83A, 0xDD2E, 0xD83A, 0xDD45, 0xD83A, 0xDD2A, 0xD83A, 0xDD2B, 0x20, 0xD83A, 0xDD06, 0xD83A, 0xDD2D, 0xD83A, 0xDD34, 0xD83A, 0xDD2E, 0xD83A, 0xDD32, 0xD83A, 0xDD34, 0xD83A, 0xDD22, 0xD83A, 0xDD32));
					break;
				case 127: 
				if (style == 0) return String(CharArray::of(0xD83A, 0xDD11, 0xD83A, 0xDD2D, 0xD83A, 0xDD36, 0xD83A, 0xDD2E, 0xD83A, 0xDD45, 0xD83A, 0xDD2A, 0xD83A, 0xDD2B, 0x20, 0xD83A, 0xDD11, 0xD83A, 0xDD2D, 0xD83A, 0xDD36, 0xD83A, 0xDD24, 0xD83A, 0xDD2E, 0xD83A, 0xDD2A, 0xD83A, 0xDD23, 0xD83A, 0xDD22, 0xD83A, 0xDD44));
				if (style == 1) return String(CharArray::of(0xD83A, 0xDD11, 0xD83A, 0xDD2D, 0xD83A, 0xDD36, 0xD83A, 0xDD2E, 0xD83A, 0xDD45, 0xD83A, 0xDD2A, 0xD83A, 0xDD2B, 0x20, 0xD83A, 0xDD16, 0xD83A, 0xDD22, 0xD83A, 0xDD31, 0xD83A, 0xDD2A, 0xD83A, 0xDD35, 0xD83A, 0xDD32, 0xD83A, 0xDD4B, 0xD83A, 0xDD23, 0xD83A, 0xDD2B, 0x20, 0xD83A, 0xDD11, 0xD83A, 0xDD2D, 0xD83A, 0xDD36, 0xD83A, 0xDD24, 0xD83A, 0xDD2E, 0xD83A, 0xDD2A, 0xD83A, 0xDD23, 0xD83A, 0xDD22, 0xD83A, 0xDD44));
				if (style == 2) return String(CharArray::of(0xD83A, 0xDD11, 0xD83A, 0xDD2D, 0xD83A, 0xDD36, 0xD83A, 0xDD2E, 0xD83A, 0xDD45, 0xD83A, 0xDD2A, 0xD83A, 0xDD2B, 0x20, 0xD83A, 0xDD15, 0xD83A, 0xDD2B, 0xD83A, 0xDD45, 0xD83A, 0xDD2F, 0xD83A, 0xDD35, 0x20, 0xD83A, 0xDD11, 0xD83A, 0xDD2D, 0xD83A, 0xDD36, 0xD83A, 0xDD24, 0xD83A, 0xDD2E, 0xD83A, 0xDD2A, 0xD83A, 0xDD23, 0xD83A, 0xDD22, 0xD83A, 0xDD44));
					break;
				case 128: 
				if (style == 1) return String(CharArray::of(0xD83A, 0xDD11, 0xD83A, 0xDD2D, 0xD83A, 0xDD36, 0xD83A, 0xDD2E, 0xD83A, 0xDD45, 0xD83A, 0xDD2A, 0xD83A, 0xDD2B, 0x20, 0xD83A, 0xDD08, 0xD83A, 0xDD2B, 0xD83A, 0xDD32, 0xD83A, 0xDD2D, 0xD83A, 0xDD34, 0xD83A, 0xDD2E, 0xD83A, 0xDD32));
					break;
				case 129: 
				if (style == 1) return String(CharArray::of(0xD83A, 0xDD11, 0xD83A, 0xDD2D, 0xD83A, 0xDD36, 0xD83A, 0xDD2E, 0xD83A, 0xDD45, 0xD83A, 0xDD2A, 0xD83A, 0xDD2B, 0x20, 0xD83A, 0xDD08, 0xD83A, 0xDD2E, 0xD83A, 0xDD3C, 0xD83A, 0xDD2B, 0xD83A, 0xDD2A, 0xD83A, 0xDD22));
					break;
				case 130: 
				if (style == 0) return String(CharArray::of(0xD83A, 0xDD11, 0xD83A, 0xDD2D, 0xD83A, 0xDD36, 0xD83A, 0xDD2E, 0xD83A, 0xDD45, 0xD83A, 0xDD2A, 0xD83A, 0xDD2B, 0x20, 0xD83A, 0xDD05, 0xD83A, 0xDD22, 0xD83A, 0xDD3F, 0xD83A, 0xDD22, 0xD83A, 0xDD24, 0xD83A, 0xDD2D, 0xD83A, 0xDD45, 0xD83A, 0xDD32));
				if (style == 1) return String(CharArray::of(0xD83A, 0xDD11, 0xD83A, 0xDD2D, 0xD83A, 0xDD36, 0xD83A, 0xDD2E, 0xD83A, 0xDD45, 0xD83A, 0xDD2A, 0xD83A, 0xDD2B, 0x20, 0xD83A, 0xDD16, 0xD83A, 0xDD22, 0xD83A, 0xDD31, 0xD83A, 0xDD2A, 0xD83A, 0xDD35, 0xD83A, 0xDD32, 0xD83A, 0xDD4B, 0xD83A, 0xDD23, 0xD83A, 0xDD2B, 0x20, 0xD83A, 0xDD05, 0xD83A, 0xDD22, 0xD83A, 0xDD3F, 0xD83A, 0xDD22, 0xD83A, 0xDD24, 0xD83A, 0xDD2D, 0xD83A, 0xDD45, 0xD83A, 0xDD32));
				if (style == 2) return String(CharArray::of(0xD83A, 0xDD11, 0xD83A, 0xDD2D, 0xD83A, 0xDD36, 0xD83A, 0xDD2E, 0xD83A, 0xDD45, 0xD83A, 0xDD2A, 0xD83A, 0xDD2B, 0x20, 0xD83A, 0xDD15, 0xD83A, 0xDD2B, 0xD83A, 0xDD45, 0xD83A, 0xDD2F, 0xD83A, 0xDD35, 0x20, 0xD83A, 0xDD05, 0xD83A, 0xDD22, 0xD83A, 0xDD3F, 0xD83A, 0xDD22, 0xD83A, 0xDD24, 0xD83A, 0xDD2D, 0xD83A, 0xDD45, 0xD83A, 0xDD32));
					break;
				case 132: 
				if (style == 0) return String(CharArray::of(0xD83A, 0xDD11, 0xD83A, 0xDD2D, 0xD83A, 0xDD36, 0xD83A, 0xDD2E, 0xD83A, 0xDD45, 0xD83A, 0xDD2A, 0xD83A, 0xDD2B, 0x20, 0xD83A, 0xDD05, 0xD83A, 0xDD22, 0xD83A, 0xDD25, 0xD83A, 0xDD35, 0xD83A, 0xDD31, 0xD83A, 0xDD22));
				if (style == 1) return String(CharArray::of(0xD83A, 0xDD11, 0xD83A, 0xDD2D, 0xD83A, 0xDD36, 0xD83A, 0xDD2E, 0xD83A, 0xDD45, 0xD83A, 0xDD2A, 0xD83A, 0xDD2B, 0x20, 0xD83A, 0xDD16, 0xD83A, 0xDD22, 0xD83A, 0xDD31, 0xD83A, 0xDD2A, 0xD83A, 0xDD35, 0xD83A, 0xDD32, 0xD83A, 0xDD4B, 0xD83A, 0xDD23, 0xD83A, 0xDD2B, 0x20, 0xD83A, 0xDD05, 0xD83A, 0xDD22, 0xD83A, 0xDD25, 0xD83A, 0xDD35, 0xD83A, 0xDD31, 0xD83A, 0xDD22));
				if (style == 2) return String(CharArray::of(0xD83A, 0xDD11, 0xD83A, 0xDD2D, 0xD83A, 0xDD36, 0xD83A, 0xDD2E, 0xD83A, 0xDD45, 0xD83A, 0xDD2A, 0xD83A, 0xDD2B, 0x20, 0xD83A, 0xDD15, 0xD83A, 0xDD2B, 0xD83A, 0xDD45, 0xD83A, 0xDD2F, 0xD83A, 0xDD35, 0x20, 0xD83A, 0xDD05, 0xD83A, 0xDD22, 0xD83A, 0xDD25, 0xD83A, 0xDD35, 0xD83A, 0xDD31, 0xD83A, 0xDD22));
					break;
				case 133: 
				if (style == 1) return String(CharArray::of(0xD83A, 0xDD11, 0xD83A, 0xDD2D, 0xD83A, 0xDD36, 0xD83A, 0xDD2E, 0xD83A, 0xDD45, 0xD83A, 0xDD2A, 0xD83A, 0xDD2B, 0x20, 0xD83A, 0xDD05, 0xD83A, 0xDD2B, 0xD83A, 0xDD34, 0xD83A, 0xDD2D, 0xD83A, 0xDD27, 0xD83A, 0xDD2B, 0xD83A, 0xDD24));
					break;
				case 134: 
				if (style == 1) return String(CharArray::of(0xD83A, 0xDD11, 0xD83A, 0xDD2D, 0xD83A, 0xDD36, 0xD83A, 0xDD2E, 0xD83A, 0xDD45, 0xD83A, 0xDD2A, 0xD83A, 0xDD2B, 0x20, 0xD83A, 0xDD16, 0xD83A, 0xDD22, 0xD83A, 0xDD31, 0xD83A, 0xDD2A, 0xD83A, 0xDD35, 0xD83A, 0xDD32, 0xD83A, 0xDD4B, 0xD83A, 0xDD23, 0xD83A, 0xDD2B, 0x20, 0xD83A, 0xDD05, 0xD83A, 0xDD2D, 0xD83A, 0xDD32, 0xD83A, 0xDD3A, 0xD83A, 0xDD22, 0xD83A, 0xDD28, 0xD83A, 0xDD35, 0xD83A, 0xDD45, 0xD83A, 0xDD2A));
					break;
				case 135: 
				if (style == 1) return String(CharArray::of(0xD83A, 0xDD11, 0xD83A, 0xDD2D, 0xD83A, 0xDD36, 0xD83A, 0xDD2E, 0xD83A, 0xDD45, 0xD83A, 0xDD2A, 0xD83A, 0xDD2B, 0x20, 0xD83A, 0xDD15, 0xD83A, 0xDD35, 0xD83A, 0xDD2A, 0xD83A, 0xDD2D, 0xD83A, 0xDD45, 0xD83A, 0xDD36, 0xD83A, 0xDD2B, 0x20, 0xD83A, 0xDD05, 0xD83A, 0xDD35, 0xD83A, 0xDD24, 0xD83A, 0xDD22, 0xD83A, 0xDD34, 0xD83A, 0xDD25, 0xD83A, 0xDD22, 0xD83A, 0xDD44, 0xD83A, 0xDD32));
					break;
				case 136: 
				if (style == 1) return String(CharArray::of(0xD83A, 0xDD11, 0xD83A, 0xDD2D, 0xD83A, 0xDD36, 0xD83A, 0xDD2E, 0xD83A, 0xDD45, 0xD83A, 0xDD2A, 0xD83A, 0xDD2B, 0x20, 0xD83A, 0xDD05, 0xD83A, 0xDD22, 0xD83A, 0xDD31, 0xD83A, 0xDD2C, 0x2D, 0xD83A, 0xDD14, 0xD83A, 0xDD2E, 0xD83A, 0xDD2A, 0xD83A, 0xDD36, 0xD83A, 0xDD2D, 0xD83A, 0xDD34, 0xD83A, 0xDD22, 0xD83A, 0xDD44));
					break;
				case 137: 
				if (style == 1) return String(CharArray::of(0xD83A, 0xDD11, 0xD83A, 0xDD2D, 0xD83A, 0xDD36, 0xD83A, 0xDD2E, 0xD83A, 0xDD45, 0xD83A, 0xDD2A, 0xD83A, 0xDD2B, 0x20, 0xD83A, 0xDD05, 0xD83A, 0xDD2D, 0xD83A, 0xDD2A, 0xD83A, 0xDD2D, 0xD83A, 0xDD32, 0xD83A, 0xDD22, 0xD83A, 0xDD25));
					break;
				case 138: 
				if (style == 1) return String(CharArray::of(0xD83A, 0xDD11, 0xD83A, 0xDD2D, 0xD83A, 0xDD36, 0xD83A, 0xDD2E, 0xD83A, 0xDD45, 0xD83A, 0xDD2A, 0xD83A, 0xDD2B, 0x20, 0xD83A, 0xDD05, 0xD83A, 0xDD22, 0xD83A, 0xDD44, 0xD83A, 0xDD34, 0xD83A, 0xDD35, 0xD83A, 0xDD31, 0xD83A, 0xDD22));
					break;
				case 139: 
				if (style == 1) return String(CharArray::of(0xD83A, 0xDD11, 0xD83A, 0xDD2D, 0xD83A, 0xDD36, 0xD83A, 0xDD2E, 0xD83A, 0xDD45, 0xD83A, 0xDD2A, 0xD83A, 0xDD2B, 0x20, 0xD83A, 0xDD1A, 0xD83A, 0xDD22, 0xD83A, 0xDD38, 0xD83A, 0xDD2D, 0xD83A, 0xDD3C, 0xD83A, 0xDD2D, 0xD83A, 0xDD45));
					break;
				case 140: 
				if (style == 0) return String(CharArray::of(0xD83A, 0xDD11, 0xD83A, 0xDD2D, 0xD83A, 0xDD36, 0xD83A, 0xDD2E, 0xD83A, 0xDD45, 0xD83A, 0xDD2A, 0xD83A, 0xDD2B, 0x20, 0xD83A, 0xDD1A, 0xD83A, 0xDD22, 0xD83A, 0xDD34, 0xD83A, 0xDD28, 0xD83A, 0xDD2B, 0xD83A, 0xDD45));
				if (style == 1) return String(CharArray::of(0xD83A, 0xDD11, 0xD83A, 0xDD2D, 0xD83A, 0xDD36, 0xD83A, 0xDD2E, 0xD83A, 0xDD45, 0xD83A, 0xDD2A, 0xD83A, 0xDD2B, 0x20, 0xD83A, 0xDD16, 0xD83A, 0xDD22, 0xD83A, 0xDD31, 0xD83A, 0xDD2A, 0xD83A, 0xDD35, 0xD83A, 0xDD32, 0xD83A, 0xDD4B, 0xD83A, 0xDD23, 0xD83A, 0xDD2B, 0x20, 0xD83A, 0xDD1A, 0xD83A, 0xDD22, 0xD83A, 0xDD34, 0xD83A, 0xDD28, 0xD83A, 0xDD2B, 0xD83A, 0xDD45));
				if (style == 2) return String(CharArray::of(0xD83A, 0xDD11, 0xD83A, 0xDD2D, 0xD83A, 0xDD36, 0xD83A, 0xDD2E, 0xD83A, 0xDD45, 0xD83A, 0xDD2A, 0xD83A, 0xDD2B, 0x20, 0xD83A, 0xDD15, 0xD83A, 0xDD2B, 0xD83A, 0xDD45, 0xD83A, 0xDD2F, 0xD83A, 0xDD35, 0x20, 0xD83A, 0xDD1A, 0xD83A, 0xDD22, 0xD83A, 0xDD34, 0xD83A, 0xDD28, 0xD83A, 0xDD2B, 0xD83A, 0xDD45));
					break;
				case 141: 
				if (style == 1) return String(CharArray::of(0xD83A, 0xDD11, 0xD83A, 0xDD2D, 0xD83A, 0xDD36, 0xD83A, 0xDD2E, 0xD83A, 0xDD45, 0xD83A, 0xDD2A, 0xD83A, 0xDD2B, 0x20, 0xD83A, 0xDD1A, 0xD83A, 0xDD22, 0xD83A, 0xDD36, 0xD83A, 0xDD2D, 0xD83A, 0xDD33, 0xD83A, 0xDD2D, 0xD83A, 0xDD27, 0xD83A, 0xDD3C, 0xD83A, 0xDD22, 0xD83A, 0xDD44, 0xD83A, 0xDD32));
					break;
				case 142: 
				if (style == 1) return String(CharArray::of(0xD83A, 0xDD11, 0xD83A, 0xDD2D, 0xD83A, 0xDD36, 0xD83A, 0xDD2E, 0xD83A, 0xDD45, 0xD83A, 0xDD2A, 0xD83A, 0xDD2B, 0x20, 0xD83A, 0xDD1A, 0xD83A, 0xDD2E, 0xD83A, 0xDD45, 0xD83A, 0xDD33, 0xD83A, 0xDD2E, 0xD83A, 0xDD24, 0xD83A, 0xDD22, 0xD83A, 0xDD44, 0xD83A, 0xDD31, 0xD83A, 0xDD35));
					break;
				case 143: 
				if (style == 0) return String(CharArray::of(0xD83A, 0xDD11, 0xD83A, 0xDD2D, 0xD83A, 0xDD36, 0xD83A, 0xDD2E, 0xD83A, 0xDD45, 0xD83A, 0xDD2A, 0xD83A, 0xDD2B, 0x20, 0xD83A, 0xDD1A, 0xD83A, 0xDD2E, 0xD83A, 0xDD32, 0xD83A, 0xDD3A, 0xD83A, 0xDD22));
				if (style == 1) return String(CharArray::of(0xD83A, 0xDD11, 0xD83A, 0xDD2D, 0xD83A, 0xDD36, 0xD83A, 0xDD2E, 0xD83A, 0xDD45, 0xD83A, 0xDD2A, 0xD83A, 0xDD2B, 0x20, 0xD83A, 0xDD1A, 0xD83A, 0xDD2E, 0xD83A, 0xDD32, 0xD83A, 0xDD3A, 0xD83A, 0xDD22, 0x20, 0xD83A, 0xDD16, 0xD83A, 0xDD22, 0xD83A, 0xDD31, 0xD83A, 0xDD2A, 0xD83A, 0xDD35, 0xD83A, 0xDD32, 0xD83A, 0xDD4B, 0xD83A, 0xDD23, 0xD83A, 0xDD2B));
				if (style == 2) return String(CharArray::of(0xD83A, 0xDD11, 0xD83A, 0xDD2D, 0xD83A, 0xDD36, 0xD83A, 0xDD2E, 0xD83A, 0xDD45, 0xD83A, 0xDD2A, 0xD83A, 0xDD2B, 0x20, 0xD83A, 0xDD15, 0xD83A, 0xDD2B, 0xD83A, 0xDD45, 0xD83A, 0xDD2F, 0xD83A, 0xDD35, 0x20, 0xD83A, 0xDD1A, 0xD83A, 0xDD2E, 0xD83A, 0xDD32, 0xD83A, 0xDD3A, 0xD83A, 0xDD22));
					break;
				case 144: 
				if (style == 1) return String(CharArray::of(0xD83A, 0xDD11, 0xD83A, 0xDD2D, 0xD83A, 0xDD36, 0xD83A, 0xDD2E, 0xD83A, 0xDD45, 0xD83A, 0xDD2A, 0xD83A, 0xDD2B, 0x20, 0xD83A, 0xDD15, 0xD83A, 0xDD35, 0xD83A, 0xDD45, 0xD83A, 0xDD33, 0xD83A, 0xDD35));
					break;
				case 145: 
				if (style == 0) return String(CharArray::of(0xD83A, 0xDD11, 0xD83A, 0xDD2D, 0xD83A, 0xDD36, 0xD83A, 0xDD2E, 0xD83A, 0xDD45, 0xD83A, 0xDD2A, 0xD83A, 0xDD2B, 0x20, 0xD83A, 0xDD1A, 0xD83A, 0xDD35, 0xD83A, 0xDD2A, 0xD83A, 0xDD33, 0xD83A, 0xDD35, 0xD83A, 0xDD25, 0xD83A, 0xDD2B, 0xD83A, 0xDD32, 0xD83A, 0xDD2D, 0xD83A, 0xDD27, 0xD83A, 0xDD3C, 0xD83A, 0xDD22, 0xD83A, 0xDD44, 0xD83A, 0xDD32));
				if (style == 1) return String(CharArray::of(0xD83A, 0xDD11, 0xD83A, 0xDD2D, 0xD83A, 0xDD36, 0xD83A, 0xDD2E, 0xD83A, 0xDD45, 0xD83A, 0xDD2A, 0xD83A, 0xDD2B, 0x20, 0xD83A, 0xDD16, 0xD83A, 0xDD22, 0xD83A, 0xDD31, 0xD83A, 0xDD2A, 0xD83A, 0xDD35, 0xD83A, 0xDD32, 0xD83A, 0xDD4B, 0xD83A, 0xDD23, 0xD83A, 0xDD2B, 0x20, 0xD83A, 0xDD1A, 0xD83A, 0xDD35, 0xD83A, 0xDD2A, 0xD83A, 0xDD33, 0xD83A, 0xDD35, 0xD83A, 0xDD25, 0xD83A, 0xDD2B, 0xD83A, 0xDD32, 0xD83A, 0xDD2D, 0xD83A, 0xDD27, 0xD83A, 0xDD3C, 0xD83A, 0xDD22, 0xD83A, 0xDD44, 0xD83A, 0xDD32));
				if (style == 2) return String(CharArray::of(0xD83A, 0xDD11, 0xD83A, 0xDD2D, 0xD83A, 0xDD36, 0xD83A, 0xDD2E, 0xD83A, 0xDD45, 0xD83A, 0xDD2A, 0xD83A, 0xDD2B, 0x20, 0xD83A, 0xDD15, 0xD83A, 0xDD2B, 0xD83A, 0xDD45, 0xD83A, 0xDD2F, 0xD83A, 0xDD35, 0x20, 0xD83A, 0xDD1A, 0xD83A, 0xDD35, 0xD83A, 0xDD2A, 0xD83A, 0xDD33, 0xD83A, 0xDD35, 0xD83A, 0xDD25, 0xD83A, 0xDD2B, 0xD83A, 0xDD32, 0xD83A, 0xDD2D, 0xD83A, 0xDD27, 0xD83A, 0xDD3C, 0xD83A, 0xDD22, 0xD83A, 0xDD44, 0xD83A, 0xDD32));
					break;
				case 146: 
				if (style == 1) return String(CharArray::of(0xD83A, 0xDD11, 0xD83A, 0xDD2D, 0xD83A, 0xDD36, 0xD83A, 0xDD2E, 0xD83A, 0xDD45, 0xD83A, 0xDD2A, 0xD83A, 0xDD2B, 0x20, 0xD83A, 0xDD1A, 0xD83A, 0xDD35, 0xD83A, 0xDD45, 0xD83A, 0xDD3E, 0xD83A, 0xDD22, 0xD83A, 0xDD24, 0xD83A, 0xDD35));
					break;
				case 147: 
				if (style == 0) return String(CharArray::of(0xD83A, 0xDD11, 0xD83A, 0xDD2D, 0xD83A, 0xDD36, 0xD83A, 0xDD2E, 0xD83A, 0xDD45, 0xD83A, 0xDD2A, 0xD83A, 0xDD2B, 0x20, 0xD83A, 0xDD12, 0xD83A, 0xDD35, 0xD83A, 0xDD45, 0xD83A, 0xDD2A, 0xD83A, 0xDD3A, 0xD83A, 0xDD2E, 0xD83A, 0xDD34));
				if (style == 1) return String(CharArray::of(0xD83A, 0xDD11, 0xD83A, 0xDD2D, 0xD83A, 0xDD36, 0xD83A, 0xDD2E, 0xD83A, 0xDD45, 0xD83A, 0xDD2A, 0xD83A, 0xDD2B, 0x20, 0xD83A, 0xDD16, 0xD83A, 0xDD22, 0xD83A, 0xDD31, 0xD83A, 0xDD2A, 0xD83A, 0xDD35, 0xD83A, 0xDD32, 0xD83A, 0xDD4B, 0xD83A, 0xDD23, 0xD83A, 0xDD2B, 0x20, 0xD83A, 0xDD12, 0xD83A, 0xDD35, 0xD83A, 0xDD45, 0xD83A, 0xDD2A, 0xD83A, 0xDD3A, 0xD83A, 0xDD2E, 0xD83A, 0xDD34));
				if (style == 2) return String(CharArray::of(0xD83A, 0xDD11, 0xD83A, 0xDD2D, 0xD83A, 0xDD36, 0xD83A, 0xDD2E, 0xD83A, 0xDD45, 0xD83A, 0xDD2A, 0xD83A, 0xDD2B, 0x20, 0xD83A, 0xDD15, 0xD83A, 0xDD2B, 0xD83A, 0xDD45, 0xD83A, 0xDD2F, 0xD83A, 0xDD35, 0x20, 0xD83A, 0xDD12, 0xD83A, 0xDD35, 0xD83A, 0xDD45, 0xD83A, 0xDD2A, 0xD83A, 0xDD3A, 0xD83A, 0xDD2E, 0xD83A, 0xDD34));
					break;
				case 148: 
				if (style == 0) return String(CharArray::of(0xD83A, 0xDD11, 0xD83A, 0xDD2D, 0xD83A, 0xDD36, 0xD83A, 0xDD2E, 0xD83A, 0xDD45, 0xD83A, 0xDD2A, 0xD83A, 0xDD2B, 0x20, 0xD83A, 0xDD13, 0xD83A, 0xDD41, 0xD83A, 0xDD26, 0xD83A, 0xDD2B, 0xD83A, 0xDD33, 0xD83A, 0xDD2D, 0xD83A, 0xDD27, 0xD83A, 0xDD3C, 0xD83A, 0xDD22, 0xD83A, 0xDD44, 0xD83A, 0xDD32));
				if (style == 1) return String(CharArray::of(0xD83A, 0xDD11, 0xD83A, 0xDD2D, 0xD83A, 0xDD36, 0xD83A, 0xDD2E, 0xD83A, 0xDD45, 0xD83A, 0xDD2A, 0xD83A, 0xDD2B, 0x20, 0xD83A, 0xDD16, 0xD83A, 0xDD22, 0xD83A, 0xDD31, 0xD83A, 0xDD2A, 0xD83A, 0xDD35, 0xD83A, 0xDD32, 0xD83A, 0xDD4B, 0xD83A, 0xDD23, 0xD83A, 0xDD2B, 0x20, 0xD83A, 0xDD13, 0xD83A, 0xDD41, 0xD83A, 0xDD26, 0xD83A, 0xDD2B, 0xD83A, 0xDD33, 0xD83A, 0xDD2D, 0xD83A, 0xDD27, 0xD83A, 0xDD3C, 0xD83A, 0xDD22, 0xD83A, 0xDD44, 0xD83A, 0xDD32));
				if (style == 2) return String(CharArray::of(0xD83A, 0xDD11, 0xD83A, 0xDD2D, 0xD83A, 0xDD36, 0xD83A, 0xDD2E, 0xD83A, 0xDD45, 0xD83A, 0xDD2A, 0xD83A, 0xDD2B, 0x20, 0xD83A, 0xDD15, 0xD83A, 0xDD2B, 0xD83A, 0xDD45, 0xD83A, 0xDD2F, 0xD83A, 0xDD35, 0x20, 0xD83A, 0xDD13, 0xD83A, 0xDD41, 0xD83A, 0xDD26, 0xD83A, 0xDD2B, 0xD83A, 0xDD33, 0xD83A, 0xDD2D, 0xD83A, 0xDD27, 0xD83A, 0xDD3C, 0xD83A, 0xDD22, 0xD83A, 0xDD44, 0xD83A, 0xDD32));
					break;
				case 149: 
				if (style == 0) return String(CharArray::of(0xD83A, 0xDD11, 0xD83A, 0xDD2D, 0xD83A, 0xDD36, 0xD83A, 0xDD2E, 0xD83A, 0xDD45, 0xD83A, 0xDD2A, 0xD83A, 0xDD2B, 0x20, 0xD83A, 0xDD1C, 0xD83A, 0xDD22, 0xD83A, 0xDD32, 0xD83A, 0xDD35, 0xD83A, 0xDD31, 0xD83A, 0xDD22, 0xD83A, 0xDD44, 0xD83A, 0xDD3C, 0xD83A, 0xDD35));
				if (style == 1) return String(CharArray::of(0xD83A, 0xDD11, 0xD83A, 0xDD2D, 0xD83A, 0xDD36, 0xD83A, 0xDD2E, 0xD83A, 0xDD45, 0xD83A, 0xDD2A, 0xD83A, 0xDD2B, 0x20, 0xD83A, 0xDD16, 0xD83A, 0xDD22, 0xD83A, 0xDD31, 0xD83A, 0xDD2A, 0xD83A, 0xDD35, 0xD83A, 0xDD32, 0xD83A, 0xDD4B, 0xD83A, 0xDD23, 0xD83A, 0xDD2B, 0x20, 0xD83A, 0xDD1C, 0xD83A, 0xDD22, 0xD83A, 0xDD32, 0xD83A, 0xDD35, 0xD83A, 0xDD31, 0xD83A, 0xDD22, 0xD83A, 0xDD44, 0xD83A, 0xDD3C, 0xD83A, 0xDD35));
				if (style == 2) return String(CharArray::of(0xD83A, 0xDD11, 0xD83A, 0xDD2D, 0xD83A, 0xDD36, 0xD83A, 0xDD2E, 0xD83A, 0xDD45, 0xD83A, 0xDD2A, 0xD83A, 0xDD2B, 0x20, 0xD83A, 0xDD15, 0xD83A, 0xDD2B, 0xD83A, 0xDD45, 0xD83A, 0xDD2F, 0xD83A, 0xDD35, 0x20, 0xD83A, 0xDD1C, 0xD83A, 0xDD22, 0xD83A, 0xDD32, 0xD83A, 0xDD35, 0xD83A, 0xDD31, 0xD83A, 0xDD22, 0xD83A, 0xDD44, 0xD83A, 0xDD3C, 0xD83A, 0xDD35));
					break;
				case 150: 
				if (style == 1) return String(CharArray::of(0xD83A, 0xDD11, 0xD83A, 0xDD2D, 0xD83A, 0xDD36, 0xD83A, 0xDD2E, 0xD83A, 0xDD45, 0xD83A, 0xDD2A, 0xD83A, 0xDD2B, 0x20, 0xD83A, 0xDD1C, 0xD83A, 0xDD2B, 0xD83A, 0xDD32, 0xD83A, 0xDD2D, 0xD83A, 0xDD45, 0xD83A, 0xDD41, 0xD83A, 0xDD2E, 0xD83A, 0xDD45, 0xD83A, 0xDD24, 0xD83A, 0xDD22));
					break;
				case 151: 
				if (style == 0) return String(CharArray::of(0xD83A, 0xDD11, 0xD83A, 0xDD2D, 0xD83A, 0xDD36, 0xD83A, 0xDD2E, 0xD83A, 0xDD45, 0xD83A, 0xDD2A, 0xD83A, 0xDD2B, 0x20, 0xD83A, 0xDD1C, 0xD83A, 0xDD2D, 0xD83A, 0xDD24, 0xD83A, 0xDD22, 0xD83A, 0xDD3E, 0xD83A, 0xDD2E, 0xD83A, 0xDD27, 0xD83A, 0xDD3C, 0xD83A, 0xDD2E, 0xD83A, 0xDD33));
				if (style == 1) return String(CharArray::of(0xD83A, 0xDD11, 0xD83A, 0xDD2D, 0xD83A, 0xDD36, 0xD83A, 0xDD2E, 0xD83A, 0xDD45, 0xD83A, 0xDD2A, 0xD83A, 0xDD2B, 0x20, 0xD83A, 0xDD16, 0xD83A, 0xDD22, 0xD83A, 0xDD31, 0xD83A, 0xDD2A, 0xD83A, 0xDD35, 0xD83A, 0xDD32, 0xD83A, 0xDD4B, 0xD83A, 0xDD23, 0xD83A, 0xDD2B, 0x20, 0xD83A, 0xDD1C, 0xD83A, 0xDD2D, 0xD83A, 0xDD24, 0xD83A, 0xDD22, 0xD83A, 0xDD3E, 0xD83A, 0xDD2E, 0xD83A, 0xDD27, 0xD83A, 0xDD3C, 0xD83A, 0xDD2E, 0xD83A, 0xDD33));
				if (style == 2) return String(CharArray::of(0xD83A, 0xDD11, 0xD83A, 0xDD2D, 0xD83A, 0xDD36, 0xD83A, 0xDD2E, 0xD83A, 0xDD45, 0xD83A, 0xDD2A, 0xD83A, 0xDD2B, 0x20, 0xD83A, 0xDD15, 0xD83A, 0xDD2B, 0xD83A, 0xDD45, 0xD83A, 0xDD2F, 0xD83A, 0xDD35, 0x20, 0xD83A, 0xDD1C, 0xD83A, 0xDD2D, 0xD83A, 0xDD24, 0xD83A, 0xDD22, 0xD83A, 0xDD3E, 0xD83A, 0xDD2E, 0xD83A, 0xDD27, 0xD83A, 0xDD3C, 0xD83A, 0xDD2E, 0xD83A, 0xDD33));
					break;
				case 152: 
				if (style == 0) return String(CharArray::of(0xD83A, 0xDD11, 0xD83A, 0xDD2D, 0xD83A, 0xDD36, 0xD83A, 0xDD2E, 0xD83A, 0xDD45, 0xD83A, 0xDD2A, 0xD83A, 0xDD2B, 0x20, 0xD83A, 0xDD1C, 0xD83A, 0xDD2E, 0xD83A, 0xDD24, 0xD83A, 0xDD3A, 0xD83A, 0xDD2E, 0xD83A, 0xDD3A, 0xD83A, 0xDD22, 0xD83A, 0xDD2A, 0xD83A, 0xDD22, 0xD83A, 0xDD44, 0xD83A, 0xDD23));
				if (style == 1) return String(CharArray::of(0xD83A, 0xDD11, 0xD83A, 0xDD2D, 0xD83A, 0xDD36, 0xD83A, 0xDD2E, 0xD83A, 0xDD45, 0xD83A, 0xDD2A, 0xD83A, 0xDD2B, 0x20, 0xD83A, 0xDD16, 0xD83A, 0xDD22, 0xD83A, 0xDD31, 0xD83A, 0xDD2A, 0xD83A, 0xDD35, 0xD83A, 0xDD32, 0xD83A, 0xDD4B, 0xD83A, 0xDD23, 0xD83A, 0xDD2B, 0x20, 0xD83A, 0xDD1C, 0xD83A, 0xDD2E, 0xD83A, 0xDD24, 0xD83A, 0xDD3A, 0xD83A, 0xDD2E, 0xD83A, 0xDD3A, 0xD83A, 0xDD22, 0xD83A, 0xDD2A, 0xD83A, 0xDD22, 0xD83A, 0xDD44, 0xD83A, 0xDD23));
				if (style == 2) return String(CharArray::of(0xD83A, 0xDD11, 0xD83A, 0xDD2D, 0xD83A, 0xDD36, 0xD83A, 0xDD2E, 0xD83A, 0xDD45, 0xD83A, 0xDD2A, 0xD83A, 0xDD2B, 0x20, 0xD83A, 0xDD15, 0xD83A, 0xDD2B, 0xD83A, 0xDD45, 0xD83A, 0xDD2F, 0xD83A, 0xDD35, 0x20, 0xD83A, 0xDD1C, 0xD83A, 0xDD2E, 0xD83A, 0xDD24, 0xD83A, 0xDD3A, 0xD83A, 0xDD2E, 0xD83A, 0xDD3A, 0xD83A, 0xDD22, 0xD83A, 0xDD2A, 0xD83A, 0xDD22, 0xD83A, 0xDD44, 0xD83A, 0xDD23));
					break;
				case 153: 
				if (style == 1) return String(CharArray::of(0xD83A, 0xDD11, 0xD83A, 0xDD2D, 0xD83A, 0xDD36, 0xD83A, 0xDD2E, 0xD83A, 0xDD45, 0xD83A, 0xDD2A, 0xD83A, 0xDD2B, 0x20, 0xD83A, 0xDD1C, 0xD83A, 0xDD2E, 0xD83A, 0xDD27, 0xD83A, 0xDD3C, 0xD83A, 0xDD2E, 0xD83A, 0xDD33));
					break;
				case 154: 
				if (style == 1) return String(CharArray::of(0xD83A, 0xDD11, 0xD83A, 0xDD2D, 0xD83A, 0xDD36, 0xD83A, 0xDD2E, 0xD83A, 0xDD45, 0xD83A, 0xDD2A, 0xD83A, 0xDD2B, 0x20, 0xD83A, 0xDD05, 0xD83A, 0xDD35, 0xD83A, 0xDD2A, 0xD83A, 0xDD2D, 0xD83A, 0xDD45, 0xD83A, 0xDD2A, 0xD83A, 0xDD2B, 0x20, 0xD83A, 0xDD0F, 0xD83A, 0xDD2B, 0xD83A, 0xDD45, 0xD83A, 0xDD33, 0xD83A, 0xDD35));
					break;
				case 155: 
				if (style == 1) return String(CharArray::of(0xD83A, 0xDD11, 0xD83A, 0xDD2D, 0xD83A, 0xDD36, 0xD83A, 0xDD2E, 0xD83A, 0xDD45, 0xD83A, 0xDD2A, 0xD83A, 0xDD2B, 0x20, 0xD83A, 0xDD0F, 0xD83A, 0xDD22, 0xD83A, 0xDD24, 0xD83A, 0xDD46, 0xD83A, 0xDD2D, 0xD83A, 0xDD45, 0xD83A, 0xDD27, 0x20, 0x26, 0x20, 0xD83A, 0xDD0A, 0xD83A, 0xDD35, 0xD83A, 0xDD3C, 0xD83A, 0xDD35, 0xD83A, 0xDD32, 0xD83A, 0xDD22));
					break;
				case 156: 
				if (style == 0) return String(CharArray::of(0xD83A, 0xDD11, 0xD83A, 0xDD2D, 0xD83A, 0xDD36, 0xD83A, 0xDD2E, 0xD83A, 0xDD45, 0xD83A, 0xDD2A, 0xD83A, 0xDD2B, 0x20, 0xD83A, 0xDD12, 0xD83A, 0xDD22, 0xD83A, 0xDD33, 0xD83A, 0xDD22, 0xD83A, 0xDD3C, 0xD83A, 0xDD2D, 0xD83A, 0xDD27, 0xD83A, 0xDD33, 0xD83A, 0xDD35));
				if (style == 1) return String(CharArray::of(0xD83A, 0xDD11, 0xD83A, 0xDD2D, 0xD83A, 0xDD36, 0xD83A, 0xDD2E, 0xD83A, 0xDD45, 0xD83A, 0xDD2A, 0xD83A, 0xDD2B, 0x20, 0xD83A, 0xDD16, 0xD83A, 0xDD22, 0xD83A, 0xDD31, 0xD83A, 0xDD2A, 0xD83A, 0xDD35, 0xD83A, 0xDD32, 0xD83A, 0xDD4B, 0xD83A, 0xDD23, 0xD83A, 0xDD2B, 0x20, 0xD83A, 0xDD12, 0xD83A, 0xDD22, 0xD83A, 0xDD33, 0xD83A, 0xDD22, 0xD83A, 0xDD3C, 0xD83A, 0xDD2D, 0xD83A, 0xDD27, 0xD83A, 0xDD33, 0xD83A, 0xDD35));
				if (style == 2) return String(CharArray::of(0xD83A, 0xDD11, 0xD83A, 0xDD2D, 0xD83A, 0xDD36, 0xD83A, 0xDD2E, 0xD83A, 0xDD45, 0xD83A, 0xDD2A, 0xD83A, 0xDD2B, 0x20, 0xD83A, 0xDD15, 0xD83A, 0xDD2B, 0xD83A, 0xDD45, 0xD83A, 0xDD2F, 0xD83A, 0xDD35, 0x20, 0xD83A, 0xDD12, 0xD83A, 0xDD22, 0xD83A, 0xDD33, 0xD83A, 0xDD22, 0xD83A, 0xDD3C, 0xD83A, 0xDD2D, 0xD83A, 0xDD27, 0xD83A, 0xDD33, 0xD83A, 0xDD35));
					break;
				case 157: 
				if (style == 0) return String(CharArray::of(0xD83A, 0xDD11, 0xD83A, 0xDD2D, 0xD83A, 0xDD36, 0xD83A, 0xDD2E, 0xD83A, 0xDD45, 0xD83A, 0xDD2A, 0xD83A, 0xDD2B, 0x20, 0xD83A, 0xDD12, 0xD83A, 0xDD2B, 0xD83A, 0xDD33, 0xD83A, 0xDD22, 0xD83A, 0xDD3C, 0xD83A, 0xDD2B, 0xD83A, 0xDD2A, 0xD83A, 0xDD2D, 0xD83A, 0xDD32, 0xD83A, 0xDD26, 0xD83A, 0xDD35, 0xD83A, 0xDD2A, 0xD83A, 0xDD3A, 0xD83A, 0xDD35));
				if (style == 1) return String(CharArray::of(0xD83A, 0xDD11, 0xD83A, 0xDD2D, 0xD83A, 0xDD36, 0xD83A, 0xDD2E, 0xD83A, 0xDD45, 0xD83A, 0xDD2A, 0xD83A, 0xDD2B, 0x20, 0xD83A, 0xDD16, 0xD83A, 0xDD22, 0xD83A, 0xDD31, 0xD83A, 0xDD2A, 0xD83A, 0xDD35, 0xD83A, 0xDD32, 0xD83A, 0xDD4B, 0xD83A, 0xDD23, 0xD83A, 0xDD2B, 0x20, 0xD83A, 0xDD12, 0xD83A, 0xDD2B, 0xD83A, 0xDD33, 0xD83A, 0xDD22, 0xD83A, 0xDD3C, 0xD83A, 0xDD2B, 0xD83A, 0xDD2A, 0xD83A, 0xDD2D, 0xD83A, 0xDD32, 0xD83A, 0xDD26, 0xD83A, 0xDD35, 0xD83A, 0xDD2A, 0xD83A, 0xDD3A, 0xD83A, 0xDD35));
				if (style == 2) return String(CharArray::of(0xD83A, 0xDD11, 0xD83A, 0xDD2D, 0xD83A, 0xDD36, 0xD83A, 0xDD2E, 0xD83A, 0xDD45, 0xD83A, 0xDD2A, 0xD83A, 0xDD2B, 0x20, 0xD83A, 0xDD15, 0xD83A, 0xDD2B, 0xD83A, 0xDD45, 0xD83A, 0xDD2F, 0xD83A, 0xDD35, 0x20, 0xD83A, 0xDD12, 0xD83A, 0xDD2B, 0xD83A, 0xDD33, 0xD83A, 0xDD22, 0xD83A, 0xDD3C, 0xD83A, 0xDD2B, 0xD83A, 0xDD2A, 0xD83A, 0xDD2D, 0xD83A, 0xDD32, 0xD83A, 0xDD26, 0xD83A, 0xDD35, 0xD83A, 0xDD2A, 0xD83A, 0xDD3A, 0xD83A, 0xDD35));
					break;
            default: break;
            }
            return String();
        }
        
        String Ff_Adlm::timezonePattern(gint type) const {
            switch(type){
				case 1: return String(CharArray::of(0xD83A, 0xDD11, 0xD83A, 0xDD16, 0xD83A, 0xDD18, 0x7B, 0x30, 0x7D));
				case 2: return String(CharArray::of(0xD83A, 0xDD11, 0xD83A, 0xDD16, 0xD83A, 0xDD18));
				case 3: return String(CharArray::of(0x7B, 0x30, 0x7D, 0x20, 0xD83A, 0xDD11, 0xD83A, 0xDD2D, 0xD83A, 0xDD36, 0xD83A, 0xDD2E, 0xD83A, 0xDD45, 0xD83A, 0xDD2A, 0xD83A, 0xDD2B));
            default: break;
            }
            return String();
        }
    }
}
        