
#include "kxv.h"
#include <core/StringArray.h>


// :::::::::::::::::::::::::::::::::::::::::::::::::::::::::::::::::::::::::::::::::::::::::::::::::
// This file has been Generated by CldrGen.py
// :::::::::::::::::::::::::::::::::::::::::::::::::::::::::::::::::::::::::::::::::::::::::::::::::


namespace core {
    using namespace util;
    namespace locales {
        
        String Kxv::displayLanguage(gint language, gint script, gint region) const {
            switch(language) {
				case 8: return String(CharArray::of(0x61, 0x70, 0x72, 0x69, 0x6B, 0x61, 0x61, 0x6E, 0x73));
				case 19: return String(CharArray::of(0x61, 0x61, 0x72, 0x6D, 0x65, 0x6E, 0x69, 0x61));
				case 25: 
					if (region == 0) return String(CharArray::of(0x70, 0x75, 0x6E, 0x69, 0x6A, 0x75, 0x67, 0x61, 0x20, 0x6D, 0x0101, 0x6E, 0x0101, 0x6E, 0x6B, 0x61, 0x20, 0x61, 0x72, 0x61, 0x62, 0x69, 0x63));
					return String(CharArray::of(0x61, 0x72, 0x61, 0x62, 0x69, 0x63));
				case 35: return String(CharArray::of(0x61, 0x61, 0x73, 0x61, 0x6D, 0x69, 0x73));
				case 44: return String(CharArray::of(0x61, 0x6A, 0x65, 0x72, 0x62, 0x61, 0x69, 0x6A, 0x61, 0x6E, 0x69));
				case 53: return String(CharArray::of(0x62, 0x65, 0x6C, 0x61, 0x72, 0x75, 0x73, 0x69, 0x61, 0x74, 0x69));
				case 60: return String(CharArray::of(0x62, 0x75, 0x6C, 0x67, 0x65, 0x72, 0x69, 0x61, 0x74, 0x69));
				case 74: return String(CharArray::of(0x62, 0x61, 0x6E, 0x67, 0x61, 0x6C, 0x69));
				case 75: return String(CharArray::of(0x74, 0x69, 0x62, 0x65, 0x74, 0x012B));
				case 81: return String(CharArray::of(0x62, 0x6F, 0x1E0D, 0x6F));
				case 82: return String(CharArray::of(0x62, 0x61, 0x6A, 0x6E, 0x69, 0x61, 0x74, 0x69));
				case 89: return String(CharArray::of(0x6B, 0x65, 0x1E6D, 0x65, 0x6C, 0x61, 0x6E));
				case 106: return String(CharArray::of(0x63, 0x65, 0x72, 0x6F, 0x6B, 0x012B));
				case 123: return String(CharArray::of(0x63, 0x65, 0x6B));
				case 130: return String(CharArray::of(0x64, 0x65, 0x6E, 0x69, 0x73));
				case 134: 
					if (region == 75) return String(CharArray::of(0x73, 0x76, 0x69, 0x73, 0x20, 0x68, 0x69, 0x67, 0x68, 0x20, 0x6A, 0x65, 0x72, 0x6D, 0x61, 0x6E));
					if (region == 43) return String(CharArray::of(0x61, 0x75, 0x73, 0x1E6D, 0x72, 0x69, 0x61, 0x74, 0x69, 0x20, 0x6A, 0x65, 0x72, 0x6D, 0x61, 0x6E));
					return String(CharArray::of(0x6A, 0x65, 0x72, 0x6D, 0x61, 0x6E));
				case 140: return String(CharArray::of(0x1E0D, 0x6F, 0x67, 0x72, 0x69));
				case 156: return String(CharArray::of(0x67, 0x72, 0x012B, 0x6B));
				case 158: 
					if (region == 276) return String(CharArray::of(0x61, 0x6D, 0x65, 0x72, 0x69, 0x6B, 0x61, 0x74, 0x69, 0x20, 0x69, 0x6E, 0x67, 0x72, 0x61, 0x6A, 0x012B));
					if (region == 116) return String(CharArray::of(0x62, 0x72, 0x69, 0x1E6D, 0x69, 0x73, 0x74, 0x69, 0x20, 0x69, 0x6E, 0x67, 0x72, 0x61, 0x6A, 0x012B));
					if (region == 70) return String(CharArray::of(0x6B, 0x61, 0x6E, 0x61, 0x1E0D, 0x61, 0x74, 0x69, 0x20, 0x69, 0x6E, 0x67, 0x61, 0x72, 0x6A, 0x012B));
					if (region == 44) return String(CharArray::of(0x61, 0x75, 0x73, 0x1E6D, 0x72, 0x65, 0x6C, 0x69, 0x61, 0x74, 0x69, 0x20, 0x69, 0x6E, 0x67, 0x61, 0x72, 0x6A, 0x012B));
					return String(CharArray::of(0x69, 0x6E, 0x67, 0x72, 0x61, 0x6A, 0x012B));
				case 161: 
					if (region == 197) return String(CharArray::of(0x6D, 0x65, 0x6B, 0x73, 0x69, 0x6B, 0x6F, 0x74, 0x69, 0x20, 0x73, 0x70, 0x65, 0x6E, 0x69, 0x73));
					if (region == 105) return String(CharArray::of(0x79, 0x75, 0x72, 0x6F, 0x70, 0x012B, 0x79, 0x61, 0x74, 0x69, 0x20, 0x73, 0x70, 0x65, 0x6E, 0x69, 0x73));
					if (region == 30) return String(CharArray::of(0x6C, 0x61, 0x1E6D, 0x69, 0x6E, 0x20, 0x61, 0x6D, 0x65, 0x72, 0x69, 0x63, 0x61, 0x74, 0x69, 0x20, 0x73, 0x70, 0x65, 0x6E, 0x69, 0x73));
					return String(CharArray::of(0x73, 0x70, 0x65, 0x6E, 0x69, 0x73));
				case 163: return String(CharArray::of(0x65, 0x73, 0x1E6D, 0x6F, 0x6E, 0x69, 0x79, 0x61, 0x74, 0x69));
				case 164: return String(CharArray::of(0x62, 0x61, 0x73, 0x6B));
				case 167: 
					if (region == 34) return String(CharArray::of(0x1E0D, 0x61, 0x72, 0x69));
					return String(CharArray::of(0x70, 0x65, 0x72, 0x73, 0x69, 0x61, 0x74, 0x69));
				case 171: return String(CharArray::of(0x70, 0x69, 0x6E, 0x6E, 0x69, 0x73));
				case 172: return String(CharArray::of(0x70, 0x69, 0x6C, 0x69, 0x70, 0x69, 0x6E, 0x6F));
				case 177: 
					if (region == 75) return String(CharArray::of(0x73, 0x76, 0x69, 0x73, 0x20, 0x70, 0x72, 0x65, 0x6E, 0x63));
					if (region == 70) return String(CharArray::of(0x6B, 0x61, 0x6E, 0x61, 0x1E0D, 0x61, 0x74, 0x69, 0x20, 0x70, 0x72, 0x65, 0x6E, 0x63));
					return String(CharArray::of(0x70, 0x72, 0x65, 0x6E, 0x63));
				case 196: return String(CharArray::of(0x67, 0x61, 0x6C, 0x65, 0x73, 0x69, 0x61, 0x74, 0x69));
				case 207: return String(CharArray::of(0x67, 0x75, 0x6A, 0x72, 0x61, 0x1E6D, 0x012B));
				case 219: return String(CharArray::of(0x68, 0x69, 0x62, 0x72, 0x75));
				case 220: 
					if (script == 92) return String(CharArray::of(0x68, 0x69, 0x6E, 0x64, 0x69));break;
				case 227: return String(CharArray::of(0x6B, 0x72, 0x6F, 0x65, 0x73, 0x69, 0x61, 0x74, 0x69));
				case 231: return String(CharArray::of(0x68, 0x6E, 0x67, 0x65, 0x72, 0x69, 0x79, 0x61, 0x74, 0x69));
				case 234: return String(CharArray::of(0x61, 0x61, 0x72, 0x6D, 0x65, 0x6E, 0x69, 0x61, 0x74, 0x69));
				case 239: return String(CharArray::of(0x69, 0x6E, 0x1E0D, 0x6F, 0x6E, 0x65, 0x73, 0x69, 0x79, 0x61, 0x74, 0x69));
				case 250: return String(CharArray::of(0x61, 0x69, 0x73, 0x6C, 0x61, 0x6E, 0x1E0D, 0x69, 0x6B));
				case 251: return String(CharArray::of(0x69, 0x1E6D, 0x61, 0x6C, 0x69, 0x74, 0x69));
				case 255: return String(CharArray::of(0x6A, 0x61, 0x70, 0x61, 0x6E, 0x69, 0x6A));
				case 265: return String(CharArray::of(0x6A, 0x6F, 0x72, 0x6A, 0x69, 0x61, 0x74, 0x69));
				case 288: return String(CharArray::of(0x6B, 0x6A, 0x61, 0x61, 0x6B));
				case 292: return String(CharArray::of(0x6B, 0x6D, 0x65, 0x72));
				case 294: return String(CharArray::of(0x6B, 0x6E, 0x6E, 0x61, 0x1E0D, 0x61));
				case 295: return String(CharArray::of(0x6B, 0x6F, 0x72, 0x69, 0x61, 0x74, 0x69));
				case 297: return String(CharArray::of(0x6B, 0x6F, 0x6E, 0x6B, 0x61, 0x6E, 0x012B));
				case 306: return String(CharArray::of(0x6B, 0x61, 0x73, 0x6D, 0x012B, 0x72, 0x012B));
				case 316: return String(CharArray::of(0x6B, 0x75, 0x76, 0x69));
				case 317: return String(CharArray::of(0x6B, 0x79, 0x72, 0x67, 0x79, 0x6A));
				case 335: return String(CharArray::of(0x6C, 0x61, 0x6F));
				case 341: return String(CharArray::of(0x6C, 0x69, 0x74, 0x75, 0x61, 0x6E, 0x69, 0x79, 0x61, 0x74, 0x69));
				case 350: return String(CharArray::of(0x6C, 0x61, 0x1E6D, 0x76, 0x69, 0x61, 0x74, 0x69));
				case 356: return String(CharArray::of(0x6D, 0x61, 0x69, 0x74, 0x69, 0x6C, 0x012B));
				case 375: return String(CharArray::of(0x6D, 0x65, 0x73, 0x69, 0x1E0D, 0x6F, 0x6E, 0x69, 0x79, 0x61, 0x74, 0x69));
				case 376: return String(CharArray::of(0x6D, 0x61, 0x6C, 0x79, 0x61, 0x6C, 0x61, 0x6D));
				case 377: return String(CharArray::of(0x6D, 0x6F, 0x6E, 0x67, 0x6F, 0x6C, 0x69, 0x79, 0x61, 0x74, 0x69));
				case 379: return String(CharArray::of(0x6D, 0x61, 0x1E47, 0x69, 0x70, 0x75, 0x72, 0x012B));
				case 383: return String(CharArray::of(0x6D, 0x61, 0x72, 0x61, 0x1E6D, 0x69));
				case 385: return String(CharArray::of(0x6D, 0x61, 0x6C, 0x65, 0x69));
				case 393: return String(CharArray::of(0x62, 0x75, 0x72, 0x6D, 0x69, 0x6A));
				case 401: return String(CharArray::of(0x6E, 0x6F, 0x72, 0x76, 0x65, 0x6A, 0x69, 0x61, 0x74, 0x69, 0x20, 0x62, 0x016B, 0x6B, 0x6D, 0x61, 0x6C));
				case 404: return String(CharArray::of(0x6E, 0x65, 0x70, 0x61, 0x1E37, 0x012B));
				case 410: 
					if (region == 51) return String(CharArray::of(0x76, 0x6C, 0x61, 0x61, 0x6D, 0x73));
					return String(CharArray::of(0x1E0D, 0x63));
				case 438: return String(CharArray::of(0x6F, 0x1E0D, 0x69, 0x61, 0x61));
				case 442: return String(CharArray::of(0x70, 0x6E, 0x6A, 0x61, 0x62, 0x012B));
				case 457: return String(CharArray::of(0x70, 0x6F, 0x6C, 0x69, 0x73));
				case 465: 
					if (region == 224) return String(CharArray::of(0x79, 0x75, 0x72, 0x6F, 0x70, 0x012B, 0x79, 0x61, 0x74, 0x69, 0x20, 0x70, 0x6F, 0x72, 0x74, 0x75, 0x67, 0x012B, 0x6A));
					if (region == 62) return String(CharArray::of(0x62, 0x72, 0x61, 0x6A, 0x69, 0x6C, 0x69, 0x61, 0x6E, 0x20, 0x70, 0x6F, 0x72, 0x74, 0x75, 0x67, 0x012B, 0x6A));
					return String(CharArray::of(0x70, 0x6F, 0x72, 0x74, 0x75, 0x67, 0x012B, 0x6A));
				case 477: 
					if (region == 179) return String(CharArray::of(0x6D, 0x6F, 0x6C, 0x1E0D, 0x61, 0x76, 0x69, 0x61, 0x74, 0x69));
					return String(CharArray::of(0x72, 0x6F, 0x6D, 0x61, 0x6E, 0x69, 0x79, 0x61, 0x74, 0x69));
				case 482: return String(CharArray::of(0x72, 0x75, 0x73, 0x69, 0x79, 0x61, 0x74, 0x69));
				case 488: return String(CharArray::of(0x73, 0x61, 0x6E, 0x73, 0x6B, 0x72, 0x69, 0x74));
				case 494: return String(CharArray::of(0x73, 0x61, 0x6E, 0x74, 0x61, 0x6C, 0x012B));
				case 501: return String(CharArray::of(0x73, 0x69, 0x6E, 0x64, 0x69));
				case 517: return String(CharArray::of(0x73, 0x69, 0x6E, 0x68, 0x61, 0x6C, 0x69));
				case 519: return String(CharArray::of(0x73, 0x6C, 0x6F, 0x76, 0x61, 0x6B));
				case 521: return String(CharArray::of(0x73, 0x6C, 0x6F, 0x76, 0x65, 0x6E, 0x69, 0x79, 0x61, 0x74, 0x69));
				case 534: return String(CharArray::of(0x61, 0x6C, 0x62, 0x61, 0x6E, 0x69, 0x79, 0x61, 0x74, 0x69));
				case 535: return String(CharArray::of(0x73, 0x61, 0x72, 0x62, 0x69, 0x79, 0x61, 0x74, 0x69));
				case 547: return String(CharArray::of(0x73, 0x76, 0x69, 0x1E0D, 0x69, 0x73));
				case 548: 
					if (region == 72) return String(CharArray::of(0x6B, 0x6F, 0x6E, 0x67, 0x6F, 0x20, 0x73, 0x76, 0x61, 0x68, 0x69, 0x6C, 0x69));
					return String(CharArray::of(0x73, 0x76, 0x61, 0x68, 0x69, 0x6C, 0x69));
				case 553: return String(CharArray::of(0x74, 0x61, 0x6D, 0x69, 0x1E37));
				case 556: return String(CharArray::of(0x74, 0x65, 0x6C, 0x75, 0x67, 0x75));
				case 563: return String(CharArray::of(0x74, 0x61, 0x65));
				case 581: return String(CharArray::of(0x74, 0x75, 0x72, 0x6B, 0x69, 0x73));
				case 601: return String(CharArray::of(0x79, 0x75, 0x6B, 0x72, 0x61, 0x6E, 0x69, 0x79, 0x61, 0x74, 0x69));
				case 604: return String(CharArray::of(0x75, 0x72, 0x64, 0x75));
				case 605: return String(CharArray::of(0x75, 0x6A, 0x62, 0x65, 0x6B));
				case 610: return String(CharArray::of(0x76, 0x69, 0x65, 0x74, 0x6E, 0x61, 0x61, 0x6D, 0x74, 0x69));
				case 629: return String(CharArray::of(0x6B, 0x61, 0x6E, 0x67, 0x72, 0x69));
				case 645: 
					if (script == 61) return String(CharArray::of(0x68, 0x69, 0x72, 0x75, 0x64, 0x6C, 0x75, 0x20, 0x63, 0x61, 0x69, 0x6E, 0x61, 0x74, 0x69));
					if (script == 60) return String(CharArray::of(0x73, 0x61, 0x68, 0x61, 0x6A, 0x20, 0x63, 0x61, 0x69, 0x6E, 0x61, 0x74, 0x69));
					return String(CharArray::of(0x63, 0x61, 0x69, 0x6E, 0x61, 0x74, 0x69));
				case 646: return String(CharArray::of(0x6A, 0x75, 0x6C, 0x75));
            default: break;
            }
            return String();
        }
        
        String Kxv::displayScript(gint script) const {
            switch(script) {
				case 4: return String(CharArray::of(0x61, 0x61, 0x72, 0x61, 0x62, 0x69, 0x63));
				case 13: return String(CharArray::of(0x62, 0x61, 0x6E, 0x67, 0x61, 0x6C, 0x012B));
				case 17: return String(CharArray::of(0x62, 0x72, 0x61, 0x68, 0x6D, 0x69));
				case 25: return String(CharArray::of(0x63, 0x65, 0x72, 0x6F, 0x6B, 0x012B));
				case 31: return String(CharArray::of(0x73, 0x69, 0x72, 0x69, 0x6C, 0x69, 0x6B));
				case 33: return String(CharArray::of(0x64, 0x65, 0x76, 0x6E, 0x61, 0x67, 0x72, 0x012B));
				case 53: return String(CharArray::of(0x67, 0x75, 0x6A, 0x72, 0x61, 0x1E6D, 0x012B));
				case 55: return String(CharArray::of(0x67, 0x75, 0x72, 0x6D, 0x75, 0x6B, 0x012B));
				case 60: return String(CharArray::of(0x73, 0x61, 0x68, 0x61, 0x6A));
				case 61: return String(CharArray::of(0x68, 0x69, 0x72, 0x75, 0x64, 0x6C, 0x75));
				case 83: return String(CharArray::of(0x6B, 0x6E, 0x6E, 0x61, 0x1E0D, 0x61));
				case 92: return String(CharArray::of(0x6C, 0x61, 0x1E6D, 0x69, 0x6E));
				case 111: return String(CharArray::of(0x6D, 0x61, 0x6C, 0x61, 0x79, 0x61, 0x6C, 0x61, 0x6D));
				case 131: return String(CharArray::of(0x6F, 0x1E0D, 0x69, 0x61, 0x61));
				case 153: return String(CharArray::of(0x73, 0x61, 0x75, 0x72, 0x61, 0x73, 0x74, 0x72, 0x61));
				case 175: return String(CharArray::of(0x74, 0x61, 0x6D, 0x69, 0x1E37));
				case 178: return String(CharArray::of(0x74, 0x65, 0x6C, 0x75, 0x67, 0x75));
				case 206: return String(CharArray::of(0x72, 0x61, 0x63, 0x69, 0x61, 0x61, 0x68, 0x61, 0x6C, 0x65, 0x65));
				case 208: return String(CharArray::of(0x70, 0x75, 0x1E47, 0x0101, 0x0101, 0x74, 0x69, 0x61, 0x6B, 0x72));
            default: break;
            }
            return String();
        }
        
        String Kxv::displayCountry(gint region) const {
            switch(region) {

				case 0: return String(CharArray::of(0x72, 0x61, 0x6A, 0x69, 0x2C, 0x20, 0x70, 0x75, 0x72, 0x74, 0x69));

				case 30: return String(CharArray::of(0x6C, 0x61, 0x1E6D, 0x69, 0x6E, 0x20, 0x61, 0x6D, 0x65, 0x72, 0x69, 0x6B, 0x61));

				case 32: return String(CharArray::of(0x0101, 0x6E, 0x1E0D, 0x6F, 0x72, 0x0101));

				case 33: return String(CharArray::of(0x61, 0x61, 0x6E, 0x1E0D, 0x69, 0x74, 0x69, 0x20, 0x61, 0x72, 0x61, 0x62, 0x20, 0x65, 0x6D, 0x69, 0x72, 0x65, 0x1E6D, 0x73));

				case 34: return String(CharArray::of(0x61, 0x61, 0x70, 0x67, 0x61, 0x6E, 0x69, 0x73, 0x74, 0x61, 0x6E));

				case 35: return String(CharArray::of(0x65, 0x1E47, 0x1E6D, 0x69, 0x67, 0x61, 0x61, 0x20, 0x61, 0x1E0D, 0x65, 0x20, 0x62, 0x61, 0x72, 0x62, 0x75, 0x1E0D, 0x61, 0x61));

				case 36: return String(CharArray::of(0x61, 0x6E, 0x67, 0x75, 0x69, 0x6C, 0x61));

				case 37: return String(CharArray::of(0x61, 0x6C, 0x62, 0x61, 0x6E, 0x69, 0x61));

				case 38: return String(CharArray::of(0x61, 0x61, 0x72, 0x6D, 0x65, 0x6E, 0x69, 0x61));

				case 39: return String(CharArray::of(0x61, 0x6E, 0x67, 0x6F, 0x6C, 0x61));

				case 40: return String(CharArray::of(0x0101, 0x6E, 0x1E6D, 0x61, 0x72, 0x6B, 0x1E6D, 0x69, 0x6B, 0x0101));

				case 41: return String(CharArray::of(0x61, 0x61, 0x72, 0x68, 0x65, 0x6E, 0x1E6D, 0x69, 0x6E, 0x61));

				case 42: return String(CharArray::of(0x61, 0x6D, 0x65, 0x72, 0x69, 0x6B, 0x61, 0x74, 0x69, 0x20, 0x73, 0x61, 0x6D, 0x76, 0x61));

				case 43: return String(CharArray::of(0x61, 0x75, 0x73, 0x74, 0x72, 0x69, 0x61));

				case 44: return String(CharArray::of(0x61, 0x73, 0x74, 0x72, 0x65, 0x6C, 0x69, 0x61));

				case 45: return String(CharArray::of(0x61, 0x72, 0x75, 0x62, 0x61));

				case 46: return String(CharArray::of(0x65, 0x6C, 0x65, 0x1E47, 0x1E0D, 0x20, 0x64, 0x012B, 0x70));

				case 47: return String(CharArray::of(0x61, 0x6A, 0x65, 0x72, 0x62, 0x61, 0x69, 0x6A, 0x61, 0x6E));

				case 48: return String(CharArray::of(0x62, 0x61, 0x6A, 0x6E, 0x69, 0x61, 0x20, 0x61, 0x1E0D, 0x65, 0x20, 0x68, 0x65, 0x72, 0x74, 0x73, 0x65, 0x67, 0x6F, 0x76, 0x69, 0x6E, 0x61));

				case 49: return String(CharArray::of(0x62, 0x61, 0x72, 0x62, 0x61, 0x1E0D, 0x6F, 0x73));

				case 50: return String(CharArray::of(0x62, 0x61, 0x6E, 0x67, 0x6C, 0x61, 0x64, 0x65, 0x73));

				case 51: return String(CharArray::of(0x62, 0x65, 0x6C, 0x6A, 0x69, 0x79, 0x6D));

				case 52: return String(CharArray::of(0x62, 0x75, 0x72, 0x6B, 0x69, 0x6E, 0x61, 0x20, 0x70, 0x61, 0x73, 0x6F));

				case 53: return String(CharArray::of(0x62, 0x75, 0x6C, 0x67, 0x61, 0x72, 0x69, 0x61));

				case 54: return String(CharArray::of(0x62, 0x0101, 0x72, 0x65, 0x6E));

				case 55: return String(CharArray::of(0x62, 0x75, 0x72, 0x75, 0x1E47, 0x1E0D, 0x012B));

				case 56: return String(CharArray::of(0x62, 0x65, 0x6E, 0x012B, 0x6E));

				case 57: return String(CharArray::of(0x73, 0x65, 0x20, 0x62, 0x61, 0x72, 0x1E6D, 0x65, 0x6C, 0x65, 0x6D, 0x69));

				case 58: return String(CharArray::of(0x62, 0x65, 0x72, 0x6D, 0x75, 0x1E0D, 0x0101));

				case 59: return String(CharArray::of(0x62, 0x72, 0x75, 0x6E, 0x61, 0x65));

				case 60: return String(CharArray::of(0x62, 0x6F, 0x6C, 0x69, 0x76, 0x69, 0x0101));

				case 61: return String(CharArray::of(0x6B, 0x61, 0x72, 0x69, 0x62, 0x69, 0x79, 0x6E, 0x20, 0x6E, 0x65, 0x64, 0x72, 0x6C, 0x65, 0x6E, 0x64, 0x73));

				case 62: return String(CharArray::of(0x62, 0x72, 0x0101, 0x6A, 0x69, 0x6C));

				case 63: return String(CharArray::of(0x62, 0x0101, 0x68, 0x0101, 0x6D, 0x0101, 0x73));

				case 64: return String(CharArray::of(0x62, 0x75, 0x1E6D, 0x0101, 0x6E));

				case 67: return String(CharArray::of(0x62, 0x6F, 0x1E6D, 0x73, 0x76, 0x61, 0x6E, 0x61));

				case 68: return String(CharArray::of(0x62, 0x65, 0x6C, 0x61, 0x72, 0x016B, 0x73));

				case 69: return String(CharArray::of(0x62, 0x65, 0x6C, 0x012B, 0x6A));

				case 70: return String(CharArray::of(0x6B, 0x61, 0x6E, 0x61, 0x1E0D, 0x61));

				case 71: return String(CharArray::of(0x6B, 0x6F, 0x6B, 0x6F, 0x73, 0x20, 0x6B, 0x65, 0x6C, 0x69, 0x6E, 0x67, 0x20, 0x64, 0x012B, 0x70));

				case 72: return String(CharArray::of(0x6B, 0x6F, 0x6E, 0x67, 0x6F, 0x20, 0x2D, 0x20, 0x6B, 0x69, 0x6E, 0x73, 0x61, 0x73, 0x61));

				case 73: return String(CharArray::of(0x6D, 0x61, 0x64, 0x69, 0x6E, 0x69, 0x20, 0x61, 0x61, 0x70, 0x72, 0x69, 0x6B, 0x61, 0x20, 0x72, 0x65, 0x70, 0x75, 0x62, 0x6C, 0x69, 0x6B));

				case 74: return String(CharArray::of(0x6B, 0x6F, 0x6E, 0x67, 0x6F, 0x20, 0x2D, 0x20, 0x62, 0x72, 0x61, 0x6A, 0x61, 0x76, 0x69, 0x6C));

				case 75: return String(CharArray::of(0x73, 0x76, 0x69, 0x74, 0x6A, 0x65, 0x72, 0x6C, 0x61, 0x1E47, 0x1E0D));

				case 76: return String(CharArray::of(0x6B, 0x6F, 0x1E6D, 0x20, 0x1E0D, 0x69, 0x20, 0x76, 0x61, 0x61));

				case 77: return String(CharArray::of(0x6B, 0x75, 0x6B, 0x20, 0x64, 0x012B, 0x70));

				case 78: return String(CharArray::of(0x63, 0x69, 0x6C, 0x69));

				case 79: return String(CharArray::of(0x6B, 0x65, 0x6D, 0x61, 0x72, 0x75, 0x6E));

				case 80: return String(CharArray::of(0x63, 0x61, 0x69, 0x6E, 0x61));

				case 81: return String(CharArray::of(0x6B, 0x6F, 0x6C, 0x6D, 0x62, 0x69, 0x61, 0x61));

				case 84: return String(CharArray::of(0x6B, 0x6F, 0x73, 0x74, 0x61, 0x20, 0x72, 0x69, 0x6B, 0x61));

				case 85: return String(CharArray::of(0x6B, 0x79, 0x75, 0x62, 0x61));

				case 86: return String(CharArray::of(0x6B, 0x65, 0x70, 0x20, 0x76, 0x72, 0x1E0D, 0x69));

				case 87: return String(CharArray::of(0x6B, 0x79, 0x75, 0x72, 0x61, 0x73, 0x61, 0x6F));

				case 88: return String(CharArray::of(0x6B, 0x72, 0x69, 0x73, 0x74, 0x6D, 0x61, 0x73, 0x20, 0x64, 0x012B, 0x70));

				case 89: return String(CharArray::of(0x73, 0x61, 0x69, 0x70, 0x72, 0x61, 0x73));

				case 90: return String(CharArray::of(0x63, 0x65, 0x6B, 0x69, 0x79, 0x61));

				case 92: return String(CharArray::of(0x6A, 0x65, 0x72, 0x6D, 0x61, 0x6E, 0x012B));

				case 93: return String(CharArray::of(0x1E0D, 0x69, 0x65, 0x67, 0x6F, 0x20, 0x67, 0x61, 0x72, 0x73, 0x69, 0x61));

				case 94: return String(CharArray::of(0x6A, 0x69, 0x62, 0x75, 0x74, 0x012B));

				case 95: return String(CharArray::of(0x1E0D, 0x65, 0x6E, 0x6D, 0x61, 0x72, 0x6B));

				case 96: return String(CharArray::of(0x64, 0x6F, 0x6D, 0x69, 0x6E, 0x69, 0x6B, 0x61));

				case 97: return String(CharArray::of(0x64, 0x6F, 0x6D, 0x69, 0x6E, 0x69, 0x6B, 0x61, 0x6E, 0x20, 0x72, 0x65, 0x70, 0x75, 0x62, 0x6C, 0x69, 0x6B));

				case 98: return String(CharArray::of(0x61, 0x6C, 0x6A, 0x012B, 0x72, 0x69, 0x61, 0x61));

				case 99: return String(CharArray::of(0x73, 0x65, 0x75, 0x1E6D, 0x61, 0x20, 0x61, 0x1E0D, 0x65, 0x20, 0x6D, 0x65, 0x6C, 0x69, 0x6C, 0x61));

				case 100: return String(CharArray::of(0x65, 0x6B, 0x76, 0x61, 0x1E0D, 0x6F, 0x72));

				case 101: return String(CharArray::of(0x65, 0x73, 0x1E6D, 0x6F, 0x6E, 0x69, 0x79, 0x61));

				case 102: return String(CharArray::of(0x012B, 0x6A, 0x69, 0x70, 0x1E6D));

				case 103: return String(CharArray::of(0x76, 0x65, 0x64, 0x61, 0x6B, 0x75, 0x1E47, 0x70, 0x75, 0x20, 0x73, 0x61, 0x68, 0x61, 0x72, 0x61));

				case 104: return String(CharArray::of(0x012B, 0x72, 0x69, 0x1E6D, 0x72, 0x69, 0x61, 0x61));

				case 105: return String(CharArray::of(0x73, 0x70, 0x65, 0x69, 0x6E));

				case 106: return String(CharArray::of(0x012B, 0x74, 0x69, 0x79, 0x6F, 0x70, 0x69, 0x79, 0x61));

				case 109: return String(CharArray::of(0x70, 0x69, 0x6E, 0x6C, 0x61, 0x1E47, 0x64));

				case 110: return String(CharArray::of(0x70, 0x69, 0x6A, 0x69));

				case 111: return String(CharArray::of(0x70, 0x61, 0x6B, 0x6C, 0x61, 0x1E47, 0x64, 0x20, 0x64, 0x012B, 0x70));

				case 112: return String(CharArray::of(0x6D, 0x69, 0x63, 0x72, 0x6F, 0x6E, 0x65, 0x73, 0x69, 0x61, 0x61));

				case 113: return String(CharArray::of(0x70, 0x0113, 0x72, 0x6F, 0x20, 0x64, 0x012B, 0x70));

				case 114: return String(CharArray::of(0x70, 0x72, 0x61, 0x6E, 0x73));

				case 115: return String(CharArray::of(0x67, 0x62, 0x6F, 0x6E));

				case 116: return String(CharArray::of(0x75, 0x6E, 0x69, 0x1E6D, 0x65, 0x1E0D, 0x20, 0x6B, 0x69, 0x6E, 0x67, 0x1E0D, 0x6F, 0x6D));

				case 117: return String(CharArray::of(0x67, 0x72, 0x61, 0x6E, 0x65, 0x69, 0x64, 0x61));

				case 118: return String(CharArray::of(0x6A, 0x65, 0x6F, 0x72, 0x6A, 0x69, 0x61, 0x61));

				case 119: return String(CharArray::of(0x70, 0x72, 0x65, 0x6E, 0x63, 0x20, 0x67, 0x75, 0x69, 0x79, 0x61, 0x6E, 0x61));

				case 120: return String(CharArray::of(0x67, 0x72, 0x6E, 0x73, 0x65));

				case 121: return String(CharArray::of(0x67, 0x61, 0x6E, 0x61));

				case 122: return String(CharArray::of(0x6A, 0x62, 0x72, 0x61, 0x6C, 0x1E6D, 0x72));

				case 123: return String(CharArray::of(0x67, 0x72, 0x012B, 0x6E, 0x6C, 0x61, 0x6E, 0x1E0D));

				case 124: return String(CharArray::of(0x67, 0x61, 0x6D, 0x62, 0x69, 0x61));

				case 125: return String(CharArray::of(0x67, 0x69, 0x6E, 0x69));

				case 126: return String(CharArray::of(0x67, 0x76, 0x61, 0x64, 0x65, 0x6C, 0x75, 0x70));

				case 127: return String(CharArray::of(0x69, 0x6B, 0x76, 0x65, 0x1E6D, 0x6F, 0x72, 0x69, 0x61, 0x6C, 0x20, 0x67, 0x69, 0x6E, 0x69));

				case 128: return String(CharArray::of(0x67, 0x72, 0x012B, 0x73));

				case 129: return String(CharArray::of(0x64, 0x61, 0x6B, 0x69, 0x1E47, 0x20, 0x6A, 0x0101, 0x72, 0x6A, 0x69, 0x0101, 0x20, 0x61, 0x1E0D, 0x65, 0x20, 0x64, 0x61, 0x6B, 0x69, 0x1E47, 0x20, 0x73, 0x61, 0x6E, 0x64, 0x77, 0x69, 0x63, 0x68, 0x20, 0x64, 0x012B, 0x70));

				case 130: return String(CharArray::of(0x67, 0x76, 0x61, 0x1E6D, 0x65, 0x6D, 0x61, 0x6C, 0x61));

				case 131: return String(CharArray::of(0x67, 0x75, 0x0101, 0x6D));

				case 132: return String(CharArray::of(0x67, 0x69, 0x6E, 0x69, 0x2D, 0x62, 0x69, 0x73, 0x61, 0x75));

				case 133: return String(CharArray::of(0x67, 0x75, 0x79, 0x61, 0x6E, 0x61));

				case 134: return String(CharArray::of(0x68, 0x6F, 0x6E, 0x67, 0x20, 0x6B, 0x6F, 0x6E, 0x67, 0x20, 0x28, 0x73, 0x61, 0x72, 0x29, 0x20, 0x63, 0x61, 0x69, 0x6E, 0x61));

				case 136: return String(CharArray::of(0x68, 0x6F, 0x6E, 0x1E0D, 0x75, 0x72, 0x61, 0x73));

				case 137: return String(CharArray::of(0x6B, 0x72, 0x6F, 0x65, 0x73, 0x69, 0x61));

				case 138: return String(CharArray::of(0x68, 0x61, 0x69, 0x74, 0x69));

				case 139: return String(CharArray::of(0x68, 0x75, 0x6E, 0x67, 0x61, 0x72, 0x012B));

				case 140: return String(CharArray::of(0x6B, 0x61, 0x6E, 0x61, 0x72, 0x69, 0x20, 0x64, 0x012B, 0x70));

				case 141: return String(CharArray::of(0x69, 0x6E, 0x1E0D, 0x6F, 0x6E, 0x65, 0x73, 0x69, 0x79, 0x61));

				case 142: return String(CharArray::of(0x61, 0x61, 0x79, 0x61, 0x72, 0x6C, 0x61, 0x6E, 0x1E0D));

				case 143: return String(CharArray::of(0x69, 0x73, 0x72, 0x61, 0x65, 0x6C));

				case 144: return String(CharArray::of(0x61, 0x61, 0x69, 0x6C, 0x20, 0x0101, 0x70, 0x20, 0x6D, 0x61, 0x6E));

				case 145: return String(CharArray::of(0x69, 0x6E, 0x1E0D, 0x69, 0x0101));

				case 146: return String(CharArray::of(0x62, 0x72, 0x69, 0x1E6D, 0x69, 0x73, 0x20, 0x69, 0x6E, 0x1E0D, 0x69, 0x0101, 0x74, 0x69, 0x20, 0x73, 0x61, 0x6D, 0x75, 0x64, 0x72, 0x61, 0x20, 0x68, 0x61, 0x6E, 0x64, 0x69));

				case 147: return String(CharArray::of(0x69, 0x72, 0x61, 0x6B));

				case 148: return String(CharArray::of(0x69, 0x72, 0x61, 0x6E));

				case 149: return String(CharArray::of(0x61, 0x69, 0x73, 0x6C, 0x61, 0x6E, 0x1E0D));

				case 150: return String(CharArray::of(0x69, 0x1E6D, 0x61, 0x6C, 0x012B));

				case 151: return String(CharArray::of(0x6A, 0x65, 0x72, 0x73, 0x012B));

				case 152: return String(CharArray::of(0x6A, 0x61, 0x6D, 0x61, 0x69, 0x6B, 0x61));

				case 153: return String(CharArray::of(0x6A, 0x6F, 0x72, 0x1E0D, 0x61, 0x6E));

				case 154: return String(CharArray::of(0x6A, 0x61, 0x70, 0x61, 0x6E));

				case 155: return String(CharArray::of(0x6B, 0x65, 0x6E, 0x79, 0x61));

				case 156: return String(CharArray::of(0x6B, 0x69, 0x72, 0x67, 0x69, 0x73, 0x74, 0x61, 0x6E));

				case 157: return String(CharArray::of(0x6B, 0x61, 0x6D, 0x62, 0x6F, 0x1E0D, 0x69, 0x61));

				case 158: return String(CharArray::of(0x6B, 0x69, 0x72, 0x69, 0x62, 0x61, 0x1E6D, 0x69));

				case 159: return String(CharArray::of(0x6B, 0x6F, 0x6D, 0x6F, 0x72, 0x6F, 0x73));

				case 160: return String(CharArray::of(0x73, 0x65, 0x69, 0x6E, 0x74, 0x20, 0x6B, 0x69, 0x1E6D, 0x73, 0x20, 0x0101, 0x1E0D, 0x65, 0x20, 0x6E, 0x65, 0x62, 0x69, 0x73));

				case 161: return String(CharArray::of(0x75, 0x74, 0x74, 0x61, 0x72, 0x20, 0x6B, 0x6F, 0x72, 0x69, 0x79, 0x61));

				case 162: return String(CharArray::of(0x64, 0x6B, 0x69, 0x1E47, 0x20, 0x6B, 0x6F, 0x72, 0x69, 0x79, 0x61, 0x61));

				case 163: return String(CharArray::of(0x6B, 0x75, 0x76, 0x65, 0x74));

				case 164: return String(CharArray::of(0x6B, 0x65, 0x69, 0x6D, 0x65, 0x6E, 0x20, 0x64, 0x012B, 0x70));

				case 165: return String(CharArray::of(0x6B, 0x61, 0x6A, 0x61, 0x6B, 0x73, 0x74, 0x61, 0x6E));

				case 166: return String(CharArray::of(0x6C, 0x61, 0x6F, 0x73));

				case 167: return String(CharArray::of(0x6C, 0x65, 0x62, 0x61, 0x6E, 0x6F, 0x6E));

				case 168: return String(CharArray::of(0x73, 0x65, 0x69, 0x6E, 0x74, 0x20, 0x6C, 0x75, 0x73, 0x69, 0x79, 0x61));

				case 169: return String(CharArray::of(0x6C, 0x69, 0x6B, 0x1E6D, 0x65, 0x6E, 0x73, 0x1E6D, 0x65, 0x69, 0x6E));

				case 170: return String(CharArray::of(0x73, 0x72, 0x69, 0x20, 0x6C, 0x61, 0x6E, 0x6B, 0x61));

				case 171: return String(CharArray::of(0x6C, 0x61, 0x69, 0x62, 0x65, 0x72, 0x012B, 0x79, 0x61));

				case 172: return String(CharArray::of(0x6C, 0x65, 0x73, 0x6F, 0x74, 0x68, 0x6F));

				case 173: return String(CharArray::of(0x6C, 0x69, 0x1E6D, 0x75, 0x61, 0x61, 0x6E, 0x69, 0x61));

				case 174: return String(CharArray::of(0x6C, 0x6B, 0x73, 0x65, 0x6D, 0x62, 0x6F, 0x72, 0x67));

				case 175: return String(CharArray::of(0x6C, 0x61, 0x1E6D, 0x76, 0x69, 0x79, 0x61));

				case 176: return String(CharArray::of(0x6C, 0x69, 0x62, 0x79, 0x61));

				case 177: return String(CharArray::of(0x6D, 0x6F, 0x72, 0x6B, 0x6B, 0x6F));

				case 178: return String(CharArray::of(0x6D, 0x6F, 0x6E, 0x61, 0x6B, 0x6F));

				case 179: return String(CharArray::of(0x6D, 0x6F, 0x6C, 0x1E0D, 0x6F, 0x76, 0x61, 0x61));

				case 180: return String(CharArray::of(0x6D, 0x6F, 0x6E, 0x1E6D, 0x65, 0x6E, 0x65, 0x67, 0x72, 0x6F));

				case 181: return String(CharArray::of(0x73, 0x65, 0x69, 0x6E, 0x74, 0x20, 0x6D, 0x61, 0x72, 0x74, 0x69, 0x6E));

				case 182: return String(CharArray::of(0x6D, 0x61, 0x64, 0x61, 0x67, 0x61, 0x73, 0x63, 0x61, 0x72));

				case 183: return String(CharArray::of(0x6D, 0x61, 0x72, 0x73, 0x61, 0x6C, 0x6C, 0x20, 0x64, 0x012B, 0x70));

				case 184: return String(CharArray::of(0x75, 0x74, 0x74, 0x61, 0x72, 0x20, 0x6D, 0x65, 0x73, 0x69, 0x1E0D, 0x6F, 0x6E, 0x69, 0x79, 0x61));

				case 185: return String(CharArray::of(0x6D, 0x61, 0x6C, 0x69));

				case 186: return String(CharArray::of(0x6D, 0x79, 0x61, 0x6E, 0x6D, 0x61, 0x72, 0x20, 0x28, 0x62, 0x72, 0x6D, 0x61, 0x29));

				case 187: return String(CharArray::of(0x6D, 0x6F, 0x6E, 0x67, 0x6F, 0x6C, 0x69, 0x61));

				case 188: return String(CharArray::of(0x6D, 0x61, 0x6B, 0x61, 0x6F, 0x20, 0x73, 0x61, 0x72, 0x20, 0x63, 0x69, 0x6E, 0x61));

				case 189: return String(CharArray::of(0x75, 0x74, 0x74, 0x61, 0x72, 0x20, 0x6D, 0x61, 0x72, 0x69, 0x79, 0x61, 0x6E, 0x61, 0x20, 0x64, 0x012B, 0x70));

				case 190: return String(CharArray::of(0x6D, 0x61, 0x72, 0x1E6D, 0x69, 0x6E, 0x69, 0x6B));

				case 191: return String(CharArray::of(0x6D, 0x61, 0x75, 0x72, 0x69, 0x1E6D, 0x61, 0x6E, 0x69, 0x79, 0x61));

				case 192: return String(CharArray::of(0x6D, 0x6F, 0x6E, 0x1E6D, 0x73, 0x65, 0x72, 0x72, 0x61, 0x72, 0x1E6D));

				case 193: return String(CharArray::of(0x6D, 0x61, 0x6C, 0x1E6D, 0x61, 0x61));

				case 194: return String(CharArray::of(0x6D, 0x61, 0x75, 0x72, 0x69, 0x73, 0x73));

				case 195: return String(CharArray::of(0x6D, 0x0101, 0x6C, 0x64, 0x012B, 0x70));

				case 196: return String(CharArray::of(0x6D, 0x61, 0x6C, 0x61, 0x76, 0x012B));

				case 197: return String(CharArray::of(0x6D, 0x65, 0x6B, 0x73, 0x012B, 0x6B, 0x6F));

				case 198: return String(CharArray::of(0x6D, 0x61, 0x6C, 0x65, 0x73, 0x65, 0x0101, 0x0101));

				case 199: return String(CharArray::of(0x6D, 0x6F, 0x6A, 0x61, 0x6D, 0x62, 0x69, 0x6B));

				case 200: return String(CharArray::of(0x6E, 0x61, 0x6D, 0x69, 0x62, 0x69, 0x61));

				case 201: return String(CharArray::of(0x6E, 0x79, 0x75, 0x20, 0x6B, 0x65, 0x6C, 0x65, 0x1E0D, 0x6F, 0x6E, 0x69, 0x79, 0x61));

				case 202: return String(CharArray::of(0x6E, 0x61, 0x012B, 0x6A, 0x72));

				case 203: return String(CharArray::of(0x6E, 0x6F, 0x72, 0x70, 0x6F, 0x6B, 0x20, 0x64, 0x012B, 0x70));

				case 204: return String(CharArray::of(0x6E, 0x61, 0x69, 0x67, 0x65, 0x72, 0x69, 0x61));

				case 205: return String(CharArray::of(0x6E, 0x69, 0x6B, 0x61, 0x72, 0x61, 0x67, 0x75, 0x61, 0x61));

				case 206: return String(CharArray::of(0x6E, 0x65, 0x64, 0x65, 0x72, 0x6C, 0x61, 0x6E, 0x1E0D, 0x73));

				case 207: return String(CharArray::of(0x6E, 0x6F, 0x72, 0x76, 0x61, 0x79));

				case 208: return String(CharArray::of(0x6E, 0x65, 0x70, 0x61, 0x6C));

				case 209: return String(CharArray::of(0x6E, 0x61, 0x75, 0x72, 0x75));

				case 210: return String(CharArray::of(0x6E, 0x69, 0x79, 0x75));

				case 211: return String(CharArray::of(0x6E, 0x79, 0x75, 0x20, 0x6A, 0x012B, 0x6C, 0x61, 0x6E, 0x1E0D));

				case 212: return String(CharArray::of(0x6F, 0x6D, 0x61, 0x6E));

				case 213: return String(CharArray::of(0x70, 0x61, 0x6E, 0x65, 0x6D, 0x61));

				case 214: return String(CharArray::of(0x70, 0x65, 0x72, 0x75));

				case 215: return String(CharArray::of(0x70, 0x72, 0x65, 0x6E, 0x63));

				case 216: return String(CharArray::of(0x70, 0x61, 0x70, 0x75, 0x61, 0x20, 0x6E, 0x79, 0x75, 0x20, 0x67, 0x69, 0x6E, 0x69));

				case 217: return String(CharArray::of(0x70, 0x69, 0x6C, 0x69, 0x70, 0x70, 0x69, 0x6E, 0x65, 0x73));

				case 218: return String(CharArray::of(0x70, 0x61, 0x6B, 0x69, 0x73, 0x74, 0x61, 0x6E));

				case 219: return String(CharArray::of(0x70, 0x6F, 0x6C, 0x61, 0x6E, 0x1E0D));

				case 220: return String(CharArray::of(0x73, 0x65, 0x69, 0x6E, 0x74, 0x20, 0x70, 0x69, 0x65, 0x72, 0x72, 0x69, 0x20, 0x61, 0x6E, 0x64, 0x65, 0x20, 0x6D, 0x69, 0x6B, 0x65, 0x6C, 0x6F, 0x6E));

				case 221: return String(CharArray::of(0x70, 0x69, 0x1E6D, 0x6B, 0x61, 0x72, 0x6E, 0x20, 0x64, 0x012B, 0x70));

				case 222: return String(CharArray::of(0x70, 0x75, 0x65, 0x72, 0x74, 0x6F, 0x20, 0x72, 0x69, 0x63, 0x6F));

				case 223: return String(CharArray::of(0x70, 0x61, 0x6C, 0x65, 0x73, 0x1E6D, 0x69, 0x61, 0x74, 0x69, 0x20, 0x68, 0x61, 0x6E, 0x64, 0x69));

				case 224: return String(CharArray::of(0x70, 0x6F, 0x72, 0x74, 0x75, 0x67, 0x61, 0x6C));

				case 225: return String(CharArray::of(0x70, 0x61, 0x6C, 0x61, 0x75));

				case 226: return String(CharArray::of(0x70, 0x61, 0x72, 0x65, 0x67, 0x75, 0x76, 0x61, 0x69));

				case 227: return String(CharArray::of(0x6B, 0x61, 0x74, 0x61, 0x72));

				case 229: return String(CharArray::of(0x72, 0x69, 0x79, 0x75, 0x6E, 0x69, 0x79, 0x6E));

				case 230: return String(CharArray::of(0x72, 0x6F, 0x6D, 0x61, 0x6E, 0x69, 0x79, 0x61));

				case 231: return String(CharArray::of(0x73, 0x65, 0x72, 0x62, 0x69, 0x61));

				case 232: return String(CharArray::of(0x72, 0x75, 0x73, 0x73, 0x69, 0x61));

				case 233: return String(CharArray::of(0x72, 0x76, 0x61, 0x6E, 0x1E0D, 0x61));

				case 234: return String(CharArray::of(0x73, 0x61, 0x016B, 0x64, 0x69, 0x20, 0x61, 0x72, 0x61, 0x62, 0x69, 0x79, 0x61));

				case 235: return String(CharArray::of(0x73, 0x6F, 0x6C, 0x6F, 0x6D, 0x61, 0x6E, 0x20, 0x64, 0x012B, 0x70));

				case 236: return String(CharArray::of(0x73, 0x69, 0x73, 0x65, 0x6C, 0x6C, 0x65, 0x73));

				case 237: return String(CharArray::of(0x73, 0x75, 0x1E0D, 0x61, 0x6E));

				case 238: return String(CharArray::of(0x73, 0x76, 0x69, 0x1E0D, 0x65, 0x6E));

				case 239: return String(CharArray::of(0x73, 0x69, 0x6E, 0x67, 0x61, 0x70, 0x6F, 0x72));

				case 240: return String(CharArray::of(0x73, 0x65, 0x69, 0x6E, 0x74, 0x20, 0x68, 0x65, 0x6C, 0x65, 0x6E, 0x61));

				case 241: return String(CharArray::of(0x73, 0x6C, 0x6F, 0x76, 0x65, 0x6E, 0x69, 0x61));

				case 242: return String(CharArray::of(0x73, 0x76, 0x61, 0x6C, 0x62, 0x61, 0x72, 0x64, 0x20, 0x61, 0x1E0D, 0x65, 0x20, 0x6A, 0x61, 0x6E, 0x20, 0x6D, 0x61, 0x79, 0x65, 0x6E));

				case 243: return String(CharArray::of(0x73, 0x6C, 0x6F, 0x76, 0x61, 0x6B, 0x69, 0x61));

				case 244: return String(CharArray::of(0x73, 0x69, 0x65, 0x72, 0x72, 0x61, 0x20, 0x6C, 0x65, 0x79, 0x6F, 0x6E));

				case 245: return String(CharArray::of(0x73, 0x61, 0x6E, 0x20, 0x6D, 0x61, 0x72, 0x69, 0x6E, 0x6F));

				case 246: return String(CharArray::of(0x73, 0x65, 0x6E, 0x65, 0x67, 0x61, 0x6C));

				case 247: return String(CharArray::of(0x73, 0x6F, 0x6D, 0x61, 0x6C, 0x69, 0x79, 0x61));

				case 248: return String(CharArray::of(0x73, 0x75, 0x72, 0x012B, 0x6E, 0x61, 0x6D, 0x65));

				case 249: return String(CharArray::of(0x64, 0x6B, 0x69, 0x1E47, 0x20, 0x73, 0x016B, 0x64, 0x61, 0x6E));

				case 250: return String(CharArray::of(0x73, 0x61, 0x6F, 0x20, 0x74, 0x6F, 0x6D, 0x20, 0x61, 0x1E0D, 0x65, 0x20, 0x70, 0x72, 0x69, 0x6E, 0x73, 0x69, 0x70, 0x65));

				case 251: return String(CharArray::of(0x65, 0x6C, 0x20, 0x73, 0x61, 0x6C, 0x76, 0x61, 0x64, 0x6F, 0x72));

				case 252: return String(CharArray::of(0x73, 0x69, 0x6E, 0x74, 0x20, 0x6D, 0x0101, 0x72, 0x1E6D, 0x65, 0x6E));

				case 253: return String(CharArray::of(0x73, 0x012B, 0x72, 0x69, 0x79, 0x61));

				case 254: return String(CharArray::of(0x65, 0x73, 0x76, 0x61, 0x1E6D, 0x69, 0x6E, 0x69));

				case 256: return String(CharArray::of(0x74, 0x75, 0x72, 0x6B, 0x73, 0x20, 0x61, 0x1E0D, 0x65, 0x20, 0x6B, 0x65, 0x69, 0x6B, 0x65, 0x73, 0x20, 0x64, 0x012B, 0x70));

				case 257: return String(CharArray::of(0x63, 0x61, 0x64));

				case 258: return String(CharArray::of(0x70, 0x72, 0x0113, 0x6E, 0x63, 0x68, 0x20, 0x64, 0x61, 0x6B, 0x69, 0x1E47, 0x20, 0x74, 0x65, 0x72, 0x69, 0x74, 0x6F, 0x72, 0x012B));

				case 259: return String(CharArray::of(0x1E6D, 0x6F, 0x67, 0x6F));

				case 260: return String(CharArray::of(0x74, 0x61, 0x69, 0x6C, 0x61, 0x6E, 0x1E0D));

				case 261: return String(CharArray::of(0x74, 0x61, 0x6A, 0x0101, 0x6B, 0x012B, 0x73, 0x74, 0x0101, 0x6E));

				case 262: return String(CharArray::of(0x1E6D, 0x6F, 0x6B, 0x65, 0x6C, 0x61, 0x75));

				case 263: return String(CharArray::of(0x1E6D, 0x69, 0x6D, 0x6F, 0x72, 0x20, 0x2D, 0x20, 0x6C, 0x65, 0x73, 0x74, 0x65));

				case 264: return String(CharArray::of(0x74, 0x75, 0x72, 0x6B, 0x6D, 0x65, 0x6E, 0x012B, 0x73, 0x74, 0x0101, 0x6E));

				case 265: return String(CharArray::of(0x1E6D, 0x75, 0x6E, 0x69, 0x73, 0x69, 0x61, 0x61));

				case 266: return String(CharArray::of(0x1E6D, 0x6F, 0x6E, 0x67, 0x61));

				case 267: return String(CharArray::of(0x74, 0x75, 0x72, 0x6B, 0x012B));

				case 268: return String(CharArray::of(0x1E6D, 0x72, 0x69, 0x6E, 0x69, 0x1E0D, 0x61, 0x1E0D, 0x20, 0x61, 0x1E0D, 0x65, 0x20, 0x1E6D, 0x6F, 0x62, 0x65, 0x67, 0x6F));

				case 269: return String(CharArray::of(0x74, 0x75, 0x76, 0x61, 0x6C, 0x61));

				case 270: return String(CharArray::of(0x74, 0x61, 0x69, 0x76, 0x61, 0x6E));

				case 271: return String(CharArray::of(0x1E6D, 0x61, 0x6E, 0x6A, 0x61, 0x6E, 0x69, 0x79, 0x61));

				case 272: return String(CharArray::of(0x79, 0x016B, 0x6B, 0x72, 0x61, 0x69, 0x6E));

				case 273: return String(CharArray::of(0x79, 0x016B, 0x67, 0x61, 0x6E, 0x1E0D, 0x61));

				case 274: return String(CharArray::of(0x79, 0x75, 0x2E, 0x65, 0x73, 0x2E, 0x20, 0x61, 0x61, 0x75, 0x74, 0x6C, 0x61, 0x69, 0x6E, 0x67, 0x20, 0x64, 0x012B, 0x70));

				case 276: return String(CharArray::of(0x79, 0x75, 0x6E, 0x61, 0x69, 0x1E6D, 0x65, 0x1E0D, 0x20, 0x73, 0x74, 0x65, 0x74, 0x73));

				case 277: return String(CharArray::of(0x016B, 0x72, 0x75, 0x67, 0x76, 0x65));

				case 278: return String(CharArray::of(0x016B, 0x6A, 0x62, 0x65, 0x6B, 0x69, 0x73, 0x74, 0x61, 0x61, 0x6E));

				case 279: return String(CharArray::of(0x62, 0x0101, 0x1E6D, 0x69, 0x6B, 0x0101, 0x6E));

				case 280: return String(CharArray::of(0x73, 0x65, 0x69, 0x6E, 0x74, 0x20, 0x76, 0x69, 0x6E, 0x73, 0x65, 0x1E47, 0x1E6D, 0x20, 0x61, 0x1E0D, 0x65, 0x20, 0x67, 0x72, 0x65, 0x6E, 0x61, 0x1E0D, 0x69));

				case 281: return String(CharArray::of(0x76, 0x65, 0x6E, 0x65, 0x6A, 0x75, 0x65, 0x6C, 0x61));

				case 282: return String(CharArray::of(0x62, 0x72, 0x69, 0x1E6D, 0x69, 0x73, 0x20, 0x76, 0x72, 0x6A, 0x69, 0x6E, 0x20, 0x64, 0x012B, 0x70));

				case 283: return String(CharArray::of(0x79, 0x75, 0x2E, 0x65, 0x73, 0x2E, 0x20, 0x76, 0x72, 0x6A, 0x69, 0x6E, 0x20, 0x64, 0x012B, 0x70));

				case 284: return String(CharArray::of(0x76, 0x69, 0x79, 0x65, 0x74, 0x6E, 0x61, 0x6D));

				case 285: return String(CharArray::of(0x76, 0x61, 0x6E, 0x75, 0x61, 0x61, 0x74, 0x75));

				case 286: return String(CharArray::of(0x76, 0x61, 0x6C, 0x6C, 0x69, 0x73, 0x20, 0x61, 0x1E0D, 0x65, 0x20, 0x70, 0x75, 0x1E6D, 0x75, 0x6E, 0x61));

				case 287: return String(CharArray::of(0x73, 0x61, 0x6D, 0x6F, 0x61, 0x61));

				case 290: return String(CharArray::of(0x6B, 0x6F, 0x73, 0x6F, 0x76, 0x6F));

				case 291: return String(CharArray::of(0x79, 0x65, 0x6D, 0x65, 0x6E));

				case 292: return String(CharArray::of(0x6D, 0x61, 0x79, 0x6F, 0x1E6D, 0x1E6D));

				case 294: return String(CharArray::of(0x64, 0x6B, 0x012B, 0x1E47, 0x20, 0x61, 0x61, 0x70, 0x72, 0x69, 0x6B, 0x61));

				case 295: return String(CharArray::of(0x6A, 0x61, 0x6D, 0x62, 0x69, 0x79, 0x61));

				case 296: return String(CharArray::of(0x6A, 0x69, 0x6D, 0x62, 0x61, 0x62, 0x76, 0x65));
            default: break;
            }
            return String();
        }
        
        String Kxv::displayVariant(gint variant) const {
            switch(variant) {
            default: break;
            }
            return String();
        }
            
        gbool Kxv::hasVariant() const {
            return false;
        }
        
        gbool Kxv::hasRegion() const {
            return false;
        }
        
        gbool Kxv::hasScript() const {
            return false;
        }
            
        String Kxv::displayCurrency(gint currency, gint count) const {
            switch(currency) { 
				case 45:
					if (count == -1) return String(CharArray::of(0x62, 0x72, 0x0101, 0x6A, 0x69, 0x6C, 0x20, 0x74, 0x69, 0x20, 0x72, 0x69, 0x65, 0x6C));
					break;
				case 67:
					if (count == -1) return String(CharArray::of(0x63, 0x69, 0x6E, 0x20, 0x74, 0x69, 0x20, 0x79, 0x75, 0x0101, 0x6E));
					break;
				case 93:
					if (count == -1) return String(CharArray::of(0x79, 0x75, 0x72, 0x6F));
					break;
				case 98:
					if (count == -1) return String(CharArray::of(0x62, 0x72, 0x69, 0x1E6D, 0x69, 0x73, 0x20, 0x70, 0x0101, 0x75, 0x6E, 0x1E0D));
					break;
				case 124:
					if (count == -1) return String(CharArray::of(0x62, 0x0101, 0x72, 0x61, 0x74, 0x20, 0x74, 0x69, 0x20, 0x1E6D, 0x6E, 0x6B, 0x0101));
					break;
				case 132:
					if (count == -1) return String(CharArray::of(0x6A, 0x0101, 0x70, 0x0101, 0x6E, 0x20, 0x74, 0x69, 0x20, 0x79, 0x0113, 0x6E));
					break;
				case 210:
					if (count == -1) return String(CharArray::of(0x72, 0x016B, 0x73, 0x20, 0x74, 0x69, 0x20, 0x72, 0x016B, 0x62, 0x65, 0x6C));
					break;
				case 253:
					if (count == -1) return String(CharArray::of(0x69, 0x016B, 0x65, 0x73, 0x20, 0x1E0D, 0x61, 0x6C, 0x0101, 0x72));
					break;
				case 290:
					if (count == -1) return String(CharArray::of(0x70, 0x75, 0x1E47, 0x0101, 0x74, 0x012B, 0x20, 0x6C, 0x0113, 0x6D, 0x62, 0x016B));
					break;
            default: break;
            }
            return String();
        }
        
        String Kxv::displayUnit(gint unit, gint count) const {
            switch(unit) { 
            default: break;
            }
            return String();
        }
        
        String Kxv::displayShortUnit(gint unit, gint count) const {
            switch(unit) { 
            default: break;
            }
            return String();
        }
        
        String Kxv::displayNarrowUnit(gint unit, gint count) const {
            switch(unit) { 
            default: break;
            }
            return String();
        }
        
        String Kxv::displayCurrencySymbol(gint currency) const {
            switch(currency) { 
            default: break;
            }
            return String();
        }
            
        String Kxv::quotationStart(gbool alt) const {
            return (alt) ? String() : String() ;
        }
            
        String Kxv::quotationEnd(gbool alt) const {
            return (alt) ? String() : String() ;
        }
            
        String Kxv::decimalSeparator() const {
            return String();
        }
            
        String Kxv::groupSeparator() const {
            return String();
        }
            
        String Kxv::listSeparator() const {
            return String();
        }
            
        String Kxv::plusSign() const {
            return String();
        }
            
        String Kxv::minusSign() const {
            return String();
        }
            
        String Kxv::exponential() const {
            return String();
        }
            
        String Kxv::perMill() const {
            return String();
        }
            
        String Kxv::percent() const {
            return String();
        }
            
        String Kxv::infinity() const {
            return String();
        }
            
        String Kxv::nan() const {
            return String();
        }
            
        String Kxv::superScriptingExponent() const {
            return String();
        }
           
        String Kxv::decimalPattern() const {
            return String(CharArray::of(0x23, 0x2C, 0x23, 0x23, 0x2C, 0x23, 0x23, 0x30, 0x2E, 0x23, 0x23, 0x23));
        }
            
        String Kxv::scientificPattern() const {
            return String();
        }
            
        String Kxv::percentPattern() const {
            return String();
        }
            
        String Kxv::currencyPattern() const {
            return String(CharArray::of(0xA4, 0x23, 0x2C, 0x23, 0x23, 0x2C, 0x23, 0x23, 0x30, 0x2E, 0x30, 0x30));
        }

        String Kxv::listPattern(gint type, gint subType) const {
            switch(subType) {

				case 10: 
					if(type == 1) return String(CharArray::of(0x7B, 0x30, 0x7D, 0x2C, 0x20, 0x61, 0x1E0D, 0x65, 0x20, 0x7B, 0x31, 0x7D));
					if(type == 2) return String(CharArray::of(0x7B, 0x30, 0x7D, 0x20, 0x61, 0x1E0D, 0x65, 0x20, 0x7B, 0x31, 0x7D));
					break;

				case 11: 
					if(type == 1) return String(CharArray::of(0x7B, 0x30, 0x7D, 0x2C, 0x20, 0x61, 0x61, 0x64, 0x74, 0x1EBD, 0x20, 0x7B, 0x31, 0x7D));
					if(type == 2) return String(CharArray::of(0x7B, 0x30, 0x7D, 0x20, 0x61, 0x61, 0x1E0D, 0x1EBD, 0x20, 0x7B, 0x31, 0x7D));
					break;

				case 17: 
					if(type == -1) return String(CharArray::of(0x7B, 0x30, 0x7D, 0x20, 0x7B, 0x31, 0x7D));
					if(type == 0) return String(CharArray::of(0x7B, 0x30, 0x7D, 0x20, 0x7B, 0x31, 0x7D));
					if(type == 1) return String(CharArray::of(0x7B, 0x30, 0x7D, 0x20, 0x7B, 0x31, 0x7D));
					if(type == 2) return String(CharArray::of(0x7B, 0x30, 0x7D, 0x20, 0x7B, 0x31, 0x7D));
					break;

				case 18: 
					if(type == 1) return String(CharArray::of(0x7B, 0x30, 0x7D, 0x2C, 0x20, 0x7B, 0x31, 0x7D));
					if(type == 2) return String(CharArray::of(0x7B, 0x30, 0x7D, 0x2C, 0x20, 0x7B, 0x31, 0x7D));
					break;
            default: break;
            }
            return String();
        }
            
        String Kxv::posixMessage(gbool yesOrNo) const {
            return String();
        }
        
        CharArray Kxv::digits() const {
            return CharArray::of(48, 49, 50, 51, 52, 53, 54, 55, 56, 57);
        }
        
        StringArray Kxv::displayDays(gint style, gbool stand_alone) const {
            if (!stand_alone) { // format
                switch(style) {
				case 1: return StringArray::of(String(CharArray::of(0x73, 0x6D, 0x62, 0x61)), String(CharArray::of(0x6D, 0x61, 0x6E, 0x67, 0x61)), String(CharArray::of(0x70, 0x75, 0x64, 0x61)), String(CharArray::of(0x6C, 0x61, 0x6B, 0x69)), String(CharArray::of(0x73, 0x75, 0x6B, 0x72, 0x75)), String(CharArray::of(0x73, 0x61, 0x6E, 0x69)), String(CharArray::of(0x61, 0x61, 0x64, 0x69)));
				case 3: return StringArray::of(String(CharArray::of(0x73)), String(CharArray::of(0x6D, 0x61)), String(CharArray::of(0x70, 0x75)), String(), String(CharArray::of(0x73, 0x75)), String(CharArray::of(0x73, 0x61)), String(CharArray::of(0x61, 0x61)));
				case 0: return StringArray::of(String(CharArray::of(0x73, 0x6D, 0x62, 0x61, 0x72, 0x61)), String(CharArray::of(0x6D, 0x61, 0x6E, 0x67, 0x61, 0x1E0D, 0x61)), String(CharArray::of(0x70, 0x75, 0x64, 0x61, 0x72, 0x61)), String(CharArray::of(0x6C, 0x61, 0x6B, 0x69, 0x20, 0x76, 0x61, 0x72, 0x61)), String(CharArray::of(0x73, 0x75, 0x6B, 0x72, 0x75, 0x20, 0x76, 0x61, 0x72, 0x61)), String(CharArray::of(0x73, 0x61, 0x6E, 0x69, 0x20, 0x76, 0x61, 0x72, 0x61)), String(CharArray::of(0x61, 0x61, 0x64, 0x69, 0x20, 0x76, 0x61, 0x72, 0x61)));
                default: break;
                }
            } else {
                switch(style) {
				case 2: return StringArray::of(String(CharArray::of(0x73)), String(CharArray::of(0x6D, 0x61)), String(CharArray::of(0x70, 0x75)), String(CharArray::of(0x6C, 0x61)), String(CharArray::of(0x73, 0x75)), String(CharArray::of(0x73, 0x61)), String(CharArray::of(0x61, 0x61)));
                default: break;
                }
            }
            return StringArray();
        }
        
        StringArray Kxv::displayMonths(gint style, gbool stand_alone) const {
            if (!stand_alone) { // format
                switch(style) {
				case 1: return StringArray::of(String(CharArray::of(0x70, 0x75, 0x73, 0x75)), String(CharArray::of(0x6D, 0x61, 0x68, 0x61)), String(CharArray::of(0x70, 0x61, 0x67, 0x75)), String(CharArray::of(0x68, 0x69, 0x72, 0x65)), String(CharArray::of(0x62, 0x65, 0x73, 0x65)), String(CharArray::of(0x6A, 0x61, 0x1E6D, 0x1E6D, 0x61)), String(CharArray::of(0x61, 0x61, 0x73, 0x61, 0x1E0D, 0x69)), String(CharArray::of(0x73, 0x72, 0x61, 0x62, 0x0129)), String(CharArray::of(0x62, 0x61, 0x64, 0x6F)), String(CharArray::of(0x64, 0x61, 0x73, 0x61, 0x72, 0x61)), String(CharArray::of(0x64, 0x69, 0x76, 0x69)), String(CharArray::of(0x70, 0x61, 0x6E, 0x64, 0x65)));
				case 0: return StringArray::of(String(CharArray::of(0x70, 0x75, 0x73, 0x75, 0x20, 0x6C, 0x65, 0x6E, 0x6A, 0x75)), String(CharArray::of(0x6D, 0x61, 0x68, 0x61, 0x20, 0x6C, 0x65, 0x6E, 0x6A, 0x75)), String(CharArray::of(0x70, 0x61, 0x67, 0x75, 0x20, 0x6C, 0x65, 0x6E, 0x6A, 0x75)), String(CharArray::of(0x68, 0x69, 0x72, 0x65, 0x20, 0x6C, 0x65, 0x6E, 0x6A, 0x75)), String(CharArray::of(0x62, 0x65, 0x73, 0x65, 0x20, 0x6C, 0x65, 0x6E, 0x6A, 0x75)), String(CharArray::of(0x6A, 0x61, 0x1E6D, 0x1E6D, 0x61, 0x20, 0x6C, 0x65, 0x6E, 0x6A, 0x75)), String(CharArray::of(0x61, 0x61, 0x73, 0x61, 0x1E0D, 0x69, 0x20, 0x6C, 0x65, 0x6E, 0x6A, 0x75)), String(CharArray::of(0x73, 0x72, 0x61, 0x62, 0x0129, 0x20, 0x6C, 0x65, 0x6E, 0x6A, 0x75)), String(CharArray::of(0x62, 0x61, 0x64, 0x6F, 0x20, 0x6C, 0x65, 0x6E, 0x6A, 0x75)), String(CharArray::of(0x64, 0x61, 0x73, 0x61, 0x72, 0x61, 0x20, 0x6C, 0x65, 0x6E, 0x6A, 0x75)), String(CharArray::of(0x64, 0x69, 0x76, 0x69, 0x20, 0x6C, 0x65, 0x6E, 0x6A, 0x75)), String(CharArray::of(0x70, 0x61, 0x6E, 0x64, 0x65, 0x20, 0x6C, 0x65, 0x6E, 0x6A, 0x75)));
                default: break;
                }
            } else {
                switch(style) {
				case 2: return StringArray::of(String(CharArray::of(0x70, 0x75)), String(CharArray::of(0x6D, 0x61)), String(CharArray::of(0x70, 0x61)), String(CharArray::of(0x68, 0x69)), String(CharArray::of(0x62, 0x65)), String(CharArray::of(0x6A, 0x61)), String(CharArray::of(0x61, 0x61)), String(CharArray::of(0x73, 0x72, 0x61)), String(CharArray::of(0x62)), String(CharArray::of(0x64, 0x61)), String(CharArray::of(0x64, 0x69)), String(CharArray::of(0x70, 0x61)));
                default: break;
                }
            }
            return StringArray();
        }
        
        StringArray Kxv::displayQuarters(gint style, gbool stand_alone) const {
            if (!stand_alone) { // format
                switch(style) {
				case 1: return StringArray::of(String(CharArray::of(0x51, 0x31)), String(CharArray::of(0x51, 0x32)), String(CharArray::of(0x51, 0x33)), String(CharArray::of(0x51, 0x34)));
				case 0: return StringArray::of(String(CharArray::of(0x31, 0x73, 0x1E6D, 0x20, 0x6B, 0x75, 0x61, 0x72, 0x1E6D, 0x72)), String(CharArray::of(0x32, 0x6E, 0x1E0D, 0x20, 0x6B, 0x75, 0x61, 0x72, 0x1E6D, 0x72)), String(CharArray::of(0x33, 0x72, 0x1E0D, 0x20, 0x6B, 0x75, 0x61, 0x72, 0x1E6D, 0x72)), String(CharArray::of(0x34, 0x74, 0x68, 0x20, 0x6B, 0x75, 0x61, 0x72, 0x1E6D, 0x72)));
                default: break;
                }
            } else {
                switch(style) {
                default: break;
                }
            }
            return StringArray();
        }
        
        StringArray Kxv::displayDayPeriods(gint style, gbool stand_alone) const {
            if (!stand_alone) { // format
                switch(style) {
				case 1: return StringArray::of(String(), String(CharArray::of(0x61, 0x6D)), String(), String(CharArray::of(0x70, 0x6D)), String(), String(), String(), String());
				case 2: return StringArray::of(String(), String(CharArray::of(0x61)), String(), String(CharArray::of(0x70)), String(), String(), String(), String());
                default: break;
                }
            } else {
                switch(style) {
				case 2: return StringArray::of(String(), String(CharArray::of(0x61)), String(), String(CharArray::of(0x70)), String(), String(), String(), String());
                default: break;
                }
            }
            return StringArray();
        }
        
        StringArray Kxv::displayEras(gint style, gbool stand_alone) const {
            if (!stand_alone) { // format
                switch(style) {
				case 1: return StringArray::of(String(CharArray::of(0x62, 0x63)), String(CharArray::of(0x61, 0x64)));
                default: break;
                }
            } else {
                switch(style) {
				case 1: return StringArray::of(String(CharArray::of(0x62, 0x63)), String(CharArray::of(0x61, 0x64)));
                default: break;
                }
            }
            return StringArray();
        }
        
        String Kxv::datePattern(gint style) const {
            switch(style) {
				case 0: return String(CharArray::of(0x45, 0x45, 0x45, 0x45, 0x2C, 0x20, 0x64, 0x20, 0x4D, 0x4D, 0x4D, 0x4D, 0x20, 0x79));
				case 1: return String(CharArray::of(0x64, 0x20, 0x4D, 0x4D, 0x4D, 0x4D, 0x20, 0x79));
				case 2: return String(CharArray::of(0x64, 0x20, 0x4D, 0x4D, 0x4D, 0x20, 0x79));
				case 3: return String(CharArray::of(0x64, 0x2F, 0x4D, 0x2F, 0x79, 0x79));
            default: break;
            }
            return String();
        }
        
        String Kxv::timePattern(gint style) const {
            switch(style) {
				case 0: return String(CharArray::of(0x68, 0x3A, 0x6D, 0x6D, 0x3A, 0x73, 0x73, 0x202F, 0x61, 0x20, 0x7A, 0x7A, 0x7A, 0x7A));
				case 1: return String(CharArray::of(0x68, 0x3A, 0x6D, 0x6D, 0x3A, 0x73, 0x73, 0x202F, 0x61, 0x20, 0x7A));
				case 2: return String(CharArray::of(0x68, 0x3A, 0x6D, 0x6D, 0x3A, 0x73, 0x73, 0x202F, 0x61));
				case 3: return String(CharArray::of(0x68, 0x3A, 0x6D, 0x6D, 0x202F, 0x61));
            default: break;
            }
            return String();
        }
        
        String Kxv::datetimePattern(gint style) const {
            switch(style) {
				case 0: return String(CharArray::of(0x7B, 0x31, 0x7D, 0x2C, 0x20, 0x7B, 0x30, 0x7D));
				case 1: return String(CharArray::of(0x7B, 0x31, 0x7D, 0x2C, 0x20, 0x7B, 0x30, 0x7D));
				case 2: return String(CharArray::of(0x7B, 0x31, 0x7D, 0x2C, 0x20, 0x7B, 0x30, 0x7D));
				case 3: return String(CharArray::of(0x7B, 0x31, 0x7D, 0x2C, 0x20, 0x7B, 0x30, 0x7D));
            default: break;
            }
            return String();
        }
        
        String Kxv::displayTimezone(gint tz, gint style) const {
            switch(tz) {
				case 422: 
					if (style == 1) return String(CharArray::of(0x73, 0x6D, 0x61, 0x6E, 0x69, 0x20, 0x6A, 0x61, 0x67, 0x61, 0x20, 0x70, 0x72, 0x75, 0x74, 0x69, 0x20, 0x62, 0x65, 0x6C, 0x0101));
					break;
				case 426: 
					if (style == 6) return String(CharArray::of(0x61, 0x61, 0x1E47, 0x1E0D, 0x6F, 0x72, 0x61));
					break;
				case 262: 
					if (style == 6) return String(CharArray::of(0x64, 0x75, 0x62, 0x61, 0x69));
					break;
				case 276: 
					if (style == 6) return String(CharArray::of(0x6B, 0x61, 0x62, 0x75, 0x6C));
					break;
				case 57: 
					if (style == 6) return String(CharArray::of(0x65, 0x6E, 0x1E6D, 0x69, 0x67, 0x75, 0x61));
					break;
				case 56: 
					if (style == 6) return String(CharArray::of(0x65, 0x6E, 0x67, 0x75, 0x69, 0x6C, 0x6C, 0x61));
					break;
				case 476: 
					if (style == 6) return String(CharArray::of(0x1E6D, 0x69, 0x72, 0x61, 0x6E, 0x65));
					break;
				case 333: 
					if (style == 6) return String(CharArray::of(0x79, 0x65, 0x72, 0x65, 0x76, 0x61, 0x6E));
					break;
				case 34: 
					if (style == 6) return String(CharArray::of(0x6C, 0x75, 0x61, 0x6E, 0x1E0D, 0x61));
					break;
				case 229: 
					if (style == 6) return String(CharArray::of(0x72, 0x6F, 0x74, 0x65, 0x72, 0x61));
					break;
				case 228: 
					if (style == 6) return String(CharArray::of(0x70, 0x61, 0x6C, 0x6D, 0x65, 0x72));
					break;
				case 232: 
					if (style == 6) return String(CharArray::of(0x1E6D, 0x72, 0x6F, 0x6C, 0x6C));
					break;
				case 231: 
					if (style == 6) return String(CharArray::of(0x73, 0x79, 0x6F, 0x76, 0x61));
					break;
				case 226: 
					if (style == 6) return String(CharArray::of(0x6D, 0x61, 0x76, 0x73, 0x6F, 0x6E));
					break;
				case 223: 
					if (style == 6) return String(CharArray::of(0x1E0D, 0x65, 0x76, 0x69, 0x73));
					break;
				case 233: 
					if (style == 6) return String(CharArray::of(0x76, 0x6F, 0x73, 0x1E6D, 0x6F, 0x6B));
					break;
				case 222: 
					if (style == 6) return String(CharArray::of(0x6B, 0x65, 0x73, 0x65, 0x65));
					break;
				case 224: 
					if (style == 6) return String(CharArray::of(0x1E0D, 0x79, 0x75, 0x6D, 0x6F, 0x6E, 0x74, 0x20, 0x64, 0x65, 0x20, 0x75, 0x72, 0x76, 0x69, 0x6C, 0x6C));
					break;
				case 227: 
					if (style == 6) return String(CharArray::of(0x6D, 0x65, 0x6B, 0x20, 0x6D, 0x75, 0x72, 0x1E0D, 0x6F));
					break;
				case 66: 
					if (style == 6) return String(CharArray::of(0x72, 0x69, 0x79, 0x6F, 0x20, 0x67, 0x61, 0x6C, 0x6C, 0x65, 0x67, 0x6F, 0x73));
					break;
				case 157: 
					if (style == 6) return String(CharArray::of(0x6D, 0x65, 0x6E, 0x1E0D, 0x6F, 0x6A, 0x61));
					break;
				case 68: 
					if (style == 6) return String(CharArray::of(0x73, 0x61, 0x6E, 0x20, 0x68, 0x75, 0x61, 0x6E));
					break;
				case 71: 
					if (style == 6) return String(CharArray::of(0x75, 0x73, 0x76, 0x61, 0x69, 0x79, 0x61));
					break;
				case 64: 
					if (style == 6) return String(CharArray::of(0x6C, 0x61, 0x20, 0x72, 0x69, 0x6F, 0x6A, 0x61));
					break;
				case 69: 
					if (style == 6) return String(CharArray::of(0x73, 0x61, 0x6E, 0x20, 0x6C, 0x75, 0x69, 0x73));
					break;
				case 90: 
					if (style == 6) return String(CharArray::of(0x6B, 0x61, 0x74, 0x61, 0x6D, 0x61, 0x72, 0x6B, 0x61));
					break;
				case 67: 
					if (style == 6) return String(CharArray::of(0x73, 0x61, 0x6C, 0x1E6D, 0x61));
					break;
				case 139: 
					if (style == 6) return String(CharArray::of(0x68, 0x75, 0x68, 0x75, 0x65));
					break;
				case 70: 
					if (style == 6) return String(CharArray::of(0x1E6D, 0x75, 0x6B, 0x016B, 0x6D, 0x6E));
					break;
				case 97: 
					if (style == 6) return String(CharArray::of(0x6B, 0x6F, 0x72, 0x1E0D, 0x61, 0x62, 0x61));
					break;
				case 85: 
					if (style == 6) return String(CharArray::of(0x62, 0x75, 0x65, 0x6E, 0x6F, 0x75, 0x73, 0x20, 0x61, 0x69, 0x72, 0x65, 0x73));
					break;
				case 551: 
					if (style == 6) return String(CharArray::of(0x70, 0x61, 0x6E, 0x67, 0x6F, 0x20, 0x70, 0x61, 0x6E, 0x67, 0x6F));
					break;
				case 482: 
					if (style == 6) return String(CharArray::of(0x76, 0x69, 0x65, 0x6E, 0x6E, 0x61));
					break;
				case 361: 
					if (style == 6) return String(CharArray::of(0x70, 0x65, 0x72, 0x74));
					break;
				case 353: 
					if (style == 6) return String(CharArray::of(0x79, 0x75, 0x6B, 0x6C, 0x61));
					break;
				case 352: 
					if (style == 6) return String(CharArray::of(0x1E0D, 0x61, 0x72, 0x76, 0x69, 0x6E));
					break;
				case 347: 
					if (style == 6) return String(CharArray::of(0x61, 0x65, 0x64, 0x69, 0x6C, 0x65, 0x69, 0x64));
					break;
				case 349: 
					if (style == 6) return String(CharArray::of(0x62, 0x72, 0x6F, 0x6B, 0x65, 0x6E, 0x20, 0x68, 0x69, 0x6C, 0x6C));
					break;
				case 358: 
					if (style == 6) return String(CharArray::of(0x6D, 0x65, 0x6C, 0x62, 0x6F, 0x72, 0x6E, 0x65));
					break;
				case 354: 
					if (style == 6) return String(CharArray::of(0x68, 0x6F, 0x62, 0x61, 0x72, 0x1E6D));
					break;
				case 356: 
					if (style == 6) return String(CharArray::of(0x6C, 0x69, 0x6E, 0x1E0D, 0x65, 0x72, 0x6D, 0x61, 0x6E));
					break;
				case 364: 
					if (style == 6) return String(CharArray::of(0x73, 0x79, 0x1E0D, 0x6E, 0x012B));
					break;
				case 348: 
					if (style == 6) return String(CharArray::of(0x62, 0x72, 0x69, 0x73, 0x62, 0x61, 0x6E, 0x65));
					break;
				case 225: 
					if (style == 6) return String(CharArray::of(0x6D, 0x65, 0x6B, 0x76, 0x61, 0x72, 0x69));
					break;
				case 357: 
					if (style == 6) return String(CharArray::of(0x6C, 0x6F, 0x72, 0x1E0D, 0x20, 0x68, 0x6F, 0x76, 0x65));
					break;
				case 72: 
					if (style == 6) return String(CharArray::of(0x61, 0x72, 0x75, 0x62, 0x61));
					break;
				case 456: 
					if (style == 6) return String(CharArray::of(0x6D, 0x61, 0x72, 0x69, 0x65, 0x68, 0x61, 0x6D));
					break;
				case 246: 
					if (style == 6) return String(CharArray::of(0x62, 0x61, 0x6B, 0x75));
					break;
				case 469: 
					if (style == 6) return String(CharArray::of(0x73, 0x61, 0x72, 0x61, 0x6A, 0x65, 0x76, 0x6F));
					break;
				case 78: 
					if (style == 6) return String(CharArray::of(0x62, 0x61, 0x72, 0x62, 0x61, 0x1E0D, 0x6F, 0x73));
					break;
				case 260: 
					if (style == 6) return String(CharArray::of(0x1E0D, 0x61, 0x6B, 0x61));
					break;
				case 433: 
					if (style == 6) return String(CharArray::of(0x62, 0x72, 0x75, 0x73, 0x73, 0x65, 0x6C, 0x73));
					break;
				case 47: 
					if (style == 6) return String(CharArray::of(0x76, 0x61, 0x67, 0x64, 0x75, 0x67, 0x75));
					break;
				case 473: 
					if (style == 6) return String(CharArray::of(0x73, 0x6F, 0x70, 0x69, 0x79, 0x61));
					break;
				case 245: 
					if (style == 6) return String(CharArray::of(0x62, 0x61, 0x68, 0x72, 0x61, 0x69, 0x6E));
					break;
				case 12: 
					if (style == 6) return String(CharArray::of(0x62, 0x75, 0x6A, 0x75, 0x6D, 0x62, 0x75, 0x72, 0x61));
					break;
				case 48: 
					if (style == 6) return String(CharArray::of(0x70, 0x6F, 0x72, 0x1E6D, 0x6F, 0x2D, 0x1E47, 0x6F, 0x76, 0x6F));
					break;
				case 203: 
					if (style == 6) return String(CharArray::of(0x73, 0x65, 0x6E, 0x1E6D, 0x20, 0x62, 0x61, 0x72, 0x74, 0x65, 0x6C, 0x65, 0x6D, 0x69));
					break;
				case 335: 
					if (style == 6) return String(CharArray::of(0x62, 0x65, 0x72, 0x6D, 0x016B, 0x64, 0x61));
					break;
				case 251: 
					if (style == 6) return String(CharArray::of(0x62, 0x72, 0x75, 0x6E, 0x65, 0x69));
					break;
				case 145: 
					if (style == 6) return String(CharArray::of(0x6C, 0x61, 0x20, 0x70, 0x61, 0x6A));
					break;
				case 144: 
					if (style == 6) return String(CharArray::of(0x6B, 0x72, 0x65, 0x6C, 0x65, 0x6E, 0x1E0D, 0x65, 0x69, 0x6B));
					break;
				case 109: 
					if (style == 6) return String(CharArray::of(0x65, 0x69, 0x72, 0x75, 0x6E, 0x65, 0x70, 0x65));
					break;
				case 193: 
					if (style == 6) return String(CharArray::of(0x72, 0x69, 0x6F, 0x20, 0x62, 0x72, 0x61, 0x6E, 0x6B, 0x6F));
					break;
				case 185: 
					if (style == 6) return String(CharArray::of(0x70, 0x6F, 0x72, 0x1E6D, 0x70, 0x20, 0x76, 0x65, 0x6C, 0x68, 0x6F));
					break;
				case 82: 
					if (style == 6) return String(CharArray::of(0x62, 0x6F, 0x61, 0x20, 0x76, 0x69, 0x73, 0x74, 0x61));
					break;
				case 152: 
					if (style == 6) return String(CharArray::of(0x6D, 0x61, 0x6E, 0x61, 0x75, 0x73));
					break;
				case 100: 
					if (style == 6) return String(CharArray::of(0x6B, 0x75, 0x61, 0x61, 0x62, 0x61));
					break;
				case 196: 
					if (style == 6) return String(CharArray::of(0x73, 0x61, 0x74, 0x61, 0x72, 0x69));
					break;
				case 87: 
					if (style == 6) return String(CharArray::of(0x6B, 0x61, 0x6D, 0x70, 0x6F, 0x20, 0x67, 0x72, 0x61, 0x6E, 0x1E0D, 0x65));
					break;
				case 79: 
					if (style == 6) return String(CharArray::of(0x62, 0x65, 0x6C, 0x65, 0x6D));
					break;
				case 58: 
					if (style == 6) return String(CharArray::of(0x61, 0x72, 0x61, 0x67, 0x76, 0x61, 0x69, 0x6E, 0x61));
					break;
				case 199: 
					if (style == 6) return String(CharArray::of(0x73, 0x61, 0x6F, 0x20, 0x70, 0x61, 0x75, 0x6C, 0x6F));
					break;
				case 76: 
					if (style == 6) return String(CharArray::of(0x62, 0x61, 0x68, 0x69, 0x61));
					break;
				case 114: 
					if (style == 6) return String(CharArray::of(0x70, 0x6F, 0x72, 0x74, 0x61, 0x6C, 0x65, 0x6A, 0x61));
					break;
				case 150: 
					if (style == 6) return String(CharArray::of(0x6D, 0x61, 0x73, 0x012B, 0x6F));
					break;
				case 190: 
					if (style == 6) return String(CharArray::of(0x72, 0x65, 0x73, 0x69, 0x70, 0x69));
					break;
				case 172: 
					if (style == 6) return String(CharArray::of(0x6E, 0x6F, 0x72, 0x6F, 0x6E, 0x68, 0x61));
					break;
				case 168: 
					if (style == 6) return String(CharArray::of(0x6E, 0x61, 0x73, 0x61, 0x75));
					break;
				case 320: 
					if (style == 6) return String(CharArray::of(0x74, 0x69, 0x6D, 0x70, 0x68, 0x75));
					break;
				case 23: 
					if (style == 6) return String(CharArray::of(0x67, 0x61, 0x62, 0x6F, 0x72, 0x6F, 0x6E));
					break;
				case 457: 
					if (style == 6) return String(CharArray::of(0x6D, 0x69, 0x6E, 0x73, 0x6B));
					break;
				case 80: 
					if (style == 6) return String(CharArray::of(0x62, 0x65, 0x6C, 0x69, 0x6A));
					break;
				case 103: 
					if (style == 6) return String(CharArray::of(0x1E0D, 0x61, 0x6F, 0x73, 0x6E));
					break;
				case 218: 
					if (style == 6) return String(CharArray::of(0x76, 0x68, 0x61, 0x69, 0x1E6D, 0x68, 0x6F, 0x72, 0x73));
					break;
				case 136: 
					if (style == 6) return String(CharArray::of(0x69, 0x6E, 0x016B, 0x76, 0x69, 0x6B));
					break;
				case 216: 
					if (style == 6) return String(CharArray::of(0x76, 0x61, 0x6E, 0x6B, 0x016B, 0x76, 0x65, 0x72));
					break;
				case 112: 
					if (style == 6) return String(CharArray::of(0x70, 0x68, 0x6F, 0x72, 0x74, 0x20, 0x6E, 0x65, 0x6C, 0x73, 0x6E));
					break;
				case 104: 
					if (style == 6) return String(CharArray::of(0x1E0D, 0x61, 0x6F, 0x73, 0x6F, 0x6E, 0x20, 0x6B, 0x72, 0x012B, 0x6B));
					break;
				case 99: 
					if (style == 6) return String(CharArray::of(0x6B, 0x72, 0x65, 0x73, 0x1E6D, 0x6F, 0x6E));
					break;
				case 108: 
					if (style == 6) return String(CharArray::of(0x65, 0x1E0D, 0x6D, 0x6F, 0x6E, 0x1E6D, 0x6F, 0x6E));
					break;
				case 209: 
					if (style == 6) return String(CharArray::of(0x73, 0x76, 0x69, 0x70, 0x1E6D, 0x20, 0x6B, 0x75, 0x72, 0x72, 0x65, 0x6E, 0x1E6D));
					break;
				case 86: 
					if (style == 6) return String(CharArray::of(0x6B, 0x65, 0x6D, 0x62, 0x72, 0x69, 0x6A, 0x20, 0x62, 0x65));
					break;
				case 191: 
					if (style == 6) return String(CharArray::of(0x72, 0x65, 0x6A, 0x69, 0x6E, 0x61));
					break;
				case 219: 
					if (style == 6) return String(CharArray::of(0x76, 0x69, 0x6E, 0x6E, 0x69, 0x70, 0x65, 0x67));
					break;
				case 192: 
					if (style == 6) return String(CharArray::of(0x72, 0x65, 0x6A, 0x61, 0x6C, 0x79, 0x75, 0x1E6D));
					break;
				case 189: 
					if (style == 6) return String(CharArray::of(0x72, 0x61, 0x6E, 0x6B, 0x69, 0x6E, 0x20, 0x69, 0x6E, 0x6C, 0x65, 0x64, 0x1E6D));
					break;
				case 96: 
					if (style == 6) return String(CharArray::of(0x65, 0x1E6D, 0x69, 0x6B, 0x6F, 0x6B, 0x65, 0x6E));
					break;
				case 214: 
					if (style == 6) return String(CharArray::of(0x1E6D, 0x6F, 0x72, 0x6F, 0x6E, 0x1E6D, 0x6F));
					break;
				case 137: 
					if (style == 6) return String(CharArray::of(0x69, 0x6B, 0x61, 0x6C, 0x75, 0x69, 0x1E6D));
					break;
				case 163: 
					if (style == 6) return String(CharArray::of(0x6D, 0x6F, 0x6E, 0x6B, 0x1E6D, 0x6F, 0x6E));
					break;
				case 124: 
					if (style == 6) return String(CharArray::of(0x68, 0x65, 0x6C, 0x69, 0x70, 0x61, 0x6B, 0x73));
					break;
				case 117: 
					if (style == 6) return String(CharArray::of(0x67, 0x6F, 0x6F, 0x73, 0x20, 0x62, 0x65));
					break;
				case 115: 
					if (style == 6) return String(CharArray::of(0x67, 0x6C, 0x61, 0x73, 0x20, 0x62, 0x61, 0x79));
					break;
				case 81: 
					if (style == 6) return String(CharArray::of(0x62, 0x6C, 0x61, 0x6E, 0x6B, 0x2D, 0x73, 0x61, 0x62, 0x6C, 0x6F, 0x6E));
					break;
				case 204: 
					if (style == 6) return String(CharArray::of(0x73, 0x65, 0x6E, 0x1E6D, 0x20, 0x6A, 0x6F, 0x6E, 0x73));
					break;
				case 499: 
					if (style == 6) return String(CharArray::of(0x6B, 0x6F, 0x6B, 0x6F, 0x73));
					break;
				case 30: 
					if (style == 6) return String(CharArray::of(0x6B, 0x69, 0x6E, 0x73, 0x61, 0x73, 0x61));
					break;
				case 35: 
					if (style == 6) return String(CharArray::of(0x6C, 0x75, 0x62, 0x75, 0x6D, 0x62, 0x61, 0x73, 0x69));
					break;
				case 7: 
					if (style == 6) return String(CharArray::of(0x62, 0x61, 0x6E, 0x67, 0x75, 0x69));
					break;
				case 11: 
					if (style == 6) return String(CharArray::of(0x62, 0x72, 0x61, 0x6A, 0x61, 0x76, 0x69, 0x6C, 0x6C));
					break;
				case 488: 
					if (style == 6) return String(CharArray::of(0x6A, 0x75, 0x72, 0x69, 0x63));
					break;
				case 0: 
					if (style == 6) return String(CharArray::of(0x61, 0x62, 0x69, 0x64, 0x6A, 0x61, 0x6E));
					break;
				case 557: 
					if (style == 6) return String(CharArray::of(0x72, 0x61, 0x72, 0x6F, 0x74, 0x6F, 0x6E, 0x67, 0x61));
					break;
				case 528: 
					if (style == 6) return String(CharArray::of(0x012B, 0x73, 0x74, 0x65, 0x72));
					break;
				case 187: 
					if (style == 6) return String(CharArray::of(0x70, 0x75, 0x1E47, 0x1E6D, 0x61, 0x20, 0x65, 0x72, 0x65, 0x6E, 0x61, 0x73));
					break;
				case 197: 
					if (style == 6) return String(CharArray::of(0x73, 0x61, 0x6E, 0x1E6D, 0x69, 0x61, 0x67, 0x6F));
					break;
				case 20: 
					if (style == 6) return String(CharArray::of(0x64, 0x75, 0x61, 0x6C, 0x61));
					break;
				case 326: 
					if (style == 6) return String(CharArray::of(0x75, 0x72, 0x75, 0x6D, 0x63, 0x69));
					break;
				case 311: 
					if (style == 6) return String(CharArray::of(0x73, 0x65, 0x6E, 0x67, 0x61, 0x69));
					break;
				case 83: 
					if (style == 6) return String(CharArray::of(0x62, 0x6F, 0x67, 0x6F, 0x1E6D, 0x61));
					break;
				case 98: 
					if (style == 6) return String(CharArray::of(0x6B, 0x6F, 0x73, 0x1E6D, 0x61, 0x20, 0x72, 0x69, 0x6B, 0x61));
					break;
				case 125: 
					if (style == 6) return String(CharArray::of(0x68, 0x61, 0x76, 0x61, 0x6E, 0x61));
					break;
				case 337: 
					if (style == 6) return String(CharArray::of(0x6B, 0x65, 0x70, 0x20, 0x76, 0x65, 0x72, 0x1E0D, 0x65));
					break;
				case 101: 
					if (style == 6) return String(CharArray::of(0x6B, 0x79, 0x75, 0x72, 0x61, 0x73, 0x6F));
					break;
				case 498: 
					if (style == 6) return String(CharArray::of(0x6B, 0x72, 0x69, 0x73, 0x1E6D, 0x6D, 0x61, 0x73));
					break;
				case 294: 
					if (style == 6) return String(CharArray::of(0x6E, 0x69, 0x6B, 0x6F, 0x73, 0x69, 0x79, 0x61));
					break;
				case 264: 
					if (style == 6) return String(CharArray::of(0x70, 0x61, 0x6D, 0x61, 0x67, 0x75, 0x73, 0x74, 0x61));
					break;
				case 464: 
					if (style == 6) return String(CharArray::of(0x70, 0x72, 0x61, 0x67));
					break;
				case 436: 
					if (style == 6) return String(CharArray::of(0x62, 0x75, 0x73, 0x69, 0x6E, 0x67, 0x65, 0x6E));
					break;
				case 431: 
					if (style == 6) return String(CharArray::of(0x62, 0x65, 0x72, 0x6C, 0x69, 0x6E));
					break;
				case 19: 
					if (style == 6) return String(CharArray::of(0x6A, 0x69, 0x62, 0x75, 0x74, 0x69));
					break;
				case 438: 
					if (style == 6) return String(CharArray::of(0x6B, 0x6F, 0x70, 0x65, 0x6E, 0x68, 0x61, 0x67, 0x65, 0x6E));
					break;
				case 107: 
					if (style == 6) return String(CharArray::of(0x1E0D, 0x6F, 0x6D, 0x69, 0x6E, 0x69, 0x6B, 0x61));
					break;
				case 198: 
					if (style == 6) return String(CharArray::of(0x73, 0x65, 0x6E, 0x74, 0x6F, 0x20, 0x1E0D, 0x6F, 0x6D, 0x69, 0x6E, 0x67, 0x6F));
					break;
				case 3: 
					if (style == 6) return String(CharArray::of(0x61, 0x6C, 0x6A, 0x012B, 0x79, 0x72, 0x73));
					break;
				case 534: 
					if (style == 6) return String(CharArray::of(0x67, 0x61, 0x6C, 0x61, 0x70, 0x61, 0x67, 0x6F, 0x73));
					break;
				case 122: 
					if (style == 6) return String(CharArray::of(0x67, 0x75, 0x61, 0x6A, 0x61, 0x6B, 0x69, 0x6C));
					break;
				case 475: 
					if (style == 6) return String(CharArray::of(0x74, 0x61, 0x6C, 0x69, 0x6E));
					break;
				case 13: 
					if (style == 6) return String(CharArray::of(0x6B, 0x61, 0x69, 0x72, 0x6F));
					break;
				case 21: 
					if (style == 6) return String(CharArray::of(0x65, 0x6C, 0x20, 0x61, 0x61, 0x69, 0x79, 0x75, 0x6E));
					break;
				case 5: 
					if (style == 6) return String(CharArray::of(0x61, 0x73, 0x6D, 0x61, 0x72, 0x61));
					break;
				case 336: 
					if (style == 6) return String(CharArray::of(0x6B, 0x65, 0x6E, 0x65, 0x72, 0x69));
					break;
				case 15: 
					if (style == 6) return String(CharArray::of(0x73, 0x65, 0x75, 0x1E6D, 0x61));
					break;
				case 454: 
					if (style == 6) return String(CharArray::of(0x6D, 0x65, 0x1E0D, 0x72, 0x69, 0x1E0D));
					break;
				case 2: 
					if (style == 6) return String(CharArray::of(0x61, 0x1E0D, 0x69, 0x73, 0x20, 0x61, 0x62, 0x61, 0x62, 0x61));
					break;
				case 442: 
					if (style == 6) return String(CharArray::of(0x68, 0x65, 0x6C, 0x73, 0x69, 0x6E, 0x6B, 0x69));
					break;
				case 532: 
					if (style == 6) return String(CharArray::of(0x70, 0x69, 0x6A, 0x69));
					break;
				case 345: 
					if (style == 6) return String(CharArray::of(0x73, 0x1E6D, 0x61, 0x6E, 0x6C, 0x69));
					break;
				case 563: 
					if (style == 6) return String(CharArray::of(0x63, 0x016B, 0x6B));
					break;
				case 555: 
					if (style == 6) return String(CharArray::of(0x70, 0x6F, 0x6E, 0x70, 0x65, 0x69));
					break;
				case 542: 
					if (style == 6) return String(CharArray::of(0x6B, 0x69, 0x73, 0x72, 0x61, 0x65));
					break;
				case 338: 
					if (style == 6) return String(CharArray::of(0x70, 0x65, 0x72, 0x6F));
					break;
				case 462: 
					if (style == 6) return String(CharArray::of(0x70, 0x61, 0x72, 0x69, 0x73));
					break;
				case 32: 
					if (style == 6) return String(CharArray::of(0x6C, 0x69, 0x62, 0x72, 0x65, 0x76, 0x69, 0x6C, 0x6C));
					break;
				case 452: 
					if (style == 2) return String(CharArray::of(0x62, 0x72, 0x69, 0x1E6D, 0x69, 0x73, 0x20, 0x6B, 0x61, 0x72, 0xE3, 0x20, 0x6D, 0x61, 0x73, 0x61, 0x20, 0x62, 0x65, 0x6C, 0x0101));
					break;
				case 119: 
					if (style == 6) return String(CharArray::of(0x67, 0x72, 0x65, 0x6E, 0x61, 0x1E0D, 0x61));
					break;
				case 316: 
					if (style == 6) return String(CharArray::of(0x74, 0x62, 0x69, 0x6C, 0x69, 0x73, 0x69));
					break;
				case 91: 
					if (style == 6) return String(CharArray::of(0x6B, 0x65, 0x79, 0x65, 0x6E));
					break;
				case 441: 
					if (style == 6) return String(CharArray::of(0x67, 0x65, 0x72, 0x6E, 0x73, 0x69));
					break;
				case 1: 
					if (style == 6) return String(CharArray::of(0x65, 0x63, 0x72, 0x61));
					break;
				case 440: 
					if (style == 6) return String(CharArray::of(0x6A, 0x69, 0x62, 0x72, 0x61, 0x6C, 0x1E6D, 0x61, 0x72));
					break;
				case 211: 
					if (style == 6) return String(CharArray::of(0x74, 0x75, 0x6C, 0x65));
					break;
				case 116: 
					if (style == 6) return String(CharArray::of(0x6E, 0x016B, 0x6B));
					break;
				case 200: 
					if (style == 6) return String(CharArray::of(0x69, 0x1E6D, 0x6F, 0x6B, 0x6F, 0x1E6D, 0x6F, 0x72, 0x6D, 0x69, 0x1E6D));
					break;
				case 102: 
					if (style == 6) return String(CharArray::of(0x1E0D, 0x61, 0x6E, 0x6D, 0x61, 0x72, 0x6B, 0x73, 0x61, 0x76, 0x6E));
					break;
				case 8: 
					if (style == 6) return String(CharArray::of(0x62, 0x61, 0x6E, 0x6A, 0x75, 0x6C));
					break;
				case 16: 
					if (style == 6) return String(CharArray::of(0x6B, 0x6F, 0x6E, 0x61, 0x6B, 0x72, 0x012B));
					break;
				case 120: 
					if (style == 6) return String(CharArray::of(0x67, 0x75, 0x61, 0x1E0D, 0x65, 0x6C, 0x6F, 0x75, 0x70, 0x65));
					break;
				case 37: 
					if (style == 6) return String(CharArray::of(0x6D, 0x61, 0x6C, 0x61, 0x62, 0x6F));
					break;
				case 428: 
					if (style == 6) return String(CharArray::of(0x65, 0x74, 0x65, 0x6E, 0x73));
					break;
				case 343: 
					if (style == 6) return String(CharArray::of(0x64, 0x6B, 0x69, 0x1E47, 0x20, 0x6A, 0x6F, 0x72, 0x6A, 0x69, 0x61));
					break;
				case 121: 
					if (style == 6) return String(CharArray::of(0x67, 0x75, 0x61, 0x74, 0x65, 0x6D, 0x61, 0x6C, 0x61));
					break;
				case 537: 
					if (style == 6) return String(CharArray::of(0x67, 0x75, 0x61, 0x6D));
					break;
				case 9: 
					if (style == 6) return String(CharArray::of(0x62, 0x69, 0x73, 0x73, 0x61, 0x75));
					break;
				case 123: 
					if (style == 6) return String(CharArray::of(0x67, 0x75, 0x79, 0x61, 0x6E, 0x61));
					break;
				case 269: 
					if (style == 6) return String(CharArray::of(0x68, 0x6F, 0x6E, 0x67, 0x20, 0x6B, 0x6F, 0x6E, 0x67));
					break;
				case 210: 
					if (style == 6) return String(CharArray::of(0x74, 0x65, 0x67, 0x75));
					break;
				case 486: 
					if (style == 6) return String(CharArray::of(0x74, 0x65, 0x67, 0x75, 0x73, 0x69, 0x67, 0x61, 0x6C, 0x70, 0x61));
					break;
				case 182: 
					if (style == 6) return String(CharArray::of(0x70, 0x6F, 0x72, 0x74, 0x2D, 0x61, 0x75, 0x2D, 0x70, 0x72, 0x69, 0x6E, 0x73, 0x65));
					break;
				case 435: 
					if (style == 6) return String(CharArray::of(0x62, 0x75, 0x1E0D, 0x61, 0x70, 0x65, 0x73, 0x74));
					break;
				case 273: 
					if (style == 6) return String(CharArray::of(0x6A, 0x61, 0x6B, 0x61, 0x72, 0x74, 0x61));
					break;
				case 300: 
					if (style == 6) return String(CharArray::of(0x70, 0x6F, 0x6E, 0x1E6D, 0x69, 0x61, 0x6E, 0x61, 0x6B));
					break;
				case 291: 
					if (style == 6) return String(CharArray::of(0x6D, 0x61, 0x6B, 0x61, 0x73, 0x61, 0x72));
					break;
				case 274: 
					if (style == 6) return String(CharArray::of(0x6A, 0x61, 0x79, 0x61, 0x70, 0x75, 0x72, 0x61));
					break;
				case 439: 
					if (style == 2) return String(CharArray::of(0x61, 0x61, 0x69, 0x72, 0x69, 0x73, 0x20, 0x6D, 0x61, 0x6E, 0x61, 0x6B, 0x61, 0x20, 0x62, 0x65, 0x6C, 0x0101));
					break;
				case 275: 
					if (style == 6) return String(CharArray::of(0x6A, 0x65, 0x72, 0x75, 0x73, 0x61, 0x6C, 0x65, 0x6D));
					break;
				case 443: 
					if (style == 6) return String(CharArray::of(0x61, 0x61, 0x69, 0x6C, 0x20, 0x61, 0x70, 0x20, 0x6D, 0x61, 0x6E));
					break;
				case 252: 
					if (style == 6) return String(CharArray::of(0x6B, 0x6F, 0x6C, 0x6B, 0x61, 0x74, 0x61));
					break;
				case 497: 
					if (style == 6) return String(CharArray::of(0x63, 0x68, 0x61, 0x67, 0x6F, 0x73));
					break;
				case 244: 
					if (style == 6) return String(CharArray::of(0x62, 0x61, 0x67, 0x64, 0x61, 0x64));
					break;
				case 317: 
					if (style == 6) return String(CharArray::of(0x74, 0x65, 0x68, 0x72, 0x61, 0x6E));
					break;
				case 342: 
					if (style == 6) return String(CharArray::of(0x72, 0x65, 0x79, 0x6B, 0x79, 0x61, 0x76, 0x69, 0x6B));
					break;
				case 466: 
					if (style == 6) return String(CharArray::of(0x72, 0x6F, 0x6D));
					break;
				case 445: 
					if (style == 6) return String(CharArray::of(0x6A, 0x65, 0x72, 0x73, 0x69));
					break;
				case 138: 
					if (style == 6) return String(CharArray::of(0x6A, 0x61, 0x6D, 0x61, 0x69, 0x6B, 0x61));
					break;
				case 237: 
					if (style == 6) return String(CharArray::of(0x61, 0x6D, 0x6D, 0x61, 0x6E));
					break;
				case 321: 
					if (style == 6) return String(CharArray::of(0x1E6D, 0x6F, 0x6B, 0x79, 0x6F));
					break;
				case 43: 
					if (style == 6) return String(CharArray::of(0x6E, 0x61, 0x69, 0x72, 0x6F, 0x62, 0x69));
					break;
				case 250: 
					if (style == 6) return String(CharArray::of(0x62, 0x69, 0x73, 0x6B, 0x65, 0x6B));
					break;
				case 299: 
					if (style == 6) return String(CharArray::of(0x70, 0x6E, 0x6F, 0x6D, 0x20, 0x70, 0x65, 0x6E, 0x68));
					break;
				case 540: 
					if (style == 6) return String(CharArray::of(0x6B, 0x61, 0x6E, 0x1E6D, 0x6F, 0x6E));
					break;
				case 541: 
					if (style == 6) return String(CharArray::of(0x6B, 0x69, 0x72, 0x69, 0x74, 0x69, 0x6D, 0x61, 0x74, 0x69));
					break;
				case 561: 
					if (style == 6) return String(CharArray::of(0x74, 0x61, 0x72, 0x61, 0x76, 0x61));
					break;
				case 500: 
					if (style == 6) return String(CharArray::of(0x6B, 0x6F, 0x6D, 0x6F, 0x72, 0x6F));
					break;
				case 205: 
					if (style == 6) return String(CharArray::of(0x73, 0x65, 0x6E, 0x74, 0x20, 0x6B, 0x69, 0x1E6D, 0x1E6D, 0x73));
					break;
				case 301: 
					if (style == 6) return String(CharArray::of(0x70, 0x79, 0x6F, 0x6E, 0x67, 0x79, 0x61, 0x6E, 0x67));
					break;
				case 310: 
					if (style == 6) return String(CharArray::of(0x73, 0x65, 0x6F, 0x6C));
					break;
				case 287: 
					if (style == 6) return String(CharArray::of(0x6B, 0x75, 0x76, 0x61, 0x69, 0x74));
					break;
				case 92: 
					if (style == 6) return String(CharArray::of(0x6B, 0x65, 0x69, 0x6D, 0x61, 0x6E));
					break;
				case 239: 
					if (style == 6) return String(CharArray::of(0x61, 0x6B, 0x74, 0x61, 0x75));
					break;
				case 298: 
					if (style == 6) return String(CharArray::of(0x6F, 0x72, 0x61, 0x6C));
					break;
				case 243: 
					if (style == 6) return String(CharArray::of(0x61, 0x74, 0x61, 0x72, 0x61, 0x75));
					break;
				case 240: 
					if (style == 6) return String(CharArray::of(0x61, 0x61, 0x6B, 0x74, 0x6F, 0x62, 0x65));
					break;
				case 303: 
					if (style == 6) return String(CharArray::of(0x6B, 0x6F, 0x73, 0x1E6D, 0x61, 0x6E, 0x65));
					break;
				case 304: 
					if (style == 6) return String(CharArray::of(0x6B, 0x69, 0x6A, 0x75, 0x6F, 0x72, 0x64, 0x61));
					break;
				case 236: 
					if (style == 6) return String(CharArray::of(0x61, 0x6C, 0x6D, 0x61, 0x1E6D, 0x79));
					break;
				case 328: 
					if (style == 6) return String(CharArray::of(0x76, 0x69, 0x65, 0x6E, 0x1E6D, 0x69, 0x61, 0x61, 0x6E));
					break;
				case 249: 
					if (style == 6) return String(CharArray::of(0x62, 0x65, 0x69, 0x72, 0x75, 0x74));
					break;
				case 206: 
					if (style == 6) return String(CharArray::of(0x73, 0x65, 0x6E, 0x74, 0x20, 0x6C, 0x75, 0x73, 0x69, 0x61));
					break;
				case 480: 
					if (style == 6) return String(CharArray::of(0x76, 0x61, 0x1E0D, 0x75, 0x6A));
					break;
				case 257: 
					if (style == 6) return String(CharArray::of(0x6B, 0x6F, 0x6C, 0x6F, 0x6D, 0x62, 0x6F));
					break;
				case 42: 
					if (style == 6) return String(CharArray::of(0x6D, 0x6F, 0x6E, 0x72, 0x6F, 0x76, 0x69, 0x61));
					break;
				case 39: 
					if (style == 6) return String(CharArray::of(0x6D, 0x61, 0x73, 0x65, 0x72, 0x75));
					break;
				case 483: 
					if (style == 6) return String(CharArray::of(0x76, 0x69, 0x6C, 0x6E, 0x69, 0x75, 0x73));
					break;
				case 453: 
					if (style == 6) return String(CharArray::of(0x6C, 0x6B, 0x73, 0x65, 0x6D, 0x62, 0x72, 0x67));
					break;
				case 465: 
					if (style == 6) return String(CharArray::of(0x72, 0x69, 0x67, 0x61));
					break;
				case 51: 
					if (style == 6) return String(CharArray::of(0x74, 0x72, 0x69, 0x70, 0x6F, 0x6C, 0x69));
					break;
				case 14: 
					if (style == 6) return String(CharArray::of(0x6B, 0x61, 0x73, 0x61, 0x62, 0x6C, 0x61, 0x6E, 0x6B, 0x61));
					break;
				case 458: 
					if (style == 6) return String(CharArray::of(0x6D, 0x6F, 0x6E, 0x61, 0x6B, 0x6F));
					break;
				case 437: 
					if (style == 6) return String(CharArray::of(0x6B, 0x69, 0x73, 0x69, 0x6E, 0x61, 0x75));
					break;
				case 463: 
					if (style == 6) return String(CharArray::of(0x70, 0x1E0D, 0x67, 0x6F, 0x72, 0x69, 0x74, 0x73, 0x61));
					break;
				case 153: 
					if (style == 6) return String(CharArray::of(0x6D, 0x61, 0x72, 0x69, 0x67, 0x6F, 0x1E6D));
					break;
				case 496: 
					if (style == 6) return String(CharArray::of(0x1E6D, 0x61, 0x6E, 0x61, 0x6E, 0x61, 0x72, 0x69, 0x76));
					break;
				case 543: 
					if (style == 6) return String(CharArray::of(0x6B, 0x76, 0x61, 0x6A, 0x61, 0x6C, 0x65, 0x69, 0x6E));
					break;
				case 544: 
					if (style == 6) return String(CharArray::of(0x6D, 0x61, 0x6A, 0x75, 0x72, 0x6F));
					break;
				case 472: 
					if (style == 6) return String(CharArray::of(0x73, 0x6B, 0x6F, 0x70, 0x69));
					break;
				case 6: 
					if (style == 6) return String(CharArray::of(0x62, 0x61, 0x6D, 0x61, 0x6B, 0x6F));
					break;
				case 305: 
					if (style == 6) return String(CharArray::of(0x79, 0x61, 0x6E, 0x67, 0x6F, 0x6E));
					break;
				case 270: 
					if (style == 6) return String(CharArray::of(0x68, 0x6F, 0x76, 0x64));
					break;
				case 324: 
					if (style == 6) return String(CharArray::of(0x75, 0x6C, 0x61, 0x6E, 0x62, 0x61, 0x1E6D, 0x61, 0x72));
					break;
				case 254: 
					if (style == 6) return String(CharArray::of(0x6B, 0x6F, 0x69, 0x62, 0x61, 0x6C, 0x73, 0x61, 0x6E));
					break;
				case 289: 
					if (style == 6) return String(CharArray::of(0x6D, 0x6B, 0x61, 0x6F));
					break;
				case 558: 
					if (style == 6) return String(CharArray::of(0x73, 0x61, 0x69, 0x70, 0x61, 0x6E));
					break;
				case 154: 
					if (style == 6) return String(CharArray::of(0x6D, 0x61, 0x72, 0x1E6D, 0x69, 0x6E, 0x69, 0x6B));
					break;
				case 46: 
					if (style == 6) return String(CharArray::of(0x6E, 0x75, 0x65, 0x6B, 0x73, 0x61));
					break;
				case 167: 
					if (style == 6) return String(CharArray::of(0x6D, 0x6F, 0x6E, 0x1E6D, 0x73, 0x65, 0x72, 0x72, 0x65, 0x1E6D));
					break;
				case 455: 
					if (style == 6) return String(CharArray::of(0x6D, 0x61, 0x6C, 0x1E6D, 0x61));
					break;
				case 504: 
					if (style == 6) return String(CharArray::of(0x6D, 0x61, 0x75, 0x72, 0x69, 0x73, 0x69, 0x75, 0x73));
					break;
				case 503: 
					if (style == 6) return String(CharArray::of(0x6D, 0x61, 0x6C, 0x64, 0x69, 0x76, 0x65, 0x73));
					break;
				case 10: 
					if (style == 6) return String(CharArray::of(0x62, 0x6C, 0x61, 0x6E, 0x1E6D, 0x61, 0x65, 0x72));
					break;
				case 213: 
					if (style == 6) return String(CharArray::of(0x74, 0x69, 0x68, 0x76, 0x61, 0x6E, 0x61));
					break;
				case 126: 
					if (style == 6) return String(CharArray::of(0x65, 0x72, 0x6D, 0x6F, 0x73, 0x69, 0x6A, 0x6F));
					break;
				case 156: 
					if (style == 6) return String(CharArray::of(0x6D, 0x61, 0x73, 0x61, 0x1E6D, 0x6C, 0x61, 0x6E));
					break;
				case 94: 
					if (style == 6) return String(CharArray::of(0x63, 0x68, 0x69, 0x68, 0x75, 0x61, 0x68, 0x75, 0x61));
					break;
				case 77: 
					if (style == 6) return String(CharArray::of(0x62, 0x61, 0x69, 0x61, 0x20, 0x62, 0x61, 0x6E, 0x1E0D, 0x65, 0x72, 0x61, 0x73));
					break;
				case 177: 
					if (style == 6) return String(CharArray::of(0x6F, 0x6A, 0x69, 0x6E, 0x61, 0x67, 0x61));
					break;
				case 164: 
					if (style == 6) return String(CharArray::of(0x6D, 0x6F, 0x6E, 0x1E6D, 0x65, 0x72, 0x72, 0x65));
					break;
				case 161: 
					if (style == 6) return String(CharArray::of(0x6D, 0x65, 0x6B, 0x73, 0x69, 0x63, 0x6F, 0x20, 0x73, 0x69, 0x1E6D, 0x79));
					break;
				case 155: 
					if (style == 6) return String(CharArray::of(0x6D, 0x61, 0x1E6D, 0x61, 0x6D, 0x6F, 0x72, 0x6F, 0x73));
					break;
				case 159: 
					if (style == 6) return String(CharArray::of(0x6D, 0x65, 0x72, 0x69, 0x1E0D, 0x61));
					break;
				case 88: 
					if (style == 6) return String(CharArray::of(0x6B, 0x61, 0x6E, 0x6B, 0x75, 0x6E));
					break;
				case 285: 
					if (style == 6) return String(CharArray::of(0x6B, 0x75, 0x61, 0x6C, 0x61, 0x20, 0x6C, 0x75, 0x6D, 0x70, 0x75, 0x72));
					break;
				case 286: 
					if (style == 6) return String(CharArray::of(0x6B, 0x75, 0x63, 0x69, 0x6E, 0x67));
					break;
				case 38: 
					if (style == 6) return String(CharArray::of(0x6D, 0x61, 0x70, 0x75, 0x1E6D, 0x75));
					break;
				case 53: 
					if (style == 6) return String(CharArray::of(0x76, 0x69, 0x6E, 0x64, 0x68, 0x75, 0x6B));
					break;
				case 550: 
					if (style == 6) return String(CharArray::of(0x6E, 0x75, 0x6D, 0x69, 0x65));
					break;
				case 45: 
					if (style == 6) return String(CharArray::of(0x6E, 0x69, 0x79, 0x61, 0x6D, 0x65));
					break;
				case 549: 
					if (style == 6) return String(CharArray::of(0x6E, 0x6F, 0x72, 0x70, 0x6F, 0x6B));
					break;
				case 31: 
					if (style == 6) return String(CharArray::of(0x6C, 0x61, 0x67, 0x6F, 0x73));
					break;
				case 151: 
					if (style == 6) return String(CharArray::of(0x6D, 0x61, 0x6E, 0x61, 0x67, 0x75, 0x61));
					break;
				case 425: 
					if (style == 6) return String(CharArray::of(0x61, 0x6D, 0x73, 0x1E6D, 0x65, 0x72, 0x1E0D, 0x61, 0x6D));
					break;
				case 461: 
					if (style == 6) return String(CharArray::of(0x6F, 0x73, 0x6C, 0x6F));
					break;
				case 281: 
					if (style == 6) return String(CharArray::of(0x6B, 0x61, 0x1E6D, 0x6D, 0x61, 0x6E, 0x1E0D, 0x75));
					break;
				case 547: 
					if (style == 6) return String(CharArray::of(0x6E, 0x61, 0x75, 0x72, 0x75));
					break;
				case 548: 
					if (style == 6) return String(CharArray::of(0x6E, 0x69, 0x75, 0x65));
					break;
				case 526: 
					if (style == 6) return String(CharArray::of(0x63, 0x65, 0x1E6D, 0x61, 0x6D));
					break;
				case 524: 
					if (style == 6) return String(CharArray::of(0x0101, 0x6B, 0x6C, 0x61, 0x6E, 0x1E0D));
					break;
				case 293: 
					if (style == 6) return String(CharArray::of(0x6D, 0x61, 0x73, 0x6B, 0x61, 0x74));
					break;
				case 178: 
					if (style == 6) return String(CharArray::of(0x70, 0x61, 0x6E, 0x61, 0x6D, 0x61));
					break;
				case 146: 
					if (style == 6) return String(CharArray::of(0x6C, 0x69, 0x6D, 0x61));
					break;
				case 560: 
					if (style == 6) return String(CharArray::of(0x1E6D, 0x61, 0x68, 0x69, 0x1E6D, 0x69));
					break;
				case 545: 
					if (style == 6) return String(CharArray::of(0x6D, 0x61, 0x72, 0x6B, 0x69, 0x73, 0x61, 0x73));
					break;
				case 535: 
					if (style == 6) return String(CharArray::of(0x67, 0x61, 0x6D, 0x62, 0x69, 0x65, 0x72));
					break;
				case 556: 
					if (style == 6) return String(CharArray::of(0x70, 0x6F, 0x72, 0x1E6D, 0x20, 0x6D, 0x6F, 0x72, 0x65, 0x73, 0x62, 0x69));
					break;
				case 525: 
					if (style == 6) return String(CharArray::of(0x62, 0x6F, 0x75, 0x67, 0x61, 0x6E, 0x76, 0x69, 0x6C, 0x6C));
					break;
				case 292: 
					if (style == 6) return String(CharArray::of(0x6D, 0x61, 0x6E, 0x012B, 0x6C, 0x61));
					break;
				case 278: 
					if (style == 6) return String(CharArray::of(0x6B, 0x61, 0x72, 0x61, 0x63, 0x012B));
					break;
				case 485: 
					if (style == 6) return String(CharArray::of(0x76, 0x61, 0x72, 0x73, 0x61));
					break;
				case 162: 
					if (style == 6) return String(CharArray::of(0x6D, 0x69, 0x6B, 0x76, 0x69, 0x6C, 0xF5));
					break;
				case 553: 
					if (style == 6) return String(CharArray::of(0x70, 0x69, 0x1E6D, 0x6B, 0x65, 0x72, 0x6E));
					break;
				case 186: 
					if (style == 6) return String(CharArray::of(0x70, 0x75, 0x65, 0x72, 0x74, 0x6F, 0x20, 0x72, 0x69, 0x6B, 0x6F));
					break;
				case 265: 
					if (style == 6) return String(CharArray::of(0x67, 0x61, 0x6A, 0x61));
					break;
				case 267: 
					if (style == 6) return String(CharArray::of(0x68, 0x65, 0x62, 0x72, 0x6F, 0x6E));
					break;
				case 334: 
					if (style == 6) return String(CharArray::of(0x61, 0x6A, 0x6F, 0x72, 0x65, 0x73));
					break;
				case 341: 
					if (style == 6) return String(CharArray::of(0x6D, 0x61, 0x1E0D, 0x69, 0x65, 0x72, 0x61));
					break;
				case 450: 
					if (style == 6) return String(CharArray::of(0x6C, 0x69, 0x73, 0x62, 0x6F, 0x6E));
					break;
				case 552: 
					if (style == 6) return String(CharArray::of(0x70, 0x61, 0x6C, 0x61, 0x75));
					break;
				case 73: 
					if (style == 6) return String(CharArray::of(0x65, 0x73, 0x75, 0x6E, 0x73, 0x69, 0x6F, 0x6E));
					break;
				case 302: 
					if (style == 6) return String(CharArray::of(0x6B, 0x61, 0x74, 0x61, 0x72));
					break;
				case 506: 
					if (style == 6) return String(CharArray::of(0x72, 0x65, 0x75, 0x6E, 0x69, 0x6F, 0x6E));
					break;
				case 434: 
					if (style == 6) return String(CharArray::of(0x62, 0x75, 0x6B, 0x61, 0x72, 0x65, 0x73, 0x74));
					break;
				case 430: 
					if (style == 6) return String(CharArray::of(0x62, 0x65, 0x6C, 0x67, 0x72, 0x61, 0x1E0D, 0x65));
					break;
				case 446: 
					if (style == 6) return String(CharArray::of(0x6B, 0x61, 0x6C, 0x69, 0x6E, 0x69, 0x6E, 0x67, 0x72, 0x61, 0x1E0D));
					break;
				case 459: 
					if (style == 6) return String(CharArray::of(0x6D, 0x6F, 0x73, 0x6B, 0x6F));
					break;
				case 484: 
					if (style == 6) return String(CharArray::of(0x76, 0x6F, 0x6C, 0x67, 0x6F, 0x67, 0x72, 0x61, 0x1E0D));
					break;
				case 470: 
					if (style == 6) return String(CharArray::of(0x73, 0x61, 0x72, 0x61, 0x1E6D, 0x6F, 0x76));
					break;
				case 427: 
					if (style == 6) return String(CharArray::of(0x61, 0x61, 0x73, 0x1E6D, 0x72, 0x61, 0x68, 0x61, 0x6E));
					break;
				case 478: 
					if (style == 6) return String(CharArray::of(0x75, 0x6C, 0x79, 0x61, 0x6E, 0x6F, 0x76, 0x73, 0x6B));
					break;
				case 448: 
					if (style == 6) return String(CharArray::of(0x6B, 0x69, 0x72, 0x6F, 0x76));
					break;
				case 467: 
					if (style == 6) return String(CharArray::of(0x73, 0x61, 0x6D, 0x61, 0x72, 0x61));
					break;
				case 332: 
					if (style == 6) return String(CharArray::of(0x79, 0x69, 0x6B, 0x61, 0x74, 0x65, 0x72, 0x69, 0x6E, 0x62, 0x75, 0x72, 0x67));
					break;
				case 297: 
					if (style == 6) return String(CharArray::of(0x6F, 0x6D, 0x73, 0x6B));
					break;
				case 296: 
					if (style == 6) return String(CharArray::of(0x6E, 0x6F, 0x76, 0x6F, 0x73, 0x69, 0x62, 0x69, 0x72, 0x73, 0x6B));
					break;
				case 248: 
					if (style == 6) return String(CharArray::of(0x62, 0x61, 0x72, 0x6E, 0x61, 0x75, 0x6C));
					break;
				case 322: 
					if (style == 6) return String(CharArray::of(0x1E6D, 0x6F, 0x6D, 0x73, 0x6B));
					break;
				case 295: 
					if (style == 6) return String(CharArray::of(0x6E, 0x65, 0x76, 0x6F, 0x6B, 0x75, 0x6A, 0x6E, 0x65, 0x1E6D, 0x73, 0x6B));
					break;
				case 284: 
					if (style == 6) return String(CharArray::of(0x6B, 0x72, 0x61, 0x73, 0x6E, 0x65, 0x79, 0x61, 0x72, 0x73, 0x6B));
					break;
				case 271: 
					if (style == 6) return String(CharArray::of(0x69, 0x72, 0x6B, 0x75, 0x1E6D, 0x73, 0x6B));
					break;
				case 253: 
					if (style == 6) return String(CharArray::of(0x63, 0x69, 0x74, 0x61));
					break;
				case 330: 
					if (style == 6) return String(CharArray::of(0x79, 0x61, 0x6B, 0x75, 0x1E6D, 0x73, 0x6B));
					break;
				case 329: 
					if (style == 6) return String(CharArray::of(0x76, 0x6C, 0x61, 0x1E0D, 0x69, 0x76, 0x6F, 0x73, 0x1E6D, 0x6F, 0x6B));
					break;
				case 282: 
					if (style == 6) return String(CharArray::of(0x6B, 0x61, 0x6E, 0x64, 0x69, 0x67, 0x61));
					break;
				case 308: 
					if (style == 6) return String(CharArray::of(0x73, 0x61, 0x68, 0x61, 0x6C, 0x69, 0x6E));
					break;
				case 327: 
					if (style == 6) return String(CharArray::of(0x79, 0x75, 0x73, 0x74, 0x2D, 0x6E, 0x65, 0x72, 0x61));
					break;
				case 290: 
					if (style == 6) return String(CharArray::of(0x6D, 0x65, 0x67, 0x61, 0x1E0D, 0x61, 0x6E));
					break;
				case 313: 
					if (style == 6) return String(CharArray::of(0x73, 0x72, 0x65, 0x1E0D, 0x6E, 0x65, 0x6B, 0x6F, 0x6C, 0x79, 0x6D, 0x73, 0x6B));
					break;
				case 277: 
					if (style == 6) return String(CharArray::of(0x6B, 0x61, 0x6D, 0x63, 0x61, 0x1E6D, 0x6B, 0x61));
					break;
				case 238: 
					if (style == 6) return String(CharArray::of(0x61, 0x6E, 0x61, 0x1E0D, 0x69, 0x72));
					break;
				case 29: 
					if (style == 6) return String(CharArray::of(0x6B, 0x69, 0x67, 0x61, 0x6C, 0x69));
					break;
				case 306: 
					if (style == 6) return String(CharArray::of(0x72, 0x69, 0x79, 0x61, 0x64));
					break;
				case 536: 
					if (style == 6) return String(CharArray::of(0x67, 0x75, 0x61, 0x1E0D, 0x61, 0x6C, 0x6B, 0x65, 0x6E, 0x61, 0x6C));
					break;
				case 502: 
					if (style == 6) return String(CharArray::of(0x6D, 0x61, 0x68, 0x65));
					break;
				case 28: 
					if (style == 6) return String(CharArray::of(0x6B, 0x61, 0x72, 0x1E6D, 0x6F, 0x75, 0x6D));
					break;
				case 474: 
					if (style == 6) return String(CharArray::of(0x73, 0x1E6D, 0x6F, 0x6B, 0x68, 0x6F, 0x6D));
					break;
				case 312: 
					if (style == 6) return String(CharArray::of(0x73, 0x69, 0x6E, 0x67, 0x61, 0x70, 0x6F, 0x72));
					break;
				case 344: 
					if (style == 6) return String(CharArray::of(0x73, 0x65, 0x6E, 0x74, 0x20, 0x68, 0x65, 0x6C, 0x65, 0x6E, 0x61));
					break;
				case 451: 
					if (style == 6) return String(CharArray::of(0x6C, 0x79, 0x75, 0x62, 0x6C, 0x79, 0x61, 0x6E, 0x61));
					break;
				case 234: 
					if (style == 6) return String(CharArray::of(0x6C, 0x6E, 0x67, 0x79, 0x61, 0x72, 0x62, 0x79, 0x65, 0x6E));
					break;
				case 432: 
					if (style == 6) return String(CharArray::of(0x62, 0x72, 0x61, 0x1E6D, 0x69, 0x73, 0x6C, 0x61, 0x76, 0x61));
					break;
				case 22: 
					if (style == 6) return String(CharArray::of(0x70, 0x72, 0x012B, 0x1E6D, 0x61, 0x75, 0x6E));
					break;
				case 468: 
					if (style == 6) return String(CharArray::of(0x73, 0x61, 0x6E, 0x20, 0x6D, 0x61, 0x72, 0x69, 0x6E, 0x6F));
					break;
				case 17: 
					if (style == 6) return String(CharArray::of(0x1E0D, 0x6B, 0x61, 0x72));
					break;
				case 41: 
					if (style == 6) return String(CharArray::of(0x6D, 0x6F, 0x67, 0x61, 0x1E0D, 0x69, 0x73, 0x75));
					break;
				case 180: 
					if (style == 6) return String(CharArray::of(0x70, 0x61, 0x72, 0x61, 0x6D, 0x61, 0x72, 0x69, 0x62, 0x6F));
					break;
				case 26: 
					if (style == 6) return String(CharArray::of(0x6A, 0x75, 0x62, 0x61));
					break;
				case 49: 
					if (style == 6) return String(CharArray::of(0x73, 0x61, 0x6F, 0x20, 0x1E6D, 0x6F, 0x6D));
					break;
				case 110: 
					if (style == 6) return String(CharArray::of(0x65, 0x6C, 0x20, 0x73, 0x61, 0x6C, 0x76, 0x61, 0x1E0D, 0x6F, 0x72));
					break;
				case 149: 
					if (style == 6) return String(CharArray::of(0x6C, 0x6F, 0x76, 0x65, 0x72, 0x20, 0x70, 0x72, 0x69, 0x6E, 0x63, 0x2019, 0x73, 0x20, 0x6B, 0x75, 0x76, 0x61, 0x1E6D, 0x61, 0x72));
					break;
				case 259: 
					if (style == 6) return String(CharArray::of(0x1E0D, 0x61, 0x6D, 0x61, 0x73, 0x6B, 0x75, 0x73));
					break;
				case 40: 
					if (style == 6) return String(CharArray::of(0x6D, 0x62, 0x61, 0x62, 0x61, 0x6E, 0x65));
					break;
				case 118: 
					if (style == 6) return String(CharArray::of(0x67, 0x72, 0x61, 0x6E, 0x1E0D, 0x20, 0x1E6D, 0x75, 0x72, 0x6B));
					break;
				case 44: 
					if (style == 6) return String(CharArray::of(0x6E, 0x6A, 0x61, 0x6D, 0x65, 0x6E, 0x61));
					break;
				case 501: 
					if (style == 6) return String(CharArray::of(0x6B, 0x65, 0x72, 0x67, 0x75, 0x65, 0x6C, 0x65, 0x6E));
					break;
				case 33: 
					if (style == 6) return String(CharArray::of(0x6C, 0x6F, 0x6D));
					break;
				case 247: 
					if (style == 6) return String(CharArray::of(0x62, 0x61, 0x6E, 0x67, 0x6B, 0x6F, 0x6B));
					break;
				case 263: 
					if (style == 6) return String(CharArray::of(0x64, 0x75, 0x73, 0x61, 0x6D, 0x62, 0x65));
					break;
				case 531: 
					if (style == 6) return String(CharArray::of(0x70, 0x61, 0x6B, 0x61, 0x6F, 0x70, 0x6F));
					break;
				case 261: 
					if (style == 6) return String(CharArray::of(0x1E0D, 0x69, 0x6C, 0x69));
					break;
				case 241: 
					if (style == 6) return String(CharArray::of(0x61, 0x73, 0x67, 0x61, 0x62, 0x61, 0x1E6D));
					break;
				case 52: 
					if (style == 6) return String(CharArray::of(0x1E6D, 0x75, 0x6E, 0x69, 0x73));
					break;
				case 562: 
					if (style == 6) return String(CharArray::of(0x1E6D, 0x6F, 0x6E, 0x67, 0x61, 0x1E6D, 0x61, 0x70, 0x75));
					break;
				case 444: 
					if (style == 6) return String(CharArray::of(0x69, 0x73, 0x74, 0x61, 0x6E, 0x62, 0x75, 0x6C));
					break;
				case 183: 
					if (style == 6) return String(CharArray::of(0x70, 0x6F, 0x72, 0x1E6D, 0x20, 0x61, 0x70, 0x20, 0x73, 0x70, 0x61, 0x69, 0x6E));
					break;
				case 533: 
					if (style == 6) return String(CharArray::of(0x70, 0x75, 0x6E, 0x61, 0x70, 0x75, 0x74, 0x69));
					break;
				case 314: 
					if (style == 6) return String(CharArray::of(0x74, 0x61, 0x69, 0x70, 0x65, 0x69));
					break;
				case 18: 
					if (style == 6) return String(CharArray::of(0x64, 0x61, 0x72, 0x20, 0x65, 0x73, 0x20, 0x73, 0x61, 0x6C, 0x61, 0x61, 0x6D));
					break;
				case 447: 
					if (style == 6) return String(CharArray::of(0x6B, 0x69, 0x79, 0x76));
					break;
				case 471: 
					if (style == 6) return String(CharArray::of(0x73, 0x69, 0x6D, 0x70, 0x65, 0x72, 0x6F, 0x70, 0x6F, 0x6C));
					break;
				case 27: 
					if (style == 6) return String(CharArray::of(0x6B, 0x6D, 0x70, 0x61, 0x6C, 0x61));
					break;
				case 546: 
					if (style == 6) return String(CharArray::of(0x6D, 0x69, 0x1E0D, 0x76, 0x61, 0x79));
					break;
				case 564: 
					if (style == 6) return String(CharArray::of(0x76, 0x65, 0x6B));
					break;
				case 54: 
					if (style == 6) return String(CharArray::of(0x61, 0x1E0D, 0x61, 0x6B));
					break;
				case 171: 
					if (style == 6) return String(CharArray::of(0x6E, 0x6F, 0x6D));
					break;
				case 55: 
					if (style == 6) return String(CharArray::of(0x61, 0x6E, 0x6B, 0x6F, 0x72, 0x61, 0x6A));
					break;
				case 220: 
					if (style == 6) return String(CharArray::of(0x79, 0x61, 0x6B, 0x75, 0x1E6D, 0x61, 0x1E6D));
					break;
				case 202: 
					if (style == 6) return String(CharArray::of(0x73, 0x69, 0x74, 0x6B, 0x61));
					break;
				case 140: 
					if (style == 6) return String(CharArray::of(0x6A, 0x75, 0x6E, 0x6F, 0x76));
					break;
				case 160: 
					if (style == 6) return String(CharArray::of(0x6D, 0x65, 0x1E6D, 0x6C, 0x61, 0x6B, 0x61, 0x1E6D, 0x6C, 0x61));
					break;
				case 147: 
					if (style == 6) return String(CharArray::of(0x6C, 0x6F, 0x73, 0x20, 0x61, 0x6E, 0x6A, 0x65, 0x6C, 0x65, 0x73));
					break;
				case 84: 
					if (style == 6) return String(CharArray::of(0x62, 0x6F, 0x69, 0x73, 0x012B));
					break;
				case 181: 
					if (style == 6) return String(CharArray::of(0x70, 0x69, 0x6E, 0x69, 0x6B, 0x73));
					break;
				case 105: 
					if (style == 6) return String(CharArray::of(0x1E0D, 0x65, 0x6E, 0x76, 0x65, 0x72));
					break;
				case 173: 
					if (style == 6) return String(CharArray::of(0x62, 0x69, 0x79, 0x75, 0x6C, 0x61, 0x2C, 0x20, 0x75, 0x74, 0x74, 0x61, 0x72, 0x20, 0x1E0D, 0x61, 0x6B, 0x6F, 0x1E6D, 0x61));
					break;
				case 175: 
					if (style == 6) return String(CharArray::of(0x6E, 0x65, 0x75, 0x20, 0x73, 0x61, 0x6C, 0x65, 0x6D, 0x2C, 0x20, 0x75, 0x74, 0x74, 0x61, 0x72, 0x20, 0x1E0D, 0x61, 0x6B, 0x6F, 0x1E6D, 0x61));
					break;
				case 174: 
					if (style == 6) return String(CharArray::of(0x6D, 0x61, 0x1E0D, 0x69, 0x6E, 0x012B, 0x20, 0x75, 0x74, 0x74, 0x61, 0x72, 0x20, 0x1E0D, 0x61, 0x6B, 0x6F, 0x1E6D, 0x61));
					break;
				case 93: 
					if (style == 6) return String(CharArray::of(0x63, 0x69, 0x6B, 0x61, 0x67, 0x6F));
					break;
				case 158: 
					if (style == 6) return String(CharArray::of(0x6D, 0x65, 0x6E, 0x6F, 0x6D, 0x69, 0x6E, 0x012B));
					break;
				case 133: 
					if (style == 6) return String(CharArray::of(0x76, 0x69, 0x6E, 0x63, 0x65, 0x6E, 0x73, 0x2C, 0x20, 0x69, 0x6E, 0x1E0D, 0x69, 0x79, 0x61, 0x6E, 0x61));
					break;
				case 130: 
					if (style == 6) return String(CharArray::of(0x70, 0x69, 0x1E6D, 0x74, 0x72, 0x73, 0x62, 0x65, 0x72, 0x67, 0x2C, 0x20, 0x69, 0x6E, 0x1E0D, 0x69, 0x79, 0x61, 0x6E, 0x61));
					break;
				case 131: 
					if (style == 6) return String(CharArray::of(0x1E6D, 0x65, 0x6C, 0x6C, 0x20, 0x73, 0x69, 0x74, 0x79, 0x2C, 0x20, 0x69, 0x6E, 0x1E0D, 0x69, 0x79, 0x61, 0x6E, 0x61));
					break;
				case 128: 
					if (style == 6) return String(CharArray::of(0x6E, 0x6F, 0x6B, 0x73, 0x2C, 0x20, 0x69, 0x6E, 0x1E0D, 0x69, 0x79, 0x61, 0x6E, 0x61));
					break;
				case 134: 
					if (style == 6) return String(CharArray::of(0x76, 0x69, 0x6E, 0x61, 0x6D, 0x61, 0x6B, 0x2C, 0x20, 0x69, 0x6E, 0x1E0D, 0x69, 0x79, 0x61, 0x6E, 0x61));
					break;
				case 129: 
					if (style == 6) return String(CharArray::of(0x6D, 0x61, 0x72, 0x65, 0x6E, 0x67, 0x6F, 0x2C, 0x20, 0x69, 0x6E, 0x1E0D, 0x69, 0x79, 0x61, 0x6E, 0x61));
					break;
				case 135: 
					if (style == 6) return String(CharArray::of(0x69, 0x6E, 0x1E0D, 0x69, 0x61, 0x6E, 0x61, 0x70, 0x6F, 0x6C, 0x69, 0x73));
					break;
				case 148: 
					if (style == 6) return String(CharArray::of(0x6C, 0x6F, 0x75, 0x69, 0x76, 0x69, 0x6C, 0x6C, 0x65));
					break;
				case 132: 
					if (style == 6) return String(CharArray::of(0x76, 0x69, 0x76, 0x69, 0x2C, 0x20, 0x69, 0x6E, 0x1E0D, 0x69, 0x79, 0x61, 0x6E, 0x61));
					break;
				case 142: 
					if (style == 6) return String(CharArray::of(0x6D, 0x6F, 0x6E, 0x1E6D, 0x69, 0x73, 0x65, 0x6C, 0x6C, 0x6F, 0x2C, 0x20, 0x6B, 0x65, 0x6E, 0x1E6D, 0x75, 0x6B, 0x012B));
					break;
				case 106: 
					if (style == 6) return String(CharArray::of(0x1E0D, 0x65, 0x1E6D, 0x72, 0x6F, 0x69, 0x1E6D));
					break;
				case 169: 
					if (style == 6) return String(CharArray::of(0x6E, 0x69, 0x79, 0x75, 0x20, 0x79, 0x6F, 0x72, 0x6B));
					break;
				case 165: 
					if (style == 6) return String(CharArray::of(0x6D, 0x6F, 0x6E, 0x1E6D, 0x65, 0x76, 0x69, 0x64, 0x69, 0x6F));
					break;
				case 309: 
					if (style == 6) return String(CharArray::of(0x73, 0x61, 0x6D, 0x61, 0x72, 0x6B, 0x61, 0x6E, 0x64));
					break;
				case 315: 
					if (style == 6) return String(CharArray::of(0x74, 0x61, 0x73, 0x6B, 0x65, 0x6E, 0x1E6D));
					break;
				case 481: 
					if (style == 6) return String(CharArray::of(0x76, 0x61, 0x1E6D, 0x69, 0x6B, 0x61, 0x6E));
					break;
				case 208: 
					if (style == 6) return String(CharArray::of(0x73, 0x65, 0x6E, 0x1E6D, 0x20, 0x76, 0x69, 0x6E, 0x73, 0x65, 0x6E, 0x1E6D));
					break;
				case 89: 
					if (style == 6) return String(CharArray::of(0x6B, 0x61, 0x72, 0x61, 0x6B, 0x61, 0x73));
					break;
				case 215: 
					if (style == 6) return String(CharArray::of(0x1E6D, 0x6F, 0x72, 0x1E6D, 0x6F, 0x6C, 0x61));
					break;
				case 207: 
					if (style == 6) return String(CharArray::of(0x73, 0x65, 0x6E, 0x1E6D, 0x20, 0x74, 0x6F, 0x6D, 0x61, 0x73));
					break;
				case 307: 
					if (style == 6) return String(CharArray::of(0x68, 0x6F, 0x20, 0x63, 0x69, 0x20, 0x6D, 0x69, 0x6E, 0x68, 0x20, 0x73, 0x69, 0x74, 0x69));
					break;
				case 529: 
					if (style == 6) return String(CharArray::of(0x69, 0x70, 0x65, 0x1E6D, 0x65));
					break;
				case 565: 
					if (style == 6) return String(CharArray::of(0x76, 0x61, 0x6C, 0x6C, 0x69, 0x73));
					break;
				case 523: 
					if (style == 6) return String(CharArray::of(0x61, 0x70, 0x69, 0x61));
					break;
				case 235: 
					if (style == 6) return String(CharArray::of(0x65, 0x1E0D, 0x65, 0x6E));
					break;
				case 505: 
					if (style == 6) return String(CharArray::of(0x6D, 0x61, 0x79, 0x6F, 0x1E6D));
					break;
				case 25: 
					if (style == 6) return String(CharArray::of(0x6A, 0x6F, 0x68, 0x61, 0x6E, 0x6E, 0x65, 0x73, 0x62, 0x75, 0x72, 0x67));
					break;
				case 36: 
					if (style == 6) return String(CharArray::of(0x6C, 0x75, 0x73, 0x61, 0x6B, 0x61));
					break;
				case 24: 
					if (style == 6) return String(CharArray::of(0x68, 0x72, 0x61, 0x72, 0x65));
					break;
            default: break;
            }
            return String();
        }
        
        String Kxv::displayGlobalTimezone(gint tz, gint style) const {
            switch(tz) {
				case 1: 
				if (style == 1) return String(CharArray::of(0x61, 0x61, 0x70, 0x67, 0x61, 0x6E, 0x69, 0x73, 0x74, 0x61, 0x6E, 0x20, 0x62, 0x65, 0x6C, 0x0101));
					break;
				case 2: 
				if (style == 1) return String(CharArray::of(0x6D, 0x61, 0x64, 0x69, 0x6E, 0x69, 0x20, 0x61, 0x61, 0x70, 0x72, 0x69, 0x6B, 0x61, 0x20, 0x62, 0x65, 0x6C, 0x0101));
					break;
				case 3: 
				if (style == 1) return String(CharArray::of(0x76, 0x65, 0x1E0D, 0x61, 0x20, 0x68, 0x70, 0x75, 0x20, 0x61, 0x61, 0x70, 0x72, 0x69, 0x6B, 0x61, 0x20, 0x62, 0x65, 0x6C, 0x0101));
					break;
				case 4: 
				if (style == 1) return String(CharArray::of(0x64, 0x6B, 0x69, 0x1E47, 0x20, 0x61, 0x61, 0x70, 0x72, 0x69, 0x6B, 0x61, 0x20, 0x62, 0x65, 0x6C, 0x0101));
					break;
				case 5: 
				if (style == 0) return String(CharArray::of(0x76, 0x65, 0x1E0D, 0x61, 0x6B, 0x75, 0x1E47, 0x70, 0x75, 0x20, 0x61, 0x61, 0x70, 0x72, 0x69, 0x6B, 0x61, 0x20, 0x62, 0x65, 0x6C, 0x0101));
				if (style == 1) return String(CharArray::of(0x76, 0x65, 0x1E0D, 0x61, 0x20, 0x6B, 0x75, 0x1E47, 0x70, 0x75, 0x20, 0x61, 0x61, 0x70, 0x72, 0x69, 0x6B, 0x61, 0x20, 0x6D, 0x61, 0x6E, 0x61, 0x6E, 0x6B, 0x61, 0x20, 0x62, 0x65, 0x6C, 0x0101));
				if (style == 2) return String(CharArray::of(0x76, 0x65, 0x1E0D, 0x61, 0x20, 0x6B, 0x75, 0x1E47, 0x70, 0x75, 0x20, 0x61, 0x61, 0x70, 0x72, 0x69, 0x6B, 0x61, 0x20, 0x6B, 0x61, 0x72, 0xE3, 0x20, 0x62, 0x65, 0x6C, 0x0101));
					break;
				case 6: 
				if (style == 0) return String(CharArray::of(0x61, 0x6C, 0x61, 0x73, 0x6B, 0x61, 0x20, 0x62, 0x65, 0x6C, 0x0101));
				if (style == 1) return String(CharArray::of(0x61, 0x6C, 0x61, 0x73, 0x6B, 0x61, 0x20, 0x6D, 0x61, 0x6E, 0x61, 0x6E, 0x6B, 0x61, 0x20, 0x62, 0x65, 0x6C, 0x0101));
				if (style == 2) return String(CharArray::of(0x61, 0x6C, 0x61, 0x73, 0x6B, 0x61, 0x20, 0x1E0D, 0x65, 0x6C, 0x61, 0x61, 0x69, 0x1E6D, 0x20, 0x62, 0x65, 0x6C, 0x0101));
					break;
				case 8: 
				if (style == 0) return String(CharArray::of(0x0101, 0x6D, 0x61, 0x6A, 0x6F, 0x6E, 0x20, 0x62, 0x65, 0x6C, 0x0101));
				if (style == 1) return String(CharArray::of(0x0101, 0x6D, 0x61, 0x6A, 0x6F, 0x6E, 0x20, 0x6D, 0x61, 0x6E, 0x61, 0x6E, 0x6B, 0x61, 0x20, 0x62, 0x65, 0x6C, 0x0101));
				if (style == 2) return String(CharArray::of(0x0101, 0x6D, 0x61, 0x6A, 0x6F, 0x6E, 0x20, 0x6B, 0x61, 0x72, 0xE3, 0x20, 0x6D, 0x61, 0x73, 0x61, 0x20, 0x62, 0x65, 0x6C, 0x0101));
					break;
				case 9: 
				if (style == 0) return String(CharArray::of(0x6D, 0x61, 0x64, 0x69, 0x6E, 0x012B, 0x20, 0x62, 0x65, 0x6C, 0x0101));
				if (style == 1) return String(CharArray::of(0x6D, 0x61, 0x64, 0x69, 0x6E, 0x012B, 0x20, 0x6D, 0x61, 0x6E, 0x61, 0x6E, 0x6B, 0x61, 0x20, 0x62, 0x65, 0x6C, 0x0101));
				if (style == 2) return String(CharArray::of(0x6D, 0x61, 0x64, 0x69, 0x6E, 0x012B, 0x20, 0x1E0D, 0x65, 0x6C, 0x61, 0x61, 0x69, 0x1E6D, 0x20, 0x62, 0x65, 0x6C, 0x0101));
					break;
				case 10: 
				if (style == 0) return String(CharArray::of(0x76, 0x65, 0x1E0D, 0x61, 0x68, 0x61, 0x70, 0x75, 0x20, 0x62, 0x65, 0x6C, 0x0101));
				if (style == 1) return String(CharArray::of(0x76, 0x65, 0x1E0D, 0x61, 0x68, 0x61, 0x70, 0x75, 0x20, 0x6D, 0x61, 0x6E, 0x61, 0x6E, 0x6B, 0x61, 0x20, 0x62, 0x65, 0x6C, 0x0101));
				if (style == 2) return String(CharArray::of(0x76, 0x65, 0x1E0D, 0x61, 0x68, 0x61, 0x70, 0x75, 0x20, 0x1E0D, 0x65, 0x6C, 0x61, 0x61, 0x69, 0x1E6D, 0x20, 0x62, 0x65, 0x6C, 0x0101));
					break;
				case 11: 
				if (style == 0) return String(CharArray::of(0x68, 0x61, 0x72, 0x6B, 0x61, 0x20, 0x62, 0x65, 0x6C, 0x0101));
				if (style == 1) return String(CharArray::of(0x68, 0x61, 0x72, 0x6B, 0x61, 0x20, 0x6D, 0x61, 0x6E, 0x61, 0x6E, 0x6B, 0x61, 0x20, 0x62, 0x65, 0x6C, 0x0101));
				if (style == 2) return String(CharArray::of(0x68, 0x61, 0x72, 0x6B, 0x61, 0x20, 0x1E0D, 0x65, 0x6C, 0x61, 0x61, 0x69, 0x1E6D, 0x20, 0x62, 0x65, 0x6C, 0x0101));
					break;
				case 12: 
				if (style == 0) return String(CharArray::of(0x70, 0x65, 0x73, 0x69, 0x70, 0x69, 0x6B, 0x20, 0x62, 0x65, 0x6C, 0x0101));
				if (style == 1) return String(CharArray::of(0x70, 0x65, 0x73, 0x69, 0x70, 0x69, 0x6B, 0x20, 0x6D, 0x61, 0x6E, 0x61, 0x6E, 0x6B, 0x61, 0x20, 0x62, 0x65, 0x6C, 0x0101));
				if (style == 2) return String(CharArray::of(0x70, 0x65, 0x73, 0x69, 0x70, 0x69, 0x6B, 0x20, 0x1E0D, 0x65, 0x6C, 0x61, 0x61, 0x69, 0x1E6D, 0x20, 0x62, 0x65, 0x6C, 0x0101));
					break;
				case 14: 
				if (style == 0) return String(CharArray::of(0x65, 0x70, 0x69, 0x0101, 0x20, 0x62, 0x65, 0x6C, 0x0101));
				if (style == 1) return String(CharArray::of(0x65, 0x70, 0x69, 0x0101, 0x20, 0x6D, 0x0101, 0x6E, 0x0101, 0x6E, 0x6B, 0x61, 0x20, 0x62, 0x65, 0x6C, 0x0101));
				if (style == 2) return String(CharArray::of(0x65, 0x70, 0x69, 0x0101, 0x20, 0x64, 0x65, 0x6C, 0x0101, 0x69, 0x74, 0x20, 0x62, 0x65, 0x6C, 0x0101));
					break;
				case 17: 
				if (style == 0) return String(CharArray::of(0x0101, 0x72, 0x62, 0x69, 0x0101, 0x74, 0x69, 0x20, 0x62, 0x65, 0x6C, 0x0101));
				if (style == 1) return String(CharArray::of(0x0101, 0x72, 0x62, 0x69, 0x0101, 0x74, 0x69, 0x20, 0x6D, 0x0101, 0x6E, 0x0101, 0x6E, 0x6B, 0x61, 0x20, 0x62, 0x65, 0x6C, 0x0101));
				if (style == 2) return String(CharArray::of(0x0101, 0x72, 0x62, 0x69, 0x0101, 0x74, 0x69, 0x20, 0x64, 0x65, 0x6C, 0x0101, 0x69, 0x74, 0x20, 0x62, 0x65, 0x6C, 0x0101));
					break;
				case 18: 
				if (style == 0) return String(CharArray::of(0x0101, 0x72, 0x6A, 0x65, 0x6E, 0x1E6D, 0x69, 0x6E, 0x0101, 0x20, 0x62, 0x65, 0x6C, 0x0101));
				if (style == 1) return String(CharArray::of(0x0101, 0x72, 0x6A, 0x65, 0x6E, 0x1E6D, 0x69, 0x6E, 0x0101, 0x20, 0x6D, 0x0101, 0x6E, 0x0101, 0x6E, 0x6B, 0x61, 0x20, 0x62, 0x65, 0x6C, 0x0101));
				if (style == 2) return String(CharArray::of(0x0101, 0x72, 0x6A, 0x65, 0x6E, 0x1E6D, 0x69, 0x6E, 0x0101, 0x20, 0x6B, 0x0101, 0x72, 0x7E, 0x0101, 0x20, 0x62, 0x65, 0x6C, 0x0101, 0x20, 0x62, 0x65, 0x6C, 0x0101));
					break;
				case 19: 
				if (style == 0) return String(CharArray::of(0x77, 0x65, 0x1E0D, 0x0101, 0x6B, 0x75, 0x1E47, 0x75, 0x70, 0x75, 0x20, 0x0101, 0x72, 0x6A, 0x65, 0x6E, 0x1E6D, 0x69, 0x6E, 0x0101, 0x20, 0x62, 0x65, 0x6C, 0x0101));
				if (style == 1) return String(CharArray::of(0x77, 0x65, 0x1E0D, 0x0101, 0x6B, 0x75, 0x1E47, 0x75, 0x70, 0x75, 0x20, 0x0101, 0x72, 0x6A, 0x65, 0x6E, 0x1E6D, 0x69, 0x6E, 0x0101, 0x20, 0x6D, 0x0101, 0x6E, 0x0101, 0x6E, 0x6B, 0x61, 0x20, 0x62, 0x65, 0x6C, 0x0101));
				if (style == 2) return String(CharArray::of(0x77, 0x65, 0x1E0D, 0x0101, 0x6B, 0x75, 0x1E47, 0x75, 0x70, 0x75, 0x20, 0x0101, 0x72, 0x6A, 0x65, 0x6E, 0x1E6D, 0x69, 0x6E, 0x0101, 0x20, 0x6B, 0x0101, 0x72, 0x7E, 0x0101, 0x20, 0x62, 0x65, 0x6C, 0x0101));
					break;
				case 20: 
				if (style == 0) return String(CharArray::of(0x0101, 0x72, 0x6D, 0x65, 0x6E, 0x69, 0x0101, 0x20, 0x62, 0x65, 0x6C, 0x0101));
				if (style == 1) return String(CharArray::of(0x0101, 0x72, 0x6D, 0x65, 0x6E, 0x69, 0x0101, 0x20, 0x6D, 0x0101, 0x6E, 0x0101, 0x6E, 0x6B, 0x61, 0x20, 0x62, 0x65, 0x6C, 0x0101));
				if (style == 2) return String(CharArray::of(0x0101, 0x72, 0x6D, 0x65, 0x6E, 0x69, 0x0101, 0x20, 0x6B, 0x0101, 0x72, 0x7E, 0x0101, 0x20, 0x62, 0x65, 0x6C, 0x0101));
					break;
				case 21: 
				if (style == 0) return String(CharArray::of(0x0101, 0x1E6D, 0x6C, 0x0101, 0x6E, 0x1E6D, 0x69, 0x6B, 0x20, 0x62, 0x65, 0x6C, 0x0101));
				if (style == 1) return String(CharArray::of(0x0101, 0x1E6D, 0x6C, 0x0101, 0x6E, 0x1E6D, 0x69, 0x6B, 0x20, 0x6D, 0x0101, 0x6E, 0x0101, 0x6E, 0x6B, 0x61, 0x20, 0x62, 0x65, 0x6C, 0x0101));
				if (style == 2) return String(CharArray::of(0x0101, 0x1E6D, 0x6C, 0x0101, 0x6E, 0x1E6D, 0x69, 0x6B, 0x20, 0x64, 0x65, 0x6C, 0x0101, 0x69, 0x1E6D, 0x20, 0x62, 0x65, 0x6C, 0x0101));
					break;
				case 22: 
				if (style == 0) return String(CharArray::of(0x6D, 0x0101, 0x64, 0x69, 0x6E, 0x0101, 0x20, 0x0101, 0x73, 0x74, 0x72, 0x65, 0x6C, 0x69, 0x0101, 0x20, 0x62, 0x65, 0x6C, 0x0101));
				if (style == 1) return String(CharArray::of(0x0101, 0x73, 0x74, 0x72, 0x65, 0x6C, 0x69, 0x0101, 0x74, 0x69, 0x20, 0x6D, 0x0101, 0x64, 0x69, 0x6E, 0x0101, 0x20, 0x6D, 0x0101, 0x6E, 0x0101, 0x6E, 0x6B, 0x61, 0x20, 0x62, 0x65, 0x6C, 0x0101));
				if (style == 2) return String(CharArray::of(0x0101, 0x73, 0x74, 0x72, 0x65, 0x6C, 0x69, 0x0101, 0x74, 0x69, 0x20, 0x6D, 0x0101, 0x64, 0x69, 0x6E, 0x0101, 0x20, 0x64, 0x65, 0x6C, 0x0101, 0x69, 0x1E6D, 0x20, 0x62, 0x65, 0x6C, 0x0101));
					break;
				case 23: 
				if (style == 0) return String(CharArray::of(0x0101, 0x73, 0x74, 0x72, 0x65, 0x6C, 0x69, 0x0101, 0x74, 0x69, 0x20, 0x6D, 0x0101, 0x64, 0x69, 0x6E, 0x0101, 0x20, 0x77, 0x65, 0x1E0D, 0x0101, 0x6B, 0x75, 0x1E47, 0x75, 0x70, 0x75, 0x20, 0x62, 0x65, 0x6C, 0x0101));
				if (style == 1) return String(CharArray::of(0x0101, 0x73, 0x74, 0x72, 0x65, 0x6C, 0x69, 0x0101, 0x74, 0x69, 0x20, 0x6D, 0x0101, 0x64, 0x69, 0x6E, 0x0101, 0x20, 0x77, 0x65, 0x1E0D, 0x0101, 0x6B, 0x75, 0x1E47, 0x75, 0x70, 0x75, 0x20, 0x6D, 0x0101, 0x6E, 0x0101, 0x6E, 0x6B, 0x61, 0x20, 0x62, 0x65, 0x6C, 0x0101));
				if (style == 2) return String(CharArray::of(0x0101, 0x73, 0x74, 0x72, 0x65, 0x6C, 0x69, 0x0101, 0x74, 0x69, 0x20, 0x6D, 0x0101, 0x64, 0x69, 0x6E, 0x0101, 0x20, 0x77, 0x65, 0x1E0D, 0x0101, 0x6B, 0x75, 0x1E47, 0x75, 0x70, 0x75, 0x20, 0x64, 0x65, 0x6C, 0x0101, 0x69, 0x1E6D, 0x20, 0x62, 0x65, 0x6C, 0x0101));
					break;
				case 24: 
				if (style == 0) return String(CharArray::of(0x77, 0x65, 0x1E0D, 0x0101, 0x68, 0x61, 0x70, 0x75, 0x20, 0x0101, 0x73, 0x74, 0x72, 0x61, 0x6C, 0x69, 0x0101, 0x20, 0x62, 0x65, 0x6C, 0x0101));
				if (style == 1) return String(CharArray::of(0x0101, 0x73, 0x74, 0x72, 0x65, 0x6C, 0x69, 0x0101, 0x74, 0x69, 0x20, 0x77, 0x65, 0x1E0D, 0x0101, 0x68, 0x61, 0x70, 0x016B, 0x20, 0x6D, 0x0101, 0x6E, 0x0101, 0x6E, 0x6B, 0x61, 0x20, 0x62, 0x65, 0x6C, 0x0101));
				if (style == 2) return String(CharArray::of(0x0101, 0x73, 0x74, 0x72, 0x65, 0x6C, 0x69, 0x0101, 0x74, 0x69, 0x20, 0x77, 0x65, 0x1E0D, 0x0101, 0x68, 0x61, 0x70, 0x016B, 0x20, 0x64, 0x65, 0x6C, 0x0101, 0x69, 0x74, 0x69, 0x20, 0x62, 0x65, 0x6C, 0x0101));
					break;
				case 25: 
				if (style == 0) return String(CharArray::of(0x77, 0x65, 0x1E0D, 0x0101, 0x6B, 0x75, 0x1E47, 0x75, 0x70, 0x016B, 0x20, 0x0101, 0x73, 0x74, 0x72, 0x65, 0x6C, 0x69, 0x0101, 0x20, 0x62, 0x65, 0x6C, 0x0101));
				if (style == 1) return String(CharArray::of(0x0101, 0x73, 0x74, 0x72, 0x65, 0x6C, 0x69, 0x0101, 0x74, 0x69, 0x20, 0x77, 0x65, 0x1E0D, 0x0101, 0x6B, 0x75, 0x1E47, 0x75, 0x70, 0x016B, 0x20, 0x6D, 0x0101, 0x6E, 0x0101, 0x6E, 0x6B, 0x61, 0x20, 0x62, 0x65, 0x6C, 0x0101));
				if (style == 2) return String(CharArray::of(0x0101, 0x73, 0x74, 0x72, 0x65, 0x6C, 0x69, 0x0101, 0x74, 0x69, 0x20, 0x77, 0x65, 0x1E0D, 0x0101, 0x6B, 0x75, 0x1E47, 0x75, 0x70, 0x016B, 0x20, 0x64, 0x65, 0x6C, 0x0101, 0x69, 0x1E6D, 0x20, 0x62, 0x65, 0x6C, 0x0101));
					break;
				case 26: 
				if (style == 0) return String(CharArray::of(0x0101, 0x6A, 0x65, 0x72, 0x62, 0x0101, 0x69, 0x6A, 0x0101, 0x6E, 0x20, 0x62, 0x65, 0x6C, 0x0101));
				if (style == 1) return String(CharArray::of(0x0101, 0x6A, 0x65, 0x72, 0x62, 0x0101, 0x69, 0x6A, 0x0101, 0x6E, 0x20, 0x6D, 0x0101, 0x6E, 0x0101, 0x6E, 0x6B, 0x61, 0x20, 0x62, 0x65, 0x6C, 0x0101));
				if (style == 2) return String(CharArray::of(0x0101, 0x6A, 0x65, 0x72, 0x62, 0x0101, 0x69, 0x6A, 0x0101, 0x6E, 0x20, 0x6B, 0x0101, 0x72, 0x7E, 0x0101, 0x20, 0x62, 0x65, 0x6C, 0x0101));
					break;
				case 27: 
				if (style == 0) return String(CharArray::of(0x61, 0x6A, 0x6F, 0x72, 0x65, 0x73, 0x20, 0x62, 0x65, 0x6C, 0x0101));
				if (style == 1) return String(CharArray::of(0x61, 0x6A, 0x6F, 0x72, 0x65, 0x73, 0x20, 0x6D, 0x0101, 0x6E, 0x0101, 0x6E, 0x6B, 0x61, 0x20, 0x62, 0x65, 0x6C, 0x0101));
				if (style == 2) return String(CharArray::of(0x61, 0x6A, 0x6F, 0x72, 0x65, 0x73, 0x20, 0x6B, 0x0101, 0x72, 0x7E, 0x0101, 0x20, 0x62, 0x65, 0x6C, 0x0101));
					break;
				case 28: 
				if (style == 0) return String(CharArray::of(0x62, 0x0101, 0x6E, 0x67, 0x6C, 0x0101, 0x64, 0x65, 0x73, 0x20, 0x62, 0x65, 0x6C, 0x0101));
				if (style == 1) return String(CharArray::of(0x62, 0x0101, 0x6E, 0x67, 0x6C, 0x0101, 0x64, 0x65, 0x73, 0x20, 0x6D, 0x0101, 0x6E, 0x0101, 0x6E, 0x6B, 0x61, 0x20, 0x62, 0x65, 0x6C, 0x0101));
				if (style == 2) return String(CharArray::of(0x62, 0x0101, 0x6E, 0x67, 0x6C, 0x0101, 0x64, 0x65, 0x73, 0x20, 0x6B, 0x0101, 0x72, 0x7E, 0x0101, 0x20, 0x62, 0x65, 0x6C, 0x0101));
					break;
				case 29: 
				if (style == 1) return String(CharArray::of(0x62, 0x75, 0x74, 0x0101, 0x6E, 0x20, 0x62, 0x65, 0x6C, 0x0101));
					break;
				case 30: 
				if (style == 1) return String(CharArray::of(0x62, 0x6F, 0x6C, 0x77, 0x69, 0x0101, 0x20, 0x62, 0x65, 0x6C, 0x0101));
					break;
				case 31: 
				if (style == 0) return String(CharArray::of(0x62, 0x72, 0x0101, 0x6A, 0x69, 0x6C, 0x69, 0x0101, 0x20, 0x62, 0x65, 0x6C, 0x0101));
				if (style == 1) return String(CharArray::of(0x62, 0x72, 0x0101, 0x6A, 0x69, 0x6C, 0x69, 0x0101, 0x20, 0x6D, 0x0101, 0x6E, 0x0101, 0x6E, 0x6B, 0x61, 0x20, 0x62, 0x65, 0x6C, 0x0101));
				if (style == 2) return String(CharArray::of(0x62, 0x72, 0x0101, 0x6A, 0x69, 0x6C, 0x69, 0x0101, 0x20, 0x6B, 0x0101, 0x72, 0x7E, 0x0101, 0x20, 0x62, 0x65, 0x6C, 0x0101));
					break;
				case 32: 
				if (style == 1) return String(CharArray::of(0x62, 0x72, 0x75, 0x6E, 0x65, 0x74, 0x69, 0x20, 0x64, 0x0101, 0x72, 0x75, 0x73, 0x0101, 0x6C, 0x0101, 0x6D, 0x20, 0x62, 0x65, 0x6C, 0x0101));
					break;
				case 33: 
				if (style == 0) return String(CharArray::of(0x6B, 0x65, 0x70, 0x20, 0x62, 0x1E0D, 0x20, 0x62, 0x65, 0x6C, 0x0101));
				if (style == 1) return String(CharArray::of(0x6B, 0x65, 0x70, 0x20, 0x62, 0x1E0D, 0x20, 0x6D, 0x0101, 0x6E, 0x0101, 0x6E, 0x6B, 0x61, 0x20, 0x62, 0x65, 0x6C, 0x0101));
				if (style == 2) return String(CharArray::of(0x6B, 0x65, 0x70, 0x20, 0x62, 0x1E0D, 0x20, 0x6B, 0x0101, 0x72, 0x7E, 0x0101, 0x20, 0x62, 0x65, 0x6C, 0x0101));
					break;
				case 35: 
				if (style == 1) return String(CharArray::of(0x63, 0x0101, 0x6D, 0x6F, 0x72, 0x20, 0x6D, 0x0101, 0x6E, 0x0101, 0x6E, 0x6B, 0x61, 0x20, 0x62, 0x65, 0x6C, 0x0101));
					break;
				case 36: 
				if (style == 0) return String(CharArray::of(0x63, 0x79, 0x0101, 0x74, 0x0101, 0x6D, 0x20, 0x62, 0x65, 0x6C, 0x0101));
				if (style == 1) return String(CharArray::of(0x63, 0x79, 0x0101, 0x74, 0x0101, 0x6D, 0x20, 0x6D, 0x0101, 0x6E, 0x0101, 0x6E, 0x6B, 0x61, 0x20, 0x62, 0x65, 0x6C, 0x0101));
				if (style == 2) return String(CharArray::of(0x63, 0x79, 0x0101, 0x74, 0x0101, 0x6D, 0x20, 0x64, 0x65, 0x6C, 0x0101, 0x69, 0x74, 0x20, 0x62, 0x65, 0x6C, 0x0101));
					break;
				case 37: 
				if (style == 0) return String(CharArray::of(0x63, 0x69, 0x6E, 0x69, 0x20, 0x62, 0x65, 0x6C, 0x0101));
				if (style == 1) return String(CharArray::of(0x63, 0x69, 0x6C, 0x69, 0x20, 0x6D, 0x0101, 0x6E, 0x0101, 0x6E, 0x6B, 0x61, 0x20, 0x62, 0x65, 0x6C, 0x0101));
				if (style == 2) return String(CharArray::of(0x63, 0x69, 0x6C, 0x69, 0x20, 0x6B, 0x0101, 0x72, 0x7E, 0x0101, 0x20, 0x62, 0x65, 0x6C, 0x0101));
					break;
				case 38: 
				if (style == 0) return String(CharArray::of(0x63, 0x69, 0x6E, 0x20, 0x62, 0x65, 0x6C, 0x0101));
				if (style == 1) return String(CharArray::of(0x63, 0x69, 0x6E, 0x20, 0x6D, 0x0101, 0x6E, 0x0101, 0x6E, 0x6B, 0x61, 0x20, 0x62, 0x65, 0x6C, 0x0101));
				if (style == 2) return String(CharArray::of(0x63, 0x69, 0x6E, 0x20, 0x64, 0x65, 0x6C, 0x0101, 0x69, 0x1E6D, 0x20, 0x62, 0x65, 0x6C, 0x0101));
					break;
				case 39: 
				if (style == 0) return String(CharArray::of(0x6B, 0x6F, 0x69, 0x62, 0x0101, 0x6C, 0x73, 0x6E, 0x20, 0x62, 0x65, 0x6C, 0x0101));
				if (style == 1) return String(CharArray::of(0x6B, 0x6F, 0x69, 0x62, 0x0101, 0x6C, 0x73, 0x6E, 0x20, 0x6D, 0x0101, 0x6E, 0x0101, 0x6E, 0x6B, 0x61, 0x20, 0x62, 0x65, 0x6C, 0x0101));
				if (style == 2) return String(CharArray::of(0x6B, 0x6F, 0x69, 0x62, 0x0101, 0x6C, 0x73, 0x6E, 0x20, 0x6B, 0x0101, 0x72, 0x7E, 0x0101, 0x20, 0x62, 0x65, 0x6C, 0x0101));
					break;
				case 40: 
				if (style == 1) return String(CharArray::of(0x6B, 0x72, 0x69, 0x73, 0x6D, 0x0101, 0x73, 0x20, 0x64, 0x012B, 0x70, 0x20, 0x62, 0x65, 0x6C, 0x0101));
					break;
				case 41: 
				if (style == 1) return String(CharArray::of(0x6B, 0x6F, 0x6B, 0x6F, 0x73, 0x20, 0x64, 0x012B, 0x70, 0x20, 0x62, 0x65, 0x6C, 0x0101));
					break;
				case 42: 
				if (style == 0) return String(CharArray::of(0x6B, 0x6F, 0x6C, 0x6F, 0x6D, 0x62, 0x69, 0x0101, 0x20, 0x62, 0x65, 0x6C, 0x0101));
				if (style == 1) return String(CharArray::of(0x6B, 0x6F, 0x6C, 0x6F, 0x6D, 0x62, 0x69, 0x0101, 0x20, 0x6D, 0x0101, 0x6E, 0x0101, 0x6E, 0x6B, 0x61, 0x20, 0x62, 0x65, 0x6C, 0x0101));
				if (style == 2) return String(CharArray::of(0x6B, 0x6F, 0x6C, 0x6F, 0x6D, 0x62, 0x69, 0x0101, 0x20, 0x6B, 0x0101, 0x72, 0x7E, 0x0101, 0x20, 0x62, 0x65, 0x6C, 0x0101));
					break;
				case 43: 
				if (style == 0) return String(CharArray::of(0x6B, 0x75, 0x6B, 0x20, 0x64, 0x012B, 0x70, 0x20, 0x62, 0x65, 0x6C, 0x0101));
				if (style == 1) return String(CharArray::of(0x6B, 0x75, 0x6B, 0x20, 0x64, 0x012B, 0x70, 0x20, 0x6D, 0x0101, 0x6E, 0x0101, 0x6E, 0x6B, 0x61, 0x20, 0x62, 0x65, 0x6C, 0x0101));
				if (style == 2) return String(CharArray::of(0x6B, 0x75, 0x6B, 0x20, 0x64, 0x012B, 0x70, 0x20, 0x0101, 0x64, 0x0101, 0x20, 0x6B, 0x0101, 0x72, 0x7E, 0x0101, 0x20, 0x62, 0x65, 0x6C, 0x0101));
					break;
				case 44: 
				if (style == 0) return String(CharArray::of(0x6B, 0x75, 0x62, 0x0101, 0x20, 0x62, 0x65, 0x6C, 0x0101));
				if (style == 1) return String(CharArray::of(0x6B, 0x75, 0x62, 0x0101, 0x20, 0x6D, 0x0101, 0x6E, 0x0101, 0x6E, 0x6B, 0x61, 0x20, 0x62, 0x65, 0x6C, 0x0101));
				if (style == 2) return String(CharArray::of(0x6B, 0x75, 0x62, 0x0101, 0x20, 0x64, 0x65, 0x6C, 0x0101, 0x69, 0x1E6D, 0x20, 0x62, 0x65, 0x6C, 0x0101));
					break;
				case 45: 
				if (style == 1) return String(CharArray::of(0x64, 0x65, 0x62, 0x69, 0x73, 0x20, 0x62, 0x65, 0x6C, 0x0101));
					break;
				case 46: 
				if (style == 1) return String(CharArray::of(0x1E0D, 0x75, 0x6D, 0x6F, 0x6E, 0x1E6D, 0x20, 0x1E0D, 0x69, 0x20, 0x61, 0x72, 0x77, 0x69, 0x6C, 0x0113, 0x20, 0x62, 0x65, 0x6C, 0x0101));
					break;
				case 47: 
				if (style == 1) return String(CharArray::of(0x77, 0x65, 0x1E0D, 0x0101, 0x68, 0x61, 0x70, 0x75, 0x20, 0x74, 0x69, 0x6D, 0x6F, 0x72, 0x20, 0x62, 0x65, 0x6C, 0x0101));
					break;
				case 48: 
				if (style == 0) return String(CharArray::of(0x69, 0x73, 0x1E6D, 0x72, 0x20, 0x64, 0x012B, 0x70, 0x20, 0x62, 0x65, 0x6C, 0x0101));
				if (style == 1) return String(CharArray::of(0x69, 0x73, 0x1E6D, 0x72, 0x20, 0x64, 0x012B, 0x70, 0x20, 0x6D, 0x0101, 0x6E, 0x0101, 0x6E, 0x6B, 0x61, 0x20, 0x62, 0x65, 0x6C, 0x0101));
				if (style == 2) return String(CharArray::of(0x69, 0x73, 0x1E6D, 0x72, 0x20, 0x64, 0x012B, 0x70, 0x20, 0x6B, 0x0101, 0x72, 0x7E, 0x0101, 0x20, 0x62, 0x65, 0x6C, 0x0101));
					break;
				case 49: 
				if (style == 1) return String(CharArray::of(0x69, 0x71, 0x75, 0x0101, 0x1E0D, 0x6F, 0x72, 0x20, 0x62, 0x65, 0x6C, 0x0101));
					break;
				case 50: 
				if (style == 0) return String(CharArray::of(0x6D, 0x0101, 0x64, 0x69, 0x6E, 0x0101, 0x20, 0x79, 0x75, 0x72, 0x6F, 0x70, 0x69, 0x0101, 0x74, 0x69, 0x20, 0x62, 0x65, 0x6C, 0x0101));
				if (style == 1) return String(CharArray::of(0x6D, 0x0101, 0x64, 0x69, 0x6E, 0x0101, 0x20, 0x79, 0x75, 0x72, 0x6F, 0x70, 0x69, 0x0101, 0x74, 0x69, 0x20, 0x6D, 0x0101, 0x6E, 0x0101, 0x6E, 0x6B, 0x61, 0x20, 0x62, 0x65, 0x6C, 0x0101));
				if (style == 2) return String(CharArray::of(0x6D, 0x0101, 0x64, 0x69, 0x6E, 0x0101, 0x20, 0x79, 0x75, 0x72, 0x6F, 0x70, 0x69, 0x0101, 0x74, 0x69, 0x20, 0x6B, 0x0101, 0x72, 0x7E, 0x0101, 0x20, 0x62, 0x65, 0x6C, 0x0101));
					break;
				case 51: 
				if (style == 0) return String(CharArray::of(0x77, 0x65, 0x1E0D, 0x0101, 0x68, 0x70, 0x75, 0x20, 0x79, 0x75, 0x72, 0x6F, 0x70, 0x69, 0x0101, 0x74, 0x69, 0x20, 0x62, 0x65, 0x6C, 0x0101));
				if (style == 1) return String(CharArray::of(0x77, 0x65, 0x1E0D, 0x0101, 0x68, 0x70, 0x75, 0x20, 0x79, 0x75, 0x72, 0x6F, 0x70, 0x69, 0x0101, 0x74, 0x69, 0x20, 0x6D, 0x0101, 0x6E, 0x0101, 0x6E, 0x6B, 0x61, 0x20, 0x62, 0x65, 0x6C, 0x0101));
				if (style == 2) return String(CharArray::of(0x77, 0x65, 0x1E0D, 0x0101, 0x68, 0x70, 0x75, 0x20, 0x79, 0x75, 0x72, 0x6F, 0x70, 0x69, 0x0101, 0x74, 0x69, 0x20, 0x6B, 0x0101, 0x72, 0x7E, 0x0101, 0x20, 0x62, 0x65, 0x6C, 0x0101));
					break;
				case 52: 
				if (style == 1) return String(CharArray::of(0x61, 0x72, 0x20, 0x77, 0x65, 0x1E0D, 0x0101, 0x68, 0x70, 0x75, 0x20, 0x79, 0x75, 0x72, 0x6F, 0x70, 0x61, 0x74, 0x69, 0x20, 0x62, 0x65, 0x6C, 0x0101));
					break;
				case 53: 
				if (style == 0) return String(CharArray::of(0x77, 0x65, 0x1E0D, 0x0101, 0x6B, 0x016B, 0x1E47, 0x016B, 0x70, 0x75, 0x20, 0x79, 0x75, 0x72, 0x6F, 0x70, 0x69, 0x0101, 0x74, 0x69, 0x20, 0x62, 0x65, 0x6C, 0x0101));
				if (style == 1) return String(CharArray::of(0x77, 0x65, 0x1E0D, 0x0101, 0x6B, 0x016B, 0x1E47, 0x016B, 0x70, 0x75, 0x20, 0x79, 0x75, 0x72, 0x6F, 0x70, 0x69, 0x0101, 0x74, 0x69, 0x20, 0x6D, 0x0101, 0x6E, 0x0101, 0x6E, 0x6B, 0x61, 0x20, 0x62, 0x65, 0x6C, 0x0101));
				if (style == 2) return String(CharArray::of(0x77, 0x65, 0x1E0D, 0x0101, 0x6B, 0x016B, 0x1E47, 0x016B, 0x70, 0x75, 0x20, 0x79, 0x75, 0x72, 0x6F, 0x70, 0x69, 0x0101, 0x74, 0x69, 0x20, 0x6B, 0x0101, 0x72, 0x7E, 0x0101, 0x20, 0x62, 0x65, 0x6C, 0x0101));
					break;
				case 54: 
				if (style == 0) return String(CharArray::of(0x70, 0x61, 0x6B, 0x6C, 0x79, 0x0101, 0x6E, 0x1E0D, 0x20, 0x64, 0x012B, 0x70, 0x61, 0x74, 0x69, 0x20, 0x62, 0x65, 0x6C, 0x0101));
				if (style == 1) return String(CharArray::of(0x70, 0x61, 0x6B, 0x6C, 0x79, 0x0101, 0x6E, 0x1E0D, 0x20, 0x64, 0x012B, 0x70, 0x61, 0x74, 0x69, 0x20, 0x6D, 0x0101, 0x6E, 0x0101, 0x6E, 0x6B, 0x61, 0x20, 0x62, 0x65, 0x6C, 0x0101));
				if (style == 2) return String(CharArray::of(0x70, 0x61, 0x6B, 0x6C, 0x79, 0x0101, 0x6E, 0x1E0D, 0x20, 0x64, 0x012B, 0x70, 0x61, 0x74, 0x69, 0x20, 0x6B, 0x0101, 0x72, 0x7E, 0x0101, 0x20, 0x62, 0x65, 0x6C, 0x0101));
					break;
				case 55: 
				if (style == 0) return String(CharArray::of(0x70, 0x69, 0x6A, 0x69, 0x20, 0x62, 0x65, 0x6C, 0x0101));
				if (style == 1) return String(CharArray::of(0x70, 0x69, 0x6A, 0x69, 0x20, 0x6D, 0x0101, 0x6E, 0x0101, 0x6E, 0x6B, 0x61, 0x20, 0x62, 0x65, 0x6C, 0x0101));
				if (style == 2) return String(CharArray::of(0x70, 0x69, 0x6A, 0x69, 0x20, 0x6B, 0x0101, 0x72, 0x7E, 0x0101, 0x20, 0x62, 0x65, 0x6C, 0x0101));
					break;
				case 56: 
				if (style == 1) return String(CharArray::of(0x70, 0x72, 0x65, 0x6E, 0x63, 0x68, 0x20, 0x67, 0x75, 0x79, 0x0101, 0x6E, 0x20, 0x62, 0x65, 0x6C, 0x0101));
					break;
				case 57: 
				if (style == 1) return String(CharArray::of(0x70, 0x72, 0x65, 0x6E, 0x63, 0x20, 0x64, 0x61, 0x6B, 0x69, 0x1E47, 0x20, 0x61, 0x1E0D, 0x65, 0x20, 0x61, 0x61, 0x6E, 0x1E6D, 0x0101, 0x72, 0x6B, 0x1E6D, 0x69, 0x6B, 0x20, 0x62, 0x65, 0x6C, 0x0101));
					break;
				case 59: 
				if (style == 1) return String(CharArray::of(0x67, 0x0101, 0x6C, 0x0101, 0x70, 0x6F, 0x67, 0x73, 0x20, 0x62, 0x65, 0x6C, 0x0101));
					break;
				case 60: 
				if (style == 1) return String(CharArray::of(0x67, 0x61, 0x6D, 0x62, 0x69, 0x79, 0x72, 0x20, 0x62, 0x65, 0x6C, 0x0101));
					break;
				case 61: 
				if (style == 0) return String(CharArray::of(0x6A, 0x61, 0x72, 0x6A, 0x012B, 0x0101, 0x20, 0x62, 0x65, 0x6C, 0x0101));
				if (style == 1) return String(CharArray::of(0x6A, 0x61, 0x72, 0x6A, 0x69, 0x0101, 0x20, 0x6D, 0x0101, 0x6E, 0x0101, 0x6E, 0x6B, 0x61, 0x20, 0x62, 0x65, 0x6C, 0x0101));
				if (style == 2) return String(CharArray::of(0x6A, 0x61, 0x72, 0x6A, 0x69, 0x0101, 0x20, 0x6B, 0x0101, 0x72, 0x7E, 0x0101, 0x20, 0x62, 0x65, 0x6C, 0x0101));
					break;
				case 62: 
				if (style == 1) return String(CharArray::of(0x67, 0x012B, 0x6C, 0x62, 0x72, 0x1E6D, 0x20, 0x64, 0x012B, 0x70, 0x20, 0x62, 0x65, 0x6C, 0x0101));
					break;
				case 58: 
				if (style == 1) return String(CharArray::of(0x67, 0x72, 0x69, 0x6E, 0x77, 0x69, 0x63, 0x20, 0x6D, 0x012B, 0x6E, 0x20, 0x62, 0x65, 0x6C, 0x0101));
					break;
				case 64: 
				if (style == 0) return String(CharArray::of(0x77, 0x65, 0x1E0D, 0x0101, 0x68, 0x70, 0x75, 0x20, 0x67, 0x72, 0x69, 0x6E, 0x6C, 0x0101, 0x6E, 0x64, 0x20, 0x62, 0x65, 0x6C, 0x0101));
				if (style == 1) return String(CharArray::of(0x77, 0x65, 0x1E0D, 0x0101, 0x68, 0x70, 0x75, 0x20, 0x67, 0x72, 0x69, 0x6E, 0x6C, 0x0101, 0x6E, 0x64, 0x20, 0x6D, 0x0101, 0x6E, 0x0101, 0x6E, 0x6B, 0x61, 0x20, 0x62, 0x65, 0x6C, 0x0101));
				if (style == 2) return String(CharArray::of(0x77, 0x65, 0x1E0D, 0x0101, 0x68, 0x70, 0x75, 0x20, 0x67, 0x72, 0x69, 0x6E, 0x6C, 0x0101, 0x6E, 0x64, 0x20, 0x6B, 0x0101, 0x72, 0x7E, 0x0101, 0x20, 0x62, 0x65, 0x6C, 0x0101));
					break;
				case 65: 
				if (style == 0) return String(CharArray::of(0x77, 0x65, 0x1E0D, 0x61, 0x6B, 0x016B, 0x1E47, 0x016B, 0x70, 0x20, 0x67, 0x72, 0x69, 0x6E, 0x6C, 0x0101, 0x6E, 0x1E0D, 0x20, 0x62, 0x65, 0x6C, 0x0101));
				if (style == 1) return String(CharArray::of(0x77, 0x65, 0x1E0D, 0x61, 0x6B, 0x016B, 0x1E47, 0x016B, 0x70, 0x20, 0x67, 0x72, 0x69, 0x6E, 0x6C, 0x0101, 0x6E, 0x1E0D, 0x20, 0x6D, 0x0101, 0x6E, 0x0101, 0x6E, 0x6B, 0x61, 0x20, 0x62, 0x65, 0x6C, 0x0101));
				if (style == 2) return String(CharArray::of(0x77, 0x65, 0x1E0D, 0x61, 0x6B, 0x016B, 0x1E47, 0x016B, 0x70, 0x20, 0x67, 0x72, 0x69, 0x6E, 0x6C, 0x0101, 0x6E, 0x1E0D, 0x20, 0x6B, 0x0101, 0x72, 0x7E, 0x0101, 0x20, 0x62, 0x65, 0x6C, 0x0101));
					break;
				case 67: 
				if (style == 1) return String(CharArray::of(0x67, 0x61, 0x6C, 0x70, 0x20, 0x6D, 0x0101, 0x6E, 0x0101, 0x6E, 0x6B, 0x61, 0x20, 0x62, 0x65, 0x6C, 0x0101));
					break;
				case 68: 
				if (style == 1) return String(CharArray::of(0x67, 0x75, 0x79, 0x0101, 0x6E, 0x20, 0x62, 0x65, 0x6C, 0x0101));
					break;
				case 69: 
				if (style == 0) return String(CharArray::of(0x68, 0x0101, 0x77, 0x0101, 0x65, 0x2D, 0x20, 0x61, 0x61, 0x6C, 0x016B, 0x73, 0x0101, 0x6E, 0x20, 0x62, 0x65, 0x6C, 0x0101));
				if (style == 1) return String(CharArray::of(0x68, 0x0101, 0x77, 0x0101, 0x65, 0x2D, 0x20, 0x61, 0x61, 0x6C, 0x016B, 0x73, 0x0101, 0x6E, 0x20, 0x6D, 0x0101, 0x6E, 0x0101, 0x6E, 0x6B, 0x61, 0x20, 0x62, 0x65, 0x6C, 0x0101));
				if (style == 2) return String(CharArray::of(0x68, 0x0101, 0x77, 0x0101, 0x65, 0x2D, 0x20, 0x61, 0x61, 0x6C, 0x016B, 0x73, 0x0101, 0x6E, 0x20, 0x1E0D, 0x65, 0x6C, 0x0101, 0x69, 0x1E6D, 0x20, 0x62, 0x65, 0x6C, 0x0101));
					break;
				case 70: 
				if (style == 0) return String(CharArray::of(0x68, 0x61, 0x6E, 0x67, 0x20, 0x6B, 0x61, 0x6E, 0x67, 0x20, 0x62, 0x65, 0x6C, 0x0101));
				if (style == 1) return String(CharArray::of(0x68, 0x61, 0x6E, 0x67, 0x20, 0x6B, 0x61, 0x6E, 0x67, 0x20, 0x6D, 0x0101, 0x6E, 0x0101, 0x6E, 0x6B, 0x61, 0x20, 0x62, 0x65, 0x6C, 0x0101));
				if (style == 2) return String(CharArray::of(0x68, 0x61, 0x6E, 0x67, 0x20, 0x6B, 0x61, 0x6E, 0x67, 0x20, 0x6B, 0x0101, 0x72, 0x7E, 0x0101, 0x20, 0x62, 0x65, 0x6C, 0x0101));
					break;
				case 71: 
				if (style == 0) return String(CharArray::of(0x68, 0x77, 0x6F, 0x1E0D, 0x20, 0x62, 0x65, 0x6C, 0x0101));
				if (style == 1) return String(CharArray::of(0x68, 0x77, 0x6F, 0x1E0D, 0x20, 0x6D, 0x0101, 0x6E, 0x0101, 0x6E, 0x6B, 0x61, 0x20, 0x62, 0x65, 0x6C, 0x0101));
				if (style == 2) return String(CharArray::of(0x68, 0x77, 0x6F, 0x1E0D, 0x20, 0x6B, 0x0101, 0x72, 0x7E, 0x0101, 0x20, 0x62, 0x65, 0x6C, 0x0101));
					break;
				case 72: 
				if (style == 1) return String(CharArray::of(0x62, 0x0101, 0x72, 0x61, 0x74, 0x20, 0x6D, 0x0101, 0x6E, 0x0101, 0x6E, 0x6B, 0x61, 0x20, 0x62, 0x65, 0x6C, 0x0101));
					break;
				case 73: 
				if (style == 1) return String(CharArray::of(0x62, 0x0101, 0x72, 0x61, 0x74, 0x20, 0x6B, 0x0101, 0x6A, 0x0101, 0x20, 0x62, 0x65, 0x6C, 0x0101));
					break;
				case 74: 
				if (style == 1) return String(CharArray::of(0x69, 0x6E, 0x1E0D, 0x6F, 0x63, 0x69, 0x6E, 0x0101, 0x20, 0x62, 0x65, 0x6C, 0x0101));
					break;
				case 75: 
				if (style == 1) return String(CharArray::of(0x6D, 0x0101, 0x64, 0x69, 0x6E, 0x69, 0x20, 0x69, 0x6E, 0x1E0D, 0x6E, 0x65, 0x73, 0x69, 0x0101, 0x20, 0x62, 0x65, 0x6C, 0x0101));
					break;
				case 76: 
				if (style == 1) return String(CharArray::of(0x77, 0x65, 0x1E0D, 0x0101, 0x68, 0x70, 0x75, 0x20, 0x69, 0x6E, 0x1E0D, 0x6E, 0x65, 0x73, 0x69, 0x0101, 0x20, 0x62, 0x65, 0x6C, 0x0101));
					break;
				case 77: 
				if (style == 1) return String(CharArray::of(0x77, 0x65, 0x1E0D, 0x0101, 0x6B, 0x016B, 0x1E47, 0x70, 0x016B, 0x20, 0x69, 0x6E, 0x1E0D, 0x6E, 0x65, 0x73, 0x69, 0x0101, 0x20, 0x62, 0x65, 0x6C, 0x0101));
					break;
				case 78: 
				if (style == 0) return String(CharArray::of(0x69, 0x72, 0x0101, 0x6E, 0x20, 0x62, 0x65, 0x6C, 0x0101));
				if (style == 1) return String(CharArray::of(0x69, 0x72, 0x0101, 0x6E, 0x20, 0x6D, 0x0101, 0x6E, 0x0101, 0x6E, 0x6B, 0x61, 0x20, 0x62, 0x65, 0x6C, 0x0101));
				if (style == 2) return String(CharArray::of(0x69, 0x72, 0x0101, 0x6E, 0x20, 0x1E0D, 0x65, 0x6C, 0x0101, 0x69, 0x1E6D, 0x20, 0x62, 0x65, 0x6C, 0x0101));
					break;
				case 79: 
				if (style == 0) return String(CharArray::of(0x012B, 0x72, 0x6B, 0x75, 0x73, 0x74, 0x61, 0x6B, 0x20, 0x62, 0x65, 0x6C, 0x0101));
				if (style == 1) return String(CharArray::of(0x012B, 0x72, 0x6B, 0x75, 0x73, 0x74, 0x61, 0x6B, 0x20, 0x6D, 0x0101, 0x6E, 0x0101, 0x6E, 0x6B, 0x61, 0x20, 0x62, 0x65, 0x6C, 0x0101));
				if (style == 2) return String(CharArray::of(0x012B, 0x72, 0x6B, 0x75, 0x73, 0x74, 0x61, 0x6B, 0x20, 0x6B, 0x0101, 0x72, 0x7E, 0x0101, 0x20, 0x62, 0x65, 0x6C, 0x0101));
					break;
				case 80: 
				if (style == 0) return String(CharArray::of(0x69, 0x6A, 0x61, 0x72, 0x0101, 0x012B, 0x6C, 0x20, 0x62, 0x65, 0x6C, 0x0101));
				if (style == 1) return String(CharArray::of(0x69, 0x6A, 0x61, 0x72, 0x0101, 0x012B, 0x6C, 0x20, 0x6D, 0x0101, 0x6E, 0x0101, 0x6E, 0x6B, 0x61, 0x20, 0x62, 0x65, 0x6C, 0x0101));
				if (style == 2) return String(CharArray::of(0x69, 0x6A, 0x61, 0x72, 0x0101, 0x012B, 0x6C, 0x20, 0x1E0D, 0x65, 0x6C, 0x0101, 0x69, 0x1E6D, 0x20, 0x62, 0x65, 0x6C, 0x0101));
					break;
				case 81: 
				if (style == 0) return String(CharArray::of(0x6A, 0x0101, 0x70, 0x0101, 0x6E, 0x20, 0x62, 0x65, 0x6C, 0x0101));
				if (style == 1) return String(CharArray::of(0x6A, 0x0101, 0x70, 0x0101, 0x6E, 0x20, 0x6D, 0x0101, 0x6E, 0x0101, 0x6E, 0x6B, 0x61, 0x20, 0x62, 0x65, 0x6C, 0x0101));
				if (style == 2) return String(CharArray::of(0x6A, 0x0101, 0x70, 0x0101, 0x6E, 0x20, 0x1E0D, 0x65, 0x6C, 0x0101, 0x69, 0x1E6D, 0x20, 0x62, 0x65, 0x6C, 0x0101));
					break;
				case 83: 
				if (style == 1) return String(CharArray::of(0x6B, 0x0101, 0x6A, 0x0101, 0x6B, 0x73, 0x74, 0x0101, 0x6E, 0x20, 0x62, 0x65, 0x6C, 0x0101));
					break;
				case 84: 
				if (style == 1) return String(CharArray::of(0x77, 0x65, 0x1E0D, 0x0101, 0x68, 0x61, 0x70, 0x75, 0x20, 0x6B, 0x0101, 0x6A, 0x0101, 0x6B, 0x73, 0x74, 0x0101, 0x6E, 0x20, 0x62, 0x65, 0x6C, 0x0101));
					break;
				case 85: 
				if (style == 1) return String(CharArray::of(0x77, 0x65, 0x1E0D, 0x0101, 0x6B, 0x016B, 0x1E47, 0x70, 0x016B, 0x20, 0x6B, 0x0101, 0x6A, 0x0101, 0x6B, 0x73, 0x74, 0x0101, 0x6E, 0x20, 0x62, 0x65, 0x6C, 0x0101));
					break;
				case 86: 
				if (style == 0) return String(CharArray::of(0x6B, 0x6F, 0x72, 0x69, 0x0101, 0x6E, 0x20, 0x62, 0x65, 0x6C, 0x0101));
				if (style == 1) return String(CharArray::of(0x6B, 0x6F, 0x72, 0x69, 0x0101, 0x6E, 0x20, 0x6D, 0x0101, 0x6E, 0x0101, 0x6E, 0x6B, 0x61, 0x20, 0x62, 0x65, 0x6C, 0x0101));
				if (style == 2) return String(CharArray::of(0x6B, 0x6F, 0x72, 0x69, 0x0101, 0x6E, 0x20, 0x1E0D, 0x65, 0x6C, 0x0101, 0x69, 0x1E6D, 0x20, 0x62, 0x65, 0x6C, 0x0101));
					break;
				case 87: 
				if (style == 1) return String(CharArray::of(0x6B, 0x61, 0x73, 0x72, 0x0101, 0x0113, 0x20, 0x62, 0x65, 0x6C, 0x0101));
					break;
				case 88: 
				if (style == 0) return String(CharArray::of(0x6B, 0x72, 0x0101, 0x73, 0x6E, 0x014D, 0x72, 0x73, 0x6B, 0x61, 0x20, 0x62, 0x65, 0x6C, 0x0101));
				if (style == 1) return String(CharArray::of(0x6B, 0x72, 0x0101, 0x73, 0x6E, 0x014D, 0x72, 0x73, 0x6B, 0x61, 0x20, 0x6D, 0x0101, 0x6E, 0x0101, 0x6E, 0x6B, 0x61, 0x20, 0x62, 0x65, 0x6C, 0x0101));
				if (style == 2) return String(CharArray::of(0x6B, 0x72, 0x0101, 0x73, 0x6E, 0x014D, 0x72, 0x73, 0x6B, 0x61, 0x20, 0x6B, 0x0101, 0x72, 0x7E, 0x0101, 0x20, 0x62, 0x65, 0x6C, 0x0101));
					break;
				case 89: 
				if (style == 1) return String(CharArray::of(0x6B, 0x69, 0x72, 0x67, 0x69, 0x6A, 0x73, 0x74, 0x0101, 0x6E, 0x20, 0x62, 0x65, 0x6C, 0x0101));
					break;
				case 91: 
				if (style == 1) return String(CharArray::of(0x6C, 0x0101, 0x69, 0x6E, 0x20, 0x64, 0x012B, 0x70, 0x20, 0x62, 0x65, 0x6C, 0x0101));
					break;
				case 92: 
				if (style == 0) return String(CharArray::of(0x6C, 0x61, 0x1E5B, 0x20, 0x68, 0x61, 0x77, 0x65, 0x20, 0x62, 0x65, 0x6C, 0x0101));
				if (style == 1) return String(CharArray::of(0x6C, 0x61, 0x1E5B, 0x20, 0x68, 0x61, 0x77, 0x65, 0x20, 0x6D, 0x0101, 0x6E, 0x0101, 0x6E, 0x6B, 0x61, 0x20, 0x62, 0x65, 0x6C, 0x0101));
				if (style == 2) return String(CharArray::of(0x6C, 0x61, 0x1E5B, 0x20, 0x68, 0x61, 0x77, 0x65, 0x20, 0x1E0D, 0x65, 0x6C, 0x0101, 0x69, 0x1E6D, 0x20, 0x62, 0x65, 0x6C, 0x0101));
					break;
				case 94: 
				if (style == 0) return String(CharArray::of(0x6D, 0x0101, 0x67, 0x0101, 0x64, 0x61, 0x6E, 0x20, 0x62, 0x65, 0x6C, 0x0101));
				if (style == 1) return String(CharArray::of(0x6D, 0x0101, 0x67, 0x0101, 0x64, 0x61, 0x6E, 0x20, 0x6D, 0x0101, 0x6E, 0x0101, 0x6E, 0x6B, 0x61, 0x20, 0x62, 0x65, 0x6C, 0x0101));
				if (style == 2) return String(CharArray::of(0x6D, 0x0101, 0x67, 0x0101, 0x64, 0x61, 0x6E, 0x20, 0x1E0D, 0x65, 0x6C, 0x0101, 0x69, 0x74, 0x20, 0x62, 0x65, 0x6C, 0x0101));
					break;
				case 95: 
				if (style == 1) return String(CharArray::of(0x6D, 0x61, 0x6C, 0x65, 0x73, 0x69, 0x0101, 0x20, 0x62, 0x65, 0x6C, 0x0101));
					break;
				case 96: 
				if (style == 1) return String(CharArray::of(0x6D, 0x0101, 0x6C, 0x64, 0x012B, 0x70, 0x20, 0x62, 0x65, 0x6C, 0x0101));
					break;
				case 97: 
				if (style == 1) return String(CharArray::of(0x6D, 0x0101, 0x72, 0x6B, 0x73, 0x61, 0x73, 0x20, 0x62, 0x65, 0x6C, 0x0101));
					break;
				case 98: 
				if (style == 1) return String(CharArray::of(0x6D, 0x0101, 0x72, 0x73, 0x0101, 0x6C, 0x20, 0x64, 0x012B, 0x70, 0x61, 0x20, 0x62, 0x65, 0x6C, 0x0101));
					break;
				case 99: 
				if (style == 0) return String(CharArray::of(0x6D, 0x61, 0x72, 0x012B, 0x73, 0x61, 0x73, 0x20, 0x62, 0x65, 0x6C, 0x0101));
				if (style == 1) return String(CharArray::of(0x6D, 0x61, 0x72, 0x012B, 0x73, 0x61, 0x73, 0x6D, 0x0101, 0x6E, 0x0101, 0x6E, 0x6B, 0x61, 0x20, 0x62, 0x65, 0x6C, 0x0101));
				if (style == 2) return String(CharArray::of(0x6D, 0x61, 0x72, 0x012B, 0x73, 0x61, 0x73, 0x20, 0x6B, 0x0101, 0x72, 0x7E, 0x0101, 0x20, 0x62, 0x65, 0x6C, 0x0101));
					break;
				case 100: 
				if (style == 1) return String(CharArray::of(0x6D, 0x0101, 0x77, 0x6F, 0x73, 0x6E, 0x20, 0x62, 0x65, 0x6C, 0x0101));
					break;
				case 101: 
				if (style == 0) return String(CharArray::of(0x6D, 0x65, 0x6B, 0x73, 0x69, 0x6B, 0x0101, 0x6E, 0x20, 0x70, 0x65, 0x73, 0x69, 0x70, 0x69, 0x63, 0x20, 0x62, 0x65, 0x6C, 0x0101));
				if (style == 1) return String(CharArray::of(0x6D, 0x65, 0x6B, 0x73, 0x69, 0x6B, 0x0101, 0x6E, 0x20, 0x70, 0x65, 0x73, 0x69, 0x70, 0x69, 0x63, 0x20, 0x6D, 0x0101, 0x6E, 0x0101, 0x6E, 0x6B, 0x61, 0x20, 0x62, 0x65, 0x6C, 0x0101));
				if (style == 2) return String(CharArray::of(0x6D, 0x65, 0x6B, 0x73, 0x69, 0x6B, 0x0101, 0x6E, 0x20, 0x70, 0x65, 0x73, 0x69, 0x70, 0x69, 0x63, 0x20, 0x1E0D, 0x65, 0x6C, 0x0101, 0x69, 0x1E6D, 0x20, 0x62, 0x65, 0x6C, 0x0101));
					break;
				case 102: 
				if (style == 0) return String(CharArray::of(0x016B, 0x6C, 0x0101, 0x6E, 0x62, 0x61, 0x74, 0x6F, 0x72, 0x20, 0x62, 0x65, 0x6C, 0x0101));
				if (style == 1) return String(CharArray::of(0x016B, 0x6C, 0x0101, 0x6E, 0x62, 0x61, 0x74, 0x6F, 0x72, 0x20, 0x6D, 0x0101, 0x6E, 0x0101, 0x6E, 0x6B, 0x61, 0x20, 0x62, 0x65, 0x6C, 0x0101));
				if (style == 2) return String(CharArray::of(0x016B, 0x6C, 0x0101, 0x6E, 0x62, 0x61, 0x74, 0x6F, 0x72, 0x20, 0x6B, 0x0101, 0x72, 0x7E, 0x0101, 0x20, 0x62, 0x65, 0x6C, 0x0101));
					break;
				case 103: 
				if (style == 0) return String(CharArray::of(0x6D, 0x6F, 0x73, 0x6B, 0x6F, 0x20, 0x62, 0x65, 0x6C, 0x0101));
				if (style == 1) return String(CharArray::of(0x6D, 0x6F, 0x73, 0x6B, 0x6F, 0x20, 0x6D, 0x0101, 0x6E, 0x0101, 0x6E, 0x6B, 0x61, 0x20, 0x62, 0x65, 0x6C, 0x0101));
				if (style == 2) return String(CharArray::of(0x6D, 0x6F, 0x73, 0x6B, 0x6F, 0x20, 0x6B, 0x0101, 0x72, 0x7E, 0x0101, 0x20, 0x62, 0x65, 0x6C, 0x0101));
					break;
				case 104: 
				if (style == 1) return String(CharArray::of(0x6D, 0x69, 0xF1, 0x79, 0x0101, 0x6D, 0x0101, 0x72, 0x20, 0x62, 0x65, 0x6C, 0x0101));
					break;
				case 105: 
				if (style == 1) return String(CharArray::of(0x6E, 0x0101, 0x75, 0x72, 0x016B, 0x20, 0x62, 0x65, 0x6C, 0x0101));
					break;
				case 106: 
				if (style == 1) return String(CharArray::of(0x6E, 0x65, 0x70, 0x0101, 0x6C, 0x20, 0x62, 0x65, 0x6C, 0x0101));
					break;
				case 107: 
				if (style == 0) return String(CharArray::of(0x6E, 0x69, 0x016B, 0x20, 0x6B, 0x65, 0x6C, 0x65, 0x1E0D, 0x6F, 0x6E, 0x69, 0x0101, 0x20, 0x62, 0x65, 0x6C, 0x0101));
				if (style == 1) return String(CharArray::of(0x6E, 0x69, 0x016B, 0x20, 0x6B, 0x65, 0x6C, 0x65, 0x1E0D, 0x6F, 0x6E, 0x69, 0x0101, 0x20, 0x6D, 0x0101, 0x6E, 0x0101, 0x6E, 0x6B, 0x61, 0x20, 0x62, 0x65, 0x6C, 0x0101));
				if (style == 2) return String(CharArray::of(0x6E, 0x69, 0x016B, 0x20, 0x6B, 0x65, 0x6C, 0x65, 0x1E0D, 0x6F, 0x6E, 0x69, 0x0101, 0x20, 0x6B, 0x0101, 0x72, 0x7E, 0x0101, 0x20, 0x62, 0x65, 0x6C, 0x0101));
					break;
				case 108: 
				if (style == 0) return String(CharArray::of(0x6E, 0x69, 0x016B, 0x6A, 0x69, 0x6C, 0x0101, 0x6E, 0x1E0D, 0x20, 0x62, 0x65, 0x6C, 0x0101));
				if (style == 1) return String(CharArray::of(0x6E, 0x69, 0x016B, 0x6A, 0x69, 0x6C, 0x0101, 0x6E, 0x1E0D, 0x20, 0x6D, 0x0101, 0x6E, 0x0101, 0x6E, 0x6B, 0x61, 0x20, 0x62, 0x65, 0x6C, 0x0101));
				if (style == 2) return String(CharArray::of(0x6E, 0x69, 0x016B, 0x6A, 0x69, 0x6C, 0x0101, 0x6E, 0x1E0D, 0x20, 0x1E0D, 0x65, 0x6C, 0x0101, 0x69, 0x1E6D, 0x20, 0x62, 0x65, 0x6C, 0x0101));
					break;
				case 109: 
				if (style == 0) return String(CharArray::of(0x6E, 0x69, 0x016B, 0x70, 0x61, 0x75, 0x6E, 0x1E0D, 0x6C, 0x79, 0x0101, 0x6E, 0x1E0D, 0x20, 0x62, 0x65, 0x6C, 0x0101));
				if (style == 1) return String(CharArray::of(0x6E, 0x69, 0x016B, 0x70, 0x61, 0x75, 0x6E, 0x1E0D, 0x6C, 0x79, 0x0101, 0x6E, 0x1E0D, 0x20, 0x6D, 0x0101, 0x6E, 0x0101, 0x6E, 0x6B, 0x61, 0x20, 0x62, 0x65, 0x6C, 0x0101));
				if (style == 2) return String(CharArray::of(0x6E, 0x69, 0x016B, 0x70, 0x61, 0x75, 0x6E, 0x1E0D, 0x6C, 0x79, 0x0101, 0x6E, 0x1E0D, 0x20, 0x1E0D, 0x65, 0x6C, 0x0101, 0x69, 0x1E6D, 0x20, 0x62, 0x65, 0x6C, 0x0101));
					break;
				case 110: 
				if (style == 1) return String(CharArray::of(0x6E, 0x69, 0x016B, 0x20, 0x62, 0x65, 0x6C, 0x0101));
					break;
				case 111: 
				if (style == 0) return String(CharArray::of(0x6E, 0x6F, 0x72, 0x70, 0x6F, 0x6B, 0x20, 0x64, 0x012B, 0x70, 0x20, 0x62, 0x65, 0x6C, 0x0101));
				if (style == 1) return String(CharArray::of(0x6E, 0x6F, 0x72, 0x70, 0x6F, 0x6B, 0x20, 0x64, 0x012B, 0x70, 0x20, 0x6D, 0x0101, 0x6E, 0x0101, 0x6E, 0x6B, 0x61, 0x20, 0x62, 0x65, 0x6C, 0x0101));
				if (style == 2) return String(CharArray::of(0x6E, 0x6F, 0x72, 0x70, 0x6F, 0x6B, 0x20, 0x64, 0x012B, 0x70, 0x20, 0x1E0D, 0x65, 0x6C, 0x0101, 0x69, 0x1E6D, 0x20, 0x62, 0x65, 0x6C, 0x0101));
					break;
				case 112: 
				if (style == 0) return String(CharArray::of(0x70, 0x61, 0x72, 0x6E, 0x7E, 0x1E0D, 0x6F, 0x20, 0x1E0D, 0x65, 0x20, 0x6E, 0x6F, 0x72, 0x6F, 0x68, 0x0101, 0x7E, 0x20, 0x62, 0x65, 0x6C, 0x0101));
				if (style == 1) return String(CharArray::of(0x70, 0x61, 0x72, 0x6E, 0x7E, 0x1E0D, 0x6F, 0x20, 0x1E0D, 0x65, 0x20, 0x6E, 0x6F, 0x72, 0x6F, 0x68, 0x0101, 0x7E, 0x20, 0x6D, 0x0101, 0x6E, 0x0101, 0x6E, 0x6B, 0x61, 0x20, 0x62, 0x65, 0x6C, 0x0101));
				if (style == 2) return String(CharArray::of(0x70, 0x61, 0x72, 0x6E, 0x7E, 0x1E0D, 0x6F, 0x20, 0x1E0D, 0x65, 0x20, 0x6E, 0x6F, 0x72, 0x6F, 0x68, 0x0101, 0x7E, 0x20, 0x6B, 0x0101, 0x72, 0x7E, 0x0101, 0x20, 0x62, 0x65, 0x6C, 0x0101));
					break;
				case 114: 
				if (style == 0) return String(CharArray::of(0x6E, 0x61, 0x77, 0x6F, 0x73, 0x69, 0x62, 0x69, 0x73, 0x72, 0x6B, 0x20, 0x62, 0x65, 0x6C, 0x0101));
				if (style == 1) return String(CharArray::of(0x6E, 0x61, 0x77, 0x6F, 0x73, 0x69, 0x62, 0x69, 0x73, 0x72, 0x6B, 0x20, 0x6D, 0x0101, 0x6E, 0x0101, 0x6E, 0x6B, 0x61, 0x20, 0x62, 0x65, 0x6C, 0x0101));
				if (style == 2) return String(CharArray::of(0x6E, 0x61, 0x77, 0x6F, 0x73, 0x69, 0x62, 0x69, 0x73, 0x72, 0x6B, 0x20, 0x6B, 0x0101, 0x72, 0x7E, 0x0101, 0x20, 0x62, 0x65, 0x6C, 0x0101));
					break;
				case 115: 
				if (style == 0) return String(CharArray::of(0x61, 0x6D, 0x73, 0x6B, 0x61, 0x20, 0x62, 0x65, 0x6C, 0x0101));
				if (style == 1) return String(CharArray::of(0x61, 0x6D, 0x73, 0x6B, 0x61, 0x20, 0x6D, 0x0101, 0x6E, 0x0101, 0x6E, 0x6B, 0x61, 0x20, 0x62, 0x65, 0x6C, 0x0101));
				if (style == 2) return String(CharArray::of(0x61, 0x6D, 0x73, 0x6B, 0x61, 0x20, 0x6B, 0x0101, 0x72, 0x7E, 0x0101, 0x20, 0x62, 0x65, 0x6C, 0x0101));
					break;
				case 116: 
				if (style == 0) return String(CharArray::of(0x70, 0x0101, 0x6B, 0x69, 0x73, 0x74, 0x0101, 0x6E, 0x20, 0x62, 0x65, 0x6C, 0x0101));
				if (style == 1) return String(CharArray::of(0x70, 0x0101, 0x6B, 0x69, 0x73, 0x74, 0x0101, 0x6E, 0x20, 0x6D, 0x0101, 0x6E, 0x0101, 0x6E, 0x6B, 0x61, 0x20, 0x62, 0x65, 0x6C, 0x0101));
				if (style == 2) return String(CharArray::of(0x70, 0x0101, 0x6B, 0x69, 0x73, 0x74, 0x0101, 0x6E, 0x20, 0x6B, 0x0101, 0x72, 0x7E, 0x0101, 0x20, 0x62, 0x65, 0x6C, 0x0101));
					break;
				case 117: 
				if (style == 1) return String(CharArray::of(0x70, 0x0101, 0x6C, 0x0101, 0x75, 0x20, 0x62, 0x65, 0x6C, 0x0101));
					break;
				case 118: 
				if (style == 1) return String(CharArray::of(0x70, 0x0101, 0x70, 0x75, 0x0101, 0x20, 0x6E, 0x69, 0x75, 0x20, 0x67, 0x75, 0x6E, 0x012B, 0x0101, 0x20, 0x62, 0x65, 0x6C, 0x0101));
					break;
				case 119: 
				if (style == 0) return String(CharArray::of(0x70, 0x0101, 0x72, 0x0101, 0x67, 0x75, 0x79, 0x0113, 0x20, 0x62, 0x65, 0x6C, 0x0101));
				if (style == 1) return String(CharArray::of(0x70, 0x0101, 0x72, 0x0101, 0x67, 0x75, 0x79, 0x0113, 0x20, 0x6D, 0x0101, 0x6E, 0x0101, 0x6E, 0x6B, 0x61, 0x20, 0x62, 0x65, 0x6C, 0x0101));
				if (style == 2) return String(CharArray::of(0x70, 0x0101, 0x72, 0x0101, 0x67, 0x75, 0x79, 0x0113, 0x20, 0x6B, 0x0101, 0x72, 0x7E, 0x0101, 0x20, 0x62, 0x65, 0x6C, 0x0101));
					break;
				case 120: 
				if (style == 0) return String(CharArray::of(0x70, 0x65, 0x72, 0x75, 0x20, 0x62, 0x65, 0x6C, 0x0101));
				if (style == 1) return String(CharArray::of(0x70, 0x65, 0x72, 0x75, 0x20, 0x6D, 0x0101, 0x6E, 0x0101, 0x6E, 0x6B, 0x61, 0x20, 0x62, 0x65, 0x6C, 0x0101));
				if (style == 2) return String(CharArray::of(0x70, 0x65, 0x72, 0x75, 0x20, 0x6B, 0x0101, 0x72, 0x7E, 0x0101, 0x20, 0x62, 0x65, 0x6C, 0x0101));
					break;
				case 121: 
				if (style == 0) return String(CharArray::of(0x70, 0x69, 0x6C, 0x69, 0x70, 0x69, 0x6E, 0x20, 0x62, 0x65, 0x6C, 0x0101));
				if (style == 1) return String(CharArray::of(0x70, 0x69, 0x6C, 0x69, 0x70, 0x69, 0x6E, 0x20, 0x6D, 0x0101, 0x6E, 0x0101, 0x6E, 0x6B, 0x61, 0x20, 0x62, 0x65, 0x6C, 0x0101));
				if (style == 2) return String(CharArray::of(0x70, 0x69, 0x6C, 0x69, 0x70, 0x69, 0x6E, 0x20, 0x6B, 0x0101, 0x72, 0x7E, 0x0101, 0x20, 0x62, 0x65, 0x6C, 0x0101));
					break;
				case 122: 
				if (style == 1) return String(CharArray::of(0x70, 0x69, 0x6E, 0x69, 0x6B, 0x73, 0x61, 0x20, 0x64, 0x012B, 0x70, 0x61, 0x74, 0x69, 0x20, 0x62, 0x65, 0x6C, 0x0101));
					break;
				case 123: 
				if (style == 0) return String(CharArray::of(0x73, 0x0113, 0x6E, 0x1E6D, 0x20, 0x70, 0x69, 0x65, 0x72, 0x0113, 0x20, 0x61, 0x1E0D, 0x0113, 0x20, 0x6D, 0x65, 0x6B, 0x77, 0x0113, 0x6C, 0x0101, 0x6E, 0x20, 0x62, 0x65, 0x6C, 0x0101));
				if (style == 1) return String(CharArray::of(0x73, 0x0113, 0x6E, 0x1E6D, 0x20, 0x70, 0x69, 0x65, 0x72, 0x0113, 0x20, 0x61, 0x1E0D, 0x0113, 0x20, 0x6D, 0x65, 0x6B, 0x77, 0x0113, 0x6C, 0x0101, 0x6E, 0x20, 0x6D, 0x0101, 0x6E, 0x0101, 0x6E, 0x6B, 0x61, 0x20, 0x62, 0x65, 0x6C, 0x0101));
				if (style == 2) return String(CharArray::of(0x73, 0x0113, 0x6E, 0x1E6D, 0x20, 0x70, 0x69, 0x65, 0x72, 0x0113, 0x20, 0x61, 0x1E0D, 0x0113, 0x20, 0x6D, 0x65, 0x6B, 0x77, 0x0113, 0x6C, 0x0101, 0x6E, 0x20, 0x1E0D, 0x65, 0x6C, 0x0101, 0x69, 0x1E6D, 0x20, 0x62, 0x65, 0x6C, 0x0101));
					break;
				case 124: 
				if (style == 1) return String(CharArray::of(0x70, 0x69, 0x1E6D, 0x6B, 0x0113, 0x72, 0x61, 0x6E, 0x20, 0x62, 0x65, 0x6C, 0x0101));
					break;
				case 125: 
				if (style == 1) return String(CharArray::of(0x70, 0x6F, 0x6E, 0x0101, 0x70, 0x65, 0x20, 0x62, 0x65, 0x6C, 0x0101));
					break;
				case 126: 
				if (style == 1) return String(CharArray::of(0x70, 0x79, 0x6F, 0x6E, 0x67, 0x61, 0x79, 0x0101, 0x6E, 0x67, 0x20, 0x62, 0x65, 0x6C, 0x0101));
					break;
				case 128: 
				if (style == 1) return String(CharArray::of(0x72, 0x012B, 0x016B, 0x6E, 0x012B, 0x61, 0x6E, 0x20, 0x62, 0x65, 0x6C, 0x0101));
					break;
				case 129: 
				if (style == 1) return String(CharArray::of(0x72, 0x6F, 0x74, 0x0113, 0x72, 0x0101, 0x20, 0x62, 0x65, 0x6C, 0x0101));
					break;
				case 130: 
				if (style == 0) return String(CharArray::of(0x73, 0x61, 0x6B, 0x0101, 0x6C, 0x69, 0x6E, 0x20, 0x62, 0x65, 0x6C, 0x0101));
				if (style == 1) return String(CharArray::of(0x73, 0x61, 0x6B, 0x0101, 0x6C, 0x69, 0x6E, 0x20, 0x6D, 0x0101, 0x6E, 0x0101, 0x6E, 0x6B, 0x61, 0x20, 0x62, 0x65, 0x6C, 0x0101));
				if (style == 2) return String(CharArray::of(0x73, 0x61, 0x6B, 0x0101, 0x6C, 0x69, 0x6E, 0x20, 0x6B, 0x0101, 0x72, 0x7E, 0x0101, 0x20, 0x62, 0x65, 0x6C, 0x0101));
					break;
				case 132: 
				if (style == 0) return String(CharArray::of(0x73, 0x61, 0x0101, 0x6D, 0x6F, 0x61, 0x20, 0x62, 0x65, 0x6C, 0x0101));
				if (style == 1) return String(CharArray::of(0x73, 0x61, 0x0101, 0x6D, 0x6F, 0x61, 0x20, 0x6D, 0x0101, 0x6E, 0x0101, 0x6E, 0x6B, 0x61, 0x20, 0x62, 0x65, 0x6C, 0x0101));
				if (style == 2) return String(CharArray::of(0x73, 0x61, 0x0101, 0x6D, 0x6F, 0x61, 0x20, 0x1E0D, 0x65, 0x6C, 0x0101, 0x69, 0x1E6D));
					break;
				case 133: 
				if (style == 1) return String(CharArray::of(0x73, 0x0113, 0x73, 0x65, 0x6C, 0x73, 0x20, 0x62, 0x65, 0x6C, 0x0101));
					break;
				case 134: 
				if (style == 1) return String(CharArray::of(0x73, 0x69, 0x6E, 0x67, 0x0101, 0x70, 0x75, 0x72, 0x20, 0x6D, 0x0101, 0x6E, 0x0101, 0x6E, 0x6B, 0x61, 0x20, 0x62, 0x65, 0x6C, 0x0101));
					break;
				case 135: 
				if (style == 1) return String(CharArray::of(0x73, 0x6F, 0x6C, 0x6F, 0x6D, 0x61, 0x6E, 0x20, 0x64, 0x012B, 0x70, 0x61, 0x74, 0x69, 0x20, 0x62, 0x65, 0x6C, 0x0101));
					break;
				case 136: 
				if (style == 1) return String(CharArray::of(0x64, 0x6B, 0x012B, 0x1E47, 0x61, 0x20, 0x6A, 0x61, 0x72, 0x6A, 0x012B, 0x0101, 0x20, 0x62, 0x65, 0x6C, 0x0101));
					break;
				case 137: 
				if (style == 1) return String(CharArray::of(0x73, 0x75, 0x72, 0x012B, 0x6E, 0x0101, 0x6D, 0x20, 0x62, 0x65, 0x6C, 0x0101));
					break;
				case 138: 
				if (style == 1) return String(CharArray::of(0x73, 0x61, 0x77, 0x0101, 0x20, 0x62, 0x65, 0x6C, 0x0101));
					break;
				case 139: 
				if (style == 1) return String(CharArray::of(0x74, 0x0101, 0x68, 0x69, 0x74, 0x69, 0x20, 0x62, 0x65, 0x6C, 0x0101));
					break;
				case 140: 
				if (style == 0) return String(CharArray::of(0x74, 0x0101, 0x69, 0x70, 0x0113, 0x20, 0x62, 0x65, 0x6C, 0x0101));
				if (style == 1) return String(CharArray::of(0x74, 0x0101, 0x69, 0x70, 0x0113, 0x20, 0x6D, 0x0101, 0x6E, 0x0101, 0x6E, 0x6B, 0x61, 0x20, 0x62, 0x65, 0x6C, 0x0101));
				if (style == 2) return String(CharArray::of(0x74, 0x0101, 0x69, 0x70, 0x0113, 0x20, 0x1E0D, 0x65, 0x6C, 0x0101, 0x69, 0x1E6D));
					break;
				case 141: 
				if (style == 1) return String(CharArray::of(0x74, 0x0101, 0x6A, 0x69, 0x6B, 0x69, 0x73, 0x74, 0x0101, 0x6E, 0x20, 0x62, 0x65, 0x6C, 0x0101));
					break;
				case 142: 
				if (style == 1) return String(CharArray::of(0x1E6D, 0x6F, 0x6B, 0x65, 0x6C, 0x0101, 0x75, 0x20, 0x62, 0x65, 0x6C, 0x0101));
					break;
				case 143: 
				if (style == 0) return String(CharArray::of(0x1E6D, 0x61, 0x6E, 0x67, 0x0101, 0x20, 0x62, 0x65, 0x6C, 0x0101));
				if (style == 1) return String(CharArray::of(0x1E6D, 0x61, 0x6E, 0x67, 0x0101, 0x20, 0x6D, 0x0101, 0x6E, 0x0101, 0x6E, 0x6B, 0x61, 0x20, 0x62, 0x65, 0x6C, 0x0101));
				if (style == 2) return String(CharArray::of(0x1E6D, 0x61, 0x6E, 0x67, 0x0101, 0x20, 0x6B, 0x0101, 0x72, 0x7E, 0x0101, 0x20, 0x62, 0x65, 0x6C, 0x0101));
					break;
				case 144: 
				if (style == 1) return String(CharArray::of(0x63, 0x75, 0x6B, 0x20, 0x62, 0x65, 0x6C, 0x0101));
					break;
				case 145: 
				if (style == 0) return String(CharArray::of(0x74, 0x75, 0x72, 0x6B, 0x6D, 0x65, 0x6E, 0x69, 0x73, 0x74, 0x0101, 0x6E, 0x20, 0x62, 0x65, 0x6C, 0x0101));
				if (style == 1) return String(CharArray::of(0x74, 0x75, 0x72, 0x6B, 0x6D, 0x65, 0x6E, 0x69, 0x73, 0x74, 0x0101, 0x6E, 0x20, 0x6D, 0x61, 0x6E, 0x61, 0x6B, 0x61, 0x20, 0x62, 0x65, 0x6C, 0x0101));
				if (style == 2) return String(CharArray::of(0x74, 0x75, 0x72, 0x6B, 0x6D, 0x65, 0x6E, 0x69, 0x73, 0x74, 0x0101, 0x6E, 0x20, 0x6B, 0x0101, 0x72, 0x7E, 0x0101, 0x20, 0x62, 0x65, 0x6C, 0x0101));
					break;
				case 146: 
				if (style == 1) return String(CharArray::of(0x74, 0x75, 0x77, 0x61, 0x6C, 0x016B, 0x20, 0x62, 0x65, 0x6C, 0x0101));
					break;
				case 147: 
				if (style == 0) return String(CharArray::of(0x75, 0x72, 0x67, 0x75, 0x77, 0x0113, 0x20, 0x62, 0x65, 0x6C, 0x0101));
				if (style == 1) return String(CharArray::of(0x75, 0x72, 0x67, 0x75, 0x77, 0x0113, 0x20, 0x6D, 0x61, 0x6E, 0x61, 0x6B, 0x61, 0x20, 0x62, 0x65, 0x6C, 0x0101));
				if (style == 2) return String(CharArray::of(0x75, 0x72, 0x67, 0x75, 0x77, 0x0113, 0x20, 0x6B, 0x0101, 0x72, 0x7E, 0x0101, 0x20, 0x62, 0x65, 0x6C, 0x0101));
					break;
				case 148: 
				if (style == 0) return String(CharArray::of(0x75, 0x7A, 0x77, 0x0113, 0x6B, 0x69, 0x73, 0x74, 0x0101, 0x6E, 0x20, 0x62, 0x65, 0x6C, 0x0101));
				if (style == 1) return String(CharArray::of(0x75, 0x7A, 0x77, 0x0113, 0x6B, 0x69, 0x73, 0x74, 0x0101, 0x6E, 0x20, 0x6D, 0x0101, 0x6E, 0x0101, 0x6E, 0x6B, 0x61, 0x20, 0x62, 0x65, 0x6C, 0x0101));
				if (style == 2) return String(CharArray::of(0x75, 0x7A, 0x77, 0x0113, 0x6B, 0x69, 0x73, 0x74, 0x0101, 0x6E, 0x20, 0x6B, 0x0101, 0x72, 0xE3, 0x20, 0x62, 0x65, 0x6C, 0x0101));
					break;
				case 149: 
				if (style == 0) return String(CharArray::of(0x77, 0x61, 0x6E, 0x75, 0x0101, 0x74, 0x016B, 0x20, 0x62, 0x65, 0x6C, 0x0101));
				if (style == 1) return String(CharArray::of(0x77, 0x61, 0x6E, 0x75, 0x0101, 0x74, 0x016B, 0x20, 0x6D, 0x0101, 0x6E, 0x0101, 0x6E, 0x6B, 0x61, 0x20, 0x62, 0x65, 0x6C, 0x0101));
				if (style == 2) return String(CharArray::of(0x77, 0x61, 0x6E, 0x75, 0x0101, 0x74, 0x016B, 0x20, 0x6B, 0x0101, 0x72, 0x7E, 0x0101, 0x20, 0x62, 0x65, 0x6C, 0x0101));
					break;
				case 150: 
				if (style == 1) return String(CharArray::of(0x77, 0x65, 0x6E, 0x0113, 0x7A, 0x75, 0x65, 0x6C, 0x0101, 0x20, 0x62, 0x65, 0x6C, 0x0101));
					break;
				case 151: 
				if (style == 0) return String(CharArray::of(0x77, 0x6C, 0x0101, 0x64, 0x69, 0x77, 0x6F, 0x73, 0x74, 0x61, 0x6B, 0x20, 0x62, 0x65, 0x6C, 0x0101));
				if (style == 1) return String(CharArray::of(0x77, 0x6C, 0x0101, 0x64, 0x69, 0x77, 0x6F, 0x73, 0x74, 0x61, 0x6B, 0x20, 0x6D, 0x0101, 0x6E, 0x0101, 0x6E, 0x6B, 0x61, 0x20, 0x62, 0x65, 0x6C, 0x0101));
				if (style == 2) return String(CharArray::of(0x77, 0x6C, 0x0101, 0x64, 0x69, 0x77, 0x6F, 0x73, 0x74, 0x61, 0x6B, 0x20, 0x6B, 0x0101, 0x72, 0x7E, 0x0101, 0x20, 0x62, 0x65, 0x6C, 0x0101));
					break;
				case 152: 
				if (style == 0) return String(CharArray::of(0x77, 0x0101, 0x6C, 0x67, 0x6F, 0x67, 0x72, 0x0101, 0x1E0D, 0x20, 0x62, 0x65, 0x6C, 0x0101));
				if (style == 1) return String(CharArray::of(0x77, 0x0101, 0x6C, 0x67, 0x6F, 0x67, 0x72, 0x0101, 0x1E0D, 0x20, 0x6D, 0x0101, 0x6E, 0x0101, 0x6E, 0x6B, 0x61, 0x20, 0x62, 0x65, 0x6C, 0x0101));
				if (style == 2) return String(CharArray::of(0x77, 0x0101, 0x6C, 0x67, 0x6F, 0x67, 0x72, 0x0101, 0x1E0D, 0x20, 0x6B, 0x0101, 0x72, 0x7E, 0x0101, 0x20, 0x62, 0x65, 0x6C, 0x0101));
					break;
				case 153: 
				if (style == 1) return String(CharArray::of(0x77, 0x6F, 0x73, 0x74, 0x61, 0x6B, 0x20, 0x62, 0x65, 0x6C, 0x0101));
					break;
				case 154: 
				if (style == 1) return String(CharArray::of(0x77, 0x61, 0x6B, 0x61, 0x20, 0x64, 0x012B, 0x70, 0x61, 0x20, 0x62, 0x65, 0x6C, 0x0101));
					break;
				case 155: 
				if (style == 1) return String(CharArray::of(0x77, 0x61, 0x6C, 0x69, 0x73, 0x20, 0x61, 0x1E0D, 0x0113, 0x20, 0x70, 0x75, 0x1E6D, 0x75, 0x6E, 0x0101));
					break;
				case 156: 
				if (style == 0) return String(CharArray::of(0x79, 0x61, 0x6B, 0x75, 0x73, 0x74, 0x75, 0x6B, 0x20, 0x62, 0x65, 0x6C, 0x0101));
				if (style == 1) return String(CharArray::of(0x79, 0x61, 0x6B, 0x75, 0x73, 0x74, 0x75, 0x6B, 0x20, 0x6D, 0x0101, 0x6E, 0x0101, 0x6E, 0x6B, 0x61, 0x20, 0x62, 0x65, 0x6C, 0x0101));
				if (style == 2) return String(CharArray::of(0x79, 0x61, 0x6B, 0x75, 0x73, 0x74, 0x75, 0x6B, 0x20, 0x6B, 0x0101, 0x72, 0x7E, 0x0101, 0x20, 0x62, 0x65, 0x6C, 0x0101));
					break;
				case 157: 
				if (style == 0) return String(CharArray::of(0x79, 0x61, 0x6B, 0x61, 0x74, 0x65, 0x72, 0x69, 0x6E, 0x62, 0x61, 0x72, 0x67, 0x20, 0x62, 0x65, 0x6C, 0x0101));
				if (style == 1) return String(CharArray::of(0x79, 0x61, 0x6B, 0x61, 0x74, 0x65, 0x72, 0x69, 0x6E, 0x62, 0x61, 0x72, 0x67, 0x20, 0x6D, 0x0101, 0x6E, 0x0101, 0x6E, 0x6B, 0x61, 0x20, 0x62, 0x65, 0x6C, 0x0101));
				if (style == 2) return String(CharArray::of(0x79, 0x61, 0x6B, 0x61, 0x74, 0x65, 0x72, 0x69, 0x6E, 0x62, 0x61, 0x72, 0x67, 0x20, 0x6B, 0x0101, 0x72, 0x7E, 0x0101, 0x20, 0x62, 0x65, 0x6C, 0x0101));
					break;
            default: break;
            }
            return String();
        }
        
        String Kxv::timezonePattern(gint type) const {
            switch(type){
				case 3: return String(CharArray::of(0x7B, 0x30, 0x7D, 0x20, 0x62, 0x65, 0x6C, 0x0101));
            default: break;
            }
            return String();
        }
    }
}
        