
#include "ky.h"
#include <core/lang/StringArray.h>


// :::::::::::::::::::::::::::::::::::::::::::::::::::::::::::::::::::::::::::::::::::::::::::::::::
// This file has been Generated by CldrGen.py
// :::::::::::::::::::::::::::::::::::::::::::::::::::::::::::::::::::::::::::::::::::::::::::::::::


namespace core {
    using namespace util;
    namespace locales {
        
        String Ky::displayLanguage(gint language, gint script, gint region) const {
            switch(language) {
				case 0: return String(CharArray::of(0x0430, 0x0444, 0x0430, 0x0440, 0x0447, 0x0430));
				case 1: return String(CharArray::of(0x0430, 0x0431, 0x0445, 0x0430, 0x0437, 0x0447, 0x0430));
				case 2: return String(CharArray::of(0x0430, 0x0447, 0x0435, 0x0445, 0x0447, 0x0435));
				case 4: return String(CharArray::of(0x0430, 0x0434, 0x0430, 0x04A3, 0x043C, 0x0435, 0x0447, 0x0435));
				case 5: return String(CharArray::of(0x0430, 0x0434, 0x044B, 0x0433, 0x0435, 0x0439, 0x0447, 0x0435));
				case 8: return String(CharArray::of(0x0430, 0x0444, 0x0440, 0x0438, 0x043A, 0x0430, 0x0430, 0x043D, 0x0447, 0x0430));
				case 10: return String(CharArray::of(0x0430, 0x0433, 0x0435, 0x043C, 0x0447, 0x0435));
				case 11: return String(CharArray::of(0x0430, 0x0439, 0x043D, 0x0443, 0x0447, 0x0430));
				case 13: return String(CharArray::of(0x0430, 0x043A, 0x0430, 0x043D, 0x0447, 0x0430));
				case 16: return String(CharArray::of(0x0430, 0x043B, 0x0435, 0x0443, 0x0442, 0x0447, 0x0430));
				case 18: return String(CharArray::of(0x0442, 0x04AF, 0x0448, 0x0442, 0x04AF, 0x043A, 0x20, 0x0430, 0x043B, 0x0442, 0x0430, 0x0439, 0x0447, 0x0430));
				case 19: return String(CharArray::of(0x0430, 0x043C, 0x0445, 0x0430, 0x0440, 0x0447, 0x0430));
				case 20: return String(CharArray::of(0x0430, 0x0440, 0x0430, 0x0433, 0x043E, 0x043D, 0x0447, 0x043E));
				case 22: return String(CharArray::of(0x043E, 0x0431, 0x043E, 0x043B, 0x043E, 0x0447, 0x043E, 0x20, 0x28, 0x041D, 0x0438, 0x0433, 0x0435, 0x0440, 0x0438, 0x044F, 0x29));
				case 23: return String(CharArray::of(0x0430, 0x043D, 0x0433, 0x0438, 0x043A, 0x0430, 0x0447, 0x0430));
				case 25: 
					if (region == 0) return String(CharArray::of(0x0430, 0x0437, 0x044B, 0x0440, 0x043A, 0x044B, 0x20, 0x0430, 0x0434, 0x0430, 0x0431, 0x0438, 0x0439, 0x20, 0x0430, 0x0440, 0x0430, 0x0431, 0x20, 0x0442, 0x0438, 0x043B, 0x0438, 0x043D, 0x0434, 0x0435));
					return String(CharArray::of(0x0430, 0x0440, 0x0430, 0x0431, 0x0447, 0x0430));
				case 27: return String(CharArray::of(0x043C, 0x0430, 0x043F, 0x0443, 0x0447, 0x0435, 0x0447, 0x0435));
				case 29: return String(CharArray::of(0x0430, 0x0440, 0x0430, 0x043F, 0x0430, 0x0445, 0x043E, 0x0447, 0x043E));
				case 31: return String(CharArray::of(0x0430, 0x0440, 0x0430, 0x0431, 0x0447, 0x0430, 0x20, 0x28, 0x043D, 0x0435, 0x0436, 0x0434, 0x0438, 0x20, 0x0434, 0x0438, 0x0430, 0x043B, 0x0435, 0x043A, 0x0442, 0x0438, 0x29));
				case 35: return String(CharArray::of(0x0430, 0x0441, 0x0441, 0x0430, 0x043C, 0x0447, 0x0430));
				case 36: return String(CharArray::of(0x0430, 0x0441, 0x0443, 0x0447, 0x0430));
				case 38: return String(CharArray::of(0x0430, 0x0441, 0x0442, 0x0443, 0x0440, 0x0438, 0x0439, 0x0447, 0x0435));
				case 39: return String(CharArray::of(0x0430, 0x0442, 0x0438, 0x043A, 0x0430, 0x043C, 0x0435, 0x043A, 0x0447, 0x0435));
				case 40: return String(CharArray::of(0x0430, 0x0432, 0x0430, 0x0440, 0x0438, 0x043A, 0x0447, 0x0435));
				case 42: return String(CharArray::of(0x0430, 0x0432, 0x0430, 0x0434, 0x0445, 0x0438, 0x0447, 0x0435));
				case 43: return String(CharArray::of(0x0430, 0x0439, 0x043C, 0x0430, 0x0440, 0x0430, 0x0447, 0x0430));
				case 44: return String(CharArray::of(0x0430, 0x0437, 0x0435, 0x0440, 0x0431, 0x0430, 0x0439, 0x0436, 0x0430, 0x043D, 0x0447, 0x0430));
				case 45: return String(CharArray::of(0x0431, 0x0430, 0x0448, 0x043A, 0x044B, 0x0440, 0x0447, 0x0430));
				case 47: return String(CharArray::of(0x0431, 0x0430, 0x043B, 0x0438, 0x0447, 0x0435));
				case 49: return String(CharArray::of(0x0431, 0x0430, 0x0441, 0x0430, 0x0430, 0x0447, 0x0430));
				case 53: return String(CharArray::of(0x0431, 0x0435, 0x043B, 0x0430, 0x0440, 0x0443, 0x0441, 0x0447, 0x0430));
				case 55: return String(CharArray::of(0x0431, 0x0435, 0x043C, 0x0431, 0x0430, 0x0447, 0x0430));
				case 57: return String(CharArray::of(0x0431, 0x0435, 0x043D, 0x0430, 0x0447, 0x0430));
				case 60: return String(CharArray::of(0x0431, 0x043E, 0x043B, 0x0433, 0x0430, 0x0440, 0x0447, 0x0430));
				case 61: return String(CharArray::of(0x0445, 0x0430, 0x0440, 0x044C, 0x044F, 0x043D, 0x0432, 0x0438, 0x0447, 0x0435));
				case 62: return String(CharArray::of(0x0447, 0x044B, 0x0433, 0x044B, 0x0448, 0x20, 0x0431, 0x0430, 0x043B, 0x0443, 0x0447, 0x0438, 0x0447, 0x0435));
				case 64: return String(CharArray::of(0x0431, 0x0445, 0x043E, 0x0436, 0x043F, 0x0443, 0x0440, 0x0438, 0x0447, 0x0435));
				case 65: return String(CharArray::of(0x0431, 0x0438, 0x0441, 0x043B, 0x0430, 0x043C, 0x0430, 0x0447, 0x0430));
				case 67: return String(CharArray::of(0x0431, 0x0438, 0x043D, 0x0438, 0x0447, 0x0435));
				case 70: return String(CharArray::of(0x0441, 0x0438, 0x043A, 0x0441, 0x0438, 0x043A, 0x0430, 0x0447, 0x0430));
				case 71: return String(CharArray::of(0x0430, 0x043D, 0x0438, 0x0438, 0x0447, 0x0435));
				case 73: return String(CharArray::of(0x0431, 0x0430, 0x043C, 0x0431, 0x0430, 0x0440, 0x0430, 0x0447, 0x0430));
				case 74: return String(CharArray::of(0x0431, 0x0430, 0x043D, 0x0433, 0x043B, 0x0430, 0x0434, 0x0435, 0x0448, 0x0447, 0x0435));
				case 75: return String(CharArray::of(0x0442, 0x0438, 0x0431, 0x0435, 0x0442, 0x0447, 0x0435));
				case 78: return String(CharArray::of(0x0431, 0x0440, 0x0435, 0x0442, 0x043E, 0x043D, 0x0447, 0x043E));
				case 81: return String(CharArray::of(0x0431, 0x043E, 0x0434, 0x043E, 0x0447, 0x043E));
				case 82: return String(CharArray::of(0x0431, 0x043E, 0x0441, 0x043D, 0x0438, 0x0439, 0x0447, 0x0435));
				case 85: return String(CharArray::of(0x0431, 0x0443, 0x0433, 0x0438, 0x0439, 0x0447, 0x0435));
				case 87: return String(CharArray::of(0x0431, 0x043B, 0x0438, 0x043D, 0x0447, 0x0435));
				case 89: return String(CharArray::of(0x043A, 0x0430, 0x0442, 0x0430, 0x043B, 0x043E, 0x043D, 0x0447, 0x043E));
				case 92: return String(CharArray::of(0x043A, 0x0430, 0x044E, 0x0433, 0x0438, 0x0447, 0x0435));
				case 94: return String(CharArray::of(0x0447, 0x0430, 0x043A, 0x043C, 0x0430));
				case 95: return String(CharArray::of(0x0447, 0x0435, 0x0447, 0x0435, 0x043D, 0x0447, 0x0435));
				case 96: return String(CharArray::of(0x0441, 0x0435, 0x0431, 0x0443, 0x0430, 0x043D, 0x0447, 0x0430));
				case 97: return String(CharArray::of(0x0447, 0x0438, 0x0433, 0x0430, 0x0447, 0x0430));
				case 98: return String(CharArray::of(0x0447, 0x0430, 0x043C, 0x043E, 0x0440, 0x0440, 0x043E, 0x0447, 0x043E));
				case 101: return String(CharArray::of(0x0447, 0x0443, 0x0443, 0x043A, 0x0438, 0x0447, 0x0435));
				case 102: return String(CharArray::of(0x043C, 0x0430, 0x0440, 0x0438, 0x0447, 0x0435));
				case 104: return String(CharArray::of(0x0447, 0x043E, 0x043A, 0x0442, 0x043E, 0x0447, 0x043E));
				case 105: return String(CharArray::of(0x0447, 0x0438, 0x043F, 0x0435, 0x0432, 0x0430, 0x0439, 0x0430, 0x043D, 0x0447, 0x0430));
				case 106: return String(CharArray::of(0x0447, 0x0435, 0x0440, 0x043E, 0x043A, 0x0438, 0x0447, 0x0435));
				case 107: return String(CharArray::of(0x0448, 0x0430, 0x0439, 0x0435, 0x043D, 0x043D, 0x0447, 0x0435));
				case 109: return String(CharArray::of(0x0431, 0x043E, 0x0440, 0x0431, 0x043E, 0x0440, 0x0434, 0x0443, 0x043A, 0x20, 0x043A, 0x0443, 0x0440, 0x0434, 0x0447, 0x0430));
				case 110: return String(CharArray::of(0x0447, 0x0438, 0x043B, 0x043A, 0x043E, 0x0442, 0x0438, 0x043D, 0x0447, 0x0435, 0x20, 0x28, 0x0431, 0x0440, 0x0438, 0x0442, 0x0430, 0x043D, 0x0434, 0x044B, 0x043A, 0x20, 0x043A, 0x043E, 0x043B, 0x0443, 0x043C, 0x0431, 0x0438, 0x044F, 0x0434, 0x0430, 0x0433, 0x044B, 0x20, 0x0430, 0x0439, 0x043C, 0x0430, 0x043A, 0x29));
				case 111: return String(CharArray::of(0x043A, 0x043E, 0x0440, 0x0441, 0x0438, 0x043A, 0x0430, 0x043D, 0x0447, 0x0430));
				case 115: return String(CharArray::of(0x043C, 0x0438, 0x0447, 0x0438, 0x0444, 0x0447, 0x0435, 0x20, 0x28, 0x0438, 0x043D, 0x0434, 0x0435, 0x0439, 0x20, 0x0442, 0x0438, 0x043B, 0x0438, 0x29));
				case 117: return String(CharArray::of(0x0442, 0x04AF, 0x0448, 0x0442, 0x04AF, 0x043A, 0x2D, 0x0447, 0x044B, 0x0433, 0x044B, 0x0448, 0x20, 0x043A, 0x0440, 0x0438, 0x0447, 0x0435, 0x20, 0x28, 0x0438, 0x043D, 0x0434, 0x0435, 0x0439, 0x20, 0x0442, 0x0438, 0x043B, 0x0438, 0x29));
				case 118: return String(CharArray::of(0x04E9, 0x0440, 0x04E9, 0x04E9, 0x043D, 0x0434, 0x04AF, 0x043A, 0x20, 0x043A, 0x0440, 0x0438, 0x0447, 0x0435, 0x20, 0x28, 0x0438, 0x043D, 0x0434, 0x0435, 0x0439, 0x20, 0x0442, 0x0438, 0x043B, 0x0438, 0x29));
				case 119: return String(CharArray::of(0x0447, 0x044B, 0x0433, 0x044B, 0x0448, 0x20, 0x043A, 0x0440, 0x0438, 0x0447, 0x0435, 0x20, 0x28, 0x0438, 0x043D, 0x0434, 0x0435, 0x0439, 0x20, 0x0442, 0x0438, 0x043B, 0x0434, 0x0435, 0x0440, 0x0438, 0x29));
				case 120: return String(CharArray::of(0x043C, 0x0443, 0x0443, 0x0441, 0x20, 0x043A, 0x0440, 0x0438, 0x0447, 0x0435, 0x20, 0x28, 0x0438, 0x043D, 0x0434, 0x0435, 0x0439, 0x20, 0x0442, 0x0438, 0x043B, 0x0438, 0x29));
				case 121: return String(CharArray::of(0x043A, 0x0430, 0x0440, 0x043E, 0x043B, 0x0438, 0x043D, 0x0430, 0x043B, 0x044B, 0x043A, 0x20, 0x0430, 0x043B, 0x0433, 0x043E, 0x043D, 0x043A, 0x0438, 0x043D, 0x0447, 0x0435));
				case 122: return String(CharArray::of(0x0441, 0x0435, 0x0441, 0x0435, 0x043B, 0x0432, 0x0430, 0x20, 0x043A, 0x0440, 0x0435, 0x043E, 0x043B, 0x20, 0x0444, 0x0440, 0x0430, 0x043D, 0x0446, 0x0443, 0x0437, 0x0447, 0x0430));
				case 123: return String(CharArray::of(0x0447, 0x0435, 0x0445, 0x0447, 0x0435));
				case 125: return String(CharArray::of(0x0441, 0x0443, 0x0430, 0x043C, 0x043F, 0x0438, 0x20, 0x043A, 0x0440, 0x0438, 0x0447, 0x0435, 0x20, 0x28, 0x0438, 0x043D, 0x0434, 0x0435, 0x0439, 0x20, 0x0442, 0x0438, 0x043B, 0x0438, 0x29));
				case 126: return String(CharArray::of(0x0447, 0x0438, 0x0440, 0x043A, 0x04E9, 0x04E9, 0x20, 0x0441, 0x043B, 0x0430, 0x0432, 0x044F, 0x043D, 0x0447, 0x0430));
				case 127: return String(CharArray::of(0x0447, 0x0443, 0x0432, 0x0430, 0x0448, 0x0447, 0x0430));
				case 129: return String(CharArray::of(0x0443, 0x0435, 0x043B, 0x0448, 0x0447, 0x0435));
				case 130: return String(CharArray::of(0x0434, 0x0430, 0x0442, 0x0447, 0x0430));
				case 131: return String(CharArray::of(0x0434, 0x0430, 0x043A, 0x043E, 0x0442, 0x0430, 0x0447, 0x0430));
				case 132: return String(CharArray::of(0x0434, 0x0430, 0x0440, 0x0433, 0x0438, 0x043D, 0x0447, 0x0435));
				case 133: return String(CharArray::of(0x0442, 0x0430, 0x0438, 0x0442, 0x0430, 0x0447, 0x0430));
				case 134: 
					if (region == 75) return String(CharArray::of(0x0430, 0x0434, 0x0430, 0x0431, 0x0438, 0x0439, 0x20, 0x043D, 0x0435, 0x043C, 0x0438, 0x0441, 0x0447, 0x0435, 0x20, 0x28, 0x0428, 0x0432, 0x0435, 0x0439, 0x0446, 0x0430, 0x0440, 0x0438, 0x044F, 0x29));
					return String(CharArray::of(0x043D, 0x0435, 0x043C, 0x0438, 0x0441, 0x0447, 0x0435));
				case 137: return String(CharArray::of(0x0434, 0x043E, 0x0433, 0x0440, 0x0438, 0x0431, 0x0447, 0x0435));
				case 139: return String(CharArray::of(0x0437, 0x0430, 0x0440, 0x043C, 0x0430, 0x0447, 0x0430));
				case 140: return String(CharArray::of(0x0434, 0x043E, 0x0433, 0x0440, 0x0438, 0x0447, 0x0435));
				case 141: return String(CharArray::of(0x0442, 0x04E9, 0x043C, 0x04E9, 0x043D, 0x043A, 0x04AF, 0x20, 0x0441, 0x043E, 0x0440, 0x0431, 0x0438, 0x0430, 0x043D, 0x0447, 0x0430));
				case 143: return String(CharArray::of(0x0434, 0x0443, 0x0430, 0x043B, 0x0430, 0x0447, 0x0430));
				case 145: return String(CharArray::of(0x0434, 0x0438, 0x0432, 0x0435, 0x0445, 0x0438, 0x0447, 0x0435));
				case 146: return String(CharArray::of(0x0436, 0x043E, 0x043B, 0x0430, 0x2D, 0x0444, 0x043E, 0x043D, 0x0438, 0x0447, 0x0435));
				case 148: return String(CharArray::of(0x0436, 0x043E, 0x043D, 0x0433, 0x0443, 0x0447, 0x0430));
				case 149: return String(CharArray::of(0x0434, 0x0430, 0x0437, 0x0430, 0x0433, 0x0430, 0x0447, 0x0430));
				case 150: return String(CharArray::of(0x044D, 0x043C, 0x0431, 0x0443, 0x0447, 0x0430));
				case 151: return String(CharArray::of(0x044D, 0x0431, 0x0435, 0x0447, 0x0435));
				case 152: return String(CharArray::of(0x044D, 0x0444, 0x0438, 0x043A, 0x0447, 0x0435));
				case 155: return String(CharArray::of(0x044D, 0x043A, 0x0430, 0x0436, 0x0443, 0x043A, 0x0447, 0x0430));
				case 156: return String(CharArray::of(0x0433, 0x0440, 0x0435, 0x043A, 0x0447, 0x0435));
				case 158: 
					if (region == 276) return String(CharArray::of(0x0430, 0x043D, 0x0433, 0x043B, 0x0438, 0x0441, 0x0447, 0x0435, 0x20, 0x28, 0x0410, 0x043C, 0x0435, 0x0440, 0x0438, 0x043A, 0x0430, 0x20, 0x041A, 0x043E, 0x0448, 0x043C, 0x043E, 0x20, 0x0428, 0x0442, 0x0430, 0x0442, 0x0442, 0x0430, 0x0440, 0x044B, 0x29));
					return String(CharArray::of(0x0430, 0x043D, 0x0433, 0x043B, 0x0438, 0x0441, 0x0447, 0x0435));
				case 160: return String(CharArray::of(0x044D, 0x0441, 0x043F, 0x0435, 0x0440, 0x0430, 0x043D, 0x0442, 0x043E));
				case 161: 
					if (region == 105) return String(CharArray::of(0x0438, 0x0441, 0x043F, 0x0430, 0x043D, 0x0447, 0x0430, 0x20, 0x28, 0x0415, 0x0432, 0x0440, 0x043E, 0x043F, 0x0430, 0x29));
					return String(CharArray::of(0x0438, 0x0441, 0x043F, 0x0430, 0x043D, 0x0447, 0x0430));
				case 163: return String(CharArray::of(0x044D, 0x0441, 0x0442, 0x043E, 0x043D, 0x0447, 0x043E));
				case 164: return String(CharArray::of(0x0431, 0x0430, 0x0441, 0x043A, 0x0447, 0x0430));
				case 165: return String(CharArray::of(0x044D, 0x0432, 0x043E, 0x043D, 0x0434, 0x043E, 0x0447, 0x043E));
				case 167: 
					if (region == 34) return String(CharArray::of(0x0434, 0x0430, 0x0440, 0x0438));
					return String(CharArray::of(0x0444, 0x0430, 0x0440, 0x0441, 0x0447, 0x0430));
				case 170: return String(CharArray::of(0x0444, 0x0443, 0x043B, 0x0430, 0x0447, 0x0430));
				case 171: return String(CharArray::of(0x0444, 0x0438, 0x043D, 0x0447, 0x0435));
				case 172: return String(CharArray::of(0x0444, 0x0438, 0x043B, 0x0438, 0x043F, 0x0438, 0x043D, 0x0447, 0x0435));
				case 174: return String(CharArray::of(0x0444, 0x0438, 0x0436, 0x0438, 0x0447, 0x0435));
				case 175: return String(CharArray::of(0x0444, 0x0430, 0x0440, 0x0435, 0x0440, 0x0447, 0x0435));
				case 176: return String(CharArray::of(0x0444, 0x043E, 0x043D, 0x0447, 0x043E));
				case 177: return String(CharArray::of(0x0444, 0x0440, 0x0430, 0x043D, 0x0446, 0x0443, 0x0437, 0x0447, 0x0430));
				case 178: return String(CharArray::of(0x0444, 0x0440, 0x0430, 0x043D, 0x0446, 0x0443, 0x0437, 0x0447, 0x0430, 0x20, 0x28, 0x043A, 0x0430, 0x0436, 0x0443, 0x043D, 0x20, 0x0434, 0x0438, 0x0430, 0x043B, 0x0435, 0x043A, 0x0442, 0x0438, 0x0441, 0x0438, 0x29));
				case 182: return String(CharArray::of(0x0442, 0x04AF, 0x043D, 0x0434, 0x04AF, 0x043A, 0x20, 0x0444, 0x0440, 0x0438, 0x0437, 0x0447, 0x0435, 0x20, 0x28, 0x0435, 0x0432, 0x0440, 0x0430, 0x0437, 0x0438, 0x044F, 0x043B, 0x044B, 0x043A, 0x20, 0x0442, 0x0438, 0x043B, 0x0434, 0x0435, 0x0440, 0x29));
				case 184: return String(CharArray::of(0x0444, 0x0440, 0x0438, 0x0443, 0x043B, 0x0447, 0x0430));
				case 185: return String(CharArray::of(0x0431, 0x0430, 0x0442, 0x044B, 0x0448, 0x20, 0x0444, 0x0440, 0x0438, 0x0437, 0x0447, 0x0435));
				case 186: return String(CharArray::of(0x0438, 0x0440, 0x043B, 0x0430, 0x043D, 0x0434, 0x0447, 0x0430));
				case 187: return String(CharArray::of(0x0433, 0x0430, 0x0447, 0x0430));
				case 188: return String(CharArray::of(0x0433, 0x0430, 0x0433, 0x0430, 0x0443, 0x0437, 0x0447, 0x0430));
				case 189: return String(CharArray::of(0x0413, 0x0430, 0x043D, 0x044C, 0x20, 0x041A, 0x044B, 0x0442, 0x0430, 0x0439, 0x0447, 0x0430));
				case 193: return String(CharArray::of(0x0448, 0x043E, 0x0442, 0x043B, 0x0430, 0x0434, 0x0438, 0x044F, 0x043B, 0x044B, 0x043A, 0x20, 0x0433, 0x0435, 0x043B, 0x0447, 0x0430));
				case 194: return String(CharArray::of(0x0433, 0x0438, 0x0438, 0x0437, 0x0447, 0x0435));
				case 195: return String(CharArray::of(0x0433, 0x0438, 0x043B, 0x0431, 0x0435, 0x0440, 0x0442, 0x0447, 0x0435));
				case 196: return String(CharArray::of(0x0433, 0x0430, 0x043B, 0x0438, 0x0441, 0x0438, 0x044F, 0x0447, 0x0430));
				case 199: return String(CharArray::of(0x0433, 0x0443, 0x0430, 0x0440, 0x0430, 0x043D, 0x0438, 0x0447, 0x0435));
				case 202: return String(CharArray::of(0x0433, 0x043E, 0x0440, 0x043E, 0x043D, 0x0442, 0x0430, 0x043B, 0x043E, 0x0447, 0x043E));
				case 206: return String(CharArray::of(0x043D, 0x0435, 0x043C, 0x0438, 0x0441, 0x0447, 0x0435, 0x20, 0x28, 0x0428, 0x0432, 0x0435, 0x0439, 0x0446, 0x0430, 0x0440, 0x0438, 0x044F, 0x29));
				case 207: return String(CharArray::of(0x0433, 0x0443, 0x0436, 0x0430, 0x0440, 0x0430, 0x0442, 0x0447, 0x0430));
				case 210: return String(CharArray::of(0x0433, 0x0443, 0x0441, 0x0438, 0x0447, 0x0435));
				case 211: return String(CharArray::of(0x043C, 0x044D, 0x043D, 0x043A, 0x0441, 0x044B, 0x0447, 0x0430));
				case 212: return String(CharArray::of(0x0433, 0x0432, 0x0438, 0x0447, 0x0438, 0x043D, 0x0447, 0x0435));
				case 213: return String(CharArray::of(0x0445, 0x0430, 0x0443, 0x0441, 0x0430, 0x0447, 0x0430));
				case 214: return String(CharArray::of(0x0445, 0x0430, 0x0439, 0x0434, 0x0430, 0x0447, 0x0430));
				case 215: return String(CharArray::of(0x0425, 0x0430, 0x043A, 0x043A, 0x0430, 0x20, 0x043A, 0x044B, 0x0442, 0x0430, 0x0439, 0x0447, 0x0430));
				case 216: return String(CharArray::of(0x0433, 0x0430, 0x0432, 0x0430, 0x0439, 0x0447, 0x0430));
				case 217: return String(CharArray::of(0x0445, 0x0430, 0x0439, 0x0434, 0x0430, 0x0447, 0x0430, 0x20, 0x28, 0x0438, 0x043D, 0x0434, 0x0435, 0x0439, 0x20, 0x0442, 0x0438, 0x043B, 0x0438, 0x29));
				case 219: return String(CharArray::of(0x0438, 0x0432, 0x0440, 0x0438, 0x0442, 0x0447, 0x0435));
				case 220: return String(CharArray::of(0x0445, 0x0438, 0x043D, 0x0434, 0x0438, 0x0447, 0x0435));
				case 222: return String(CharArray::of(0x0445, 0x0438, 0x043B, 0x0438, 0x0433, 0x0430, 0x0439, 0x043D, 0x043E, 0x043D, 0x0447, 0x043E));
				case 224: return String(CharArray::of(0x0445, 0x043C, 0x043E, 0x043D, 0x0433, 0x0447, 0x043E));
				case 227: return String(CharArray::of(0x0445, 0x043E, 0x0440, 0x0432, 0x0430, 0x0442, 0x0447, 0x0430));
				case 228: return String(CharArray::of(0x0436, 0x043E, 0x0433, 0x043E, 0x0440, 0x043A, 0x0443, 0x20, 0x0441, 0x043E, 0x0440, 0x0431, 0x0438, 0x0430, 0x043D, 0x0447, 0x0430));
				case 229: return String(CharArray::of(0x0421, 0x044F, 0x043D, 0x044C, 0x20, 0x041A, 0x044B, 0x0442, 0x0430, 0x0439, 0x0447, 0x0430));
				case 230: return String(CharArray::of(0x0433, 0x0430, 0x0438, 0x0442, 0x0438, 0x0447, 0x0435));
				case 231: return String(CharArray::of(0x0432, 0x0435, 0x043D, 0x0433, 0x0435, 0x0440, 0x0447, 0x0435));
				case 232: return String(CharArray::of(0x0445, 0x0443, 0x043F, 0x0430, 0x0447, 0x0430));
				case 233: return String(CharArray::of(0x0445, 0x0430, 0x043B, 0x043A, 0x043E, 0x043C, 0x0435, 0x043B, 0x0435, 0x043C, 0x0447, 0x0435, 0x20, 0x28, 0x0438, 0x043D, 0x0434, 0x0435, 0x0439, 0x20, 0x0442, 0x0438, 0x043B, 0x0438, 0x29));
				case 234: return String(CharArray::of(0x0430, 0x0440, 0x043C, 0x044F, 0x043D, 0x0447, 0x0430));
				case 235: return String(CharArray::of(0x0433, 0x0435, 0x0440, 0x0435, 0x0440, 0x043E, 0x0447, 0x043E));
				case 236: return String(CharArray::of(0x0438, 0x043D, 0x0442, 0x0435, 0x0440, 0x043B, 0x0438, 0x043D, 0x0433, 0x0432, 0x0430));
				case 237: return String(CharArray::of(0x0438, 0x0431, 0x0430, 0x043D, 0x0447, 0x0430));
				case 238: return String(CharArray::of(0x0438, 0x0431, 0x0438, 0x0431, 0x0438, 0x043E, 0x0447, 0x043E));
				case 239: return String(CharArray::of(0x0438, 0x043D, 0x0434, 0x043E, 0x043D, 0x0435, 0x0437, 0x0438, 0x044F, 0x0447, 0x0430));
				case 240: return String(CharArray::of(0x0438, 0x043D, 0x0442, 0x0435, 0x0440, 0x043B, 0x0438, 0x043D, 0x0433));
				case 241: return String(CharArray::of(0x0438, 0x0433, 0x0431, 0x043E, 0x0447, 0x043E));
				case 242: return String(CharArray::of(0x0441, 0x044B, 0x0447, 0x0443, 0x0430, 0x043D, 0x044C, 0x20, 0x0439, 0x0438, 0x0447, 0x0435));
				case 245: return String(CharArray::of(0x0438, 0x043D, 0x0443, 0x043A, 0x0442, 0x0438, 0x0442, 0x0443, 0x0442, 0x0447, 0x0430, 0x20, 0x28, 0x041A, 0x0430, 0x043D, 0x0430, 0x0434, 0x0430, 0x29));
				case 246: return String(CharArray::of(0x0438, 0x043B, 0x043E, 0x043A, 0x043E, 0x0447, 0x043E));
				case 248: return String(CharArray::of(0x0438, 0x043D, 0x0433, 0x0443, 0x0448, 0x0447, 0x0430));
				case 249: return String(CharArray::of(0x0438, 0x0434, 0x043E, 0x0447, 0x043E));
				case 250: return String(CharArray::of(0x0438, 0x0441, 0x043B, 0x0430, 0x043D, 0x0434, 0x0447, 0x0430));
				case 251: return String(CharArray::of(0x0438, 0x0442, 0x0430, 0x043B, 0x0438, 0x044F, 0x043D, 0x0447, 0x0430));
				case 252: return String(CharArray::of(0x0438, 0x043D, 0x0443, 0x043A, 0x0442, 0x0438, 0x0442, 0x0443, 0x0442, 0x0447, 0x0430));
				case 255: return String(CharArray::of(0x0436, 0x0430, 0x043F, 0x043E, 0x043D, 0x0447, 0x043E));
				case 257: return String(CharArray::of(0x043B, 0x043E, 0x0436, 0x0431, 0x0430, 0x043D, 0x0447, 0x0430));
				case 258: return String(CharArray::of(0x043D, 0x0433, 0x043E, 0x043C, 0x0431, 0x0430, 0x0447, 0x0430));
				case 260: return String(CharArray::of(0x043C, 0x0430, 0x0447, 0x0430, 0x043C, 0x0435, 0x0447, 0x0435));
				case 264: return String(CharArray::of(0x0436, 0x0430, 0x0432, 0x0430, 0x043D, 0x0438, 0x0437, 0x0447, 0x0435));
				case 265: return String(CharArray::of(0x0433, 0x0440, 0x0443, 0x0437, 0x0438, 0x043D, 0x0447, 0x0435));
				case 267: return String(CharArray::of(0x043A, 0x0430, 0x0431, 0x044B, 0x043B, 0x0447, 0x0430));
				case 268: return String(CharArray::of(0x043A, 0x0430, 0x0445, 0x0438, 0x043D, 0x0447, 0x0435));
				case 269: return String(CharArray::of(0x0434, 0x0436, 0x0443, 0x0447, 0x0430));
				case 270: return String(CharArray::of(0x043A, 0x0430, 0x043C, 0x0431, 0x0430, 0x0447, 0x0430));
				case 272: return String(CharArray::of(0x043A, 0x0430, 0x0431, 0x0430, 0x0440, 0x0434, 0x0438, 0x043D, 0x0447, 0x0435));
				case 274: return String(CharArray::of(0x0442, 0x044F, 0x043F, 0x0447, 0x0430));
				case 275: return String(CharArray::of(0x043C, 0x0430, 0x043A, 0x043E, 0x043D, 0x0434, 0x0435, 0x0447, 0x0435));
				case 276: return String(CharArray::of(0x043A, 0x0430, 0x0431, 0x0443, 0x0432, 0x0435, 0x0440, 0x0434, 0x0438, 0x0447, 0x0435));
				case 278: return String(CharArray::of(0x043A, 0x043E, 0x0440, 0x043E, 0x0447, 0x043E));
				case 280: return String(CharArray::of(0x043A, 0x0430, 0x0439, 0x043D, 0x0433, 0x0430, 0x043D, 0x0433, 0x0447, 0x0430, 0x20, 0x28, 0x0438, 0x043D, 0x0434, 0x0435, 0x0439, 0x20, 0x0442, 0x0438, 0x043B, 0x0438, 0x29));
				case 281: return String(CharArray::of(0x0445, 0x0430, 0x0441, 0x0438, 0x0447, 0x0435));
				case 283: return String(CharArray::of(0x043A, 0x043E, 0x0439, 0x0440, 0x0430, 0x20, 0x0447, 0x0438, 0x043D, 0x0438, 0x0447, 0x0435));
				case 285: return String(CharArray::of(0x043A, 0x0438, 0x043A, 0x0443, 0x0439, 0x0438, 0x0447, 0x0435));
				case 287: return String(CharArray::of(0x043A, 0x0443, 0x0430, 0x043D, 0x044C, 0x044F, 0x043C, 0x0430, 0x0447, 0x0430));
				case 288: return String(CharArray::of(0x043A, 0x0430, 0x0437, 0x0430, 0x043A, 0x0447, 0x0430));
				case 289: return String(CharArray::of(0x043A, 0x0430, 0x043A, 0x043E, 0x0447, 0x043E));
				case 290: return String(CharArray::of(0x043A, 0x0430, 0x043B, 0x0430, 0x0430, 0x043B, 0x0438, 0x0441, 0x0443, 0x0442, 0x0447, 0x0430));
				case 291: return String(CharArray::of(0x043A, 0x0430, 0x043B, 0x0435, 0x043D, 0x0436, 0x0438, 0x0447, 0x0435));
				case 292: return String(CharArray::of(0x043A, 0x043C, 0x0435, 0x0440, 0x0447, 0x0435));
				case 293: return String(CharArray::of(0x043A, 0x0438, 0x043C, 0x0431, 0x0443, 0x043D, 0x0434, 0x0443, 0x0447, 0x0430));
				case 294: return String(CharArray::of(0x043A, 0x0430, 0x043D, 0x043D, 0x0430, 0x0434, 0x0430, 0x0447, 0x0430));
				case 295: return String(CharArray::of(0x043A, 0x043E, 0x0440, 0x0435, 0x0439, 0x0447, 0x0435));
				case 296: return String(CharArray::of(0x043A, 0x043E, 0x043C, 0x0438, 0x2D, 0x043F, 0x0435, 0x0440, 0x043C, 0x044F, 0x043A, 0x0447, 0x0430));
				case 297: return String(CharArray::of(0x043A, 0x043E, 0x043D, 0x043A, 0x0430, 0x043D, 0x0438, 0x0447, 0x0435));
				case 299: return String(CharArray::of(0x043A, 0x043F, 0x0435, 0x043B, 0x043B, 0x0435, 0x0447, 0x0435));
				case 300: return String(CharArray::of(0x043A, 0x0430, 0x043D, 0x0443, 0x0440, 0x0438, 0x0447, 0x0435));
				case 301: return String(CharArray::of(0x043A, 0x0430, 0x0440, 0x0430, 0x0447, 0x0430, 0x0439, 0x2D, 0x0431, 0x0430, 0x043B, 0x043A, 0x0430, 0x0440, 0x0447, 0x0430));
				case 304: return String(CharArray::of(0x043A, 0x0430, 0x0440, 0x0435, 0x043B, 0x0447, 0x0435));
				case 305: return String(CharArray::of(0x043A, 0x0443, 0x0440, 0x0443, 0x0445, 0x0447, 0x0430));
				case 306: return String(CharArray::of(0x043A, 0x0430, 0x0448, 0x043C, 0x0438, 0x0440, 0x0447, 0x0435));
				case 307: return String(CharArray::of(0x0448, 0x0430, 0x043C, 0x0430, 0x0431, 0x0430, 0x043B, 0x0430, 0x0447, 0x0430));
				case 308: return String(CharArray::of(0x0431, 0x0430, 0x0444, 0x0438, 0x044F, 0x0447, 0x0430));
				case 309: return String(CharArray::of(0x043A, 0x043E, 0x043B, 0x043E, 0x043D, 0x044C, 0x044F, 0x0447, 0x0430));
				case 310: return String(CharArray::of(0x043A, 0x0443, 0x0440, 0x0434, 0x0447, 0x0430));
				case 311: return String(CharArray::of(0x043A, 0x0443, 0x043C, 0x044B, 0x043A, 0x0447, 0x0430));
				case 313: return String(CharArray::of(0x043A, 0x043E, 0x043C, 0x0438, 0x0447, 0x0435));
				case 314: return String(CharArray::of(0x043A, 0x043E, 0x0440, 0x043D, 0x0438, 0x0448, 0x0447, 0x0435));
				case 315: return String(CharArray::of(0x043A, 0x0432, 0x0430, 0x043A, 0x0432, 0x0430, 0x043B, 0x0430, 0x0447, 0x0430, 0x20, 0x28, 0x0438, 0x043D, 0x0434, 0x0435, 0x0439, 0x20, 0x0442, 0x0438, 0x043B, 0x0438, 0x29));
				case 316: return String(CharArray::of(0x043A, 0x0443, 0x0432, 0x0438));
				case 317: return String(CharArray::of(0x043A, 0x044B, 0x0440, 0x0433, 0x044B, 0x0437, 0x0447, 0x0430));
				case 318: return String(CharArray::of(0x043B, 0x0430, 0x0442, 0x044B, 0x043D, 0x0447, 0x0430));
				case 319: return String(CharArray::of(0x043B, 0x0430, 0x0434, 0x0438, 0x043D, 0x043E, 0x0447, 0x043E));
				case 320: return String(CharArray::of(0x043B, 0x0430, 0x043D, 0x0433, 0x0438, 0x0447, 0x0435));
				case 323: return String(CharArray::of(0x043B, 0x044E, 0x043A, 0x0441, 0x0435, 0x043C, 0x0431, 0x0443, 0x0440, 0x0433, 0x0447, 0x0430));
				case 324: return String(CharArray::of(0x043B, 0x0435, 0x0437, 0x0433, 0x0438, 0x043D, 0x0447, 0x0435));
				case 326: return String(CharArray::of(0x0433, 0x0430, 0x043D, 0x0434, 0x0430, 0x0447, 0x0430));
				case 327: return String(CharArray::of(0x043B, 0x0438, 0x043C, 0x0431, 0x0443, 0x0440, 0x0433, 0x0438, 0x0447, 0x0435));
				case 328: return String(CharArray::of(0x043B, 0x0438, 0x0433, 0x0443, 0x0440, 0x0447, 0x0430));
				case 329: return String(CharArray::of(0x043B, 0x0438, 0x043B, 0x043B, 0x0443, 0x044D, 0x0442, 0x0447, 0x0435, 0x20, 0x28, 0x0438, 0x043D, 0x0434, 0x0435, 0x0439, 0x20, 0x0442, 0x0438, 0x043B, 0x0438, 0x29));
				case 331: return String(CharArray::of(0x043B, 0x0430, 0x043A, 0x043E, 0x0442, 0x0430, 0x0447, 0x0430));
				case 333: return String(CharArray::of(0x043B, 0x043E, 0x043C, 0x0431, 0x0430, 0x0440, 0x0434, 0x0447, 0x0430));
				case 334: return String(CharArray::of(0x043B, 0x0438, 0x043D, 0x0433, 0x0430, 0x043B, 0x0430, 0x0447, 0x0430));
				case 335: return String(CharArray::of(0x043B, 0x0430, 0x043E, 0x0447, 0x043E));
				case 337: return String(CharArray::of(0x043B, 0x0443, 0x0438, 0x0437, 0x0438, 0x0430, 0x043D, 0x0430, 0x20, 0x043A, 0x0440, 0x0435, 0x043E, 0x043B, 0x0447, 0x043E));
				case 338: return String(CharArray::of(0x043B, 0x043E, 0x0437, 0x0438, 0x0447, 0x0435));
				case 339: return String(CharArray::of(0x0442, 0x04AF, 0x043D, 0x0434, 0x04AF, 0x043A, 0x20, 0x043B, 0x0443, 0x0440, 0x0438, 0x0447, 0x0435));
				case 340: return String(CharArray::of(0x0441, 0x0430, 0x0430, 0x043C, 0x0438, 0x0430, 0x0447, 0x0430, 0x20, 0x28, 0x0423, 0x0433, 0x0430, 0x043D, 0x0434, 0x0430, 0x2C, 0x20, 0x041A, 0x0435, 0x043D, 0x0438, 0x044F, 0x29));
				case 341: return String(CharArray::of(0x043B, 0x0438, 0x0442, 0x043E, 0x0432, 0x0447, 0x043E));
				case 343: return String(CharArray::of(0x043B, 0x0443, 0x0431, 0x0430, 0x2D, 0x043A, 0x0430, 0x0442, 0x0430, 0x043D, 0x0433, 0x0430, 0x0447, 0x0430));
				case 344: return String(CharArray::of(0x043B, 0x0443, 0x0431, 0x0430, 0x2D, 0x043B, 0x0443, 0x043B, 0x0443, 0x0430, 0x0447, 0x0430));
				case 346: return String(CharArray::of(0x043B, 0x0443, 0x043D, 0x0434, 0x0430, 0x0447, 0x0430));
				case 347: return String(CharArray::of(0x043B, 0x0443, 0x043E, 0x0447, 0x043E));
				case 348: return String(CharArray::of(0x043C, 0x0438, 0x0437, 0x043E, 0x0447, 0x043E));
				case 349: return String(CharArray::of(0x043B, 0x0443, 0x0445, 0x0438, 0x044F, 0x0447, 0x0430));
				case 350: return String(CharArray::of(0x043B, 0x0430, 0x0442, 0x044B, 0x0448, 0x0447, 0x0430));
				case 353: return String(CharArray::of(0x043C, 0x0430, 0x0434, 0x0443, 0x0440, 0x0438, 0x0441, 0x0447, 0x0435));
				case 355: return String(CharArray::of(0x043C, 0x0430, 0x0433, 0x0430, 0x0445, 0x0438, 0x0447, 0x0435));
				case 356: return String(CharArray::of(0x043C, 0x0430, 0x0438, 0x0442, 0x0438, 0x043B, 0x0438, 0x0447, 0x0435));
				case 357: return String(CharArray::of(0x043C, 0x0430, 0x043A, 0x0430, 0x0441, 0x0430, 0x0440, 0x0447, 0x0430));
				case 359: return String(CharArray::of(0x043C, 0x0430, 0x0441, 0x0430, 0x0439, 0x0447, 0x0430));
				case 361: return String(CharArray::of(0x043C, 0x043E, 0x043A, 0x0448, 0x0430, 0x0447, 0x0430));
				case 363: return String(CharArray::of(0x043C, 0x0435, 0x043D, 0x0434, 0x0435, 0x0447, 0x0435));
				case 364: return String(CharArray::of(0x043C, 0x0435, 0x0440, 0x0443, 0x0447, 0x0430));
				case 365: return String(CharArray::of(0x043C, 0x043E, 0x0440, 0x0438, 0x0441, 0x0438, 0x0430, 0x043D, 0x0447, 0x0430));
				case 366: return String(CharArray::of(0x043C, 0x0430, 0x043B, 0x0430, 0x0433, 0x0430, 0x0441, 0x0447, 0x0430));
				case 368: return String(CharArray::of(0x043C, 0x0430, 0x043A, 0x0443, 0x0430, 0x0447, 0x0430));
				case 369: return String(CharArray::of(0x043C, 0x0435, 0x0442, 0x0430, 0x0447, 0x0430));
				case 370: return String(CharArray::of(0x043C, 0x0430, 0x0440, 0x0448, 0x0430, 0x043B, 0x043B, 0x0447, 0x0430));
				case 372: return String(CharArray::of(0x043C, 0x0430, 0x043E, 0x0440, 0x0438, 0x0447, 0x0435));
				case 373: return String(CharArray::of(0x043C, 0x0438, 0x043A, 0x043C, 0x0430, 0x043A, 0x0447, 0x0430));
				case 374: return String(CharArray::of(0x043C, 0x0438, 0x043D, 0x0430, 0x043D, 0x043A, 0x0430, 0x0431, 0x0430, 0x0443, 0x0447, 0x0430));
				case 375: return String(CharArray::of(0x043C, 0x0430, 0x043A, 0x0435, 0x0434, 0x043E, 0x043D, 0x0447, 0x043E));
				case 376: return String(CharArray::of(0x043C, 0x0430, 0x043B, 0x0430, 0x0439, 0x0430, 0x043B, 0x0430, 0x043C, 0x0447, 0x0430));
				case 377: return String(CharArray::of(0x043C, 0x043E, 0x043D, 0x0433, 0x043E, 0x043B, 0x0447, 0x043E));
				case 379: return String(CharArray::of(0x043C, 0x0430, 0x043D, 0x0438, 0x043F, 0x0443, 0x0440, 0x0438, 0x0447, 0x0435));
				case 380: return String(CharArray::of(0x0438, 0x043D, 0x043D, 0x0443, 0x2D, 0x0430, 0x0439, 0x043C, 0x0443, 0x043D, 0x0447, 0x0430, 0x20, 0x28, 0x0438, 0x043D, 0x0434, 0x0435, 0x0439, 0x043B, 0x0435, 0x0440, 0x20, 0x0442, 0x0438, 0x043B, 0x0438, 0x29));
				case 381: return String(CharArray::of(0x043C, 0x043E, 0x0445, 0x0430, 0x0443, 0x043A, 0x0447, 0x0430));
				case 382: return String(CharArray::of(0x043C, 0x043E, 0x0441, 0x0441, 0x0438, 0x0447, 0x0435));
				case 383: return String(CharArray::of(0x043C, 0x0430, 0x0440, 0x0430, 0x0442, 0x0438, 0x0447, 0x0435));
				case 385: return String(CharArray::of(0x043C, 0x0430, 0x043B, 0x0430, 0x0439, 0x0447, 0x0430));
				case 386: return String(CharArray::of(0x043C, 0x0430, 0x043B, 0x0442, 0x0438, 0x0437, 0x0447, 0x0435));
				case 387: return String(CharArray::of(0x043C, 0x0443, 0x043D, 0x0434, 0x0430, 0x043D, 0x0433, 0x0447, 0x0430));
				case 388: return String(CharArray::of(0x0431, 0x0438, 0x0440, 0x20, 0x043D, 0x0435, 0x0447, 0x0435, 0x20, 0x0442, 0x0438, 0x043B, 0x0434, 0x0435));
				case 389: return String(CharArray::of(0x043A, 0x0440, 0x0438, 0x043A, 0x0447, 0x0435));
				case 390: return String(CharArray::of(0x043C, 0x0438, 0x0440, 0x0430, 0x043D, 0x0434, 0x0438, 0x0437, 0x0447, 0x0435));
				case 393: return String(CharArray::of(0x0431, 0x0443, 0x0440, 0x043C, 0x0430, 0x0447, 0x0430));
				case 395: return String(CharArray::of(0x044D, 0x0440, 0x0437, 0x044F, 0x043D, 0x0447, 0x0430));
				case 396: return String(CharArray::of(0x043C, 0x0430, 0x0437, 0x0430, 0x043D, 0x0434, 0x0435, 0x0440, 0x0430, 0x043D, 0x0438, 0x0447, 0x0435));
				case 397: return String(CharArray::of(0x043D, 0x0430, 0x0443, 0x0440, 0x0443, 0x0447, 0x0430));
				case 399: return String(CharArray::of(0x043D, 0x0435, 0x043E, 0x043F, 0x043E, 0x043B, 0x0438, 0x0442, 0x0430, 0x043D, 0x0447, 0x0430));
				case 400: return String(CharArray::of(0x043D, 0x0430, 0x043C, 0x0430, 0x0447, 0x0430));
				case 401: return String(CharArray::of(0x043D, 0x043E, 0x0440, 0x0432, 0x0435, 0x0436, 0x0447, 0x0435, 0x20, 0x28, 0x0431, 0x0443, 0x043A, 0x043C, 0x0430, 0x043B, 0x29));
				case 402: return String(CharArray::of(0x0442, 0x04AF, 0x043D, 0x0434, 0x04AF, 0x043A, 0x20, 0x043D, 0x0434, 0x044B, 0x0431, 0x0435, 0x043B, 0x0447, 0x0435));
				case 403: 
					if (region == 206) return String(CharArray::of(0x0442, 0x04E9, 0x043C, 0x04E9, 0x043D, 0x043A, 0x04AF, 0x20, 0x0441, 0x0430, 0x043A, 0x0441, 0x043E, 0x043D, 0x0447, 0x043E));
					return String(CharArray::of(0x0442, 0x04E9, 0x043C, 0x04E9, 0x043D, 0x043A, 0x04AF, 0x20, 0x043D, 0x0435, 0x043C, 0x0438, 0x0441, 0x0447, 0x0435));
				case 404: return String(CharArray::of(0x043D, 0x0435, 0x043F, 0x0430, 0x043B, 0x0447, 0x0430));
				case 405: return String(CharArray::of(0x043D, 0x0435, 0x0432, 0x0430, 0x0440, 0x0438, 0x0447, 0x0435));
				case 406: return String(CharArray::of(0x043D, 0x0434, 0x043E, 0x043D, 0x0433, 0x0430, 0x0447, 0x0430));
				case 407: return String(CharArray::of(0x043D, 0x0438, 0x0430, 0x0441, 0x0447, 0x0430));
				case 408: return String(CharArray::of(0x043D, 0x044C, 0x044E, 0x0430, 0x043D, 0x0447, 0x0430));
				case 410: 
					if (region == 51) return String(CharArray::of(0x0444, 0x043B, 0x0430, 0x043C, 0x0430, 0x043D, 0x0434, 0x0447, 0x0430));
					return String(CharArray::of(0x0433, 0x043E, 0x043B, 0x043B, 0x0430, 0x043D, 0x0434, 0x0447, 0x0430));
				case 411: return String(CharArray::of(0x043A, 0x0432, 0x0430, 0x0441, 0x0438, 0x043E, 0x0447, 0x043E));
				case 412: return String(CharArray::of(0x043D, 0x043E, 0x0440, 0x0432, 0x0435, 0x0436, 0x0447, 0x0435, 0x20, 0x28, 0x043D, 0x0438, 0x043D, 0x043E, 0x0440, 0x0441, 0x043A, 0x29));
				case 413: return String(CharArray::of(0x043D, 0x0433, 0x0438, 0x043C, 0x0431, 0x0443, 0x043D, 0x0447, 0x0430));
				case 414: return String(CharArray::of(0x043D, 0x043E, 0x0440, 0x0432, 0x0435, 0x0436, 0x0447, 0x0435));
				case 415: return String(CharArray::of(0x043D, 0x043E, 0x0433, 0x0430, 0x0439, 0x0447, 0x0430));
				case 418: return String(CharArray::of(0x043D, 0x043A, 0x043E, 0x0447, 0x043E));
				case 419: return String(CharArray::of(0x0442, 0x04AF, 0x0448, 0x0442, 0x04AF, 0x043A, 0x20, 0x043D, 0x0434, 0x0435, 0x0431, 0x0435, 0x043B, 0x0435, 0x0447, 0x0435));
				case 420: return String(CharArray::of(0x0442, 0x04AF, 0x043D, 0x0434, 0x04AF, 0x043A, 0x20, 0x0441, 0x043E, 0x0442, 0x043E, 0x0447, 0x043E));
				case 421: return String(CharArray::of(0x043D, 0x0443, 0x0435, 0x0440, 0x0447, 0x0435));
				case 422: return String(CharArray::of(0x043D, 0x0430, 0x0432, 0x0430, 0x0434, 0x0436, 0x043E, 0x0447, 0x043E));
				case 424: return String(CharArray::of(0x043D, 0x044C, 0x044F, 0x043D, 0x0434, 0x0436, 0x0430, 0x0447, 0x0430));
				case 426: return String(CharArray::of(0x043D, 0x044B, 0x0439, 0x0430, 0x043D, 0x043A, 0x043E, 0x043B, 0x0447, 0x043E));
				case 429: return String(CharArray::of(0x043E, 0x043A, 0x0441, 0x0438, 0x0442, 0x0430, 0x043D, 0x0447, 0x0430));
				case 431: return String(CharArray::of(0x0442, 0x04AF, 0x043D, 0x0434, 0x04AF, 0x043A, 0x2D, 0x0431, 0x0430, 0x0442, 0x044B, 0x0448, 0x20, 0x043E, 0x0436, 0x0438, 0x0431, 0x0432, 0x0435, 0x0447, 0x0435, 0x20, 0x28, 0x0438, 0x043D, 0x0434, 0x0435, 0x0439, 0x20, 0x0442, 0x0438, 0x043B, 0x0438, 0x29));
				case 432: return String(CharArray::of(0x0431, 0x043E, 0x0440, 0x0431, 0x043E, 0x0440, 0x0434, 0x0443, 0x043A, 0x20, 0x043E, 0x0436, 0x0438, 0x0431, 0x0432, 0x0435, 0x0447, 0x0435));
				case 434: return String(CharArray::of(0x043E, 0x0436, 0x0438, 0x2D, 0x043A, 0x0440, 0x0438, 0x0447, 0x0435, 0x20, 0x28, 0x0438, 0x043D, 0x0434, 0x0435, 0x0439, 0x20, 0x0442, 0x0438, 0x043B, 0x0438, 0x29));
				case 435: return String(CharArray::of(0x0431, 0x0430, 0x0442, 0x044B, 0x0448, 0x20, 0x043E, 0x0436, 0x0438, 0x0431, 0x0432, 0x0435, 0x0447, 0x0435, 0x20, 0x28, 0x0438, 0x043D, 0x0434, 0x0435, 0x0439, 0x20, 0x0442, 0x0438, 0x043B, 0x0438, 0x29));
				case 436: return String(CharArray::of(0x043E, 0x043A, 0x0430, 0x043D, 0x0430, 0x0433, 0x0430, 0x043D, 0x0447, 0x0430, 0x20, 0x28, 0x041A, 0x0430, 0x043D, 0x0430, 0x0434, 0x0430, 0x29));
				case 437: return String(CharArray::of(0x043E, 0x0440, 0x043E, 0x043C, 0x043E, 0x0447, 0x043E));
				case 438: return String(CharArray::of(0x043E, 0x0440, 0x0438, 0x044F, 0x0447, 0x0430));
				case 439: return String(CharArray::of(0x043E, 0x0441, 0x0435, 0x0442, 0x0438, 0x043D, 0x0447, 0x0435));
				case 442: return String(CharArray::of(0x043F, 0x0443, 0x043D, 0x0436, 0x0430, 0x0431, 0x0438, 0x0447, 0x0435));
				case 443: return String(CharArray::of(0x043F, 0x0430, 0x043D, 0x0433, 0x0430, 0x0441, 0x0438, 0x0447, 0x0435));
				case 445: return String(CharArray::of(0x043F, 0x0430, 0x043C, 0x043F, 0x0430, 0x043D, 0x0433, 0x0430, 0x0447, 0x0430));
				case 446: return String(CharArray::of(0x043F, 0x0430, 0x043F, 0x0438, 0x0430, 0x043C, 0x0435, 0x043D, 0x0442, 0x043E, 0x0447, 0x043E));
				case 447: return String(CharArray::of(0x043F, 0x0430, 0x043B, 0x0430, 0x0443, 0x0430, 0x043D, 0x0447, 0x0430));
				case 449: return String(CharArray::of(0x0430, 0x0440, 0x0433, 0x044B, 0x043D, 0x0434, 0x0430, 0x0448, 0x043A, 0x0430, 0x043D, 0x20, 0x0442, 0x0438, 0x043B, 0x20, 0x28, 0x041D, 0x0438, 0x0433, 0x0435, 0x0440, 0x0438, 0x044F, 0x29));
				case 456: return String(CharArray::of(0x043F, 0x0438, 0x0436, 0x0438, 0x043D, 0x0447, 0x0435, 0x20, 0x28, 0x0421, 0x043E, 0x043B, 0x043E, 0x043C, 0x043E, 0x043D, 0x20, 0x0410, 0x0440, 0x0430, 0x043B, 0x0434, 0x0430, 0x0440, 0x044B, 0x29));
				case 457: return String(CharArray::of(0x043F, 0x043E, 0x043B, 0x044F, 0x043A, 0x0447, 0x0430));
				case 461: return String(CharArray::of(0x043C, 0x0430, 0x043B, 0x0435, 0x0441, 0x0438, 0x0442, 0x2D, 0x043F, 0x0430, 0x0441, 0x0441, 0x0430, 0x043C, 0x0430, 0x043A, 0x0443, 0x043E, 0x0434, 0x0434, 0x0438, 0x0447, 0x0435, 0x20, 0x28, 0x0438, 0x043D, 0x0434, 0x0435, 0x0439, 0x20, 0x0442, 0x0438, 0x043B, 0x0438, 0x29));
				case 462: return String(CharArray::of(0x043F, 0x0440, 0x0443, 0x0441, 0x0441, 0x0447, 0x0430));
				case 464: return String(CharArray::of(0x043F, 0x0443, 0x0448, 0x0442, 0x0443, 0x0447, 0x0430));
				case 465: 
					if (region == 224) return String(CharArray::of(0x043F, 0x043E, 0x0440, 0x0442, 0x0443, 0x0433, 0x0430, 0x043B, 0x0447, 0x0430, 0x20, 0x28, 0x0415, 0x0432, 0x0440, 0x043E, 0x043F, 0x0430, 0x29));
					return String(CharArray::of(0x043F, 0x043E, 0x0440, 0x0442, 0x0443, 0x0433, 0x0430, 0x043B, 0x0447, 0x0430));
				case 466: return String(CharArray::of(0x043A, 0x0435, 0x0447, 0x0443, 0x0430, 0x0447, 0x0430));
				case 467: return String(CharArray::of(0x043A, 0x0438, 0x0447, 0x0435, 0x0447, 0x0435));
				case 469: return String(CharArray::of(0x0440, 0x0430, 0x0436, 0x0430, 0x0441, 0x0442, 0x0430, 0x043D, 0x0438, 0x0447, 0x0435));
				case 470: return String(CharArray::of(0x0440, 0x0430, 0x043F, 0x0430, 0x043D, 0x044C, 0x044E, 0x0447, 0x0430));
				case 471: return String(CharArray::of(0x0440, 0x0430, 0x0440, 0x043E, 0x0442, 0x043E, 0x043D, 0x0433, 0x0430, 0x0447, 0x0430));
				case 473: return String(CharArray::of(0x0440, 0x043E, 0x0445, 0x0438, 0x043D, 0x0436, 0x0430, 0x0447, 0x0430));
				case 475: return String(CharArray::of(0x0440, 0x043E, 0x043C, 0x0430, 0x043D, 0x0448, 0x0447, 0x0430));
				case 476: return String(CharArray::of(0x0440, 0x0443, 0x043D, 0x0434, 0x0438, 0x0447, 0x0435));
				case 477: 
					if (region == 179) return String(CharArray::of(0x043C, 0x043E, 0x043B, 0x0434, 0x043E, 0x0432, 0x0430, 0x043D, 0x0447, 0x0430));
					return String(CharArray::of(0x0440, 0x0443, 0x043C, 0x044B, 0x043D, 0x0447, 0x0430));
				case 478: return String(CharArray::of(0x0440, 0x043E, 0x043C, 0x0431, 0x043E, 0x0447, 0x043E));
				case 482: return String(CharArray::of(0x043E, 0x0440, 0x0443, 0x0441, 0x0447, 0x0430));
				case 485: return String(CharArray::of(0x0430, 0x0440, 0x043E, 0x043C, 0x0443, 0x043D, 0x0447, 0x0430));
				case 486: return String(CharArray::of(0x0440, 0x0443, 0x0430, 0x043D, 0x0434, 0x0430, 0x0447, 0x0430));
				case 487: return String(CharArray::of(0x0440, 0x0443, 0x0430, 0x0447, 0x0430));
				case 488: return String(CharArray::of(0x0441, 0x0430, 0x043D, 0x0441, 0x043A, 0x0440, 0x0438, 0x0442, 0x0447, 0x0435));
				case 489: return String(CharArray::of(0x0441, 0x0430, 0x043D, 0x0434, 0x0430, 0x0432, 0x0435, 0x0447, 0x0435));
				case 490: return String(CharArray::of(0x0441, 0x0430, 0x0445, 0x0430, 0x0447, 0x0430));
				case 492: return String(CharArray::of(0x0441, 0x0430, 0x043C, 0x0431, 0x0443, 0x0440, 0x0443, 0x0447, 0x0430));
				case 494: return String(CharArray::of(0x0441, 0x0430, 0x043D, 0x0442, 0x0430, 0x043B, 0x0438, 0x0447, 0x0435));
				case 496: return String(CharArray::of(0x043D, 0x0433, 0x0430, 0x043C, 0x0431, 0x0430, 0x0439, 0x0447, 0x0430));
				case 497: return String(CharArray::of(0x0441, 0x0430, 0x043D, 0x0433, 0x0443, 0x0447, 0x0430));
				case 498: return String(CharArray::of(0x0441, 0x0430, 0x0440, 0x0434, 0x0438, 0x043D, 0x0447, 0x0435));
				case 499: return String(CharArray::of(0x0441, 0x0438, 0x0446, 0x0438, 0x043B, 0x0438, 0x0439, 0x0447, 0x0435));
				case 500: return String(CharArray::of(0x0448, 0x043E, 0x0442, 0x043B, 0x0430, 0x043D, 0x0434, 0x0447, 0x0430));
				case 501: return String(CharArray::of(0x0441, 0x0438, 0x043D, 0x0434, 0x0445, 0x0438, 0x0447, 0x0435));
				case 503: return String(CharArray::of(0x0442, 0x04AF, 0x0448, 0x0442, 0x04AF, 0x043A, 0x20, 0x043A, 0x0443, 0x0440, 0x0434, 0x0447, 0x0430));
				case 504: return String(CharArray::of(0x0442, 0x04AF, 0x043D, 0x0434, 0x04AF, 0x043A, 0x20, 0x0441, 0x0430, 0x0430, 0x043C, 0x0438, 0x0447, 0x0435));
				case 506: return String(CharArray::of(0x0441, 0x0435, 0x043D, 0x0430, 0x0447, 0x0430));
				case 509: return String(CharArray::of(0x043A, 0x043E, 0x0439, 0x0440, 0x0430, 0x0431, 0x043E, 0x0440, 0x043E, 0x20, 0x0441, 0x0435, 0x043D, 0x043D, 0x0438, 0x0447, 0x0435));
				case 510: return String(CharArray::of(0x0441, 0x0430, 0x043D, 0x0433, 0x043E, 0x0447, 0x043E));
				case 513: return String(CharArray::of(0x0441, 0x0435, 0x0440, 0x0431, 0x2D, 0x0445, 0x043E, 0x0440, 0x0432, 0x0430, 0x0442));
				case 514: return String(CharArray::of(0x0442, 0x0430, 0x0448, 0x0435, 0x043B, 0x0438, 0x0442, 0x0447, 0x0435));
				case 515: return String(CharArray::of(0x0448, 0x0430, 0x043D, 0x0447, 0x0430));
				case 517: return String(CharArray::of(0x0441, 0x0438, 0x043D, 0x0433, 0x0430, 0x043B, 0x0430, 0x0447, 0x0430));
				case 519: return String(CharArray::of(0x0441, 0x043B, 0x043E, 0x0432, 0x0430, 0x043A, 0x0447, 0x0430));
				case 521: return String(CharArray::of(0x0441, 0x043B, 0x043E, 0x0432, 0x0435, 0x043D, 0x0447, 0x0435));
				case 522: return String(CharArray::of(0x0442, 0x04AF, 0x0448, 0x0442, 0x04AF, 0x043A, 0x20, 0x043B, 0x0443, 0x0448, 0x0443, 0x0446, 0x0438, 0x0434, 0x0447, 0x0435, 0x20, 0x28, 0x0438, 0x043D, 0x0434, 0x0435, 0x0439, 0x20, 0x0442, 0x0438, 0x043B, 0x0438, 0x29));
				case 525: return String(CharArray::of(0x0441, 0x0430, 0x043C, 0x043E, 0x0430, 0x043D, 0x0447, 0x0430));
				case 526: return String(CharArray::of(0x0442, 0x04AF, 0x0448, 0x0442, 0x04AF, 0x043A, 0x20, 0x0441, 0x0430, 0x0430, 0x043C, 0x0438, 0x0447, 0x0435));
				case 527: return String(CharArray::of(0x043B, 0x0443, 0x043B, 0x0435, 0x20, 0x0441, 0x0430, 0x0430, 0x043C, 0x0438, 0x0447, 0x0435));
				case 528: return String(CharArray::of(0x0438, 0x043D, 0x0430, 0x0440, 0x0438, 0x20, 0x0441, 0x0430, 0x0430, 0x043C, 0x0438, 0x0447, 0x0435));
				case 529: return String(CharArray::of(0x0441, 0x043A, 0x043E, 0x043B, 0x0442, 0x20, 0x0441, 0x0430, 0x0430, 0x043C, 0x0438, 0x0447, 0x0435));
				case 530: return String(CharArray::of(0x0448, 0x043E, 0x043D, 0x0430, 0x0447, 0x0430));
				case 531: return String(CharArray::of(0x0441, 0x043E, 0x043D, 0x0438, 0x043D, 0x043A, 0x0435, 0x0447, 0x0435));
				case 532: return String(CharArray::of(0x0441, 0x043E, 0x043C, 0x0430, 0x043B, 0x0438, 0x0447, 0x0435));
				case 534: return String(CharArray::of(0x0430, 0x043B, 0x0431, 0x0430, 0x043D, 0x0447, 0x0430));
				case 535: return String(CharArray::of(0x0441, 0x0435, 0x0440, 0x0431, 0x0447, 0x0435));
				case 536: return String(CharArray::of(0x0441, 0x0440, 0x0430, 0x043D, 0x0430, 0x043D, 0x20, 0x0442, 0x043E, 0x043D, 0x0433, 0x043E, 0x0447, 0x043E));
				case 538: return String(CharArray::of(0x0441, 0x0432, 0x0430, 0x0442, 0x0438, 0x0447, 0x0435));
				case 539: return String(CharArray::of(0x0441, 0x0430, 0x0445, 0x043E, 0x0447, 0x043E));
				case 540: return String(CharArray::of(0x0441, 0x0435, 0x0441, 0x043E, 0x0442, 0x043E, 0x0447, 0x043E));
				case 542: return String(CharArray::of(0x0441, 0x0442, 0x0440, 0x0435, 0x0439, 0x0442, 0x0441, 0x20, 0x0441, 0x0430, 0x043B, 0x0438, 0x0448, 0x0447, 0x0435, 0x20, 0x28, 0x0438, 0x043D, 0x0434, 0x0435, 0x0439, 0x20, 0x0442, 0x0438, 0x043B, 0x0438, 0x29));
				case 543: return String(CharArray::of(0x0441, 0x0443, 0x043D, 0x0434, 0x0430, 0x043D, 0x0447, 0x0430));
				case 544: return String(CharArray::of(0x0441, 0x0443, 0x043A, 0x0443, 0x043C, 0x0430, 0x0447, 0x0430));
				case 547: return String(CharArray::of(0x0448, 0x0432, 0x0435, 0x0434, 0x0447, 0x0435));
				case 548: 
					if (region == 72) return String(CharArray::of(0x043A, 0x043E, 0x043D, 0x0433, 0x043E, 0x20, 0x0441, 0x0443, 0x0430, 0x0445, 0x0430, 0x043B, 0x0438, 0x0447, 0x0435));
					return String(CharArray::of(0x0441, 0x0443, 0x0430, 0x0445, 0x0438, 0x043B, 0x0438, 0x0447, 0x0435));
				case 549: return String(CharArray::of(0x043A, 0x043E, 0x043C, 0x043E, 0x0440, 0x0447, 0x043E));
				case 551: return String(CharArray::of(0x0441, 0x0438, 0x0440, 0x0438, 0x044F, 0x0447, 0x0430));
				case 552: return String(CharArray::of(0x0441, 0x0438, 0x043B, 0x0435, 0x0441, 0x0447, 0x0435));
				case 553: return String(CharArray::of(0x0442, 0x0430, 0x043C, 0x0438, 0x043B, 0x0447, 0x0435));
				case 554: return String(CharArray::of(0x0442, 0x04AF, 0x0448, 0x0442, 0x04AF, 0x043A, 0x20, 0x0442, 0x0443, 0x0442, 0x0447, 0x043E, 0x043D, 0x0435, 0x0447, 0x0435, 0x20, 0x28, 0x0438, 0x043D, 0x0434, 0x0435, 0x0439, 0x20, 0x0442, 0x0438, 0x043B, 0x0438, 0x29));
				case 556: return String(CharArray::of(0x0442, 0x0435, 0x043B, 0x0443, 0x0433, 0x0443, 0x0447, 0x0430));
				case 557: return String(CharArray::of(0x0442, 0x0438, 0x043C, 0x043D, 0x0435, 0x0447, 0x0435));
				case 558: return String(CharArray::of(0x0442, 0x0435, 0x0441, 0x043E, 0x0447, 0x043E));
				case 560: return String(CharArray::of(0x0442, 0x0435, 0x0442, 0x0443, 0x043C, 0x0447, 0x0430));
				case 561: return String(CharArray::of(0x0442, 0x0430, 0x0436, 0x0438, 0x043A, 0x0447, 0x0435));
				case 562: return String(CharArray::of(0x0442, 0x0430, 0x0433, 0x0438, 0x0448, 0x0447, 0x0435, 0x20, 0x28, 0x0438, 0x043D, 0x0434, 0x0435, 0x0439, 0x20, 0x0442, 0x0438, 0x043B, 0x0438, 0x29));
				case 563: return String(CharArray::of(0x0442, 0x0430, 0x0439, 0x0447, 0x0430));
				case 564: return String(CharArray::of(0x0442, 0x0430, 0x043B, 0x0442, 0x0430, 0x043D, 0x0447, 0x0430, 0x20, 0x28, 0x0438, 0x043D, 0x0434, 0x0435, 0x0439, 0x20, 0x0442, 0x0438, 0x043B, 0x0438, 0x29));
				case 565: return String(CharArray::of(0x0442, 0x0438, 0x0433, 0x0440, 0x0438, 0x043D, 0x0438, 0x0430, 0x0447, 0x0430));
				case 566: return String(CharArray::of(0x0442, 0x0438, 0x0433, 0x0440, 0x0435, 0x0447, 0x0435));
				case 568: return String(CharArray::of(0x0442, 0x04AF, 0x0440, 0x043A, 0x043C, 0x04E9, 0x043D, 0x0447, 0x04E9));
				case 572: return String(CharArray::of(0x043A, 0x043B, 0x0438, 0x043D, 0x0433, 0x043E, 0x043D, 0x0447, 0x043E));
				case 573: return String(CharArray::of(0x0442, 0x043B, 0x0438, 0x043D, 0x043A, 0x0438, 0x0442, 0x0447, 0x0435, 0x20, 0x28, 0x0438, 0x043D, 0x0434, 0x0435, 0x0439, 0x20, 0x0442, 0x0438, 0x043B, 0x0438, 0x29));
				case 576: return String(CharArray::of(0x0442, 0x0441, 0x0432, 0x0430, 0x043D, 0x0430, 0x0447, 0x0430));
				case 577: return String(CharArray::of(0x0442, 0x043E, 0x043D, 0x0433, 0x0430, 0x0447, 0x0430));
				case 579: return String(CharArray::of(0x0442, 0x043E, 0x043A, 0x0438, 0x043F, 0x043E, 0x043D, 0x0430, 0x0447, 0x0430, 0x20, 0x28, 0x044D, 0x043A, 0x0441, 0x043F, 0x0435, 0x0440, 0x0438, 0x043C, 0x0435, 0x043D, 0x0442, 0x0430, 0x043B, 0x0434, 0x044B, 0x043A, 0x20, 0x0442, 0x0438, 0x043B, 0x29));
				case 580: return String(CharArray::of(0x0442, 0x043E, 0x043A, 0x2D, 0x043F, 0x0438, 0x0441, 0x0438, 0x043D, 0x0447, 0x0435));
				case 581: return String(CharArray::of(0x0442, 0x04AF, 0x0440, 0x043A, 0x0447, 0x04E9));
				case 583: return String(CharArray::of(0x0442, 0x0430, 0x0440, 0x043E, 0x043A, 0x043E, 0x0447, 0x043E));
				case 585: return String(CharArray::of(0x0442, 0x0441, 0x043E, 0x043D, 0x0433, 0x0430, 0x0447, 0x0430));
				case 588: return String(CharArray::of(0x0442, 0x0430, 0x0442, 0x0430, 0x0440, 0x0447, 0x0430));
				case 589: return String(CharArray::of(0x0442, 0x04AF, 0x043D, 0x0434, 0x04AF, 0x043A, 0x20, 0x0442, 0x0443, 0x0442, 0x0447, 0x043E, 0x043D, 0x0447, 0x043E, 0x20, 0x28, 0x0438, 0x043D, 0x0434, 0x0435, 0x0439, 0x20, 0x0442, 0x0438, 0x043B, 0x0438, 0x29));
				case 591: return String(CharArray::of(0x0442, 0x0443, 0x043C, 0x0431, 0x0443, 0x043A, 0x0430, 0x0447, 0x0430));
				case 592: return String(CharArray::of(0x0442, 0x0443, 0x0432, 0x0430, 0x043B, 0x0443, 0x0447, 0x0430));
				case 593: return String(CharArray::of(0x0442, 0x0432, 0x0438));
				case 594: return String(CharArray::of(0x0442, 0x0430, 0x0441, 0x0430, 0x0431, 0x0430, 0x043A, 0x0447, 0x0430));
				case 595: return String(CharArray::of(0x0442, 0x0430, 0x0438, 0x0442, 0x0438, 0x0447, 0x0435));
				case 596: return String(CharArray::of(0x0442, 0x0443, 0x0432, 0x0438, 0x043D, 0x0447, 0x0435));
				case 597: return String(CharArray::of(0x0431, 0x043E, 0x0440, 0x0431, 0x043E, 0x0440, 0x0434, 0x0443, 0x043A, 0x20, 0x0410, 0x0442, 0x043B, 0x0430, 0x0441, 0x20, 0x0442, 0x0430, 0x043C, 0x0430, 0x0437, 0x0438, 0x0433, 0x0442, 0x0447, 0x0435));
				case 598: return String(CharArray::of(0x0443, 0x0434, 0x043C, 0x0443, 0x0440, 0x0442, 0x0447, 0x0430));
				case 599: return String(CharArray::of(0x0443, 0x0439, 0x0433, 0x0443, 0x0440, 0x0447, 0x0430));
				case 601: return String(CharArray::of(0x0443, 0x043A, 0x0440, 0x0430, 0x0438, 0x043D, 0x0447, 0x0435));
				case 602: return String(CharArray::of(0x0443, 0x043C, 0x0431, 0x0443, 0x043D, 0x0434, 0x0443, 0x0447, 0x0430));
				case 603: return String(CharArray::of(0x0431, 0x0435, 0x043B, 0x0433, 0x0438, 0x0441, 0x0438, 0x0437, 0x20, 0x0442, 0x0438, 0x043B, 0x0434, 0x0435));
				case 604: return String(CharArray::of(0x0443, 0x0440, 0x0434, 0x0443, 0x0447, 0x0430));
				case 605: return String(CharArray::of(0x04E9, 0x0437, 0x0431, 0x0435, 0x043A, 0x0447, 0x0435));
				case 606: return String(CharArray::of(0x0432, 0x0430, 0x0439, 0x0438, 0x0447, 0x0435));
				case 607: return String(CharArray::of(0x0432, 0x0435, 0x043D, 0x0434, 0x0430, 0x0447, 0x0430));
				case 608: return String(CharArray::of(0x0432, 0x0435, 0x043D, 0x0435, 0x0446, 0x0438, 0x044F, 0x043D, 0x0447, 0x0430));
				case 610: return String(CharArray::of(0x0432, 0x044C, 0x0435, 0x0442, 0x043D, 0x0430, 0x043C, 0x0447, 0x0430));
				case 613: return String(CharArray::of(0x043C, 0x0430, 0x0445, 0x0443, 0x0432, 0x0430, 0x0447, 0x0430));
				case 614: return String(CharArray::of(0x0432, 0x043E, 0x043B, 0x0430, 0x043F, 0x044E, 0x043A, 0x0447, 0x0430));
				case 617: return String(CharArray::of(0x0432, 0x0443, 0x043D, 0x0436, 0x043E, 0x0447, 0x043E));
				case 618: return String(CharArray::of(0x0432, 0x0430, 0x043B, 0x043B, 0x043E, 0x043D, 0x0447, 0x043E));
				case 619: return String(CharArray::of(0x0432, 0x0430, 0x043B, 0x0446, 0x0435, 0x0440, 0x0447, 0x0435));
				case 620: return String(CharArray::of(0x0432, 0x043E, 0x043B, 0x044C, 0x044F, 0x0442, 0x0442, 0x0430, 0x0447, 0x0430));
				case 621: return String(CharArray::of(0x0432, 0x0430, 0x0440, 0x0430, 0x0439, 0x0447, 0x0430));
				case 623: return String(CharArray::of(0x0432, 0x043E, 0x0440, 0x043B, 0x043F, 0x0438, 0x0440, 0x0438, 0x0447, 0x0435));
				case 624: return String(CharArray::of(0x0443, 0x043E, 0x043B, 0x043E, 0x0444, 0x0447, 0x043E));
				case 625: return String(CharArray::of(0x22, 0x0423, 0x22, 0x20, 0x0434, 0x0438, 0x0430, 0x043B, 0x0435, 0x043A, 0x0442, 0x0438, 0x043D, 0x0434, 0x0435, 0x20, 0x28, 0x041A, 0x044B, 0x0442, 0x0430, 0x0439, 0x29));
				case 626: return String(CharArray::of(0x043A, 0x0430, 0x043B, 0x043C, 0x044B, 0x043A, 0x0447, 0x0430));
				case 627: return String(CharArray::of(0x043A, 0x043E, 0x0441, 0x0430, 0x0447, 0x0430));
				case 629: return String(CharArray::of(0x043A, 0x0430, 0x043D, 0x0433, 0x0440, 0x0438));
				case 630: return String(CharArray::of(0x0441, 0x043E, 0x0433, 0x0430, 0x0447, 0x0430));
				case 633: return String(CharArray::of(0x044F, 0x043D, 0x0433, 0x0431, 0x0435, 0x043D, 0x0447, 0x0435));
				case 634: return String(CharArray::of(0x0439, 0x0435, 0x043C, 0x0431, 0x0430, 0x0447, 0x0430));
				case 635: return String(CharArray::of(0x0438, 0x0434, 0x0438, 0x0448, 0x0447, 0x0435));
				case 636: return String(CharArray::of(0x0439, 0x043E, 0x0440, 0x0443, 0x0431, 0x0430, 0x0447, 0x0430));
				case 637: return String(CharArray::of(0x043D, 0x044C, 0x0435, 0x043D, 0x0433, 0x0430, 0x0442, 0x0443, 0x0447, 0x0430, 0x20, 0x28, 0x0442, 0x04AF, 0x0448, 0x0442, 0x04AF, 0x043A, 0x20, 0x0430, 0x043C, 0x0435, 0x0440, 0x0438, 0x043A, 0x0430, 0x20, 0x0442, 0x0438, 0x043B, 0x0434, 0x0435, 0x0440, 0x0438, 0x29));
				case 638: return String(CharArray::of(0x043A, 0x0430, 0x043D, 0x0442, 0x043E, 0x043D, 0x0447, 0x043E));
				case 639: return String(CharArray::of(0x0447, 0x0436, 0x0443, 0x0430, 0x043D, 0x0447, 0x0430));
				case 644: return String(CharArray::of(0x043C, 0x0430, 0x0440, 0x043E, 0x043A, 0x043A, 0x043E, 0x20, 0x0442, 0x0430, 0x043C, 0x0430, 0x0437, 0x0438, 0x0433, 0x0442, 0x20, 0x0430, 0x0434, 0x0430, 0x0431, 0x0438, 0x0439, 0x20, 0x0442, 0x0438, 0x043B, 0x0438, 0x043D, 0x0434, 0x0435));
				case 645: 
					if (script == 61) return String(CharArray::of(0x043A, 0x044B, 0x0442, 0x0430, 0x0439, 0x0447, 0x0430, 0x20, 0x28, 0x0441, 0x0430, 0x043B, 0x0442, 0x0442, 0x0443, 0x0443, 0x29));
					if (script == 60) return String(CharArray::of(0x043A, 0x044B, 0x0442, 0x0430, 0x0439, 0x0447, 0x0430, 0x20, 0x28, 0x0436, 0x04E9, 0x043D, 0x04E9, 0x043A, 0x04E9, 0x0439, 0x043B, 0x04E9, 0x0448, 0x0442, 0x04AF, 0x0440, 0x04AF, 0x043B, 0x0433, 0x04E9, 0x043D, 0x29));
					return String(CharArray::of(0x043A, 0x044B, 0x0442, 0x0430, 0x0439, 0x0447, 0x0430));
				case 646: return String(CharArray::of(0x0437, 0x0443, 0x043B, 0x0443, 0x0447, 0x0430));
				case 647: return String(CharArray::of(0x0437, 0x0443, 0x043D, 0x0438, 0x0447, 0x0435));
				case 648: return String(CharArray::of(0x0442, 0x0438, 0x043B, 0x0434, 0x0438, 0x043A, 0x20, 0x043C, 0x0430, 0x0437, 0x043C, 0x0443, 0x043D, 0x20, 0x0436, 0x043E, 0x043A));
				case 649: return String(CharArray::of(0x0437, 0x0430, 0x0437, 0x0430, 0x0447, 0x0430));
            default: break;
            }
            return String();
        }
        
        String Ky::displayScript(gint script) const {
            switch(script) {
				case 0: return String(CharArray::of(0x0410, 0x0434, 0x043B, 0x0430, 0x043C, 0x20, 0x28, 0x0436, 0x0430, 0x0437, 0x0443, 0x0443, 0x29));
				case 4: return String(CharArray::of(0x0410, 0x0440, 0x0430, 0x0431));
				case 5: return String(CharArray::of(0x041D, 0x0430, 0x0441, 0x0442, 0x0430, 0x043B, 0x0438, 0x043A, 0x20, 0x28, 0x0410, 0x0440, 0x0430, 0x0431, 0x20, 0x0436, 0x0430, 0x0437, 0x0443, 0x0443, 0x0441, 0x0443, 0x29));
				case 7: return String(CharArray::of(0x0410, 0x0440, 0x043C, 0x044F, 0x043D));
				case 13: return String(CharArray::of(0x0411, 0x0435, 0x043D, 0x0433, 0x0430, 0x043B));
				case 16: return String(CharArray::of(0x0411, 0x043E, 0x043F, 0x043E, 0x043C, 0x043E, 0x0444, 0x043E));
				case 18: return String(CharArray::of(0x0411, 0x0440, 0x0435, 0x0439, 0x043B));
				case 21: return String(CharArray::of(0x0427, 0x0430, 0x043A, 0x043C, 0x0430, 0x20, 0x28, 0x0436, 0x0430, 0x0437, 0x0443, 0x0443, 0x29));
				case 22: return String(CharArray::of(0x043A, 0x0430, 0x043D, 0x0430, 0x0434, 0x0430, 0x043B, 0x044B, 0x043A, 0x20, 0x043C, 0x0443, 0x0443, 0x043D, 0x20, 0x0436, 0x0430, 0x0437, 0x0443, 0x0443, 0x0441, 0x0443));
				case 25: return String(CharArray::of(0x0447, 0x0435, 0x0440, 0x043E, 0x043A, 0x0438, 0x20, 0x28, 0x0436, 0x0430, 0x0437, 0x0443, 0x0443, 0x29));
				case 31: return String(CharArray::of(0x041A, 0x0438, 0x0440, 0x0438, 0x043B, 0x043B));
				case 33: return String(CharArray::of(0x0414, 0x0435, 0x0432, 0x0430, 0x043D, 0x0430, 0x0433, 0x0430, 0x0440, 0x0438));
				case 43: return String(CharArray::of(0x042D, 0x0444, 0x0438, 0x043E, 0x043F));
				case 46: return String(CharArray::of(0x0413, 0x0440, 0x0443, 0x0437, 0x0438, 0x043D));
				case 52: return String(CharArray::of(0x0413, 0x0440, 0x0435, 0x043A));
				case 53: return String(CharArray::of(0x0413, 0x0443, 0x0436, 0x0430, 0x0440, 0x0430, 0x0442, 0x0438));
				case 55: return String(CharArray::of(0x0413, 0x0443, 0x0440, 0x043C, 0x0443, 0x0445, 0x0438));
				case 56: return String(CharArray::of(0x0425, 0x0430, 0x043D, 0x0431));
				case 57: return String(CharArray::of(0x0425, 0x0430, 0x043D, 0x0433, 0x0443, 0x043B));
				case 58: return String(CharArray::of(0x0425, 0x0430, 0x043D, 0x044C));
				case 60: return String(CharArray::of(0x0416, 0x04E9, 0x043D, 0x04E9, 0x043A, 0x04E9, 0x0439, 0x043B, 0x04E9, 0x0448, 0x0442, 0x04AF, 0x0440, 0x04AF, 0x043B, 0x0433, 0x04E9, 0x043D));
				case 61: return String(CharArray::of(0x0421, 0x0430, 0x043B, 0x0442, 0x0442, 0x0443, 0x0443));
				case 63: return String(CharArray::of(0x0418, 0x0432, 0x0440, 0x0438, 0x0442));
				case 64: return String(CharArray::of(0x0425, 0x0438, 0x0440, 0x0430, 0x0433, 0x0430, 0x043D, 0x0430));
				case 68: return String(CharArray::of(0x0416, 0x0430, 0x043F, 0x043E, 0x043D, 0x20, 0x0441, 0x0438, 0x043B, 0x043B, 0x0430, 0x0431, 0x043E, 0x0433, 0x0440, 0x0430, 0x0444, 0x0438, 0x044F, 0x0441, 0x044B));
				case 72: return String(CharArray::of(0x0414, 0x0436, 0x0430, 0x043C, 0x043E));
				case 74: return String(CharArray::of(0x0416, 0x0430, 0x043F, 0x0430, 0x043D));
				case 77: return String(CharArray::of(0x041A, 0x0430, 0x0442, 0x0430, 0x043A, 0x0430, 0x043D, 0x0430));
				case 80: return String(CharArray::of(0x041A, 0x043C, 0x0435, 0x0440));
				case 83: return String(CharArray::of(0x041A, 0x0430, 0x043D, 0x043D, 0x0430, 0x0434, 0x0430));
				case 84: return String(CharArray::of(0x041A, 0x043E, 0x0440, 0x0435, 0x0439));
				case 89: return String(CharArray::of(0x041B, 0x0430, 0x043E));
				case 92: return String(CharArray::of(0x041B, 0x0430, 0x0442, 0x044B, 0x043D));
				case 111: return String(CharArray::of(0x041C, 0x0430, 0x043B, 0x0430, 0x0439, 0x0430, 0x043B, 0x0430, 0x043C));
				case 113: return String(CharArray::of(0x041C, 0x043E, 0x043D, 0x0433, 0x043E, 0x043B));
				case 116: return String(CharArray::of(0x043C, 0x0435, 0x0439, 0x0442, 0x0435, 0x0439, 0x2D, 0x043C, 0x0430, 0x0435, 0x043A, 0x20, 0x28, 0x0436, 0x0430, 0x0437, 0x0443, 0x0443, 0x29));
				case 118: return String(CharArray::of(0x041C, 0x0439, 0x0430, 0x043D, 0x043C, 0x0430, 0x0440));
				case 125: return String(CharArray::of(0x043D, 0x043A, 0x043E, 0x20, 0x28, 0x0436, 0x0430, 0x0437, 0x0443, 0x0443, 0x29));
				case 128: return String(CharArray::of(0x041E, 0x043B, 0x2D, 0x0447, 0x0438, 0x043A, 0x0438, 0x20, 0x28, 0x0436, 0x0430, 0x0437, 0x0443, 0x0443, 0x29));
				case 131: return String(CharArray::of(0x041E, 0x0440, 0x0438, 0x0439, 0x0430));
				case 147: return String(CharArray::of(0x0425, 0x0430, 0x043D, 0x0438, 0x0444, 0x0438, 0x20, 0x28, 0x0436, 0x0430, 0x0437, 0x0443, 0x0443, 0x29));
				case 159: return String(CharArray::of(0x0421, 0x0438, 0x043D, 0x0433, 0x0430, 0x043B, 0x0430));
				case 164: return String(CharArray::of(0x0441, 0x0443, 0x043D, 0x0434, 0x0430, 0x043D, 0x20, 0x0436, 0x0430, 0x0437, 0x0443, 0x0443, 0x0441, 0x0443));
				case 167: return String(CharArray::of(0x0441, 0x0438, 0x0440, 0x0438, 0x044F, 0x043B, 0x044B, 0x043A, 0x20, 0x0436, 0x0430, 0x0437, 0x0443, 0x0443));
				case 175: return String(CharArray::of(0x0422, 0x0430, 0x043C, 0x0438, 0x043B));
				case 178: return String(CharArray::of(0x0422, 0x0435, 0x043B, 0x0443));
				case 180: return String(CharArray::of(0x0422, 0x0438, 0x0444, 0x0438, 0x043D, 0x0430, 0x0433, 0x20, 0x28, 0x0436, 0x0430, 0x0437, 0x0443, 0x0443, 0x29));
				case 182: return String(CharArray::of(0x0422, 0x0430, 0x0430, 0x043D, 0x0430));
				case 183: return String(CharArray::of(0x0422, 0x0430, 0x0439));
				case 184: return String(CharArray::of(0x0422, 0x0438, 0x0431, 0x0435, 0x0442));
				case 191: return String(CharArray::of(0x0412, 0x0430, 0x0438, 0x20, 0x28, 0x0436, 0x0430, 0x0437, 0x0443, 0x0443, 0x29));
				case 200: return String(CharArray::of(0x0419, 0x0438, 0x20, 0x28, 0x0436, 0x0430, 0x0437, 0x0443, 0x0443, 0x29));
				case 203: return String(CharArray::of(0x041C, 0x0430, 0x0442, 0x0435, 0x043C, 0x0430, 0x0442, 0x0438, 0x043A, 0x0430, 0x043B, 0x044B, 0x043A, 0x20, 0x043C, 0x0430, 0x0430, 0x043D, 0x0438));
				case 204: return String(CharArray::of(0x0411, 0x044B, 0x0439, 0x0442, 0x044B, 0x043A, 0x0447, 0x0430));
				case 205: return String(CharArray::of(0x0411, 0x0435, 0x043B, 0x0433, 0x0438, 0x043B, 0x0435, 0x0440));
				case 206: return String(CharArray::of(0x0416, 0x0430, 0x0437, 0x044B, 0x043B, 0x0431, 0x0430, 0x0433, 0x0430, 0x043D));
				case 207: return String(CharArray::of(0x0416, 0x0430, 0x043B, 0x043F, 0x044B));
				case 208: return String(CharArray::of(0x0411, 0x0435, 0x043B, 0x0433, 0x0438, 0x0441, 0x0438, 0x0437, 0x20, 0x0436, 0x0430, 0x0437, 0x0443, 0x0443));
            default: break;
            }
            return String();
        }
        
        String Ky::displayCountry(gint region) const {
            switch(region) {

				case 0: return String(CharArray::of(0x0414, 0x04AF, 0x0439, 0x043D, 0x04E9));

				case 1: return String(CharArray::of(0x0410, 0x0444, 0x0440, 0x0438, 0x043A, 0x0430));

				case 2: return String(CharArray::of(0x0422, 0x04AF, 0x043D, 0x0434, 0x04AF, 0x043A, 0x20, 0x0410, 0x043C, 0x0435, 0x0440, 0x0438, 0x043A, 0x0430));

				case 3: return String(CharArray::of(0x0422, 0x04AF, 0x0448, 0x0442, 0x04AF, 0x043A, 0x20, 0x0410, 0x043C, 0x0435, 0x0440, 0x0438, 0x043A, 0x0430));

				case 4: return String(CharArray::of(0x041E, 0x043A, 0x0435, 0x0430, 0x043D, 0x0438, 0x044F));

				case 5: return String(CharArray::of(0x0411, 0x0430, 0x0442, 0x044B, 0x0448, 0x20, 0x0410, 0x0444, 0x0440, 0x0438, 0x043A, 0x0430));

				case 6: return String(CharArray::of(0x0411, 0x043E, 0x0440, 0x0431, 0x043E, 0x0440, 0x0434, 0x0443, 0x043A, 0x20, 0x0410, 0x043C, 0x0435, 0x0440, 0x0438, 0x043A, 0x0430));

				case 7: return String(CharArray::of(0x0427, 0x044B, 0x0433, 0x044B, 0x0448, 0x20, 0x0410, 0x0444, 0x0440, 0x0438, 0x043A, 0x0430));

				case 8: return String(CharArray::of(0x0422, 0x04AF, 0x043D, 0x0434, 0x04AF, 0x043A, 0x20, 0x0410, 0x0444, 0x0440, 0x0438, 0x043A, 0x0430));

				case 9: return String(CharArray::of(0x0411, 0x043E, 0x0440, 0x0431, 0x043E, 0x0440, 0x0434, 0x0443, 0x043A, 0x20, 0x0410, 0x0444, 0x0440, 0x0438, 0x043A, 0x0430));

				case 10: return String(CharArray::of(0x0422, 0x04AF, 0x0448, 0x0442, 0x04AF, 0x043A, 0x20, 0x0410, 0x0444, 0x0440, 0x0438, 0x043A, 0x0430));

				case 11: return String(CharArray::of(0x0410, 0x043C, 0x0435, 0x0440, 0x0438, 0x043A, 0x0430));

				case 12: return String(CharArray::of(0x0422, 0x04AF, 0x043D, 0x0434, 0x04AF, 0x043A, 0x20, 0x0410, 0x043C, 0x0435, 0x0440, 0x0438, 0x043A, 0x0430, 0x20, 0x28, 0x0447, 0x04E9, 0x043B, 0x043A, 0x04E9, 0x043C, 0x29));

				case 13: return String(CharArray::of(0x041A, 0x0430, 0x0440, 0x0438, 0x0431, 0x20, 0x0430, 0x0440, 0x0430, 0x043B, 0x0434, 0x0430, 0x0440, 0x044B));

				case 14: return String(CharArray::of(0x0427, 0x044B, 0x0433, 0x044B, 0x0448, 0x20, 0x0410, 0x0437, 0x0438, 0x044F));

				case 15: return String(CharArray::of(0x0422, 0x04AF, 0x0448, 0x0442, 0x04AF, 0x043A, 0x20, 0x0410, 0x0437, 0x0438, 0x044F));

				case 16: return String(CharArray::of(0x0422, 0x04AF, 0x0448, 0x0442, 0x04AF, 0x043A, 0x2D, 0x0427, 0x044B, 0x0433, 0x044B, 0x0448, 0x20, 0x0410, 0x0437, 0x0438, 0x044F));

				case 17: return String(CharArray::of(0x0422, 0x04AF, 0x0448, 0x0442, 0x04AF, 0x043A, 0x20, 0x0415, 0x0432, 0x0440, 0x043E, 0x043F, 0x0430));

				case 18: return String(CharArray::of(0x0410, 0x0432, 0x0441, 0x0442, 0x0440, 0x0430, 0x043B, 0x0430, 0x0437, 0x0438, 0x044F));

				case 19: return String(CharArray::of(0x041C, 0x0435, 0x043B, 0x0430, 0x043D, 0x0435, 0x0437, 0x0438, 0x044F));

				case 20: return String(CharArray::of(0x041C, 0x0438, 0x043A, 0x0440, 0x043E, 0x043D, 0x0435, 0x0437, 0x0438, 0x044F, 0x20, 0x0447, 0x04E9, 0x043B, 0x043A, 0x04E9, 0x043C, 0x04AF));

				case 21: return String(CharArray::of(0x041F, 0x043E, 0x043B, 0x0438, 0x043D, 0x0435, 0x0437, 0x0438, 0x044F));

				case 22: return String(CharArray::of(0x0410, 0x0437, 0x0438, 0x044F));

				case 23: return String(CharArray::of(0x0411, 0x043E, 0x0440, 0x0431, 0x043E, 0x0440, 0x20, 0x0410, 0x0437, 0x0438, 0x044F));

				case 24: return String(CharArray::of(0x0411, 0x0430, 0x0442, 0x044B, 0x0448, 0x20, 0x0410, 0x0437, 0x0438, 0x044F));

				case 25: return String(CharArray::of(0x0415, 0x0432, 0x0440, 0x043E, 0x043F, 0x0430));

				case 26: return String(CharArray::of(0x0427, 0x044B, 0x0433, 0x044B, 0x0448, 0x20, 0x0415, 0x0432, 0x0440, 0x043E, 0x043F, 0x0430));

				case 27: return String(CharArray::of(0x0422, 0x04AF, 0x043D, 0x0434, 0x04AF, 0x043A, 0x20, 0x0415, 0x0432, 0x0440, 0x043E, 0x043F, 0x0430));

				case 28: return String(CharArray::of(0x0411, 0x0430, 0x0442, 0x044B, 0x0448, 0x20, 0x0415, 0x0432, 0x0440, 0x043E, 0x043F, 0x0430));

				case 29: return String(CharArray::of(0x0410, 0x0444, 0x0440, 0x0438, 0x043A, 0x0430, 0x20, 0x04E9, 0x043B, 0x043A, 0x04E9, 0x043B, 0x04E9, 0x0440, 0x04AF));

				case 30: return String(CharArray::of(0x041B, 0x0430, 0x0442, 0x044B, 0x043D, 0x20, 0x0410, 0x043C, 0x0435, 0x0440, 0x0438, 0x043A, 0x0430, 0x0441, 0x044B));

				case 31: return String(CharArray::of(0x0412, 0x043E, 0x0437, 0x043D, 0x0435, 0x0441, 0x0435, 0x043D, 0x0438, 0x0435, 0x20, 0x0430, 0x0440, 0x0430, 0x043B, 0x044B));

				case 32: return String(CharArray::of(0x0410, 0x043D, 0x0434, 0x043E, 0x0440, 0x0440, 0x0430));

				case 33: return String(CharArray::of(0x0411, 0x0438, 0x0440, 0x0438, 0x043A, 0x043A, 0x0435, 0x043D, 0x20, 0x0410, 0x0440, 0x0430, 0x0431, 0x20, 0x042D, 0x043C, 0x0438, 0x0440, 0x0430, 0x0442, 0x0442, 0x0430, 0x0440, 0x044B));

				case 34: return String(CharArray::of(0x0410, 0x0444, 0x0433, 0x0430, 0x043D, 0x0438, 0x0441, 0x0442, 0x0430, 0x043D));

				case 35: return String(CharArray::of(0x0410, 0x043D, 0x0442, 0x0438, 0x0433, 0x0443, 0x0430, 0x20, 0x0436, 0x0430, 0x043D, 0x0430, 0x20, 0x0411, 0x0430, 0x0440, 0x0431, 0x0443, 0x0434, 0x0430));

				case 36: return String(CharArray::of(0x0410, 0x043D, 0x0433, 0x0438, 0x043B, 0x044C, 0x044F));

				case 37: return String(CharArray::of(0x0410, 0x043B, 0x0431, 0x0430, 0x043D, 0x0438, 0x044F));

				case 38: return String(CharArray::of(0x0410, 0x0440, 0x043C, 0x0435, 0x043D, 0x0438, 0x044F));

				case 39: return String(CharArray::of(0x0410, 0x043D, 0x0433, 0x043E, 0x043B, 0x0430));

				case 40: return String(CharArray::of(0x0410, 0x043D, 0x0442, 0x0430, 0x0440, 0x043A, 0x0442, 0x0438, 0x0434, 0x0430));

				case 41: return String(CharArray::of(0x0410, 0x0440, 0x0433, 0x0435, 0x043D, 0x0442, 0x0438, 0x043D, 0x0430));

				case 42: return String(CharArray::of(0x0410, 0x043C, 0x0435, 0x0440, 0x0438, 0x043A, 0x0430, 0x043B, 0x044B, 0x043A, 0x20, 0x0421, 0x0430, 0x043C, 0x043E, 0x0430));

				case 43: return String(CharArray::of(0x0410, 0x0432, 0x0441, 0x0442, 0x0440, 0x0438, 0x044F));

				case 44: return String(CharArray::of(0x0410, 0x0432, 0x0441, 0x0442, 0x0440, 0x0430, 0x043B, 0x0438, 0x044F));

				case 45: return String(CharArray::of(0x0410, 0x0440, 0x0443, 0x0431, 0x0430));

				case 46: return String(CharArray::of(0x0410, 0x043B, 0x0430, 0x043D, 0x0434, 0x20, 0x0430, 0x0440, 0x0430, 0x043B, 0x0434, 0x0430, 0x0440, 0x044B));

				case 47: return String(CharArray::of(0x0410, 0x0437, 0x0435, 0x0440, 0x0431, 0x0430, 0x0439, 0x0436, 0x0430, 0x043D));

				case 48: return String(CharArray::of(0x0411, 0x043E, 0x0441, 0x043D, 0x0438, 0x044F, 0x20, 0x0436, 0x0430, 0x043D, 0x0430, 0x20, 0x0413, 0x0435, 0x0440, 0x0446, 0x0435, 0x0433, 0x043E, 0x0432, 0x0438, 0x043D, 0x0430));

				case 49: return String(CharArray::of(0x0411, 0x0430, 0x0440, 0x0431, 0x0430, 0x0434, 0x043E, 0x0441));

				case 50: return String(CharArray::of(0x0411, 0x0430, 0x043D, 0x0433, 0x043B, 0x0430, 0x0434, 0x0435, 0x0448));

				case 51: return String(CharArray::of(0x0411, 0x0435, 0x043B, 0x044C, 0x0433, 0x0438, 0x044F));

				case 52: return String(CharArray::of(0x0411, 0x0443, 0x0440, 0x043A, 0x0438, 0x043D, 0x0430, 0x2D, 0x0424, 0x0430, 0x0441, 0x043E));

				case 53: return String(CharArray::of(0x0411, 0x043E, 0x043B, 0x0433, 0x0430, 0x0440, 0x0438, 0x044F));

				case 54: return String(CharArray::of(0x0411, 0x0430, 0x0445, 0x0440, 0x0435, 0x0439, 0x043D));

				case 55: return String(CharArray::of(0x0411, 0x0443, 0x0440, 0x0443, 0x043D, 0x0434, 0x0438));

				case 56: return String(CharArray::of(0x0411, 0x0435, 0x043D, 0x0438, 0x043D));

				case 57: return String(CharArray::of(0x0421, 0x0435, 0x043D, 0x0442, 0x20, 0x0411, 0x0430, 0x0440, 0x0442, 0x0435, 0x043B, 0x0435, 0x043C, 0x0438));

				case 58: return String(CharArray::of(0x0411, 0x0435, 0x0440, 0x043C, 0x0443, 0x0434, 0x20, 0x0430, 0x0440, 0x0430, 0x043B, 0x0434, 0x0430, 0x0440, 0x044B));

				case 59: return String(CharArray::of(0x0411, 0x0440, 0x0443, 0x043D, 0x0435, 0x0439));

				case 60: return String(CharArray::of(0x0411, 0x043E, 0x043B, 0x0438, 0x0432, 0x0438, 0x044F));

				case 61: return String(CharArray::of(0x041A, 0x0430, 0x0440, 0x0438, 0x0431, 0x20, 0x041D, 0x0438, 0x0434, 0x0435, 0x0440, 0x043B, 0x0430, 0x043D, 0x0434, 0x0434, 0x0430, 0x0440, 0x044B));

				case 62: return String(CharArray::of(0x0411, 0x0440, 0x0430, 0x0437, 0x0438, 0x043B, 0x0438, 0x044F));

				case 63: return String(CharArray::of(0x0411, 0x0430, 0x0433, 0x0430, 0x043C, 0x0430, 0x20, 0x0430, 0x0440, 0x0430, 0x043B, 0x0434, 0x0430, 0x0440, 0x044B));

				case 64: return String(CharArray::of(0x0411, 0x0443, 0x0442, 0x0430, 0x043D));

				case 66: return String(CharArray::of(0x0411, 0x0443, 0x0432, 0x0435, 0x20, 0x0430, 0x0440, 0x0430, 0x043B, 0x044B));

				case 67: return String(CharArray::of(0x0411, 0x043E, 0x0442, 0x0441, 0x0432, 0x0430, 0x043D, 0x0430));

				case 68: return String(CharArray::of(0x0411, 0x0435, 0x043B, 0x0430, 0x0440, 0x0443, 0x0441, 0x044C));

				case 69: return String(CharArray::of(0x0411, 0x0435, 0x043B, 0x0438, 0x0437));

				case 70: return String(CharArray::of(0x041A, 0x0430, 0x043D, 0x0430, 0x0434, 0x0430));

				case 71: return String(CharArray::of(0x041A, 0x043E, 0x043A, 0x043E, 0x0441, 0x20, 0x28, 0x041A, 0x0438, 0x043B, 0x0438, 0x043D, 0x0433, 0x29, 0x20, 0x0430, 0x0440, 0x0430, 0x043B, 0x0434, 0x0430, 0x0440, 0x044B));

				case 72: return String(CharArray::of(0x041A, 0x043E, 0x043D, 0x0433, 0x043E, 0x2D, 0x041A, 0x0438, 0x043D, 0x0448, 0x0430, 0x0441, 0x0430));

				case 73: return String(CharArray::of(0x0411, 0x043E, 0x0440, 0x0431, 0x043E, 0x0440, 0x0434, 0x0443, 0x043A, 0x20, 0x0410, 0x0444, 0x0440, 0x0438, 0x043A, 0x0430, 0x20, 0x0420, 0x0435, 0x0441, 0x043F, 0x0443, 0x0431, 0x043B, 0x0438, 0x043A, 0x0430, 0x0441, 0x044B));

				case 74: return String(CharArray::of(0x041A, 0x043E, 0x043D, 0x0433, 0x043E, 0x2D, 0x0411, 0x0440, 0x0430, 0x0437, 0x0437, 0x0430, 0x0432, 0x0438, 0x043B));

				case 75: return String(CharArray::of(0x0428, 0x0432, 0x0435, 0x0439, 0x0446, 0x0430, 0x0440, 0x0438, 0x044F));

				case 76: return String(CharArray::of(0x041A, 0x043E, 0x0442, 0x2D, 0x0434, 0x2019, 0x0418, 0x0432, 0x0443, 0x0430, 0x0440));

				case 77: return String(CharArray::of(0x041A, 0x0443, 0x043A, 0x20, 0x0430, 0x0440, 0x0430, 0x043B, 0x0434, 0x0430, 0x0440, 0x044B));

				case 78: return String(CharArray::of(0x0427, 0x0438, 0x043B, 0x0438));

				case 79: return String(CharArray::of(0x041A, 0x0430, 0x043C, 0x0435, 0x0440, 0x0443, 0x043D));

				case 80: return String(CharArray::of(0x041A, 0x044B, 0x0442, 0x0430, 0x0439));

				case 81: return String(CharArray::of(0x041A, 0x043E, 0x043B, 0x0443, 0x043C, 0x0431, 0x0438, 0x044F));

				case 82: return String(CharArray::of(0x041A, 0x043B, 0x0438, 0x043F, 0x043F, 0x0435, 0x0440, 0x0442, 0x043E, 0x043D, 0x20, 0x0430, 0x0440, 0x0430, 0x043B, 0x044B));

				case 84: return String(CharArray::of(0x041A, 0x043E, 0x0441, 0x0442, 0x0430, 0x2D, 0x0420, 0x0438, 0x043A, 0x0430));

				case 85: return String(CharArray::of(0x041A, 0x0443, 0x0431, 0x0430));

				case 86: return String(CharArray::of(0x041A, 0x0430, 0x0431, 0x043E, 0x2D, 0x0412, 0x0435, 0x0440, 0x0434, 0x0435));

				case 87: return String(CharArray::of(0x041A, 0x044E, 0x0440, 0x0430, 0x0441, 0x0430, 0x043E));

				case 88: return String(CharArray::of(0x0420, 0x043E, 0x0436, 0x0434, 0x0435, 0x0441, 0x0442, 0x0432, 0x043E, 0x20, 0x0430, 0x0440, 0x0430, 0x043B, 0x044B));

				case 89: return String(CharArray::of(0x041A, 0x0438, 0x043F, 0x0440));

				case 90: return String(CharArray::of(0x0427, 0x0435, 0x0445, 0x0438, 0x044F));

				case 92: return String(CharArray::of(0x0413, 0x0435, 0x0440, 0x043C, 0x0430, 0x043D, 0x0438, 0x044F));

				case 93: return String(CharArray::of(0x0414, 0x0438, 0x0435, 0x0433, 0x043E, 0x20, 0x0413, 0x0430, 0x0440, 0x0441, 0x0438, 0x044F));

				case 94: return String(CharArray::of(0x0414, 0x0436, 0x0438, 0x0431, 0x0443, 0x0442, 0x0438));

				case 95: return String(CharArray::of(0x0414, 0x0430, 0x043D, 0x0438, 0x044F));

				case 96: return String(CharArray::of(0x0414, 0x043E, 0x043C, 0x0438, 0x043D, 0x0438, 0x043A, 0x0430));

				case 97: return String(CharArray::of(0x0414, 0x043E, 0x043C, 0x0438, 0x043D, 0x0438, 0x043A, 0x0430, 0x20, 0x0420, 0x0435, 0x0441, 0x043F, 0x0443, 0x0431, 0x043B, 0x0438, 0x043A, 0x0430, 0x0441, 0x044B));

				case 98: return String(CharArray::of(0x0410, 0x043B, 0x0436, 0x0438, 0x0440));

				case 99: return String(CharArray::of(0x0421, 0x0435, 0x0443, 0x0442, 0x0430, 0x20, 0x0436, 0x0430, 0x043D, 0x0430, 0x20, 0x041C, 0x0435, 0x043B, 0x0438, 0x043B, 0x043B, 0x0430));

				case 100: return String(CharArray::of(0x042D, 0x043A, 0x0432, 0x0430, 0x0434, 0x043E, 0x0440));

				case 101: return String(CharArray::of(0x042D, 0x0441, 0x0442, 0x043E, 0x043D, 0x0438, 0x044F));

				case 102: return String(CharArray::of(0x0415, 0x0433, 0x0438, 0x043F, 0x0435, 0x0442));

				case 103: return String(CharArray::of(0x0411, 0x0430, 0x0442, 0x044B, 0x0448, 0x20, 0x0421, 0x0430, 0x0445, 0x0430, 0x0440, 0x0430));

				case 104: return String(CharArray::of(0x042D, 0x0440, 0x0438, 0x0442, 0x0440, 0x0435, 0x044F));

				case 105: return String(CharArray::of(0x0418, 0x0441, 0x043F, 0x0430, 0x043D, 0x0438, 0x044F));

				case 106: return String(CharArray::of(0x042D, 0x0444, 0x0438, 0x043E, 0x043F, 0x0438, 0x044F));

				case 107: return String(CharArray::of(0x0415, 0x0432, 0x0440, 0x043E, 0x043F, 0x0430, 0x20, 0x0411, 0x0438, 0x0440, 0x0438, 0x043C, 0x0434, 0x0438, 0x0433, 0x0438));

				case 108: return String(CharArray::of(0x0415, 0x0432, 0x0440, 0x043E, 0x0437, 0x043E, 0x043D, 0x0430));

				case 109: return String(CharArray::of(0x0424, 0x0438, 0x043D, 0x043B, 0x044F, 0x043D, 0x0434, 0x0438, 0x044F));

				case 110: return String(CharArray::of(0x0424, 0x0438, 0x0434, 0x0436, 0x0438));

				case 111: return String(CharArray::of(0x0424, 0x043E, 0x043B, 0x043A, 0x043B, 0x0435, 0x043D, 0x0434, 0x20, 0x0430, 0x0440, 0x0430, 0x043B, 0x0434, 0x0430, 0x0440, 0x044B));

				case 112: return String(CharArray::of(0x041C, 0x0438, 0x043A, 0x0440, 0x043E, 0x043D, 0x0435, 0x0437, 0x0438, 0x044F));

				case 113: return String(CharArray::of(0x0424, 0x0430, 0x0440, 0x0435, 0x0440, 0x20, 0x0430, 0x0440, 0x0430, 0x043B, 0x0434, 0x0430, 0x0440, 0x044B));

				case 114: return String(CharArray::of(0x0424, 0x0440, 0x0430, 0x043D, 0x0446, 0x0438, 0x044F));

				case 115: return String(CharArray::of(0x0413, 0x0430, 0x0431, 0x043E, 0x043D));

				case 116: return String(CharArray::of(0x0423, 0x043B, 0x0443, 0x0443, 0x20, 0x0411, 0x0440, 0x0438, 0x0442, 0x0430, 0x043D, 0x0438, 0x044F));

				case 117: return String(CharArray::of(0x0413, 0x0440, 0x0435, 0x043D, 0x0430, 0x0434, 0x0430));

				case 118: return String(CharArray::of(0x0413, 0x0440, 0x0443, 0x0437, 0x0438, 0x044F));

				case 119: return String(CharArray::of(0x0424, 0x0440, 0x0430, 0x043D, 0x0446, 0x0438, 0x044F, 0x20, 0x0413, 0x0432, 0x0438, 0x0430, 0x043D, 0x0430, 0x0441, 0x044B));

				case 120: return String(CharArray::of(0x0413, 0x0435, 0x0440, 0x043D, 0x0441, 0x0438));

				case 121: return String(CharArray::of(0x0413, 0x0430, 0x043D, 0x0430));

				case 122: return String(CharArray::of(0x0413, 0x0438, 0x0431, 0x0440, 0x0430, 0x043B, 0x0442, 0x0430, 0x0440));

				case 123: return String(CharArray::of(0x0413, 0x0440, 0x0435, 0x043D, 0x043B, 0x0430, 0x043D, 0x0434, 0x0438, 0x044F));

				case 124: return String(CharArray::of(0x0413, 0x0430, 0x043C, 0x0431, 0x0438, 0x044F));

				case 125: return String(CharArray::of(0x0413, 0x0432, 0x0438, 0x043D, 0x0435, 0x044F));

				case 126: return String(CharArray::of(0x0413, 0x0432, 0x0430, 0x0434, 0x0435, 0x043B, 0x0443, 0x043F, 0x0430));

				case 127: return String(CharArray::of(0x042D, 0x043A, 0x0432, 0x0430, 0x0442, 0x043E, 0x0440, 0x0434, 0x0443, 0x043A, 0x20, 0x0413, 0x0432, 0x0438, 0x043D, 0x0435, 0x044F));

				case 128: return String(CharArray::of(0x0413, 0x0440, 0x0435, 0x0446, 0x0438, 0x044F));

				case 129: return String(CharArray::of(0x0422, 0x04AF, 0x0448, 0x0442, 0x04AF, 0x043A, 0x20, 0x0416, 0x043E, 0x0440, 0x0436, 0x0438, 0x044F, 0x20, 0x0436, 0x0430, 0x043D, 0x0430, 0x20, 0x0422, 0x04AF, 0x0448, 0x0442, 0x04AF, 0x043A, 0x20, 0x0421, 0x044D, 0x043D, 0x0434, 0x0432, 0x0438, 0x0447, 0x20, 0x0430, 0x0440, 0x0430, 0x043B, 0x0434, 0x0430, 0x0440, 0x044B));

				case 130: return String(CharArray::of(0x0413, 0x0432, 0x0430, 0x0442, 0x0435, 0x043C, 0x0430, 0x043B, 0x0430));

				case 131: return String(CharArray::of(0x0413, 0x0443, 0x0430, 0x043C));

				case 132: return String(CharArray::of(0x0413, 0x0432, 0x0438, 0x043D, 0x0435, 0x044F, 0x2D, 0x0411, 0x0438, 0x0441, 0x0430, 0x0443));

				case 133: return String(CharArray::of(0x0413, 0x0430, 0x0439, 0x0430, 0x043D, 0x0430));

				case 134: return String(CharArray::of(0x0413, 0x043E, 0x043D, 0x043A, 0x043E, 0x043D, 0x0433, 0x20, 0x041A, 0x044B, 0x0442, 0x0430, 0x0439, 0x20, 0x0410, 0x0410, 0x0410));

				case 135: return String(CharArray::of(0x0425, 0x0435, 0x0440, 0x0434, 0x20, 0x0436, 0x0430, 0x043D, 0x0430, 0x20, 0x041C, 0x0430, 0x043A, 0x0434, 0x043E, 0x043D, 0x0430, 0x043B, 0x044C, 0x0434, 0x20, 0x0430, 0x0440, 0x0430, 0x043B, 0x0434, 0x0430, 0x0440, 0x044B));

				case 136: return String(CharArray::of(0x0413, 0x043E, 0x043D, 0x0434, 0x0443, 0x0440, 0x0430, 0x0441));

				case 137: return String(CharArray::of(0x0425, 0x043E, 0x0440, 0x0432, 0x0430, 0x0442, 0x0438, 0x044F));

				case 138: return String(CharArray::of(0x0413, 0x0430, 0x0438, 0x0442, 0x0438));

				case 139: return String(CharArray::of(0x0412, 0x0435, 0x043D, 0x0433, 0x0440, 0x0438, 0x044F));

				case 140: return String(CharArray::of(0x041A, 0x0430, 0x043D, 0x0430, 0x0440, 0x20, 0x0430, 0x0440, 0x0430, 0x043B, 0x0434, 0x0430, 0x0440, 0x044B));

				case 141: return String(CharArray::of(0x0418, 0x043D, 0x0434, 0x043E, 0x043D, 0x0435, 0x0437, 0x0438, 0x044F));

				case 142: return String(CharArray::of(0x0418, 0x0440, 0x043B, 0x0430, 0x043D, 0x0434, 0x0438, 0x044F));

				case 143: return String(CharArray::of(0x0418, 0x0437, 0x0440, 0x0430, 0x0438, 0x043B, 0x044C));

				case 144: return String(CharArray::of(0x041C, 0x044D, 0x043D, 0x20, 0x0430, 0x0440, 0x0430, 0x043B, 0x044B));

				case 145: return String(CharArray::of(0x0418, 0x043D, 0x0434, 0x0438, 0x044F));

				case 146: return String(CharArray::of(0x0418, 0x043D, 0x0434, 0x0438, 0x20, 0x043E, 0x043A, 0x0435, 0x0430, 0x043D, 0x044B, 0x043D, 0x0434, 0x0430, 0x0433, 0x044B, 0x20, 0x0411, 0x0440, 0x0438, 0x0442, 0x0430, 0x043D, 0x20, 0x0442, 0x0435, 0x0440, 0x0440, 0x0438, 0x0442, 0x043E, 0x0440, 0x0438, 0x044F, 0x0441, 0x044B));

				case 147: return String(CharArray::of(0x0418, 0x0440, 0x0430, 0x043A));

				case 148: return String(CharArray::of(0x0418, 0x0440, 0x0430, 0x043D));

				case 149: return String(CharArray::of(0x0418, 0x0441, 0x043B, 0x0430, 0x043D, 0x0434, 0x0438, 0x044F));

				case 150: return String(CharArray::of(0x0418, 0x0442, 0x0430, 0x043B, 0x0438, 0x044F));

				case 151: return String(CharArray::of(0x0416, 0x0435, 0x0440, 0x0441, 0x0438));

				case 152: return String(CharArray::of(0x042F, 0x043C, 0x0430, 0x0439, 0x043A, 0x0430));

				case 153: return String(CharArray::of(0x0418, 0x043E, 0x0440, 0x0434, 0x0430, 0x043D, 0x0438, 0x044F));

				case 154: return String(CharArray::of(0x0416, 0x0430, 0x043F, 0x043E, 0x043D, 0x0438, 0x044F));

				case 155: return String(CharArray::of(0x041A, 0x0435, 0x043D, 0x0438, 0x044F));

				case 156: return String(CharArray::of(0x041A, 0x044B, 0x0440, 0x0433, 0x044B, 0x0437, 0x0441, 0x0442, 0x0430, 0x043D));

				case 157: return String(CharArray::of(0x041A, 0x0430, 0x043C, 0x0431, 0x043E, 0x0434, 0x0436, 0x0430));

				case 158: return String(CharArray::of(0x041A, 0x0438, 0x0440, 0x0438, 0x0431, 0x0430, 0x0442, 0x0438));

				case 159: return String(CharArray::of(0x041A, 0x043E, 0x043C, 0x043E, 0x0440, 0x043E, 0x0441));

				case 160: return String(CharArray::of(0x0421, 0x0435, 0x043D, 0x0442, 0x2D, 0x041A, 0x0438, 0x0442, 0x0441, 0x20, 0x0436, 0x0430, 0x043D, 0x0430, 0x20, 0x041D, 0x0435, 0x0432, 0x0438, 0x0441));

				case 161: return String(CharArray::of(0x0422, 0x04AF, 0x043D, 0x0434, 0x04AF, 0x043A, 0x20, 0x041A, 0x043E, 0x0440, 0x0435, 0x044F));

				case 162: return String(CharArray::of(0x0422, 0x04AF, 0x0448, 0x0442, 0x04AF, 0x043A, 0x20, 0x041A, 0x043E, 0x0440, 0x0435, 0x044F));

				case 163: return String(CharArray::of(0x041A, 0x0443, 0x0432, 0x0435, 0x0439, 0x0442));

				case 164: return String(CharArray::of(0x041A, 0x0430, 0x0439, 0x043C, 0x0430, 0x043D, 0x20, 0x0430, 0x0440, 0x0430, 0x043B, 0x0434, 0x0430, 0x0440, 0x044B));

				case 165: return String(CharArray::of(0x041A, 0x0430, 0x0437, 0x0430, 0x043A, 0x0441, 0x0442, 0x0430, 0x043D));

				case 166: return String(CharArray::of(0x041B, 0x0430, 0x043E, 0x0441));

				case 167: return String(CharArray::of(0x041B, 0x0438, 0x0432, 0x0430, 0x043D));

				case 168: return String(CharArray::of(0x0421, 0x0435, 0x043D, 0x0442, 0x2D, 0x041B, 0x044E, 0x0441, 0x0438, 0x044F));

				case 169: return String(CharArray::of(0x041B, 0x0438, 0x0445, 0x0442, 0x0435, 0x043D, 0x0448, 0x0442, 0x0435, 0x0439, 0x043D));

				case 170: return String(CharArray::of(0x0428, 0x0440, 0x0438, 0x2D, 0x041B, 0x0430, 0x043D, 0x043A, 0x0430));

				case 171: return String(CharArray::of(0x041B, 0x0438, 0x0431, 0x0435, 0x0440, 0x0438, 0x044F));

				case 172: return String(CharArray::of(0x041B, 0x0435, 0x0441, 0x043E, 0x0442, 0x043E));

				case 173: return String(CharArray::of(0x041B, 0x0438, 0x0442, 0x0432, 0x0430));

				case 174: return String(CharArray::of(0x041B, 0x044E, 0x043A, 0x0441, 0x0435, 0x043C, 0x0431, 0x0443, 0x0440, 0x0433));

				case 175: return String(CharArray::of(0x041B, 0x0430, 0x0442, 0x0432, 0x0438, 0x044F));

				case 176: return String(CharArray::of(0x041B, 0x0438, 0x0432, 0x0438, 0x044F));

				case 177: return String(CharArray::of(0x041C, 0x0430, 0x0440, 0x043E, 0x043A, 0x043A, 0x043E));

				case 178: return String(CharArray::of(0x041C, 0x043E, 0x043D, 0x0430, 0x043A, 0x043E));

				case 179: return String(CharArray::of(0x041C, 0x043E, 0x043B, 0x0434, 0x043E, 0x0432, 0x0430));

				case 180: return String(CharArray::of(0x0427, 0x0435, 0x0440, 0x043D, 0x043E, 0x0433, 0x043E, 0x0440, 0x0438, 0x044F));

				case 181: return String(CharArray::of(0x0421, 0x0435, 0x043D, 0x0442, 0x2D, 0x041C, 0x0430, 0x0440, 0x0442, 0x0438, 0x043D));

				case 182: return String(CharArray::of(0x041C, 0x0430, 0x0434, 0x0430, 0x0433, 0x0430, 0x0441, 0x043A, 0x0430, 0x0440));

				case 183: return String(CharArray::of(0x041C, 0x0430, 0x0440, 0x0448, 0x0430, 0x043B, 0x043B, 0x20, 0x0430, 0x0440, 0x0430, 0x043B, 0x0434, 0x0430, 0x0440, 0x044B));

				case 184: return String(CharArray::of(0x0422, 0x04AF, 0x043D, 0x0434, 0x04AF, 0x043A, 0x20, 0x041C, 0x0430, 0x043A, 0x0435, 0x0434, 0x043E, 0x043D, 0x0438, 0x044F));

				case 185: return String(CharArray::of(0x041C, 0x0430, 0x043B, 0x0438));

				case 186: return String(CharArray::of(0x041C, 0x044C, 0x044F, 0x043D, 0x043C, 0x0430, 0x20, 0x28, 0x0411, 0x0438, 0x0440, 0x043C, 0x0430, 0x29));

				case 187: return String(CharArray::of(0x041C, 0x043E, 0x043D, 0x0433, 0x043E, 0x043B, 0x0438, 0x044F));

				case 188: return String(CharArray::of(0x041C, 0x0430, 0x043A, 0x0430, 0x043E, 0x20, 0x041A, 0x044B, 0x0442, 0x0430, 0x0439, 0x20, 0x0410, 0x0410, 0x0410));

				case 189: return String(CharArray::of(0x0422, 0x04AF, 0x043D, 0x0434, 0x04AF, 0x043A, 0x20, 0x041C, 0x0430, 0x0440, 0x0438, 0x0430, 0x043D, 0x0430, 0x20, 0x0430, 0x0440, 0x0430, 0x043B, 0x0434, 0x0430, 0x0440, 0x044B));

				case 190: return String(CharArray::of(0x041C, 0x0430, 0x0440, 0x0442, 0x0438, 0x043D, 0x0438, 0x043A, 0x0430));

				case 191: return String(CharArray::of(0x041C, 0x0430, 0x0432, 0x0440, 0x0438, 0x0442, 0x0430, 0x043D, 0x0438, 0x044F));

				case 192: return String(CharArray::of(0x041C, 0x043E, 0x043D, 0x0442, 0x0441, 0x0435, 0x0440, 0x0440, 0x0430, 0x0442));

				case 193: return String(CharArray::of(0x041C, 0x0430, 0x043B, 0x044C, 0x0442, 0x0430));

				case 194: return String(CharArray::of(0x041C, 0x0430, 0x0432, 0x0440, 0x0438, 0x043A, 0x0438, 0x0439));

				case 195: return String(CharArray::of(0x041C, 0x0430, 0x043B, 0x044C, 0x0434, 0x0438, 0x0432));

				case 196: return String(CharArray::of(0x041C, 0x0430, 0x043B, 0x0430, 0x0432, 0x0438));

				case 197: return String(CharArray::of(0x041C, 0x0435, 0x043A, 0x0441, 0x0438, 0x043A, 0x0430));

				case 198: return String(CharArray::of(0x041C, 0x0430, 0x043B, 0x0430, 0x0439, 0x0437, 0x0438, 0x044F));

				case 199: return String(CharArray::of(0x041C, 0x043E, 0x0437, 0x0430, 0x043C, 0x0431, 0x0438, 0x043A));

				case 200: return String(CharArray::of(0x041D, 0x0430, 0x043C, 0x0438, 0x0431, 0x0438, 0x044F));

				case 201: return String(CharArray::of(0x0416, 0x0430, 0x04A3, 0x044B, 0x20, 0x041A, 0x0430, 0x043B, 0x0435, 0x0434, 0x043E, 0x043D, 0x0438, 0x044F));

				case 202: return String(CharArray::of(0x041D, 0x0438, 0x0433, 0x0435, 0x0440));

				case 203: return String(CharArray::of(0x041D, 0x043E, 0x0440, 0x0444, 0x043E, 0x043B, 0x043A, 0x20, 0x0430, 0x0440, 0x0430, 0x043B, 0x044B));

				case 204: return String(CharArray::of(0x041D, 0x0438, 0x0433, 0x0435, 0x0440, 0x0438, 0x044F));

				case 205: return String(CharArray::of(0x041D, 0x0438, 0x043A, 0x0430, 0x0440, 0x0430, 0x0433, 0x0443, 0x0430));

				case 206: return String(CharArray::of(0x041D, 0x0438, 0x0434, 0x0435, 0x0440, 0x043B, 0x0430, 0x043D, 0x0434));

				case 207: return String(CharArray::of(0x041D, 0x043E, 0x0440, 0x0432, 0x0435, 0x0433, 0x0438, 0x044F));

				case 208: return String(CharArray::of(0x041D, 0x0435, 0x043F, 0x0430, 0x043B));

				case 209: return String(CharArray::of(0x041D, 0x0430, 0x0443, 0x0440, 0x0443));

				case 210: return String(CharArray::of(0x041D, 0x0438, 0x0443, 0x044D));

				case 211: return String(CharArray::of(0x0416, 0x0430, 0x04A3, 0x044B, 0x20, 0x0417, 0x0435, 0x043B, 0x0430, 0x043D, 0x0434, 0x0438, 0x044F));

				case 212: return String(CharArray::of(0x041E, 0x043C, 0x0430, 0x043D));

				case 213: return String(CharArray::of(0x041F, 0x0430, 0x043D, 0x0430, 0x043C, 0x0430));

				case 214: return String(CharArray::of(0x041F, 0x0435, 0x0440, 0x0443));

				case 215: return String(CharArray::of(0x041F, 0x043E, 0x043B, 0x0438, 0x043D, 0x0435, 0x0437, 0x0438, 0x044F, 0x20, 0x28, 0x0444, 0x0440, 0x0430, 0x043D, 0x0446, 0x0438, 0x044F, 0x043B, 0x044B, 0x043A, 0x29));

				case 216: return String(CharArray::of(0x041F, 0x0430, 0x043F, 0x0443, 0x0430, 0x2D, 0x0416, 0x0430, 0x04A3, 0x044B, 0x20, 0x0413, 0x0432, 0x0438, 0x043D, 0x0435, 0x044F));

				case 217: return String(CharArray::of(0x0424, 0x0438, 0x043B, 0x0438, 0x043F, 0x043F, 0x0438, 0x043D));

				case 218: return String(CharArray::of(0x041F, 0x0430, 0x043A, 0x0438, 0x0441, 0x0442, 0x0430, 0x043D));

				case 219: return String(CharArray::of(0x041F, 0x043E, 0x043B, 0x044C, 0x0448, 0x0430));

				case 220: return String(CharArray::of(0x0421, 0x0435, 0x043D, 0x2D, 0x041F, 0x044C, 0x0435, 0x0440, 0x20, 0x0436, 0x0430, 0x043D, 0x0430, 0x20, 0x041C, 0x0438, 0x043A, 0x0435, 0x043B, 0x043E, 0x043D));

				case 221: return String(CharArray::of(0x041F, 0x0438, 0x0442, 0x043A, 0x044D, 0x0440, 0x043D, 0x20, 0x0430, 0x0440, 0x0430, 0x043B, 0x0434, 0x0430, 0x0440, 0x044B));

				case 222: return String(CharArray::of(0x041F, 0x0443, 0x044D, 0x0440, 0x0442, 0x043E, 0x2D, 0x0420, 0x0438, 0x043A, 0x043E));

				case 223: return String(CharArray::of(0x041F, 0x0430, 0x043B, 0x0435, 0x0441, 0x0442, 0x0438, 0x043D, 0x0430, 0x20, 0x0430, 0x0439, 0x043C, 0x0430, 0x043A, 0x0442, 0x0430, 0x0440, 0x044B));

				case 224: return String(CharArray::of(0x041F, 0x043E, 0x0440, 0x0442, 0x0443, 0x0433, 0x0430, 0x043B, 0x0438, 0x044F));

				case 225: return String(CharArray::of(0x041F, 0x0430, 0x043B, 0x0430, 0x0443));

				case 226: return String(CharArray::of(0x041F, 0x0430, 0x0440, 0x0430, 0x0433, 0x0432, 0x0430, 0x0439));

				case 227: return String(CharArray::of(0x041A, 0x0430, 0x0442, 0x0430, 0x0440));

				case 228: return String(CharArray::of(0x0410, 0x043B, 0x044B, 0x0441, 0x043A, 0x044B, 0x20, 0x041E, 0x043A, 0x0435, 0x0430, 0x043D, 0x0438, 0x044F));

				case 229: return String(CharArray::of(0x0420, 0x0435, 0x044E, 0x043D, 0x044C, 0x043E, 0x043D));

				case 230: return String(CharArray::of(0x0420, 0x0443, 0x043C, 0x044B, 0x043D, 0x0438, 0x044F));

				case 231: return String(CharArray::of(0x0421, 0x0435, 0x0440, 0x0431, 0x0438, 0x044F));

				case 232: return String(CharArray::of(0x0420, 0x043E, 0x0441, 0x0441, 0x0438, 0x044F));

				case 233: return String(CharArray::of(0x0420, 0x0443, 0x0430, 0x043D, 0x0434, 0x0430));

				case 234: return String(CharArray::of(0x0421, 0x0430, 0x0443, 0x0434, 0x20, 0x0410, 0x0440, 0x0430, 0x0431, 0x0438, 0x044F, 0x0441, 0x044B));

				case 235: return String(CharArray::of(0x0421, 0x043E, 0x043B, 0x043E, 0x043C, 0x043E, 0x043D, 0x20, 0x0430, 0x0440, 0x0430, 0x043B, 0x0434, 0x0430, 0x0440, 0x044B));

				case 236: return String(CharArray::of(0x0421, 0x0435, 0x0439, 0x0448, 0x0435, 0x043B, 0x20, 0x0430, 0x0440, 0x0430, 0x043B, 0x0434, 0x0430, 0x0440, 0x044B));

				case 237: return String(CharArray::of(0x0421, 0x0443, 0x0434, 0x0430, 0x043D));

				case 238: return String(CharArray::of(0x0428, 0x0432, 0x0435, 0x0446, 0x0438, 0x044F));

				case 239: return String(CharArray::of(0x0421, 0x0438, 0x043D, 0x0433, 0x0430, 0x043F, 0x0443, 0x0440));

				case 240: return String(CharArray::of(0x042B, 0x0439, 0x044B, 0x043A, 0x20, 0x0415, 0x043B, 0x0435, 0x043D, 0x0430));

				case 241: return String(CharArray::of(0x0421, 0x043B, 0x043E, 0x0432, 0x0435, 0x043D, 0x0438, 0x044F));

				case 242: return String(CharArray::of(0x0428, 0x043F, 0x0438, 0x0446, 0x0431, 0x0435, 0x0440, 0x0433, 0x0435, 0x043D, 0x20, 0x0436, 0x0430, 0x043D, 0x0430, 0x20, 0x042F, 0x043D, 0x2D, 0x041C, 0x0430, 0x0439, 0x0435, 0x043D));

				case 243: return String(CharArray::of(0x0421, 0x043B, 0x043E, 0x0432, 0x0430, 0x043A, 0x0438, 0x044F));

				case 244: return String(CharArray::of(0x0421, 0x044C, 0x0435, 0x0440, 0x0440, 0x0430, 0x2D, 0x041B, 0x0435, 0x043E, 0x043D, 0x0435));

				case 245: return String(CharArray::of(0x0421, 0x0430, 0x043D, 0x20, 0x041C, 0x0430, 0x0440, 0x0438, 0x043D, 0x043E));

				case 246: return String(CharArray::of(0x0421, 0x0435, 0x043D, 0x0435, 0x0433, 0x0430, 0x043B));

				case 247: return String(CharArray::of(0x0421, 0x043E, 0x043C, 0x0430, 0x043B, 0x0438));

				case 248: return String(CharArray::of(0x0421, 0x0443, 0x0440, 0x0438, 0x043D, 0x0430, 0x043C));

				case 249: return String(CharArray::of(0x0422, 0x04AF, 0x0448, 0x0442, 0x04AF, 0x043A, 0x20, 0x0421, 0x0443, 0x0434, 0x0430, 0x043D));

				case 250: return String(CharArray::of(0x0421, 0x0430, 0x043D, 0x2D, 0x0422, 0x043E, 0x043C, 0x0435, 0x20, 0x0436, 0x0430, 0x043D, 0x0430, 0x20, 0x041F, 0x0440, 0x0438, 0x043D, 0x0441, 0x0438, 0x043F, 0x0438));

				case 251: return String(CharArray::of(0x042D, 0x043B, 0x044C, 0x2D, 0x0421, 0x0430, 0x043B, 0x044C, 0x0432, 0x0430, 0x0434, 0x043E, 0x0440));

				case 252: return String(CharArray::of(0x0421, 0x0438, 0x043D, 0x0442, 0x2D, 0x041C, 0x0430, 0x0440, 0x0442, 0x0435, 0x043D));

				case 253: return String(CharArray::of(0x0421, 0x0438, 0x0440, 0x0438, 0x044F));

				case 254: return String(CharArray::of(0x0421, 0x0432, 0x0430, 0x0437, 0x0438, 0x043B, 0x0435, 0x043D, 0x0434));

				case 255: return String(CharArray::of(0x0422, 0x0440, 0x0438, 0x0441, 0x0442, 0x0430, 0x043D, 0x2D, 0x0434, 0x0430, 0x2D, 0x041A, 0x0443, 0x043D, 0x044C, 0x044F));

				case 256: return String(CharArray::of(0x0422, 0x04AF, 0x0440, 0x043A, 0x0441, 0x20, 0x0436, 0x0430, 0x043D, 0x0430, 0x20, 0x041A, 0x0430, 0x0439, 0x043A, 0x043E, 0x0441, 0x20, 0x0430, 0x0440, 0x0430, 0x043B, 0x0434, 0x0430, 0x0440, 0x044B));

				case 257: return String(CharArray::of(0x0427, 0x0430, 0x0434));

				case 258: return String(CharArray::of(0x0424, 0x0440, 0x0430, 0x043D, 0x0446, 0x0438, 0x044F, 0x043D, 0x044B, 0x043D, 0x20, 0x0422, 0x04AF, 0x0448, 0x0442, 0x04AF, 0x043A, 0x0442, 0x04E9, 0x0433, 0x04AF, 0x20, 0x0430, 0x0439, 0x043C, 0x0430, 0x043A, 0x0442, 0x0430, 0x0440, 0x044B));

				case 259: return String(CharArray::of(0x0422, 0x043E, 0x0433, 0x043E));

				case 260: return String(CharArray::of(0x0422, 0x0430, 0x0439, 0x043B, 0x0430, 0x043D, 0x0434));

				case 261: return String(CharArray::of(0x0422, 0x0430, 0x0436, 0x0438, 0x043A, 0x0441, 0x0442, 0x0430, 0x043D));

				case 262: return String(CharArray::of(0x0422, 0x043E, 0x043A, 0x0435, 0x043B, 0x0430, 0x0443));

				case 263: return String(CharArray::of(0x0422, 0x0438, 0x043C, 0x043E, 0x0440, 0x2D, 0x041B, 0x0435, 0x0441, 0x0442, 0x0435));

				case 264: return String(CharArray::of(0x0422, 0x04AF, 0x0440, 0x043A, 0x043C, 0x04E9, 0x043D, 0x0441, 0x0442, 0x0430, 0x043D));

				case 265: return String(CharArray::of(0x0422, 0x0443, 0x043D, 0x0438, 0x0441));

				case 266: return String(CharArray::of(0x0422, 0x043E, 0x043D, 0x0433, 0x0430));

				case 267: return String(CharArray::of(0x0422, 0x04AF, 0x0440, 0x043A, 0x0438, 0x044F));

				case 268: return String(CharArray::of(0x0422, 0x0440, 0x0438, 0x043D, 0x0438, 0x0434, 0x0430, 0x0434, 0x20, 0x0436, 0x0430, 0x043D, 0x0430, 0x20, 0x0422, 0x043E, 0x0431, 0x0430, 0x0433, 0x043E));

				case 269: return String(CharArray::of(0x0422, 0x0443, 0x0432, 0x0430, 0x043B, 0x0443));

				case 270: return String(CharArray::of(0x0422, 0x0430, 0x0439, 0x0432, 0x0430, 0x043D, 0x044C));

				case 271: return String(CharArray::of(0x0422, 0x0430, 0x043D, 0x0437, 0x0430, 0x043D, 0x0438, 0x044F));

				case 272: return String(CharArray::of(0x0423, 0x043A, 0x0440, 0x0430, 0x0438, 0x043D, 0x0430));

				case 273: return String(CharArray::of(0x0423, 0x0433, 0x0430, 0x043D, 0x0434, 0x0430));

				case 274: return String(CharArray::of(0x0410, 0x041A, 0x0428, 0x043D, 0x044B, 0x043D, 0x20, 0x0441, 0x044B, 0x0440, 0x0442, 0x043A, 0x044B, 0x20, 0x0430, 0x0440, 0x0430, 0x043B, 0x0434, 0x0430, 0x0440, 0x044B));

				case 275: return String(CharArray::of(0x0411, 0x0423));

				case 276: return String(CharArray::of(0x041A, 0x043E, 0x0448, 0x043C, 0x043E, 0x20, 0x0428, 0x0442, 0x0430, 0x0442, 0x0442, 0x0430, 0x0440));

				case 277: return String(CharArray::of(0x0423, 0x0440, 0x0443, 0x0433, 0x0432, 0x0430, 0x0439));

				case 278: return String(CharArray::of(0x04E8, 0x0437, 0x0431, 0x0435, 0x043A, 0x0441, 0x0442, 0x0430, 0x043D));

				case 279: return String(CharArray::of(0x0412, 0x0430, 0x0442, 0x0438, 0x043A, 0x0430, 0x043D));

				case 280: return String(CharArray::of(0x0421, 0x0435, 0x043D, 0x0442, 0x2D, 0x0412, 0x0438, 0x043D, 0x0441, 0x0435, 0x043D, 0x0442, 0x20, 0x0436, 0x0430, 0x043D, 0x0430, 0x20, 0x0413, 0x0440, 0x0435, 0x043D, 0x0430, 0x0434, 0x0438, 0x043D, 0x0434, 0x0435, 0x0440));

				case 281: return String(CharArray::of(0x0412, 0x0435, 0x043D, 0x0435, 0x0441, 0x0443, 0x044D, 0x043B, 0x0430));

				case 282: return String(CharArray::of(0x0412, 0x0438, 0x0440, 0x0433, 0x0438, 0x043D, 0x20, 0x0430, 0x0440, 0x0430, 0x043B, 0x0434, 0x0430, 0x0440, 0x044B, 0x20, 0x28, 0x0411, 0x0440, 0x0438, 0x0442, 0x0430, 0x043D, 0x0438, 0x044F, 0x29));

				case 283: return String(CharArray::of(0x0412, 0x0438, 0x0440, 0x0433, 0x0438, 0x043D, 0x20, 0x0430, 0x0440, 0x0430, 0x043B, 0x0434, 0x0430, 0x0440, 0x044B, 0x20, 0x28, 0x0410, 0x041A, 0x0428, 0x29));

				case 284: return String(CharArray::of(0x0412, 0x044C, 0x0435, 0x0442, 0x043D, 0x0430, 0x043C));

				case 285: return String(CharArray::of(0x0412, 0x0430, 0x043D, 0x0443, 0x0430, 0x0442, 0x0443));

				case 286: return String(CharArray::of(0x0423, 0x043E, 0x043B, 0x043B, 0x0438, 0x0441, 0x20, 0x0436, 0x0430, 0x043D, 0x0430, 0x20, 0x0424, 0x0443, 0x0442, 0x0443, 0x043D, 0x0430));

				case 287: return String(CharArray::of(0x0421, 0x0430, 0x043C, 0x043E, 0x0430));

				case 288: return String(CharArray::of(0x0416, 0x0430, 0x0441, 0x0430, 0x043B, 0x043C, 0x0430, 0x2D, 0x20, 0x0410, 0x043A, 0x0446, 0x0435, 0x043D, 0x0442));

				case 289: return String(CharArray::of(0x0416, 0x0430, 0x0441, 0x0430, 0x043B, 0x043C, 0x0430, 0x20, 0x2D, 0x20, 0x044D, 0x043A, 0x0438, 0x20, 0x0442, 0x0430, 0x0440, 0x0430, 0x043F, 0x0442, 0x0443, 0x0443));

				case 290: return String(CharArray::of(0x041A, 0x043E, 0x0441, 0x043E, 0x0432, 0x043E));

				case 291: return String(CharArray::of(0x0419, 0x0435, 0x043C, 0x0435, 0x043D));

				case 292: return String(CharArray::of(0x041C, 0x0430, 0x0439, 0x043E, 0x0442, 0x0442, 0x0430));

				case 294: return String(CharArray::of(0x0422, 0x04AF, 0x0448, 0x0442, 0x04AF, 0x043A, 0x2D, 0x0410, 0x0444, 0x0440, 0x0438, 0x043A, 0x0430, 0x20, 0x0420, 0x0435, 0x0441, 0x043F, 0x0443, 0x0431, 0x043B, 0x0438, 0x043A, 0x0430, 0x0441, 0x044B));

				case 295: return String(CharArray::of(0x0417, 0x0430, 0x043C, 0x0431, 0x0438, 0x044F));

				case 296: return String(CharArray::of(0x0417, 0x0438, 0x043C, 0x0431, 0x0430, 0x0431, 0x0432, 0x0435));

				case 297: return String(CharArray::of(0x0411, 0x0435, 0x043B, 0x0433, 0x0438, 0x0441, 0x0438, 0x0437, 0x20, 0x0447, 0x04E9, 0x043B, 0x043A, 0x04E9, 0x043C));
            default: break;
            }
            return String();
        }
        
        String Ky::displayVariant(gint variant) const {
            switch(variant) {
            default: break;
            }
            return String();
        }
            
        gbool Ky::hasVariant() const {
            return false;
        }
        
        gbool Ky::hasRegion() const {
            return false;
        }
        
        gbool Ky::hasScript() const {
            return false;
        }
            
        String Ky::displayCurrency(gint currency, gint count) const {
            switch(currency) { 
				case 1:
					if (count == -1) return String(CharArray::of(0x0411, 0x0438, 0x0440, 0x0438, 0x043A, 0x043A, 0x0435, 0x043D, 0x20, 0x0410, 0x0440, 0x0430, 0x0431, 0x20, 0x042D, 0x043C, 0x0438, 0x0440, 0x0430, 0x0442, 0x0442, 0x0430, 0x0440, 0x044B, 0x043D, 0x044B, 0x043D, 0x20, 0x0434, 0x0438, 0x0440, 0x0445, 0x0430, 0x043C, 0x044B));
					if (count != 1) return String(CharArray::of(0x0411, 0x0410, 0x042D, 0x20, 0x0434, 0x0438, 0x0440, 0x0445, 0x0430, 0x043C, 0x044B));
					break;
				case 3:
					if (count == -1) return String(CharArray::of(0x0410, 0x0444, 0x0433, 0x0430, 0x043D, 0x0441, 0x0442, 0x0430, 0x043D, 0x20, 0x0430, 0x0444, 0x0433, 0x0430, 0x043D, 0x0438, 0x0441, 0x0438));
					break;
				case 5:
					if (count == -1) return String(CharArray::of(0x0430, 0x043B, 0x0431, 0x0430, 0x043D, 0x20, 0x043B, 0x0435, 0x0433, 0x0438));
					break;
				case 6:
					if (count == -1) return String(CharArray::of(0x0410, 0x0440, 0x043C, 0x0435, 0x043D, 0x0438, 0x044F, 0x20, 0x0434, 0x0440, 0x0430, 0x043C, 0x044B));
					break;
				case 7:
					if (count == -1) return String(CharArray::of(0x043D, 0x0438, 0x0434, 0x0435, 0x0440, 0x043B, 0x0430, 0x043D, 0x0434, 0x2D, 0x0430, 0x043D, 0x0442, 0x0438, 0x043B, 0x20, 0x0433, 0x0443, 0x043B, 0x0434, 0x0435, 0x043D, 0x0438));
					break;
				case 8:
					if (count == -1) return String(CharArray::of(0x0410, 0x043D, 0x0433, 0x043E, 0x043B, 0x0430, 0x20, 0x043A, 0x0432, 0x0430, 0x043D, 0x0437, 0x0430, 0x0441, 0x044B));
					break;
				case 16:
					if (count == -1) return String(CharArray::of(0x0430, 0x0440, 0x0433, 0x0435, 0x043D, 0x0442, 0x0438, 0x043D, 0x0430, 0x20, 0x043F, 0x0435, 0x0441, 0x043E, 0x0441, 0x0443));
					break;
				case 18:
					if (count == -1) return String(CharArray::of(0x0410, 0x0432, 0x0441, 0x0442, 0x0440, 0x0430, 0x043B, 0x0438, 0x044F, 0x20, 0x0434, 0x043E, 0x043B, 0x043B, 0x0430, 0x0440, 0x044B));
					break;
				case 19:
					if (count == -1) return String(CharArray::of(0x0430, 0x0440, 0x0443, 0x0431, 0x0430, 0x20, 0x0444, 0x043B, 0x043E, 0x0440, 0x0438, 0x043D, 0x0438));
					break;
				case 21:
					if (count == -1) return String(CharArray::of(0x0410, 0x0437, 0x0435, 0x0440, 0x0431, 0x0430, 0x0439, 0x0436, 0x0430, 0x043D, 0x20, 0x043C, 0x0430, 0x043D, 0x0430, 0x0442, 0x044B));
					break;
				case 23:
					if (count == -1) return String(CharArray::of(0x0431, 0x043E, 0x0441, 0x043D, 0x0438, 0x044F, 0x2D, 0x0433, 0x0435, 0x0440, 0x0446, 0x043E, 0x0433, 0x043E, 0x0432, 0x0438, 0x043D, 0x0430, 0x20, 0x043A, 0x043E, 0x043D, 0x0432, 0x0435, 0x0440, 0x0442, 0x0430, 0x0446, 0x0438, 0x044F, 0x043B, 0x0430, 0x043D, 0x0443, 0x0443, 0x0447, 0x0443, 0x20, 0x043C, 0x0430, 0x0440, 0x043A, 0x0430, 0x0441, 0x044B));
					break;
				case 25:
					if (count == -1) return String(CharArray::of(0x0431, 0x0430, 0x0440, 0x0431, 0x0430, 0x0434, 0x043E, 0x0441, 0x20, 0x0434, 0x043E, 0x043B, 0x043B, 0x0430, 0x0440, 0x044B));
					break;
				case 26:
					if (count == -1) return String(CharArray::of(0x0411, 0x0430, 0x043D, 0x0433, 0x043B, 0x0430, 0x0434, 0x0435, 0x0448, 0x20, 0x0442, 0x0430, 0x043A, 0x0430, 0x0441, 0x044B));
					break;
				case 32:
					if (count == -1) return String(CharArray::of(0x0431, 0x043E, 0x043B, 0x0433, 0x0430, 0x0440, 0x20, 0x043B, 0x0435, 0x0432, 0x0438, 0x0441, 0x0438));
					break;
				case 34:
					if (count == -1) return String(CharArray::of(0x0411, 0x0430, 0x0445, 0x0440, 0x0435, 0x0439, 0x043D, 0x20, 0x0434, 0x0438, 0x043D, 0x0430, 0x0440, 0x044B));
					break;
				case 35:
					if (count == -1) return String(CharArray::of(0x0411, 0x0443, 0x0440, 0x0443, 0x043D, 0x0434, 0x0438, 0x20, 0x0444, 0x0440, 0x0430, 0x043D, 0x043A, 0x044B));
					break;
				case 36:
					if (count == -1) return String(CharArray::of(0x0431, 0x0435, 0x0440, 0x043C, 0x0443, 0x0434, 0x20, 0x0434, 0x043E, 0x043B, 0x043B, 0x0430, 0x0440, 0x044B));
					break;
				case 37:
					if (count == -1) return String(CharArray::of(0x0411, 0x0440, 0x0443, 0x043D, 0x0435, 0x0439, 0x20, 0x0434, 0x043E, 0x043B, 0x043B, 0x0430, 0x0440, 0x044B));
					break;
				case 38:
					if (count == -1) return String(CharArray::of(0x0431, 0x043E, 0x043B, 0x0438, 0x0432, 0x0438, 0x044F, 0x20, 0x0431, 0x043E, 0x043B, 0x0438, 0x0432, 0x0438, 0x0430, 0x043D, 0x043E, 0x0441, 0x0443));
					break;
				case 45:
					if (count == -1) return String(CharArray::of(0x0431, 0x0440, 0x0430, 0x0437, 0x0438, 0x043B, 0x0438, 0x044F, 0x20, 0x0440, 0x0435, 0x0430, 0x043B, 0x044B));
					break;
				case 49:
					if (count == -1) return String(CharArray::of(0x0431, 0x0430, 0x0433, 0x0430, 0x043C, 0x0430, 0x20, 0x0434, 0x043E, 0x043B, 0x043B, 0x0430, 0x0440, 0x044B));
					break;
				case 50:
					if (count == -1) return String(CharArray::of(0x0411, 0x0443, 0x0442, 0x0430, 0x043D, 0x20, 0x043D, 0x0433, 0x0443, 0x043B, 0x0442, 0x0440, 0x0443, 0x043C, 0x0443));
					break;
				case 52:
					if (count == -1) return String(CharArray::of(0x0411, 0x043E, 0x0442, 0x0441, 0x0432, 0x0430, 0x043D, 0x0430, 0x20, 0x043F, 0x0443, 0x043B, 0x0430, 0x0441, 0x044B));
					break;
				case 54:
					if (count == -1) return String(CharArray::of(0x0431, 0x0435, 0x043B, 0x0430, 0x0440, 0x0443, 0x0441, 0x044C, 0x20, 0x0440, 0x0443, 0x0431, 0x043B, 0x0443));
					break;
				case 55:
					if (count == -1) return String(CharArray::of(0x0431, 0x0435, 0x043B, 0x0430, 0x0440, 0x0443, 0x0441, 0x044C, 0x20, 0x0440, 0x0443, 0x0431, 0x043B, 0x0443, 0x20, 0x28, 0x32, 0x30, 0x30, 0x30, 0x2013, 0x32, 0x30, 0x31, 0x36, 0x29));
					break;
				case 56:
					if (count == -1) return String(CharArray::of(0x0431, 0x0435, 0x043B, 0x0438, 0x0437, 0x20, 0x0434, 0x043E, 0x043B, 0x043B, 0x0430, 0x0440, 0x044B));
					break;
				case 57:
					if (count == -1) return String(CharArray::of(0x043A, 0x0430, 0x043D, 0x0430, 0x0434, 0x0430, 0x20, 0x0434, 0x043E, 0x043B, 0x043B, 0x0430, 0x0440, 0x044B));
					break;
				case 58:
					if (count == -1) return String(CharArray::of(0x041A, 0x043E, 0x043D, 0x0433, 0x043E, 0x20, 0x0444, 0x0440, 0x0430, 0x043D, 0x043A, 0x044B));
					break;
				case 60:
					if (count == -1) return String(CharArray::of(0x0448, 0x0432, 0x0435, 0x0439, 0x0446, 0x0430, 0x0440, 0x0438, 0x044F, 0x20, 0x0444, 0x0440, 0x0430, 0x043D, 0x043A, 0x044B));
					break;
				case 64:
					if (count == -1) return String(CharArray::of(0x0447, 0x0438, 0x043B, 0x0438, 0x20, 0x043F, 0x0435, 0x0441, 0x043E, 0x0441, 0x0443));
					break;
				case 65:
					if (count == -1) return String(CharArray::of(0x041A, 0x044B, 0x0442, 0x0430, 0x0439, 0x20, 0x044E, 0x0430, 0x043D, 0x044B, 0x20, 0x28, 0x043E, 0x0444, 0x0444, 0x0448, 0x043E, 0x0440, 0x29));
					break;
				case 67:
					if (count == -1) return String(CharArray::of(0x041A, 0x044B, 0x0442, 0x0430, 0x0439, 0x20, 0x044E, 0x0430, 0x043D, 0x044B));
					break;
				case 68:
					if (count == -1) return String(CharArray::of(0x043A, 0x043E, 0x043B, 0x0443, 0x043C, 0x0431, 0x0438, 0x044F, 0x20, 0x043F, 0x0435, 0x0441, 0x043E, 0x0441, 0x0443));
					break;
				case 70:
					if (count == -1) return String(CharArray::of(0x043A, 0x043E, 0x0441, 0x0442, 0x0430, 0x2D, 0x0440, 0x0438, 0x043A, 0x0430, 0x20, 0x043A, 0x043E, 0x043B, 0x043E, 0x043D, 0x0443));
					break;
				case 73:
					if (count == -1) return String(CharArray::of(0x043A, 0x0443, 0x0431, 0x0430, 0x043D, 0x044B, 0x043D, 0x20, 0x043A, 0x043E, 0x043D, 0x0432, 0x0435, 0x0440, 0x0442, 0x0430, 0x0446, 0x0438, 0x044F, 0x043B, 0x0430, 0x043D, 0x0443, 0x0443, 0x0447, 0x0443, 0x20, 0x043F, 0x0435, 0x0441, 0x043E, 0x0441, 0x0443));
					break;
				case 74:
					if (count == -1) return String(CharArray::of(0x043A, 0x0443, 0x0431, 0x0430, 0x20, 0x043F, 0x0435, 0x0441, 0x043E, 0x0441, 0x0443));
					break;
				case 75:
					if (count == -1) return String(CharArray::of(0x041A, 0x0430, 0x0431, 0x043E, 0x2D, 0x0412, 0x0435, 0x0440, 0x0434, 0x0435, 0x20, 0x044D, 0x0441, 0x043A, 0x0443, 0x0434, 0x043E, 0x0441, 0x0443));
					break;
				case 77:
					if (count == -1) return String(CharArray::of(0x0447, 0x0435, 0x0445, 0x20, 0x043A, 0x0440, 0x043E, 0x043D, 0x0430, 0x0441, 0x044B));
					break;
				case 80:
					if (count == -1) return String(CharArray::of(0x0416, 0x0438, 0x0431, 0x0443, 0x0442, 0x0438, 0x20, 0x0444, 0x0440, 0x0430, 0x043D, 0x043A, 0x044B));
					break;
				case 81:
					if (count == -1) return String(CharArray::of(0x0434, 0x0430, 0x043D, 0x0438, 0x044F, 0x20, 0x043A, 0x0440, 0x043E, 0x043D, 0x0443));
					break;
				case 82:
					if (count == -1) return String(CharArray::of(0x0434, 0x043E, 0x043C, 0x0438, 0x043D, 0x0438, 0x043A, 0x0430, 0x043D, 0x20, 0x043F, 0x0435, 0x0441, 0x043E, 0x0441, 0x0443));
					break;
				case 83:
					if (count == -1) return String(CharArray::of(0x0430, 0x043B, 0x0436, 0x0438, 0x0440, 0x20, 0x0434, 0x0438, 0x043D, 0x0430, 0x0440, 0x044B));
					break;
				case 87:
					if (count == -1) return String(CharArray::of(0x0435, 0x0433, 0x0438, 0x043F, 0x0435, 0x0442, 0x20, 0x0444, 0x0443, 0x043D, 0x0442, 0x0443));
					break;
				case 88:
					if (count == -1) return String(CharArray::of(0x042D, 0x0440, 0x0438, 0x0442, 0x0440, 0x0435, 0x0430, 0x20, 0x043D, 0x0430, 0x043A, 0x0444, 0x0430, 0x0441, 0x044B));
					break;
				case 92:
					if (count == -1) return String(CharArray::of(0x042D, 0x0444, 0x0438, 0x043E, 0x043F, 0x0438, 0x044F, 0x20, 0x0431, 0x0438, 0x0440, 0x0440, 0x0438));
					break;
				case 93:
					if (count == -1) return String(CharArray::of(0x0415, 0x0432, 0x0440, 0x043E));
					if (count != 1) return String(CharArray::of(0x0435, 0x0432, 0x0440, 0x043E));
					break;
				case 95:
					if (count == -1) return String(CharArray::of(0x0424, 0x0438, 0x0436, 0x0438, 0x20, 0x0434, 0x043E, 0x043B, 0x043B, 0x0430, 0x0440, 0x044B));
					break;
				case 96:
					if (count == -1) return String(CharArray::of(0x0444, 0x043E, 0x043B, 0x043A, 0x043B, 0x0435, 0x043D, 0x0434, 0x20, 0x0430, 0x0440, 0x0430, 0x043B, 0x0434, 0x0430, 0x0440, 0x044B, 0x043D, 0x044B, 0x043D, 0x20, 0x0444, 0x0443, 0x043D, 0x0442, 0x0443));
					break;
				case 98:
					if (count == -1) return String(CharArray::of(0x0431, 0x0440, 0x0438, 0x0442, 0x0430, 0x043D, 0x0438, 0x044F, 0x20, 0x0444, 0x0443, 0x043D, 0x0442, 0x20, 0x0441, 0x0442, 0x0435, 0x0440, 0x043B, 0x0438, 0x043D, 0x0433, 0x0438));
					break;
				case 100:
					if (count == -1) return String(CharArray::of(0x0413, 0x0440, 0x0443, 0x0437, 0x0438, 0x044F, 0x20, 0x043B, 0x0430, 0x0440, 0x0438, 0x0441, 0x0438));
					break;
				case 102:
					if (count == -1) return String(CharArray::of(0x0413, 0x0430, 0x043D, 0x0430, 0x20, 0x0441, 0x0435, 0x0434, 0x0438, 0x0441, 0x0438));
					break;
				case 103:
					if (count == -1) return String(CharArray::of(0x0433, 0x0438, 0x0431, 0x0440, 0x0430, 0x043B, 0x0442, 0x0430, 0x0440, 0x20, 0x0444, 0x0443, 0x043D, 0x0442, 0x0443));
					break;
				case 104:
					if (count == -1) return String(CharArray::of(0x0413, 0x0430, 0x043C, 0x0431, 0x0438, 0x044F, 0x20, 0x0434, 0x0430, 0x043B, 0x0430, 0x0441, 0x0438, 0x0441, 0x0438));
					break;
				case 105:
					if (count == -1) return String(CharArray::of(0x0413, 0x0438, 0x043D, 0x0435, 0x20, 0x0444, 0x0440, 0x0430, 0x043D, 0x043A, 0x044B));
					break;
				case 109:
					if (count == -1) return String(CharArray::of(0x0433, 0x0432, 0x0430, 0x0442, 0x0435, 0x043C, 0x0430, 0x043B, 0x0430, 0x20, 0x043A, 0x0435, 0x0442, 0x0441, 0x0430, 0x043B, 0x044B));
					break;
				case 112:
					if (count == -1) return String(CharArray::of(0x0433, 0x0443, 0x0439, 0x0430, 0x043D, 0x0430, 0x20, 0x0434, 0x043E, 0x043B, 0x043B, 0x0430, 0x0440, 0x044B));
					break;
				case 113:
					if (count == -1) return String(CharArray::of(0x0413, 0x043E, 0x043D, 0x043A, 0x043E, 0x043D, 0x0433, 0x20, 0x0434, 0x043E, 0x043B, 0x043B, 0x0430, 0x0440, 0x044B));
					break;
				case 114:
					if (count == -1) return String(CharArray::of(0x0433, 0x043E, 0x043D, 0x0434, 0x0443, 0x0440, 0x0430, 0x0441, 0x20, 0x043B, 0x0435, 0x043C, 0x043F, 0x0438, 0x0440, 0x0430, 0x0441, 0x044B));
					break;
				case 116:
					if (count == -1) return String(CharArray::of(0x0445, 0x043E, 0x0440, 0x0432, 0x0430, 0x0442, 0x20, 0x043A, 0x0443, 0x043D, 0x0430, 0x0441, 0x044B));
					break;
				case 117:
					if (count == -1) return String(CharArray::of(0x0433, 0x0430, 0x0438, 0x0442, 0x0438, 0x20, 0x0433, 0x0443, 0x0440, 0x0434, 0x0443, 0x0441, 0x0443));
					break;
				case 118:
					if (count == -1) return String(CharArray::of(0x0432, 0x0435, 0x043D, 0x0433, 0x0440, 0x20, 0x0444, 0x043E, 0x0440, 0x0438, 0x043D, 0x0442, 0x0438));
					break;
				case 119:
					if (count == -1) return String(CharArray::of(0x0418, 0x043D, 0x0434, 0x043E, 0x043D, 0x0435, 0x0437, 0x0438, 0x044F, 0x20, 0x0440, 0x0443, 0x043F, 0x0438, 0x0439, 0x0430, 0x0441, 0x044B));
					break;
				case 123:
					if (count == -1) return String(CharArray::of(0x0418, 0x0437, 0x0440, 0x0430, 0x0438, 0x043B, 0x0434, 0x0438, 0x043D, 0x20, 0x0436, 0x0430, 0x04A3, 0x044B, 0x20, 0x0448, 0x0435, 0x043A, 0x0435, 0x043B, 0x0438));
					break;
				case 124:
					if (count == -1) return String(CharArray::of(0x0418, 0x043D, 0x0434, 0x0438, 0x044F, 0x20, 0x0440, 0x0443, 0x043F, 0x0438, 0x0441, 0x0438));
					break;
				case 125:
					if (count == -1) return String(CharArray::of(0x0418, 0x0440, 0x0430, 0x043A, 0x20, 0x0434, 0x0438, 0x043D, 0x0430, 0x0440, 0x044B));
					break;
				case 126:
					if (count == -1) return String(CharArray::of(0x0418, 0x0440, 0x0430, 0x043D, 0x20, 0x0440, 0x0438, 0x0430, 0x043B, 0x044B));
					break;
				case 128:
					if (count == -1) return String(CharArray::of(0x0438, 0x0441, 0x043B, 0x0430, 0x043D, 0x0434, 0x0438, 0x044F, 0x20, 0x043A, 0x0440, 0x043E, 0x043D, 0x0443));
					break;
				case 130:
					if (count == -1) return String(CharArray::of(0x044F, 0x043C, 0x0430, 0x0439, 0x043A, 0x0430, 0x20, 0x0434, 0x043E, 0x043B, 0x043B, 0x0430, 0x0440, 0x044B));
					break;
				case 131:
					if (count == -1) return String(CharArray::of(0x0419, 0x043E, 0x0440, 0x0434, 0x0430, 0x043D, 0x0438, 0x044F, 0x20, 0x0434, 0x0438, 0x043D, 0x0430, 0x0440, 0x044B));
					break;
				case 132:
					if (count == -1) return String(CharArray::of(0x0416, 0x0430, 0x043F, 0x0430, 0x043D, 0x20, 0x0439, 0x0435, 0x043D, 0x0438));
					break;
				case 133:
					if (count == -1) return String(CharArray::of(0x041A, 0x0435, 0x043D, 0x0438, 0x044F, 0x20, 0x0448, 0x0438, 0x043B, 0x043B, 0x0438, 0x043D, 0x0433, 0x0438));
					break;
				case 134:
					if (count == -1) return String(CharArray::of(0x041A, 0x044B, 0x0440, 0x0433, 0x044B, 0x0437, 0x0441, 0x0442, 0x0430, 0x043D, 0x20, 0x0441, 0x043E, 0x043C, 0x0443));
					break;
				case 135:
					if (count == -1) return String(CharArray::of(0x041A, 0x0430, 0x043C, 0x0431, 0x043E, 0x0436, 0x0430, 0x20, 0x0440, 0x0438, 0x0435, 0x043B, 0x0438));
					break;
				case 136:
					if (count == -1) return String(CharArray::of(0x041A, 0x043E, 0x043C, 0x043E, 0x0440, 0x043E, 0x0441, 0x20, 0x0444, 0x0440, 0x0430, 0x043D, 0x043A, 0x044B));
					break;
				case 137:
					if (count == -1) return String(CharArray::of(0x0422, 0x04AF, 0x043D, 0x0434, 0x04AF, 0x043A, 0x20, 0x041A, 0x043E, 0x0440, 0x0435, 0x044F, 0x20, 0x0432, 0x043E, 0x043D, 0x0443));
					if (count == 1) return String(CharArray::of(0x0422, 0x04AF, 0x043D, 0x0434, 0x04AF, 0x043A, 0x20, 0x041A, 0x043E, 0x0440, 0x0435, 0x044F, 0x20, 0x0443, 0x043E, 0x043D, 0x0443));
					break;
				case 140:
					if (count == -1) return String(CharArray::of(0x0422, 0x04AF, 0x0448, 0x0442, 0x04AF, 0x043A, 0x20, 0x041A, 0x043E, 0x0440, 0x0435, 0x044F, 0x20, 0x0432, 0x043E, 0x043D, 0x0443));
					break;
				case 141:
					if (count == -1) return String(CharArray::of(0x041A, 0x0443, 0x0432, 0x0435, 0x0439, 0x0442, 0x20, 0x0434, 0x0438, 0x043D, 0x0430, 0x0440, 0x044B));
					break;
				case 142:
					if (count == -1) return String(CharArray::of(0x043A, 0x0430, 0x0439, 0x043C, 0x0430, 0x043D, 0x20, 0x0434, 0x043E, 0x043B, 0x043B, 0x0430, 0x0440, 0x044B));
					break;
				case 143:
					if (count == -1) return String(CharArray::of(0x041A, 0x0430, 0x0437, 0x0430, 0x043A, 0x0441, 0x0442, 0x0430, 0x043D, 0x20, 0x0442, 0x0435, 0x04A3, 0x0433, 0x0435, 0x0441, 0x0438));
					break;
				case 144:
					if (count == -1) return String(CharArray::of(0x041B, 0x0430, 0x043E, 0x0441, 0x20, 0x043A, 0x0438, 0x0431, 0x0438));
					break;
				case 145:
					if (count == -1) return String(CharArray::of(0x041B, 0x0438, 0x0432, 0x0430, 0x043D, 0x20, 0x0444, 0x0443, 0x043D, 0x0442, 0x0443));
					break;
				case 146:
					if (count == -1) return String(CharArray::of(0x0428, 0x0440, 0x0438, 0x20, 0x041B, 0x0430, 0x043D, 0x043A, 0x0430, 0x20, 0x0440, 0x0443, 0x043F, 0x0438, 0x0441, 0x0438));
					break;
				case 147:
					if (count == -1) return String(CharArray::of(0x041B, 0x0438, 0x0431, 0x0435, 0x0440, 0x0438, 0x044F, 0x20, 0x0434, 0x043E, 0x043B, 0x043B, 0x0430, 0x0440, 0x044B));
					break;
				case 148:
					if (count == -1) return String(CharArray::of(0x041B, 0x0435, 0x0441, 0x043E, 0x0442, 0x043E, 0x20, 0x043B, 0x043E, 0x0442, 0x0438, 0x0441, 0x0438));
					break;
				case 149:
					if (count == -1) return String(CharArray::of(0x043B, 0x0438, 0x0442, 0x0432, 0x0430, 0x20, 0x043B, 0x0438, 0x0442, 0x0430, 0x0441, 0x044B));
					break;
				case 154:
					if (count == -1) return String(CharArray::of(0x043B, 0x0430, 0x0442, 0x0432, 0x0438, 0x044F, 0x20, 0x043B, 0x0430, 0x0442, 0x044B));
					break;
				case 156:
					if (count == -1) return String(CharArray::of(0x043B, 0x0438, 0x0432, 0x0438, 0x044F, 0x20, 0x0434, 0x0438, 0x043D, 0x0430, 0x0440, 0x044B));
					break;
				case 157:
					if (count == -1) return String(CharArray::of(0x043C, 0x0430, 0x0440, 0x043E, 0x043A, 0x043A, 0x043E, 0x20, 0x0434, 0x0438, 0x0440, 0x0445, 0x0430, 0x043C, 0x044B));
					break;
				case 161:
					if (count == -1) return String(CharArray::of(0x043C, 0x043E, 0x043B, 0x0434, 0x043E, 0x0432, 0x0430, 0x043D, 0x20, 0x043B, 0x0435, 0x0439, 0x0438));
					break;
				case 162:
					if (count == -1) return String(CharArray::of(0x041C, 0x0430, 0x0434, 0x0430, 0x0433, 0x0430, 0x0441, 0x043A, 0x0430, 0x0440, 0x20, 0x0430, 0x0440, 0x0438, 0x0430, 0x0440, 0x0438, 0x0441, 0x0438));
					break;
				case 164:
					if (count == -1) return String(CharArray::of(0x043C, 0x0430, 0x043A, 0x0435, 0x0434, 0x043E, 0x043D, 0x20, 0x0434, 0x0435, 0x043D, 0x0430, 0x0440, 0x044B));
					break;
				case 167:
					if (count == -1) return String(CharArray::of(0x041C, 0x0439, 0x0430, 0x043D, 0x043C, 0x0430, 0x0440, 0x20, 0x043A, 0x0439, 0x0430, 0x0442, 0x044B));
					break;
				case 168:
					if (count == -1) return String(CharArray::of(0x041C, 0x043E, 0x043D, 0x0433, 0x043E, 0x043B, 0x20, 0x0442, 0x0443, 0x0433, 0x0440, 0x0438, 0x0433, 0x0438));
					break;
				case 169:
					if (count == -1) return String(CharArray::of(0x041C, 0x0430, 0x043A, 0x0430, 0x0443, 0x20, 0x043F, 0x0430, 0x0442, 0x0430, 0x043A, 0x0430, 0x0441, 0x044B));
					break;
				case 170:
					if (count == -1) return String(CharArray::of(0x041C, 0x0430, 0x0432, 0x0440, 0x0438, 0x0442, 0x0430, 0x043D, 0x0438, 0x044F, 0x20, 0x0443, 0x0433, 0x0438, 0x044F, 0x0441, 0x044B, 0x20, 0x28, 0x31, 0x39, 0x37, 0x33, 0x2013, 0x32, 0x30, 0x31, 0x37, 0x29));
					break;
				case 171:
					if (count == -1) return String(CharArray::of(0x041C, 0x0430, 0x0432, 0x0440, 0x0438, 0x0442, 0x0430, 0x043D, 0x0438, 0x044F, 0x20, 0x0443, 0x0433, 0x0438, 0x044F, 0x0441, 0x044B));
					break;
				case 174:
					if (count == -1) return String(CharArray::of(0x041C, 0x0430, 0x0432, 0x0440, 0x0438, 0x0442, 0x0430, 0x043D, 0x0438, 0x0439, 0x20, 0x0440, 0x0443, 0x043F, 0x0438, 0x0441, 0x0438));
					break;
				case 176:
					if (count == -1) return String(CharArray::of(0x041C, 0x0430, 0x043B, 0x0434, 0x0438, 0x0432, 0x20, 0x0440, 0x0443, 0x0444, 0x0438, 0x0439, 0x0430, 0x0441, 0x044B));
					break;
				case 177:
					if (count == -1) return String(CharArray::of(0x041C, 0x0430, 0x043B, 0x0430, 0x0432, 0x0438, 0x20, 0x043A, 0x0432, 0x0430, 0x0447, 0x0430, 0x0441, 0x044B));
					break;
				case 178:
					if (count == -1) return String(CharArray::of(0x043C, 0x0435, 0x043A, 0x0441, 0x0438, 0x043A, 0x0430, 0x20, 0x043F, 0x0435, 0x0441, 0x043E, 0x0441, 0x0443));
					break;
				case 181:
					if (count == -1) return String(CharArray::of(0x041C, 0x0430, 0x043B, 0x0430, 0x0439, 0x0437, 0x0438, 0x044F, 0x20, 0x0440, 0x0438, 0x043D, 0x0433, 0x0433, 0x0438, 0x0442, 0x0438));
					break;
				case 184:
					if (count == -1) return String(CharArray::of(0x041C, 0x043E, 0x0437, 0x0430, 0x043C, 0x0431, 0x0438, 0x043A, 0x20, 0x043C, 0x0435, 0x0442, 0x0438, 0x043A, 0x0430, 0x043B, 0x044B));
					break;
				case 185:
					if (count == -1) return String(CharArray::of(0x041D, 0x0430, 0x043C, 0x0438, 0x0431, 0x0438, 0x044F, 0x20, 0x0434, 0x043E, 0x043B, 0x043B, 0x0430, 0x0440, 0x044B));
					break;
				case 186:
					if (count == -1) return String(CharArray::of(0x041D, 0x0438, 0x0433, 0x0435, 0x0440, 0x0438, 0x044F, 0x20, 0x043D, 0x0430, 0x0439, 0x0440, 0x0430, 0x0441, 0x044B));
					break;
				case 188:
					if (count == -1) return String(CharArray::of(0x043D, 0x0438, 0x043A, 0x0430, 0x0440, 0x0430, 0x0433, 0x0443, 0x0430, 0x20, 0x043A, 0x043E, 0x0440, 0x0434, 0x043E, 0x0431, 0x0430, 0x0441, 0x044B));
					break;
				case 190:
					if (count == -1) return String(CharArray::of(0x043D, 0x043E, 0x0440, 0x0432, 0x0435, 0x0433, 0x0438, 0x044F, 0x20, 0x043A, 0x0440, 0x043E, 0x043D, 0x0443));
					break;
				case 191:
					if (count == -1) return String(CharArray::of(0x041D, 0x0435, 0x043F, 0x0430, 0x043B, 0x20, 0x0440, 0x0443, 0x043F, 0x0438, 0x0441, 0x0438));
					break;
				case 192:
					if (count == -1) return String(CharArray::of(0x0416, 0x0430, 0x04A3, 0x044B, 0x20, 0x0417, 0x0435, 0x043B, 0x0430, 0x043D, 0x0434, 0x0438, 0x044F, 0x20, 0x0434, 0x043E, 0x043B, 0x043B, 0x0430, 0x0440, 0x044B));
					break;
				case 193:
					if (count == -1) return String(CharArray::of(0x041E, 0x043C, 0x0430, 0x043D, 0x20, 0x0440, 0x0438, 0x0430, 0x043B, 0x044B));
					break;
				case 194:
					if (count == -1) return String(CharArray::of(0x043F, 0x0430, 0x043D, 0x0430, 0x043C, 0x0430, 0x20, 0x0431, 0x0430, 0x043B, 0x0431, 0x043E, 0x0430, 0x0441, 0x044B));
					break;
				case 196:
					if (count == -1) return String(CharArray::of(0x043F, 0x0435, 0x0440, 0x0443, 0x20, 0x0441, 0x043E, 0x043B, 0x0443));
					break;
				case 198:
					if (count == -1) return String(CharArray::of(0x041F, 0x0430, 0x043F, 0x0443, 0x0430, 0x20, 0x0416, 0x0430, 0x04A3, 0x044B, 0x20, 0x0413, 0x0432, 0x0438, 0x043D, 0x0435, 0x044F, 0x20, 0x043A, 0x0438, 0x043D, 0x0430, 0x0441, 0x044B));
					break;
				case 199:
					if (count == -1) return String(CharArray::of(0x0424, 0x0438, 0x043B, 0x0438, 0x043F, 0x043F, 0x0438, 0x043D, 0x20, 0x043F, 0x0435, 0x0441, 0x043E, 0x0441, 0x0443));
					break;
				case 200:
					if (count == -1) return String(CharArray::of(0x041F, 0x0430, 0x043A, 0x0438, 0x0441, 0x0442, 0x0430, 0x043D, 0x20, 0x0440, 0x0443, 0x043F, 0x0438, 0x0441, 0x0438));
					break;
				case 201:
					if (count == -1) return String(CharArray::of(0x043F, 0x043E, 0x043B, 0x044C, 0x0448, 0x0430, 0x20, 0x0437, 0x043B, 0x043E, 0x0442, 0x044B, 0x0439, 0x044B));
					break;
				case 204:
					if (count == -1) return String(CharArray::of(0x043F, 0x0430, 0x0440, 0x0430, 0x0433, 0x0432, 0x0430, 0x0439, 0x20, 0x0433, 0x0443, 0x0430, 0x0440, 0x0430, 0x043D, 0x0438, 0x0441, 0x0438));
					break;
				case 205:
					if (count == -1) return String(CharArray::of(0x041A, 0x0430, 0x0442, 0x0430, 0x0440, 0x20, 0x0440, 0x0438, 0x0430, 0x043B, 0x044B));
					break;
				case 208:
					if (count == -1) return String(CharArray::of(0x0440, 0x0443, 0x043C, 0x044B, 0x043D, 0x20, 0x043B, 0x0435, 0x0439, 0x0438));
					break;
				case 209:
					if (count == -1) return String(CharArray::of(0x0441, 0x0435, 0x0440, 0x0431, 0x20, 0x0434, 0x0438, 0x043D, 0x0430, 0x0440, 0x044B));
					break;
				case 210:
					if (count == -1) return String(CharArray::of(0x043E, 0x0440, 0x0443, 0x0441, 0x20, 0x0440, 0x0443, 0x0431, 0x043B, 0x0443));
					break;
				case 212:
					if (count == -1) return String(CharArray::of(0x0420, 0x0443, 0x0430, 0x043D, 0x0434, 0x0430, 0x20, 0x0444, 0x0440, 0x0430, 0x043D, 0x043A, 0x044B));
					break;
				case 213:
					if (count == -1) return String(CharArray::of(0x0421, 0x0430, 0x0443, 0x0434, 0x20, 0x0440, 0x0438, 0x0430, 0x043B, 0x044B));
					break;
				case 214:
					if (count == -1) return String(CharArray::of(0x0421, 0x043E, 0x043B, 0x043E, 0x043C, 0x043E, 0x043D, 0x20, 0x0430, 0x0440, 0x0430, 0x043B, 0x0434, 0x0430, 0x0440, 0x044B, 0x043D, 0x044B, 0x043D, 0x20, 0x0434, 0x043E, 0x043B, 0x043B, 0x0430, 0x0440, 0x044B));
					break;
				case 215:
					if (count == -1) return String(CharArray::of(0x0421, 0x0435, 0x0439, 0x0448, 0x0435, 0x043B, 0x20, 0x0440, 0x0443, 0x043F, 0x0438, 0x0441, 0x0438));
					break;
				case 217:
					if (count == -1) return String(CharArray::of(0x0441, 0x0443, 0x0434, 0x0430, 0x043D, 0x20, 0x0444, 0x0443, 0x043D, 0x0442, 0x0443));
					break;
				case 219:
					if (count == -1) return String(CharArray::of(0x0448, 0x0432, 0x0435, 0x0446, 0x0438, 0x044F, 0x20, 0x043A, 0x0440, 0x043E, 0x043D, 0x0443));
					break;
				case 220:
					if (count == -1) return String(CharArray::of(0x0421, 0x0438, 0x043D, 0x0433, 0x0430, 0x043F, 0x0443, 0x0440, 0x20, 0x0434, 0x043E, 0x043B, 0x043B, 0x0430, 0x0440, 0x044B));
					break;
				case 221:
					if (count == -1) return String(CharArray::of(0x042B, 0x0439, 0x044B, 0x043A, 0x20, 0x0415, 0x043B, 0x0435, 0x043D, 0x0430, 0x20, 0x0430, 0x0440, 0x0430, 0x043B, 0x044B, 0x043D, 0x044B, 0x043D, 0x20, 0x0444, 0x0443, 0x043D, 0x0442, 0x0443));
					break;
				case 224:
					if (count == -1) return String(CharArray::of(0x0421, 0x0438, 0x0435, 0x0440, 0x0440, 0x0430, 0x2D, 0x041B, 0x0435, 0x043E, 0x043D, 0x0435, 0x20, 0x043B, 0x0435, 0x043E, 0x043D, 0x0435, 0x0441, 0x0438));
					break;
				case 225:
					if (count == -1) return String(CharArray::of(0x0421, 0x0438, 0x0435, 0x0440, 0x0440, 0x0430, 0x2D, 0x041B, 0x0435, 0x043E, 0x043D, 0x0435, 0x20, 0x043B, 0x0435, 0x043E, 0x043D, 0x0435, 0x0441, 0x0438, 0x20, 0x28, 0x31, 0x39, 0x36, 0x34, 0x2014, 0x32, 0x30, 0x32, 0x32, 0x29));
					break;
				case 226:
					if (count == -1) return String(CharArray::of(0x0421, 0x043E, 0x043C, 0x0430, 0x043B, 0x0438, 0x20, 0x0448, 0x0438, 0x043B, 0x043B, 0x0438, 0x043D, 0x0433, 0x0438));
					break;
				case 227:
					if (count == -1) return String(CharArray::of(0x0441, 0x0443, 0x0440, 0x0438, 0x043D, 0x0430, 0x043C, 0x20, 0x0434, 0x043E, 0x043B, 0x043B, 0x0430, 0x0440, 0x044B));
					break;
				case 229:
					if (count == -1) return String(CharArray::of(0x0422, 0x04AF, 0x0448, 0x0442, 0x04AF, 0x043A, 0x20, 0x0421, 0x0443, 0x0434, 0x0430, 0x043D, 0x20, 0x0444, 0x0443, 0x043D, 0x0442, 0x0443));
					break;
				case 230:
					if (count == -1) return String(CharArray::of(0x0421, 0x0430, 0x043E, 0x20, 0x0422, 0x043E, 0x043C, 0x0435, 0x20, 0x0436, 0x0430, 0x043D, 0x0430, 0x20, 0x041F, 0x0440, 0x0438, 0x043D, 0x0441, 0x0438, 0x043F, 0x0435, 0x20, 0x0434, 0x043E, 0x0431, 0x0440, 0x0430, 0x0441, 0x044B, 0x20, 0x28, 0x31, 0x39, 0x37, 0x37, 0x2013, 0x32, 0x30, 0x31, 0x37, 0x29));
					break;
				case 231:
					if (count == -1) return String(CharArray::of(0x0421, 0x0430, 0x043E, 0x20, 0x0422, 0x043E, 0x043C, 0x0435, 0x20, 0x0436, 0x0430, 0x043D, 0x0430, 0x20, 0x041F, 0x0440, 0x0438, 0x043D, 0x0441, 0x0438, 0x043F, 0x0435, 0x20, 0x0434, 0x043E, 0x0431, 0x0440, 0x0430, 0x0441, 0x044B));
					break;
				case 234:
					if (count == -1) return String(CharArray::of(0x0421, 0x0438, 0x0440, 0x0438, 0x044F, 0x20, 0x0444, 0x0443, 0x043D, 0x0442, 0x0443));
					break;
				case 235:
					if (count == -1) return String(CharArray::of(0x0421, 0x0432, 0x0430, 0x0437, 0x0438, 0x20, 0x043B, 0x0438, 0x043B, 0x0430, 0x043D, 0x0433, 0x0435, 0x043D, 0x0438));
					if (count == 1) return String(CharArray::of(0x0421, 0x0432, 0x0430, 0x0437, 0x0438, 0x20, 0x043B, 0x0438, 0x043B, 0x0430, 0x043D, 0x0433, 0x0435, 0x043D, 0x0438));
					if (count != 1) return String(CharArray::of(0x0421, 0x0432, 0x0430, 0x0437, 0x0438, 0x20, 0x044D, 0x043C, 0x0430, 0x043B, 0x0430, 0x043D, 0x0433, 0x0435, 0x043D, 0x0438));
					break;
				case 236:
					if (count == -1) return String(CharArray::of(0x0422, 0x0430, 0x0439, 0x20, 0x0431, 0x0430, 0x0442, 0x044B));
					break;
				case 238:
					if (count == -1) return String(CharArray::of(0x0422, 0x0430, 0x0436, 0x0438, 0x043A, 0x0441, 0x0442, 0x0430, 0x043D, 0x20, 0x0441, 0x043E, 0x043C, 0x043E, 0x043D, 0x0438, 0x0441, 0x0438));
					break;
				case 240:
					if (count == -1) return String(CharArray::of(0x0422, 0x04AF, 0x0440, 0x043A, 0x043C, 0x04E9, 0x043D, 0x0441, 0x0442, 0x0430, 0x043D, 0x20, 0x043C, 0x0430, 0x043D, 0x0430, 0x0442, 0x044B));
					break;
				case 241:
					if (count == -1) return String(CharArray::of(0x0442, 0x0443, 0x043D, 0x0438, 0x0441, 0x20, 0x0434, 0x0438, 0x043D, 0x0430, 0x0440, 0x044B));
					break;
				case 242:
					if (count == -1) return String(CharArray::of(0x0422, 0x043E, 0x043D, 0x0433, 0x0430, 0x20, 0x043F, 0x0430, 0x0430, 0x043D, 0x0433, 0x0430, 0x0441, 0x044B));
					break;
				case 245:
					if (count == -1) return String(CharArray::of(0x0422, 0x04AF, 0x0440, 0x043A, 0x0438, 0x044F, 0x20, 0x043B, 0x0438, 0x0440, 0x0430, 0x0441, 0x044B));
					break;
				case 246:
					if (count == -1) return String(CharArray::of(0x0442, 0x0440, 0x0438, 0x043D, 0x0438, 0x0434, 0x0430, 0x0434, 0x20, 0x0436, 0x0430, 0x043D, 0x0430, 0x20, 0x0442, 0x043E, 0x0431, 0x0430, 0x0433, 0x043E, 0x20, 0x0434, 0x043E, 0x043B, 0x043B, 0x0430, 0x0440, 0x044B));
					break;
				case 247:
					if (count == -1) return String(CharArray::of(0x0422, 0x0430, 0x0439, 0x0432, 0x0430, 0x043D, 0x044C, 0x20, 0x0436, 0x0430, 0x04A3, 0x044B, 0x20, 0x0434, 0x043E, 0x043B, 0x043B, 0x0430, 0x0440, 0x044B));
					break;
				case 248:
					if (count == -1) return String(CharArray::of(0x0422, 0x0430, 0x043D, 0x0437, 0x0430, 0x043D, 0x0438, 0x044F, 0x20, 0x0448, 0x0438, 0x043B, 0x043B, 0x0438, 0x043D, 0x0433, 0x0438));
					break;
				case 249:
					if (count == -1) return String(CharArray::of(0x0443, 0x043A, 0x0440, 0x0430, 0x0438, 0x043D, 0x20, 0x0433, 0x0440, 0x0438, 0x0432, 0x0435, 0x043D, 0x0438));
					break;
				case 252:
					if (count == -1) return String(CharArray::of(0x0423, 0x0433, 0x0430, 0x043D, 0x0434, 0x0430, 0x20, 0x0448, 0x0438, 0x043B, 0x043B, 0x0438, 0x043D, 0x0433, 0x0438));
					break;
				case 253:
					if (count == -1) return String(CharArray::of(0x0410, 0x041A, 0x0428, 0x20, 0x0434, 0x043E, 0x043B, 0x043B, 0x0430, 0x0440, 0x044B));
					break;
				case 258:
					if (count == -1) return String(CharArray::of(0x0443, 0x0440, 0x0443, 0x0433, 0x0432, 0x0430, 0x0439, 0x20, 0x043F, 0x0435, 0x0441, 0x043E, 0x0441, 0x0443));
					break;
				case 260:
					if (count == -1) return String(CharArray::of(0x04E8, 0x0437, 0x0431, 0x0435, 0x043A, 0x0441, 0x0442, 0x0430, 0x043D, 0x20, 0x0441, 0x0443, 0x043C, 0x0443));
					break;
				case 263:
					if (count == -1) return String(CharArray::of(0x0432, 0x0435, 0x043D, 0x0435, 0x0441, 0x0443, 0x044D, 0x043B, 0x0430, 0x20, 0x0431, 0x043E, 0x043B, 0x0438, 0x0432, 0x0430, 0x0440, 0x044B, 0x20, 0x28, 0x32, 0x30, 0x30, 0x38, 0x2013, 0x32, 0x30, 0x31, 0x38, 0x29));
					break;
				case 264:
					if (count == -1) return String(CharArray::of(0x0412, 0x0435, 0x043D, 0x0435, 0x0441, 0x0443, 0x044D, 0x043B, 0x0430, 0x20, 0x0431, 0x043E, 0x043B, 0x0438, 0x0432, 0x0430, 0x0440, 0x044B));
					break;
				case 265:
					if (count == -1) return String(CharArray::of(0x0412, 0x044C, 0x0435, 0x0442, 0x043D, 0x0430, 0x043C, 0x20, 0x0434, 0x043E, 0x04A3, 0x0443));
					break;
				case 267:
					if (count == -1) return String(CharArray::of(0x0412, 0x0430, 0x043D, 0x0443, 0x0430, 0x0442, 0x0443, 0x20, 0x0432, 0x0430, 0x0442, 0x0443, 0x0441, 0x0443));
					break;
				case 268:
					if (count == -1) return String(CharArray::of(0x0421, 0x0430, 0x043C, 0x043E, 0x0430, 0x20, 0x0442, 0x0430, 0x043B, 0x0430, 0x0441, 0x044B));
					break;
				case 269:
					if (count == -1) return String(CharArray::of(0x0411, 0x043E, 0x0440, 0x0431, 0x043E, 0x0440, 0x0434, 0x0443, 0x043A, 0x20, 0x0410, 0x0444, 0x0440, 0x0438, 0x043A, 0x0430, 0x20, 0x041A, 0x0424, 0x0410, 0x20, 0x0444, 0x0440, 0x0430, 0x043D, 0x043A, 0x044B));
					break;
				case 276:
					if (count == -1) return String(CharArray::of(0x0447, 0x044B, 0x0433, 0x044B, 0x0448, 0x20, 0x043A, 0x0430, 0x0440, 0x0438, 0x0431, 0x20, 0x0434, 0x043E, 0x043B, 0x043B, 0x0430, 0x0440, 0x044B));
					break;
				case 282:
					if (count == -1) return String(CharArray::of(0x041A, 0x0424, 0x0410, 0x20, 0x0444, 0x0440, 0x0430, 0x043D, 0x043A, 0x044B));
					break;
				case 284:
					if (count == -1) return String(CharArray::of(0x041A, 0x0424, 0x041F, 0x20, 0x0444, 0x0440, 0x0430, 0x043D, 0x043A, 0x044B));
					break;
				case 290:
					if (count == -1) return String(CharArray::of(0x0411, 0x0435, 0x043B, 0x0433, 0x0438, 0x0441, 0x0438, 0x0437, 0x20, 0x0430, 0x043A, 0x0447, 0x0430));
					if (count == 1) return String(CharArray::of(0x28, 0x0431, 0x0435, 0x043B, 0x0433, 0x0438, 0x0441, 0x0438, 0x0437, 0x20, 0x0430, 0x043A, 0x0447, 0x0430, 0x20, 0x0431, 0x0438, 0x0440, 0x0434, 0x0438, 0x0433, 0x0438, 0x29));
					if (count != 1) return String(CharArray::of(0x28, 0x0431, 0x0435, 0x043B, 0x0433, 0x0438, 0x0441, 0x0438, 0x0437, 0x20, 0x0430, 0x043A, 0x0447, 0x0430, 0x29));
					break;
				case 292:
					if (count == -1) return String(CharArray::of(0x0419, 0x0435, 0x043C, 0x0435, 0x043D, 0x20, 0x0440, 0x0438, 0x0430, 0x043B, 0x044B));
					break;
				case 298:
					if (count == -1) return String(CharArray::of(0x0422, 0x04AF, 0x0448, 0x0442, 0x04AF, 0x043A, 0x20, 0x0410, 0x0444, 0x0440, 0x0438, 0x043A, 0x0430, 0x20, 0x0440, 0x0430, 0x043D, 0x0434, 0x044B));
					break;
				case 300:
					if (count == -1) return String(CharArray::of(0x0417, 0x0430, 0x043C, 0x0431, 0x0438, 0x044F, 0x20, 0x043A, 0x0432, 0x0430, 0x0447, 0x0430, 0x0441, 0x044B));
					break;
            default: break;
            }
            return String();
        }
        
        String Ky::displayUnit(gint unit, gint count) const {
            switch(unit) { 
				case 1: return String(CharArray::of(0x043A, 0x0432, 0x0430, 0x0434, 0x0440, 0x0430, 0x0442, 0x0442, 0x044B, 0x043A, 0x20, 0x0441, 0x0435, 0x043A, 0x0443, 0x043D, 0x0434, 0x0430, 0x0441, 0x044B, 0x043D, 0x0430, 0x20, 0x043C, 0x0435, 0x0442, 0x0440));
				case 5: return String(CharArray::of(0x0440, 0x0430, 0x0434, 0x0438, 0x0430, 0x043D));
				case 2: return String(CharArray::of(0x0430, 0x0440, 0x043A, 0x043C, 0x04AF, 0x043D, 0x04E9, 0x0442));
				case 3: return String(CharArray::of(0x0430, 0x0440, 0x043A, 0x0441, 0x0435, 0x043A, 0x0443, 0x043D, 0x0434));
				case 16: return String(CharArray::of(0x0447, 0x0430, 0x0440, 0x0447, 0x044B, 0x20, 0x043A, 0x0438, 0x043B, 0x043E, 0x043C, 0x0435, 0x0442, 0x0440));
				case 17: return String(CharArray::of(0x0447, 0x0430, 0x0440, 0x0447, 0x044B, 0x20, 0x043C, 0x0435, 0x0442, 0x0440));
				case 13: return String(CharArray::of(0x0447, 0x0430, 0x0440, 0x0447, 0x044B, 0x20, 0x0441, 0x0430, 0x043D, 0x0442, 0x0438, 0x043C, 0x0435, 0x0442, 0x0440));
				case 19: return String(CharArray::of(0x0447, 0x0430, 0x0440, 0x0447, 0x044B, 0x20, 0x044F, 0x0440, 0x0434));
				case 15: return String(CharArray::of(0x0447, 0x0430, 0x0440, 0x0447, 0x044B, 0x20, 0x0434, 0x044E, 0x0439, 0x043C));
				case 22: return String(CharArray::of(0x0434, 0x0435, 0x0446, 0x0438, 0x043B, 0x0438, 0x0442, 0x0440, 0x0433, 0x0430, 0x20, 0x043C, 0x0438, 0x043B, 0x043B, 0x0438, 0x0433, 0x0440, 0x0430, 0x043C, 0x043C));
				case 23: return String(CharArray::of(0x043B, 0x0438, 0x0442, 0x0440, 0x0438, 0x043D, 0x0435, 0x20, 0x043C, 0x0438, 0x043B, 0x043B, 0x0438, 0x043C, 0x043E, 0x043B, 0x044C));
				case 27: return String(CharArray::of(0x043C, 0x0438, 0x043B, 0x043B, 0x0438, 0x043E, 0x043D, 0x0433, 0x043E, 0x20, 0x0431, 0x04E9, 0x043B, 0x04AF, 0x043A, 0x0442, 0x04E9, 0x0440));
				case 24: return String(CharArray::of(0x043C, 0x043E, 0x043B, 0x044C, 0x0434, 0x043E, 0x0440));
				case 31: return String(CharArray::of(0x043A, 0x0438, 0x043B, 0x043E, 0x043C, 0x0435, 0x0442, 0x0440, 0x0438, 0x043D, 0x0435, 0x20, 0x043B, 0x0438, 0x0442, 0x0440));
				case 30: return String(CharArray::of(0x31, 0x30, 0x30, 0x20, 0x043A, 0x0438, 0x043B, 0x043E, 0x043C, 0x0435, 0x0442, 0x0440, 0x0433, 0x0435, 0x20, 0x043B, 0x0438, 0x0442, 0x0440));
				case 32: return String(CharArray::of(0x043C, 0x0438, 0x043B, 0x044F, 0x0433, 0x0430, 0x2F, 0x0433, 0x0430, 0x043B, 0x043B, 0x043E, 0x043D));
				case 33: return String(CharArray::of(0x0430, 0x043D, 0x0433, 0x043B, 0x2E, 0x20, 0x0433, 0x0430, 0x043B, 0x043B, 0x043E, 0x043D, 0x0443, 0x043D, 0x0430, 0x20, 0x043C, 0x0438, 0x043B, 0x044F));
				case 42: return String(CharArray::of(0x043F, 0x0435, 0x0442, 0x0430, 0x0431, 0x0430, 0x0439, 0x0442));
				case 44: return String(CharArray::of(0x0442, 0x0435, 0x0440, 0x0430, 0x0431, 0x0430, 0x0439, 0x0442));
				case 43: return String(CharArray::of(0x0442, 0x0435, 0x0440, 0x0430, 0x0431, 0x0438, 0x0442));
				case 37: return String(CharArray::of(0x0433, 0x0438, 0x0433, 0x0430, 0x0431, 0x0430, 0x0439, 0x0442));
				case 36: return String(CharArray::of(0x0433, 0x0438, 0x0433, 0x0430, 0x0431, 0x0438, 0x0442));
				case 41: return String(CharArray::of(0x043C, 0x0435, 0x0433, 0x0430, 0x0431, 0x0430, 0x0439, 0x0442));
				case 40: return String(CharArray::of(0x043C, 0x0435, 0x0433, 0x0430, 0x0431, 0x0438, 0x0442));
				case 39: return String(CharArray::of(0x043A, 0x0438, 0x043B, 0x043E, 0x0431, 0x0430, 0x0439, 0x0442));
				case 38: return String(CharArray::of(0x043A, 0x0438, 0x043B, 0x043E, 0x0431, 0x0438, 0x0442));
				case 45: return String(CharArray::of(0x043A, 0x044B, 0x043B, 0x044B, 0x043C));
				case 57: return String(CharArray::of(0x0447, 0x0435, 0x0439, 0x0440, 0x0435, 0x043A));
				case 50: return String(CharArray::of(0x043C, 0x0438, 0x043A, 0x0440, 0x043E, 0x0441, 0x0435, 0x043A, 0x0443, 0x043D, 0x0434));
				case 55: return String(CharArray::of(0x043D, 0x0430, 0x043D, 0x043E, 0x0441, 0x0435, 0x043A, 0x0443, 0x043D, 0x0434));
				case 63: return String(CharArray::of(0x0430, 0x043C, 0x043F, 0x0435, 0x0440));
				case 64: return String(CharArray::of(0x043C, 0x0438, 0x043B, 0x043B, 0x0438, 0x0430, 0x043C, 0x043F, 0x0435, 0x0440));
				case 72: return String(CharArray::of(0x043A, 0x0438, 0x043B, 0x043E, 0x043A, 0x0430, 0x043B, 0x043E, 0x0440, 0x0438, 0x044F));
				case 68: return String(CharArray::of(0x043A, 0x0430, 0x043B, 0x043E, 0x0440, 0x0438, 0x044F));
				case 70: return String(CharArray::of(0x041A, 0x0430, 0x043B, 0x043E, 0x0440, 0x0438, 0x044F, 0x043B, 0x0430, 0x0440));
				case 74: return String(CharArray::of(0x043A, 0x0438, 0x043B, 0x043B, 0x043E, 0x0432, 0x0430, 0x0442, 0x2D, 0x0441, 0x0430, 0x0430, 0x0442));
				case 67: return String(CharArray::of(0x0411, 0x0440, 0x0438, 0x0442, 0x0430, 0x043D, 0x0434, 0x044B, 0x043A, 0x20, 0x0436, 0x044B, 0x043B, 0x0443, 0x0443, 0x043B, 0x0443, 0x043A, 0x20, 0x0431, 0x0438, 0x0440, 0x0434, 0x0438, 0x043A, 0x0442, 0x0435, 0x0440, 0x0438));
				case 75: return String(CharArray::of(0x0442, 0x0435, 0x0440, 0x043C, 0x20, 0x0410, 0x041A, 0x0428));
				case 78: return String(CharArray::of(0x043A, 0x04AF, 0x0447, 0x20, 0x0444, 0x0443, 0x043D, 0x0442, 0x0442, 0x0430, 0x0440, 0x044B));
				case 76: return String(CharArray::of(0x31, 0x30, 0x30, 0x20, 0x043A, 0x0438, 0x043B, 0x043E, 0x043C, 0x0435, 0x0442, 0x0440, 0x0433, 0x0435, 0x20, 0x043A, 0x0438, 0x043B, 0x043E, 0x0432, 0x0430, 0x0442, 0x0442, 0x20, 0x0441, 0x0430, 0x0430, 0x0442));
				case 79: return String(CharArray::of(0x0433, 0x0438, 0x0433, 0x0430, 0x0433, 0x0435, 0x0440, 0x0446));
				case 82: return String(CharArray::of(0x043C, 0x0435, 0x0433, 0x0430, 0x0433, 0x0435, 0x0440, 0x0446));
				case 81: return String(CharArray::of(0x043A, 0x0438, 0x043B, 0x043E, 0x0433, 0x0435, 0x0440, 0x0446));
				case 80: return String(CharArray::of(0x0433, 0x0435, 0x0440, 0x0446));
				case 84: return String(CharArray::of(0x0441, 0x0430, 0x043D, 0x0442, 0x0438, 0x043C, 0x0435, 0x0442, 0x0440, 0x0433, 0x0435, 0x20, 0x0447, 0x0435, 0x043A, 0x0438, 0x0442, 0x0442, 0x0435, 0x0440));
				case 85: return String(CharArray::of(0x0434, 0x044E, 0x0439, 0x043C, 0x20, 0x04AF, 0x0447, 0x04AF, 0x043D, 0x20, 0x0447, 0x0435, 0x043A, 0x0438, 0x0442, 0x0442, 0x0435, 0x0440));
				case 83: return String(CharArray::of(0x0447, 0x0435, 0x043A, 0x0438, 0x0442));
				case 94: return String(CharArray::of(0x0436, 0x0435, 0x0440, 0x20, 0x0440, 0x0430, 0x0434, 0x0438, 0x0443, 0x0441, 0x0443));
				case 101: return String(CharArray::of(0x043A, 0x0438, 0x043B, 0x043E, 0x043C, 0x0435, 0x0442, 0x0440));
				case 93: return String(CharArray::of(0x0434, 0x0435, 0x0446, 0x0438, 0x043C, 0x0435, 0x0442, 0x0440));
				case 92: return String(CharArray::of(0x0441, 0x0430, 0x043D, 0x0442, 0x0438, 0x043C, 0x0435, 0x0442, 0x0440));
				case 104: return String(CharArray::of(0x043C, 0x0438, 0x043A, 0x0440, 0x043E, 0x043C, 0x0435, 0x0442, 0x0440));
				case 108: return String(CharArray::of(0x043D, 0x0430, 0x043D, 0x043E, 0x043C, 0x0435, 0x0442, 0x0440));
				case 111: return String(CharArray::of(0x043F, 0x0438, 0x043A, 0x043E, 0x043C, 0x0435, 0x0442, 0x0440));
				case 91: return String(CharArray::of(0x0430, 0x0441, 0x0442, 0x0440, 0x043E, 0x043D, 0x043E, 0x043C, 0x0438, 0x044F, 0x043B, 0x044B, 0x043A, 0x20, 0x0431, 0x0438, 0x0440, 0x0434, 0x0438, 0x043A));
				case 109: return String(CharArray::of(0x0434, 0x0435, 0x04A3, 0x0438, 0x0437, 0x20, 0x043C, 0x0438, 0x043B, 0x044F, 0x0441, 0x044B));
				case 120: return String(CharArray::of(0x043A, 0x0430, 0x043D, 0x0434, 0x0435, 0x043B, 0x0430));
				case 121: return String(CharArray::of(0x043B, 0x044E, 0x043C, 0x0435, 0x043D));
				case 139: return String(CharArray::of(0x043C, 0x0435, 0x0442, 0x0440, 0x20, 0x0442, 0x043E, 0x043D, 0x043D, 0x0430));
				case 130: return String(CharArray::of(0x043A, 0x0438, 0x043B, 0x043E, 0x0433, 0x0440, 0x0430, 0x043C, 0x043C));
				case 132: return String(CharArray::of(0x043C, 0x0438, 0x043B, 0x043B, 0x0438, 0x0433, 0x0440, 0x0430, 0x043C, 0x043C));
				case 131: return String(CharArray::of(0x043C, 0x0438, 0x043A, 0x0440, 0x043E, 0x0433, 0x0440, 0x0430, 0x043C, 0x043C));
				case 133: return String(CharArray::of(0x0443, 0x043D, 0x0446, 0x0438, 0x044F));
				case 134: return String(CharArray::of(0x0442, 0x0440, 0x043E, 0x044F, 0x20, 0x0443, 0x043D, 0x0446, 0x0438, 0x044F, 0x0441, 0x044B));
				case 126: return String(CharArray::of(0x0416, 0x0435, 0x0440, 0x20, 0x043C, 0x0430, 0x0441, 0x0441, 0x0430, 0x0441, 0x044B));
				case 140: return String(CharArray::of(0x0433, 0x0438, 0x0433, 0x0430, 0x0432, 0x0430, 0x0442, 0x0442));
				case 143: return String(CharArray::of(0x043C, 0x0435, 0x0433, 0x0430, 0x0432, 0x0430, 0x0442, 0x0442));
				case 142: return String(CharArray::of(0x043A, 0x0438, 0x043B, 0x043E, 0x0432, 0x0430, 0x0442, 0x0442));
				case 144: return String(CharArray::of(0x043C, 0x0438, 0x043B, 0x043B, 0x0438, 0x0432, 0x0430, 0x0442, 0x0442));
				case 141: return String(CharArray::of(0x0430, 0x0442, 0x0442, 0x044B, 0x043D, 0x20, 0x043A, 0x04AF, 0x0447, 0x04AF));
				case 154: return String(CharArray::of(0x043C, 0x0438, 0x043B, 0x043B, 0x0438, 0x043C, 0x0435, 0x0442, 0x0440, 0x20, 0x0441, 0x044B, 0x043C, 0x0430, 0x043F, 0x20, 0x043C, 0x0430, 0x043C, 0x044B, 0x0447, 0x0430, 0x0441, 0x044B));
				case 156: return String(CharArray::of(0x0447, 0x0430, 0x0440, 0x0447, 0x044B, 0x20, 0x0434, 0x044E, 0x0439, 0x043C, 0x0433, 0x0430, 0x20, 0x0444, 0x0443, 0x043D, 0x0442));
				case 146: return String(CharArray::of(0x0430, 0x0442, 0x043C, 0x043E, 0x0441, 0x0444, 0x0435, 0x0440, 0x0430));
				case 149: return String(CharArray::of(0x0433, 0x0435, 0x043A, 0x0442, 0x043E, 0x043F, 0x0430, 0x0441, 0x043A, 0x0430, 0x043B, 0x044C));
				case 152: return String(CharArray::of(0x043C, 0x0435, 0x0433, 0x0430, 0x043F, 0x0430, 0x0441, 0x043A, 0x0430, 0x043B, 0x044C));
				case 158: return String(CharArray::of(0x0441, 0x0430, 0x0430, 0x0442, 0x044B, 0x043D, 0x0430, 0x20, 0x043A, 0x0438, 0x043B, 0x043E, 0x043C, 0x0435, 0x0442, 0x0440));
				case 161: return String(CharArray::of(0x0441, 0x0435, 0x043A, 0x0443, 0x043D, 0x0434, 0x0430, 0x0441, 0x044B, 0x043D, 0x0430, 0x20, 0x043C, 0x0435, 0x0442, 0x0440));
				case 162: return String(CharArray::of(0x0441, 0x0430, 0x0430, 0x0442, 0x044B, 0x043D, 0x0430, 0x20, 0x043C, 0x0438, 0x043B, 0x044F));
				case 159: return String(CharArray::of(0x0442, 0x04AF, 0x0439, 0x04AF, 0x043D));
				case 163: return String(CharArray::of(0x0426, 0x0435, 0x043B, 0x044C, 0x0441, 0x0438, 0x0439, 0x20, 0x0433, 0x0440, 0x0430, 0x0434, 0x0443, 0x0441, 0x0443));
				case 164: return String(CharArray::of(0x0424, 0x0430, 0x0440, 0x0435, 0x043D, 0x0433, 0x0435, 0x0439, 0x0442, 0x20, 0x0433, 0x0440, 0x0430, 0x0434, 0x0443, 0x0441, 0x0443));
				case 166: return String(CharArray::of(0x041A, 0x0435, 0x043B, 0x0432, 0x0438, 0x043D, 0x20, 0x0433, 0x0440, 0x0430, 0x0434, 0x0443, 0x0441, 0x0443));
				case 167: return String(CharArray::of(0x043D, 0x044C, 0x044E, 0x0442, 0x043E, 0x043D, 0x2D, 0x043C, 0x0435, 0x0442, 0x0440, 0x043B, 0x0435, 0x0440, 0x0438));
				case 177: return String(CharArray::of(0x043A, 0x0443, 0x0431, 0x20, 0x043C, 0x0435, 0x0442, 0x0440));
				case 173: return String(CharArray::of(0x043A, 0x0443, 0x0431, 0x20, 0x0441, 0x0430, 0x043D, 0x0442, 0x0438, 0x043C, 0x0435, 0x0442, 0x0440));
				case 178: return String(CharArray::of(0x043A, 0x0443, 0x0431, 0x20, 0x043C, 0x0438, 0x043B, 0x044F));
				case 179: return String(CharArray::of(0x043A, 0x0443, 0x0431, 0x20, 0x044F, 0x0440, 0x0434));
				case 174: return String(CharArray::of(0x043A, 0x0443, 0x0431, 0x20, 0x0444, 0x0443, 0x0442));
				case 175: return String(CharArray::of(0x043A, 0x0443, 0x0431, 0x20, 0x0434, 0x044E, 0x0439, 0x043C));
				case 197: return String(CharArray::of(0x043C, 0x0435, 0x0433, 0x0430, 0x043B, 0x0438, 0x0442, 0x0440));
				case 192: return String(CharArray::of(0x0433, 0x0435, 0x043A, 0x0442, 0x043E, 0x043B, 0x0438, 0x0442, 0x0440));
				case 183: return String(CharArray::of(0x0434, 0x0435, 0x0446, 0x0438, 0x043B, 0x0438, 0x0442, 0x0440));
				case 172: return String(CharArray::of(0x0441, 0x0430, 0x043D, 0x0442, 0x0438, 0x043B, 0x0438, 0x0442, 0x0440));
				case 198: return String(CharArray::of(0x043C, 0x0438, 0x043B, 0x043B, 0x0438, 0x043B, 0x0438, 0x0442, 0x0440));
				case 202: return String(CharArray::of(0x043C, 0x0435, 0x0442, 0x0440, 0x0438, 0x043A, 0x0430, 0x043B, 0x044B, 0x043A, 0x20, 0x043F, 0x0438, 0x043D, 0x0442, 0x0430));
				case 190: return String(CharArray::of(0x0433, 0x0430, 0x043B, 0x043B, 0x043E, 0x043D));
				case 191: return String(CharArray::of(0x0430, 0x043D, 0x0433, 0x043B, 0x2E, 0x20, 0x0433, 0x0430, 0x043B, 0x043B, 0x043E, 0x043D, 0x0443));
				case 203: return String(CharArray::of(0x043A, 0x0432, 0x0430, 0x0440, 0x0442, 0x0430));
				case 201: return String(CharArray::of(0x043F, 0x0438, 0x043D, 0x0442, 0x0430));
				case 188: return String(CharArray::of(0x0441, 0x0443, 0x044E, 0x043A, 0x20, 0x0443, 0x043D, 0x0446, 0x0438, 0x044F));
				case 189: return String(CharArray::of(0x0418, 0x043C, 0x043F, 0x2E, 0x20, 0x0441, 0x0443, 0x044E, 0x043A, 0x0442, 0x0443, 0x043A, 0x20, 0x0443, 0x043D, 0x0446, 0x0438, 0x044F, 0x043B, 0x0430, 0x0440, 0x044B));
				case 207: return String(CharArray::of(0x0447, 0x043E, 0x04A3, 0x20, 0x043A, 0x0430, 0x0448, 0x044B, 0x043A));
				case 208: return String(CharArray::of(0x0447, 0x0430, 0x0439, 0x20, 0x043A, 0x0430, 0x0448, 0x044B, 0x043A));
				case 186: return String(CharArray::of(0x0434, 0x0440, 0x0430, 0x043C));
				case 160: return String(CharArray::of(0x0436, 0x0430, 0x0440, 0x044B, 0x043A));
				case 29: return String(CharArray::of(0x043C, 0x043A, 0x0433, 0x2F, 0x043B));
				case 56: return String(CharArray::of(0x0442, 0x04AF, 0x043D));
            default: break;
            }
            return String();
        }
        
        String Ky::displayShortUnit(gint unit, gint count) const {
            switch(unit) { 
				case 0: return String(CharArray::of(0x043E, 0x043E, 0x0440, 0x0434, 0x0443, 0x043A, 0x20, 0x043A, 0x04AF, 0x0447, 0x04AF));
				case 1: return String(CharArray::of(0x043C, 0x0435, 0x0442, 0x0440, 0x2F, 0x0441, 0x0435, 0x043A, 0xB2));
				case 5: return String(CharArray::of(0x0440, 0x0430, 0x0434, 0x2E));
				case 4: return String(CharArray::of(0x0433, 0x0440, 0x0430, 0x0434, 0x0443, 0x0441));
				case 2: return String(CharArray::of(0x0430, 0x0440, 0x043A, 0x043C, 0x04AF, 0x043D));
				case 3: return String(CharArray::of(0x0430, 0x0440, 0x043A, 0x0441, 0x0435, 0x043A));
				case 16: return String(CharArray::of(0x043A, 0x043C, 0xB2));
				case 11: return String(CharArray::of(0x0433, 0x0435, 0x043A, 0x0442, 0x0430, 0x0440));
				case 17: return String(CharArray::of(0x043C, 0x0435, 0x0442, 0x0440, 0xB2));
				case 13: return String(CharArray::of(0x0441, 0x043C, 0xB2));
				case 18: return String(CharArray::of(0x0447, 0x0430, 0x0440, 0x0447, 0x044B, 0x20, 0x043C, 0x0438, 0x043B, 0x044F));
				case 7: return String(CharArray::of(0x0430, 0x043A, 0x0440));
				case 19: return String(CharArray::of(0x044F, 0x0440, 0x0434, 0xB2));
				case 14: return String(CharArray::of(0x0447, 0x0430, 0x0440, 0x0447, 0x044B, 0x20, 0x0444, 0x0443, 0x0442));
				case 15: return String(CharArray::of(0x0434, 0x044E, 0x0439, 0x043C, 0xB2));
				case 21: return String(CharArray::of(0x043A, 0x0430, 0x0440, 0x0430, 0x0442));
				case 22: return String(CharArray::of(0x043C, 0x0433, 0x2F, 0x0434, 0x043B));
				case 23: return String(CharArray::of(0x043C, 0x0438, 0x043B, 0x043B, 0x0438, 0x043C, 0x043E, 0x043B, 0x044C, 0x2F, 0x043B, 0x0438, 0x0442, 0x0440));
				case 20: return String(CharArray::of(0x043D, 0x0435, 0x0440, 0x0441, 0x0435));
				case 27: return String(CharArray::of(0x043C, 0x0438, 0x043B, 0x043B, 0x0438, 0x043E, 0x043D, 0x0433, 0x043E, 0x2F, 0x0431, 0x04E9, 0x043B, 0x04AF, 0x043A));
				case 25: return String(CharArray::of(0x043F, 0x0430, 0x0439, 0x044B, 0x0437));
				case 26: return String(CharArray::of(0x043F, 0x0440, 0x043E, 0x043C, 0x0438, 0x043B, 0x043B, 0x0435));
				case 24: return String(CharArray::of(0x043C, 0x043E, 0x043B, 0x044C));
				case 31: return String(CharArray::of(0x043B, 0x0438, 0x0442, 0x0440, 0x2F, 0x043A, 0x043C));
				case 30: return String(CharArray::of(0x043B, 0x2F, 0x31, 0x30, 0x30, 0x20, 0x043A, 0x043C));
				case 32: return String(CharArray::of(0x043C, 0x0438, 0x043B, 0x2F, 0x0433, 0x0430, 0x043B));
				case 33: return String(CharArray::of(0x043C, 0x0438, 0x043B, 0x044F, 0x2F, 0x0430, 0x043D, 0x0433, 0x043B, 0x2E, 0x20, 0x0433, 0x0430, 0x043B, 0x043B, 0x043E, 0x043D, 0x0443, 0x043D, 0x0430));
				case 42: return String(CharArray::of(0x041F, 0x0422, 0x0431));
				case 44: return String(CharArray::of(0x0422, 0x0411, 0x0430, 0x0439, 0x0442));
				case 43: return String(CharArray::of(0x0422, 0x0431, 0x0438, 0x0442));
				case 37: return String(CharArray::of(0x0413, 0x0431, 0x0430, 0x0439, 0x0442));
				case 36: return String(CharArray::of(0x0413, 0x0431, 0x0438, 0x0442));
				case 41: return String(CharArray::of(0x041C, 0x0411, 0x0430, 0x0439, 0x0442));
				case 40: return String(CharArray::of(0x041C, 0x0431, 0x0438, 0x0442));
				case 39: return String(CharArray::of(0x043A, 0x0411, 0x0430, 0x0439, 0x0442));
				case 38: return String(CharArray::of(0x043A, 0x0431, 0x0438, 0x0442));
				case 35: return String(CharArray::of(0x0431, 0x0430, 0x0439, 0x0442));
				case 34: return String(CharArray::of(0x0431, 0x0438, 0x0442));
				case 45: return String(CharArray::of(0x043A, 0x2E));
				case 48: return String(CharArray::of(0x0434, 0x0435, 0x043A, 0x0430, 0x0434, 0x0430));
				case 61: return String(CharArray::of(0x0436, 0x044B, 0x043B));
				case 57: return String(CharArray::of(0x0447, 0x0440, 0x043A));
				case 53: return String(CharArray::of(0x0430, 0x0439));
				case 59: return String(CharArray::of(0x0430, 0x043F, 0x0442, 0x0430));
				case 46: return String(CharArray::of(0x043A, 0x04AF, 0x043D));
				case 49: return String(CharArray::of(0x0441, 0x0430, 0x0430, 0x0442));
				case 52: return String(CharArray::of(0x043C, 0x04AF, 0x043D, 0x04E9, 0x0442));
				case 58: return String(CharArray::of(0x0441, 0x0435, 0x043A, 0x0443, 0x043D, 0x0434));
				case 51: return String(CharArray::of(0x043C, 0x0438, 0x043B, 0x043B, 0x0438, 0x0441, 0x0435, 0x043A, 0x0443, 0x043D, 0x0434));
				case 50: return String(CharArray::of(0x03BC, 0x0441, 0x0435, 0x043A));
				case 55: return String(CharArray::of(0x043D, 0x0430, 0x043D, 0x043E, 0x0441, 0x0435, 0x043A));
				case 63: return String(CharArray::of(0x0430, 0x043C, 0x043F));
				case 64: return String(CharArray::of(0x043C, 0x0438, 0x043B, 0x043B, 0x0438, 0x0430, 0x043C, 0x043F));
				case 65: return String(CharArray::of(0x043E, 0x043C));
				case 66: return String(CharArray::of(0x0432, 0x043E, 0x043B, 0x044C, 0x0442));
				case 72: return String(CharArray::of(0x043A, 0x043A, 0x0430, 0x043B));
				case 68: return String(CharArray::of(0x043A, 0x0430, 0x043B));
				case 70: return String(CharArray::of(0x041A, 0x0430, 0x043B));
				case 73: return String(CharArray::of(0x043A, 0x0438, 0x043B, 0x043E, 0x0436, 0x043E, 0x0443, 0x043B));
				case 71: return String(CharArray::of(0x0436, 0x043E, 0x0443, 0x043B));
				case 74: return String(CharArray::of(0x043A, 0x0412, 0x2D, 0x0441, 0x0430, 0x0430, 0x0442));
				case 75: return String(CharArray::of(0x0422, 0x0435, 0x0440, 0x043C, 0x20, 0x0410, 0x041A, 0x0428));
				case 78: return String(CharArray::of(0x043A, 0x04AF, 0x0447, 0x2D, 0x0444, 0x0443, 0x043D, 0x0442, 0x0442, 0x0430, 0x0440, 0x044B));
				case 76: return String(CharArray::of(0x043A, 0x0412, 0x0442, 0x2A, 0x0441, 0x2F, 0x31, 0x30, 0x30, 0x043A, 0x043C));
				case 79: return String(CharArray::of(0x0413, 0x0433, 0x0446));
				case 82: return String(CharArray::of(0x041C, 0x0413, 0x0426));
				case 81: return String(CharArray::of(0x043A, 0x0413, 0x0446));
				case 80: return String(CharArray::of(0x0413, 0x0446));
				case 84: return String(CharArray::of(0x64, 0x70, 0x63, 0x6D));
				case 85: return String(CharArray::of(0x64, 0x70, 0x69));
				case 83: return String(CharArray::of(0x0433, 0x0440, 0x0430, 0x0444, 0x0438, 0x043A, 0x0430, 0x043B, 0x044B, 0x043A, 0x20, 0x0447, 0x0435, 0x043A, 0x0438, 0x0442));
				case 101: return String(CharArray::of(0x043A, 0x043C));
				case 103: return String(CharArray::of(0x043C, 0x0435, 0x0442, 0x0440));
				case 93: return String(CharArray::of(0x0434, 0x043C));
				case 92: return String(CharArray::of(0x0441, 0x043C));
				case 107: return String(CharArray::of(0x043C, 0x0438, 0x043B, 0x043B, 0x0438, 0x043C, 0x0435, 0x0442, 0x0440));
				case 104: return String(CharArray::of(0x03BC, 0x043C, 0x0435, 0x0442, 0x0440));
				case 108: return String(CharArray::of(0x043D, 0x043C));
				case 111: return String(CharArray::of(0x043F, 0x043C));
				case 105: return String(CharArray::of(0x043C, 0x0438, 0x043B, 0x044F));
				case 119: return String(CharArray::of(0x044F, 0x0440, 0x0434));
				case 96: return String(CharArray::of(0x0444, 0x0443, 0x0442));
				case 98: return String(CharArray::of(0x0434, 0x044E, 0x0439, 0x043C));
				case 110: return String(CharArray::of(0x043F, 0x0430, 0x0440, 0x0441, 0x0435, 0x043A));
				case 102: return String(CharArray::of(0x0436, 0x0430, 0x0440, 0x044B, 0x043A, 0x20, 0x0436, 0x044B, 0x043B));
				case 91: return String(CharArray::of(0x0430, 0x2E, 0x20, 0x0431, 0x2E));
				case 109: return String(CharArray::of(0x0434, 0x0435, 0x04A3, 0x2E, 0x20, 0x043C, 0x0438, 0x043B, 0x2E));
				case 112: return String(CharArray::of(0x0447, 0x0435, 0x043A, 0x0438, 0x0442, 0x0442, 0x0435, 0x0440));
				case 117: return String(CharArray::of(0x043A, 0x04AF, 0x043D, 0x20, 0x0440, 0x0430, 0x0434, 0x0438, 0x0443, 0x0441, 0x0442, 0x0430, 0x0440, 0x044B));
				case 122: return String(CharArray::of(0x043B, 0x044E, 0x043A, 0x0441));
				case 123: return String(CharArray::of(0x043A, 0x04AF, 0x043D, 0x0434, 0x04AF, 0x043D, 0x20, 0x0436, 0x0430, 0x0440, 0x044B, 0x043A, 0x20, 0x043A, 0x04AF, 0x0447, 0x04AF));
				case 139: return String(CharArray::of(0x0442));
				case 130: return String(CharArray::of(0x043A, 0x0433));
				case 129: return String(CharArray::of(0x0433, 0x0440, 0x0430, 0x043C, 0x043C));
				case 132: return String(CharArray::of(0x043C, 0x0433));
				case 131: return String(CharArray::of(0x043C, 0x043A, 0x0433));
				case 138: return String(CharArray::of(0x0410, 0x043C, 0x0435, 0x0440, 0x0438, 0x043A, 0x0430, 0x043B, 0x044B, 0x043A, 0x20, 0x0442, 0x043E, 0x043D, 0x043D, 0x0430));
				case 135: return String(CharArray::of(0x0444, 0x0443, 0x043D, 0x0442));
				case 133: return String(CharArray::of(0x0443, 0x043D, 0x0446, 0x2E));
				case 134: return String(CharArray::of(0x0442, 0x0440, 0x2E, 0x20, 0x0443, 0x043D, 0x0446, 0x2E));
				case 124: return String(CharArray::of(0x043A, 0x0430, 0x0440, 0x0430, 0x0442));
				case 126: return String(CharArray::of(0x0416, 0x0435, 0x0440, 0x20, 0x043C, 0x0430, 0x0441, 0x0441, 0x0430, 0x043B, 0x0430, 0x0440, 0x044B));
				case 136: return String(CharArray::of(0x043A, 0x04AF, 0x043D, 0x20, 0x043C, 0x0430, 0x0441, 0x0441, 0x0430, 0x0441, 0x044B));
				case 128: return String(CharArray::of(0x0433, 0x0440, 0x044D, 0x0439, 0x043D));
				case 140: return String(CharArray::of(0x0413, 0x0412, 0x0442));
				case 143: return String(CharArray::of(0x041C, 0x0412, 0x0442));
				case 142: return String(CharArray::of(0x043A, 0x0412, 0x0442));
				case 145: return String(CharArray::of(0x0432, 0x0430, 0x0442, 0x0442));
				case 144: return String(CharArray::of(0x043C, 0x0432, 0x0442));
				case 141: return String(CharArray::of(0x0430, 0x2E, 0x043A, 0x2E));
				case 154: return String(CharArray::of(0x043C, 0x043C, 0x2E, 0x0441, 0x2E, 0x043C, 0x2E));
				case 156: return String(CharArray::of(0x0444, 0x0447, 0x0434));
				case 150: return String(CharArray::of(0x0434, 0x044E, 0x0439, 0x043C, 0x20, 0x0441, 0x044B, 0x043C, 0x0430, 0x043F, 0x20, 0x043C, 0x0430, 0x043C, 0x044B, 0x0447, 0x0430, 0x0441, 0x044B));
				case 153: return String(CharArray::of(0x043C, 0x0438, 0x043B, 0x043B, 0x0438, 0x0431, 0x0430, 0x0440));
				case 146: return String(CharArray::of(0x0430, 0x0442, 0x043C));
				case 149: return String(CharArray::of(0x0433, 0x041F, 0x0430));
				case 158: return String(CharArray::of(0x043A, 0x043C, 0x2F, 0x0441, 0x0430, 0x0430, 0x0442));
				case 161: return String(CharArray::of(0x043C, 0x0435, 0x0442, 0x0440, 0x2F, 0x0441, 0x0435, 0x043A, 0x2E));
				case 162: return String(CharArray::of(0x043C, 0x0438, 0x043B, 0x044F, 0x2F, 0x0441, 0x0430, 0x0430, 0x0442, 0x044B, 0x043D, 0x0430));
				case 159: return String(CharArray::of(0x0442, 0x043D));
				case 163: return String(CharArray::of(0x0426, 0x0435, 0x043B, 0x044C, 0x0441, 0x0438, 0x0439, 0x20, 0x0433, 0x0440, 0x0430, 0x0434, 0x2E));
				case 164: return String(CharArray::of(0x0424, 0x2E, 0x20, 0x0433, 0x0440, 0x0430, 0x0434));
				case 166: return String(CharArray::of(0x041A, 0x20, 0x0433, 0x0440, 0x0430, 0x0434, 0x2E));
				case 167: return String(CharArray::of(0x4E, 0x20, 0x6D));
				case 176: return String(CharArray::of(0x043A, 0x0443, 0x0431, 0x20, 0x043A, 0x0438, 0x043B, 0x043E, 0x043C, 0x0435, 0x0442, 0x0440));
				case 177: return String(CharArray::of(0x043C, 0xB3));
				case 173: return String(CharArray::of(0x0441, 0x043C, 0xB3));
				case 178: return String(CharArray::of(0x043C, 0x0438, 0x043B, 0xB3));
				case 179: return String(CharArray::of(0x044F, 0x0440, 0x0434, 0xB3));
				case 174: return String(CharArray::of(0x0444, 0x0443, 0x0442, 0xB3));
				case 175: return String(CharArray::of(0x0434, 0x044E, 0x0439, 0x043C, 0xB3));
				case 197: return String(CharArray::of(0x043C, 0x0433, 0x043B));
				case 192: return String(CharArray::of(0x0433, 0x043B));
				case 196: return String(CharArray::of(0x043B, 0x0438, 0x0442, 0x0440));
				case 183: return String(CharArray::of(0x0434, 0x043B));
				case 172: return String(CharArray::of(0x0441, 0x041B));
				case 198: return String(CharArray::of(0x043C, 0x043B));
				case 202: return String(CharArray::of(0x043C, 0x043F, 0x0442));
				case 169: return String(CharArray::of(0x0430, 0x043A, 0x0440, 0x2D, 0x0444, 0x0443, 0x0442));
				case 171: return String(CharArray::of(0x0431, 0x0443, 0x0448, 0x0435, 0x043B));
				case 190: return String(CharArray::of(0x0433, 0x0430, 0x043B));
				case 191: return String(CharArray::of(0x0430, 0x043D, 0x0433, 0x043B, 0x2E, 0x20, 0x0433, 0x0430, 0x043B));
				case 203: return String(CharArray::of(0x043A, 0x0432, 0x0440));
				case 201: return String(CharArray::of(0x043F, 0x0442));
				case 180: return String(CharArray::of(0x0447, 0x04E9, 0x0439, 0x0447, 0x04E9, 0x043A));
				case 188: return String(CharArray::of(0x0441, 0x2E, 0x20, 0x0443, 0x043D, 0x0446, 0x2E));
				case 189: return String(CharArray::of(0x0418, 0x043C, 0x043F, 0x2E, 0x0441, 0x0443, 0x044E, 0x043A, 0x2E, 0x0443, 0x043D, 0x0446));
				case 207: return String(CharArray::of(0x0447, 0x043E, 0x04A3, 0x20, 0x043A, 0x0430, 0x0448, 0x2E));
				case 208: return String(CharArray::of(0x0447, 0x0430, 0x0439, 0x20, 0x043A, 0x0430, 0x0448, 0x2E));
				case 187: return String(CharArray::of(0x0434, 0x0440, 0x043E, 0x043F));
				case 186: return String(CharArray::of(0x0434, 0x0440, 0x0430, 0x043C, 0x20, 0x0441, 0x0443, 0x044E, 0x043A, 0x0442, 0x0443, 0x043A));
				case 193: return String(CharArray::of(0x0436, 0x0438, 0x0433, 0x0433, 0x0435, 0x0440));
				case 200: return String(CharArray::of(0x043F, 0x0438, 0x043D, 0x0447));
				case 160: return String(CharArray::of(0x0436, 0x0430, 0x0440, 0x044B, 0x043A));
				case 29: return String(CharArray::of(0x043C, 0x043A, 0x0433, 0x2F, 0x043B));
				case 56: return String(CharArray::of(0x0442, 0x04AF, 0x043D));
            default: break;
            }
            return String();
        }
        
        String Ky::displayNarrowUnit(gint unit, gint count) const {
            switch(unit) { 
				case 25: return String(CharArray::of(0x25));
				case 30: return String(CharArray::of(0x31, 0x30, 0x30, 0x20, 0x043A, 0x043C, 0x2F, 0x043B));
				case 59: return String(CharArray::of(0x0430, 0x043F, 0x0442));
				case 52: return String(CharArray::of(0x043C, 0x04AF, 0x043D));
				case 58: return String(CharArray::of(0x0441, 0x0435, 0x043A));
				case 51: return String(CharArray::of(0x043C, 0x0438, 0x043B, 0x043B, 0x0438, 0x0441, 0x0435, 0x043A));
				case 107: return String(CharArray::of(0x043C, 0x043C));
				case 138: return String(CharArray::of(0x0442, 0x043E, 0x043D, 0x043D, 0x0430));
				case 126: return String(CharArray::of(0x4D, 0x2295));
				case 163: return String(CharArray::of(0xB0, 0x43));
				case 202: return String(CharArray::of(0x043F, 0x0442));
				case 184: return String(CharArray::of(0x64, 0x73, 0x70));
				case 185: return String(CharArray::of(0x64, 0x73, 0x70, 0x20, 0x49, 0x6D, 0x70));
				case 160: return String(CharArray::of(0x0436, 0x0430, 0x0440, 0x044B, 0x043A));
				case 29: return String(CharArray::of(0x043C, 0x043A, 0x0433, 0x2F, 0x043B));
				case 56: return String(CharArray::of(0x0442, 0x04AF, 0x043D));
            default: break;
            }
            return String();
        }
        
        String Ky::displayCurrencySymbol(gint currency) const {
            switch(currency) { 
				case 18: return String(CharArray::of(0x41, 0x55, 0x44));
				case 36: return String(CharArray::of(0x42, 0x44, 0x24));
				case 45: return String(CharArray::of(0x42, 0x52, 0x4C));
				case 49: return String(CharArray::of(0x42, 0x24));
				case 54: return String(CharArray::of(0x0440, 0x2E));
				case 56: return String(CharArray::of(0x42, 0x5A, 0x24));
				case 57: return String(CharArray::of(0x43, 0x41, 0x44));
				case 82: return String(CharArray::of(0x52, 0x44, 0x24));
				case 87: return String(CharArray::of(0x4C, 0x45));
				case 98: return String(CharArray::of(0x47, 0x42, 0x50));
				case 113: return String(CharArray::of(0x48, 0x4B, 0x44));
				case 116: return String(CharArray::of(0x4B, 0x6E));
				case 123: return String(CharArray::of(0x49, 0x4C, 0x53));
				case 124: return String(CharArray::of(0x49, 0x4E, 0x52));
				case 130: return String(CharArray::of(0x4A, 0x24));
				case 134: return String(CharArray::of(0x0441, 0x043E, 0x043C));
				case 140: return String(CharArray::of(0x4B, 0x52, 0x57));
				case 178: return String(CharArray::of(0x4D, 0x58, 0x4E));
				case 192: return String(CharArray::of(0x4E, 0x5A, 0x44));
				case 199: return String(CharArray::of(0x50, 0x48, 0x50));
				case 236: return String(CharArray::of(0x0E3F));
				case 246: return String(CharArray::of(0x54, 0x54, 0x24));
				case 247: return String(CharArray::of(0x54, 0x57, 0x44));
				case 253: return String(CharArray::of(0x55, 0x53, 0x44));
				case 276: return String(CharArray::of(0x58, 0x43, 0x44));
            default: break;
            }
            return String();
        }
            
        String Ky::quotationStart(gbool alt) const {
            return (alt) ? String(CharArray::of(0x201E)) : String(CharArray::of(0xAB)) ;
        }
            
        String Ky::quotationEnd(gbool alt) const {
            return (alt) ? String(CharArray::of(0x201C)) : String(CharArray::of(0xBB)) ;
        }
            
        String Ky::decimalSeparator() const {
            return String(CharArray::of(0x2C));
        }
            
        String Ky::groupSeparator() const {
            return String(CharArray::of(0xA0));
        }
            
        String Ky::listSeparator() const {
            return String();
        }
            
        String Ky::plusSign() const {
            return String();
        }
            
        String Ky::minusSign() const {
            return String();
        }
            
        String Ky::exponential() const {
            return String();
        }
            
        String Ky::perMill() const {
            return String();
        }
            
        String Ky::percent() const {
            return String();
        }
            
        String Ky::infinity() const {
            return String();
        }
            
        String Ky::nan() const {
            return String(CharArray::of(0x0441, 0x0430, 0x043D, 0xA0, 0x044D, 0x043C, 0x0435, 0x0441));
        }
            
        String Ky::superScriptingExponent() const {
            return String();
        }
           
        String Ky::decimalPattern() const {
            return String();
        }
            
        String Ky::scientificPattern() const {
            return String();
        }
            
        String Ky::percentPattern() const {
            return String();
        }
            
        String Ky::currencyPattern() const {
            return String(CharArray::of(0x23, 0x2C, 0x23, 0x23, 0x30, 0x2E, 0x30, 0x30, 0xA0, 0xA4));
        }

        String Ky::listPattern(gint type, gint subType) const {
            switch(subType) {

				case 10: 
					if(type == 1) return String(CharArray::of(0x7B, 0x30, 0x7D, 0x20, 0x0436, 0x0430, 0x043D, 0x0430, 0x20, 0x7B, 0x31, 0x7D));
					if(type == 2) return String(CharArray::of(0x7B, 0x30, 0x7D, 0x20, 0x0436, 0x0430, 0x043D, 0x0430, 0x20, 0x7B, 0x31, 0x7D));
					break;

				case 11: 
					if(type == 1) return String(CharArray::of(0x7B, 0x30, 0x7D, 0x20, 0x0436, 0x0435, 0x20, 0x7B, 0x31, 0x7D));
					if(type == 2) return String(CharArray::of(0x7B, 0x30, 0x7D, 0x20, 0x0436, 0x0435, 0x20, 0x7B, 0x31, 0x7D));
					break;

				case 17: 
					if(type == -1) return String(CharArray::of(0x7B, 0x30, 0x7D, 0x20, 0x7B, 0x31, 0x7D));
					if(type == 0) return String(CharArray::of(0x7B, 0x30, 0x7D, 0x20, 0x7B, 0x31, 0x7D));
					if(type == 1) return String(CharArray::of(0x7B, 0x30, 0x7D, 0x20, 0x7B, 0x31, 0x7D));
					if(type == 2) return String(CharArray::of(0x7B, 0x30, 0x7D, 0x20, 0x7B, 0x31, 0x7D));
					break;

				case 18: 
					if(type == 1) return String(CharArray::of(0x7B, 0x30, 0x7D, 0x2C, 0x20, 0x7B, 0x31, 0x7D));
					if(type == 2) return String(CharArray::of(0x7B, 0x30, 0x7D, 0x2C, 0x20, 0x7B, 0x31, 0x7D));
					break;
            default: break;
            }
            return String();
        }
            
        String Ky::posixMessage(gbool yesOrNo) const {
            return (yesOrNo) ? String(CharArray::of(0x043E, 0x043E, 0x0431, 0x0430, 0x3A, 0x043E)) : String(CharArray::of(0x0436, 0x043E, 0x043A, 0x3A, 0x0436));
        }
        
        CharArray Ky::digits() const {
            return CharArray::of(48, 49, 50, 51, 52, 53, 54, 55, 56, 57);
        }
        
        StringArray Ky::displayDays(gint style, gbool stand_alone) const {
            if (!stand_alone) { // format
                switch(style) {
				case 1: return StringArray::of(String(CharArray::of(0x0434, 0x04AF, 0x0439, 0x2E)), String(CharArray::of(0x0448, 0x0435, 0x0439, 0x0448, 0x2E)), String(CharArray::of(0x0448, 0x0430, 0x0440, 0x0448, 0x2E)), String(CharArray::of(0x0431, 0x0435, 0x0439, 0x0448, 0x2E)), String(), String(CharArray::of(0x0438, 0x0448, 0x043C, 0x2E)), String(CharArray::of(0x0436, 0x0435, 0x043A, 0x2E)));
				case 3: return StringArray::of(String(CharArray::of(0x0434, 0x0448, 0x2E)), String(CharArray::of(0x0448, 0x0448, 0x2E)), String(CharArray::of(0x0448, 0x0440, 0x2E)), String(CharArray::of(0x0431, 0x0448, 0x2E)), String(CharArray::of(0x0436, 0x043C, 0x2E)), String(CharArray::of(0x0438, 0x0448, 0x2E)), String(CharArray::of(0x0436, 0x0448, 0x2E)));
				case 0: return StringArray::of(String(CharArray::of(0x0434, 0x04AF, 0x0439, 0x0448, 0x04E9, 0x043C, 0x0431, 0x04AF)), String(CharArray::of(0x0448, 0x0435, 0x0439, 0x0448, 0x0435, 0x043C, 0x0431, 0x0438)), String(CharArray::of(0x0448, 0x0430, 0x0440, 0x0448, 0x0435, 0x043C, 0x0431, 0x0438)), String(CharArray::of(0x0431, 0x0435, 0x0439, 0x0448, 0x0435, 0x043C, 0x0431, 0x0438)), String(CharArray::of(0x0436, 0x0443, 0x043C, 0x0430)), String(CharArray::of(0x0438, 0x0448, 0x0435, 0x043C, 0x0431, 0x0438)), String(CharArray::of(0x0436, 0x0435, 0x043A, 0x0448, 0x0435, 0x043C, 0x0431, 0x0438)));
                default: break;
                }
            } else {
                switch(style) {
				case 2: return StringArray::of(String(CharArray::of(0x0414)), String(CharArray::of(0x0428)), String(CharArray::of(0x0428)), String(CharArray::of(0x0411)), String(CharArray::of(0x0416)), String(CharArray::of(0x0418)), String(CharArray::of(0x0416)));
                default: break;
                }
            }
            return StringArray();
        }
        
        StringArray Ky::displayMonths(gint style, gbool stand_alone) const {
            if (!stand_alone) { // format
                switch(style) {
				case 1: return StringArray::of(String(CharArray::of(0x044F, 0x043D, 0x0432, 0x2E)), String(CharArray::of(0x0444, 0x0435, 0x0432, 0x2E)), String(CharArray::of(0x043C, 0x0430, 0x0440, 0x2E)), String(CharArray::of(0x0430, 0x043F, 0x0440, 0x2E)), String(), String(CharArray::of(0x0438, 0x044E, 0x043D, 0x2E)), String(CharArray::of(0x0438, 0x044E, 0x043B, 0x2E)), String(CharArray::of(0x0430, 0x0432, 0x0433, 0x2E)), String(CharArray::of(0x0441, 0x0435, 0x043D, 0x2E)), String(CharArray::of(0x043E, 0x043A, 0x0442, 0x2E)), String(CharArray::of(0x043D, 0x043E, 0x044F, 0x2E)), String(CharArray::of(0x0434, 0x0435, 0x043A, 0x2E)));
				case 0: return StringArray::of(String(CharArray::of(0x044F, 0x043D, 0x0432, 0x0430, 0x0440, 0x044C)), String(CharArray::of(0x0444, 0x0435, 0x0432, 0x0440, 0x0430, 0x043B, 0x044C)), String(CharArray::of(0x043C, 0x0430, 0x0440, 0x0442)), String(CharArray::of(0x0430, 0x043F, 0x0440, 0x0435, 0x043B, 0x044C)), String(CharArray::of(0x043C, 0x0430, 0x0439)), String(CharArray::of(0x0438, 0x044E, 0x043D, 0x044C)), String(CharArray::of(0x0438, 0x044E, 0x043B, 0x044C)), String(CharArray::of(0x0430, 0x0432, 0x0433, 0x0443, 0x0441, 0x0442)), String(CharArray::of(0x0441, 0x0435, 0x043D, 0x0442, 0x044F, 0x0431, 0x0440, 0x044C)), String(CharArray::of(0x043E, 0x043A, 0x0442, 0x044F, 0x0431, 0x0440, 0x044C)), String(CharArray::of(0x043D, 0x043E, 0x044F, 0x0431, 0x0440, 0x044C)), String(CharArray::of(0x0434, 0x0435, 0x043A, 0x0430, 0x0431, 0x0440, 0x044C)));
                default: break;
                }
            } else {
                switch(style) {
				case 1: return StringArray::of(String(CharArray::of(0x042F, 0x043D, 0x0432)), String(CharArray::of(0x0424, 0x0435, 0x0432)), String(CharArray::of(0x041C, 0x0430, 0x0440)), String(CharArray::of(0x0410, 0x043F, 0x0440)), String(CharArray::of(0x041C, 0x0430, 0x0439)), String(CharArray::of(0x0418, 0x044E, 0x043D)), String(CharArray::of(0x0418, 0x044E, 0x043B)), String(CharArray::of(0x0410, 0x0432, 0x0433)), String(CharArray::of(0x0421, 0x0435, 0x043D)), String(CharArray::of(0x041E, 0x043A, 0x0442)), String(CharArray::of(0x041D, 0x043E, 0x044F)), String(CharArray::of(0x0414, 0x0435, 0x043A)));
				case 2: return StringArray::of(String(CharArray::of(0x042F)), String(CharArray::of(0x0424)), String(CharArray::of(0x041C)), String(CharArray::of(0x0410)), String(CharArray::of(0x041C)), String(CharArray::of(0x0418)), String(CharArray::of(0x0418)), String(CharArray::of(0x0410)), String(CharArray::of(0x0421)), String(CharArray::of(0x041E)), String(CharArray::of(0x041D)), String(CharArray::of(0x0414)));
				case 0: return StringArray::of(String(CharArray::of(0x042F, 0x043D, 0x0432, 0x0430, 0x0440, 0x044C)), String(CharArray::of(0x0424, 0x0435, 0x0432, 0x0440, 0x0430, 0x043B, 0x044C)), String(CharArray::of(0x041C, 0x0430, 0x0440, 0x0442)), String(CharArray::of(0x0410, 0x043F, 0x0440, 0x0435, 0x043B, 0x044C)), String(CharArray::of(0x041C, 0x0430, 0x0439)), String(CharArray::of(0x0418, 0x044E, 0x043D, 0x044C)), String(CharArray::of(0x0418, 0x044E, 0x043B, 0x044C)), String(CharArray::of(0x0410, 0x0432, 0x0433, 0x0443, 0x0441, 0x0442)), String(CharArray::of(0x0421, 0x0435, 0x043D, 0x0442, 0x044F, 0x0431, 0x0440, 0x044C)), String(CharArray::of(0x041E, 0x043A, 0x0442, 0x044F, 0x0431, 0x0440, 0x044C)), String(CharArray::of(0x041D, 0x043E, 0x044F, 0x0431, 0x0440, 0x044C)), String(CharArray::of(0x0414, 0x0435, 0x043A, 0x0430, 0x0431, 0x0440, 0x044C)));
                default: break;
                }
            }
            return StringArray();
        }
        
        StringArray Ky::displayQuarters(gint style, gbool stand_alone) const {
            if (!stand_alone) { // format
                switch(style) {
				case 1: return StringArray::of(String(CharArray::of(0x31, 0x2D, 0x0447, 0x0435, 0x0439, 0x2E)), String(CharArray::of(0x32, 0x2D, 0x0447, 0x0435, 0x0439, 0x2E)), String(CharArray::of(0x33, 0x2D, 0x0447, 0x0435, 0x0439, 0x2E)), String(CharArray::of(0x34, 0x2D, 0x0447, 0x0435, 0x0439, 0x2E)));
				case 0: return StringArray::of(String(CharArray::of(0x31, 0x2D, 0x0447, 0x0435, 0x0439, 0x0440, 0x0435, 0x043A)), String(CharArray::of(0x32, 0x2D, 0x0447, 0x0435, 0x0439, 0x0440, 0x0435, 0x043A)), String(CharArray::of(0x33, 0x2D, 0x0447, 0x0435, 0x0439, 0x0440, 0x0435, 0x043A)), String(CharArray::of(0x34, 0x2D, 0x0447, 0x0435, 0x0439, 0x0440, 0x0435, 0x043A)));
                default: break;
                }
            } else {
                switch(style) {
				case 1: return StringArray::of(String(CharArray::of(0x31, 0x2D, 0x0447, 0x2E)), String(CharArray::of(0x32, 0x2D, 0x0447, 0x2E)), String(CharArray::of(0x33, 0x2D, 0x0447, 0x2E)), String(CharArray::of(0x34, 0x2D, 0x0447, 0x2E)));
                default: break;
                }
            }
            return StringArray();
        }
        
        StringArray Ky::displayDayPeriods(gint style, gbool stand_alone) const {
            if (!stand_alone) { // format
                switch(style) {
				case 1: return StringArray::of(String(CharArray::of(0x0442, 0x04AF, 0x043D, 0x20, 0x043E, 0x0440, 0x0442, 0x043E, 0x0441, 0x0443)), String(CharArray::of(0x0442, 0x04A3)), String(CharArray::of(0x0447, 0x0430, 0x043A, 0x20, 0x0442, 0x04AF, 0x0448)), String(CharArray::of(0x0442, 0x043A)), String(CharArray::of(0x044D, 0x0440, 0x0442, 0x0435, 0x04A3, 0x20, 0x043C, 0x0435, 0x043D, 0x0435, 0x043D)), String(CharArray::of(0x0442, 0x04AF, 0x0448, 0x0442, 0x04E9, 0x043D, 0x20, 0x043A, 0x0438, 0x0439, 0x0438, 0x043D)), String(CharArray::of(0x043A, 0x0435, 0x0447, 0x0438, 0x043D, 0x0434, 0x0435)), String(CharArray::of(0x0442, 0x04AF, 0x043D, 0x20, 0x0438, 0x0447, 0x0438, 0x043D, 0x0434, 0x0435)));
				case 2: return StringArray::of(String(CharArray::of(0x0442, 0x04AF, 0x043D, 0x20, 0x043E, 0x0440, 0x0442)), String(), String(CharArray::of(0x0447, 0x0442)), String(), String(CharArray::of(0x044D, 0x0440, 0x0442, 0x04A3, 0x20, 0x043C, 0x043D)), String(CharArray::of(0x0442, 0x04AF, 0x0448, 0x0442, 0x20, 0x043A, 0x0439, 0x043D)), String(CharArray::of(0x043A, 0x0435, 0x0447, 0x043A)), String(CharArray::of(0x0442, 0x04AF, 0x043D)));
				case 0: return StringArray::of(String(), String(CharArray::of(0x0442, 0x0430, 0x04A3, 0x043A, 0x044B)), String(), String(CharArray::of(0x0442, 0x04AF, 0x0448, 0x0442, 0x04E9, 0x043D, 0x20, 0x043A, 0x0438, 0x0439, 0x0438, 0x043D, 0x043A, 0x0438)), String(), String(), String(), String());
                default: break;
                }
            } else {
                switch(style) {
				case 1: return StringArray::of(String(), String(), String(), String(), String(), String(), String(CharArray::of(0x043A, 0x0435, 0x0447, 0x043A, 0x0443, 0x0440, 0x0443, 0x043D)), String(CharArray::of(0x0442, 0x04AF, 0x043D)));
				case 0: return StringArray::of(String(), String(CharArray::of(0x0442, 0x0430, 0x04A3, 0x043A, 0x044B)), String(), String(CharArray::of(0x0442, 0x04AF, 0x0448, 0x0442, 0x04E9, 0x043D, 0x20, 0x043A, 0x0438, 0x0439, 0x0438, 0x043D, 0x043A, 0x0438)), String(), String(), String(), String());
                default: break;
                }
            }
            return StringArray();
        }
        
        StringArray Ky::displayEras(gint style, gbool stand_alone) const {
            if (!stand_alone) { // format
                switch(style) {
				case 1: return StringArray::of(String(CharArray::of(0x0431, 0x2E, 0x0437, 0x2E, 0x0447, 0x2E)), String(CharArray::of(0x0431, 0x2E, 0x0437, 0x2E)));
                default: break;
                }
            } else {
                switch(style) {
				case 1: return StringArray::of(String(CharArray::of(0x0431, 0x2E, 0x0437, 0x2E, 0x0447, 0x2E)), String(CharArray::of(0x0431, 0x2E, 0x0437, 0x2E)));
                default: break;
                }
            }
            return StringArray();
        }
        
        String Ky::datePattern(gint style) const {
            switch(style) {
				case 0: return String(CharArray::of(0x79, 0x2D, 0x27, 0x0436, 0x27, 0x2E, 0x2C, 0x20, 0x64, 0x2D, 0x4D, 0x4D, 0x4D, 0x4D, 0x2C, 0x20, 0x45, 0x45, 0x45, 0x45));
				case 1: return String(CharArray::of(0x79, 0x2D, 0x27, 0x0436, 0x27, 0x2E, 0x2C, 0x20, 0x64, 0x2D, 0x4D, 0x4D, 0x4D, 0x4D));
				case 2: return String(CharArray::of(0x79, 0x2D, 0x27, 0x0436, 0x27, 0x2E, 0x2C, 0x20, 0x64, 0x2D, 0x4D, 0x4D, 0x4D));
				case 3: return String(CharArray::of(0x64, 0x2F, 0x4D, 0x2F, 0x79, 0x79));
            default: break;
            }
            return String();
        }
        
        String Ky::timePattern(gint style) const {
            switch(style) {
            default: break;
            }
            return String();
        }
        
        String Ky::datetimePattern(gint style) const {
            switch(style) {
            default: break;
            }
            return String();
        }
        
        String Ky::displayTimezone(gint tz, gint style) const {
            switch(tz) {
				case 422: 
					if (style == 1) return String(CharArray::of(0x0411, 0x0438, 0x0440, 0x0434, 0x0438, 0x043A, 0x0442, 0x04AF, 0x04AF, 0x20, 0x0434, 0x04AF, 0x0439, 0x043D, 0x04E9, 0x043B, 0x04AF, 0x043A, 0x20, 0x0443, 0x0431, 0x0430, 0x043A, 0x044B, 0x0442));
					break;
				case 426: 
					if (style == 6) return String(CharArray::of(0x0410, 0x043D, 0x0434, 0x043E, 0x0440, 0x0440, 0x0430));
					break;
				case 262: 
					if (style == 6) return String(CharArray::of(0x0414, 0x0443, 0x0431, 0x0430, 0x0439));
					break;
				case 276: 
					if (style == 6) return String(CharArray::of(0x041A, 0x0430, 0x0431, 0x0443, 0x043B));
					break;
				case 57: 
					if (style == 6) return String(CharArray::of(0x0410, 0x043D, 0x0442, 0x0438, 0x0433, 0x0443, 0x0430));
					break;
				case 56: 
					if (style == 6) return String(CharArray::of(0x0410, 0x043D, 0x0433, 0x0443, 0x0438, 0x043B, 0x0430));
					break;
				case 476: 
					if (style == 6) return String(CharArray::of(0x0422, 0x0438, 0x0440, 0x0430, 0x043D, 0x0430));
					break;
				case 333: 
					if (style == 6) return String(CharArray::of(0x0415, 0x0440, 0x0435, 0x0432, 0x0430, 0x043D));
					break;
				case 34: 
					if (style == 6) return String(CharArray::of(0x041B, 0x0443, 0x0430, 0x043D, 0x0434, 0x0430));
					break;
				case 229: 
					if (style == 6) return String(CharArray::of(0x0420, 0x043E, 0x0442, 0x0435, 0x0440, 0x0430));
					break;
				case 228: 
					if (style == 6) return String(CharArray::of(0x041F, 0x0430, 0x043B, 0x043C, 0x0435, 0x0440));
					break;
				case 232: 
					if (style == 6) return String(CharArray::of(0x0422, 0x0440, 0x043E, 0x043B, 0x043B));
					break;
				case 231: 
					if (style == 6) return String(CharArray::of(0x0421, 0x0430, 0x043E, 0x0430));
					break;
				case 226: 
					if (style == 6) return String(CharArray::of(0x041C, 0x043E, 0x0443, 0x0441, 0x043E, 0x043D));
					break;
				case 223: 
					if (style == 6) return String(CharArray::of(0x0414, 0x044D, 0x0432, 0x0438, 0x0441));
					break;
				case 233: 
					if (style == 6) return String(CharArray::of(0x0412, 0x043E, 0x0441, 0x0442, 0x043E, 0x043A));
					break;
				case 222: 
					if (style == 6) return String(CharArray::of(0x041A, 0x0435, 0x0439, 0x0441, 0x0438));
					break;
				case 224: 
					if (style == 6) return String(CharArray::of(0x0414, 0x044E, 0x043C, 0x043E, 0x043D, 0x20, 0x0434, 0x2D, 0x0423, 0x0440, 0x0432, 0x0438, 0x043B));
					break;
				case 227: 
					if (style == 6) return String(CharArray::of(0x041C, 0x0430, 0x043A, 0x041C, 0x0451, 0x0440, 0x0434, 0x043E));
					break;
				case 66: 
					if (style == 6) return String(CharArray::of(0x0420, 0x0438, 0x043E, 0x20, 0x0413, 0x0430, 0x043B, 0x043B, 0x0435, 0x0433, 0x043E, 0x0441));
					break;
				case 157: 
					if (style == 6) return String(CharArray::of(0x041C, 0x0435, 0x043D, 0x0434, 0x043E, 0x0437, 0x0430));
					break;
				case 68: 
					if (style == 6) return String(CharArray::of(0x0421, 0x0430, 0x043D, 0x20, 0x0425, 0x0443, 0x0430, 0x043D));
					break;
				case 71: 
					if (style == 6) return String(CharArray::of(0x0423, 0x0448, 0x0443, 0x0430, 0x0439, 0x0430));
					break;
				case 64: 
					if (style == 6) return String(CharArray::of(0x041B, 0x0430, 0x2D, 0x0420, 0x0438, 0x043E, 0x0445, 0x0430));
					break;
				case 69: 
					if (style == 6) return String(CharArray::of(0x0421, 0x0430, 0x043D, 0x20, 0x041B, 0x0443, 0x0438));
					break;
				case 90: 
					if (style == 6) return String(CharArray::of(0x041A, 0x0430, 0x0442, 0x0430, 0x043C, 0x0430, 0x0440, 0x043A, 0x0430));
					break;
				case 67: 
					if (style == 6) return String(CharArray::of(0x0421, 0x0430, 0x043B, 0x0442, 0x0430));
					break;
				case 139: 
					if (style == 6) return String(CharArray::of(0x0416, 0x0443, 0x0436, 0x0443, 0x0439));
					break;
				case 70: 
					if (style == 6) return String(CharArray::of(0x0422, 0x0443, 0x043A, 0x0443, 0x043C, 0x0430, 0x043D));
					break;
				case 97: 
					if (style == 6) return String(CharArray::of(0x041A, 0x043E, 0x0440, 0x0434, 0x043E, 0x0432, 0x0430));
					break;
				case 85: 
					if (style == 6) return String(CharArray::of(0x0411, 0x0443, 0x044D, 0x043D, 0x043E, 0x0441, 0x2D, 0x0410, 0x0439, 0x0440, 0x0435, 0x0441));
					break;
				case 551: 
					if (style == 6) return String(CharArray::of(0x041F, 0x0430, 0x0433, 0x043E, 0x20, 0x041F, 0x0430, 0x0433, 0x043E));
					break;
				case 482: 
					if (style == 6) return String(CharArray::of(0x0412, 0x0435, 0x043D, 0x0430));
					break;
				case 361: 
					if (style == 6) return String(CharArray::of(0x041F, 0x0435, 0x0440, 0x0442));
					break;
				case 353: 
					if (style == 6) return String(CharArray::of(0x042E, 0x043A, 0x043B, 0x0430));
					break;
				case 352: 
					if (style == 6) return String(CharArray::of(0x0414, 0x0430, 0x0440, 0x0432, 0x0438, 0x043D));
					break;
				case 347: 
					if (style == 6) return String(CharArray::of(0x0410, 0x0434, 0x0435, 0x043B, 0x0430, 0x0438, 0x0434, 0x0430));
					break;
				case 349: 
					if (style == 6) return String(CharArray::of(0x0411, 0x0440, 0x043E, 0x0443, 0x043A, 0x0435, 0x043D, 0x20, 0x0425, 0x0438, 0x043B));
					break;
				case 358: 
					if (style == 6) return String(CharArray::of(0x041C, 0x0435, 0x043B, 0x044C, 0x0431, 0x0443, 0x0440, 0x043D));
					break;
				case 354: 
					if (style == 6) return String(CharArray::of(0x0425, 0x043E, 0x0431, 0x0430, 0x0440, 0x0442));
					break;
				case 356: 
					if (style == 6) return String(CharArray::of(0x041B, 0x0438, 0x043D, 0x0434, 0x0435, 0x043C, 0x0430, 0x043D));
					break;
				case 364: 
					if (style == 6) return String(CharArray::of(0x0421, 0x0438, 0x0434, 0x043D, 0x0435, 0x0439));
					break;
				case 348: 
					if (style == 6) return String(CharArray::of(0x0411, 0x0440, 0x0438, 0x0441, 0x0431, 0x0435, 0x043D));
					break;
				case 225: 
					if (style == 6) return String(CharArray::of(0x041C, 0x0430, 0x043A, 0x043A, 0x0443, 0x043E, 0x0440, 0x0438));
					break;
				case 357: 
					if (style == 6) return String(CharArray::of(0x041B, 0x043E, 0x0440, 0x0434, 0x20, 0x0425, 0x0430, 0x0443));
					break;
				case 72: 
					if (style == 6) return String(CharArray::of(0x0410, 0x0440, 0x0443, 0x0431, 0x0430));
					break;
				case 456: 
					if (style == 6) return String(CharArray::of(0x041C, 0x0430, 0x0440, 0x0438, 0x0435, 0x0445, 0x0430, 0x043C, 0x043D));
					break;
				case 246: 
					if (style == 6) return String(CharArray::of(0x0411, 0x0430, 0x043A, 0x0443));
					break;
				case 469: 
					if (style == 6) return String(CharArray::of(0x0421, 0x0430, 0x0440, 0x0430, 0x0435, 0x0432, 0x043E));
					break;
				case 78: 
					if (style == 6) return String(CharArray::of(0x0411, 0x0430, 0x0440, 0x0431, 0x0430, 0x0434, 0x043E, 0x0441));
					break;
				case 260: 
					if (style == 6) return String(CharArray::of(0x0414, 0x0430, 0x043A, 0x043A, 0x0430));
					break;
				case 433: 
					if (style == 6) return String(CharArray::of(0x0411, 0x0440, 0x044E, 0x0441, 0x0441, 0x0435, 0x043B, 0x044C));
					break;
				case 47: 
					if (style == 6) return String(CharArray::of(0x0423, 0x0430, 0x0433, 0x0430, 0x0434, 0x0443, 0x0433, 0x0443));
					break;
				case 473: 
					if (style == 6) return String(CharArray::of(0x0421, 0x043E, 0x0444, 0x0438, 0x044F));
					break;
				case 245: 
					if (style == 6) return String(CharArray::of(0x0411, 0x0430, 0x0445, 0x0440, 0x0435, 0x0439, 0x043D));
					break;
				case 12: 
					if (style == 6) return String(CharArray::of(0x0411, 0x0443, 0x0436, 0x0443, 0x043C, 0x0431, 0x0443, 0x0440, 0x0430));
					break;
				case 48: 
					if (style == 6) return String(CharArray::of(0x041F, 0x043E, 0x0440, 0x0442, 0x043E, 0x2D, 0x041D, 0x043E, 0x0432, 0x043E));
					break;
				case 203: 
					if (style == 6) return String(CharArray::of(0x0421, 0x0435, 0x043D, 0x0442, 0x2D, 0x0411, 0x0430, 0x0440, 0x0442, 0x0435, 0x043B, 0x0435, 0x043C, 0x0438));
					break;
				case 335: 
					if (style == 6) return String(CharArray::of(0x0411, 0x0435, 0x0440, 0x043C, 0x0443, 0x0434, 0x0430));
					break;
				case 251: 
					if (style == 6) return String(CharArray::of(0x0411, 0x0440, 0x0443, 0x043D, 0x0435, 0x0439));
					break;
				case 145: 
					if (style == 6) return String(CharArray::of(0x041B, 0x0430, 0x20, 0x041F, 0x0430, 0x0441));
					break;
				case 144: 
					if (style == 6) return String(CharArray::of(0x041A, 0x0440, 0x0430, 0x043B, 0x0435, 0x043D, 0x0434, 0x0435, 0x0439, 0x043A));
					break;
				case 109: 
					if (style == 6) return String(CharArray::of(0x042D, 0x0439, 0x0440, 0x0443, 0x043D, 0x0435, 0x043F, 0x0435));
					break;
				case 193: 
					if (style == 6) return String(CharArray::of(0x0420, 0x0438, 0x043E, 0x20, 0x0411, 0x0440, 0x0430, 0x043D, 0x043A, 0x043E));
					break;
				case 185: 
					if (style == 6) return String(CharArray::of(0x041F, 0x043E, 0x0440, 0x0442, 0x043E, 0x20, 0x0412, 0x0435, 0x043B, 0x0438, 0x043E));
					break;
				case 82: 
					if (style == 6) return String(CharArray::of(0x0411, 0x043E, 0x0430, 0x20, 0x0412, 0x0438, 0x0441, 0x0442, 0x0430));
					break;
				case 152: 
					if (style == 6) return String(CharArray::of(0x041C, 0x0430, 0x043D, 0x0430, 0x0443, 0x0441));
					break;
				case 100: 
					if (style == 6) return String(CharArray::of(0x041A, 0x0443, 0x0439, 0x0430, 0x0431, 0x0430));
					break;
				case 196: 
					if (style == 6) return String(CharArray::of(0x0421, 0x0430, 0x043D, 0x0442, 0x0430, 0x0440, 0x0435, 0x043C));
					break;
				case 87: 
					if (style == 6) return String(CharArray::of(0x041A, 0x0430, 0x043C, 0x043F, 0x043E, 0x20, 0x0413, 0x0440, 0x0430, 0x043D, 0x0434, 0x0435));
					break;
				case 79: 
					if (style == 6) return String(CharArray::of(0x0411, 0x0435, 0x043B, 0x0435, 0x043C));
					break;
				case 58: 
					if (style == 6) return String(CharArray::of(0x0410, 0x0440, 0x0430, 0x0433, 0x0443, 0x0430, 0x0438, 0x043D, 0x0430));
					break;
				case 199: 
					if (style == 6) return String(CharArray::of(0x0421, 0x0430, 0x043E, 0x20, 0x041F, 0x0430, 0x0443, 0x043B, 0x043E));
					break;
				case 76: 
					if (style == 6) return String(CharArray::of(0x0411, 0x0430, 0x0439, 0x0438, 0x0430));
					break;
				case 114: 
					if (style == 6) return String(CharArray::of(0x0424, 0x043E, 0x0440, 0x0442, 0x0430, 0x043B, 0x0435, 0x0437, 0x0430));
					break;
				case 150: 
					if (style == 6) return String(CharArray::of(0x041C, 0x0430, 0x0441, 0x0435, 0x0439, 0x043E));
					break;
				case 190: 
					if (style == 6) return String(CharArray::of(0x0420, 0x0435, 0x0441, 0x0438, 0x0444, 0x0438));
					break;
				case 172: 
					if (style == 6) return String(CharArray::of(0x041D, 0x043E, 0x0440, 0x043E, 0x043D, 0x0438, 0x0430));
					break;
				case 168: 
					if (style == 6) return String(CharArray::of(0x041D, 0x0430, 0x0441, 0x0441, 0x0430, 0x0443));
					break;
				case 320: 
					if (style == 6) return String(CharArray::of(0x0422, 0x0438, 0x043C, 0x043F, 0x0443));
					break;
				case 23: 
					if (style == 6) return String(CharArray::of(0x0413, 0x0430, 0x0431, 0x043E, 0x0440, 0x043E, 0x043D, 0x0435));
					break;
				case 457: 
					if (style == 6) return String(CharArray::of(0x041C, 0x0438, 0x043D, 0x0441, 0x043A));
					break;
				case 80: 
					if (style == 6) return String(CharArray::of(0x0411, 0x0435, 0x043B, 0x0438, 0x0437));
					break;
				case 103: 
					if (style == 6) return String(CharArray::of(0x0414, 0x043E, 0x0443, 0x0441, 0x043E, 0x043D));
					break;
				case 218: 
					if (style == 6) return String(CharArray::of(0x0423, 0x0430, 0x0439, 0x0442, 0x0445, 0x043E, 0x0440, 0x0441));
					break;
				case 136: 
					if (style == 6) return String(CharArray::of(0x0418, 0x043D, 0x0443, 0x0432, 0x0438, 0x043A));
					break;
				case 216: 
					if (style == 6) return String(CharArray::of(0x0412, 0x0430, 0x043D, 0x043A, 0x0443, 0x0432, 0x0435, 0x0440));
					break;
				case 112: 
					if (style == 6) return String(CharArray::of(0x0424, 0x043E, 0x0440, 0x0442, 0x20, 0x041D, 0x0435, 0x043B, 0x044C, 0x0441, 0x043E, 0x043D));
					break;
				case 104: 
					if (style == 6) return String(CharArray::of(0x0414, 0x043E, 0x0443, 0x0441, 0x043E, 0x043D, 0x20, 0x0413, 0x0440, 0x0435, 0x043A));
					break;
				case 99: 
					if (style == 6) return String(CharArray::of(0x041A, 0x0440, 0x0435, 0x0441, 0x0442, 0x043E, 0x043D));
					break;
				case 108: 
					if (style == 6) return String(CharArray::of(0x042D, 0x0434, 0x043C, 0x043E, 0x043D, 0x0442, 0x043E, 0x043D));
					break;
				case 209: 
					if (style == 6) return String(CharArray::of(0x0421, 0x0432, 0x0438, 0x0444, 0x0442, 0x20, 0x041A, 0x0430, 0x0440, 0x0440, 0x0435, 0x043D, 0x0442));
					break;
				case 86: 
					if (style == 6) return String(CharArray::of(0x041A, 0x044D, 0x043C, 0x0431, 0x0440, 0x0438, 0x0436, 0x20, 0x0411, 0x0435, 0x0439));
					break;
				case 191: 
					if (style == 6) return String(CharArray::of(0x0420, 0x0435, 0x0433, 0x0438, 0x043D, 0x0430));
					break;
				case 219: 
					if (style == 6) return String(CharArray::of(0x0423, 0x0438, 0x043D, 0x043D, 0x0438, 0x043F, 0x0435, 0x0433));
					break;
				case 192: 
					if (style == 6) return String(CharArray::of(0x0420, 0x0435, 0x0437, 0x043E, 0x043B, 0x0443, 0x0442));
					break;
				case 189: 
					if (style == 6) return String(CharArray::of(0x0420, 0x044D, 0x043D, 0x043A, 0x0438, 0x043D, 0x20, 0x0418, 0x043D, 0x043B, 0x0435, 0x0442));
					break;
				case 96: 
					if (style == 6) return String(CharArray::of(0x0410, 0x0442, 0x0438, 0x043A, 0x043E, 0x043A, 0x0430, 0x043D));
					break;
				case 214: 
					if (style == 6) return String(CharArray::of(0x0422, 0x043E, 0x0440, 0x043E, 0x043D, 0x0442, 0x043E));
					break;
				case 137: 
					if (style == 6) return String(CharArray::of(0x0418, 0x043A, 0x0430, 0x043B, 0x0443, 0x0438, 0x0442));
					break;
				case 163: 
					if (style == 6) return String(CharArray::of(0x041C, 0x043E, 0x043D, 0x043A, 0x0442, 0x043E, 0x043D));
					break;
				case 124: 
					if (style == 6) return String(CharArray::of(0x0413, 0x0430, 0x043B, 0x0438, 0x0444, 0x0430, 0x043A, 0x0441));
					break;
				case 117: 
					if (style == 6) return String(CharArray::of(0x0413, 0x0443, 0x0441, 0x20, 0x0411, 0x0435, 0x0439));
					break;
				case 115: 
					if (style == 6) return String(CharArray::of(0x0413, 0x043B, 0x0435, 0x0439, 0x0441, 0x20, 0x0411, 0x0435, 0x0439));
					break;
				case 81: 
					if (style == 6) return String(CharArray::of(0x0411, 0x043B, 0x0430, 0x043D, 0x043A, 0x2D, 0x0421, 0x0430, 0x0431, 0x043B, 0x043E, 0x043D));
					break;
				case 204: 
					if (style == 6) return String(CharArray::of(0x0421, 0x0435, 0x043D, 0x0442, 0x20, 0x0416, 0x043E, 0x043D, 0x0441));
					break;
				case 499: 
					if (style == 6) return String(CharArray::of(0x041A, 0x043E, 0x043A, 0x043E, 0x0441));
					break;
				case 30: 
					if (style == 6) return String(CharArray::of(0x041A, 0x0438, 0x043D, 0x0448, 0x0430, 0x0441, 0x0430));
					break;
				case 35: 
					if (style == 6) return String(CharArray::of(0x041B, 0x0443, 0x0431, 0x0443, 0x043C, 0x0431, 0x0430, 0x0448, 0x0438));
					break;
				case 7: 
					if (style == 6) return String(CharArray::of(0x0411, 0x0430, 0x0433, 0x0438));
					break;
				case 11: 
					if (style == 6) return String(CharArray::of(0x0411, 0x0440, 0x0430, 0x0437, 0x0437, 0x0430, 0x0432, 0x0438, 0x043B, 0x043B));
					break;
				case 488: 
					if (style == 6) return String(CharArray::of(0x0426, 0x044E, 0x0440, 0x0438, 0x0445));
					break;
				case 0: 
					if (style == 6) return String(CharArray::of(0x0410, 0x0431, 0x0438, 0x0434, 0x0436, 0x0430, 0x043D));
					break;
				case 557: 
					if (style == 6) return String(CharArray::of(0x0420, 0x0430, 0x0433, 0x043E, 0x0442, 0x043E, 0x043D, 0x0433, 0x0430));
					break;
				case 528: 
					if (style == 6) return String(CharArray::of(0x0418, 0x0441, 0x0442, 0x0435, 0x0440));
					break;
				case 187: 
					if (style == 6) return String(CharArray::of(0x041F, 0x0443, 0x043D, 0x0442, 0x0430, 0x2D, 0x0410, 0x0440, 0x0435, 0x043D, 0x0430, 0x0441));
					break;
				case 197: 
					if (style == 6) return String(CharArray::of(0x0421, 0x0430, 0x043D, 0x0442, 0x0438, 0x0430, 0x0433, 0x043E));
					break;
				case 20: 
					if (style == 6) return String(CharArray::of(0x0414, 0x0443, 0x0430, 0x043B, 0x0430));
					break;
				case 326: 
					if (style == 6) return String(CharArray::of(0x04AE, 0x0440, 0x04AF, 0x043C, 0x0447, 0x04AF));
					break;
				case 311: 
					if (style == 6) return String(CharArray::of(0x0428, 0x0430, 0x043D, 0x0445, 0x0430, 0x0439));
					break;
				case 83: 
					if (style == 6) return String(CharArray::of(0x0411, 0x043E, 0x0433, 0x043E, 0x0442, 0x0430));
					break;
				case 98: 
					if (style == 6) return String(CharArray::of(0x041A, 0x043E, 0x0441, 0x0442, 0x0430, 0x2D, 0x0420, 0x0438, 0x043A, 0x0430));
					break;
				case 125: 
					if (style == 6) return String(CharArray::of(0x0413, 0x0430, 0x0432, 0x0430, 0x043D, 0x0430));
					break;
				case 337: 
					if (style == 6) return String(CharArray::of(0x041A, 0x0430, 0x043F, 0x0435, 0x20, 0x0412, 0x0435, 0x0440, 0x0434, 0x0435));
					break;
				case 101: 
					if (style == 6) return String(CharArray::of(0x041A, 0x044E, 0x0440, 0x0430, 0x0441, 0x0430, 0x043E));
					break;
				case 498: 
					if (style == 6) return String(CharArray::of(0x041A, 0x0440, 0x0438, 0x0441, 0x043C, 0x0430, 0x0441));
					break;
				case 294: 
					if (style == 6) return String(CharArray::of(0x041D, 0x0438, 0x043A, 0x043E, 0x0441, 0x0438, 0x044F));
					break;
				case 264: 
					if (style == 6) return String(CharArray::of(0x0424, 0x0430, 0x043C, 0x0430, 0x0433, 0x0443, 0x0441, 0x0442, 0x0430));
					break;
				case 464: 
					if (style == 6) return String(CharArray::of(0x041F, 0x0440, 0x0430, 0x0433, 0x0430));
					break;
				case 436: 
					if (style == 6) return String(CharArray::of(0x0411, 0x0443, 0x0437, 0x0438, 0x043D, 0x0433, 0x0435, 0x043D));
					break;
				case 431: 
					if (style == 6) return String(CharArray::of(0x0411, 0x0435, 0x0440, 0x043B, 0x0438, 0x043D));
					break;
				case 19: 
					if (style == 6) return String(CharArray::of(0x0416, 0x0438, 0x0431, 0x0443, 0x0442, 0x0438));
					break;
				case 438: 
					if (style == 6) return String(CharArray::of(0x041A, 0x043E, 0x043F, 0x0435, 0x043D, 0x0433, 0x0430, 0x0433, 0x0435, 0x043D));
					break;
				case 107: 
					if (style == 6) return String(CharArray::of(0x0414, 0x043E, 0x043C, 0x0438, 0x043D, 0x0438, 0x043A, 0x0430));
					break;
				case 198: 
					if (style == 6) return String(CharArray::of(0x0421, 0x0430, 0x043D, 0x0442, 0x043E, 0x20, 0x0414, 0x043E, 0x043C, 0x0438, 0x043D, 0x0433, 0x043E));
					break;
				case 3: 
					if (style == 6) return String(CharArray::of(0x0410, 0x043B, 0x0436, 0x0438, 0x0440));
					break;
				case 534: 
					if (style == 6) return String(CharArray::of(0x0413, 0x0430, 0x043B, 0x0430, 0x043F, 0x0430, 0x0433, 0x043E, 0x0441));
					break;
				case 122: 
					if (style == 6) return String(CharArray::of(0x0413, 0x0443, 0x0430, 0x0439, 0x0430, 0x043A, 0x0438, 0x043B));
					break;
				case 475: 
					if (style == 6) return String(CharArray::of(0x0422, 0x0430, 0x043B, 0x043B, 0x0438, 0x043D));
					break;
				case 13: 
					if (style == 6) return String(CharArray::of(0x041A, 0x0430, 0x0438, 0x0440));
					break;
				case 21: 
					if (style == 6) return String(CharArray::of(0x042D, 0x043B, 0x20, 0x0410, 0x0439, 0x0443, 0x043D));
					break;
				case 5: 
					if (style == 6) return String(CharArray::of(0x0410, 0x0441, 0x043C, 0x0430, 0x0440, 0x0430));
					break;
				case 336: 
					if (style == 6) return String(CharArray::of(0x041A, 0x0430, 0x043D, 0x0430, 0x0440, 0x0438));
					break;
				case 15: 
					if (style == 6) return String(CharArray::of(0x0421, 0x0435, 0x0443, 0x0442, 0x0430));
					break;
				case 454: 
					if (style == 6) return String(CharArray::of(0x041C, 0x0430, 0x0434, 0x0440, 0x0438, 0x0434));
					break;
				case 2: 
					if (style == 6) return String(CharArray::of(0x0410, 0x0434, 0x0434, 0x0438, 0x0441, 0x2D, 0x0410, 0x0431, 0x0435, 0x0431, 0x0430));
					break;
				case 442: 
					if (style == 6) return String(CharArray::of(0x0425, 0x0435, 0x043B, 0x044C, 0x0441, 0x0438, 0x043D, 0x043A, 0x0438));
					break;
				case 532: 
					if (style == 6) return String(CharArray::of(0x0424, 0x0438, 0x0436, 0x0438));
					break;
				case 345: 
					if (style == 6) return String(CharArray::of(0x0421, 0x0442, 0x044D, 0x043D, 0x043B, 0x0438));
					break;
				case 563: 
					if (style == 6) return String(CharArray::of(0x0427, 0x0443, 0x0443, 0x043A));
					break;
				case 555: 
					if (style == 6) return String(CharArray::of(0x041F, 0x043E, 0x043D, 0x043F, 0x0435, 0x0439));
					break;
				case 542: 
					if (style == 6) return String(CharArray::of(0x041A, 0x043E, 0x0437, 0x0440, 0x0430, 0x0435));
					break;
				case 338: 
					if (style == 6) return String(CharArray::of(0x0424, 0x0430, 0x0440, 0x0435, 0x0440));
					break;
				case 462: 
					if (style == 6) return String(CharArray::of(0x041F, 0x0430, 0x0440, 0x0438, 0x0436));
					break;
				case 32: 
					if (style == 6) return String(CharArray::of(0x041B, 0x0438, 0x0431, 0x0440, 0x0435, 0x0432, 0x0438, 0x043B, 0x043B));
					break;
				case 452: 
					if (style == 2) return String(CharArray::of(0x0411, 0x0440, 0x0438, 0x0442, 0x0430, 0x043D, 0x0438, 0x044F, 0x20, 0x0436, 0x0430, 0x0439, 0x043A, 0x044B, 0x20, 0x0443, 0x0431, 0x0430, 0x043A, 0x0442, 0x044B, 0x0441, 0x044B));
					break;
				case 119: 
					if (style == 6) return String(CharArray::of(0x0413, 0x0440, 0x0435, 0x043D, 0x0430, 0x0434, 0x0430));
					break;
				case 316: 
					if (style == 6) return String(CharArray::of(0x0422, 0x0431, 0x0438, 0x043B, 0x0438, 0x0441, 0x0438));
					break;
				case 91: 
					if (style == 6) return String(CharArray::of(0x041A, 0x0430, 0x0439, 0x0435, 0x043D));
					break;
				case 441: 
					if (style == 6) return String(CharArray::of(0x0413, 0x0435, 0x0440, 0x043D, 0x0441, 0x0438));
					break;
				case 1: 
					if (style == 6) return String(CharArray::of(0x0410, 0x043A, 0x043A, 0x0440, 0x0430));
					break;
				case 440: 
					if (style == 6) return String(CharArray::of(0x0413, 0x0438, 0x0431, 0x0440, 0x0430, 0x043B, 0x0442, 0x0430, 0x0440));
					break;
				case 211: 
					if (style == 6) return String(CharArray::of(0x0422, 0x0443, 0x043B, 0x0435));
					break;
				case 116: 
					if (style == 6) return String(CharArray::of(0x041D, 0x0443, 0x0443, 0x043A));
					break;
				case 200: 
					if (style == 6) return String(CharArray::of(0x0418, 0x0442, 0x0442, 0x043E, 0x043A, 0x043A, 0x043E, 0x0440, 0x0442, 0x043E, 0x043E, 0x0440, 0x043C, 0x0438, 0x0438, 0x0442));
					break;
				case 102: 
					if (style == 6) return String(CharArray::of(0x0414, 0x0430, 0x043D, 0x043C, 0x0430, 0x0440, 0x043A, 0x0441, 0x0445, 0x0430, 0x0432, 0x043D));
					break;
				case 8: 
					if (style == 6) return String(CharArray::of(0x0411, 0x0430, 0x043D, 0x0436, 0x0443, 0x043B));
					break;
				case 16: 
					if (style == 6) return String(CharArray::of(0x041A, 0x043E, 0x043D, 0x0430, 0x043A, 0x0440, 0x0438));
					break;
				case 120: 
					if (style == 6) return String(CharArray::of(0x0413, 0x0432, 0x0430, 0x0434, 0x0435, 0x043B, 0x0443, 0x043F, 0x0435));
					break;
				case 37: 
					if (style == 6) return String(CharArray::of(0x041C, 0x0430, 0x043B, 0x0430, 0x0431, 0x043E));
					break;
				case 428: 
					if (style == 6) return String(CharArray::of(0x0410, 0x0444, 0x0438, 0x043D, 0x044B));
					break;
				case 343: 
					if (style == 6) return String(CharArray::of(0x0422, 0x04AF, 0x0448, 0x0442, 0x04AF, 0x043A, 0x20, 0x0416, 0x043E, 0x0440, 0x0436, 0x0438, 0x044F));
					break;
				case 121: 
					if (style == 6) return String(CharArray::of(0x0413, 0x0432, 0x0430, 0x0442, 0x0435, 0x043C, 0x0430, 0x043B, 0x0430));
					break;
				case 537: 
					if (style == 6) return String(CharArray::of(0x0413, 0x0443, 0x0430, 0x043C));
					break;
				case 9: 
					if (style == 6) return String(CharArray::of(0x0411, 0x0438, 0x0441, 0x0430, 0x0443));
					break;
				case 123: 
					if (style == 6) return String(CharArray::of(0x0413, 0x0443, 0x0439, 0x0430, 0x043D, 0x0430));
					break;
				case 269: 
					if (style == 6) return String(CharArray::of(0x0413, 0x043E, 0x043D, 0x043A, 0x043E, 0x043D, 0x0433));
					break;
				case 210: 
					if (style == 6) return String(CharArray::of(0x0422, 0x0435, 0x0433, 0x0443, 0x0441, 0x0438, 0x0433, 0x0430, 0x043B, 0x044C, 0x043F, 0x0430));
					break;
				case 486: 
					if (style == 6) return String(CharArray::of(0x0417, 0x0430, 0x0433, 0x0440, 0x0435, 0x0431));
					break;
				case 182: 
					if (style == 6) return String(CharArray::of(0x041F, 0x043E, 0x0440, 0x0442, 0x2D, 0x043E, 0x2D, 0x041F, 0x0440, 0x0435, 0x043D, 0x0441));
					break;
				case 435: 
					if (style == 6) return String(CharArray::of(0x0411, 0x0443, 0x0434, 0x0430, 0x043F, 0x0435, 0x0448, 0x0442));
					break;
				case 273: 
					if (style == 6) return String(CharArray::of(0x0416, 0x0430, 0x043A, 0x0430, 0x0440, 0x0442, 0x0430));
					break;
				case 300: 
					if (style == 6) return String(CharArray::of(0x041F, 0x043E, 0x043D, 0x0442, 0x0438, 0x0430, 0x043D, 0x0430, 0x043A));
					break;
				case 291: 
					if (style == 6) return String(CharArray::of(0x041C, 0x0430, 0x043A, 0x0430, 0x0441, 0x0441, 0x0430, 0x0440));
					break;
				case 274: 
					if (style == 6) return String(CharArray::of(0x0416, 0x0430, 0x0439, 0x0430, 0x043F, 0x0443, 0x0440, 0x0430));
					break;
				case 439: 
					if (style == 2) return String(CharArray::of(0x0418, 0x0440, 0x043B, 0x0430, 0x043D, 0x0434, 0x0438, 0x044F, 0x20, 0x043A, 0x044B, 0x0448, 0x043A, 0x044B, 0x20, 0x0443, 0x0431, 0x0430, 0x043A, 0x044B, 0x0442, 0x044B));
					break;
				case 275: 
					if (style == 6) return String(CharArray::of(0x0418, 0x0435, 0x0440, 0x0443, 0x0441, 0x0430, 0x043B, 0x0438, 0x043C));
					break;
				case 443: 
					if (style == 6) return String(CharArray::of(0x041C, 0x044D, 0x043D, 0x20, 0x0430, 0x0440, 0x0430, 0x043B, 0x044B));
					break;
				case 252: 
					if (style == 6) return String(CharArray::of(0x041A, 0x0430, 0x043B, 0x044C, 0x043A, 0x0443, 0x0442, 0x0442, 0x0430));
					break;
				case 497: 
					if (style == 6) return String(CharArray::of(0x0427, 0x0430, 0x0433, 0x043E, 0x0441));
					break;
				case 244: 
					if (style == 6) return String(CharArray::of(0x0411, 0x0430, 0x0433, 0x0434, 0x0430, 0x0434));
					break;
				case 317: 
					if (style == 6) return String(CharArray::of(0x0422, 0x0435, 0x0433, 0x0435, 0x0440, 0x0430, 0x043D));
					break;
				case 342: 
					if (style == 6) return String(CharArray::of(0x0420, 0x0435, 0x0439, 0x043A, 0x044C, 0x044F, 0x0432, 0x0438, 0x043A));
					break;
				case 466: 
					if (style == 6) return String(CharArray::of(0x0420, 0x0438, 0x043C));
					break;
				case 445: 
					if (style == 6) return String(CharArray::of(0x0416, 0x0435, 0x0440, 0x0441, 0x0438));
					break;
				case 138: 
					if (style == 6) return String(CharArray::of(0x042F, 0x043C, 0x0430, 0x0439, 0x043A, 0x0430));
					break;
				case 237: 
					if (style == 6) return String(CharArray::of(0x0410, 0x043C, 0x043C, 0x0430, 0x043D));
					break;
				case 321: 
					if (style == 6) return String(CharArray::of(0x0422, 0x043E, 0x043A, 0x0438, 0x043E));
					break;
				case 43: 
					if (style == 6) return String(CharArray::of(0x041D, 0x0430, 0x0439, 0x0440, 0x043E, 0x0431, 0x0438));
					break;
				case 250: 
					if (style == 6) return String(CharArray::of(0x0411, 0x0438, 0x0448, 0x043A, 0x0435, 0x043A));
					break;
				case 299: 
					if (style == 6) return String(CharArray::of(0x041F, 0x043D, 0x043E, 0x043C, 0x043F, 0x0435, 0x043D, 0x044C));
					break;
				case 530: 
					if (style == 6) return String(CharArray::of(0x042D, 0x043D, 0x0434, 0x0435, 0x0440, 0x0431, 0x0435, 0x0440, 0x0438));
					break;
				case 540: 
					if (style == 6) return String(CharArray::of(0x041A, 0x0430, 0x043D, 0x0442, 0x043E, 0x043D));
					break;
				case 541: 
					if (style == 6) return String(CharArray::of(0x041A, 0x0438, 0x0440, 0x0438, 0x0442, 0x0438, 0x043C, 0x0430, 0x0442, 0x0438));
					break;
				case 561: 
					if (style == 6) return String(CharArray::of(0x0422, 0x0430, 0x0440, 0x0430, 0x0432, 0x0430));
					break;
				case 500: 
					if (style == 6) return String(CharArray::of(0x041A, 0x043E, 0x043C, 0x043E, 0x0440, 0x043E));
					break;
				case 205: 
					if (style == 6) return String(CharArray::of(0x0421, 0x0435, 0x043D, 0x0442, 0x2D, 0x041A, 0x0438, 0x0442, 0x0441));
					break;
				case 301: 
					if (style == 6) return String(CharArray::of(0x041F, 0x0445, 0x0435, 0x043D, 0x044C, 0x044F, 0x043D));
					break;
				case 310: 
					if (style == 6) return String(CharArray::of(0x0421, 0x0435, 0x0443, 0x043B));
					break;
				case 287: 
					if (style == 6) return String(CharArray::of(0x041A, 0x0443, 0x0432, 0x0435, 0x0439, 0x0442));
					break;
				case 92: 
					if (style == 6) return String(CharArray::of(0x041A, 0x0430, 0x0439, 0x043C, 0x0430, 0x043D));
					break;
				case 239: 
					if (style == 6) return String(CharArray::of(0x0410, 0x043A, 0x0442, 0x0430, 0x0443));
					break;
				case 298: 
					if (style == 6) return String(CharArray::of(0x041E, 0x0440, 0x0430, 0x043B));
					break;
				case 243: 
					if (style == 6) return String(CharArray::of(0x0410, 0x0442, 0x044B, 0x0440, 0x0430, 0x0443));
					break;
				case 240: 
					if (style == 6) return String(CharArray::of(0x0410, 0x043A, 0x0442, 0x043E, 0x0431, 0x0435));
					break;
				case 303: 
					if (style == 6) return String(CharArray::of(0x041A, 0x043E, 0x0441, 0x0442, 0x0430, 0x043D, 0x0430, 0x0439));
					break;
				case 304: 
					if (style == 6) return String(CharArray::of(0x041A, 0x044B, 0x0437, 0x044B, 0x043B, 0x043E, 0x0440, 0x0434, 0x0430));
					break;
				case 236: 
					if (style == 6) return String(CharArray::of(0x0410, 0x043B, 0x043C, 0x0430, 0x0442, 0x044B));
					break;
				case 328: 
					if (style == 6) return String(CharArray::of(0x0412, 0x0438, 0x0435, 0x043D, 0x0442, 0x0438, 0x0430, 0x043D));
					break;
				case 249: 
					if (style == 6) return String(CharArray::of(0x0411, 0x0435, 0x0439, 0x0440, 0x0443, 0x0442));
					break;
				case 206: 
					if (style == 6) return String(CharArray::of(0x0421, 0x0430, 0x043D, 0x0442, 0x0430, 0x20, 0x041B, 0x044E, 0x0447, 0x0438, 0x044F));
					break;
				case 480: 
					if (style == 6) return String(CharArray::of(0x0424, 0x0430, 0x0434, 0x0443, 0x0446));
					break;
				case 257: 
					if (style == 6) return String(CharArray::of(0x041A, 0x043E, 0x043B, 0x043E, 0x043C, 0x0431, 0x043E));
					break;
				case 42: 
					if (style == 6) return String(CharArray::of(0x041C, 0x043E, 0x043D, 0x0440, 0x043E, 0x0432, 0x0438, 0x0430));
					break;
				case 39: 
					if (style == 6) return String(CharArray::of(0x041C, 0x0430, 0x0441, 0x0435, 0x0440, 0x0443));
					break;
				case 483: 
					if (style == 6) return String(CharArray::of(0x0412, 0x0438, 0x043B, 0x044C, 0x043D, 0x044E, 0x0441));
					break;
				case 453: 
					if (style == 6) return String(CharArray::of(0x041B, 0x044E, 0x043A, 0x0441, 0x0435, 0x043C, 0x0431, 0x0443, 0x0440, 0x0433));
					break;
				case 465: 
					if (style == 6) return String(CharArray::of(0x0420, 0x0438, 0x0433, 0x0430));
					break;
				case 51: 
					if (style == 6) return String(CharArray::of(0x0422, 0x0440, 0x0438, 0x043F, 0x043E, 0x043B, 0x0438));
					break;
				case 14: 
					if (style == 6) return String(CharArray::of(0x041A, 0x0430, 0x0441, 0x0430, 0x0431, 0x043B, 0x0430, 0x043D, 0x043A, 0x0430));
					break;
				case 458: 
					if (style == 6) return String(CharArray::of(0x041C, 0x043E, 0x043D, 0x0430, 0x043A, 0x043E));
					break;
				case 437: 
					if (style == 6) return String(CharArray::of(0x041A, 0x0438, 0x0448, 0x0438, 0x043D, 0x0435, 0x0432));
					break;
				case 463: 
					if (style == 6) return String(CharArray::of(0x041F, 0x043E, 0x0434, 0x0433, 0x043E, 0x0440, 0x0438, 0x0446, 0x0430));
					break;
				case 153: 
					if (style == 6) return String(CharArray::of(0x041C, 0x0430, 0x0440, 0x0438, 0x0433, 0x043E));
					break;
				case 496: 
					if (style == 6) return String(CharArray::of(0x0410, 0x043D, 0x0442, 0x0430, 0x043D, 0x0430, 0x043D, 0x0430, 0x0440, 0x0438, 0x0432, 0x043E));
					break;
				case 543: 
					if (style == 6) return String(CharArray::of(0x041A, 0x0443, 0x0430, 0x0436, 0x0430, 0x043B, 0x0435, 0x0439, 0x043D));
					break;
				case 544: 
					if (style == 6) return String(CharArray::of(0x041C, 0x0430, 0x0436, 0x0443, 0x0440, 0x043E));
					break;
				case 472: 
					if (style == 6) return String(CharArray::of(0x0421, 0x043A, 0x043E, 0x043F, 0x0439, 0x0435));
					break;
				case 6: 
					if (style == 6) return String(CharArray::of(0x0411, 0x0430, 0x043C, 0x0430, 0x043A, 0x043E));
					break;
				case 305: 
					if (style == 6) return String(CharArray::of(0x0420, 0x0430, 0x043D, 0x0433, 0x0443, 0x043D));
					break;
				case 270: 
					if (style == 6) return String(CharArray::of(0x0425, 0x043E, 0x0432, 0x0434));
					break;
				case 324: 
					if (style == 6) return String(CharArray::of(0x0423, 0x043B, 0x0430, 0x043D, 0x2D, 0x0411, 0x0430, 0x0442, 0x043E, 0x0440));
					break;
				case 254: 
					if (style == 6) return String(CharArray::of(0x0427, 0x043E, 0x0439, 0x0431, 0x0430, 0x043B, 0x0441, 0x0430, 0x043D));
					break;
				case 289: 
					if (style == 6) return String(CharArray::of(0x041C, 0x0430, 0x043A, 0x0430, 0x0443));
					break;
				case 558: 
					if (style == 6) return String(CharArray::of(0x0421, 0x0430, 0x0439, 0x043F, 0x0430, 0x043D));
					break;
				case 154: 
					if (style == 6) return String(CharArray::of(0x041C, 0x0430, 0x0440, 0x0442, 0x0438, 0x043D, 0x0438, 0x043A));
					break;
				case 46: 
					if (style == 6) return String(CharArray::of(0x041D, 0x0443, 0x0430, 0x043A, 0x0448, 0x043E, 0x0442));
					break;
				case 167: 
					if (style == 6) return String(CharArray::of(0x041C, 0x043E, 0x043D, 0x0441, 0x0435, 0x0440, 0x0430, 0x0442));
					break;
				case 455: 
					if (style == 6) return String(CharArray::of(0x041C, 0x0430, 0x043B, 0x044C, 0x0442, 0x0430));
					break;
				case 504: 
					if (style == 6) return String(CharArray::of(0x041C, 0x0430, 0x0432, 0x0440, 0x0438, 0x043A, 0x0438, 0x0439));
					break;
				case 503: 
					if (style == 6) return String(CharArray::of(0x041C, 0x0430, 0x043B, 0x044C, 0x0434, 0x0438, 0x0432, 0x20, 0x0430, 0x0440, 0x0430, 0x043B, 0x0434, 0x0430, 0x0440, 0x044B));
					break;
				case 10: 
					if (style == 6) return String(CharArray::of(0x0411, 0x043B, 0x0430, 0x043D, 0x0442, 0x0430, 0x0439, 0x0440));
					break;
				case 213: 
					if (style == 6) return String(CharArray::of(0x0422, 0x0438, 0x0445, 0x0443, 0x0430, 0x043D, 0x0430));
					break;
				case 126: 
					if (style == 6) return String(CharArray::of(0x042D, 0x0440, 0x043C, 0x043E, 0x0441, 0x0438, 0x043B, 0x043B, 0x043E));
					break;
				case 95: 
					if (style == 6) return String(CharArray::of(0x0421, 0x044C, 0x044E, 0x0434, 0x0430, 0x0434, 0x2D, 0x0425, 0x0443, 0x0430, 0x0440, 0x0435, 0x0441));
					break;
				case 156: 
					if (style == 6) return String(CharArray::of(0x041C, 0x0430, 0x0437, 0x0430, 0x0442, 0x043B, 0x0430, 0x043D));
					break;
				case 94: 
					if (style == 6) return String(CharArray::of(0x0427, 0x0438, 0x0445, 0x0443, 0x0430, 0x0445, 0x0443, 0x0430));
					break;
				case 77: 
					if (style == 6) return String(CharArray::of(0x0411, 0x0430, 0x0438, 0x0439, 0x0430, 0x20, 0x0411, 0x0430, 0x043D, 0x0434, 0x0435, 0x0440, 0x0430, 0x0441));
					break;
				case 177: 
					if (style == 6) return String(CharArray::of(0x041E, 0x0445, 0x0438, 0x043D, 0x0430, 0x0433, 0x0430));
					break;
				case 164: 
					if (style == 6) return String(CharArray::of(0x041C, 0x043E, 0x043D, 0x0442, 0x0435, 0x0440, 0x0435, 0x0439));
					break;
				case 161: 
					if (style == 6) return String(CharArray::of(0x041C, 0x0435, 0x0445, 0x0438, 0x043A, 0x043E, 0x20, 0x0448, 0x0430, 0x0430, 0x0440, 0x044B));
					break;
				case 155: 
					if (style == 6) return String(CharArray::of(0x041C, 0x0430, 0x0442, 0x0430, 0x043C, 0x043E, 0x0440, 0x043E, 0x0441));
					break;
				case 159: 
					if (style == 6) return String(CharArray::of(0x041C, 0x0435, 0x0440, 0x0438, 0x0434, 0x0430));
					break;
				case 88: 
					if (style == 6) return String(CharArray::of(0x041A, 0x0430, 0x043D, 0x043A, 0x0443, 0x043D));
					break;
				case 285: 
					if (style == 6) return String(CharArray::of(0x041A, 0x0443, 0x0430, 0x043B, 0x0430, 0x20, 0x041B, 0x0443, 0x043C, 0x043F, 0x0443, 0x0440));
					break;
				case 286: 
					if (style == 6) return String(CharArray::of(0x041A, 0x0443, 0x0447, 0x0438, 0x04A3));
					break;
				case 38: 
					if (style == 6) return String(CharArray::of(0x041C, 0x0430, 0x043F, 0x0443, 0x0442, 0x043E));
					break;
				case 53: 
					if (style == 6) return String(CharArray::of(0x0423, 0x0438, 0x043D, 0x0434, 0x0445, 0x0443, 0x043A));
					break;
				case 550: 
					if (style == 6) return String(CharArray::of(0x041D, 0x0443, 0x043C, 0x0435, 0x0430));
					break;
				case 45: 
					if (style == 6) return String(CharArray::of(0x041D, 0x0439, 0x0430, 0x043C, 0x0435));
					break;
				case 549: 
					if (style == 6) return String(CharArray::of(0x041D, 0x043E, 0x0440, 0x0444, 0x043E, 0x043B, 0x043A));
					break;
				case 31: 
					if (style == 6) return String(CharArray::of(0x041B, 0x0430, 0x0433, 0x043E, 0x0441));
					break;
				case 151: 
					if (style == 6) return String(CharArray::of(0x041C, 0x0430, 0x043D, 0x0430, 0x0433, 0x0443, 0x0430));
					break;
				case 425: 
					if (style == 6) return String(CharArray::of(0x0410, 0x043C, 0x0441, 0x0442, 0x0435, 0x0440, 0x0434, 0x0430, 0x043C));
					break;
				case 461: 
					if (style == 6) return String(CharArray::of(0x041E, 0x0441, 0x043B, 0x043E));
					break;
				case 281: 
					if (style == 6) return String(CharArray::of(0x041A, 0x0430, 0x0442, 0x043C, 0x0430, 0x043D, 0x0434, 0x0443));
					break;
				case 547: 
					if (style == 6) return String(CharArray::of(0x041D, 0x0430, 0x0443, 0x0440, 0x0443));
					break;
				case 548: 
					if (style == 6) return String(CharArray::of(0x041D, 0x0438, 0x0443, 0x044D));
					break;
				case 526: 
					if (style == 6) return String(CharArray::of(0x0427, 0x0430, 0x0442, 0x0435, 0x043C));
					break;
				case 524: 
					if (style == 6) return String(CharArray::of(0x041E, 0x043A, 0x043B, 0x044D, 0x043D, 0x0434));
					break;
				case 293: 
					if (style == 6) return String(CharArray::of(0x041C, 0x0443, 0x0441, 0x043A, 0x0430, 0x0442));
					break;
				case 178: 
					if (style == 6) return String(CharArray::of(0x041F, 0x0430, 0x043D, 0x0430, 0x043C, 0x0430));
					break;
				case 146: 
					if (style == 6) return String(CharArray::of(0x041B, 0x0438, 0x043C, 0x0430));
					break;
				case 560: 
					if (style == 6) return String(CharArray::of(0x0422, 0x0430, 0x0438, 0x0442, 0x0438));
					break;
				case 545: 
					if (style == 6) return String(CharArray::of(0x041C, 0x0430, 0x0440, 0x043A, 0x0435, 0x0437, 0x0430, 0x0441));
					break;
				case 535: 
					if (style == 6) return String(CharArray::of(0x0413, 0x0430, 0x043C, 0x0431, 0x0438, 0x0435));
					break;
				case 556: 
					if (style == 6) return String(CharArray::of(0x041F, 0x043E, 0x0440, 0x0442, 0x20, 0x041C, 0x043E, 0x044D, 0x0440, 0x0441, 0x0431, 0x0438));
					break;
				case 525: 
					if (style == 6) return String(CharArray::of(0x0411, 0x0443, 0x0433, 0x0435, 0x043D, 0x0432, 0x0438, 0x043B, 0x044C));
					break;
				case 292: 
					if (style == 6) return String(CharArray::of(0x041C, 0x0430, 0x043D, 0x0438, 0x043B, 0x0430));
					break;
				case 278: 
					if (style == 6) return String(CharArray::of(0x041A, 0x0430, 0x0440, 0x0430, 0x0447, 0x0438));
					break;
				case 485: 
					if (style == 6) return String(CharArray::of(0x0412, 0x0430, 0x0440, 0x0448, 0x0430, 0x0432, 0x0430));
					break;
				case 162: 
					if (style == 6) return String(CharArray::of(0x041C, 0x0438, 0x043A, 0x0435, 0x043B, 0x043E, 0x043D));
					break;
				case 553: 
					if (style == 6) return String(CharArray::of(0x041F, 0x0438, 0x0442, 0x043A, 0x044D, 0x0440, 0x043D));
					break;
				case 186: 
					if (style == 6) return String(CharArray::of(0x041F, 0x0443, 0x044D, 0x0440, 0x0442, 0x043E, 0x2D, 0x0420, 0x0438, 0x043A, 0x043E));
					break;
				case 265: 
					if (style == 6) return String(CharArray::of(0x0413, 0x0430, 0x0437, 0x0430));
					break;
				case 267: 
					if (style == 6) return String(CharArray::of(0x0425, 0x0435, 0x0431, 0x0440, 0x043E, 0x043D));
					break;
				case 334: 
					if (style == 6) return String(CharArray::of(0x0410, 0x0437, 0x043E, 0x0440));
					break;
				case 341: 
					if (style == 6) return String(CharArray::of(0x041C, 0x0430, 0x0434, 0x0435, 0x0439, 0x0440, 0x0430));
					break;
				case 450: 
					if (style == 6) return String(CharArray::of(0x041B, 0x0438, 0x0441, 0x0441, 0x0430, 0x0431, 0x043E, 0x043D));
					break;
				case 552: 
					if (style == 6) return String(CharArray::of(0x041F, 0x0430, 0x043B, 0x0430, 0x0443));
					break;
				case 73: 
					if (style == 6) return String(CharArray::of(0x0410, 0x0441, 0x0443, 0x043D, 0x0441, 0x0438, 0x043E, 0x043D));
					break;
				case 302: 
					if (style == 6) return String(CharArray::of(0x041A, 0x0430, 0x0442, 0x0430, 0x0440));
					break;
				case 506: 
					if (style == 6) return String(CharArray::of(0x0420, 0x0435, 0x044E, 0x043D, 0x0438, 0x043E, 0x043D));
					break;
				case 434: 
					if (style == 6) return String(CharArray::of(0x0411, 0x0443, 0x0445, 0x0430, 0x0440, 0x0435, 0x0441, 0x0442));
					break;
				case 430: 
					if (style == 6) return String(CharArray::of(0x0411, 0x0435, 0x043B, 0x0433, 0x0440, 0x0430, 0x0434));
					break;
				case 446: 
					if (style == 6) return String(CharArray::of(0x041A, 0x0430, 0x043B, 0x0438, 0x043D, 0x0438, 0x043D, 0x0433, 0x0440, 0x0430, 0x0434));
					break;
				case 459: 
					if (style == 6) return String(CharArray::of(0x041C, 0x043E, 0x0441, 0x043A, 0x0432, 0x0430));
					break;
				case 484: 
					if (style == 6) return String(CharArray::of(0x0412, 0x043E, 0x043B, 0x0433, 0x043E, 0x0433, 0x0440, 0x0430, 0x0434));
					break;
				case 470: 
					if (style == 6) return String(CharArray::of(0x0421, 0x0430, 0x0440, 0x0430, 0x0442, 0x043E, 0x0432));
					break;
				case 427: 
					if (style == 6) return String(CharArray::of(0x0410, 0x0441, 0x0442, 0x0440, 0x0430, 0x0445, 0x0430, 0x043D, 0x044C));
					break;
				case 478: 
					if (style == 6) return String(CharArray::of(0x0423, 0x043B, 0x044C, 0x044F, 0x043D, 0x043E, 0x0432, 0x0441, 0x043A));
					break;
				case 448: 
					if (style == 6) return String(CharArray::of(0x041A, 0x0438, 0x0440, 0x043E, 0x0432));
					break;
				case 467: 
					if (style == 6) return String(CharArray::of(0x0421, 0x0430, 0x043C, 0x0430, 0x0440, 0x0430));
					break;
				case 332: 
					if (style == 6) return String(CharArray::of(0x0415, 0x043A, 0x0430, 0x0442, 0x0435, 0x0440, 0x0438, 0x043D, 0x0431, 0x0443, 0x0440, 0x0433));
					break;
				case 297: 
					if (style == 6) return String(CharArray::of(0x041E, 0x043C, 0x0441, 0x043A));
					break;
				case 296: 
					if (style == 6) return String(CharArray::of(0x041D, 0x043E, 0x0432, 0x043E, 0x0441, 0x0438, 0x0431, 0x0438, 0x0440, 0x0441, 0x043A));
					break;
				case 248: 
					if (style == 6) return String(CharArray::of(0x0411, 0x0430, 0x0440, 0x043D, 0x0430, 0x0443, 0x043B));
					break;
				case 322: 
					if (style == 6) return String(CharArray::of(0x0422, 0x043E, 0x043C, 0x0441, 0x043A));
					break;
				case 295: 
					if (style == 6) return String(CharArray::of(0x041D, 0x043E, 0x0432, 0x043E, 0x043A, 0x0443, 0x0437, 0x043D, 0x0435, 0x0446, 0x043A));
					break;
				case 284: 
					if (style == 6) return String(CharArray::of(0x041A, 0x0440, 0x0430, 0x0441, 0x043D, 0x043E, 0x044F, 0x0440, 0x0441, 0x043A));
					break;
				case 271: 
					if (style == 6) return String(CharArray::of(0x0418, 0x0440, 0x043A, 0x0443, 0x0442, 0x0441, 0x043A));
					break;
				case 253: 
					if (style == 6) return String(CharArray::of(0x0427, 0x0438, 0x0442, 0x0430));
					break;
				case 330: 
					if (style == 6) return String(CharArray::of(0x042F, 0x043A, 0x0443, 0x0442, 0x0441, 0x043A));
					break;
				case 329: 
					if (style == 6) return String(CharArray::of(0x0412, 0x043B, 0x0430, 0x0434, 0x0438, 0x0432, 0x043E, 0x0441, 0x0442, 0x043E, 0x043A));
					break;
				case 282: 
					if (style == 6) return String(CharArray::of(0x041A, 0x0430, 0x043D, 0x0434, 0x044B, 0x0433, 0x0430));
					break;
				case 308: 
					if (style == 6) return String(CharArray::of(0x0421, 0x0430, 0x0445, 0x0430, 0x043B, 0x0438, 0x043D));
					break;
				case 327: 
					if (style == 6) return String(CharArray::of(0x0423, 0x0441, 0x0442, 0x044C, 0x2D, 0x041D, 0x0435, 0x0440, 0x0430));
					break;
				case 290: 
					if (style == 6) return String(CharArray::of(0x041C, 0x0430, 0x0433, 0x0430, 0x0434, 0x0430, 0x043D));
					break;
				case 313: 
					if (style == 6) return String(CharArray::of(0x0421, 0x0440, 0x0435, 0x0434, 0x043D, 0x0435, 0x043A, 0x043E, 0x043B, 0x044B, 0x043C, 0x0441, 0x043A));
					break;
				case 277: 
					if (style == 6) return String(CharArray::of(0x041A, 0x0430, 0x043C, 0x0447, 0x0430, 0x0442, 0x043A, 0x0430));
					break;
				case 238: 
					if (style == 6) return String(CharArray::of(0x0410, 0x043D, 0x0430, 0x0434, 0x044B, 0x0440));
					break;
				case 29: 
					if (style == 6) return String(CharArray::of(0x041A, 0x0438, 0x0433, 0x0430, 0x043B, 0x0438));
					break;
				case 306: 
					if (style == 6) return String(CharArray::of(0x0420, 0x0438, 0x0439, 0x0430, 0x0434));
					break;
				case 536: 
					if (style == 6) return String(CharArray::of(0x0413, 0x0443, 0x0430, 0x0434, 0x0430, 0x043B, 0x043A, 0x0430, 0x043D, 0x0430, 0x043B));
					break;
				case 502: 
					if (style == 6) return String(CharArray::of(0x041C, 0x0430, 0x044D));
					break;
				case 28: 
					if (style == 6) return String(CharArray::of(0x041A, 0x0430, 0x0440, 0x0442, 0x0443, 0x043C));
					break;
				case 474: 
					if (style == 6) return String(CharArray::of(0x0421, 0x0442, 0x043E, 0x043A, 0x0433, 0x043E, 0x043B, 0x044C, 0x043C));
					break;
				case 312: 
					if (style == 6) return String(CharArray::of(0x0421, 0x0438, 0x043D, 0x0433, 0x0430, 0x043F, 0x0443, 0x0440));
					break;
				case 344: 
					if (style == 6) return String(CharArray::of(0x0421, 0x0435, 0x043D, 0x0442, 0x20, 0x0415, 0x043B, 0x0435, 0x043D, 0x0430));
					break;
				case 451: 
					if (style == 6) return String(CharArray::of(0x041B, 0x044E, 0x0431, 0x043B, 0x044F, 0x043D, 0x0430));
					break;
				case 234: 
					if (style == 6) return String(CharArray::of(0x041B, 0x043E, 0x043D, 0x0433, 0x0439, 0x0435, 0x0440, 0x0431, 0x0438, 0x0435, 0x043D));
					break;
				case 432: 
					if (style == 6) return String(CharArray::of(0x0411, 0x0440, 0x0430, 0x0442, 0x0438, 0x0441, 0x043B, 0x0430, 0x0432, 0x0430));
					break;
				case 22: 
					if (style == 6) return String(CharArray::of(0x0424, 0x0440, 0x0438, 0x0442, 0x0430, 0x0443, 0x043D));
					break;
				case 468: 
					if (style == 6) return String(CharArray::of(0x0421, 0x0430, 0x043D, 0x20, 0x041C, 0x0430, 0x0440, 0x0438, 0x043D, 0x043E));
					break;
				case 17: 
					if (style == 6) return String(CharArray::of(0x0414, 0x0430, 0x043A, 0x0430, 0x0440));
					break;
				case 41: 
					if (style == 6) return String(CharArray::of(0x041C, 0x043E, 0x0433, 0x0430, 0x0434, 0x0438, 0x0448, 0x0443));
					break;
				case 180: 
					if (style == 6) return String(CharArray::of(0x041F, 0x0430, 0x0440, 0x0430, 0x043C, 0x0430, 0x0440, 0x0438, 0x0431, 0x043E));
					break;
				case 26: 
					if (style == 6) return String(CharArray::of(0x0416, 0x0443, 0x0431, 0x0430));
					break;
				case 49: 
					if (style == 6) return String(CharArray::of(0x0421, 0x0430, 0x043E, 0x20, 0x0422, 0x043E, 0x043C, 0x0435));
					break;
				case 110: 
					if (style == 6) return String(CharArray::of(0x042D, 0x043B, 0x20, 0x0421, 0x0430, 0x043B, 0x0432, 0x0430, 0x0434, 0x043E, 0x0440));
					break;
				case 149: 
					if (style == 6) return String(CharArray::of(0x041B, 0x043E, 0x0443, 0x044D, 0x0440, 0x20, 0x041F, 0x0440, 0x0438, 0x043D, 0x0441, 0x0435, 0x0441, 0x20, 0x041A, 0x0443, 0x0430, 0x0442, 0x0435));
					break;
				case 259: 
					if (style == 6) return String(CharArray::of(0x0414, 0x0430, 0x043C, 0x0430, 0x0441, 0x043A));
					break;
				case 40: 
					if (style == 6) return String(CharArray::of(0x041C, 0x0431, 0x0430, 0x0431, 0x0430, 0x043D, 0x0435));
					break;
				case 118: 
					if (style == 6) return String(CharArray::of(0x0413, 0x0440, 0x0430, 0x043D, 0x0434, 0x20, 0x0422, 0x04AF, 0x0440, 0x043A));
					break;
				case 44: 
					if (style == 6) return String(CharArray::of(0x041D, 0x0436, 0x0430, 0x043C, 0x0435, 0x043D, 0x0430));
					break;
				case 501: 
					if (style == 6) return String(CharArray::of(0x041A, 0x0435, 0x0440, 0x0433, 0x0435, 0x043B, 0x0435, 0x043D));
					break;
				case 33: 
					if (style == 6) return String(CharArray::of(0x041B, 0x043E, 0x043C, 0x0435));
					break;
				case 247: 
					if (style == 6) return String(CharArray::of(0x0411, 0x0430, 0x043D, 0x0433, 0x043A, 0x043E, 0x043A));
					break;
				case 263: 
					if (style == 6) return String(CharArray::of(0x0414, 0x0443, 0x0448, 0x0430, 0x043D, 0x0431, 0x0435));
					break;
				case 531: 
					if (style == 6) return String(CharArray::of(0x0424, 0x0430, 0x043A, 0x0430, 0x043E, 0x0444, 0x043E));
					break;
				case 261: 
					if (style == 6) return String(CharArray::of(0x0414, 0x0438, 0x043B, 0x0438));
					break;
				case 241: 
					if (style == 6) return String(CharArray::of(0x0410, 0x0448, 0x0445, 0x0430, 0x0431, 0x0430, 0x0434));
					break;
				case 52: 
					if (style == 6) return String(CharArray::of(0x0422, 0x0443, 0x043D, 0x0438, 0x0441));
					break;
				case 562: 
					if (style == 6) return String(CharArray::of(0x0422, 0x043E, 0x043D, 0x0433, 0x0430, 0x0442, 0x0430, 0x043F, 0x0443));
					break;
				case 444: 
					if (style == 6) return String(CharArray::of(0x0421, 0x0442, 0x0430, 0x043C, 0x0431, 0x0443, 0x043B));
					break;
				case 183: 
					if (style == 6) return String(CharArray::of(0x041F, 0x043E, 0x0440, 0x0442, 0x20, 0x043E, 0x0444, 0x20, 0x0421, 0x043F, 0x0435, 0x0439, 0x043D));
					break;
				case 533: 
					if (style == 6) return String(CharArray::of(0x0424, 0x0443, 0x043D, 0x0430, 0x0444, 0x0443, 0x0442, 0x0438));
					break;
				case 314: 
					if (style == 6) return String(CharArray::of(0x0422, 0x0430, 0x0439, 0x043F, 0x0435, 0x0439));
					break;
				case 18: 
					if (style == 6) return String(CharArray::of(0x0414, 0x0430, 0x0440, 0x20, 0x044D, 0x0441, 0x20, 0x0421, 0x0430, 0x043B, 0x0430, 0x0430, 0x043C));
					break;
				case 447: 
					if (style == 6) return String(CharArray::of(0x041A, 0x0438, 0x0435, 0x0432));
					break;
				case 471: 
					if (style == 6) return String(CharArray::of(0x0421, 0x0438, 0x043C, 0x0444, 0x0435, 0x0440, 0x043E, 0x043F, 0x043E, 0x043B, 0x044C));
					break;
				case 27: 
					if (style == 6) return String(CharArray::of(0x041A, 0x0430, 0x043C, 0x043F, 0x0430, 0x043B, 0x0430));
					break;
				case 546: 
					if (style == 6) return String(CharArray::of(0x041C, 0x0438, 0x0434, 0x0443, 0x044D, 0x0439));
					break;
				case 564: 
					if (style == 6) return String(CharArray::of(0x0423, 0x0435, 0x0439, 0x043A));
					break;
				case 54: 
					if (style == 6) return String(CharArray::of(0x0410, 0x0434, 0x0430, 0x043A));
					break;
				case 171: 
					if (style == 6) return String(CharArray::of(0x041D, 0x043E, 0x043C));
					break;
				case 538: 
					if (style == 6) return String(CharArray::of(0x0413, 0x043E, 0x043D, 0x043E, 0x043B, 0x0443, 0x043B, 0x0443));
					break;
				case 55: 
					if (style == 6) return String(CharArray::of(0x0410, 0x043D, 0x043A, 0x043E, 0x0440, 0x0438, 0x0436));
					break;
				case 220: 
					if (style == 6) return String(CharArray::of(0x042F, 0x043A, 0x0443, 0x0442, 0x0430, 0x0442));
					break;
				case 202: 
					if (style == 6) return String(CharArray::of(0x0421, 0x0438, 0x0442, 0x043A, 0x0430));
					break;
				case 140: 
					if (style == 6) return String(CharArray::of(0x0416, 0x0443, 0x043D, 0x043E));
					break;
				case 160: 
					if (style == 6) return String(CharArray::of(0x041C, 0x0435, 0x0442, 0x043B, 0x0430, 0x043A, 0x0430, 0x0442, 0x043B, 0x0430));
					break;
				case 147: 
					if (style == 6) return String(CharArray::of(0x041B, 0x043E, 0x0441, 0x2D, 0x0410, 0x043D, 0x0436, 0x0435, 0x043B, 0x0435, 0x0441));
					break;
				case 84: 
					if (style == 6) return String(CharArray::of(0x0411, 0x043E, 0x0439, 0x0441, 0x0435));
					break;
				case 181: 
					if (style == 6) return String(CharArray::of(0x0424, 0x0435, 0x043D, 0x0438, 0x043A, 0x0441));
					break;
				case 105: 
					if (style == 6) return String(CharArray::of(0x0414, 0x0435, 0x043D, 0x0432, 0x0435, 0x0440));
					break;
				case 173: 
					if (style == 6) return String(CharArray::of(0x0411, 0x0435, 0x0443, 0x043B, 0x0430, 0x2C, 0x20, 0x0422, 0x04AF, 0x043D, 0x0434, 0x04AF, 0x043A, 0x20, 0x0414, 0x0430, 0x043A, 0x043E, 0x0442, 0x0430));
					break;
				case 175: 
					if (style == 6) return String(CharArray::of(0x041D, 0x044C, 0x044E, 0x2D, 0x0421, 0x0430, 0x043B, 0x0435, 0x043C, 0x2C, 0x20, 0x0422, 0x04AF, 0x043D, 0x0434, 0x04AF, 0x043A, 0x20, 0x0414, 0x0430, 0x043A, 0x043E, 0x0442, 0x0430));
					break;
				case 174: 
					if (style == 6) return String(CharArray::of(0x0422, 0x04AF, 0x043D, 0x0434, 0x04AF, 0x043A, 0x20, 0x0414, 0x0430, 0x043A, 0x043E, 0x0442, 0x0430, 0x043D, 0x044B, 0x043D, 0x20, 0x0431, 0x043E, 0x0440, 0x0431, 0x043E, 0x0440, 0x0443));
					break;
				case 93: 
					if (style == 6) return String(CharArray::of(0x0427, 0x0438, 0x043A, 0x0430, 0x0433, 0x043E));
					break;
				case 158: 
					if (style == 6) return String(CharArray::of(0x041C, 0x0435, 0x043D, 0x043E, 0x043C, 0x0438, 0x043D, 0x0438));
					break;
				case 133: 
					if (style == 6) return String(CharArray::of(0x0412, 0x0438, 0x043D, 0x0441, 0x0435, 0x043D, 0x2C, 0x20, 0x0418, 0x043D, 0x0434, 0x0438, 0x0430, 0x043D, 0x0430));
					break;
				case 130: 
					if (style == 6) return String(CharArray::of(0x041F, 0x0438, 0x0442, 0x0435, 0x0440, 0x0441, 0x0431, 0x0443, 0x0440, 0x0433, 0x2C, 0x20, 0x0418, 0x043D, 0x0434, 0x0438, 0x0430, 0x043D, 0x0430));
					break;
				case 131: 
					if (style == 6) return String(CharArray::of(0x0422, 0x0435, 0x043B, 0x043B, 0x20, 0x0421, 0x0438, 0x0442, 0x0438, 0x2C, 0x20, 0x0418, 0x043D, 0x0434, 0x0438, 0x0430, 0x043D, 0x0430));
					break;
				case 128: 
					if (style == 6) return String(CharArray::of(0x041D, 0x043E, 0x043A, 0x0441, 0x2C, 0x20, 0x0418, 0x043D, 0x0434, 0x0438, 0x0430, 0x043D, 0x0430));
					break;
				case 134: 
					if (style == 6) return String(CharArray::of(0x0423, 0x0438, 0x043D, 0x0430, 0x043C, 0x0430, 0x043A, 0x2C, 0x20, 0x0418, 0x043D, 0x0434, 0x0438, 0x0430, 0x043D, 0x0430));
					break;
				case 129: 
					if (style == 6) return String(CharArray::of(0x041C, 0x0430, 0x0440, 0x0435, 0x043D, 0x0433, 0x043E, 0x2C, 0x20, 0x0418, 0x043D, 0x0434, 0x0438, 0x0430, 0x043D, 0x0430));
					break;
				case 135: 
					if (style == 6) return String(CharArray::of(0x0418, 0x043D, 0x0434, 0x0438, 0x0430, 0x043D, 0x0430, 0x043F, 0x043E, 0x043B, 0x0438, 0x0441));
					break;
				case 148: 
					if (style == 6) return String(CharArray::of(0x041B, 0x0443, 0x0438, 0x0437, 0x0432, 0x0438, 0x043B, 0x043B));
					break;
				case 132: 
					if (style == 6) return String(CharArray::of(0x0412, 0x0438, 0x0432, 0x0435, 0x0439, 0x2C, 0x20, 0x0418, 0x043D, 0x0434, 0x0438, 0x0430, 0x043D, 0x0430));
					break;
				case 142: 
					if (style == 6) return String(CharArray::of(0x041C, 0x043E, 0x043D, 0x0442, 0x0438, 0x0447, 0x0435, 0x043B, 0x043B, 0x043E, 0x2C, 0x20, 0x041A, 0x0435, 0x043D, 0x0442, 0x0443, 0x043A, 0x043A, 0x0438));
					break;
				case 106: 
					if (style == 6) return String(CharArray::of(0x0414, 0x0435, 0x0442, 0x0440, 0x043E, 0x0439, 0x0442));
					break;
				case 169: 
					if (style == 6) return String(CharArray::of(0x041D, 0x044C, 0x044E, 0x2D, 0x0419, 0x043E, 0x0440, 0x043A));
					break;
				case 165: 
					if (style == 6) return String(CharArray::of(0x041C, 0x043E, 0x043D, 0x0442, 0x0435, 0x0432, 0x0438, 0x0434, 0x0435, 0x043E));
					break;
				case 309: 
					if (style == 6) return String(CharArray::of(0x0421, 0x0430, 0x043C, 0x0430, 0x0440, 0x043A, 0x0430, 0x043D, 0x0434));
					break;
				case 315: 
					if (style == 6) return String(CharArray::of(0x0422, 0x0430, 0x0448, 0x043A, 0x0435, 0x043D, 0x0442));
					break;
				case 481: 
					if (style == 6) return String(CharArray::of(0x0412, 0x0430, 0x0442, 0x0438, 0x043A, 0x0430, 0x043D));
					break;
				case 208: 
					if (style == 6) return String(CharArray::of(0x0421, 0x0435, 0x043D, 0x0442, 0x2D, 0x0412, 0x0438, 0x043D, 0x0441, 0x0435, 0x043D, 0x0442));
					break;
				case 89: 
					if (style == 6) return String(CharArray::of(0x041A, 0x0430, 0x0440, 0x0430, 0x043A, 0x0430, 0x0441));
					break;
				case 215: 
					if (style == 6) return String(CharArray::of(0x0422, 0x043E, 0x0440, 0x0442, 0x043E, 0x043B, 0x0430));
					break;
				case 207: 
					if (style == 6) return String(CharArray::of(0x0421, 0x0435, 0x043D, 0x0442, 0x2D, 0x0422, 0x043E, 0x043C, 0x0430, 0x0441));
					break;
				case 307: 
					if (style == 6) return String(CharArray::of(0x0425, 0x043E, 0x20, 0x0428, 0x0438, 0x20, 0x041C, 0x0438, 0x043D));
					break;
				case 529: 
					if (style == 6) return String(CharArray::of(0x042D, 0x0444, 0x0430, 0x0442));
					break;
				case 565: 
					if (style == 6) return String(CharArray::of(0x0423, 0x043E, 0x043B, 0x0438, 0x0441));
					break;
				case 523: 
					if (style == 6) return String(CharArray::of(0x0410, 0x043F, 0x0438, 0x0430));
					break;
				case 235: 
					if (style == 6) return String(CharArray::of(0x0410, 0x0434, 0x0435, 0x043D));
					break;
				case 505: 
					if (style == 6) return String(CharArray::of(0x041C, 0x0430, 0x0439, 0x043E, 0x0442, 0x0442));
					break;
				case 25: 
					if (style == 6) return String(CharArray::of(0x0419, 0x043E, 0x0445, 0x0430, 0x043D, 0x043D, 0x0435, 0x0441, 0x0431, 0x0443, 0x0440, 0x0433));
					break;
				case 36: 
					if (style == 6) return String(CharArray::of(0x041B, 0x0443, 0x0441, 0x0430, 0x043A, 0x0430));
					break;
				case 24: 
					if (style == 6) return String(CharArray::of(0x0425, 0x0430, 0x0440, 0x0430, 0x0440, 0x0435));
					break;
            default: break;
            }
            return String();
        }
        
        String Ky::displayGlobalTimezone(gint tz, gint style) const {
            switch(tz) {
				case 1: 
				if (style == 1) return String(CharArray::of(0x0410, 0x0444, 0x0433, 0x0430, 0x043D, 0x0438, 0x0441, 0x0442, 0x0430, 0x043D, 0x20, 0x0443, 0x0431, 0x0430, 0x043A, 0x0442, 0x044B, 0x0441, 0x044B));
					break;
				case 2: 
				if (style == 1) return String(CharArray::of(0x0411, 0x043E, 0x0440, 0x0431, 0x043E, 0x0440, 0x0434, 0x0443, 0x043A, 0x20, 0x0410, 0x0444, 0x0440, 0x0438, 0x043A, 0x0430, 0x20, 0x0443, 0x0431, 0x0430, 0x043A, 0x0442, 0x044B, 0x0441, 0x044B));
					break;
				case 3: 
				if (style == 1) return String(CharArray::of(0x0427, 0x044B, 0x0433, 0x044B, 0x0448, 0x20, 0x0410, 0x0444, 0x0440, 0x0438, 0x043A, 0x0430, 0x20, 0x0443, 0x0431, 0x0430, 0x043A, 0x0442, 0x044B, 0x0441, 0x044B));
					break;
				case 4: 
				if (style == 1) return String(CharArray::of(0x0422, 0x04AF, 0x0448, 0x0442, 0x04AF, 0x043A, 0x20, 0x0410, 0x0444, 0x0440, 0x0438, 0x043A, 0x0430, 0x20, 0x0443, 0x0431, 0x0430, 0x043A, 0x0442, 0x044B, 0x0441, 0x044B));
					break;
				case 5: 
				if (style == 0) return String(CharArray::of(0x0411, 0x0430, 0x0442, 0x044B, 0x0448, 0x20, 0x0410, 0x0444, 0x0440, 0x0438, 0x043A, 0x0430, 0x20, 0x0443, 0x0431, 0x0430, 0x043A, 0x0442, 0x044B, 0x0441, 0x044B));
				if (style == 1) return String(CharArray::of(0x0411, 0x0430, 0x0442, 0x044B, 0x0448, 0x20, 0x0410, 0x0444, 0x0440, 0x0438, 0x043A, 0x0430, 0x20, 0x043A, 0x044B, 0x0448, 0x043A, 0x044B, 0x20, 0x0443, 0x0431, 0x0430, 0x043A, 0x044B, 0x0442, 0x044B));
				if (style == 2) return String(CharArray::of(0x0411, 0x0430, 0x0442, 0x044B, 0x0448, 0x20, 0x0410, 0x0444, 0x0440, 0x0438, 0x043A, 0x0430, 0x20, 0x0436, 0x0430, 0x0439, 0x043A, 0x044B, 0x20, 0x0443, 0x0431, 0x0430, 0x043A, 0x0442, 0x044B, 0x0441, 0x044B));
					break;
				case 6: 
				if (style == 0) return String(CharArray::of(0x0410, 0x043B, 0x044F, 0x0441, 0x043A, 0x0430, 0x20, 0x0443, 0x0431, 0x0430, 0x043A, 0x0442, 0x044B, 0x0441, 0x044B));
				if (style == 1) return String(CharArray::of(0x0410, 0x043B, 0x044F, 0x0441, 0x043A, 0x0430, 0x20, 0x043A, 0x044B, 0x0448, 0x043A, 0x044B, 0x20, 0x0443, 0x0431, 0x0430, 0x043A, 0x0442, 0x044B, 0x0441, 0x044B));
				if (style == 2) return String(CharArray::of(0x0410, 0x043B, 0x044F, 0x0441, 0x043A, 0x0430, 0x20, 0x0436, 0x0430, 0x0439, 0x043A, 0x044B, 0x20, 0x0443, 0x0431, 0x0430, 0x043A, 0x0442, 0x044B, 0x0441, 0x044B));
					break;
				case 8: 
				if (style == 0) return String(CharArray::of(0x0410, 0x043C, 0x0430, 0x0437, 0x043E, 0x043D, 0x20, 0x0443, 0x0431, 0x0430, 0x043A, 0x0442, 0x044B, 0x0441, 0x044B));
				if (style == 1) return String(CharArray::of(0x0410, 0x043C, 0x0430, 0x0437, 0x043E, 0x043D, 0x20, 0x043A, 0x044B, 0x0448, 0x043A, 0x044B, 0x20, 0x0443, 0x0431, 0x0430, 0x043A, 0x0442, 0x044B, 0x0441, 0x044B));
				if (style == 2) return String(CharArray::of(0x0410, 0x043C, 0x0430, 0x0437, 0x043E, 0x043D, 0x20, 0x0436, 0x0430, 0x0439, 0x043A, 0x044B, 0x20, 0x0443, 0x0431, 0x0430, 0x043A, 0x0442, 0x044B, 0x0441, 0x044B));
					break;
				case 9: 
				if (style == 0) return String(CharArray::of(0x0422, 0x04AF, 0x043D, 0x0434, 0x04AF, 0x043A, 0x20, 0x0410, 0x043C, 0x0435, 0x0440, 0x0438, 0x043A, 0x0430, 0x2C, 0x20, 0x0431, 0x043E, 0x0440, 0x0431, 0x043E, 0x0440, 0x0434, 0x0443, 0x043A, 0x20, 0x0443, 0x0431, 0x0430, 0x043A, 0x044B, 0x0442));
				if (style == 1) return String(CharArray::of(0x0422, 0x04AF, 0x043D, 0x0434, 0x04AF, 0x043A, 0x20, 0x0410, 0x043C, 0x0435, 0x0440, 0x0438, 0x043A, 0x0430, 0x2C, 0x20, 0x0431, 0x043E, 0x0440, 0x0431, 0x043E, 0x0440, 0x0434, 0x0443, 0x043A, 0x20, 0x043A, 0x044B, 0x0448, 0x043A, 0x044B, 0x20, 0x0443, 0x0431, 0x0430, 0x043A, 0x0442, 0x044B, 0x0441, 0x044B));
				if (style == 2) return String(CharArray::of(0x0422, 0x04AF, 0x043D, 0x0434, 0x04AF, 0x043A, 0x20, 0x0410, 0x043C, 0x0435, 0x0440, 0x0438, 0x043A, 0x0430, 0x2C, 0x20, 0x0431, 0x043E, 0x0440, 0x0431, 0x043E, 0x0440, 0x0434, 0x0443, 0x043A, 0x20, 0x0436, 0x0430, 0x0439, 0x043A, 0x044B, 0x20, 0x0443, 0x0431, 0x0430, 0x043A, 0x0442, 0x044B, 0x0441, 0x044B));
					break;
				case 10: 
				if (style == 0) return String(CharArray::of(0x0422, 0x04AF, 0x043D, 0x0434, 0x04AF, 0x043A, 0x20, 0x0410, 0x043C, 0x0435, 0x0440, 0x0438, 0x043A, 0x0430, 0x2C, 0x20, 0x0447, 0x044B, 0x0433, 0x044B, 0x0448, 0x20, 0x0443, 0x0431, 0x0430, 0x043A, 0x0442, 0x044B, 0x0441, 0x044B));
				if (style == 1) return String(CharArray::of(0x0422, 0x04AF, 0x043D, 0x0434, 0x04AF, 0x043A, 0x20, 0x0410, 0x043C, 0x0435, 0x0440, 0x0438, 0x043A, 0x0430, 0x2C, 0x20, 0x0447, 0x044B, 0x0433, 0x044B, 0x0448, 0x20, 0x043A, 0x044B, 0x0448, 0x043A, 0x044B, 0x20, 0x0443, 0x0431, 0x0430, 0x043A, 0x0442, 0x044B, 0x0441, 0x044B));
				if (style == 2) return String(CharArray::of(0x0422, 0x04AF, 0x043D, 0x0434, 0x04AF, 0x043A, 0x20, 0x0410, 0x043C, 0x0435, 0x0440, 0x0438, 0x043A, 0x0430, 0x2C, 0x20, 0x0447, 0x044B, 0x0433, 0x044B, 0x0448, 0x20, 0x0436, 0x0430, 0x0439, 0x043A, 0x044B, 0x20, 0x0443, 0x0431, 0x0430, 0x043A, 0x0442, 0x044B, 0x0441, 0x044B));
					break;
				case 11: 
				if (style == 0) return String(CharArray::of(0x0422, 0x04AF, 0x043D, 0x0434, 0x04AF, 0x043A, 0x20, 0x0410, 0x043C, 0x0435, 0x0440, 0x0438, 0x043A, 0x0430, 0x2C, 0x20, 0x0442, 0x043E, 0x043E, 0x20, 0x0443, 0x0431, 0x0430, 0x043A, 0x0442, 0x044B, 0x0441, 0x044B));
				if (style == 1) return String(CharArray::of(0x0422, 0x04AF, 0x043D, 0x0434, 0x04AF, 0x043A, 0x20, 0x0410, 0x043C, 0x0435, 0x0440, 0x0438, 0x043A, 0x0430, 0x2C, 0x20, 0x0442, 0x043E, 0x043E, 0x20, 0x043A, 0x044B, 0x0448, 0x043A, 0x044B, 0x20, 0x0443, 0x0431, 0x0430, 0x043A, 0x0442, 0x044B, 0x0441, 0x044B));
				if (style == 2) return String(CharArray::of(0x0422, 0x04AF, 0x043D, 0x0434, 0x04AF, 0x043A, 0x20, 0x0410, 0x043C, 0x0435, 0x0440, 0x0438, 0x043A, 0x0430, 0x2C, 0x20, 0x0442, 0x043E, 0x043E, 0x20, 0x0436, 0x0430, 0x0439, 0x043A, 0x044B, 0x20, 0x0443, 0x0431, 0x0430, 0x043A, 0x0442, 0x044B, 0x0441, 0x044B));
					break;
				case 12: 
				if (style == 0) return String(CharArray::of(0x0422, 0x04AF, 0x043D, 0x0434, 0x04AF, 0x043A, 0x20, 0x0410, 0x043C, 0x0435, 0x0440, 0x0438, 0x043A, 0x0430, 0x2C, 0x20, 0x0422, 0x044B, 0x043D, 0x0447, 0x20, 0x043E, 0x043A, 0x0435, 0x0430, 0x043D, 0x20, 0x0443, 0x0431, 0x0430, 0x043A, 0x0442, 0x044B, 0x0441, 0x044B));
				if (style == 1) return String(CharArray::of(0x0422, 0x04AF, 0x043D, 0x0434, 0x04AF, 0x043A, 0x20, 0x0410, 0x043C, 0x0435, 0x0440, 0x0438, 0x043A, 0x0430, 0x2C, 0x20, 0x0422, 0x044B, 0x043D, 0x0447, 0x20, 0x043E, 0x043A, 0x0435, 0x0430, 0x043D, 0x20, 0x043A, 0x044B, 0x0448, 0x043A, 0x044B, 0x20, 0x0443, 0x0431, 0x0430, 0x043A, 0x0442, 0x044B, 0x0441, 0x044B));
				if (style == 2) return String(CharArray::of(0x0422, 0x04AF, 0x043D, 0x0434, 0x04AF, 0x043A, 0x20, 0x0410, 0x043C, 0x0435, 0x0440, 0x0438, 0x043A, 0x0430, 0x2C, 0x20, 0x0422, 0x044B, 0x043D, 0x0447, 0x20, 0x043E, 0x043A, 0x0435, 0x0430, 0x043D, 0x20, 0x0436, 0x0430, 0x0439, 0x043A, 0x044B, 0x20, 0x0443, 0x0431, 0x0430, 0x043A, 0x0442, 0x044B, 0x0441, 0x044B));
					break;
				case 14: 
				if (style == 0) return String(CharArray::of(0x0410, 0x043F, 0x0438, 0x0430, 0x20, 0x0443, 0x0431, 0x0430, 0x043A, 0x0442, 0x044B, 0x0441, 0x044B));
				if (style == 1) return String(CharArray::of(0x0410, 0x043F, 0x0438, 0x0430, 0x20, 0x043A, 0x044B, 0x0448, 0x043A, 0x044B, 0x20, 0x0443, 0x0431, 0x0430, 0x043A, 0x0442, 0x044B, 0x0441, 0x044B));
				if (style == 2) return String(CharArray::of(0x0410, 0x043F, 0x0438, 0x0430, 0x20, 0x0436, 0x0430, 0x0439, 0x043A, 0x044B, 0x20, 0x0443, 0x0431, 0x0430, 0x043A, 0x0442, 0x044B, 0x0441, 0x044B));
					break;
				case 17: 
				if (style == 0) return String(CharArray::of(0x0410, 0x0440, 0x0430, 0x0431, 0x0438, 0x044F, 0x20, 0x0443, 0x0431, 0x0430, 0x043A, 0x0442, 0x044B, 0x0441, 0x044B));
				if (style == 1) return String(CharArray::of(0x0410, 0x0440, 0x0430, 0x0431, 0x0438, 0x044F, 0x20, 0x043A, 0x044B, 0x0448, 0x043A, 0x044B, 0x20, 0x0443, 0x0431, 0x0430, 0x043A, 0x044B, 0x0442, 0x044B));
				if (style == 2) return String(CharArray::of(0x0410, 0x0440, 0x0430, 0x0431, 0x0438, 0x044F, 0x20, 0x0436, 0x0430, 0x0439, 0x043A, 0x044B, 0x20, 0x0443, 0x0431, 0x0430, 0x043A, 0x044B, 0x0442, 0x044B));
					break;
				case 18: 
				if (style == 0) return String(CharArray::of(0x0410, 0x0440, 0x0433, 0x0435, 0x043D, 0x0442, 0x0438, 0x043D, 0x0430, 0x20, 0x0443, 0x0431, 0x0430, 0x043A, 0x0442, 0x044B, 0x0441, 0x044B));
				if (style == 1) return String(CharArray::of(0x0410, 0x0440, 0x0433, 0x0435, 0x043D, 0x0442, 0x0438, 0x043D, 0x0430, 0x20, 0x043A, 0x044B, 0x0448, 0x043A, 0x044B, 0x20, 0x0443, 0x0431, 0x0430, 0x043A, 0x0442, 0x044B, 0x0441, 0x044B));
				if (style == 2) return String(CharArray::of(0x0410, 0x0440, 0x0433, 0x0435, 0x043D, 0x0442, 0x0438, 0x043D, 0x0430, 0x20, 0x0436, 0x0430, 0x0439, 0x043A, 0x044B, 0x20, 0x0443, 0x0431, 0x0430, 0x043A, 0x0442, 0x044B, 0x0441, 0x044B));
					break;
				case 19: 
				if (style == 0) return String(CharArray::of(0x0411, 0x0430, 0x0442, 0x044B, 0x0448, 0x20, 0x0410, 0x0440, 0x0433, 0x0435, 0x043D, 0x0442, 0x0438, 0x043D, 0x0430, 0x20, 0x0443, 0x0431, 0x0430, 0x043A, 0x0442, 0x044B, 0x0441, 0x044B));
				if (style == 1) return String(CharArray::of(0x0411, 0x0430, 0x0442, 0x044B, 0x0448, 0x20, 0x0410, 0x0440, 0x0433, 0x0435, 0x043D, 0x0442, 0x0438, 0x043D, 0x0430, 0x20, 0x043A, 0x044B, 0x0448, 0x043A, 0x044B, 0x20, 0x0443, 0x0431, 0x0430, 0x043A, 0x0442, 0x044B, 0x0441, 0x044B));
				if (style == 2) return String(CharArray::of(0x0411, 0x0430, 0x0442, 0x044B, 0x0448, 0x20, 0x0410, 0x0440, 0x0433, 0x0435, 0x043D, 0x0442, 0x0438, 0x043D, 0x0430, 0x20, 0x0436, 0x0430, 0x0439, 0x043A, 0x044B, 0x20, 0x0443, 0x0431, 0x0430, 0x043A, 0x0442, 0x044B, 0x0441, 0x044B));
					break;
				case 20: 
				if (style == 0) return String(CharArray::of(0x0410, 0x0440, 0x043C, 0x0435, 0x043D, 0x0438, 0x044F, 0x20, 0x0443, 0x0431, 0x0430, 0x043A, 0x0442, 0x044B, 0x0441, 0x044B));
				if (style == 1) return String(CharArray::of(0x0410, 0x0440, 0x043C, 0x0435, 0x043D, 0x0438, 0x044F, 0x20, 0x043A, 0x044B, 0x0448, 0x043A, 0x044B, 0x20, 0x0443, 0x0431, 0x0430, 0x043A, 0x044B, 0x0442, 0x044B));
				if (style == 2) return String(CharArray::of(0x0410, 0x0440, 0x043C, 0x0435, 0x043D, 0x0438, 0x044F, 0x20, 0x0436, 0x0430, 0x0439, 0x043A, 0x044B, 0x20, 0x0443, 0x0431, 0x0430, 0x043A, 0x0442, 0x044B, 0x0441, 0x044B));
					break;
				case 21: 
				if (style == 0) return String(CharArray::of(0x0410, 0x0442, 0x043B, 0x0430, 0x043D, 0x0442, 0x0438, 0x043A, 0x0430, 0x20, 0x0443, 0x0431, 0x0430, 0x043A, 0x0442, 0x044B, 0x0441, 0x044B));
				if (style == 1) return String(CharArray::of(0x0410, 0x0442, 0x043B, 0x0430, 0x043D, 0x0442, 0x0438, 0x043A, 0x0430, 0x20, 0x043A, 0x044B, 0x0448, 0x043A, 0x044B, 0x20, 0x0443, 0x0431, 0x0430, 0x043A, 0x0442, 0x044B, 0x0441, 0x044B));
				if (style == 2) return String(CharArray::of(0x0410, 0x0442, 0x043B, 0x0430, 0x043D, 0x0442, 0x0438, 0x043A, 0x0430, 0x20, 0x0436, 0x0430, 0x0439, 0x043A, 0x044B, 0x20, 0x0443, 0x0431, 0x0430, 0x043A, 0x0442, 0x044B, 0x0441, 0x044B));
					break;
				case 22: 
				if (style == 0) return String(CharArray::of(0x0410, 0x0432, 0x0441, 0x0442, 0x0440, 0x0430, 0x043B, 0x0438, 0x044F, 0x20, 0x0431, 0x043E, 0x0440, 0x0431, 0x043E, 0x0440, 0x0434, 0x0443, 0x043A, 0x20, 0x0443, 0x0431, 0x0430, 0x043A, 0x0442, 0x044B, 0x0441, 0x044B));
				if (style == 1) return String(CharArray::of(0x0410, 0x0432, 0x0441, 0x0442, 0x0440, 0x0430, 0x043B, 0x0438, 0x044F, 0x20, 0x0431, 0x043E, 0x0440, 0x0431, 0x043E, 0x0440, 0x0434, 0x0443, 0x043A, 0x20, 0x043A, 0x044B, 0x0448, 0x043A, 0x044B, 0x20, 0x0443, 0x0431, 0x0430, 0x043A, 0x044B, 0x0442, 0x044B));
				if (style == 2) return String(CharArray::of(0x0410, 0x0432, 0x0441, 0x0442, 0x0440, 0x0430, 0x043B, 0x0438, 0x044F, 0x20, 0x0431, 0x043E, 0x0440, 0x0431, 0x043E, 0x0440, 0x0434, 0x0443, 0x043A, 0x20, 0x0436, 0x0430, 0x0439, 0x043A, 0x044B, 0x20, 0x0443, 0x0431, 0x0430, 0x043A, 0x0442, 0x044B, 0x0441, 0x044B));
					break;
				case 23: 
				if (style == 0) return String(CharArray::of(0x0410, 0x0432, 0x0441, 0x0442, 0x0440, 0x0430, 0x043B, 0x0438, 0x044F, 0x20, 0x0431, 0x043E, 0x0440, 0x0431, 0x043E, 0x0440, 0x0434, 0x0443, 0x043A, 0x20, 0x0431, 0x0430, 0x0442, 0x044B, 0x0448, 0x20, 0x0443, 0x0431, 0x0430, 0x043A, 0x0442, 0x044B, 0x0441, 0x044B));
				if (style == 1) return String(CharArray::of(0x0410, 0x0432, 0x0441, 0x0442, 0x0440, 0x0430, 0x043B, 0x0438, 0x044F, 0x20, 0x0431, 0x043E, 0x0440, 0x0431, 0x043E, 0x0440, 0x0434, 0x0443, 0x043A, 0x20, 0x0431, 0x0430, 0x0442, 0x044B, 0x0448, 0x20, 0x043A, 0x044B, 0x0448, 0x043A, 0x044B, 0x20, 0x0443, 0x0431, 0x0430, 0x043A, 0x044B, 0x0442, 0x044B));
				if (style == 2) return String(CharArray::of(0x0410, 0x0432, 0x0441, 0x0442, 0x0440, 0x0430, 0x043B, 0x0438, 0x044F, 0x20, 0x0431, 0x043E, 0x0440, 0x0431, 0x043E, 0x0440, 0x0434, 0x0443, 0x043A, 0x20, 0x0447, 0x044B, 0x0433, 0x044B, 0x0448, 0x20, 0x0436, 0x0430, 0x0439, 0x043A, 0x044B, 0x20, 0x0443, 0x0431, 0x0430, 0x043A, 0x0442, 0x044B, 0x0441, 0x044B));
					break;
				case 24: 
				if (style == 0) return String(CharArray::of(0x0410, 0x0432, 0x0441, 0x0442, 0x0440, 0x0430, 0x043B, 0x0438, 0x044F, 0x20, 0x0447, 0x044B, 0x0433, 0x044B, 0x0448, 0x20, 0x0443, 0x0431, 0x0430, 0x043A, 0x0442, 0x044B, 0x0441, 0x044B));
				if (style == 1) return String(CharArray::of(0x0410, 0x0432, 0x0441, 0x0442, 0x0440, 0x0430, 0x043B, 0x0438, 0x044F, 0x20, 0x0447, 0x044B, 0x0433, 0x044B, 0x0448, 0x20, 0x043A, 0x044B, 0x0448, 0x043A, 0x044B, 0x20, 0x0443, 0x0431, 0x0430, 0x043A, 0x044B, 0x0442, 0x044B));
				if (style == 2) return String(CharArray::of(0x0410, 0x0432, 0x0441, 0x0442, 0x0440, 0x0430, 0x043B, 0x0438, 0x044F, 0x20, 0x0447, 0x044B, 0x0433, 0x044B, 0x0448, 0x20, 0x0436, 0x0430, 0x0439, 0x043A, 0x044B, 0x20, 0x0443, 0x0431, 0x0430, 0x043A, 0x0442, 0x044B, 0x0441, 0x044B));
					break;
				case 25: 
				if (style == 0) return String(CharArray::of(0x0410, 0x0432, 0x0441, 0x0442, 0x0440, 0x0430, 0x043B, 0x0438, 0x044F, 0x20, 0x0431, 0x0430, 0x0442, 0x044B, 0x0448, 0x20, 0x0443, 0x0431, 0x0430, 0x043A, 0x0442, 0x044B, 0x0441, 0x044B));
				if (style == 1) return String(CharArray::of(0x0410, 0x0432, 0x0441, 0x0442, 0x0440, 0x0430, 0x043B, 0x0438, 0x044F, 0x20, 0x0431, 0x0430, 0x0442, 0x044B, 0x0448, 0x20, 0x043A, 0x044B, 0x0448, 0x043A, 0x044B, 0x20, 0x0443, 0x0431, 0x0430, 0x043A, 0x044B, 0x0442, 0x044B));
				if (style == 2) return String(CharArray::of(0x0410, 0x0432, 0x0441, 0x0442, 0x0440, 0x0430, 0x043B, 0x0438, 0x044F, 0x20, 0x0431, 0x0430, 0x0442, 0x044B, 0x0448, 0x20, 0x0436, 0x0430, 0x0439, 0x043A, 0x044B, 0x20, 0x0443, 0x0431, 0x0430, 0x043A, 0x0442, 0x044B, 0x0441, 0x044B));
					break;
				case 26: 
				if (style == 0) return String(CharArray::of(0x0410, 0x0437, 0x0435, 0x0440, 0x0431, 0x0430, 0x0439, 0x0436, 0x0430, 0x043D, 0x20, 0x0443, 0x0431, 0x0430, 0x043A, 0x0442, 0x044B, 0x0441, 0x044B));
				if (style == 1) return String(CharArray::of(0x0410, 0x0437, 0x0435, 0x0440, 0x0431, 0x0430, 0x0439, 0x0436, 0x0430, 0x043D, 0x20, 0x043A, 0x044B, 0x0448, 0x043A, 0x044B, 0x20, 0x0443, 0x0431, 0x0430, 0x043A, 0x044B, 0x0442, 0x044B));
				if (style == 2) return String(CharArray::of(0x0410, 0x0437, 0x0435, 0x0440, 0x0431, 0x0430, 0x0439, 0x0436, 0x0430, 0x043D, 0x20, 0x0436, 0x0430, 0x0439, 0x043A, 0x044B, 0x20, 0x0443, 0x0431, 0x0430, 0x043A, 0x0442, 0x044B, 0x0441, 0x044B));
					break;
				case 27: 
				if (style == 0) return String(CharArray::of(0x0410, 0x0437, 0x043E, 0x0440, 0x20, 0x0443, 0x0431, 0x0430, 0x043A, 0x0442, 0x044B, 0x0441, 0x044B));
				if (style == 1) return String(CharArray::of(0x0410, 0x0437, 0x043E, 0x0440, 0x20, 0x043A, 0x044B, 0x0448, 0x043A, 0x044B, 0x20, 0x0443, 0x0431, 0x0430, 0x043A, 0x044B, 0x0442, 0x044B));
				if (style == 2) return String(CharArray::of(0x0410, 0x0437, 0x043E, 0x0440, 0x0441, 0x20, 0x0436, 0x0430, 0x0439, 0x043A, 0x044B, 0x20, 0x0443, 0x0431, 0x0430, 0x043A, 0x0442, 0x044B, 0x0441, 0x044B));
					break;
				case 28: 
				if (style == 0) return String(CharArray::of(0x0411, 0x0430, 0x043D, 0x0433, 0x043B, 0x0430, 0x0434, 0x0435, 0x0448, 0x20, 0x0443, 0x0431, 0x0430, 0x043A, 0x0442, 0x044B, 0x0441, 0x044B));
				if (style == 1) return String(CharArray::of(0x0411, 0x0430, 0x043D, 0x0433, 0x043B, 0x0430, 0x0434, 0x0435, 0x0448, 0x20, 0x043A, 0x044B, 0x0448, 0x043A, 0x044B, 0x20, 0x0443, 0x0431, 0x0430, 0x043A, 0x044B, 0x0442, 0x044B));
				if (style == 2) return String(CharArray::of(0x0411, 0x0430, 0x043D, 0x0433, 0x043B, 0x0430, 0x0434, 0x0435, 0x0448, 0x20, 0x0436, 0x0430, 0x0439, 0x043A, 0x044B, 0x20, 0x0443, 0x0431, 0x0430, 0x043A, 0x0442, 0x044B, 0x0441, 0x044B));
					break;
				case 29: 
				if (style == 1) return String(CharArray::of(0x0411, 0x0443, 0x0442, 0x0430, 0x043D, 0x20, 0x0443, 0x0431, 0x0430, 0x043A, 0x0442, 0x044B, 0x0441, 0x044B));
					break;
				case 30: 
				if (style == 1) return String(CharArray::of(0x0411, 0x043E, 0x043B, 0x0438, 0x0432, 0x0438, 0x044F, 0x20, 0x0443, 0x0431, 0x0430, 0x043A, 0x0442, 0x044B, 0x0441, 0x044B));
					break;
				case 31: 
				if (style == 0) return String(CharArray::of(0x0411, 0x0440, 0x0430, 0x0437, 0x0438, 0x043B, 0x0438, 0x044F, 0x20, 0x0443, 0x0431, 0x0430, 0x043A, 0x0442, 0x044B, 0x0441, 0x044B));
				if (style == 1) return String(CharArray::of(0x0411, 0x0440, 0x0430, 0x0437, 0x0438, 0x043B, 0x0438, 0x044F, 0x20, 0x043A, 0x044B, 0x0448, 0x043A, 0x044B, 0x20, 0x0443, 0x0431, 0x0430, 0x043A, 0x0442, 0x044B, 0x0441, 0x044B));
				if (style == 2) return String(CharArray::of(0x0411, 0x0440, 0x0430, 0x0437, 0x0438, 0x043B, 0x0438, 0x044F, 0x20, 0x0436, 0x0430, 0x0439, 0x043A, 0x044B, 0x20, 0x0443, 0x0431, 0x0430, 0x043A, 0x0442, 0x044B, 0x0441, 0x044B));
					break;
				case 32: 
				if (style == 1) return String(CharArray::of(0x0411, 0x0440, 0x0443, 0x043D, 0x0435, 0x0439, 0x20, 0x0414, 0x0430, 0x0440, 0x0443, 0x0441, 0x0441, 0x0430, 0x043B, 0x0430, 0x043C, 0x20, 0x0443, 0x0431, 0x0430, 0x043A, 0x0442, 0x044B, 0x0441, 0x044B));
					break;
				case 33: 
				if (style == 0) return String(CharArray::of(0x041A, 0x0430, 0x043F, 0x0435, 0x20, 0x0412, 0x0435, 0x0440, 0x0434, 0x0435, 0x20, 0x0443, 0x0431, 0x0430, 0x043A, 0x0442, 0x044B, 0x0441, 0x044B));
				if (style == 1) return String(CharArray::of(0x041A, 0x0430, 0x043F, 0x0435, 0x20, 0x0412, 0x0435, 0x0440, 0x0434, 0x0435, 0x20, 0x043A, 0x044B, 0x0448, 0x043A, 0x044B, 0x20, 0x0443, 0x0431, 0x0430, 0x043A, 0x044B, 0x0442, 0x044B));
				if (style == 2) return String(CharArray::of(0x041A, 0x0430, 0x043F, 0x0435, 0x20, 0x0412, 0x0435, 0x0440, 0x0434, 0x0435, 0x20, 0x0436, 0x0430, 0x0439, 0x043A, 0x044B, 0x20, 0x0443, 0x0431, 0x0430, 0x043A, 0x0442, 0x044B, 0x0441, 0x044B));
					break;
				case 35: 
				if (style == 1) return String(CharArray::of(0x0427, 0x0430, 0x043C, 0x043E, 0x0440, 0x0440, 0x043E, 0x20, 0x0443, 0x0431, 0x0430, 0x043A, 0x0442, 0x044B, 0x0441, 0x044B));
					break;
				case 36: 
				if (style == 0) return String(CharArray::of(0x0427, 0x0430, 0x0442, 0x0430, 0x043C, 0x20, 0x0443, 0x0431, 0x0430, 0x043A, 0x0442, 0x044B, 0x0441, 0x044B));
				if (style == 1) return String(CharArray::of(0x0427, 0x0430, 0x0442, 0x0430, 0x043C, 0x20, 0x043A, 0x044B, 0x0448, 0x043A, 0x044B, 0x20, 0x0443, 0x0431, 0x0430, 0x043A, 0x044B, 0x0442));
				if (style == 2) return String(CharArray::of(0x0427, 0x0430, 0x0442, 0x0430, 0x043C, 0x20, 0x0436, 0x0430, 0x0439, 0x043A, 0x044B, 0x20, 0x0443, 0x0431, 0x0430, 0x043A, 0x0442, 0x044B, 0x0441, 0x044B));
					break;
				case 37: 
				if (style == 0) return String(CharArray::of(0x0427, 0x0438, 0x043B, 0x0438, 0x20, 0x0443, 0x0431, 0x0430, 0x043A, 0x0442, 0x044B, 0x0441, 0x044B));
				if (style == 1) return String(CharArray::of(0x0427, 0x0438, 0x043B, 0x0438, 0x20, 0x043A, 0x044B, 0x0448, 0x043A, 0x044B, 0x20, 0x0443, 0x0431, 0x0430, 0x043A, 0x0442, 0x044B, 0x0441, 0x044B));
				if (style == 2) return String(CharArray::of(0x0427, 0x0438, 0x043B, 0x0438, 0x20, 0x0436, 0x0430, 0x0439, 0x043A, 0x044B, 0x20, 0x0443, 0x0431, 0x0430, 0x043A, 0x0442, 0x044B, 0x0441, 0x044B));
					break;
				case 38: 
				if (style == 0) return String(CharArray::of(0x041A, 0x044B, 0x0442, 0x0430, 0x0439, 0x20, 0x0443, 0x0431, 0x0430, 0x043A, 0x0442, 0x044B, 0x0441, 0x044B));
				if (style == 1) return String(CharArray::of(0x041A, 0x044B, 0x0442, 0x0430, 0x0439, 0x20, 0x043A, 0x044B, 0x0448, 0x043A, 0x044B, 0x20, 0x0443, 0x0431, 0x0430, 0x043A, 0x044B, 0x0442, 0x044B));
				if (style == 2) return String(CharArray::of(0x041A, 0x044B, 0x0442, 0x0430, 0x0439, 0x20, 0x0436, 0x0430, 0x0439, 0x043A, 0x044B, 0x20, 0x0443, 0x0431, 0x0430, 0x043A, 0x044B, 0x0442, 0x044B));
					break;
				case 39: 
				if (style == 0) return String(CharArray::of(0x0427, 0x043E, 0x0439, 0x0431, 0x0430, 0x043B, 0x0441, 0x0430, 0x043D, 0x20, 0x0443, 0x0431, 0x0430, 0x043A, 0x0442, 0x044B, 0x0441, 0x044B));
				if (style == 1) return String(CharArray::of(0x0427, 0x043E, 0x0439, 0x0431, 0x0430, 0x043B, 0x0441, 0x0430, 0x043D, 0x20, 0x043A, 0x044B, 0x0448, 0x043A, 0x044B, 0x20, 0x0443, 0x0431, 0x0430, 0x043A, 0x044B, 0x0442, 0x044B));
				if (style == 2) return String(CharArray::of(0x0427, 0x043E, 0x0439, 0x0431, 0x0430, 0x043B, 0x0441, 0x0430, 0x043D, 0x20, 0x0436, 0x0430, 0x0439, 0x043A, 0x044B, 0x20, 0x0443, 0x0431, 0x0430, 0x043A, 0x0442, 0x044B, 0x0441, 0x044B));
					break;
				case 40: 
				if (style == 1) return String(CharArray::of(0x041A, 0x0440, 0x0438, 0x0441, 0x043C, 0x0430, 0x0441, 0x20, 0x0430, 0x0440, 0x0430, 0x043B, 0x044B, 0x043D, 0x044B, 0x043D, 0x20, 0x0443, 0x0431, 0x0430, 0x043A, 0x0442, 0x044B, 0x0441, 0x044B));
					break;
				case 41: 
				if (style == 1) return String(CharArray::of(0x041A, 0x043E, 0x043A, 0x043E, 0x0441, 0x20, 0x0430, 0x0440, 0x0430, 0x043B, 0x0434, 0x0430, 0x0440, 0x044B, 0x043D, 0x044B, 0x043D, 0x20, 0x0443, 0x0431, 0x0430, 0x043A, 0x0442, 0x044B, 0x0441, 0x044B));
					break;
				case 42: 
				if (style == 0) return String(CharArray::of(0x041A, 0x043E, 0x043B, 0x0443, 0x043C, 0x0431, 0x0438, 0x044F, 0x20, 0x0443, 0x0431, 0x0430, 0x043A, 0x0442, 0x044B, 0x0441, 0x044B));
				if (style == 1) return String(CharArray::of(0x041A, 0x043E, 0x043B, 0x0443, 0x043C, 0x0431, 0x0438, 0x044F, 0x20, 0x043A, 0x044B, 0x0448, 0x043A, 0x044B, 0x20, 0x0443, 0x0431, 0x0430, 0x043A, 0x0442, 0x044B, 0x0441, 0x044B));
				if (style == 2) return String(CharArray::of(0x041A, 0x043E, 0x043B, 0x0443, 0x043C, 0x0431, 0x0438, 0x044F, 0x20, 0x0436, 0x0430, 0x0439, 0x043A, 0x044B, 0x20, 0x0443, 0x0431, 0x0430, 0x043A, 0x0442, 0x044B, 0x0441, 0x044B));
					break;
				case 43: 
				if (style == 0) return String(CharArray::of(0x041A, 0x0443, 0x043A, 0x20, 0x0430, 0x0440, 0x0430, 0x043B, 0x0434, 0x0430, 0x0440, 0x044B, 0x043D, 0x044B, 0x043D, 0x20, 0x0443, 0x0431, 0x0430, 0x043A, 0x0442, 0x044B, 0x0441, 0x044B));
				if (style == 1) return String(CharArray::of(0x041A, 0x0443, 0x043A, 0x20, 0x0430, 0x0440, 0x0430, 0x043B, 0x0434, 0x0430, 0x0440, 0x044B, 0x043D, 0x044B, 0x043D, 0x20, 0x043A, 0x044B, 0x0448, 0x043A, 0x044B, 0x20, 0x0443, 0x0431, 0x0430, 0x043A, 0x0442, 0x044B, 0x0441, 0x044B));
				if (style == 2) return String(CharArray::of(0x041A, 0x0443, 0x043A, 0x20, 0x0430, 0x0440, 0x0430, 0x043B, 0x0434, 0x0430, 0x0440, 0x044B, 0x043D, 0x044B, 0x043D, 0x20, 0x0436, 0x0430, 0x0440, 0x044B, 0x043C, 0x20, 0x0436, 0x0430, 0x0439, 0x043A, 0x044B, 0x20, 0x0443, 0x0431, 0x0430, 0x043A, 0x0442, 0x044B, 0x0441, 0x044B));
					break;
				case 44: 
				if (style == 0) return String(CharArray::of(0x041A, 0x0443, 0x0431, 0x0430, 0x20, 0x0443, 0x0431, 0x0430, 0x043A, 0x0442, 0x044B, 0x0441, 0x044B));
				if (style == 1) return String(CharArray::of(0x041A, 0x0443, 0x0431, 0x0430, 0x20, 0x043A, 0x044B, 0x0448, 0x043A, 0x044B, 0x20, 0x0443, 0x0431, 0x0430, 0x043A, 0x0442, 0x044B, 0x0441, 0x044B));
				if (style == 2) return String(CharArray::of(0x041A, 0x0443, 0x0431, 0x0430, 0x20, 0x0436, 0x0430, 0x0439, 0x043A, 0x044B, 0x20, 0x0443, 0x0431, 0x0430, 0x043A, 0x0442, 0x044B, 0x0441, 0x044B));
					break;
				case 45: 
				if (style == 1) return String(CharArray::of(0x0414, 0x044D, 0x0432, 0x0438, 0x0441, 0x20, 0x0443, 0x0431, 0x0430, 0x043A, 0x0442, 0x044B, 0x0441, 0x044B));
					break;
				case 46: 
				if (style == 1) return String(CharArray::of(0x0414, 0x044E, 0x043C, 0x043E, 0x043D, 0x2D, 0x0434, 0x2D, 0x0423, 0x0440, 0x0432, 0x0438, 0x043B, 0x20, 0x0443, 0x0431, 0x0430, 0x043A, 0x0442, 0x044B, 0x0441, 0x044B));
					break;
				case 47: 
				if (style == 1) return String(CharArray::of(0x0427, 0x044B, 0x0433, 0x044B, 0x0448, 0x20, 0x0422, 0x0438, 0x043C, 0x043E, 0x0440, 0x20, 0x0443, 0x0431, 0x0430, 0x043A, 0x0442, 0x044B, 0x0441, 0x044B));
					break;
				case 48: 
				if (style == 0) return String(CharArray::of(0x0418, 0x0441, 0x0442, 0x0435, 0x0440, 0x20, 0x0430, 0x0440, 0x0430, 0x043B, 0x044B, 0x043D, 0x044B, 0x043D, 0x20, 0x0443, 0x0431, 0x0430, 0x043A, 0x0442, 0x044B, 0x0441, 0x044B));
				if (style == 1) return String(CharArray::of(0x0418, 0x0441, 0x0442, 0x0435, 0x0440, 0x20, 0x0430, 0x0440, 0x0430, 0x043B, 0x044B, 0x043D, 0x044B, 0x043D, 0x20, 0x043A, 0x044B, 0x0448, 0x043A, 0x044B, 0x20, 0x0443, 0x0431, 0x0430, 0x043A, 0x044B, 0x0442, 0x044B));
				if (style == 2) return String(CharArray::of(0x0418, 0x0441, 0x0442, 0x0435, 0x0440, 0x20, 0x0430, 0x0440, 0x0430, 0x043B, 0x044B, 0x043D, 0x044B, 0x043D, 0x20, 0x0436, 0x0430, 0x0439, 0x043A, 0x044B, 0x20, 0x0443, 0x0431, 0x0430, 0x043A, 0x044B, 0x0442, 0x044B));
					break;
				case 49: 
				if (style == 1) return String(CharArray::of(0x042D, 0x043A, 0x0443, 0x0430, 0x0434, 0x043E, 0x0440, 0x20, 0x0443, 0x0431, 0x0430, 0x043A, 0x0442, 0x044B, 0x0441, 0x044B));
					break;
				case 50: 
				if (style == 0) return String(CharArray::of(0x0411, 0x043E, 0x0440, 0x0431, 0x043E, 0x0440, 0x0434, 0x0443, 0x043A, 0x20, 0x0415, 0x0432, 0x0440, 0x043E, 0x043F, 0x0430, 0x20, 0x0443, 0x0431, 0x0430, 0x043A, 0x0442, 0x044B, 0x0441, 0x044B));
				if (style == 1) return String(CharArray::of(0x0411, 0x043E, 0x0440, 0x0431, 0x043E, 0x0440, 0x0434, 0x0443, 0x043A, 0x20, 0x0415, 0x0432, 0x0440, 0x043E, 0x043F, 0x0430, 0x20, 0x043A, 0x044B, 0x0448, 0x043A, 0x044B, 0x20, 0x0443, 0x0431, 0x0430, 0x043A, 0x044B, 0x0442, 0x044B));
				if (style == 2) return String(CharArray::of(0x0411, 0x043E, 0x0440, 0x0431, 0x043E, 0x0440, 0x0434, 0x0443, 0x043A, 0x20, 0x0415, 0x0432, 0x0440, 0x043E, 0x043F, 0x0430, 0x20, 0x0436, 0x0430, 0x0439, 0x043A, 0x044B, 0x20, 0x0443, 0x0431, 0x0430, 0x043A, 0x0442, 0x044B, 0x0441, 0x044B));
					break;
				case 51: 
				if (style == 0) return String(CharArray::of(0x0427, 0x044B, 0x0433, 0x044B, 0x0448, 0x20, 0x0415, 0x0432, 0x0440, 0x043E, 0x043F, 0x0430, 0x20, 0x0443, 0x0431, 0x0430, 0x043A, 0x0442, 0x044B, 0x0441, 0x044B));
				if (style == 1) return String(CharArray::of(0x0427, 0x044B, 0x0433, 0x044B, 0x0448, 0x20, 0x0415, 0x0432, 0x0440, 0x043E, 0x043F, 0x0430, 0x20, 0x043A, 0x044B, 0x0448, 0x043A, 0x044B, 0x20, 0x0443, 0x0431, 0x0430, 0x043A, 0x044B, 0x0442, 0x044B));
				if (style == 2) return String(CharArray::of(0x0427, 0x044B, 0x0433, 0x044B, 0x0448, 0x20, 0x0415, 0x0432, 0x0440, 0x043E, 0x043F, 0x0430, 0x20, 0x0436, 0x0430, 0x0439, 0x043A, 0x044B, 0x20, 0x0443, 0x0431, 0x0430, 0x043A, 0x0442, 0x044B, 0x0441, 0x044B));
					break;
				case 52: 
				if (style == 1) return String(CharArray::of(0x041A, 0x0430, 0x043B, 0x0438, 0x043D, 0x0438, 0x043D, 0x0433, 0x0440, 0x0430, 0x0434, 0x20, 0x0436, 0x0430, 0x043D, 0x0430, 0x20, 0x041C, 0x0438, 0x043D, 0x0441, 0x043A, 0x20, 0x0443, 0x0431, 0x0430, 0x043A, 0x0442, 0x044B, 0x0441, 0x044B));
					break;
				case 53: 
				if (style == 0) return String(CharArray::of(0x0411, 0x0430, 0x0442, 0x044B, 0x0448, 0x20, 0x0415, 0x0432, 0x0440, 0x043E, 0x043F, 0x0430, 0x20, 0x0443, 0x0431, 0x0430, 0x043A, 0x0442, 0x044B, 0x0441, 0x044B));
				if (style == 1) return String(CharArray::of(0x0411, 0x0430, 0x0442, 0x044B, 0x0448, 0x20, 0x0415, 0x0432, 0x0440, 0x043E, 0x043F, 0x0430, 0x20, 0x043A, 0x044B, 0x0448, 0x043A, 0x044B, 0x20, 0x0443, 0x0431, 0x0430, 0x043A, 0x044B, 0x0442, 0x044B));
				if (style == 2) return String(CharArray::of(0x0411, 0x0430, 0x0442, 0x044B, 0x0448, 0x20, 0x0415, 0x0432, 0x0440, 0x043E, 0x043F, 0x0430, 0x20, 0x0436, 0x0430, 0x0439, 0x043A, 0x044B, 0x20, 0x0443, 0x0431, 0x0430, 0x043A, 0x0442, 0x044B, 0x0441, 0x044B));
					break;
				case 54: 
				if (style == 0) return String(CharArray::of(0x0424, 0x043E, 0x043B, 0x043A, 0x043B, 0x0435, 0x043D, 0x0434, 0x20, 0x0430, 0x0440, 0x0430, 0x043B, 0x0434, 0x0430, 0x0440, 0x044B, 0x043D, 0x044B, 0x043D, 0x20, 0x0443, 0x0431, 0x0430, 0x043A, 0x0442, 0x044B, 0x0441, 0x044B));
				if (style == 1) return String(CharArray::of(0x0424, 0x043E, 0x043B, 0x043A, 0x043B, 0x0435, 0x043D, 0x0434, 0x20, 0x0430, 0x0440, 0x0430, 0x043B, 0x0434, 0x0430, 0x0440, 0x044B, 0x043D, 0x044B, 0x043D, 0x20, 0x043A, 0x044B, 0x0448, 0x043A, 0x044B, 0x20, 0x0443, 0x0431, 0x0430, 0x043A, 0x044B, 0x0442, 0x044B));
				if (style == 2) return String(CharArray::of(0x0424, 0x043E, 0x043B, 0x043A, 0x043B, 0x0435, 0x043D, 0x0434, 0x20, 0x0430, 0x0440, 0x0430, 0x043B, 0x0434, 0x0430, 0x0440, 0x044B, 0x043D, 0x044B, 0x043D, 0x20, 0x0436, 0x0430, 0x0439, 0x043A, 0x044B, 0x20, 0x0443, 0x0431, 0x0430, 0x043A, 0x0442, 0x044B, 0x0441, 0x044B));
					break;
				case 55: 
				if (style == 0) return String(CharArray::of(0x0424, 0x0438, 0x0436, 0x0438, 0x20, 0x0443, 0x0431, 0x0430, 0x043A, 0x0442, 0x044B, 0x0441, 0x044B));
				if (style == 1) return String(CharArray::of(0x0424, 0x0438, 0x0436, 0x0438, 0x20, 0x043A, 0x044B, 0x0448, 0x043A, 0x044B, 0x20, 0x0443, 0x0431, 0x0430, 0x043A, 0x044B, 0x0442, 0x044B));
				if (style == 2) return String(CharArray::of(0x0424, 0x0438, 0x0436, 0x0438, 0x20, 0x0436, 0x0430, 0x0439, 0x043A, 0x044B, 0x20, 0x0443, 0x0431, 0x0430, 0x043A, 0x0442, 0x044B, 0x0441, 0x044B));
					break;
				case 56: 
				if (style == 1) return String(CharArray::of(0x0424, 0x0440, 0x0430, 0x043D, 0x0446, 0x0443, 0x0437, 0x20, 0x0413, 0x0432, 0x0438, 0x0430, 0x043D, 0x0430, 0x20, 0x0443, 0x0431, 0x0430, 0x043A, 0x0442, 0x044B, 0x0441, 0x044B));
					break;
				case 57: 
				if (style == 1) return String(CharArray::of(0x0424, 0x0440, 0x0430, 0x043D, 0x0446, 0x0443, 0x0437, 0x20, 0x0422, 0x04AF, 0x0448, 0x0442, 0x04AF, 0x0433, 0x04AF, 0x20, 0x0436, 0x0430, 0x043D, 0x0430, 0x20, 0x0410, 0x043D, 0x0442, 0x0430, 0x0440, 0x043A, 0x0442, 0x0438, 0x043A, 0x0430, 0x20, 0x0443, 0x0431, 0x0430, 0x043A, 0x0442, 0x044B, 0x0441, 0x044B));
					break;
				case 59: 
				if (style == 1) return String(CharArray::of(0x0413, 0x0430, 0x043B, 0x0430, 0x043F, 0x0430, 0x0433, 0x043E, 0x0441, 0x20, 0x0443, 0x0431, 0x0430, 0x043A, 0x0442, 0x044B, 0x0441, 0x044B));
					break;
				case 60: 
				if (style == 1) return String(CharArray::of(0x0413, 0x0430, 0x043C, 0x0431, 0x0438, 0x0435, 0x20, 0x0443, 0x0431, 0x0430, 0x043A, 0x0442, 0x044B, 0x0441, 0x044B));
					break;
				case 61: 
				if (style == 0) return String(CharArray::of(0x0413, 0x0440, 0x0443, 0x0437, 0x0438, 0x044F, 0x20, 0x0443, 0x0431, 0x0430, 0x043A, 0x0442, 0x044B, 0x0441, 0x044B));
				if (style == 1) return String(CharArray::of(0x0413, 0x0440, 0x0443, 0x0437, 0x0438, 0x044F, 0x20, 0x043A, 0x044B, 0x0448, 0x043A, 0x044B, 0x20, 0x0443, 0x0431, 0x0430, 0x043A, 0x044B, 0x0442, 0x044B));
				if (style == 2) return String(CharArray::of(0x0413, 0x0440, 0x0443, 0x0437, 0x0438, 0x044F, 0x20, 0x0436, 0x0430, 0x0439, 0x043A, 0x044B, 0x20, 0x0443, 0x0431, 0x0430, 0x043A, 0x0442, 0x044B, 0x0441, 0x044B));
					break;
				case 62: 
				if (style == 1) return String(CharArray::of(0x0413, 0x0438, 0x043B, 0x0431, 0x0435, 0x0440, 0x0442, 0x20, 0x0443, 0x0431, 0x0430, 0x043A, 0x0442, 0x044B, 0x0441, 0x044B));
					break;
				case 58: 
				if (style == 1) return String(CharArray::of(0x0413, 0x0440, 0x0438, 0x043D, 0x0432, 0x0438, 0x0447, 0x20, 0x0431, 0x043E, 0x044E, 0x043D, 0x0447, 0x0430, 0x20, 0x043E, 0x0440, 0x0442, 0x043E, 0x0447, 0x043E, 0x20, 0x0443, 0x0431, 0x0430, 0x043A, 0x044B, 0x0442));
					break;
				case 64: 
				if (style == 0) return String(CharArray::of(0x0427, 0x044B, 0x0433, 0x044B, 0x0448, 0x20, 0x0413, 0x0440, 0x0435, 0x043D, 0x043B, 0x0430, 0x043D, 0x0434, 0x0438, 0x044F, 0x20, 0x0443, 0x0431, 0x0430, 0x043A, 0x0442, 0x044B, 0x0441, 0x044B));
				if (style == 1) return String(CharArray::of(0x0427, 0x044B, 0x0433, 0x044B, 0x0448, 0x20, 0x0413, 0x0440, 0x0435, 0x043D, 0x043B, 0x0430, 0x043D, 0x0434, 0x0438, 0x044F, 0x20, 0x043A, 0x044B, 0x0448, 0x043A, 0x044B, 0x20, 0x0443, 0x0431, 0x0430, 0x043A, 0x0442, 0x044B, 0x0441, 0x044B));
				if (style == 2) return String(CharArray::of(0x0427, 0x044B, 0x0433, 0x044B, 0x0448, 0x20, 0x0413, 0x0440, 0x0435, 0x043D, 0x043B, 0x0430, 0x043D, 0x0434, 0x0438, 0x044F, 0x20, 0x0436, 0x0430, 0x0439, 0x043A, 0x044B, 0x20, 0x0443, 0x0431, 0x0430, 0x043A, 0x0442, 0x044B, 0x0441, 0x044B));
					break;
				case 65: 
				if (style == 0) return String(CharArray::of(0x0411, 0x0430, 0x0442, 0x044B, 0x0448, 0x20, 0x0413, 0x0440, 0x0435, 0x043D, 0x043B, 0x0430, 0x043D, 0x0434, 0x0438, 0x044F, 0x20, 0x0443, 0x0431, 0x0430, 0x043A, 0x0442, 0x044B, 0x0441, 0x044B));
				if (style == 1) return String(CharArray::of(0x0411, 0x0430, 0x0442, 0x044B, 0x0448, 0x20, 0x0413, 0x0440, 0x0435, 0x043D, 0x043B, 0x0430, 0x043D, 0x0434, 0x0438, 0x044F, 0x20, 0x043A, 0x044B, 0x0448, 0x043A, 0x044B, 0x20, 0x0443, 0x0431, 0x0430, 0x043A, 0x0442, 0x044B, 0x0441, 0x044B));
				if (style == 2) return String(CharArray::of(0x0411, 0x0430, 0x0442, 0x044B, 0x0448, 0x20, 0x0413, 0x0440, 0x0435, 0x043D, 0x043B, 0x0430, 0x043D, 0x0434, 0x0438, 0x044F, 0x20, 0x0436, 0x0430, 0x0439, 0x043A, 0x044B, 0x20, 0x0443, 0x0431, 0x0430, 0x043A, 0x0442, 0x044B, 0x0441, 0x044B));
					break;
				case 67: 
				if (style == 1) return String(CharArray::of(0x0411, 0x0443, 0x043B, 0x0443, 0x04A3, 0x0434, 0x0443, 0x043D, 0x20, 0x0441, 0x0442, 0x0430, 0x043D, 0x0434, 0x0430, 0x0440, 0x0442, 0x0442, 0x044B, 0x043A, 0x20, 0x0443, 0x0431, 0x0430, 0x043A, 0x044B, 0x0442, 0x044B));
					break;
				case 68: 
				if (style == 1) return String(CharArray::of(0x0413, 0x0432, 0x0438, 0x0430, 0x043D, 0x0430, 0x20, 0x0443, 0x0431, 0x0430, 0x043A, 0x0442, 0x044B, 0x0441, 0x044B));
					break;
				case 69: 
				if (style == 0) return String(CharArray::of(0x0413, 0x0430, 0x0432, 0x0430, 0x0439, 0x0438, 0x2D, 0x0410, 0x043B, 0x0435, 0x0443, 0x0442, 0x20, 0x0443, 0x0431, 0x0430, 0x043A, 0x0442, 0x044B, 0x0441, 0x044B));
				if (style == 1) return String(CharArray::of(0x0413, 0x0430, 0x0432, 0x0430, 0x0439, 0x0438, 0x2D, 0x0410, 0x043B, 0x0435, 0x0443, 0x0442, 0x20, 0x043A, 0x044B, 0x0448, 0x043A, 0x044B, 0x20, 0x0443, 0x0431, 0x0430, 0x043A, 0x0442, 0x044B, 0x0441, 0x044B));
				if (style == 2) return String(CharArray::of(0x0413, 0x0430, 0x0432, 0x0430, 0x0439, 0x0438, 0x2D, 0x0410, 0x043B, 0x0435, 0x0443, 0x0442, 0x20, 0x0436, 0x0430, 0x0439, 0x043A, 0x044B, 0x20, 0x0443, 0x0431, 0x0430, 0x043A, 0x0442, 0x044B, 0x0441, 0x044B));
					break;
				case 70: 
				if (style == 0) return String(CharArray::of(0x0413, 0x043E, 0x043D, 0x043A, 0x043E, 0x043D, 0x0433, 0x20, 0x0443, 0x0431, 0x0430, 0x043A, 0x0442, 0x044B, 0x0441, 0x044B));
				if (style == 1) return String(CharArray::of(0x0413, 0x043E, 0x043D, 0x043A, 0x043E, 0x043D, 0x0433, 0x20, 0x043A, 0x044B, 0x0448, 0x043A, 0x044B, 0x20, 0x0443, 0x0431, 0x0430, 0x043A, 0x044B, 0x0442, 0x044B));
				if (style == 2) return String(CharArray::of(0x0413, 0x043E, 0x043D, 0x043A, 0x043E, 0x043D, 0x0433, 0x20, 0x0436, 0x0430, 0x0439, 0x043A, 0x044B, 0x20, 0x0443, 0x0431, 0x0430, 0x043A, 0x0442, 0x044B, 0x0441, 0x044B));
					break;
				case 71: 
				if (style == 0) return String(CharArray::of(0x0425, 0x043E, 0x0432, 0x0434, 0x20, 0x0443, 0x0431, 0x0430, 0x043A, 0x0442, 0x044B, 0x0441, 0x044B));
				if (style == 1) return String(CharArray::of(0x0425, 0x043E, 0x0432, 0x0434, 0x20, 0x043A, 0x044B, 0x0448, 0x043A, 0x044B, 0x20, 0x0443, 0x0431, 0x0430, 0x043A, 0x044B, 0x0442, 0x044B));
				if (style == 2) return String(CharArray::of(0x0425, 0x043E, 0x0432, 0x0434, 0x20, 0x0436, 0x0430, 0x0439, 0x043A, 0x044B, 0x20, 0x0443, 0x0431, 0x0430, 0x043A, 0x0442, 0x044B, 0x0441, 0x044B));
					break;
				case 72: 
				if (style == 1) return String(CharArray::of(0x0418, 0x043D, 0x0434, 0x0438, 0x044F, 0x20, 0x0443, 0x0431, 0x0430, 0x043A, 0x0442, 0x044B, 0x0441, 0x044B));
					break;
				case 73: 
				if (style == 1) return String(CharArray::of(0x0418, 0x043D, 0x0434, 0x0438, 0x20, 0x043E, 0x043A, 0x0435, 0x0430, 0x043D, 0x20, 0x0443, 0x0431, 0x0430, 0x043A, 0x0442, 0x044B, 0x0441, 0x044B));
					break;
				case 74: 
				if (style == 1) return String(CharArray::of(0x0418, 0x043D, 0x0434, 0x043E, 0x043A, 0x044B, 0x0442, 0x0430, 0x0439, 0x20, 0x0443, 0x0431, 0x0430, 0x043A, 0x0442, 0x044B, 0x0441, 0x044B));
					break;
				case 75: 
				if (style == 1) return String(CharArray::of(0x0411, 0x043E, 0x0440, 0x0431, 0x043E, 0x0440, 0x0434, 0x0443, 0x043A, 0x20, 0x0418, 0x043D, 0x0434, 0x043E, 0x043D, 0x0435, 0x0437, 0x0438, 0x044F, 0x20, 0x0443, 0x0431, 0x0430, 0x043A, 0x0442, 0x044B, 0x0441, 0x044B));
					break;
				case 76: 
				if (style == 1) return String(CharArray::of(0x0427, 0x044B, 0x0433, 0x044B, 0x0448, 0x20, 0x0418, 0x043D, 0x0434, 0x043E, 0x043D, 0x0435, 0x0437, 0x0438, 0x044F, 0x20, 0x0443, 0x0431, 0x0430, 0x043A, 0x0442, 0x044B, 0x0441, 0x044B));
					break;
				case 77: 
				if (style == 1) return String(CharArray::of(0x0411, 0x0430, 0x0442, 0x044B, 0x0448, 0x20, 0x0418, 0x043D, 0x0434, 0x043E, 0x043D, 0x0435, 0x0437, 0x0438, 0x044F, 0x20, 0x0443, 0x0431, 0x0430, 0x043A, 0x0442, 0x044B, 0x0441, 0x044B));
					break;
				case 78: 
				if (style == 0) return String(CharArray::of(0x0418, 0x0440, 0x0430, 0x043D, 0x20, 0x0443, 0x0431, 0x0430, 0x043A, 0x0442, 0x044B, 0x0441, 0x044B));
				if (style == 1) return String(CharArray::of(0x0418, 0x0440, 0x0430, 0x043D, 0x20, 0x043A, 0x044B, 0x0448, 0x043A, 0x044B, 0x20, 0x0443, 0x0431, 0x0430, 0x043A, 0x044B, 0x0442, 0x044B));
				if (style == 2) return String(CharArray::of(0x0418, 0x0440, 0x0430, 0x043D, 0x20, 0x043A, 0x04AF, 0x043D, 0x0434, 0x04AF, 0x0437, 0x0433, 0x04AF, 0x20, 0x0443, 0x0431, 0x0430, 0x043A, 0x0442, 0x044B, 0x0441, 0x044B));
					break;
				case 79: 
				if (style == 0) return String(CharArray::of(0x0418, 0x0440, 0x043A, 0x0443, 0x0442, 0x0441, 0x043A, 0x20, 0x0443, 0x0431, 0x0430, 0x043A, 0x0442, 0x044B, 0x0441, 0x044B));
				if (style == 1) return String(CharArray::of(0x0418, 0x0440, 0x043A, 0x0443, 0x0442, 0x0441, 0x043A, 0x20, 0x043A, 0x044B, 0x0448, 0x043A, 0x044B, 0x20, 0x0443, 0x0431, 0x0430, 0x043A, 0x044B, 0x0442, 0x044B));
				if (style == 2) return String(CharArray::of(0x0418, 0x0440, 0x043A, 0x0443, 0x0442, 0x0441, 0x043A, 0x20, 0x0436, 0x0430, 0x0439, 0x043A, 0x044B, 0x20, 0x0443, 0x0431, 0x0430, 0x043A, 0x044B, 0x0442, 0x044B));
					break;
				case 80: 
				if (style == 0) return String(CharArray::of(0x0418, 0x0437, 0x0440, 0x0430, 0x0438, 0x043B, 0x044C, 0x20, 0x0443, 0x0431, 0x0430, 0x043A, 0x044B, 0x0442, 0x044B));
				if (style == 1) return String(CharArray::of(0x0418, 0x0437, 0x0440, 0x0430, 0x0438, 0x043B, 0x044C, 0x20, 0x043A, 0x044B, 0x0448, 0x043A, 0x044B, 0x20, 0x0443, 0x0431, 0x0430, 0x043A, 0x044B, 0x0442, 0x044B));
				if (style == 2) return String(CharArray::of(0x0418, 0x0437, 0x0440, 0x0430, 0x0438, 0x043B, 0x044C, 0x20, 0x0436, 0x0430, 0x0439, 0x043A, 0x044B, 0x20, 0x0443, 0x0431, 0x0430, 0x043A, 0x044B, 0x0442, 0x044B));
					break;
				case 81: 
				if (style == 0) return String(CharArray::of(0x0416, 0x0430, 0x043F, 0x043E, 0x043D, 0x20, 0x0443, 0x0431, 0x0430, 0x043A, 0x0442, 0x044B, 0x0441, 0x044B));
				if (style == 1) return String(CharArray::of(0x0416, 0x0430, 0x043F, 0x043E, 0x043D, 0x20, 0x043A, 0x044B, 0x0448, 0x043A, 0x044B, 0x20, 0x0443, 0x0431, 0x0430, 0x043A, 0x044B, 0x0442, 0x044B));
				if (style == 2) return String(CharArray::of(0x0416, 0x0430, 0x043F, 0x043E, 0x043D, 0x20, 0x0436, 0x0430, 0x0439, 0x043A, 0x044B, 0x20, 0x0443, 0x0431, 0x0430, 0x043A, 0x0442, 0x044B, 0x0441, 0x044B));
					break;
				case 83: 
				if (style == 1) return String(CharArray::of(0x041A, 0x0430, 0x0437, 0x0430, 0x043A, 0x0441, 0x0442, 0x0430, 0x043D, 0x20, 0x0443, 0x0431, 0x0430, 0x043A, 0x0442, 0x044B, 0x0441, 0x044B));
					break;
				case 84: 
				if (style == 1) return String(CharArray::of(0x0427, 0x044B, 0x0433, 0x044B, 0x0448, 0x20, 0x041A, 0x0430, 0x0437, 0x0430, 0x043A, 0x0441, 0x0442, 0x0430, 0x043D, 0x20, 0x0443, 0x0431, 0x0430, 0x043A, 0x0442, 0x044B, 0x0441, 0x044B));
					break;
				case 85: 
				if (style == 1) return String(CharArray::of(0x0411, 0x0430, 0x0442, 0x044B, 0x0448, 0x20, 0x041A, 0x0430, 0x0437, 0x0430, 0x043A, 0x0441, 0x0442, 0x0430, 0x043D, 0x20, 0x0443, 0x0431, 0x0430, 0x043A, 0x0442, 0x044B, 0x0441, 0x044B));
					break;
				case 86: 
				if (style == 0) return String(CharArray::of(0x041A, 0x043E, 0x0440, 0x0435, 0x044F, 0x20, 0x0443, 0x0431, 0x0430, 0x043A, 0x0442, 0x044B, 0x0441, 0x044B));
				if (style == 1) return String(CharArray::of(0x041A, 0x043E, 0x0440, 0x0435, 0x044F, 0x20, 0x043A, 0x044B, 0x0448, 0x043A, 0x044B, 0x20, 0x0443, 0x0431, 0x0430, 0x043A, 0x044B, 0x0442, 0x044B));
				if (style == 2) return String(CharArray::of(0x041A, 0x043E, 0x0440, 0x0435, 0x044F, 0x20, 0x0436, 0x0430, 0x0439, 0x043A, 0x044B, 0x20, 0x0443, 0x0431, 0x0430, 0x043A, 0x0442, 0x044B, 0x0441, 0x044B));
					break;
				case 87: 
				if (style == 1) return String(CharArray::of(0x041A, 0x043E, 0x0441, 0x0440, 0x0430, 0x0435, 0x20, 0x0443, 0x0431, 0x0430, 0x043A, 0x0442, 0x044B, 0x0441, 0x044B));
					break;
				case 88: 
				if (style == 0) return String(CharArray::of(0x041A, 0x0440, 0x0430, 0x0441, 0x043D, 0x043E, 0x044F, 0x0440, 0x0441, 0x043A, 0x20, 0x0443, 0x0431, 0x0430, 0x043A, 0x0442, 0x044B, 0x0441, 0x044B));
				if (style == 1) return String(CharArray::of(0x041A, 0x0440, 0x0430, 0x0441, 0x043D, 0x043E, 0x044F, 0x0440, 0x0441, 0x043A, 0x20, 0x043A, 0x044B, 0x0448, 0x043A, 0x044B, 0x20, 0x0443, 0x0431, 0x0430, 0x043A, 0x044B, 0x0442, 0x044B));
				if (style == 2) return String(CharArray::of(0x041A, 0x0440, 0x0430, 0x0441, 0x043D, 0x043E, 0x044F, 0x0440, 0x0441, 0x043A, 0x20, 0x0436, 0x0430, 0x0439, 0x043A, 0x044B, 0x20, 0x0443, 0x0431, 0x0430, 0x043A, 0x0442, 0x044B, 0x0441, 0x044B));
					break;
				case 89: 
				if (style == 1) return String(CharArray::of(0x041A, 0x044B, 0x0440, 0x0433, 0x044B, 0x0437, 0x0441, 0x0442, 0x0430, 0x043D, 0x20, 0x0443, 0x0431, 0x0430, 0x043A, 0x0442, 0x044B, 0x0441, 0x044B));
					break;
				case 91: 
				if (style == 1) return String(CharArray::of(0x041B, 0x0430, 0x0439, 0x043D, 0x20, 0x0430, 0x0440, 0x0430, 0x043B, 0x0434, 0x0430, 0x0440, 0x044B, 0x043D, 0x044B, 0x043D, 0x20, 0x0443, 0x0431, 0x0430, 0x043A, 0x0442, 0x044B, 0x0441, 0x044B));
					break;
				case 92: 
				if (style == 0) return String(CharArray::of(0x041B, 0x043E, 0x0440, 0x0434, 0x20, 0x0425, 0x0430, 0x0443, 0x20, 0x0443, 0x0431, 0x0430, 0x043A, 0x0442, 0x044B, 0x0441, 0x044B));
				if (style == 1) return String(CharArray::of(0x041B, 0x043E, 0x0440, 0x0434, 0x20, 0x0425, 0x0430, 0x0443, 0x20, 0x043A, 0x044B, 0x0448, 0x043A, 0x044B, 0x20, 0x0443, 0x0431, 0x0430, 0x043A, 0x044B, 0x0442, 0x044B));
				if (style == 2) return String(CharArray::of(0x041B, 0x043E, 0x0440, 0x0434, 0x20, 0x0425, 0x0430, 0x0443, 0x20, 0x0436, 0x0430, 0x0439, 0x043A, 0x044B, 0x20, 0x0443, 0x0431, 0x0430, 0x043A, 0x0442, 0x044B, 0x0441, 0x044B));
					break;
				case 94: 
				if (style == 0) return String(CharArray::of(0x041C, 0x0430, 0x0433, 0x0430, 0x0434, 0x0430, 0x043D, 0x20, 0x0443, 0x0431, 0x0430, 0x043A, 0x0442, 0x044B, 0x0441, 0x044B));
				if (style == 1) return String(CharArray::of(0x041C, 0x0430, 0x0433, 0x0430, 0x0434, 0x0430, 0x043D, 0x20, 0x043A, 0x044B, 0x0448, 0x043A, 0x044B, 0x20, 0x0443, 0x0431, 0x0430, 0x043A, 0x044B, 0x0442, 0x044B));
				if (style == 2) return String(CharArray::of(0x041C, 0x0430, 0x0433, 0x0430, 0x0434, 0x0430, 0x043D, 0x20, 0x0436, 0x0430, 0x0439, 0x043A, 0x044B, 0x20, 0x0443, 0x0431, 0x0430, 0x043A, 0x0442, 0x044B, 0x0441, 0x044B));
					break;
				case 95: 
				if (style == 1) return String(CharArray::of(0x041C, 0x0430, 0x043B, 0x0430, 0x0439, 0x0437, 0x0438, 0x044F, 0x20, 0x0443, 0x0431, 0x0430, 0x043A, 0x0442, 0x044B, 0x0441, 0x044B));
					break;
				case 96: 
				if (style == 1) return String(CharArray::of(0x041C, 0x0430, 0x043B, 0x044C, 0x0434, 0x0438, 0x0432, 0x20, 0x0443, 0x0431, 0x0430, 0x043A, 0x0442, 0x044B, 0x0441, 0x044B));
					break;
				case 97: 
				if (style == 1) return String(CharArray::of(0x041C, 0x0430, 0x0440, 0x043A, 0x0435, 0x0437, 0x0430, 0x0441, 0x20, 0x0443, 0x0431, 0x0430, 0x043A, 0x0442, 0x044B, 0x0441, 0x044B));
					break;
				case 98: 
				if (style == 1) return String(CharArray::of(0x041C, 0x0430, 0x0440, 0x0448, 0x0430, 0x043B, 0x043B, 0x20, 0x0430, 0x0440, 0x0430, 0x043B, 0x0434, 0x0430, 0x0440, 0x044B, 0x043D, 0x044B, 0x043D, 0x20, 0x0443, 0x0431, 0x0430, 0x043A, 0x0442, 0x044B, 0x0441, 0x044B));
					break;
				case 99: 
				if (style == 0) return String(CharArray::of(0x041C, 0x0430, 0x0432, 0x0440, 0x0438, 0x043A, 0x0438, 0x0439, 0x20, 0x0443, 0x0431, 0x0430, 0x043A, 0x0442, 0x044B, 0x0441, 0x044B));
				if (style == 1) return String(CharArray::of(0x041C, 0x0430, 0x0432, 0x0440, 0x0438, 0x043A, 0x0438, 0x0439, 0x20, 0x043A, 0x044B, 0x0448, 0x043A, 0x044B, 0x20, 0x0443, 0x0431, 0x0430, 0x043A, 0x044B, 0x0442, 0x044B));
				if (style == 2) return String(CharArray::of(0x041C, 0x0430, 0x0432, 0x0440, 0x0438, 0x043A, 0x0438, 0x0439, 0x20, 0x0436, 0x0430, 0x0439, 0x043A, 0x044B, 0x20, 0x0443, 0x0431, 0x0430, 0x043A, 0x0442, 0x044B, 0x0441, 0x044B));
					break;
				case 100: 
				if (style == 1) return String(CharArray::of(0x041C, 0x043E, 0x0443, 0x0441, 0x043E, 0x043D, 0x20, 0x0443, 0x0431, 0x0430, 0x043A, 0x0442, 0x044B, 0x0441, 0x044B));
					break;
				case 101: 
				if (style == 0) return String(CharArray::of(0x041C, 0x0435, 0x043A, 0x0441, 0x0438, 0x043A, 0x0430, 0x2C, 0x20, 0x0422, 0x044B, 0x043D, 0x0447, 0x20, 0x043E, 0x043A, 0x0435, 0x0430, 0x043D, 0x20, 0x0443, 0x0431, 0x0430, 0x043A, 0x0442, 0x044B, 0x0441, 0x044B));
				if (style == 1) return String(CharArray::of(0x041C, 0x0435, 0x043A, 0x0441, 0x0438, 0x043A, 0x0430, 0x2C, 0x20, 0x0422, 0x044B, 0x043D, 0x0447, 0x20, 0x043E, 0x043A, 0x0435, 0x0430, 0x043D, 0x20, 0x043A, 0x044B, 0x0448, 0x043A, 0x044B, 0x20, 0x0443, 0x0431, 0x0430, 0x043A, 0x0442, 0x044B, 0x0441, 0x044B));
				if (style == 2) return String(CharArray::of(0x041C, 0x0435, 0x043A, 0x0441, 0x0438, 0x043A, 0x0430, 0x2C, 0x20, 0x0422, 0x044B, 0x043D, 0x0447, 0x20, 0x043E, 0x043A, 0x0435, 0x0430, 0x043D, 0x20, 0x0436, 0x0430, 0x0439, 0x043A, 0x044B, 0x20, 0x0443, 0x0431, 0x0430, 0x043A, 0x0442, 0x044B, 0x0441, 0x044B));
					break;
				case 102: 
				if (style == 0) return String(CharArray::of(0x0423, 0x043B, 0x0430, 0x043D, 0x20, 0x0411, 0x0430, 0x0442, 0x043E, 0x0440, 0x20, 0x0443, 0x0431, 0x0430, 0x043A, 0x0442, 0x044B, 0x0441, 0x044B));
				if (style == 1) return String(CharArray::of(0x0423, 0x043B, 0x0430, 0x043D, 0x20, 0x0411, 0x0430, 0x0442, 0x043E, 0x0440, 0x20, 0x043A, 0x044B, 0x0448, 0x043A, 0x044B, 0x20, 0x0443, 0x0431, 0x0430, 0x043A, 0x044B, 0x0442, 0x044B));
				if (style == 2) return String(CharArray::of(0x0423, 0x043B, 0x0430, 0x043D, 0x20, 0x0411, 0x0430, 0x0442, 0x043E, 0x0440, 0x20, 0x0436, 0x0430, 0x0439, 0x043A, 0x044B, 0x20, 0x0443, 0x0431, 0x0430, 0x043A, 0x0442, 0x044B, 0x0441, 0x044B));
					break;
				case 103: 
				if (style == 0) return String(CharArray::of(0x041C, 0x043E, 0x0441, 0x043A, 0x0432, 0x0430, 0x20, 0x0443, 0x0431, 0x0430, 0x043A, 0x0442, 0x044B, 0x0441, 0x044B));
				if (style == 1) return String(CharArray::of(0x041C, 0x043E, 0x0441, 0x043A, 0x0432, 0x0430, 0x20, 0x043A, 0x044B, 0x0448, 0x043A, 0x044B, 0x20, 0x0443, 0x0431, 0x0430, 0x043A, 0x044B, 0x0442, 0x044B));
				if (style == 2) return String(CharArray::of(0x041C, 0x043E, 0x0441, 0x043A, 0x0432, 0x0430, 0x20, 0x0436, 0x0430, 0x0439, 0x043A, 0x044B, 0x20, 0x0443, 0x0431, 0x0430, 0x043A, 0x0442, 0x044B, 0x0441, 0x044B));
					break;
				case 104: 
				if (style == 1) return String(CharArray::of(0x041C, 0x0439, 0x0430, 0x043D, 0x043C, 0x0430, 0x0440, 0x20, 0x0443, 0x0431, 0x0430, 0x043A, 0x0442, 0x044B, 0x0441, 0x044B));
					break;
				case 105: 
				if (style == 1) return String(CharArray::of(0x041D, 0x0430, 0x0443, 0x0440, 0x0443, 0x20, 0x0443, 0x0431, 0x0430, 0x043A, 0x0442, 0x044B, 0x0441, 0x044B));
					break;
				case 106: 
				if (style == 1) return String(CharArray::of(0x041D, 0x0435, 0x043F, 0x0430, 0x043B, 0x20, 0x0443, 0x0431, 0x0430, 0x043A, 0x0442, 0x044B, 0x0441, 0x044B));
					break;
				case 107: 
				if (style == 0) return String(CharArray::of(0x0416, 0x0430, 0x04A3, 0x044B, 0x20, 0x041A, 0x0430, 0x043B, 0x0435, 0x0434, 0x043E, 0x043D, 0x0438, 0x044F, 0x20, 0x0443, 0x0431, 0x0430, 0x043A, 0x0442, 0x044B, 0x0441, 0x044B));
				if (style == 1) return String(CharArray::of(0x0416, 0x0430, 0x04A3, 0x044B, 0x20, 0x041A, 0x0430, 0x043B, 0x0435, 0x0434, 0x043E, 0x043D, 0x0438, 0x044F, 0x20, 0x043A, 0x044B, 0x0448, 0x043A, 0x044B, 0x20, 0x0443, 0x0431, 0x0430, 0x043A, 0x0442, 0x044B, 0x0441, 0x044B));
				if (style == 2) return String(CharArray::of(0x0416, 0x0430, 0x04A3, 0x044B, 0x20, 0x041A, 0x0430, 0x043B, 0x0435, 0x0434, 0x043E, 0x043D, 0x0438, 0x044F, 0x20, 0x0436, 0x0430, 0x0439, 0x043A, 0x044B, 0x20, 0x0443, 0x0431, 0x0430, 0x043A, 0x0442, 0x044B, 0x0441, 0x044B));
					break;
				case 108: 
				if (style == 0) return String(CharArray::of(0x0416, 0x0430, 0x04A3, 0x044B, 0x20, 0x0417, 0x0435, 0x043B, 0x0430, 0x043D, 0x0434, 0x0438, 0x044F, 0x20, 0x0443, 0x0431, 0x0430, 0x043A, 0x0442, 0x044B, 0x0441, 0x044B));
				if (style == 1) return String(CharArray::of(0x0416, 0x0430, 0x04A3, 0x044B, 0x20, 0x0417, 0x0435, 0x043B, 0x0430, 0x043D, 0x0434, 0x0438, 0x044F, 0x20, 0x043A, 0x044B, 0x0448, 0x043A, 0x044B, 0x20, 0x0443, 0x0431, 0x0430, 0x043A, 0x044B, 0x0442, 0x044B));
				if (style == 2) return String(CharArray::of(0x0416, 0x0430, 0x04A3, 0x044B, 0x20, 0x0417, 0x0435, 0x043B, 0x0430, 0x043D, 0x0434, 0x0438, 0x044F, 0x20, 0x0436, 0x0430, 0x0439, 0x043A, 0x044B, 0x20, 0x0443, 0x0431, 0x0430, 0x043A, 0x044B, 0x0442, 0x044B));
					break;
				case 109: 
				if (style == 0) return String(CharArray::of(0x041D, 0x044E, 0x0444, 0x0430, 0x0443, 0x043D, 0x0434, 0x043B, 0x044D, 0x043D, 0x0434, 0x20, 0x0443, 0x0431, 0x0430, 0x043A, 0x0442, 0x044B, 0x0441, 0x044B));
				if (style == 1) return String(CharArray::of(0x041D, 0x044E, 0x0444, 0x0430, 0x0443, 0x043D, 0x0434, 0x043B, 0x044D, 0x043D, 0x0434, 0x20, 0x043A, 0x044B, 0x0448, 0x043A, 0x044B, 0x20, 0x0443, 0x0431, 0x0430, 0x043A, 0x0442, 0x044B, 0x0441, 0x044B));
				if (style == 2) return String(CharArray::of(0x041D, 0x044E, 0x0444, 0x0430, 0x0443, 0x043D, 0x0434, 0x043B, 0x044D, 0x043D, 0x0434, 0x20, 0x0436, 0x0430, 0x0439, 0x043A, 0x044B, 0x20, 0x0443, 0x0431, 0x0430, 0x043A, 0x0442, 0x044B, 0x0441, 0x044B));
					break;
				case 110: 
				if (style == 1) return String(CharArray::of(0x041D, 0x0438, 0x0443, 0x044D, 0x20, 0x0443, 0x0431, 0x0430, 0x043A, 0x0442, 0x044B, 0x0441, 0x044B));
					break;
				case 111: 
				if (style == 0) return String(CharArray::of(0x041D, 0x043E, 0x0440, 0x0444, 0x043E, 0x043B, 0x043A, 0x20, 0x0443, 0x0431, 0x0430, 0x043A, 0x0442, 0x044B, 0x0441, 0x044B));
				if (style == 1) return String(CharArray::of(0x041D, 0x043E, 0x0440, 0x0444, 0x043E, 0x043B, 0x043A, 0x20, 0x043A, 0x044B, 0x0448, 0x043A, 0x044B, 0x20, 0x0443, 0x0431, 0x0430, 0x043A, 0x0442, 0x044B, 0x0441, 0x044B));
				if (style == 2) return String(CharArray::of(0x041D, 0x043E, 0x0440, 0x0444, 0x043E, 0x043B, 0x043A, 0x20, 0x0436, 0x0430, 0x0439, 0x043A, 0x044B, 0x20, 0x0443, 0x0431, 0x0430, 0x043A, 0x0442, 0x044B, 0x0441, 0x044B));
					break;
				case 112: 
				if (style == 0) return String(CharArray::of(0x0424, 0x0435, 0x0440, 0x043D, 0x0430, 0x043D, 0x0434, 0x043E, 0x20, 0x0434, 0x0435, 0x20, 0x041D, 0x043E, 0x0440, 0x043E, 0x043D, 0x044C, 0x044F, 0x20, 0x0443, 0x0431, 0x0430, 0x043A, 0x0442, 0x044B, 0x0441, 0x044B));
				if (style == 1) return String(CharArray::of(0x0424, 0x0435, 0x0440, 0x043D, 0x0430, 0x043D, 0x0434, 0x043E, 0x20, 0x0434, 0x0435, 0x20, 0x041D, 0x043E, 0x0440, 0x043E, 0x043D, 0x044C, 0x044F, 0x20, 0x043A, 0x044B, 0x0448, 0x043A, 0x044B, 0x20, 0x0443, 0x0431, 0x0430, 0x043A, 0x0442, 0x044B, 0x0441, 0x044B));
				if (style == 2) return String(CharArray::of(0x0424, 0x0435, 0x0440, 0x043D, 0x0430, 0x043D, 0x0434, 0x043E, 0x20, 0x0434, 0x0435, 0x20, 0x041D, 0x043E, 0x0440, 0x043E, 0x043D, 0x044C, 0x044F, 0x20, 0x0436, 0x0430, 0x0439, 0x043A, 0x044B, 0x20, 0x0443, 0x0431, 0x0430, 0x043A, 0x0442, 0x044B, 0x0441, 0x044B));
					break;
				case 114: 
				if (style == 0) return String(CharArray::of(0x041D, 0x043E, 0x0432, 0x043E, 0x0441, 0x0438, 0x0431, 0x0438, 0x0440, 0x0441, 0x043A, 0x20, 0x0443, 0x0431, 0x0430, 0x043A, 0x0442, 0x044B, 0x0441, 0x044B));
				if (style == 1) return String(CharArray::of(0x041D, 0x043E, 0x0432, 0x043E, 0x0441, 0x0438, 0x0431, 0x0438, 0x0440, 0x0441, 0x043A, 0x20, 0x043A, 0x044B, 0x0448, 0x043A, 0x044B, 0x20, 0x0443, 0x0431, 0x0430, 0x043A, 0x044B, 0x0442, 0x044B));
				if (style == 2) return String(CharArray::of(0x041D, 0x043E, 0x0432, 0x043E, 0x0441, 0x0438, 0x0431, 0x0438, 0x0440, 0x0441, 0x043A, 0x20, 0x0436, 0x0430, 0x0439, 0x043A, 0x044B, 0x20, 0x0443, 0x0431, 0x0430, 0x043A, 0x0442, 0x044B, 0x0441, 0x044B));
					break;
				case 115: 
				if (style == 0) return String(CharArray::of(0x041E, 0x043C, 0x0441, 0x043A, 0x20, 0x0443, 0x0431, 0x0430, 0x043A, 0x0442, 0x044B, 0x0441, 0x044B));
				if (style == 1) return String(CharArray::of(0x041E, 0x043C, 0x0441, 0x043A, 0x20, 0x043A, 0x044B, 0x0448, 0x043A, 0x044B, 0x20, 0x0443, 0x0431, 0x0430, 0x043A, 0x044B, 0x0442, 0x044B));
				if (style == 2) return String(CharArray::of(0x041E, 0x043C, 0x0441, 0x043A, 0x20, 0x0436, 0x0430, 0x0439, 0x043A, 0x044B, 0x20, 0x0443, 0x0431, 0x0430, 0x043A, 0x0442, 0x044B, 0x0441, 0x044B));
					break;
				case 116: 
				if (style == 0) return String(CharArray::of(0x041F, 0x0430, 0x043A, 0x0438, 0x0441, 0x0442, 0x0430, 0x043D, 0x20, 0x0443, 0x0431, 0x0430, 0x043A, 0x0442, 0x044B, 0x0441, 0x044B));
				if (style == 1) return String(CharArray::of(0x041F, 0x0430, 0x043A, 0x0438, 0x0441, 0x0442, 0x0430, 0x043D, 0x20, 0x043A, 0x044B, 0x0448, 0x043A, 0x044B, 0x20, 0x0443, 0x0431, 0x0430, 0x043A, 0x044B, 0x0442, 0x044B));
				if (style == 2) return String(CharArray::of(0x041F, 0x0430, 0x043A, 0x0438, 0x0441, 0x0442, 0x0430, 0x043D, 0x20, 0x0436, 0x0430, 0x0439, 0x043A, 0x044B, 0x20, 0x0443, 0x0431, 0x0430, 0x043A, 0x0442, 0x044B, 0x0441, 0x044B));
					break;
				case 117: 
				if (style == 1) return String(CharArray::of(0x041F, 0x0430, 0x043B, 0x0430, 0x0443, 0x20, 0x0443, 0x0431, 0x0430, 0x043A, 0x0442, 0x044B, 0x0441, 0x044B));
					break;
				case 118: 
				if (style == 1) return String(CharArray::of(0x041F, 0x0430, 0x043F, 0x0443, 0x0430, 0x2D, 0x0416, 0x0430, 0x04A3, 0x044B, 0x20, 0x0413, 0x0432, 0x0438, 0x043D, 0x0435, 0x044F, 0x20, 0x0443, 0x0431, 0x0430, 0x043A, 0x044B, 0x0442, 0x044B));
					break;
				case 119: 
				if (style == 0) return String(CharArray::of(0x041F, 0x0430, 0x0440, 0x0430, 0x0433, 0x0432, 0x0430, 0x0439, 0x20, 0x0443, 0x0431, 0x0430, 0x043A, 0x0442, 0x044B, 0x0441, 0x044B));
				if (style == 1) return String(CharArray::of(0x041F, 0x0430, 0x0440, 0x0430, 0x0433, 0x0432, 0x0430, 0x0439, 0x20, 0x043A, 0x044B, 0x0448, 0x043A, 0x044B, 0x20, 0x0443, 0x0431, 0x0430, 0x043A, 0x0442, 0x044B, 0x0441, 0x044B));
				if (style == 2) return String(CharArray::of(0x041F, 0x0430, 0x0440, 0x0430, 0x0433, 0x0432, 0x0430, 0x0439, 0x20, 0x0436, 0x0430, 0x0439, 0x043A, 0x044B, 0x20, 0x0443, 0x0431, 0x0430, 0x043A, 0x0442, 0x044B, 0x0441, 0x044B));
					break;
				case 120: 
				if (style == 0) return String(CharArray::of(0x041F, 0x0435, 0x0440, 0x0443, 0x20, 0x0443, 0x0431, 0x0430, 0x043A, 0x0442, 0x044B, 0x0441, 0x044B));
				if (style == 1) return String(CharArray::of(0x041F, 0x0435, 0x0440, 0x0443, 0x20, 0x043A, 0x044B, 0x0448, 0x043A, 0x044B, 0x20, 0x0443, 0x0431, 0x0430, 0x043A, 0x0442, 0x044B, 0x0441, 0x044B));
				if (style == 2) return String(CharArray::of(0x041F, 0x0435, 0x0440, 0x0443, 0x20, 0x0436, 0x0430, 0x0439, 0x043A, 0x044B, 0x20, 0x0443, 0x0431, 0x0430, 0x043A, 0x0442, 0x044B, 0x0441, 0x044B));
					break;
				case 121: 
				if (style == 0) return String(CharArray::of(0x0424, 0x0438, 0x043B, 0x0438, 0x043F, 0x043F, 0x0438, 0x043D, 0x20, 0x0430, 0x0440, 0x0430, 0x043B, 0x0434, 0x0430, 0x0440, 0x044B, 0x043D, 0x044B, 0x043D, 0x20, 0x0443, 0x0431, 0x0430, 0x043A, 0x0442, 0x044B, 0x0441, 0x044B));
				if (style == 1) return String(CharArray::of(0x0424, 0x0438, 0x043B, 0x0438, 0x043F, 0x043F, 0x0438, 0x043D, 0x20, 0x0430, 0x0440, 0x0430, 0x043B, 0x0434, 0x0430, 0x0440, 0x044B, 0x043D, 0x044B, 0x043D, 0x20, 0x043A, 0x044B, 0x0448, 0x043A, 0x044B, 0x20, 0x0443, 0x0431, 0x0430, 0x043A, 0x0442, 0x044B, 0x0441, 0x044B));
				if (style == 2) return String(CharArray::of(0x0424, 0x0438, 0x043B, 0x0438, 0x043F, 0x043F, 0x0438, 0x043D, 0x20, 0x0430, 0x0440, 0x0430, 0x043B, 0x0434, 0x0430, 0x0440, 0x044B, 0x043D, 0x044B, 0x043D, 0x20, 0x0436, 0x0430, 0x0439, 0x043A, 0x044B, 0x20, 0x0443, 0x0431, 0x0430, 0x043A, 0x0442, 0x044B, 0x0441, 0x044B));
					break;
				case 122: 
				if (style == 1) return String(CharArray::of(0x0424, 0x0435, 0x043D, 0x0438, 0x043A, 0x0441, 0x20, 0x0430, 0x0440, 0x0430, 0x043B, 0x0434, 0x0430, 0x0440, 0x044B, 0x043D, 0x044B, 0x043D, 0x20, 0x0443, 0x0431, 0x0430, 0x043A, 0x0442, 0x044B, 0x0441, 0x044B));
					break;
				case 123: 
				if (style == 0) return String(CharArray::of(0x0421, 0x0435, 0x043D, 0x20, 0x041F, 0x044C, 0x0435, 0x0440, 0x20, 0x0436, 0x0430, 0x043D, 0x0430, 0x20, 0x041C, 0x0438, 0x043A, 0x0435, 0x043B, 0x043E, 0x043D, 0x20, 0x0443, 0x0431, 0x0430, 0x043A, 0x0442, 0x044B, 0x0441, 0x044B));
				if (style == 1) return String(CharArray::of(0x0421, 0x0435, 0x043D, 0x20, 0x041F, 0x044C, 0x0435, 0x0440, 0x20, 0x0436, 0x0430, 0x043D, 0x0430, 0x20, 0x041C, 0x0438, 0x043A, 0x0435, 0x043B, 0x043E, 0x043D, 0x20, 0x043A, 0x044B, 0x0448, 0x043A, 0x044B, 0x20, 0x0443, 0x0431, 0x0430, 0x043A, 0x0442, 0x044B, 0x0441, 0x044B));
				if (style == 2) return String(CharArray::of(0x0421, 0x0435, 0x043D, 0x20, 0x041F, 0x044C, 0x0435, 0x0440, 0x20, 0x0436, 0x0430, 0x043D, 0x0430, 0x20, 0x041C, 0x0438, 0x043A, 0x0435, 0x043B, 0x043E, 0x043D, 0x20, 0x0436, 0x0430, 0x0439, 0x043A, 0x044B, 0x20, 0x0443, 0x0431, 0x0430, 0x043A, 0x0442, 0x044B, 0x0441, 0x044B));
					break;
				case 124: 
				if (style == 1) return String(CharArray::of(0x041F, 0x0438, 0x0442, 0x043A, 0x044D, 0x0440, 0x043D, 0x0433, 0x20, 0x0443, 0x0431, 0x0430, 0x043A, 0x0442, 0x044B, 0x0441, 0x044B));
					break;
				case 125: 
				if (style == 1) return String(CharArray::of(0x041F, 0x043E, 0x043D, 0x0430, 0x043F, 0x0435, 0x20, 0x0443, 0x0431, 0x0430, 0x043A, 0x0442, 0x044B, 0x0441, 0x044B));
					break;
				case 126: 
				if (style == 1) return String(CharArray::of(0x041F, 0x0445, 0x0435, 0x043D, 0x044C, 0x044F, 0x043D, 0x20, 0x0443, 0x0431, 0x0430, 0x043A, 0x044B, 0x0442, 0x044B));
					break;
				case 128: 
				if (style == 1) return String(CharArray::of(0x0420, 0x0435, 0x044E, 0x043D, 0x0438, 0x043E, 0x043D, 0x20, 0x0443, 0x0431, 0x0430, 0x043A, 0x0442, 0x044B, 0x0441, 0x044B));
					break;
				case 129: 
				if (style == 1) return String(CharArray::of(0x0420, 0x043E, 0x0442, 0x0435, 0x0440, 0x0430, 0x20, 0x0443, 0x0431, 0x0430, 0x043A, 0x0442, 0x044B, 0x0441, 0x044B));
					break;
				case 130: 
				if (style == 0) return String(CharArray::of(0x0421, 0x0430, 0x0445, 0x0430, 0x043B, 0x0438, 0x043D, 0x20, 0x0443, 0x0431, 0x0430, 0x043A, 0x0442, 0x044B, 0x0441, 0x044B));
				if (style == 1) return String(CharArray::of(0x0421, 0x0430, 0x0445, 0x0430, 0x043B, 0x0438, 0x043D, 0x20, 0x043A, 0x044B, 0x0448, 0x043A, 0x044B, 0x20, 0x0443, 0x0431, 0x0430, 0x043A, 0x044B, 0x0442, 0x044B));
				if (style == 2) return String(CharArray::of(0x0421, 0x0430, 0x0445, 0x0430, 0x043B, 0x0438, 0x043D, 0x20, 0x0436, 0x0430, 0x0439, 0x043A, 0x044B, 0x20, 0x0443, 0x0431, 0x0430, 0x043A, 0x0442, 0x044B, 0x0441, 0x044B));
					break;
				case 132: 
				if (style == 0) return String(CharArray::of(0x0421, 0x0430, 0x043C, 0x043E, 0x0430, 0x20, 0x0443, 0x0431, 0x0430, 0x043A, 0x0442, 0x044B, 0x0441, 0x044B));
				if (style == 1) return String(CharArray::of(0x0421, 0x0430, 0x043C, 0x043E, 0x0430, 0x20, 0x043A, 0x044B, 0x0448, 0x043A, 0x044B, 0x20, 0x0443, 0x0431, 0x0430, 0x043A, 0x0442, 0x044B, 0x0441, 0x044B));
				if (style == 2) return String(CharArray::of(0x0421, 0x0430, 0x043C, 0x043E, 0x0430, 0x20, 0x0436, 0x0430, 0x0439, 0x043A, 0x044B, 0x20, 0x0443, 0x0431, 0x0430, 0x043A, 0x0442, 0x044B, 0x0441, 0x044B));
					break;
				case 133: 
				if (style == 1) return String(CharArray::of(0x0421, 0x0435, 0x0439, 0x0448, 0x0435, 0x043B, 0x20, 0x0443, 0x0431, 0x0430, 0x043A, 0x0442, 0x044B, 0x0441, 0x044B));
					break;
				case 134: 
				if (style == 1) return String(CharArray::of(0x0421, 0x0438, 0x043D, 0x0433, 0x0430, 0x043F, 0x0443, 0x0440, 0x20, 0x0443, 0x0431, 0x0430, 0x043A, 0x0442, 0x044B, 0x0441, 0x044B));
					break;
				case 135: 
				if (style == 1) return String(CharArray::of(0x0421, 0x043E, 0x043B, 0x043E, 0x043C, 0x043E, 0x043D, 0x20, 0x0430, 0x0440, 0x0430, 0x043B, 0x0434, 0x0430, 0x0440, 0x044B, 0x043D, 0x044B, 0x043D, 0x20, 0x0443, 0x0431, 0x0430, 0x043A, 0x0442, 0x044B, 0x0441, 0x044B));
					break;
				case 136: 
				if (style == 1) return String(CharArray::of(0x0422, 0x04AF, 0x0448, 0x0442, 0x04AF, 0x043A, 0x20, 0x0416, 0x043E, 0x0440, 0x0436, 0x0438, 0x044F, 0x20, 0x0443, 0x0431, 0x0430, 0x043A, 0x0442, 0x044B, 0x0441, 0x044B));
					break;
				case 137: 
				if (style == 1) return String(CharArray::of(0x0421, 0x0443, 0x0440, 0x0438, 0x043D, 0x0430, 0x043C, 0x0435, 0x20, 0x0443, 0x0431, 0x0430, 0x043A, 0x0442, 0x044B, 0x0441, 0x044B));
					break;
				case 138: 
				if (style == 1) return String(CharArray::of(0x0421, 0x0430, 0x043E, 0x0430, 0x20, 0x0443, 0x0431, 0x0430, 0x043A, 0x0442, 0x044B, 0x0441, 0x044B));
					break;
				case 139: 
				if (style == 1) return String(CharArray::of(0x0422, 0x0430, 0x0438, 0x0442, 0x0438, 0x20, 0x0443, 0x0431, 0x0430, 0x043A, 0x0442, 0x044B, 0x0441, 0x044B));
					break;
				case 140: 
				if (style == 0) return String(CharArray::of(0x0422, 0x0430, 0x0439, 0x043F, 0x0435, 0x0439, 0x20, 0x0443, 0x0431, 0x0430, 0x043A, 0x0442, 0x044B, 0x0441, 0x044B));
				if (style == 1) return String(CharArray::of(0x0422, 0x0430, 0x0439, 0x043F, 0x0435, 0x0439, 0x20, 0x043A, 0x044B, 0x0448, 0x043A, 0x044B, 0x20, 0x0443, 0x0431, 0x0430, 0x043A, 0x044B, 0x0442, 0x044B));
				if (style == 2) return String(CharArray::of(0x0422, 0x0430, 0x0439, 0x043F, 0x0435, 0x0439, 0x20, 0x0436, 0x0430, 0x0439, 0x043A, 0x044B, 0x20, 0x0443, 0x0431, 0x0430, 0x043A, 0x044B, 0x0442, 0x044B));
					break;
				case 141: 
				if (style == 1) return String(CharArray::of(0x0422, 0x0430, 0x0436, 0x0438, 0x043A, 0x0441, 0x0442, 0x0430, 0x043D, 0x20, 0x0443, 0x0431, 0x0430, 0x043A, 0x0442, 0x044B, 0x0441, 0x044B));
					break;
				case 142: 
				if (style == 1) return String(CharArray::of(0x0422, 0x043E, 0x043A, 0x0435, 0x043B, 0x0430, 0x0443, 0x20, 0x0443, 0x0431, 0x0430, 0x043A, 0x0442, 0x044B, 0x0441, 0x044B));
					break;
				case 143: 
				if (style == 0) return String(CharArray::of(0x0422, 0x043E, 0x043D, 0x0433, 0x0430, 0x20, 0x0443, 0x0431, 0x0430, 0x043A, 0x0442, 0x044B, 0x0441, 0x044B));
				if (style == 1) return String(CharArray::of(0x0422, 0x043E, 0x043D, 0x0433, 0x0430, 0x20, 0x043A, 0x044B, 0x0448, 0x043A, 0x044B, 0x20, 0x0443, 0x0431, 0x0430, 0x043A, 0x0442, 0x044B, 0x0441, 0x044B));
				if (style == 2) return String(CharArray::of(0x0422, 0x043E, 0x043D, 0x0433, 0x0430, 0x20, 0x0436, 0x0430, 0x0439, 0x043A, 0x044B, 0x20, 0x0443, 0x0431, 0x0430, 0x043A, 0x0442, 0x044B, 0x0441, 0x044B));
					break;
				case 144: 
				if (style == 1) return String(CharArray::of(0x0427, 0x0443, 0x0443, 0x043A, 0x20, 0x0443, 0x0431, 0x0430, 0x043A, 0x0442, 0x044B, 0x0441, 0x044B));
					break;
				case 145: 
				if (style == 0) return String(CharArray::of(0x0422, 0x04AF, 0x0440, 0x043A, 0x043C, 0x04E9, 0x043D, 0x0441, 0x0442, 0x0430, 0x043D, 0x20, 0x0443, 0x0431, 0x0430, 0x043A, 0x0442, 0x044B, 0x0441, 0x044B));
				if (style == 1) return String(CharArray::of(0x0422, 0x04AF, 0x0440, 0x043A, 0x043C, 0x04E9, 0x043D, 0x0441, 0x0442, 0x0430, 0x043D, 0x20, 0x043A, 0x044B, 0x0448, 0x043A, 0x044B, 0x20, 0x0443, 0x0431, 0x0430, 0x043A, 0x044B, 0x0442, 0x044B));
				if (style == 2) return String(CharArray::of(0x0422, 0x04AF, 0x0440, 0x043A, 0x043C, 0x04E9, 0x043D, 0x0441, 0x0442, 0x0430, 0x043D, 0x20, 0x0436, 0x0430, 0x0439, 0x043A, 0x044B, 0x20, 0x0443, 0x0431, 0x0430, 0x043A, 0x0442, 0x044B, 0x0441, 0x044B));
					break;
				case 146: 
				if (style == 1) return String(CharArray::of(0x0422, 0x0443, 0x0432, 0x0430, 0x043B, 0x0443, 0x20, 0x0443, 0x0431, 0x0430, 0x043A, 0x0442, 0x044B, 0x0441, 0x044B));
					break;
				case 147: 
				if (style == 0) return String(CharArray::of(0x0423, 0x0440, 0x0443, 0x0433, 0x0432, 0x0430, 0x0439, 0x20, 0x0443, 0x0431, 0x0430, 0x043A, 0x0442, 0x044B, 0x0441, 0x044B));
				if (style == 1) return String(CharArray::of(0x0423, 0x0440, 0x0443, 0x0433, 0x0432, 0x0430, 0x0439, 0x20, 0x043A, 0x044B, 0x0448, 0x043A, 0x044B, 0x20, 0x0443, 0x0431, 0x0430, 0x043A, 0x0442, 0x044B, 0x0441, 0x044B));
				if (style == 2) return String(CharArray::of(0x0423, 0x0440, 0x0443, 0x0433, 0x0432, 0x0430, 0x0439, 0x20, 0x0436, 0x0430, 0x0439, 0x043A, 0x044B, 0x20, 0x0443, 0x0431, 0x0430, 0x043A, 0x0442, 0x044B, 0x0441, 0x044B));
					break;
				case 148: 
				if (style == 0) return String(CharArray::of(0x04E8, 0x0437, 0x0431, 0x0435, 0x043A, 0x0441, 0x0442, 0x0430, 0x043D, 0x20, 0x0443, 0x0431, 0x0430, 0x043A, 0x0442, 0x044B, 0x0441, 0x044B));
				if (style == 1) return String(CharArray::of(0x04E8, 0x0437, 0x0431, 0x0435, 0x043A, 0x0441, 0x0442, 0x0430, 0x043D, 0x20, 0x043A, 0x044B, 0x0448, 0x043A, 0x044B, 0x20, 0x0443, 0x0431, 0x0430, 0x043A, 0x044B, 0x0442, 0x044B));
				if (style == 2) return String(CharArray::of(0x04E8, 0x0437, 0x0431, 0x0435, 0x043A, 0x0441, 0x0442, 0x0430, 0x043D, 0x20, 0x0436, 0x0430, 0x0439, 0x043A, 0x044B, 0x20, 0x0443, 0x0431, 0x0430, 0x043A, 0x0442, 0x044B, 0x0441, 0x044B));
					break;
				case 149: 
				if (style == 0) return String(CharArray::of(0x0412, 0x0430, 0x043D, 0x0443, 0x0430, 0x0442, 0x0443, 0x20, 0x0443, 0x0431, 0x0430, 0x043A, 0x0442, 0x044B, 0x0441, 0x044B));
				if (style == 1) return String(CharArray::of(0x0412, 0x0430, 0x043D, 0x0443, 0x0430, 0x0442, 0x0443, 0x20, 0x043A, 0x044B, 0x0448, 0x043A, 0x044B, 0x20, 0x0443, 0x0431, 0x0430, 0x043A, 0x044B, 0x0442, 0x044B));
				if (style == 2) return String(CharArray::of(0x0412, 0x0430, 0x043D, 0x0443, 0x0430, 0x0442, 0x0443, 0x20, 0x0436, 0x0430, 0x0439, 0x043A, 0x044B, 0x20, 0x0443, 0x0431, 0x0430, 0x043A, 0x0442, 0x044B, 0x0441, 0x044B));
					break;
				case 150: 
				if (style == 1) return String(CharArray::of(0x0412, 0x0435, 0x043D, 0x0435, 0x0441, 0x0443, 0x044D, 0x043B, 0x0430, 0x20, 0x0443, 0x0431, 0x0430, 0x043A, 0x0442, 0x044B, 0x0441, 0x044B));
					break;
				case 151: 
				if (style == 0) return String(CharArray::of(0x0412, 0x043B, 0x0430, 0x0434, 0x0438, 0x0432, 0x043E, 0x0441, 0x0442, 0x043E, 0x043A, 0x20, 0x0443, 0x0431, 0x0430, 0x043A, 0x0442, 0x044B, 0x0441, 0x044B));
				if (style == 1) return String(CharArray::of(0x0412, 0x043B, 0x0430, 0x0434, 0x0438, 0x0432, 0x043E, 0x0441, 0x0442, 0x043E, 0x043A, 0x20, 0x043A, 0x044B, 0x0448, 0x043A, 0x044B, 0x20, 0x0443, 0x0431, 0x0430, 0x043A, 0x044B, 0x0442, 0x044B));
				if (style == 2) return String(CharArray::of(0x0412, 0x043B, 0x0430, 0x0434, 0x0438, 0x0432, 0x043E, 0x0441, 0x0442, 0x043E, 0x043A, 0x20, 0x0436, 0x0430, 0x0439, 0x043A, 0x044B, 0x20, 0x0443, 0x0431, 0x0430, 0x043A, 0x0442, 0x044B, 0x0441, 0x044B));
					break;
				case 152: 
				if (style == 0) return String(CharArray::of(0x0412, 0x043E, 0x043B, 0x0433, 0x043E, 0x0433, 0x0440, 0x0430, 0x0434, 0x20, 0x0443, 0x0431, 0x0430, 0x043A, 0x0442, 0x044B, 0x0441, 0x044B));
				if (style == 1) return String(CharArray::of(0x0412, 0x043E, 0x043B, 0x0433, 0x043E, 0x0433, 0x0440, 0x0430, 0x0434, 0x20, 0x043A, 0x044B, 0x0448, 0x043A, 0x044B, 0x20, 0x0443, 0x0431, 0x0430, 0x043A, 0x044B, 0x0442, 0x044B));
				if (style == 2) return String(CharArray::of(0x0412, 0x043E, 0x043B, 0x0433, 0x043E, 0x0433, 0x0440, 0x0430, 0x0434, 0x20, 0x0436, 0x0430, 0x0439, 0x043A, 0x044B, 0x20, 0x0443, 0x0431, 0x0430, 0x043A, 0x0442, 0x044B, 0x0441, 0x044B));
					break;
				case 153: 
				if (style == 1) return String(CharArray::of(0x0412, 0x043E, 0x0441, 0x0442, 0x043E, 0x043A, 0x20, 0x0443, 0x0431, 0x0430, 0x043A, 0x0442, 0x044B, 0x0441, 0x044B));
					break;
				case 154: 
				if (style == 1) return String(CharArray::of(0x0423, 0x0435, 0x0439, 0x043A, 0x20, 0x0430, 0x0440, 0x0430, 0x043B, 0x0434, 0x0430, 0x0440, 0x044B, 0x043D, 0x044B, 0x043D, 0x20, 0x0443, 0x0431, 0x0430, 0x043A, 0x0442, 0x044B, 0x0441, 0x044B));
					break;
				case 155: 
				if (style == 1) return String(CharArray::of(0x0423, 0x043E, 0x043B, 0x0438, 0x0441, 0x20, 0x0436, 0x0430, 0x043D, 0x0430, 0x20, 0x0424, 0x0443, 0x0442, 0x0443, 0x043D, 0x0430, 0x20, 0x0443, 0x0431, 0x0430, 0x043A, 0x0442, 0x044B, 0x0441, 0x044B));
					break;
				case 156: 
				if (style == 0) return String(CharArray::of(0x042F, 0x043A, 0x0443, 0x0442, 0x0441, 0x043A, 0x20, 0x0443, 0x0431, 0x0430, 0x043A, 0x0442, 0x044B, 0x0441, 0x044B));
				if (style == 1) return String(CharArray::of(0x042F, 0x043A, 0x0443, 0x0442, 0x0441, 0x043A, 0x20, 0x043A, 0x044B, 0x0448, 0x043A, 0x044B, 0x20, 0x0443, 0x0431, 0x0430, 0x043A, 0x044B, 0x0442, 0x044B));
				if (style == 2) return String(CharArray::of(0x042F, 0x043A, 0x0443, 0x0442, 0x0441, 0x043A, 0x20, 0x0436, 0x0430, 0x0439, 0x043A, 0x044B, 0x20, 0x0443, 0x0431, 0x0430, 0x043A, 0x0442, 0x044B, 0x0441, 0x044B));
					break;
				case 157: 
				if (style == 0) return String(CharArray::of(0x0415, 0x043A, 0x0430, 0x0442, 0x0435, 0x0440, 0x0438, 0x043D, 0x0431, 0x0443, 0x0440, 0x0433, 0x20, 0x0443, 0x0431, 0x0430, 0x043A, 0x0442, 0x044B, 0x0441, 0x044B));
				if (style == 1) return String(CharArray::of(0x0415, 0x043A, 0x0430, 0x0442, 0x0435, 0x0440, 0x0438, 0x043D, 0x0431, 0x0443, 0x0440, 0x0433, 0x20, 0x043A, 0x044B, 0x0448, 0x043A, 0x044B, 0x20, 0x0443, 0x0431, 0x0430, 0x043A, 0x044B, 0x0442, 0x044B));
				if (style == 2) return String(CharArray::of(0x0415, 0x043A, 0x0430, 0x0442, 0x0435, 0x0440, 0x0438, 0x043D, 0x0431, 0x0443, 0x0440, 0x0433, 0x20, 0x0436, 0x0430, 0x0439, 0x043A, 0x044B, 0x20, 0x0443, 0x0431, 0x0430, 0x043A, 0x0442, 0x044B, 0x0441, 0x044B));
					break;
				case 158: 
				if (style == 1) return String(CharArray::of(0x042E, 0x043A, 0x043E, 0x043D, 0x20, 0x0443, 0x0431, 0x0430, 0x043A, 0x0442, 0x044B, 0x0441, 0x044B));
					break;
            default: break;
            }
            return String();
        }
        
        String Ky::timezonePattern(gint type) const {
            switch(type){
				case 3: return String(CharArray::of(0x7B, 0x30, 0x7D, 0x20, 0x0443, 0x0431, 0x0430, 0x043A, 0x0442, 0x044B, 0x0441, 0x044B));
            default: break;
            }
            return String();
        }
    }
}
        