
#include "nds.h"
#include <core/StringArray.h>


// :::::::::::::::::::::::::::::::::::::::::::::::::::::::::::::::::::::::::::::::::::::::::::::::::
// This file has been Generated by CldrGen.py
// :::::::::::::::::::::::::::::::::::::::::::::::::::::::::::::::::::::::::::::::::::::::::::::::::


namespace core {
    using namespace util;
    namespace locales {
        
        String Nds::displayLanguage(gint language, gint script, gint region) const {
            switch(language) {
				case 0: return String(CharArray::of(0x41, 0x66, 0x61, 0x72));
				case 1: return String(CharArray::of(0x41, 0x62, 0x63, 0x68, 0x61, 0x61, 0x73, 0x63, 0x68));
				case 2: return String(CharArray::of(0x41, 0x63, 0x65, 0x68));
				case 3: return String(CharArray::of(0x41, 0x63, 0x68, 0x6F, 0x6C, 0x69));
				case 4: return String(CharArray::of(0x41, 0x64, 0x61, 0x6E, 0x67, 0x6D, 0x65));
				case 5: return String(CharArray::of(0x41, 0x64, 0x79, 0x67, 0x65, 0x69, 0x73, 0x63, 0x68));
				case 6: return String(CharArray::of(0x41, 0x76, 0x65, 0x73, 0x74, 0x73, 0x63, 0x68));
				case 8: return String(CharArray::of(0x41, 0x66, 0x72, 0x69, 0x6B, 0x61, 0x61, 0x6E, 0x73));
				case 9: return String(CharArray::of(0x41, 0x66, 0x72, 0x69, 0x68, 0x69, 0x6C, 0x69));
				case 10: return String(CharArray::of(0x41, 0x67, 0x68, 0x65, 0x6D));
				case 11: return String(CharArray::of(0x41, 0x69, 0x6E, 0x75));
				case 13: return String(CharArray::of(0x41, 0x6B, 0x61, 0x6E));
				case 14: return String(CharArray::of(0x41, 0x6B, 0x6B, 0x61, 0x64, 0x73, 0x63, 0x68));
				case 16: return String(CharArray::of(0x41, 0x6C, 0x65, 0x75, 0x74, 0x73, 0x63, 0x68));
				case 18: return String(CharArray::of(0x53, 0xFC, 0xFC, 0x64, 0x2D, 0x41, 0x6C, 0x74, 0x61, 0x69, 0x73, 0x63, 0x68));
				case 19: return String(CharArray::of(0x41, 0x6D, 0x68, 0x61, 0x61, 0x72, 0x73, 0x63, 0x68));
				case 20: return String(CharArray::of(0x41, 0x72, 0x61, 0x67, 0x6F, 0x6E, 0x65, 0x65, 0x73, 0x63, 0x68));
				case 21: return String(CharArray::of(0x4F, 0x6F, 0x6C, 0x64, 0x65, 0x6E, 0x67, 0x65, 0x6C, 0x73, 0x63, 0x68));
				case 23: return String(CharArray::of(0x41, 0x6E, 0x67, 0x69, 0x6B, 0x61));
				case 25: 
					if (region == 0) return String(CharArray::of(0x53, 0x74, 0x61, 0x6E, 0x64, 0x61, 0x72, 0x64, 0x61, 0x72, 0x61, 0x61, 0x62, 0x73, 0x63, 0x68));
					return String(CharArray::of(0x41, 0x72, 0x61, 0x61, 0x62, 0x73, 0x63, 0x68));
				case 26: return String(CharArray::of(0x41, 0x72, 0x61, 0x6D, 0xE4, 0xE4, 0x73, 0x63, 0x68));
				case 27: return String(CharArray::of(0x41, 0x72, 0x61, 0x75, 0x6B, 0x61, 0x61, 0x6E, 0x73, 0x63, 0x68));
				case 29: return String(CharArray::of(0x41, 0x72, 0x61, 0x70, 0x61, 0x68, 0x6F));
				case 32: return String(CharArray::of(0x41, 0x72, 0x61, 0x77, 0x61, 0x6B, 0x2D, 0x53, 0x70, 0x72, 0x61, 0x6B, 0x65, 0x6E));
				case 35: return String(CharArray::of(0x41, 0x73, 0x73, 0x61, 0x6D, 0x65, 0x65, 0x73, 0x63, 0x68));
				case 38: return String(CharArray::of(0x41, 0x73, 0x74, 0x75, 0x72, 0x69, 0x61, 0x61, 0x6E, 0x73, 0x63, 0x68));
				case 40: return String(CharArray::of(0x41, 0x77, 0x61, 0x61, 0x72, 0x73, 0x63, 0x68));
				case 42: return String(CharArray::of(0x41, 0x77, 0x61, 0x64, 0x68, 0x69));
				case 43: return String(CharArray::of(0x41, 0x79, 0x6D, 0x61, 0x72, 0x61));
				case 44: return String(CharArray::of(0x41, 0x73, 0x65, 0x72, 0x62, 0x61, 0x69, 0x64, 0x73, 0x63, 0x68, 0x61, 0x61, 0x6E, 0x73, 0x63, 0x68));
				case 45: return String(CharArray::of(0x42, 0x61, 0x73, 0x63, 0x68, 0x6B, 0x69, 0x65, 0x72, 0x73, 0x63, 0x68));
				case 46: return String(CharArray::of(0x42, 0x65, 0x6C, 0x75, 0x74, 0x73, 0x63, 0x68, 0x69, 0x73, 0x63, 0x68));
				case 47: return String(CharArray::of(0x42, 0x61, 0x6C, 0x69, 0x6E, 0x65, 0x65, 0x73, 0x63, 0x68));
				case 49: return String(CharArray::of(0x42, 0x61, 0x73, 0x61, 0x61));
				case 53: return String(CharArray::of(0x57, 0x69, 0x74, 0x74, 0x72, 0x75, 0x73, 0x73, 0x2019, 0x73, 0x63, 0x68));
				case 54: return String(CharArray::of(0x42, 0x65, 0x64, 0x73, 0x63, 0x68, 0x61));
				case 55: return String(CharArray::of(0x42, 0x65, 0x6D, 0x62, 0x61));
				case 60: return String(CharArray::of(0x42, 0x75, 0x6C, 0x67, 0x61, 0x61, 0x72, 0x73, 0x63, 0x68));
				case 64: return String(CharArray::of(0x42, 0x68, 0x6F, 0x64, 0x73, 0x63, 0x68, 0x70, 0x75, 0x72, 0x69));
				case 65: return String(CharArray::of(0x42, 0x69, 0x73, 0x6C, 0x61, 0x6D, 0x61));
				case 66: return String(CharArray::of(0x42, 0x69, 0x6B, 0x6F, 0x6C));
				case 67: return String(CharArray::of(0x42, 0x69, 0x6E, 0x69));
				case 70: return String(CharArray::of(0x53, 0x69, 0x6B, 0x73, 0x69, 0x6B, 0x61));
				case 73: return String(CharArray::of(0x42, 0x61, 0x6D, 0x62, 0x61, 0x72, 0x61));
				case 74: return String(CharArray::of(0x42, 0x65, 0x6E, 0x67, 0x61, 0x61, 0x6C, 0x73, 0x63, 0x68));
				case 75: return String(CharArray::of(0x54, 0x69, 0x62, 0x65, 0x65, 0x74, 0x73, 0x63, 0x68));
				case 78: return String(CharArray::of(0x42, 0x72, 0x65, 0x74, 0x6F, 0x6F, 0x6E, 0x73, 0x63, 0x68));
				case 79: return String(CharArray::of(0x42, 0x72, 0x61, 0x6A, 0x2D, 0x42, 0x68, 0x61, 0x6B, 0x68, 0x61));
				case 81: return String(CharArray::of(0x42, 0x6F, 0x64, 0x6F));
				case 82: return String(CharArray::of(0x42, 0x6F, 0x73, 0x6E, 0x69, 0x73, 0x63, 0x68));
				case 84: return String(CharArray::of(0x42, 0x75, 0x72, 0x6A, 0x61, 0x61, 0x74, 0x73, 0x63, 0x68));
				case 85: return String(CharArray::of(0x42, 0x75, 0x67, 0x69, 0x6E, 0x65, 0x65, 0x73, 0x63, 0x68));
				case 87: return String(CharArray::of(0x42, 0x6C, 0x69, 0x6E));
				case 89: return String(CharArray::of(0x4B, 0x61, 0x74, 0x61, 0x6C, 0x61, 0x61, 0x6E, 0x73, 0x63, 0x68));
				case 90: return String(CharArray::of(0x43, 0x61, 0x64, 0x64, 0x6F));
				case 91: return String(CharArray::of(0x4B, 0x61, 0x72, 0x69, 0x65, 0x62, 0x73, 0x63, 0x68, 0x65, 0x20, 0x53, 0x70, 0x72, 0x61, 0x6B, 0x65, 0x6E));
				case 93: return String(CharArray::of(0x41, 0x74, 0x73, 0x61, 0x6D));
				case 95: return String(CharArray::of(0x54, 0x73, 0x63, 0x68, 0x65, 0x74, 0x73, 0x63, 0x68, 0x65, 0x65, 0x6E, 0x73, 0x63, 0x68));
				case 96: return String(CharArray::of(0x43, 0x65, 0x62, 0x75, 0x61, 0x6E, 0x6F));
				case 98: return String(CharArray::of(0x43, 0x68, 0x61, 0x6D, 0x6F, 0x72, 0x72, 0x6F));
				case 99: return String(CharArray::of(0x43, 0x68, 0x69, 0x62, 0x63, 0x68, 0x61, 0x2D, 0x53, 0x70, 0x72, 0x61, 0x6B, 0x65, 0x6E));
				case 100: return String(CharArray::of(0x54, 0x73, 0x63, 0x68, 0x61, 0x67, 0x61, 0x74, 0x61, 0x69, 0x73, 0x63, 0x68));
				case 101: return String(CharArray::of(0x54, 0x72, 0x75, 0x6B, 0x65, 0x65, 0x73, 0x63, 0x68));
				case 102: return String(CharArray::of(0x4D, 0x61, 0x72, 0x69));
				case 103: return String(CharArray::of(0x43, 0x68, 0x69, 0x6E, 0x6F, 0x6F, 0x6B));
				case 104: return String(CharArray::of(0x43, 0x68, 0x6F, 0x63, 0x74, 0x61, 0x77));
				case 105: return String(CharArray::of(0x43, 0x68, 0x69, 0x70, 0x65, 0x77, 0x79, 0x61, 0x6E));
				case 106: return String(CharArray::of(0x43, 0x68, 0x65, 0x72, 0x6F, 0x6B, 0x65, 0x65, 0x73, 0x63, 0x68));
				case 107: return String(CharArray::of(0x43, 0x68, 0x65, 0x79, 0x65, 0x6E, 0x6E, 0x65));
				case 109: return String(CharArray::of(0x5A, 0x65, 0x6E, 0x74, 0x72, 0x61, 0x61, 0x6C, 0x6B, 0x75, 0x72, 0x64, 0x73, 0x63, 0x68));
				case 111: return String(CharArray::of(0x4B, 0x6F, 0x6F, 0x72, 0x73, 0x73, 0x63, 0x68));
				case 112: return String(CharArray::of(0x4B, 0x6F, 0x70, 0x74, 0x73, 0x63, 0x68));
				case 114: return String(CharArray::of(0x43, 0x72, 0x65, 0x65));
				case 116: return String(CharArray::of(0x4B, 0x72, 0x69, 0x6D, 0x74, 0x61, 0x74, 0x61, 0x61, 0x72, 0x73, 0x63, 0x68));
				case 123: return String(CharArray::of(0x54, 0x73, 0x63, 0x68, 0x65, 0x63, 0x68, 0x2019, 0x73, 0x63, 0x68));
				case 124: return String(CharArray::of(0x4B, 0x61, 0x73, 0x63, 0x68, 0x75, 0x75, 0x62, 0x73, 0x63, 0x68));
				case 126: return String(CharArray::of(0x4B, 0x61, 0x72, 0x6B, 0x65, 0x6E, 0x73, 0x6C, 0x61, 0x61, 0x76, 0x73, 0x63, 0x68));
				case 127: return String(CharArray::of(0x54, 0x73, 0x63, 0x68, 0x75, 0x77, 0x61, 0x73, 0x63, 0x68, 0x2019, 0x73, 0x63, 0x68));
				case 129: return String(CharArray::of(0x57, 0x61, 0x6C, 0x69, 0x65, 0x73, 0x63, 0x68));
				case 130: return String(CharArray::of(0x44, 0xE4, 0xE4, 0x6E, 0x73, 0x63, 0x68));
				case 131: return String(CharArray::of(0x44, 0x61, 0x6B, 0x6F, 0x74, 0x61));
				case 132: return String(CharArray::of(0x44, 0x61, 0x72, 0x67, 0x69, 0x65, 0x6E, 0x73, 0x63, 0x68));
				case 134: 
					if (region == 75) return String(CharArray::of(0x53, 0x77, 0x69, 0x65, 0x7A, 0x65, 0x72, 0x20, 0x48, 0x6F, 0x6F, 0x63, 0x68, 0x64, 0xFC, 0xFC, 0x74, 0x73, 0x63, 0x68));
					if (region == 43) return String(CharArray::of(0xD6, 0xF6, 0x73, 0x74, 0x65, 0x72, 0x72, 0x69, 0x65, 0x6B, 0x73, 0x63, 0x68, 0x20, 0x48, 0x6F, 0x6F, 0x63, 0x68, 0x64, 0xFC, 0xFC, 0x74, 0x73, 0x63, 0x68));
					return String(CharArray::of(0x48, 0x6F, 0x6F, 0x63, 0x68, 0x64, 0xFC, 0xFC, 0x74, 0x73, 0x63, 0x68));
				case 135: return String(CharArray::of(0x44, 0x65, 0x6C, 0x61, 0x77, 0x61, 0x72, 0x65));
				case 136: return String(CharArray::of(0x53, 0x6C, 0x61, 0x76, 0x65));
				case 137: return String(CharArray::of(0x44, 0x6F, 0x67, 0x72, 0x69, 0x62));
				case 138: return String(CharArray::of(0x44, 0x69, 0x6E, 0x6B, 0x61));
				case 140: return String(CharArray::of(0x44, 0x6F, 0x67, 0x72, 0x69));
				case 141: return String(CharArray::of(0x4E, 0x65, 0x64, 0x64, 0x65, 0x72, 0x73, 0x6F, 0x72, 0x62, 0x73, 0x63, 0x68));
				case 143: return String(CharArray::of(0x44, 0x75, 0x61, 0x6C, 0x61));
				case 144: return String(CharArray::of(0x4D, 0x69, 0x64, 0x64, 0x65, 0x6C, 0x6E, 0x65, 0x64, 0x64, 0x65, 0x72, 0x6C, 0x61, 0x6E, 0x64, 0x73, 0x63, 0x68));
				case 145: return String(CharArray::of(0x4D, 0x61, 0x6C, 0x65, 0x64, 0x69, 0x65, 0x76, 0x73, 0x63, 0x68));
				case 147: return String(CharArray::of(0x44, 0x79, 0x75, 0x6C, 0x61));
				case 148: return String(CharArray::of(0x42, 0x68, 0x75, 0x74, 0x61, 0x61, 0x6E, 0x73, 0x63, 0x68));
				case 151: return String(CharArray::of(0x45, 0x77, 0x65));
				case 152: return String(CharArray::of(0x45, 0x66, 0x69, 0x6B));
				case 154: return String(CharArray::of(0xC4, 0x67, 0x79, 0x70, 0x74, 0x73, 0x63, 0x68));
				case 155: return String(CharArray::of(0x45, 0x6B, 0x61, 0x6A, 0x75, 0x6B));
				case 156: return String(CharArray::of(0x47, 0x72, 0x65, 0x65, 0x6B, 0x73, 0x63, 0x68));
				case 157: return String(CharArray::of(0x45, 0x6C, 0x61, 0x61, 0x6D, 0x73, 0x63, 0x68));
				case 158: 
					if (region == 276) return String(CharArray::of(0x41, 0x6D, 0x65, 0x72, 0x69, 0x6B, 0x61, 0x61, 0x6E, 0x73, 0x63, 0x68, 0x20, 0x45, 0x6E, 0x67, 0x65, 0x6C, 0x73, 0x63, 0x68));
					if (region == 116) return String(CharArray::of(0x42, 0x72, 0x69, 0x65, 0x74, 0x73, 0x63, 0x68, 0x20, 0x45, 0x6E, 0x67, 0x65, 0x6C, 0x73, 0x63, 0x68));
					if (region == 70) return String(CharArray::of(0x4B, 0x61, 0x6E, 0x61, 0x61, 0x64, 0x73, 0x63, 0x68, 0x20, 0x45, 0x6E, 0x67, 0x65, 0x6C, 0x73, 0x63, 0x68));
					if (region == 44) return String(CharArray::of(0x41, 0x75, 0x73, 0x74, 0x72, 0x61, 0x61, 0x6C, 0x73, 0x63, 0x68, 0x20, 0x45, 0x6E, 0x67, 0x65, 0x6C, 0x73, 0x63, 0x68));
					return String(CharArray::of(0x45, 0x6E, 0x67, 0x65, 0x6C, 0x73, 0x63, 0x68));
				case 159: return String(CharArray::of(0x4D, 0x69, 0x64, 0x64, 0x65, 0x6C, 0x65, 0x6E, 0x67, 0x65, 0x6C, 0x73, 0x63, 0x68));
				case 160: return String(CharArray::of(0x45, 0x73, 0x70, 0x65, 0x72, 0x61, 0x6E, 0x74, 0x6F));
				case 161: 
					if (region == 197) return String(CharArray::of(0x4D, 0x65, 0x78, 0x69, 0x6B, 0x61, 0x61, 0x6E, 0x73, 0x63, 0x68, 0x20, 0x53, 0x70, 0x61, 0x61, 0x6E, 0x73, 0x63, 0x68));
					if (region == 105) return String(CharArray::of(0x49, 0x62, 0x65, 0x65, 0x72, 0x73, 0x63, 0x68, 0x20, 0x53, 0x70, 0x61, 0x61, 0x6E, 0x73, 0x63, 0x68));
					if (region == 30) return String(CharArray::of(0x4C, 0x61, 0x74, 0x69, 0x65, 0x6E, 0x61, 0x6D, 0x65, 0x72, 0x69, 0x6B, 0x61, 0x61, 0x6E, 0x73, 0x63, 0x68, 0x20, 0x53, 0x70, 0x61, 0x61, 0x6E, 0x73, 0x63, 0x68));
					return String(CharArray::of(0x53, 0x70, 0x61, 0x61, 0x6E, 0x73, 0x63, 0x68));
				case 163: return String(CharArray::of(0x45, 0x65, 0x73, 0x74, 0x6C, 0x61, 0x6E, 0x6E, 0x73, 0x63, 0x68));
				case 164: return String(CharArray::of(0x42, 0x61, 0x73, 0x6B, 0x73, 0x63, 0x68));
				case 165: return String(CharArray::of(0x45, 0x77, 0x6F, 0x6E, 0x64, 0x6F));
				case 167: return String(CharArray::of(0x50, 0x65, 0x72, 0x73, 0x2019, 0x73, 0x63, 0x68));
				case 168: return String(CharArray::of(0x50, 0x61, 0x6E, 0x67, 0x77, 0x65));
				case 169: return String(CharArray::of(0x46, 0x61, 0x6E, 0x74, 0x69));
				case 170: return String(CharArray::of(0x46, 0x75, 0x6C));
				case 171: return String(CharArray::of(0x46, 0x69, 0x6E, 0x6E, 0x73, 0x63, 0x68));
				case 172: return String(CharArray::of(0x50, 0x68, 0x69, 0x6C, 0x69, 0x70, 0x70, 0x69, 0x65, 0x6E, 0x73, 0x63, 0x68));
				case 174: return String(CharArray::of(0x46, 0x69, 0x64, 0x73, 0x63, 0x68, 0x69, 0x61, 0x61, 0x6E, 0x73, 0x63, 0x68));
				case 175: return String(CharArray::of(0x46, 0xE4, 0x72, 0xF6, 0xF6, 0x73, 0x63, 0x68));
				case 176: return String(CharArray::of(0x46, 0x6F, 0x6E));
				case 177: 
					if (region == 75) return String(CharArray::of(0x53, 0x77, 0x69, 0x65, 0x7A, 0x65, 0x72, 0x20, 0x46, 0x72, 0x61, 0x6E, 0x7A, 0xF6, 0xF6, 0x73, 0x63, 0x68));
					if (region == 70) return String(CharArray::of(0x4B, 0x61, 0x6E, 0x61, 0x61, 0x64, 0x73, 0x63, 0x68, 0x20, 0x46, 0x72, 0x61, 0x6E, 0x7A, 0xF6, 0xF6, 0x73, 0x63, 0x68));
					return String(CharArray::of(0x46, 0x72, 0x61, 0x6E, 0x7A, 0xF6, 0xF6, 0x73, 0x63, 0x68));
				case 179: return String(CharArray::of(0x4D, 0x69, 0x64, 0x64, 0x65, 0x6C, 0x66, 0x72, 0x61, 0x6E, 0x7A, 0xF6, 0xF6, 0x73, 0x63, 0x68));
				case 180: return String(CharArray::of(0x4F, 0x6F, 0x6C, 0x64, 0x66, 0x72, 0x61, 0x6E, 0x7A, 0xF6, 0xF6, 0x73, 0x63, 0x68));
				case 182: return String(CharArray::of(0x4E, 0x6F, 0x6F, 0x72, 0x64, 0x66, 0x72, 0x65, 0x65, 0x73, 0x63, 0x68));
				case 183: return String(CharArray::of(0x53, 0x61, 0x74, 0x65, 0x72, 0x66, 0x72, 0x65, 0x65, 0x73, 0x63, 0x68));
				case 184: return String(CharArray::of(0x46, 0x72, 0x69, 0x75, 0x75, 0x6C, 0x73, 0x63, 0x68));
				case 185: return String(CharArray::of(0x57, 0x65, 0x73, 0x74, 0x66, 0x72, 0x65, 0x65, 0x73, 0x63, 0x68));
				case 186: return String(CharArray::of(0x49, 0x65, 0x72, 0x73, 0x63, 0x68));
				case 187: return String(CharArray::of(0x47, 0x61));
				case 190: return String(CharArray::of(0x47, 0x61, 0x79, 0x6F));
				case 191: return String(CharArray::of(0x47, 0x62, 0x61, 0x79, 0x61));
				case 193: return String(CharArray::of(0x53, 0x63, 0x68, 0x6F, 0x74, 0x74, 0x73, 0x63, 0x68, 0x20, 0x47, 0xE4, 0xE4, 0x6C, 0x73, 0x63, 0x68));
				case 194: return String(CharArray::of(0x47, 0x65, 0x65, 0x7A));
				case 195: return String(CharArray::of(0x47, 0x69, 0x6C, 0x62, 0x65, 0x72, 0x74, 0x65, 0x65, 0x73, 0x63, 0x68));
				case 196: return String(CharArray::of(0x47, 0x61, 0x6C, 0x69, 0x7A, 0x73, 0x63, 0x68));
				case 198: return String(CharArray::of(0x4D, 0x69, 0x64, 0x64, 0x65, 0x6C, 0x68, 0x6F, 0x6F, 0x63, 0x68, 0x64, 0xFC, 0xFC, 0x74, 0x73, 0x63, 0x68));
				case 199: return String(CharArray::of(0x47, 0x75, 0x61, 0x72, 0x61, 0x6E, 0x69));
				case 200: return String(CharArray::of(0x4F, 0x6F, 0x6C, 0x64, 0x68, 0x6F, 0x6F, 0x63, 0x68, 0x64, 0xFC, 0xFC, 0x74, 0x73, 0x63, 0x68));
				case 201: return String(CharArray::of(0x47, 0x6F, 0x6E, 0x64, 0x69));
				case 202: return String(CharArray::of(0x47, 0x6F, 0x72, 0x6F, 0x6E, 0x74, 0x61, 0x6C, 0x6F));
				case 203: return String(CharArray::of(0x47, 0x6F, 0x6F, 0x74, 0x73, 0x63, 0x68));
				case 204: return String(CharArray::of(0x47, 0x72, 0x65, 0x62, 0x6F));
				case 205: return String(CharArray::of(0x4F, 0x6F, 0x6C, 0x64, 0x67, 0x72, 0x65, 0x65, 0x6B, 0x73, 0x63, 0x68));
				case 206: return String(CharArray::of(0x53, 0x77, 0x69, 0x65, 0x7A, 0x65, 0x72, 0x64, 0xFC, 0xFC, 0x74, 0x73, 0x63, 0x68));
				case 207: return String(CharArray::of(0x47, 0x75, 0x64, 0x73, 0x63, 0x68, 0x61, 0x72, 0x61, 0x74, 0x69));
				case 211: return String(CharArray::of(0x4D, 0x61, 0x6E, 0x78));
				case 212: return String(CharArray::of(0x4B, 0x75, 0x74, 0x63, 0x68, 0x69, 0x6E));
				case 213: return String(CharArray::of(0x48, 0x61, 0x75, 0x73, 0x73, 0x61));
				case 214: return String(CharArray::of(0x48, 0x61, 0x69, 0x64, 0x61));
				case 216: return String(CharArray::of(0x48, 0x61, 0x77, 0x61, 0x69, 0x69, 0x61, 0x61, 0x6E, 0x73, 0x63, 0x68));
				case 219: return String(CharArray::of(0x48, 0x65, 0x62, 0x72, 0xE4, 0xE4, 0x73, 0x63, 0x68));
				case 220: return String(CharArray::of(0x48, 0x69, 0x6E, 0x64, 0x69));
				case 222: return String(CharArray::of(0x48, 0x69, 0x6C, 0x69, 0x67, 0x61, 0x79, 0x6E, 0x6F, 0x6E));
				case 223: return String(CharArray::of(0x48, 0x65, 0x74, 0x68, 0x69, 0x74, 0x73, 0x63, 0x68));
				case 224: return String(CharArray::of(0x4D, 0x69, 0x61, 0x6F, 0x2D, 0x53, 0x70, 0x72, 0x61, 0x6B, 0x65, 0x6E));
				case 226: return String(CharArray::of(0x48, 0x69, 0x72, 0x69, 0x2D, 0x4D, 0x6F, 0x74, 0x75));
				case 227: return String(CharArray::of(0x4B, 0x72, 0x6F, 0x61, 0x61, 0x74, 0x73, 0x63, 0x68));
				case 228: return String(CharArray::of(0x42, 0xF6, 0x76, 0x65, 0x72, 0x73, 0x6F, 0x72, 0x62, 0x73, 0x63, 0x68));
				case 230: return String(CharArray::of(0x48, 0x61, 0x69, 0x74, 0x69, 0x61, 0x61, 0x6E, 0x73, 0x63, 0x68));
				case 231: return String(CharArray::of(0x55, 0x6E, 0x67, 0x61, 0x61, 0x72, 0x73, 0x63, 0x68));
				case 232: return String(CharArray::of(0x48, 0x75, 0x70, 0x61));
				case 234: return String(CharArray::of(0x41, 0x72, 0x6D, 0x65, 0x65, 0x6E, 0x73, 0x63, 0x68));
				case 235: return String(CharArray::of(0x48, 0x65, 0x72, 0x65, 0x72, 0x6F));
				case 236: return String(CharArray::of(0x49, 0x6E, 0x74, 0x65, 0x72, 0x6C, 0x69, 0x6E, 0x67, 0x75, 0x61));
				case 237: return String(CharArray::of(0x49, 0x62, 0x61, 0x6E));
				case 239: return String(CharArray::of(0x49, 0x6E, 0x64, 0x6F, 0x6E, 0x65, 0x65, 0x73, 0x63, 0x68));
				case 240: return String(CharArray::of(0x49, 0x6E, 0x74, 0x65, 0x72, 0x6C, 0x69, 0x6E, 0x67, 0x75, 0x65));
				case 241: return String(CharArray::of(0x49, 0x67, 0x62, 0x6F));
				case 242: return String(CharArray::of(0x53, 0x69, 0x63, 0x68, 0x75, 0x61, 0x6E, 0x20, 0x59, 0x69));
				case 243: return String(CharArray::of(0x49, 0x6E, 0x75, 0x70, 0x69, 0x61, 0x6B));
				case 246: return String(CharArray::of(0x49, 0x6C, 0x6F, 0x6B, 0x61, 0x6E, 0x6F));
				case 248: return String(CharArray::of(0x49, 0x6E, 0x67, 0x75, 0x73, 0x63, 0x68, 0x2019, 0x73, 0x63, 0x68));
				case 249: return String(CharArray::of(0x49, 0x64, 0x6F));
				case 250: return String(CharArray::of(0x49, 0x65, 0x73, 0x6C, 0x61, 0x6E, 0x6E, 0x73, 0x63, 0x68));
				case 251: return String(CharArray::of(0x49, 0x74, 0x61, 0x6C, 0x69, 0x65, 0x65, 0x6E, 0x73, 0x63, 0x68));
				case 252: return String(CharArray::of(0x49, 0x6E, 0x75, 0x6B, 0x74, 0x69, 0x74, 0x75, 0x74));
				case 255: return String(CharArray::of(0x4A, 0x61, 0x70, 0x61, 0x61, 0x6E, 0x73, 0x63, 0x68));
				case 257: return String(CharArray::of(0x4C, 0x6F, 0x6A, 0x62, 0x61, 0x6E));
				case 261: return String(CharArray::of(0x4A, 0xF6, 0xF6, 0x64, 0x73, 0x63, 0x68, 0x2D, 0x50, 0x65, 0x72, 0x73, 0x2019, 0x73, 0x63, 0x68));
				case 262: return String(CharArray::of(0x4A, 0xF6, 0xF6, 0x64, 0x73, 0x63, 0x68, 0x2D, 0x41, 0x72, 0x61, 0x61, 0x62, 0x73, 0x63, 0x68));
				case 264: return String(CharArray::of(0x4A, 0x61, 0x76, 0x61, 0x61, 0x6E, 0x73, 0x63, 0x68));
				case 265: return String(CharArray::of(0x47, 0x65, 0x6F, 0x72, 0x67, 0x73, 0x63, 0x68));
				case 266: return String(CharArray::of(0x4B, 0x61, 0x72, 0x61, 0x6B, 0x61, 0x6C, 0x70, 0x61, 0x6B, 0x73, 0x63, 0x68));
				case 267: return String(CharArray::of(0x4B, 0x61, 0x62, 0x79, 0x79, 0x6C, 0x73, 0x63, 0x68));
				case 268: return String(CharArray::of(0x4B, 0x61, 0x63, 0x68, 0x69, 0x6E));
				case 269: return String(CharArray::of(0x4A, 0x6A, 0x75));
				case 270: return String(CharArray::of(0x4B, 0x61, 0x6D, 0x62, 0x61));
				case 271: return String(CharArray::of(0x4B, 0x61, 0x77, 0x69));
				case 272: return String(CharArray::of(0x4B, 0x61, 0x62, 0x61, 0x72, 0x64, 0x69, 0x65, 0x6E, 0x73, 0x63, 0x68));
				case 274: return String(CharArray::of(0x54, 0x79, 0x61, 0x70));
				case 278: return String(CharArray::of(0x4B, 0x6F, 0x72, 0x6F));
				case 279: return String(CharArray::of(0x4B, 0x6F, 0x6E, 0x67, 0x6F));
				case 281: return String(CharArray::of(0x4B, 0x68, 0x61, 0x73, 0x69));
				case 282: return String(CharArray::of(0x53, 0x61, 0x61, 0x6B, 0x73, 0x63, 0x68));
				case 285: return String(CharArray::of(0x4B, 0x69, 0x6B, 0x75, 0x79, 0x75));
				case 287: return String(CharArray::of(0x4B, 0x77, 0x61, 0x6E, 0x79, 0x61, 0x6D, 0x61));
				case 288: return String(CharArray::of(0x4B, 0x61, 0x73, 0x61, 0x63, 0x68, 0x2019, 0x73, 0x63, 0x68));
				case 290: return String(CharArray::of(0x47, 0x72, 0xF6, 0xF6, 0x6E, 0x6C, 0x61, 0x6E, 0x6E, 0x73, 0x63, 0x68));
				case 292: return String(CharArray::of(0x4B, 0x61, 0x6D, 0x62, 0x6F, 0x64, 0x73, 0x63, 0x68, 0x61, 0x61, 0x6E, 0x73, 0x63, 0x68));
				case 293: return String(CharArray::of(0x4B, 0x69, 0x6D, 0x62, 0x75, 0x6E, 0x64, 0x75));
				case 294: return String(CharArray::of(0x4B, 0x61, 0x6E, 0x6E, 0x61, 0x64, 0x61));
				case 295: return String(CharArray::of(0x4B, 0x6F, 0x72, 0x65, 0x61, 0x61, 0x6E, 0x73, 0x63, 0x68));
				case 296: return String(CharArray::of(0x4B, 0x6F, 0x6D, 0x69, 0x70, 0x65, 0x72, 0x6D, 0x6A, 0x61, 0x6B, 0x73, 0x63, 0x68));
				case 297: return String(CharArray::of(0x4B, 0x6F, 0x6E, 0x6B, 0x61, 0x6E, 0x69));
				case 298: return String(CharArray::of(0x4B, 0x6F, 0x73, 0x72, 0x61, 0x65, 0x61, 0x61, 0x6E, 0x73, 0x63, 0x68));
				case 299: return String(CharArray::of(0x4B, 0x70, 0x65, 0x6C, 0x6C, 0x65));
				case 300: return String(CharArray::of(0x4B, 0x61, 0x6E, 0x75, 0x75, 0x72, 0x73, 0x63, 0x68));
				case 301: return String(CharArray::of(0x4B, 0x61, 0x72, 0x61, 0x74, 0x73, 0x63, 0x68, 0x61, 0x69, 0x73, 0x63, 0x68, 0x2D, 0x42, 0x61, 0x6C, 0x6B, 0x61, 0x61, 0x72, 0x73, 0x63, 0x68));
				case 304: return String(CharArray::of(0x4B, 0x61, 0x72, 0x65, 0x65, 0x6C, 0x73, 0x63, 0x68));
				case 305: return String(CharArray::of(0x4F, 0x72, 0x61, 0x6F, 0x6E));
				case 306: return String(CharArray::of(0x4B, 0x61, 0x73, 0x63, 0x68, 0x6D, 0x69, 0x65, 0x72, 0x73, 0x63, 0x68));
				case 310: return String(CharArray::of(0x4B, 0x75, 0x72, 0x64, 0x73, 0x63, 0x68));
				case 311: return String(CharArray::of(0x4B, 0x75, 0x6D, 0xFC, 0x63, 0x6B, 0x73, 0x63, 0x68));
				case 312: return String(CharArray::of(0x4B, 0x75, 0x74, 0x65, 0x6E, 0x61, 0x69));
				case 313: return String(CharArray::of(0x4B, 0x6F, 0x6D, 0x69));
				case 314: return String(CharArray::of(0x4B, 0x6F, 0x6F, 0x72, 0x6E, 0x73, 0x63, 0x68));
				case 317: return String(CharArray::of(0x4B, 0x69, 0x72, 0x67, 0x69, 0x65, 0x73, 0x63, 0x68));
				case 318: return String(CharArray::of(0x4C, 0x61, 0x74, 0x69, 0x65, 0x6E, 0x73, 0x63, 0x68));
				case 319: return String(CharArray::of(0x4C, 0x61, 0x64, 0x69, 0x65, 0x6E, 0x73, 0x63, 0x68));
				case 321: return String(CharArray::of(0x4C, 0x61, 0x68, 0x6E, 0x64, 0x61));
				case 322: return String(CharArray::of(0x4C, 0x61, 0x6D, 0x62, 0x61));
				case 323: return String(CharArray::of(0x4C, 0x75, 0x78, 0x65, 0x6D, 0x62, 0x6F, 0x72, 0x67, 0x73, 0x63, 0x68));
				case 324: return String(CharArray::of(0x4C, 0x65, 0x73, 0x67, 0x69, 0x73, 0x63, 0x68));
				case 326: return String(CharArray::of(0x4C, 0x75, 0x67, 0x61, 0x6E, 0x64, 0x61));
				case 327: return String(CharArray::of(0x4C, 0x69, 0x6D, 0x62, 0x6F, 0x72, 0x67, 0x73, 0x63, 0x68));
				case 334: return String(CharArray::of(0x4C, 0x69, 0x6E, 0x67, 0x61, 0x6C, 0x61));
				case 335: return String(CharArray::of(0x4C, 0x61, 0x6F, 0x6F, 0x74, 0x73, 0x63, 0x68));
				case 336: return String(CharArray::of(0x4D, 0x6F, 0x6E, 0x67, 0x6F));
				case 338: return String(CharArray::of(0x52, 0x6F, 0x74, 0x73, 0x65));
				case 341: return String(CharArray::of(0x4C, 0x69, 0x74, 0x61, 0x75, 0x73, 0x63, 0x68));
				case 343: return String(CharArray::of(0x4C, 0x75, 0x62, 0x61));
				case 344: return String(CharArray::of(0x4C, 0x75, 0x62, 0x61, 0x2D, 0x4C, 0x75, 0x6C, 0x75, 0x61));
				case 345: return String(CharArray::of(0x4C, 0x75, 0x69, 0x73, 0x65, 0x6E, 0x6F));
				case 346: return String(CharArray::of(0x4C, 0x75, 0x6E, 0x64, 0x61));
				case 347: return String(CharArray::of(0x4C, 0x75, 0x6F));
				case 348: return String(CharArray::of(0x4C, 0x75, 0x73, 0x68, 0x61, 0x69));
				case 350: return String(CharArray::of(0x4C, 0x65, 0x74, 0x74, 0x73, 0x63, 0x68));
				case 353: return String(CharArray::of(0x4D, 0x61, 0x64, 0x75, 0x72, 0x65, 0x65, 0x73, 0x63, 0x68));
				case 355: return String(CharArray::of(0x4D, 0x61, 0x67, 0x61, 0x68, 0x69));
				case 356: return String(CharArray::of(0x4D, 0x61, 0x69, 0x74, 0x68, 0x69, 0x6C, 0x69));
				case 357: return String(CharArray::of(0x4D, 0x61, 0x6B, 0x61, 0x73, 0x73, 0x61, 0x72, 0x73, 0x63, 0x68));
				case 358: return String(CharArray::of(0x4D, 0x61, 0x6E, 0x64, 0x69, 0x6E, 0x67));
				case 359: return String(CharArray::of(0x4D, 0x61, 0x73, 0x73, 0x61, 0x69));
				case 361: return String(CharArray::of(0x4D, 0x6F, 0x6B, 0x73, 0x63, 0x68, 0x61));
				case 362: return String(CharArray::of(0x4D, 0x61, 0x6E, 0x64, 0x61, 0x72, 0x65, 0x65, 0x73, 0x63, 0x68));
				case 363: return String(CharArray::of(0x4D, 0x65, 0x6E, 0x64, 0x65));
				case 366: return String(CharArray::of(0x4D, 0x61, 0x64, 0x61, 0x67, 0x61, 0x73, 0x73, 0x69, 0x73, 0x63, 0x68));
				case 367: return String(CharArray::of(0x4D, 0x69, 0x64, 0x64, 0x65, 0x6C, 0x69, 0x65, 0x72, 0x73, 0x63, 0x68));
				case 370: return String(CharArray::of(0x4D, 0x61, 0x72, 0x73, 0x63, 0x68, 0x61, 0x6C, 0x6C, 0x65, 0x65, 0x73, 0x63, 0x68));
				case 372: return String(CharArray::of(0x4D, 0x61, 0x6F, 0x72, 0x69));
				case 373: return String(CharArray::of(0x4D, 0x69, 0x63, 0x6D, 0x61, 0x63));
				case 374: return String(CharArray::of(0x4D, 0x69, 0x6E, 0x61, 0x6E, 0x67, 0x6B, 0x61, 0x62, 0x61, 0x75));
				case 375: return String(CharArray::of(0x4D, 0x61, 0x7A, 0x65, 0x64, 0x6F, 0x6F, 0x6E, 0x73, 0x63, 0x68));
				case 376: return String(CharArray::of(0x4D, 0x61, 0x6C, 0x61, 0x79, 0x61, 0x6C, 0x61, 0x6D));
				case 377: return String(CharArray::of(0x4D, 0x6F, 0x6E, 0x67, 0x6F, 0x6F, 0x6C, 0x73, 0x63, 0x68));
				case 378: return String(CharArray::of(0x4D, 0x61, 0x6E, 0x64, 0x73, 0x63, 0x68, 0x75, 0x75, 0x72, 0x73, 0x63, 0x68));
				case 379: return String(CharArray::of(0x4D, 0x61, 0x6E, 0x69, 0x70, 0x75, 0x72, 0x69));
				case 381: return String(CharArray::of(0x4D, 0x6F, 0x68, 0x61, 0x77, 0x6B));
				case 382: return String(CharArray::of(0x4D, 0x6F, 0x73, 0x73, 0x69));
				case 383: return String(CharArray::of(0x4D, 0x61, 0x72, 0x61, 0x74, 0x68, 0x69));
				case 385: return String(CharArray::of(0x4D, 0x61, 0x6C, 0x61, 0x69, 0x73, 0x63, 0x68));
				case 386: return String(CharArray::of(0x4D, 0x61, 0x6C, 0x74, 0x65, 0x65, 0x73, 0x63, 0x68));
				case 388: return String(CharArray::of(0x4D, 0x65, 0x68, 0x72, 0x73, 0x70, 0x72, 0x61, 0x6B, 0x69, 0x67));
				case 389: return String(CharArray::of(0x4D, 0x75, 0x73, 0x6B, 0x6F, 0x67, 0x65, 0x65, 0x2D, 0x53, 0x70, 0x72, 0x61, 0x6B, 0x65, 0x6E));
				case 390: return String(CharArray::of(0x4D, 0x69, 0x72, 0x61, 0x6E, 0x64, 0x65, 0x65, 0x73, 0x63, 0x68));
				case 391: return String(CharArray::of(0x4D, 0x61, 0x72, 0x77, 0x61, 0x72, 0x69));
				case 393: return String(CharArray::of(0x42, 0x69, 0x72, 0x6D, 0x61, 0x61, 0x6E, 0x73, 0x63, 0x68));
				case 395: return String(CharArray::of(0x45, 0x72, 0x7A, 0x79, 0x61));
				case 397: return String(CharArray::of(0x4E, 0x61, 0x75, 0x72, 0x75, 0x75, 0x73, 0x63, 0x68));
				case 399: return String(CharArray::of(0x4E, 0x65, 0x61, 0x70, 0x6F, 0x6C, 0x69, 0x74, 0x61, 0x61, 0x6E, 0x73, 0x63, 0x68));
				case 401: return String(CharArray::of(0x4E, 0x6F, 0x72, 0x77, 0x65, 0x65, 0x67, 0x73, 0x63, 0x68, 0x20, 0x42, 0x6F, 0x6B, 0x6D, 0xE5, 0x6C));
				case 402: return String(CharArray::of(0x4E, 0x6F, 0x6F, 0x72, 0x64, 0x2D, 0x4E, 0x64, 0x65, 0x62, 0x65, 0x6C, 0x65));
				case 403: return String(CharArray::of(0x4E, 0x65, 0x64, 0x64, 0x65, 0x72, 0x73, 0x61, 0x73, 0x73, 0x2019, 0x73, 0x63, 0x68));
				case 404: return String(CharArray::of(0x4E, 0x65, 0x70, 0x61, 0x6C, 0x65, 0x65, 0x73, 0x63, 0x68));
				case 405: return String(CharArray::of(0x4E, 0x65, 0x77, 0x61, 0x72, 0x69));
				case 406: return String(CharArray::of(0x4E, 0x64, 0x6F, 0x6E, 0x67, 0x61));
				case 407: return String(CharArray::of(0x4E, 0x69, 0x61, 0x73));
				case 408: return String(CharArray::of(0x4E, 0x69, 0x75, 0x65));
				case 410: 
					if (region == 51) return String(CharArray::of(0x46, 0x6C, 0xE4, 0xE4, 0x6D, 0x73, 0x63, 0x68));
					return String(CharArray::of(0x4E, 0x65, 0x64, 0x64, 0x65, 0x72, 0x6C, 0x61, 0x6E, 0x64, 0x73, 0x63, 0x68));
				case 412: return String(CharArray::of(0x4E, 0x6F, 0x72, 0x77, 0x65, 0x65, 0x67, 0x73, 0x63, 0x68, 0x20, 0x4E, 0x79, 0x6E, 0x6F, 0x72, 0x73, 0x6B));
				case 414: return String(CharArray::of(0x4E, 0x6F, 0x72, 0x77, 0x65, 0x65, 0x67, 0x73, 0x63, 0x68));
				case 415: return String(CharArray::of(0x4E, 0x6F, 0x67, 0x61, 0x69));
				case 416: return String(CharArray::of(0x4F, 0x6F, 0x6C, 0x64, 0x6E, 0x6F, 0x6F, 0x72, 0x73, 0x63, 0x68));
				case 418: return String(CharArray::of(0x4E, 0x2019, 0x4B, 0x6F));
				case 419: return String(CharArray::of(0x53, 0xFC, 0xFC, 0x64, 0x2D, 0x4E, 0x64, 0x65, 0x62, 0x65, 0x6C, 0x65));
				case 420: return String(CharArray::of(0x4E, 0x6F, 0x6F, 0x72, 0x64, 0x2D, 0x53, 0x6F, 0x74, 0x68, 0x6F));
				case 422: return String(CharArray::of(0x4E, 0x61, 0x76, 0x61, 0x6A, 0x6F));
				case 423: return String(CharArray::of(0x4F, 0x6F, 0x6C, 0x64, 0x2D, 0x4E, 0x65, 0x77, 0x61, 0x72, 0x69));
				case 424: return String(CharArray::of(0x4E, 0x79, 0x61, 0x6E, 0x6A, 0x61));
				case 425: return String(CharArray::of(0x4E, 0x79, 0x61, 0x6D, 0x77, 0x65, 0x7A, 0x69));
				case 426: return String(CharArray::of(0x4E, 0x79, 0x61, 0x6E, 0x6B, 0x6F, 0x6C, 0x65));
				case 427: return String(CharArray::of(0x4E, 0x79, 0x6F, 0x72, 0x6F));
				case 428: return String(CharArray::of(0x4E, 0x7A, 0x69, 0x6D, 0x61));
				case 429: return String(CharArray::of(0x4F, 0x6B, 0x7A, 0x69, 0x74, 0x61, 0x61, 0x6E, 0x73, 0x63, 0x68));
				case 430: return String(CharArray::of(0x4F, 0x6A, 0x69, 0x62, 0x77, 0x61));
				case 437: return String(CharArray::of(0x4F, 0x72, 0x6F, 0x6D, 0x6F));
				case 438: return String(CharArray::of(0x4F, 0x72, 0x69, 0x6A, 0x61));
				case 439: return String(CharArray::of(0x4F, 0x73, 0x73, 0x65, 0x74, 0x73, 0x63, 0x68));
				case 440: return String(CharArray::of(0x4F, 0x73, 0x61, 0x67, 0x65));
				case 441: return String(CharArray::of(0x4F, 0x73, 0x6D, 0x61, 0x61, 0x6E, 0x73, 0x63, 0x68));
				case 442: return String(CharArray::of(0x50, 0x61, 0x6E, 0x64, 0x73, 0x63, 0x68, 0x61, 0x61, 0x62, 0x73, 0x63, 0x68));
				case 443: return String(CharArray::of(0x50, 0x61, 0x6E, 0x67, 0x61, 0x73, 0x69, 0x6E, 0x61, 0x6E));
				case 444: return String(CharArray::of(0x4D, 0x69, 0x64, 0x64, 0x65, 0x6C, 0x70, 0x65, 0x72, 0x73, 0x2019, 0x73, 0x63, 0x68));
				case 445: return String(CharArray::of(0x50, 0x61, 0x6D, 0x70, 0x61, 0x6E, 0x67, 0x67, 0x61, 0x6E));
				case 446: return String(CharArray::of(0x50, 0x61, 0x70, 0x69, 0x61, 0x6D, 0x65, 0x6E, 0x74, 0x6F));
				case 447: return String(CharArray::of(0x50, 0x61, 0x6C, 0x61, 0x75, 0x73, 0x63, 0x68));
				case 452: return String(CharArray::of(0x4F, 0x6F, 0x6C, 0x64, 0x70, 0x65, 0x72, 0x73, 0x2019, 0x73, 0x63, 0x68));
				case 454: return String(CharArray::of(0x50, 0x68, 0xF6, 0x6E, 0x69, 0x65, 0x6B, 0x73, 0x63, 0x68));
				case 455: return String(CharArray::of(0x50, 0x61, 0x6C, 0x69));
				case 457: return String(CharArray::of(0x50, 0x6F, 0x6F, 0x6C, 0x73, 0x63, 0x68));
				case 460: return String(CharArray::of(0x50, 0x6F, 0x6E, 0x61, 0x70, 0x65, 0x61, 0x61, 0x6E, 0x73, 0x63, 0x68));
				case 463: return String(CharArray::of(0x4F, 0x6F, 0x6C, 0x64, 0x70, 0x72, 0x6F, 0x76, 0x65, 0x6E, 0x7A, 0x61, 0x61, 0x6C, 0x73, 0x63, 0x68));
				case 464: return String(CharArray::of(0x50, 0x61, 0x73, 0x63, 0x68, 0x74, 0x75));
				case 465: 
					if (region == 224) return String(CharArray::of(0x49, 0x62, 0x65, 0x65, 0x72, 0x73, 0x63, 0x68, 0x20, 0x50, 0x6F, 0x72, 0x74, 0x75, 0x67, 0x65, 0x65, 0x73, 0x63, 0x68));
					if (region == 62) return String(CharArray::of(0x42, 0x72, 0x61, 0x73, 0x69, 0x6C, 0x69, 0x61, 0x61, 0x6E, 0x73, 0x63, 0x68, 0x20, 0x50, 0x6F, 0x72, 0x74, 0x75, 0x67, 0x65, 0x65, 0x73, 0x63, 0x68));
					return String(CharArray::of(0x50, 0x6F, 0x72, 0x74, 0x75, 0x67, 0x65, 0x65, 0x73, 0x63, 0x68));
				case 466: return String(CharArray::of(0x51, 0x75, 0x65, 0x63, 0x68, 0x75, 0x61));
				case 469: return String(CharArray::of(0x52, 0x61, 0x6A, 0x61, 0x73, 0x74, 0x68, 0x61, 0x6E, 0x69));
				case 470: return String(CharArray::of(0x4F, 0x6F, 0x73, 0x74, 0x65, 0x72, 0x69, 0x6E, 0x73, 0x65, 0x6C, 0x2D, 0x53, 0x70, 0x72, 0x61, 0x61, 0x6B));
				case 471: return String(CharArray::of(0x52, 0x61, 0x72, 0x6F, 0x74, 0x6F, 0x6E, 0x67, 0x61, 0x61, 0x6E, 0x73, 0x63, 0x68));
				case 475: return String(CharArray::of(0x52, 0xE4, 0x74, 0x6F, 0x72, 0x6F, 0x6D, 0x61, 0x61, 0x6E, 0x73, 0x63, 0x68));
				case 476: return String(CharArray::of(0x52, 0x75, 0x6E, 0x64, 0x69));
				case 477: 
					if (region == 179) return String(CharArray::of(0x4D, 0x6F, 0x6C, 0x64, 0x61, 0x61, 0x77, 0x73, 0x63, 0x68));
					return String(CharArray::of(0x52, 0x75, 0x6D, 0xE4, 0xE4, 0x6E, 0x73, 0x63, 0x68));
				case 479: return String(CharArray::of(0x52, 0x6F, 0x6D, 0x61, 0x6E, 0x69));
				case 482: return String(CharArray::of(0x52, 0x75, 0x73, 0x73, 0x2019, 0x73, 0x63, 0x68));
				case 485: return String(CharArray::of(0x41, 0x72, 0x6F, 0x6D, 0x75, 0x75, 0x6E, 0x73, 0x63, 0x68));
				case 486: return String(CharArray::of(0x52, 0x75, 0x61, 0x6E, 0x64, 0x73, 0x63, 0x68));
				case 488: return String(CharArray::of(0x53, 0x61, 0x6E, 0x73, 0x6B, 0x72, 0x69, 0x74));
				case 489: return String(CharArray::of(0x53, 0x61, 0x6E, 0x64, 0x61, 0x77, 0x65));
				case 490: return String(CharArray::of(0x4A, 0x61, 0x6B, 0x75, 0x75, 0x74, 0x73, 0x63, 0x68));
				case 491: return String(CharArray::of(0x53, 0x61, 0x6D, 0x61, 0x72, 0x69, 0x74, 0x61, 0x61, 0x6E, 0x73, 0x63, 0x68));
				case 493: return String(CharArray::of(0x53, 0x61, 0x73, 0x61, 0x6B));
				case 494: return String(CharArray::of(0x53, 0x61, 0x6E, 0x74, 0x61, 0x6C, 0x69));
				case 498: return String(CharArray::of(0x53, 0x61, 0x72, 0x64, 0x73, 0x63, 0x68));
				case 499: return String(CharArray::of(0x53, 0x69, 0x7A, 0x69, 0x6C, 0x69, 0x61, 0x61, 0x6E, 0x73, 0x63, 0x68));
				case 500: return String(CharArray::of(0x53, 0x63, 0x68, 0x6F, 0x74, 0x74, 0x73, 0x63, 0x68));
				case 501: return String(CharArray::of(0x53, 0x69, 0x6E, 0x64, 0x68, 0x69));
				case 504: return String(CharArray::of(0x4E, 0x6F, 0x6F, 0x72, 0x64, 0x2D, 0x53, 0x61, 0x61, 0x6D, 0x73, 0x63, 0x68));
				case 508: return String(CharArray::of(0x53, 0x65, 0x6C, 0x6B, 0x75, 0x70, 0x73, 0x63, 0x68));
				case 510: return String(CharArray::of(0x53, 0x61, 0x6E, 0x67, 0x6F));
				case 511: return String(CharArray::of(0x4F, 0x6F, 0x6C, 0x64, 0x2D, 0x49, 0x65, 0x72, 0x73, 0x63, 0x68));
				case 515: return String(CharArray::of(0x53, 0x63, 0x68, 0x61, 0x6E));
				case 517: return String(CharArray::of(0x53, 0x69, 0x6E, 0x67, 0x68, 0x61, 0x6C, 0x65, 0x65, 0x73, 0x63, 0x68));
				case 518: return String(CharArray::of(0x53, 0x69, 0x64, 0x61, 0x6D, 0x6F));
				case 519: return String(CharArray::of(0x53, 0x6C, 0x6F, 0x77, 0x61, 0x61, 0x6B, 0x73, 0x63, 0x68));
				case 521: return String(CharArray::of(0x53, 0x6C, 0x6F, 0x77, 0x65, 0x65, 0x6E, 0x73, 0x63, 0x68));
				case 525: return String(CharArray::of(0x53, 0x61, 0x6D, 0x6F, 0x61, 0x61, 0x6E, 0x73, 0x63, 0x68));
				case 526: return String(CharArray::of(0x53, 0xFC, 0xFC, 0x64, 0x2D, 0x4C, 0x61, 0x70, 0x70, 0x73, 0x63, 0x68));
				case 527: return String(CharArray::of(0x4C, 0x75, 0x6C, 0x65, 0x2D, 0x4C, 0x61, 0x70, 0x70, 0x73, 0x63, 0x68));
				case 528: return String(CharArray::of(0x49, 0x6E, 0x61, 0x72, 0x69, 0x2D, 0x4C, 0x61, 0x70, 0x70, 0x73, 0x63, 0x68));
				case 529: return String(CharArray::of(0x53, 0x6B, 0x6F, 0x6C, 0x74, 0x2D, 0x4C, 0x61, 0x70, 0x70, 0x73, 0x63, 0x68));
				case 530: return String(CharArray::of(0x53, 0x63, 0x68, 0x6F, 0x6E, 0x61));
				case 531: return String(CharArray::of(0x53, 0x6F, 0x6E, 0x69, 0x6E, 0x6B, 0x65));
				case 532: return String(CharArray::of(0x53, 0x6F, 0x6D, 0x61, 0x61, 0x6C, 0x73, 0x63, 0x68));
				case 533: return String(CharArray::of(0x53, 0x6F, 0x67, 0x64, 0x69, 0x73, 0x63, 0x68));
				case 534: return String(CharArray::of(0x41, 0x6C, 0x62, 0x61, 0x61, 0x6E, 0x73, 0x63, 0x68));
				case 535: return String(CharArray::of(0x53, 0x65, 0x72, 0x62, 0x73, 0x63, 0x68));
				case 536: return String(CharArray::of(0x53, 0x75, 0x72, 0x69, 0x6E, 0x61, 0x61, 0x6D, 0x73, 0x63, 0x68));
				case 537: return String(CharArray::of(0x53, 0x65, 0x72, 0x65, 0x72));
				case 538: return String(CharArray::of(0x53, 0x77, 0x61, 0x7A, 0x69));
				case 540: return String(CharArray::of(0x53, 0xFC, 0xFC, 0x64, 0x2D, 0x53, 0x6F, 0x74, 0x68, 0x6F));
				case 543: return String(CharArray::of(0x53, 0x75, 0x6E, 0x64, 0x61, 0x6E, 0x65, 0x65, 0x73, 0x63, 0x68));
				case 544: return String(CharArray::of(0x53, 0x75, 0x6B, 0x75, 0x6D, 0x61));
				case 545: return String(CharArray::of(0x53, 0x75, 0x73, 0x75));
				case 546: return String(CharArray::of(0x53, 0x75, 0x6D, 0x65, 0x72, 0x73, 0x63, 0x68));
				case 547: return String(CharArray::of(0x53, 0x77, 0x65, 0x65, 0x64, 0x73, 0x63, 0x68));
				case 548: return String(CharArray::of(0x53, 0x75, 0x61, 0x68, 0x65, 0x6C, 0x69));
				case 550: return String(CharArray::of(0x4F, 0x6F, 0x6C, 0x64, 0x2D, 0x53, 0x79, 0x79, 0x72, 0x73, 0x63, 0x68));
				case 551: return String(CharArray::of(0x53, 0x79, 0x79, 0x72, 0x73, 0x63, 0x68));
				case 553: return String(CharArray::of(0x54, 0x61, 0x6D, 0x69, 0x6C, 0x73, 0x63, 0x68));
				case 556: return String(CharArray::of(0x54, 0x65, 0x6C, 0x75, 0x67, 0x75));
				case 557: return String(CharArray::of(0x54, 0x65, 0x6D, 0x6E, 0x65));
				case 559: return String(CharArray::of(0x54, 0x65, 0x72, 0x65, 0x6E, 0x6F));
				case 560: return String(CharArray::of(0x54, 0x65, 0x74, 0x75, 0x6D));
				case 561: return String(CharArray::of(0x54, 0x61, 0x64, 0x73, 0x63, 0x68, 0x69, 0x6B, 0x73, 0x63, 0x68));
				case 563: return String(CharArray::of(0x54, 0x68, 0x61, 0x69, 0x6C, 0x61, 0x6E, 0x6E, 0x73, 0x63, 0x68));
				case 565: return String(CharArray::of(0x54, 0x69, 0x67, 0x72, 0x69, 0x6E, 0x6A, 0x61));
				case 566: return String(CharArray::of(0x54, 0x69, 0x67, 0x72, 0x65));
				case 567: return String(CharArray::of(0x54, 0x69, 0x76));
				case 568: return String(CharArray::of(0x54, 0x75, 0x72, 0x6B, 0x6D, 0x65, 0x65, 0x6E, 0x73, 0x63, 0x68));
				case 569: return String(CharArray::of(0x54, 0x6F, 0x6B, 0x65, 0x6C, 0x61, 0x75, 0x73, 0x63, 0x68));
				case 571: return String(CharArray::of(0x54, 0x61, 0x67, 0x61, 0x6C, 0x6F, 0x67));
				case 572: return String(CharArray::of(0x4B, 0x6C, 0x69, 0x6E, 0x67, 0x6F, 0x6F, 0x6E, 0x73, 0x63, 0x68));
				case 573: return String(CharArray::of(0x54, 0x6C, 0x69, 0x6E, 0x67, 0x69, 0x74));
				case 575: return String(CharArray::of(0x54, 0x61, 0x6D, 0x61, 0x73, 0x63, 0x68, 0x65, 0x6B));
				case 576: return String(CharArray::of(0x54, 0x73, 0x77, 0x61, 0x6E, 0x61));
				case 577: return String(CharArray::of(0x54, 0x6F, 0x6E, 0x67, 0x61, 0x61, 0x73, 0x63, 0x68));
				case 578: return String(CharArray::of(0x54, 0x6F, 0x6E, 0x67, 0x61, 0x20, 0x28, 0x4E, 0x79, 0x61, 0x73, 0x61, 0x29));
				case 580: return String(CharArray::of(0x54, 0x6F, 0x6B, 0x20, 0x50, 0x69, 0x73, 0x69, 0x6E));
				case 581: return String(CharArray::of(0x54, 0xF6, 0x72, 0x6B, 0x73, 0x63, 0x68));
				case 585: return String(CharArray::of(0x54, 0x73, 0x6F, 0x6E, 0x67, 0x61));
				case 587: return String(CharArray::of(0x54, 0x73, 0x69, 0x6D, 0x73, 0x68, 0x69, 0x61, 0x6E));
				case 588: return String(CharArray::of(0x54, 0x61, 0x74, 0x61, 0x61, 0x72, 0x73, 0x63, 0x68));
				case 591: return String(CharArray::of(0x54, 0x75, 0x6D, 0x62, 0x75, 0x6B, 0x61));
				case 592: return String(CharArray::of(0x45, 0x6C, 0x6C, 0x69, 0x63, 0x65, 0x61, 0x61, 0x6E, 0x73, 0x63, 0x68));
				case 593: return String(CharArray::of(0x54, 0x77, 0x69));
				case 595: return String(CharArray::of(0x54, 0x61, 0x68, 0x69, 0x74, 0x73, 0x63, 0x68));
				case 596: return String(CharArray::of(0x54, 0x75, 0x77, 0x69, 0x6E, 0x73, 0x63, 0x68));
				case 598: return String(CharArray::of(0x55, 0x64, 0x6D, 0x75, 0x72, 0x74, 0x73, 0x63, 0x68));
				case 599: return String(CharArray::of(0x55, 0x69, 0x67, 0x75, 0x75, 0x72, 0x73, 0x63, 0x68));
				case 600: return String(CharArray::of(0x55, 0x67, 0x61, 0x72, 0x69, 0x74, 0x73, 0x63, 0x68));
				case 601: return String(CharArray::of(0x55, 0x6B, 0x72, 0x61, 0x69, 0x6E, 0x73, 0x63, 0x68));
				case 602: return String(CharArray::of(0x4D, 0x62, 0x75, 0x6E, 0x64, 0x75));
				case 603: return String(CharArray::of(0x4E, 0x69, 0x63, 0x68, 0x20, 0x62, 0x65, 0x67, 0xE4, 0x6E, 0x67, 0x20, 0x53, 0x70, 0x72, 0x61, 0x61, 0x6B));
				case 604: return String(CharArray::of(0x55, 0x72, 0x64, 0x75));
				case 605: return String(CharArray::of(0x55, 0x73, 0x62, 0x65, 0x65, 0x6B, 0x73, 0x63, 0x68));
				case 606: return String(CharArray::of(0x56, 0x61, 0x69));
				case 607: return String(CharArray::of(0x56, 0x65, 0x6E, 0x64, 0x61));
				case 610: return String(CharArray::of(0x56, 0x69, 0x65, 0x74, 0x6E, 0x61, 0x6D, 0x65, 0x65, 0x73, 0x63, 0x68));
				case 614: return String(CharArray::of(0x56, 0x6F, 0x6C, 0x61, 0x70, 0xFC, 0x6B));
				case 615: return String(CharArray::of(0x57, 0x6F, 0x6F, 0x74, 0x73, 0x63, 0x68));
				case 618: return String(CharArray::of(0x57, 0x61, 0x6C, 0x6C, 0x6F, 0x6F, 0x6E, 0x73, 0x63, 0x68));
				case 620: return String(CharArray::of(0x57, 0x61, 0x6C, 0x61, 0x6D, 0x6F));
				case 621: return String(CharArray::of(0x57, 0x61, 0x72, 0x61, 0x79));
				case 622: return String(CharArray::of(0x57, 0x61, 0x73, 0x68, 0x6F));
				case 624: return String(CharArray::of(0x57, 0x6F, 0x6C, 0x6F, 0x66));
				case 626: return String(CharArray::of(0x4B, 0x61, 0x6C, 0x6D, 0xFC, 0x63, 0x6B, 0x73, 0x63, 0x68));
				case 627: return String(CharArray::of(0x58, 0x68, 0x6F, 0x73, 0x61));
				case 631: return String(CharArray::of(0x59, 0x61, 0x6F));
				case 632: return String(CharArray::of(0x59, 0x61, 0x70, 0x65, 0x65, 0x73, 0x63, 0x68));
				case 635: return String(CharArray::of(0x4A, 0x69, 0x64, 0x64, 0x69, 0x73, 0x63, 0x68));
				case 636: return String(CharArray::of(0x59, 0x6F, 0x72, 0x75, 0x62, 0x61));
				case 639: return String(CharArray::of(0x5A, 0x68, 0x75, 0x61, 0x6E, 0x67));
				case 640: return String(CharArray::of(0x5A, 0x61, 0x70, 0x6F, 0x74, 0x65, 0x65, 0x6B, 0x73, 0x63, 0x68));
				case 641: return String(CharArray::of(0x42, 0x6C, 0x69, 0x73, 0x73, 0x2D, 0x53, 0x79, 0x6D, 0x62, 0x6F, 0x6C, 0x65, 0x6E));
				case 643: return String(CharArray::of(0x5A, 0x65, 0x6E, 0x61, 0x67, 0x61));
				case 645: 
					if (script == 61) return String(CharArray::of(0x54, 0x72, 0x61, 0x64, 0x69, 0x74, 0x73, 0x63, 0x68, 0x6F, 0x6E, 0x65, 0x6C, 0x6C, 0x20, 0x43, 0x68, 0x69, 0x6E, 0x65, 0x65, 0x73, 0x63, 0x68));
					if (script == 60) return String(CharArray::of(0x56, 0x65, 0x72, 0x65, 0x65, 0x6E, 0x66, 0x61, 0x63, 0x68, 0x74, 0x20, 0x43, 0x68, 0x69, 0x6E, 0x65, 0x65, 0x73, 0x63, 0x68));
					return String(CharArray::of(0x43, 0x68, 0x69, 0x6E, 0x65, 0x65, 0x73, 0x63, 0x68));
				case 646: return String(CharArray::of(0x5A, 0x75, 0x6C, 0x75));
				case 647: return String(CharArray::of(0x5A, 0x75, 0x6E, 0x69));
				case 648: return String(CharArray::of(0x4B, 0x65, 0x65, 0x6E, 0x20, 0x53, 0x70, 0x72, 0x61, 0x61, 0x6B, 0x69, 0x6E, 0x68, 0x6F, 0x6C, 0x64));
				case 649: return String(CharArray::of(0x5A, 0x61, 0x7A, 0x61));
            default: break;
            }
            return String();
        }
        
        String Nds::displayScript(gint script) const {
            switch(script) {
				case 4: return String(CharArray::of(0x41, 0x72, 0x61, 0x61, 0x62, 0x73, 0x63, 0x68));
				case 6: return String(CharArray::of(0x52, 0x69, 0x65, 0x6B, 0x73, 0x61, 0x72, 0x61, 0x6D, 0xE4, 0xE4, 0x73, 0x63, 0x68));
				case 7: return String(CharArray::of(0x41, 0x72, 0x6D, 0x65, 0x65, 0x6E, 0x73, 0x63, 0x68));
				case 8: return String(CharArray::of(0x41, 0x76, 0x65, 0x73, 0x74, 0x73, 0x63, 0x68));
				case 9: return String(CharArray::of(0x42, 0x61, 0x6C, 0x69, 0x6E, 0x65, 0x65, 0x73, 0x63, 0x68));
				case 12: return String(CharArray::of(0x42, 0x61, 0x74, 0x61, 0x6B, 0x73, 0x63, 0x68));
				case 13: return String(CharArray::of(0x42, 0x65, 0x6E, 0x67, 0x61, 0x61, 0x6C, 0x73, 0x63, 0x68));
				case 15: return String(CharArray::of(0x42, 0x6C, 0x69, 0x73, 0x73, 0x2D, 0x53, 0x79, 0x6D, 0x62, 0x6F, 0x6C, 0x65, 0x6E));
				case 16: return String(CharArray::of(0x42, 0x6F, 0x70, 0x6F, 0x6D, 0x6F, 0x66, 0x6F));
				case 17: return String(CharArray::of(0x42, 0x72, 0x61, 0x68, 0x6D, 0x69));
				case 18: return String(CharArray::of(0x42, 0x6C, 0x69, 0x6E, 0x6E, 0x65, 0x6E, 0x73, 0x63, 0x68, 0x72, 0x69, 0x66, 0x74));
				case 19: return String(CharArray::of(0x42, 0x75, 0x67, 0x69, 0x6E, 0x65, 0x65, 0x73, 0x63, 0x68));
				case 20: return String(CharArray::of(0x42, 0x75, 0x68, 0x69, 0x64));
				case 21: return String(CharArray::of(0x43, 0x68, 0x61, 0x6B, 0x6D, 0x61));
				case 22: return String(CharArray::of(0x56, 0x65, 0x72, 0x65, 0x65, 0x6E, 0x68, 0x65, 0x69, 0x64, 0x6C, 0x69, 0x63, 0x68, 0x74, 0x20, 0x4B, 0x61, 0x6E, 0x61, 0x61, 0x64, 0x73, 0x63, 0x68, 0x20, 0x53, 0xFC, 0x6C, 0x76, 0x65, 0x6E, 0x73, 0x63, 0x68, 0x72, 0x69, 0x66, 0x74));
				case 23: return String(CharArray::of(0x4B, 0x61, 0x61, 0x72, 0x73, 0x63, 0x68));
				case 24: return String(CharArray::of(0x43, 0x68, 0x61, 0x6D));
				case 25: return String(CharArray::of(0x43, 0x68, 0x65, 0x72, 0x6F, 0x6B, 0x65, 0x65));
				case 27: return String(CharArray::of(0x43, 0x69, 0x72, 0x74, 0x68));
				case 28: return String(CharArray::of(0x4B, 0x6F, 0x70, 0x74, 0x73, 0x63, 0x68));
				case 30: return String(CharArray::of(0x5A, 0x79, 0x70, 0x72, 0x69, 0x6F, 0x6F, 0x74, 0x73, 0x63, 0x68));
				case 31: return String(CharArray::of(0x4B, 0x79, 0x72, 0x69, 0x6C, 0x6C, 0x73, 0x63, 0x68));
				case 32: return String(CharArray::of(0x4F, 0x6F, 0x6C, 0x64, 0x6B, 0x61, 0x72, 0x6B, 0x65, 0x6E, 0x73, 0x6C, 0x61, 0x61, 0x76, 0x73, 0x63, 0x68));
				case 33: return String(CharArray::of(0x44, 0x65, 0x76, 0x61, 0x6E, 0x61, 0x67, 0x61, 0x72, 0x69));
				case 36: return String(CharArray::of(0x44, 0x65, 0x73, 0x65, 0x72, 0x65, 0x74));
				case 38: return String(CharArray::of(0x44, 0x65, 0x6D, 0x6F, 0x6F, 0x74, 0x73, 0x63, 0x68));
				case 39: return String(CharArray::of(0x48, 0x69, 0x65, 0x72, 0x61, 0x61, 0x74, 0x73, 0x63, 0x68));
				case 40: return String(CharArray::of(0xC4, 0x67, 0x79, 0x70, 0x74, 0x73, 0x63, 0x68, 0x65, 0x20, 0x48, 0x69, 0x65, 0x72, 0x6F, 0x67, 0x6C, 0x79, 0x70, 0x68, 0x65, 0x6E));
				case 43: return String(CharArray::of(0xC4, 0x74, 0x68, 0x69, 0x6F, 0x6F, 0x70, 0x73, 0x63, 0x68));
				case 45: return String(CharArray::of(0x4B, 0x68, 0x75, 0x74, 0x73, 0x75, 0x72, 0x69));
				case 46: return String(CharArray::of(0x47, 0x65, 0x6F, 0x72, 0x67, 0x73, 0x63, 0x68));
				case 47: return String(CharArray::of(0x47, 0x6C, 0x61, 0x67, 0x6F, 0x6C, 0x69, 0x65, 0x74, 0x73, 0x63, 0x68));
				case 50: return String(CharArray::of(0x47, 0x6F, 0x6F, 0x74, 0x73, 0x63, 0x68));
				case 52: return String(CharArray::of(0x47, 0x72, 0x65, 0x65, 0x6B, 0x73, 0x63, 0x68));
				case 53: return String(CharArray::of(0x47, 0x75, 0x6A, 0x61, 0x72, 0x61, 0x74, 0x69));
				case 55: return String(CharArray::of(0x47, 0x75, 0x72, 0x6D, 0x75, 0x6B, 0x68, 0x69));
				case 57: return String(CharArray::of(0x48, 0x61, 0x6E, 0x67, 0x75, 0x6C));
				case 58: return String(CharArray::of(0x43, 0x68, 0x69, 0x6E, 0x65, 0x65, 0x73, 0x63, 0x68));
				case 59: return String(CharArray::of(0x48, 0x61, 0x6E, 0x75, 0x6E, 0x6F, 0x6F));
				case 60: return String(CharArray::of(0x56, 0x65, 0x72, 0x65, 0x65, 0x6E, 0x66, 0x61, 0x63, 0x68, 0x74));
				case 61: return String(CharArray::of(0x54, 0x72, 0x61, 0x64, 0x69, 0x74, 0x73, 0x63, 0x68, 0x6F, 0x6E, 0x65, 0x6C, 0x6C));
				case 63: return String(CharArray::of(0x48, 0x65, 0x62, 0x72, 0xE4, 0xE4, 0x73, 0x63, 0x68));
				case 64: return String(CharArray::of(0x48, 0x69, 0x72, 0x61, 0x67, 0x61, 0x6E, 0x61));
				case 66: return String(CharArray::of(0x50, 0x61, 0x68, 0x61, 0x77, 0x68, 0x20, 0x48, 0x6D, 0x6F, 0x6E, 0x67));
				case 68: return String(CharArray::of(0x4B, 0x61, 0x74, 0x61, 0x6B, 0x61, 0x6E, 0x61, 0x20, 0x6F, 0x64, 0x65, 0x72, 0x20, 0x48, 0x69, 0x72, 0x61, 0x67, 0x61, 0x6E, 0x61));
				case 69: return String(CharArray::of(0x4F, 0x6F, 0x6C, 0x64, 0x75, 0x6E, 0x67, 0x61, 0x61, 0x72, 0x73, 0x63, 0x68));
				case 70: return String(CharArray::of(0x49, 0x6E, 0x64, 0x75, 0x73));
				case 71: return String(CharArray::of(0x4F, 0x6F, 0x6C, 0x64, 0x69, 0x74, 0x61, 0x61, 0x6C, 0x73, 0x63, 0x68));
				case 73: return String(CharArray::of(0x4A, 0x61, 0x76, 0x61, 0x6E, 0x65, 0x65, 0x73, 0x63, 0x68));
				case 74: return String(CharArray::of(0x4A, 0x61, 0x70, 0x61, 0x61, 0x6E, 0x73, 0x63, 0x68));
				case 76: return String(CharArray::of(0x4B, 0x61, 0x79, 0x61, 0x68, 0x20, 0x4C, 0x69));
				case 77: return String(CharArray::of(0x4B, 0x61, 0x74, 0x61, 0x6B, 0x61, 0x6E, 0x61));
				case 79: return String(CharArray::of(0x4B, 0x68, 0x61, 0x72, 0x6F, 0x73, 0x68, 0x74, 0x68, 0x69));
				case 80: return String(CharArray::of(0x4B, 0x68, 0x6D, 0x65, 0x72));
				case 83: return String(CharArray::of(0x4B, 0x61, 0x6E, 0x6E, 0x61, 0x64, 0x61));
				case 84: return String(CharArray::of(0x4B, 0x6F, 0x72, 0x65, 0x61, 0x61, 0x6E, 0x73, 0x63, 0x68));
				case 87: return String(CharArray::of(0x4B, 0x61, 0x69, 0x74, 0x68, 0x69));
				case 88: return String(CharArray::of(0x4C, 0x61, 0x6E, 0x6E, 0x61));
				case 89: return String(CharArray::of(0x4C, 0x61, 0x6F, 0x6F, 0x74, 0x73, 0x63, 0x68));
				case 90: return String(CharArray::of(0x4C, 0x61, 0x74, 0x69, 0x65, 0x6E, 0x73, 0x63, 0x68, 0x20, 0x28, 0x46, 0x72, 0x61, 0x6B, 0x74, 0x75, 0x72, 0x29));
				case 91: return String(CharArray::of(0x4C, 0x61, 0x74, 0x69, 0x65, 0x6E, 0x73, 0x63, 0x68, 0x20, 0x28, 0x47, 0xE4, 0xE4, 0x6C, 0x73, 0x63, 0x68, 0x29));
				case 92: return String(CharArray::of(0x4C, 0x61, 0x74, 0x69, 0x65, 0x6E, 0x73, 0x63, 0x68));
				case 93: return String(CharArray::of(0x4C, 0x65, 0x70, 0x63, 0x68, 0x61));
				case 94: return String(CharArray::of(0x4C, 0x69, 0x6D, 0x62, 0x75));
				case 95: return String(CharArray::of(0x4C, 0x69, 0x6E, 0x65, 0x61, 0x72, 0x20, 0x41));
				case 96: return String(CharArray::of(0x4C, 0x69, 0x6E, 0x65, 0x61, 0x72, 0x20, 0x42));
				case 99: return String(CharArray::of(0x4C, 0x79, 0x79, 0x6B, 0x73, 0x63, 0x68));
				case 100: return String(CharArray::of(0x4C, 0x79, 0x79, 0x64, 0x73, 0x63, 0x68));
				case 103: return String(CharArray::of(0x4D, 0x61, 0x6E, 0x64, 0xE4, 0xE4, 0x73, 0x63, 0x68));
				case 104: return String(CharArray::of(0x4D, 0x61, 0x6E, 0x69, 0x63, 0x68, 0xE4, 0xE4, 0x73, 0x63, 0x68));
				case 106: return String(CharArray::of(0x4D, 0x61, 0x79, 0x61, 0x2D, 0x48, 0x69, 0x65, 0x72, 0x6F, 0x67, 0x6C, 0x79, 0x70, 0x68, 0x65, 0x6E));
				case 110: return String(CharArray::of(0x4D, 0x65, 0x72, 0x6F, 0x69, 0x74, 0x73, 0x63, 0x68));
				case 111: return String(CharArray::of(0x4D, 0x61, 0x6C, 0x61, 0x79, 0x73, 0x63, 0x68));
				case 113: return String(CharArray::of(0x4D, 0x6F, 0x6E, 0x67, 0x6F, 0x6F, 0x6C, 0x73, 0x63, 0x68));
				case 114: return String(CharArray::of(0x4D, 0x6F, 0x6F, 0x6E));
				case 116: return String(CharArray::of(0x4D, 0x65, 0x69, 0x74, 0x65, 0x69, 0x20, 0x4D, 0x61, 0x79, 0x65, 0x6B));
				case 118: return String(CharArray::of(0x42, 0x69, 0x72, 0x6D, 0x61, 0x61, 0x6E, 0x73, 0x63, 0x68));
				case 125: return String(CharArray::of(0x4E, 0x2019, 0x4B, 0x6F));
				case 127: return String(CharArray::of(0x4F, 0x67, 0x68, 0x61, 0x6D));
				case 128: return String(CharArray::of(0x4F, 0x6C, 0x20, 0x43, 0x68, 0x69, 0x6B, 0x69));
				case 130: return String(CharArray::of(0x4F, 0x72, 0x63, 0x68, 0x6F, 0x6E, 0x2D, 0x52, 0x75, 0x6E, 0x65, 0x6E));
				case 131: return String(CharArray::of(0x4F, 0x72, 0x69, 0x79, 0x61));
				case 133: return String(CharArray::of(0x4F, 0x73, 0x6D, 0x61, 0x61, 0x6E, 0x73, 0x63, 0x68));
				case 137: return String(CharArray::of(0x4F, 0x6F, 0x6C, 0x64, 0x70, 0x65, 0x72, 0x6D, 0x73, 0x63, 0x68));
				case 138: return String(CharArray::of(0x50, 0x68, 0x61, 0x67, 0x73, 0x2D, 0x70, 0x61));
				case 139: return String(CharArray::of(0x49, 0x6E, 0x73, 0x63, 0x68, 0x72, 0x69, 0x66, 0x74, 0x65, 0x6E, 0x2D, 0x50, 0x61, 0x68, 0x6C, 0x61, 0x76, 0x69));
				case 140: return String(CharArray::of(0x50, 0x73, 0x61, 0x6C, 0x74, 0x65, 0x72, 0x2D, 0x50, 0x61, 0x68, 0x6C, 0x61, 0x76, 0x69));
				case 141: return String(CharArray::of(0x42, 0x6F, 0x6F, 0x6B, 0x2D, 0x50, 0x61, 0x68, 0x6C, 0x61, 0x76, 0x69));
				case 142: return String(CharArray::of(0x50, 0x68, 0xF6, 0x6E, 0x69, 0x65, 0x6B, 0x73, 0x63, 0x68));
				case 143: return String(CharArray::of(0x50, 0x6F, 0x6C, 0x6C, 0x61, 0x72, 0x64, 0x2D, 0x50, 0x68, 0xF6, 0x6E, 0x69, 0x65, 0x6B, 0x73, 0x63, 0x68));
				case 144: return String(CharArray::of(0x49, 0x6E, 0x73, 0x63, 0x68, 0x72, 0x69, 0x66, 0x74, 0x65, 0x6E, 0x2D, 0x50, 0x61, 0x72, 0x74, 0x68, 0x73, 0x63, 0x68));
				case 146: return String(CharArray::of(0x52, 0x65, 0x6A, 0x61, 0x6E, 0x67));
				case 148: return String(CharArray::of(0x52, 0x6F, 0x6E, 0x67, 0x6F, 0x72, 0x6F, 0x6E, 0x67, 0x6F));
				case 149: return String(CharArray::of(0x52, 0x75, 0x6E, 0x65, 0x6E, 0x73, 0x63, 0x68, 0x72, 0x69, 0x66, 0x74));
				case 150: return String(CharArray::of(0x53, 0x61, 0x6D, 0x61, 0x72, 0x69, 0x65, 0x74, 0x73, 0x63, 0x68));
				case 151: return String(CharArray::of(0x53, 0x61, 0x72, 0x61, 0x74, 0x69));
				case 153: return String(CharArray::of(0x53, 0x61, 0x75, 0x72, 0x61, 0x73, 0x68, 0x74, 0x72, 0x61));
				case 154: return String(CharArray::of(0x53, 0x69, 0x67, 0x6E, 0x57, 0x72, 0x69, 0x74, 0x69, 0x6E, 0x67));
				case 155: return String(CharArray::of(0x53, 0x68, 0x61, 0x77, 0x2D, 0x41, 0x6C, 0x70, 0x68, 0x61, 0x62, 0x65, 0x74));
				case 159: return String(CharArray::of(0x53, 0x69, 0x6E, 0x67, 0x68, 0x61, 0x6C, 0x65, 0x65, 0x73, 0x63, 0x68));
				case 164: return String(CharArray::of(0x53, 0x75, 0x6E, 0x64, 0x61, 0x6E, 0x65, 0x65, 0x73, 0x63, 0x68));
				case 166: return String(CharArray::of(0x53, 0x79, 0x6C, 0x6F, 0x74, 0x69, 0x20, 0x4E, 0x61, 0x67, 0x72, 0x69));
				case 167: return String(CharArray::of(0x53, 0x79, 0x79, 0x72, 0x73, 0x63, 0x68));
				case 168: return String(CharArray::of(0x45, 0x73, 0x74, 0x72, 0x61, 0x6E, 0x67, 0x65, 0x6C, 0x6F, 0x2D, 0x53, 0x79, 0x79, 0x72, 0x73, 0x63, 0x68));
				case 169: return String(CharArray::of(0x57, 0x65, 0x73, 0x74, 0x2D, 0x53, 0x79, 0x79, 0x72, 0x73, 0x63, 0x68));
				case 170: return String(CharArray::of(0x4F, 0x6F, 0x73, 0x74, 0x2D, 0x53, 0x79, 0x79, 0x72, 0x73, 0x63, 0x68));
				case 171: return String(CharArray::of(0x54, 0x61, 0x67, 0x62, 0x61, 0x6E, 0x77, 0x61));
				case 173: return String(CharArray::of(0x54, 0x61, 0x69, 0x20, 0x4C, 0x65));
				case 174: return String(CharArray::of(0x54, 0x61, 0x69, 0x20, 0x4C, 0x75, 0x65));
				case 175: return String(CharArray::of(0x54, 0x61, 0x6D, 0x69, 0x6C, 0x73, 0x63, 0x68));
				case 177: return String(CharArray::of(0x54, 0x61, 0x69, 0x20, 0x56, 0x69, 0x65, 0x74));
				case 178: return String(CharArray::of(0x54, 0x65, 0x6C, 0x75, 0x67, 0x75));
				case 179: return String(CharArray::of(0x54, 0x65, 0x6E, 0x67, 0x77, 0x61, 0x72));
				case 180: return String(CharArray::of(0x54, 0x69, 0x66, 0x69, 0x6E, 0x61, 0x67, 0x68));
				case 181: return String(CharArray::of(0x54, 0x61, 0x67, 0x61, 0x6C, 0x6F, 0x67));
				case 182: return String(CharArray::of(0x54, 0x68, 0x61, 0x61, 0x6E, 0x61));
				case 183: return String(CharArray::of(0x54, 0x68, 0x61, 0x69));
				case 184: return String(CharArray::of(0x54, 0x69, 0x62, 0x65, 0x65, 0x74, 0x73, 0x63, 0x68));
				case 190: return String(CharArray::of(0x55, 0x67, 0x61, 0x72, 0x69, 0x65, 0x74, 0x73, 0x63, 0x68));
				case 191: return String(CharArray::of(0x56, 0x61, 0x69));
				case 192: return String(CharArray::of(0x56, 0x69, 0x73, 0x69, 0x62, 0x6C, 0x65, 0x20, 0x53, 0x70, 0x65, 0x65, 0x63, 0x68));
				case 197: return String(CharArray::of(0x4F, 0x6F, 0x6C, 0x64, 0x70, 0x65, 0x72, 0x73, 0x2019, 0x73, 0x63, 0x68));
				case 198: return String(CharArray::of(0x53, 0x75, 0x6D, 0x65, 0x72, 0x6F, 0x61, 0x6B, 0x6B, 0x61, 0x64, 0x73, 0x63, 0x68, 0x20, 0x4B, 0x69, 0x65, 0x6C, 0x73, 0x63, 0x68, 0x72, 0x69, 0x66, 0x74));
				case 200: return String(CharArray::of(0x59, 0x69));
				case 202: return String(CharArray::of(0x41, 0x72, 0x76, 0x74, 0x20, 0x53, 0x63, 0x68, 0x72, 0x69, 0x66, 0x74, 0x77, 0x65, 0x65, 0x72, 0x74));
				case 203: return String(CharArray::of(0x4D, 0x61, 0x74, 0x68, 0x65, 0x6D, 0x61, 0x61, 0x74, 0x73, 0x63, 0x68, 0x20, 0x54, 0x65, 0x6B, 0x65, 0x6E));
				case 205: return String(CharArray::of(0x53, 0x79, 0x6D, 0x62, 0x6F, 0x6C, 0x65, 0x6E));
				case 206: return String(CharArray::of(0x4E, 0x69, 0x63, 0x68, 0x20, 0x73, 0x63, 0x68, 0x72, 0x65, 0x76, 0x65, 0x6E));
				case 207: return String(CharArray::of(0x55, 0x6E, 0x62, 0x65, 0x73, 0x74, 0x69, 0x6D, 0x6D, 0x74));
				case 208: return String(CharArray::of(0x4E, 0x69, 0x63, 0x68, 0x20, 0x62, 0x65, 0x67, 0xE4, 0x6E, 0x67, 0x20, 0x53, 0x63, 0x68, 0x72, 0x69, 0x66, 0x74));
            default: break;
            }
            return String();
        }
        
        String Nds::displayCountry(gint region) const {
            switch(region) {

				case 0: return String(CharArray::of(0x57, 0x65, 0x6C, 0x74));

				case 1: return String(CharArray::of(0x41, 0x66, 0x72, 0x69, 0x6B, 0x61));

				case 2: return String(CharArray::of(0x4E, 0x6F, 0x6F, 0x72, 0x64, 0x61, 0x6D, 0x65, 0x72, 0x69, 0x6B, 0x61));

				case 3: return String(CharArray::of(0x53, 0xFC, 0xFC, 0x64, 0x61, 0x6D, 0x65, 0x72, 0x69, 0x6B, 0x61));

				case 4: return String(CharArray::of(0x4F, 0x7A, 0x65, 0x61, 0x6E, 0x69, 0x65, 0x6E));

				case 5: return String(CharArray::of(0x57, 0x65, 0x73, 0x74, 0x61, 0x66, 0x72, 0x69, 0x6B, 0x61));

				case 6: return String(CharArray::of(0x4D, 0x69, 0x64, 0x64, 0x65, 0x6C, 0x61, 0x6D, 0x65, 0x72, 0x69, 0x6B, 0x61));

				case 7: return String(CharArray::of(0x4F, 0x6F, 0x73, 0x74, 0x61, 0x66, 0x72, 0x69, 0x6B, 0x61));

				case 8: return String(CharArray::of(0x4E, 0x6F, 0x6F, 0x72, 0x64, 0x61, 0x66, 0x72, 0x69, 0x6B, 0x61));

				case 9: return String(CharArray::of(0x5A, 0x65, 0x6E, 0x74, 0x72, 0x61, 0x6C, 0x61, 0x66, 0x72, 0x69, 0x6B, 0x61));

				case 10: return String(CharArray::of(0x53, 0xFC, 0xFC, 0x64, 0x6C, 0x69, 0x63, 0x68, 0x20, 0x41, 0x66, 0x72, 0x69, 0x6B, 0x61));

				case 11: return String(CharArray::of(0x41, 0x6D, 0x65, 0x72, 0x69, 0x6B, 0x61));

				case 13: return String(CharArray::of(0x4B, 0x61, 0x72, 0x69, 0x62, 0x69, 0x6B));

				case 14: return String(CharArray::of(0x4F, 0x6F, 0x73, 0x74, 0x61, 0x73, 0x69, 0x65, 0x6E));

				case 15: return String(CharArray::of(0x53, 0xFC, 0xFC, 0x64, 0x61, 0x73, 0x69, 0x65, 0x6E));

				case 16: return String(CharArray::of(0x53, 0xFC, 0xFC, 0x64, 0x6F, 0x6F, 0x73, 0x74, 0x61, 0x73, 0x69, 0x65, 0x6E));

				case 17: return String(CharArray::of(0x53, 0xFC, 0xFC, 0x64, 0x65, 0x75, 0x72, 0x6F, 0x70, 0x61));

				case 18: return String(CharArray::of(0x41, 0x75, 0x73, 0x74, 0x72, 0x61, 0x6C, 0x69, 0x65, 0x6E, 0x20, 0x75, 0x6E, 0x20, 0x4E, 0x65, 0x65, 0x73, 0x65, 0x65, 0x6C, 0x61, 0x6E, 0x64));

				case 19: return String(CharArray::of(0x4D, 0x65, 0x6C, 0x61, 0x6E, 0x65, 0x73, 0x69, 0x65, 0x6E));

				case 21: return String(CharArray::of(0x50, 0x6F, 0x6C, 0x79, 0x6E, 0x65, 0x73, 0x69, 0x65, 0x6E));

				case 22: return String(CharArray::of(0x41, 0x73, 0x69, 0x65, 0x6E));

				case 23: return String(CharArray::of(0x5A, 0x65, 0x6E, 0x74, 0x72, 0x61, 0x6C, 0x61, 0x73, 0x69, 0x65, 0x6E));

				case 24: return String(CharArray::of(0x57, 0x65, 0x73, 0x74, 0x61, 0x73, 0x69, 0x65, 0x6E));

				case 25: return String(CharArray::of(0x45, 0x75, 0x72, 0x6F, 0x70, 0x61));

				case 26: return String(CharArray::of(0x4F, 0x6F, 0x73, 0x74, 0x65, 0x75, 0x72, 0x6F, 0x70, 0x61));

				case 27: return String(CharArray::of(0x4E, 0x6F, 0x6F, 0x72, 0x64, 0x65, 0x75, 0x72, 0x6F, 0x70, 0x61));

				case 28: return String(CharArray::of(0x57, 0x65, 0x73, 0x74, 0x65, 0x75, 0x72, 0x6F, 0x70, 0x61));

				case 30: return String(CharArray::of(0x4C, 0x61, 0x74, 0x69, 0x65, 0x6E, 0x61, 0x6D, 0x65, 0x72, 0x69, 0x6B, 0x61));

				case 32: return String(CharArray::of(0x41, 0x6E, 0x64, 0x6F, 0x72, 0x72, 0x61));

				case 33: return String(CharArray::of(0x56, 0x65, 0x72, 0x65, 0x65, 0x6E, 0x69, 0x67, 0x74, 0x65, 0x20, 0x41, 0x72, 0x61, 0x61, 0x62, 0x73, 0x63, 0x68, 0x65, 0x20, 0x45, 0x6D, 0x69, 0x72, 0x61, 0x74, 0x65, 0x6E));

				case 34: return String(CharArray::of(0x41, 0x66, 0x67, 0x68, 0x61, 0x6E, 0x69, 0x73, 0x74, 0x61, 0x6E));

				case 35: return String(CharArray::of(0x41, 0x6E, 0x74, 0x69, 0x67, 0x75, 0x61, 0x20, 0x75, 0x6E, 0x20, 0x42, 0x61, 0x72, 0x62, 0x75, 0x64, 0x61));

				case 36: return String(CharArray::of(0x41, 0x6E, 0x67, 0x75, 0x69, 0x6C, 0x6C, 0x61));

				case 37: return String(CharArray::of(0x41, 0x6C, 0x62, 0x61, 0x6E, 0x69, 0x65, 0x6E));

				case 38: return String(CharArray::of(0x41, 0x72, 0x6D, 0x65, 0x6E, 0x69, 0x65, 0x6E));

				case 39: return String(CharArray::of(0x41, 0x6E, 0x67, 0x6F, 0x6C, 0x61));

				case 40: return String(CharArray::of(0x41, 0x6E, 0x74, 0x61, 0x72, 0x6B, 0x74, 0x69, 0x73));

				case 41: return String(CharArray::of(0x41, 0x72, 0x67, 0x65, 0x6E, 0x74, 0x69, 0x6E, 0x69, 0x65, 0x6E));

				case 42: return String(CharArray::of(0x41, 0x6D, 0x65, 0x72, 0x69, 0x6B, 0x61, 0x61, 0x6E, 0x73, 0x63, 0x68, 0x2D, 0x53, 0x61, 0x6D, 0x6F, 0x61));

				case 43: return String(CharArray::of(0xD6, 0xF6, 0x73, 0x74, 0x65, 0x72, 0x72, 0x69, 0x65, 0x6B));

				case 44: return String(CharArray::of(0x41, 0x75, 0x73, 0x74, 0x72, 0x61, 0x6C, 0x69, 0x65, 0x6E));

				case 45: return String(CharArray::of(0x41, 0x72, 0x75, 0x62, 0x61));

				case 46: return String(CharArray::of(0xC5, 0x6C, 0x61, 0x6E, 0x64, 0x65, 0x69, 0x6C, 0x61, 0x6E, 0x6E, 0x65, 0x6E));

				case 47: return String(CharArray::of(0x41, 0x73, 0x65, 0x72, 0x62, 0x61, 0x69, 0x64, 0x73, 0x63, 0x68, 0x61, 0x6E));

				case 48: return String(CharArray::of(0x42, 0x6F, 0x73, 0x6E, 0x69, 0x65, 0x6E, 0x20, 0x75, 0x6E, 0x20, 0x48, 0x65, 0x72, 0x7A, 0x65, 0x67, 0x6F, 0x77, 0x69, 0x6E, 0x61));

				case 49: return String(CharArray::of(0x42, 0x61, 0x72, 0x62, 0x61, 0x64, 0x6F, 0x73));

				case 50: return String(CharArray::of(0x42, 0x61, 0x6E, 0x67, 0x6C, 0x61, 0x64, 0x65, 0x73, 0x63, 0x68));

				case 51: return String(CharArray::of(0x42, 0x65, 0x6C, 0x67, 0x69, 0x65, 0x6E));

				case 52: return String(CharArray::of(0x42, 0x75, 0x72, 0x6B, 0x69, 0x6E, 0x61, 0x20, 0x46, 0x61, 0x73, 0x6F));

				case 53: return String(CharArray::of(0x42, 0x75, 0x6C, 0x67, 0x61, 0x72, 0x69, 0x65, 0x6E));

				case 54: return String(CharArray::of(0x42, 0x61, 0x68, 0x72, 0x61, 0x69, 0x6E));

				case 55: return String(CharArray::of(0x42, 0x75, 0x72, 0x75, 0x6E, 0x64, 0x69));

				case 56: return String(CharArray::of(0x42, 0x65, 0x6E, 0x69, 0x6E));

				case 57: return String(CharArray::of(0x53, 0x61, 0x69, 0x6E, 0x74, 0x20, 0x42, 0x61, 0x72, 0x74, 0x68, 0xE9, 0x6C, 0x65, 0x6D, 0x79));

				case 58: return String(CharArray::of(0x42, 0x65, 0x72, 0x6D, 0x75, 0x64, 0x61));

				case 59: return String(CharArray::of(0x42, 0x72, 0x75, 0x6E, 0x65, 0x69, 0x20, 0x44, 0x61, 0x72, 0x75, 0x73, 0x73, 0x61, 0x6C, 0x61, 0x6D));

				case 60: return String(CharArray::of(0x42, 0x6F, 0x6C, 0x69, 0x76, 0x69, 0x65, 0x6E));

				case 62: return String(CharArray::of(0x42, 0x72, 0x61, 0x73, 0x69, 0x6C, 0x69, 0x65, 0x6E));

				case 63: return String(CharArray::of(0x42, 0x61, 0x68, 0x61, 0x6D, 0x61, 0x73));

				case 64: return String(CharArray::of(0x42, 0x68, 0x75, 0x74, 0x61, 0x6E));

				case 66: return String(CharArray::of(0x42, 0x6F, 0x75, 0x76, 0x65, 0x74, 0x2D, 0x45, 0x69, 0x6C, 0x61, 0x6E, 0x64));

				case 67: return String(CharArray::of(0x42, 0x6F, 0x74, 0x73, 0x77, 0x61, 0x6E, 0x61));

				case 68: return String(CharArray::of(0x57, 0x69, 0x74, 0x74, 0x72, 0x75, 0x73, 0x73, 0x6C, 0x61, 0x6E, 0x64));

				case 69: return String(CharArray::of(0x42, 0x65, 0x6C, 0x69, 0x7A, 0x65));

				case 70: return String(CharArray::of(0x4B, 0x61, 0x6E, 0x61, 0x64, 0x61));

				case 71: return String(CharArray::of(0x4B, 0x6F, 0x6B, 0x6F, 0x73, 0x2D, 0x45, 0x69, 0x6C, 0x61, 0x6E, 0x6E, 0x65, 0x6E));

				case 72: return String(CharArray::of(0x44, 0x65, 0x6D, 0x6F, 0x6B, 0x72, 0x61, 0x61, 0x74, 0x73, 0x63, 0x68, 0x65, 0x20, 0x52, 0x65, 0x70, 0x75, 0x62, 0x6C, 0x69, 0x6B, 0x20, 0x4B, 0x6F, 0x6E, 0x67, 0x6F));

				case 73: return String(CharArray::of(0x5A, 0x65, 0x6E, 0x74, 0x72, 0x61, 0x6C, 0x61, 0x66, 0x72, 0x69, 0x6B, 0x61, 0x61, 0x6E, 0x73, 0x63, 0x68, 0x65, 0x20, 0x52, 0x65, 0x70, 0x75, 0x62, 0x6C, 0x69, 0x6B));

				case 74: return String(CharArray::of(0x52, 0x65, 0x70, 0x75, 0x62, 0x6C, 0x69, 0x6B, 0x20, 0x4B, 0x6F, 0x6E, 0x67, 0x6F));

				case 75: return String(CharArray::of(0x53, 0x77, 0x69, 0x65, 0x7A));

				case 76: return String(CharArray::of(0x45, 0x6C, 0x66, 0x65, 0x6E, 0x62, 0x65, 0x65, 0x6E, 0x6B, 0xFC, 0x73, 0x74));

				case 77: return String(CharArray::of(0x43, 0x6F, 0x6F, 0x6B, 0x2D, 0x45, 0x69, 0x6C, 0x61, 0x6E, 0x6E, 0x65, 0x6E));

				case 78: return String(CharArray::of(0x43, 0x68, 0x69, 0x6C, 0x65));

				case 79: return String(CharArray::of(0x4B, 0x61, 0x6D, 0x65, 0x72, 0x75, 0x6E));

				case 80: return String(CharArray::of(0x43, 0x68, 0x69, 0x6E, 0x61));

				case 81: return String(CharArray::of(0x4B, 0x6F, 0x6C, 0x75, 0x6D, 0x62, 0x69, 0x65, 0x6E));

				case 84: return String(CharArray::of(0x43, 0x6F, 0x73, 0x74, 0x61, 0x20, 0x52, 0x69, 0x63, 0x61));

				case 85: return String(CharArray::of(0x4B, 0x75, 0x62, 0x61));

				case 86: return String(CharArray::of(0x4B, 0x61, 0x70, 0x20, 0x56, 0x65, 0x72, 0x64, 0x65));

				case 88: return String(CharArray::of(0x57, 0x69, 0x65, 0x68, 0x6E, 0x61, 0x63, 0x68, 0x74, 0x73, 0x65, 0x69, 0x6C, 0x61, 0x6E, 0x64));

				case 89: return String(CharArray::of(0x5A, 0x79, 0x70, 0x65, 0x72, 0x6E));

				case 90: return String(CharArray::of(0x54, 0x73, 0x63, 0x68, 0x65, 0x63, 0x68, 0x69, 0x65, 0x6E));

				case 92: return String(CharArray::of(0x44, 0xFC, 0xFC, 0x74, 0x73, 0x63, 0x68, 0x6C, 0x61, 0x6E, 0x64));

				case 94: return String(CharArray::of(0x44, 0x73, 0x63, 0x68, 0x69, 0x62, 0x75, 0x74, 0x69));

				case 95: return String(CharArray::of(0x44, 0xE4, 0xE4, 0x6E, 0x6D, 0x61, 0x72, 0x6B));

				case 96: return String(CharArray::of(0x44, 0x6F, 0x6D, 0x69, 0x6E, 0x69, 0x63, 0x61));

				case 97: return String(CharArray::of(0x44, 0x6F, 0x6D, 0x69, 0x6E, 0x69, 0x6B, 0x61, 0x61, 0x6E, 0x73, 0x63, 0x68, 0x65, 0x20, 0x52, 0x65, 0x70, 0x75, 0x62, 0x6C, 0x69, 0x6B));

				case 98: return String(CharArray::of(0x41, 0x6C, 0x67, 0x65, 0x72, 0x69, 0x65, 0x6E));

				case 100: return String(CharArray::of(0x45, 0x63, 0x75, 0x61, 0x64, 0x6F, 0x72));

				case 101: return String(CharArray::of(0x45, 0x65, 0x73, 0x74, 0x6C, 0x61, 0x6E, 0x64));

				case 102: return String(CharArray::of(0xC4, 0x67, 0x79, 0x70, 0x74, 0x65, 0x6E));

				case 103: return String(CharArray::of(0x57, 0x65, 0x73, 0x74, 0x73, 0x61, 0x68, 0x61, 0x72, 0x61));

				case 104: return String(CharArray::of(0x45, 0x72, 0x69, 0x74, 0x72, 0x65, 0x61));

				case 105: return String(CharArray::of(0x53, 0x70, 0x61, 0x6E, 0x69, 0x65, 0x6E));

				case 106: return String(CharArray::of(0xC4, 0x74, 0x68, 0x69, 0x6F, 0x70, 0x69, 0x65, 0x6E));

				case 107: return String(CharArray::of(0x45, 0x75, 0x72, 0x6F, 0x70, 0xE4, 0xE4, 0x73, 0x63, 0x68, 0x65, 0x20, 0x55, 0x6E, 0x69, 0x6F, 0x6E));

				case 109: return String(CharArray::of(0x46, 0x69, 0x6E, 0x6E, 0x6C, 0x61, 0x6E, 0x64));

				case 110: return String(CharArray::of(0x46, 0x69, 0x64, 0x73, 0x63, 0x68, 0x69));

				case 111: return String(CharArray::of(0x46, 0x61, 0x6C, 0x6B, 0x6C, 0x61, 0x6E, 0x64, 0x2D, 0x45, 0x69, 0x6C, 0x61, 0x6E, 0x6E, 0x65, 0x6E));

				case 112: return String(CharArray::of(0x4D, 0x69, 0x6B, 0x72, 0x6F, 0x6E, 0x65, 0x73, 0x69, 0x65, 0x6E));

				case 113: return String(CharArray::of(0x46, 0xE4, 0x72, 0xF6, 0x65, 0x72));

				case 114: return String(CharArray::of(0x46, 0x72, 0x61, 0x6E, 0x6B, 0x72, 0x69, 0x65, 0x6B));

				case 115: return String(CharArray::of(0x47, 0x61, 0x62, 0x75, 0x6E));

				case 116: return String(CharArray::of(0x47, 0x72, 0x6F, 0x6F, 0x74, 0x62, 0x72, 0x69, 0x74, 0x61, 0x6E, 0x6E, 0x69, 0x65, 0x6E));

				case 117: return String(CharArray::of(0x47, 0x72, 0x65, 0x6E, 0x61, 0x64, 0x61));

				case 118: return String(CharArray::of(0x47, 0x65, 0x6F, 0x72, 0x67, 0x69, 0x65, 0x6E));

				case 119: return String(CharArray::of(0x46, 0x72, 0x61, 0x6E, 0x7A, 0xF6, 0xF6, 0x73, 0x63, 0x68, 0x2D, 0x47, 0x75, 0x61, 0x79, 0x61, 0x6E, 0x61));

				case 120: return String(CharArray::of(0x47, 0x75, 0x65, 0x72, 0x6E, 0x73, 0x65, 0x79));

				case 121: return String(CharArray::of(0x47, 0x68, 0x61, 0x6E, 0x61));

				case 122: return String(CharArray::of(0x47, 0x69, 0x62, 0x72, 0x61, 0x6C, 0x74, 0x61, 0x72));

				case 123: return String(CharArray::of(0x47, 0x72, 0xF6, 0xF6, 0x6E, 0x6C, 0x61, 0x6E, 0x64));

				case 124: return String(CharArray::of(0x47, 0x61, 0x6D, 0x62, 0x69, 0x61));

				case 125: return String(CharArray::of(0x47, 0x75, 0x69, 0x6E, 0x65, 0x61));

				case 126: return String(CharArray::of(0x47, 0x75, 0x61, 0x64, 0x65, 0x6C, 0x6F, 0x75, 0x70, 0x65));

				case 127: return String(CharArray::of(0xC4, 0x71, 0x75, 0x61, 0x74, 0x6F, 0x72, 0x69, 0x61, 0x6C, 0x67, 0x75, 0x69, 0x6E, 0x65, 0x61));

				case 128: return String(CharArray::of(0x47, 0x72, 0x65, 0x6B, 0x65, 0x6E, 0x6C, 0x61, 0x6E, 0x64));

				case 129: return String(CharArray::of(0x53, 0xFC, 0xFC, 0x64, 0x67, 0x65, 0x6F, 0x72, 0x67, 0x69, 0x65, 0x6E, 0x20, 0x75, 0x6E, 0x20, 0x64, 0x65, 0x20, 0x53, 0xFC, 0x64, 0x6C, 0x69, 0x63, 0x68, 0x65, 0x6E, 0x20, 0x53, 0x61, 0x6E, 0x64, 0x77, 0x69, 0x63, 0x68, 0x2D, 0x45, 0x69, 0x6C, 0x61, 0x6E, 0x6E, 0x65, 0x6E));

				case 130: return String(CharArray::of(0x47, 0x75, 0x61, 0x74, 0x65, 0x6D, 0x61, 0x6C, 0x61));

				case 131: return String(CharArray::of(0x47, 0x75, 0x61, 0x6D));

				case 132: return String(CharArray::of(0x47, 0x75, 0x69, 0x6E, 0x65, 0x61, 0x2D, 0x42, 0x69, 0x73, 0x73, 0x61, 0x75));

				case 133: return String(CharArray::of(0x47, 0x75, 0x79, 0x61, 0x6E, 0x61));

				case 134: return String(CharArray::of(0x53, 0xFC, 0x6E, 0x6E, 0x65, 0x72, 0x76, 0x65, 0x72, 0x77, 0x61, 0x6C, 0x74, 0x65, 0x6E, 0x73, 0x72, 0x65, 0x62, 0x65, 0x65, 0x74, 0x20, 0x48, 0x6F, 0x6E, 0x67, 0x6B, 0x6F, 0x6E, 0x67));

				case 135: return String(CharArray::of(0x48, 0x65, 0x61, 0x72, 0x64, 0x2D, 0x20, 0x75, 0x6E, 0x20, 0x4D, 0x63, 0x44, 0x6F, 0x6E, 0x61, 0x6C, 0x64, 0x2D, 0x45, 0x69, 0x6C, 0x61, 0x6E, 0x6E, 0x65, 0x6E));

				case 136: return String(CharArray::of(0x48, 0x6F, 0x6E, 0x64, 0x75, 0x72, 0x61, 0x73));

				case 137: return String(CharArray::of(0x4B, 0x72, 0x6F, 0x61, 0x74, 0x69, 0x65, 0x6E));

				case 138: return String(CharArray::of(0x48, 0x61, 0x69, 0x74, 0x69));

				case 139: return String(CharArray::of(0x55, 0x6E, 0x67, 0x61, 0x72, 0x6E));

				case 141: return String(CharArray::of(0x49, 0x6E, 0x64, 0x6F, 0x6E, 0x65, 0x73, 0x69, 0x65, 0x6E));

				case 142: return String(CharArray::of(0x49, 0x72, 0x6C, 0x61, 0x6E, 0x64));

				case 143: return String(CharArray::of(0x49, 0x73, 0x72, 0x61, 0x65, 0x6C));

				case 144: return String(CharArray::of(0x49, 0x6E, 0x73, 0x65, 0x6C, 0x20, 0x4D, 0x61, 0x6E));

				case 145: return String(CharArray::of(0x49, 0x6E, 0x64, 0x69, 0x65, 0x6E));

				case 146: return String(CharArray::of(0x42, 0x72, 0x69, 0x74, 0x69, 0x73, 0x63, 0x68, 0x20, 0x52, 0x65, 0x62, 0x65, 0x65, 0x64, 0x20, 0x69, 0x6E, 0x2019, 0x6E, 0x20, 0x49, 0x6E, 0x64, 0x69, 0x73, 0x63, 0x68, 0x65, 0x6E, 0x20, 0x4F, 0x7A, 0x65, 0x61, 0x6E));

				case 147: return String(CharArray::of(0x49, 0x72, 0x61, 0x6B));

				case 148: return String(CharArray::of(0x49, 0x72, 0x61, 0x6E));

				case 149: return String(CharArray::of(0x49, 0x65, 0x73, 0x6C, 0x61, 0x6E, 0x64));

				case 150: return String(CharArray::of(0x49, 0x74, 0x61, 0x6C, 0x69, 0x65, 0x6E));

				case 151: return String(CharArray::of(0x4A, 0x65, 0x72, 0x73, 0x65, 0x79));

				case 152: return String(CharArray::of(0x4A, 0x61, 0x6D, 0x61, 0x69, 0x6B, 0x61));

				case 153: return String(CharArray::of(0x4A, 0x6F, 0x72, 0x64, 0x61, 0x6E, 0x69, 0x65, 0x6E));

				case 154: return String(CharArray::of(0x4A, 0x61, 0x70, 0x61, 0x6E));

				case 155: return String(CharArray::of(0x4B, 0x65, 0x6E, 0x69, 0x61));

				case 156: return String(CharArray::of(0x4B, 0x69, 0x72, 0x67, 0x69, 0x73, 0x69, 0x73, 0x74, 0x61, 0x6E));

				case 157: return String(CharArray::of(0x4B, 0x61, 0x6D, 0x62, 0x6F, 0x64, 0x73, 0x63, 0x68, 0x61));

				case 158: return String(CharArray::of(0x4B, 0x69, 0x72, 0x69, 0x62, 0x61, 0x74, 0x69));

				case 159: return String(CharArray::of(0x4B, 0x6F, 0x6D, 0x6F, 0x72, 0x65, 0x6E));

				case 160: return String(CharArray::of(0x53, 0x74, 0x2E, 0x20, 0x4B, 0x69, 0x74, 0x74, 0x73, 0x20, 0x75, 0x6E, 0x20, 0x4E, 0x65, 0x76, 0x69, 0x73));

				case 161: return String(CharArray::of(0x4E, 0x6F, 0x6F, 0x72, 0x64, 0x6B, 0x6F, 0x72, 0x65, 0x61));

				case 162: return String(CharArray::of(0x53, 0xF6, 0xF6, 0x64, 0x6B, 0x6F, 0x72, 0x65, 0x61));

				case 163: return String(CharArray::of(0x4B, 0x75, 0x77, 0x61, 0x69, 0x74));

				case 164: return String(CharArray::of(0x4B, 0x61, 0x69, 0x6D, 0x61, 0x6E, 0x2D, 0x45, 0x69, 0x6C, 0x61, 0x6E, 0x6E, 0x65, 0x6E));

				case 165: return String(CharArray::of(0x4B, 0x61, 0x73, 0x61, 0x63, 0x68, 0x73, 0x74, 0x61, 0x6E));

				case 166: return String(CharArray::of(0x4C, 0x61, 0x6F, 0x73));

				case 167: return String(CharArray::of(0x4C, 0x69, 0x62, 0x61, 0x6E, 0x6F, 0x6E));

				case 168: return String(CharArray::of(0x53, 0x74, 0x2E, 0x20, 0x4C, 0x75, 0x63, 0x69, 0x61));

				case 169: return String(CharArray::of(0x4C, 0x69, 0x65, 0x63, 0x68, 0x74, 0x65, 0x6E, 0x73, 0x74, 0x65, 0x65, 0x6E));

				case 170: return String(CharArray::of(0x53, 0x72, 0x69, 0x20, 0x4C, 0x61, 0x6E, 0x6B, 0x61));

				case 171: return String(CharArray::of(0x4C, 0x69, 0x62, 0x65, 0x72, 0x69, 0x61));

				case 172: return String(CharArray::of(0x4C, 0x65, 0x73, 0x6F, 0x74, 0x68, 0x6F));

				case 173: return String(CharArray::of(0x4C, 0x69, 0x74, 0x61, 0x75, 0x65, 0x6E));

				case 174: return String(CharArray::of(0x4C, 0x75, 0x78, 0x65, 0x6D, 0x62, 0x6F, 0x72, 0x67));

				case 175: return String(CharArray::of(0x4C, 0x65, 0x74, 0x74, 0x6C, 0x61, 0x6E, 0x64));

				case 176: return String(CharArray::of(0x4C, 0x69, 0x62, 0x79, 0x65, 0x6E));

				case 177: return String(CharArray::of(0x4D, 0x61, 0x72, 0x6F, 0x6B, 0x6B, 0x6F));

				case 178: return String(CharArray::of(0x4D, 0x6F, 0x6E, 0x61, 0x63, 0x6F));

				case 179: return String(CharArray::of(0x4D, 0x6F, 0x6C, 0x64, 0x61, 0x77, 0x69, 0x65, 0x6E));

				case 180: return String(CharArray::of(0x4D, 0x6F, 0x6E, 0x74, 0x65, 0x6E, 0x65, 0x67, 0x72, 0x6F));

				case 181: return String(CharArray::of(0x53, 0x61, 0x69, 0x6E, 0x74, 0x20, 0x4D, 0x61, 0x72, 0x74, 0x69, 0x6E));

				case 182: return String(CharArray::of(0x4D, 0x61, 0x64, 0x61, 0x67, 0x61, 0x73, 0x6B, 0x61, 0x72));

				case 183: return String(CharArray::of(0x4D, 0x61, 0x72, 0x73, 0x68, 0x61, 0x6C, 0x6C, 0x2D, 0x45, 0x69, 0x6C, 0x61, 0x6E, 0x6E, 0x65, 0x6E));

				case 184: return String(CharArray::of(0x4D, 0x61, 0x6B, 0x65, 0x64, 0x6F, 0x6E, 0x69, 0x65, 0x6E));

				case 185: return String(CharArray::of(0x4D, 0x61, 0x6C, 0x69));

				case 186: return String(CharArray::of(0x42, 0x69, 0x72, 0x6D, 0x61));

				case 187: return String(CharArray::of(0x4D, 0x6F, 0x6E, 0x67, 0x6F, 0x6C, 0x65, 0x69));

				case 188: return String(CharArray::of(0x53, 0xFC, 0x6E, 0x6E, 0x65, 0x72, 0x76, 0x65, 0x72, 0x77, 0x61, 0x6C, 0x74, 0x65, 0x6E, 0x73, 0x72, 0x65, 0x62, 0x65, 0x65, 0x64, 0x20, 0x4D, 0x61, 0x63, 0x61, 0x6F));

				case 189: return String(CharArray::of(0x4E, 0xF6, 0xF6, 0x72, 0x64, 0x6C, 0x69, 0x63, 0x68, 0x65, 0x20, 0x4D, 0x61, 0x72, 0x69, 0x61, 0x6E, 0x65, 0x6E));

				case 190: return String(CharArray::of(0x4D, 0x61, 0x72, 0x74, 0x69, 0x6E, 0x69, 0x71, 0x75, 0x65));

				case 191: return String(CharArray::of(0x4D, 0x61, 0x75, 0x72, 0x65, 0x74, 0x61, 0x6E, 0x69, 0x65, 0x6E));

				case 192: return String(CharArray::of(0x4D, 0x6F, 0x6E, 0x74, 0x73, 0x65, 0x72, 0x72, 0x61, 0x74));

				case 193: return String(CharArray::of(0x4D, 0x61, 0x6C, 0x74, 0x61));

				case 194: return String(CharArray::of(0x4D, 0x61, 0x75, 0x72, 0x69, 0x74, 0x69, 0x75, 0x73));

				case 195: return String(CharArray::of(0x4D, 0x61, 0x6C, 0x65, 0x64, 0x69, 0x76, 0x65, 0x6E));

				case 196: return String(CharArray::of(0x4D, 0x61, 0x6C, 0x61, 0x77, 0x69));

				case 197: return String(CharArray::of(0x4D, 0x65, 0x78, 0x69, 0x6B, 0x6F));

				case 198: return String(CharArray::of(0x4D, 0x61, 0x6C, 0x61, 0x79, 0x73, 0x69, 0x61));

				case 199: return String(CharArray::of(0x4D, 0x6F, 0x73, 0x61, 0x6D, 0x62, 0x69, 0x6B));

				case 200: return String(CharArray::of(0x4E, 0x61, 0x6D, 0x69, 0x62, 0x69, 0x61));

				case 201: return String(CharArray::of(0x4E, 0x65, 0x65, 0x6B, 0x61, 0x6C, 0x65, 0x64, 0x6F, 0x6E, 0x69, 0x65, 0x6E));

				case 202: return String(CharArray::of(0x4E, 0x69, 0x67, 0x65, 0x72));

				case 203: return String(CharArray::of(0x4E, 0x6F, 0x72, 0x66, 0x6F, 0x6C, 0x6B));

				case 204: return String(CharArray::of(0x4E, 0x69, 0x67, 0x65, 0x72, 0x69, 0x61));

				case 205: return String(CharArray::of(0x4E, 0x69, 0x6B, 0x61, 0x72, 0x61, 0x67, 0x75, 0x61));

				case 206: return String(CharArray::of(0x4E, 0x65, 0x64, 0x64, 0x65, 0x72, 0x6C, 0x61, 0x6E, 0x6E, 0x65, 0x6E));

				case 207: return String(CharArray::of(0x4E, 0x6F, 0x72, 0x77, 0x65, 0x67, 0x65, 0x6E));

				case 208: return String(CharArray::of(0x4E, 0x65, 0x70, 0x61, 0x6C));

				case 209: return String(CharArray::of(0x4E, 0x61, 0x75, 0x72, 0x75));

				case 210: return String(CharArray::of(0x4E, 0x69, 0x75, 0x65));

				case 211: return String(CharArray::of(0x4E, 0x65, 0x65, 0x73, 0x65, 0x65, 0x6C, 0x61, 0x6E, 0x64));

				case 212: return String(CharArray::of(0x4F, 0x6D, 0x61, 0x6E));

				case 213: return String(CharArray::of(0x50, 0x61, 0x6E, 0x61, 0x6D, 0x61));

				case 214: return String(CharArray::of(0x50, 0x65, 0x72, 0x75));

				case 215: return String(CharArray::of(0x46, 0x72, 0x61, 0x6E, 0x7A, 0xF6, 0xF6, 0x73, 0x63, 0x68, 0x2D, 0x50, 0x6F, 0x6C, 0x79, 0x6E, 0x65, 0x73, 0x69, 0x65, 0x6E));

				case 216: return String(CharArray::of(0x50, 0x61, 0x70, 0x75, 0x61, 0x2D, 0x4E, 0x65, 0x65, 0x67, 0x75, 0x69, 0x6E, 0x65, 0x61));

				case 217: return String(CharArray::of(0x50, 0x68, 0x69, 0x6C, 0x69, 0x70, 0x70, 0x69, 0x6E, 0x65, 0x6E));

				case 218: return String(CharArray::of(0x50, 0x61, 0x6B, 0x69, 0x73, 0x74, 0x61, 0x6E));

				case 219: return String(CharArray::of(0x50, 0x6F, 0x6C, 0x65, 0x6E));

				case 220: return String(CharArray::of(0x53, 0x74, 0x2E, 0x20, 0x50, 0x69, 0x65, 0x72, 0x72, 0x65, 0x20, 0x75, 0x6E, 0x20, 0x4D, 0x69, 0x71, 0x75, 0x65, 0x6C, 0x6F, 0x6E));

				case 221: return String(CharArray::of(0x50, 0x69, 0x74, 0x63, 0x61, 0x69, 0x72, 0x6E));

				case 222: return String(CharArray::of(0x50, 0x75, 0x65, 0x72, 0x74, 0x6F, 0x20, 0x52, 0x69, 0x63, 0x6F));

				case 223: return String(CharArray::of(0x50, 0x61, 0x6C, 0xE4, 0x73, 0x74, 0x69, 0x6E, 0x65, 0x6E, 0x73, 0x69, 0x73, 0x63, 0x68, 0x65, 0x20, 0x52, 0x65, 0x62, 0x65, 0x64, 0x65, 0x6E));

				case 224: return String(CharArray::of(0x50, 0x6F, 0x72, 0x74, 0x75, 0x67, 0x61, 0x6C));

				case 225: return String(CharArray::of(0x50, 0x61, 0x6C, 0x61, 0x75));

				case 226: return String(CharArray::of(0x50, 0x61, 0x72, 0x61, 0x67, 0x75, 0x61, 0x79));

				case 227: return String(CharArray::of(0x4B, 0x61, 0x74, 0x61, 0x72));

				case 228: return String(CharArray::of(0x42, 0xFC, 0x74, 0x65, 0x72, 0x20, 0x4F, 0x7A, 0x65, 0x61, 0x6E, 0x69, 0x65, 0x6E));

				case 229: return String(CharArray::of(0x52, 0x65, 0x75, 0x6E, 0x69, 0x6F, 0x6E));

				case 230: return String(CharArray::of(0x52, 0x75, 0x6D, 0xE4, 0x6E, 0x69, 0x65, 0x6E));

				case 231: return String(CharArray::of(0x53, 0x65, 0x72, 0x62, 0x69, 0x65, 0x6E));

				case 232: return String(CharArray::of(0x52, 0x75, 0x73, 0x73, 0x6C, 0x61, 0x6E, 0x64));

				case 233: return String(CharArray::of(0x52, 0x75, 0x61, 0x6E, 0x64, 0x61));

				case 234: return String(CharArray::of(0x53, 0x61, 0x75, 0x64, 0x69, 0x2D, 0x41, 0x72, 0x61, 0x62, 0x69, 0x65, 0x6E));

				case 235: return String(CharArray::of(0x53, 0x61, 0x6C, 0x6F, 0x6D, 0x6F, 0x6E, 0x65, 0x6E));

				case 236: return String(CharArray::of(0x53, 0x65, 0x79, 0x63, 0x68, 0x65, 0x6C, 0x6C, 0x65, 0x6E));

				case 237: return String(CharArray::of(0x53, 0x75, 0x64, 0x61, 0x6E));

				case 238: return String(CharArray::of(0x53, 0x77, 0x65, 0x64, 0x65, 0x6E));

				case 239: return String(CharArray::of(0x53, 0x69, 0x6E, 0x67, 0x61, 0x70, 0x75, 0x72));

				case 240: return String(CharArray::of(0x53, 0x74, 0x2E, 0x20, 0x48, 0x65, 0x6C, 0x65, 0x6E, 0x61));

				case 241: return String(CharArray::of(0x53, 0x6C, 0x6F, 0x77, 0x65, 0x6E, 0x69, 0x65, 0x6E));

				case 242: return String(CharArray::of(0x53, 0x76, 0x61, 0x6C, 0x62, 0x61, 0x72, 0x64, 0x20, 0x75, 0x6E, 0x20, 0x4A, 0x61, 0x6E, 0x20, 0x4D, 0x61, 0x79, 0x65, 0x6E));

				case 243: return String(CharArray::of(0x53, 0x6C, 0x6F, 0x77, 0x61, 0x6B, 0x65, 0x69));

				case 244: return String(CharArray::of(0x53, 0x69, 0x65, 0x72, 0x72, 0x61, 0x20, 0x4C, 0x65, 0x6F, 0x6E, 0x65));

				case 245: return String(CharArray::of(0x53, 0x61, 0x6E, 0x20, 0x4D, 0x61, 0x72, 0x69, 0x6E, 0x6F));

				case 246: return String(CharArray::of(0x53, 0x65, 0x6E, 0x65, 0x67, 0x61, 0x6C));

				case 247: return String(CharArray::of(0x53, 0x6F, 0x6D, 0x61, 0x6C, 0x69, 0x61));

				case 248: return String(CharArray::of(0x53, 0x75, 0x72, 0x69, 0x6E, 0x61, 0x6D));

				case 250: return String(CharArray::of(0x53, 0xE3, 0x6F, 0x20, 0x54, 0x6F, 0x6D, 0xE9, 0x20, 0x75, 0x6E, 0x20, 0x50, 0x72, 0xED, 0x6E, 0x63, 0x69, 0x70, 0x65));

				case 251: return String(CharArray::of(0x45, 0x6C, 0x20, 0x53, 0x61, 0x6C, 0x76, 0x61, 0x64, 0x6F, 0x72));

				case 253: return String(CharArray::of(0x53, 0x79, 0x72, 0x69, 0x65, 0x6E));

				case 254: return String(CharArray::of(0x53, 0x77, 0x61, 0x73, 0x69, 0x6C, 0x61, 0x6E, 0x64));

				case 256: return String(CharArray::of(0x54, 0x75, 0x72, 0x6B, 0x73, 0x2D, 0x20, 0x75, 0x6E, 0x20, 0x43, 0x61, 0x69, 0x63, 0x6F, 0x73, 0x69, 0x6E, 0x73, 0x65, 0x6C, 0x6E));

				case 257: return String(CharArray::of(0x54, 0x73, 0x63, 0x68, 0x61, 0x64));

				case 258: return String(CharArray::of(0x46, 0x72, 0x61, 0x6E, 0x7A, 0xF6, 0xF6, 0x73, 0x63, 0x68, 0x65, 0x20, 0x53, 0xFC, 0xFC, 0x64, 0x2D, 0x20, 0x75, 0x6E, 0x20, 0x41, 0x6E, 0x74, 0x61, 0x72, 0x6B, 0x74, 0x69, 0x73, 0x72, 0x65, 0x62, 0x65, 0x64, 0x65, 0x6E));

				case 259: return String(CharArray::of(0x54, 0x6F, 0x67, 0x6F));

				case 260: return String(CharArray::of(0x54, 0x68, 0x61, 0x69, 0x6C, 0x61, 0x6E, 0x64));

				case 261: return String(CharArray::of(0x54, 0x61, 0x64, 0x73, 0x63, 0x68, 0x69, 0x6B, 0x69, 0x73, 0x74, 0x61, 0x6E));

				case 262: return String(CharArray::of(0x54, 0x6F, 0x6B, 0x65, 0x6C, 0x61, 0x75));

				case 263: return String(CharArray::of(0x4F, 0x6F, 0x73, 0x74, 0x74, 0x69, 0x6D, 0x6F, 0x72));

				case 264: return String(CharArray::of(0x54, 0x75, 0x72, 0x6B, 0x6D, 0x65, 0x6E, 0x69, 0x73, 0x74, 0x61, 0x6E));

				case 265: return String(CharArray::of(0x54, 0x75, 0x6E, 0x65, 0x73, 0x69, 0x65, 0x6E));

				case 266: return String(CharArray::of(0x54, 0x6F, 0x6E, 0x67, 0x61));

				case 267: return String(CharArray::of(0x54, 0xF6, 0x72, 0x6B, 0x65, 0x69));

				case 268: return String(CharArray::of(0x54, 0x72, 0x69, 0x6E, 0x69, 0x64, 0x61, 0x64, 0x20, 0x75, 0x6E, 0x20, 0x54, 0x6F, 0x62, 0x61, 0x67, 0x6F));

				case 269: return String(CharArray::of(0x54, 0x75, 0x76, 0x61, 0x6C, 0x75));

				case 270: return String(CharArray::of(0x54, 0x61, 0x69, 0x77, 0x61, 0x6E));

				case 271: return String(CharArray::of(0x54, 0x61, 0x6E, 0x73, 0x61, 0x6E, 0x69, 0x61));

				case 272: return String(CharArray::of(0x55, 0x6B, 0x72, 0x61, 0x69, 0x6E, 0x65));

				case 273: return String(CharArray::of(0x55, 0x67, 0x61, 0x6E, 0x64, 0x61));

				case 274: return String(CharArray::of(0x41, 0x6D, 0x65, 0x72, 0x69, 0x6B, 0x61, 0x61, 0x6E, 0x73, 0x63, 0x68, 0x2D, 0x4F, 0x7A, 0x65, 0x61, 0x6E, 0x69, 0x65, 0x6E));

				case 276: return String(CharArray::of(0x55, 0x53, 0x41));

				case 277: return String(CharArray::of(0x55, 0x72, 0x75, 0x67, 0x75, 0x61, 0x79));

				case 278: return String(CharArray::of(0x55, 0x73, 0x62, 0x65, 0x6B, 0x69, 0x73, 0x74, 0x61, 0x6E));

				case 279: return String(CharArray::of(0x56, 0x61, 0x74, 0x69, 0x6B, 0x61, 0x6E));

				case 280: return String(CharArray::of(0x53, 0x74, 0x2E, 0x20, 0x56, 0x69, 0x6E, 0x63, 0x65, 0x6E, 0x74, 0x20, 0x75, 0x6E, 0x20, 0x64, 0x65, 0x20, 0x47, 0x72, 0x65, 0x6E, 0x61, 0x64, 0x69, 0x6E, 0x65, 0x6E));

				case 281: return String(CharArray::of(0x56, 0x65, 0x6E, 0x65, 0x7A, 0x75, 0x65, 0x6C, 0x61));

				case 282: return String(CharArray::of(0x42, 0x72, 0x69, 0x65, 0x74, 0x73, 0x63, 0x68, 0x65, 0x20, 0x4A, 0x75, 0x6D, 0x66, 0x65, 0x72, 0x6E, 0x2D, 0x45, 0x69, 0x6C, 0x61, 0x6E, 0x6E, 0x65, 0x6E));

				case 283: return String(CharArray::of(0x41, 0x6D, 0x65, 0x72, 0x69, 0x6B, 0x61, 0x61, 0x6E, 0x73, 0x63, 0x68, 0x65, 0x20, 0x4A, 0x75, 0x6D, 0x66, 0x65, 0x72, 0x6E, 0x2D, 0x45, 0x69, 0x6C, 0x61, 0x6E, 0x6E, 0x65, 0x6E));

				case 284: return String(CharArray::of(0x56, 0x69, 0x65, 0x74, 0x6E, 0x61, 0x6D));

				case 285: return String(CharArray::of(0x56, 0x61, 0x6E, 0x75, 0x61, 0x74, 0x75));

				case 286: return String(CharArray::of(0x57, 0x61, 0x6C, 0x6C, 0x69, 0x73, 0x20, 0x75, 0x6E, 0x20, 0x46, 0x75, 0x74, 0x75, 0x6E, 0x61));

				case 287: return String(CharArray::of(0x53, 0x61, 0x6D, 0x6F, 0x61));

				case 291: return String(CharArray::of(0x4A, 0x65, 0x6D, 0x65, 0x6E));

				case 292: return String(CharArray::of(0x4D, 0x61, 0x79, 0x6F, 0x74, 0x74, 0x65));

				case 294: return String(CharArray::of(0x53, 0xF6, 0xF6, 0x64, 0x61, 0x66, 0x72, 0x69, 0x6B, 0x61));

				case 295: return String(CharArray::of(0x53, 0x61, 0x6D, 0x62, 0x69, 0x61));

				case 296: return String(CharArray::of(0x53, 0x69, 0x6D, 0x62, 0x61, 0x62, 0x77, 0x65));

				case 297: return String(CharArray::of(0x4E, 0x69, 0x63, 0x68, 0x20, 0x62, 0x65, 0x67, 0xE4, 0x6E, 0x67, 0x20, 0x52, 0x65, 0x67, 0x69, 0x6F, 0x6F, 0x6E));
            default: break;
            }
            return String();
        }
        
        String Nds::displayVariant(gint variant) const {
            switch(variant) {
				case 2: return String(CharArray::of(0x4F, 0x6C, 0x65, 0x20, 0x64, 0xFC, 0xFC, 0x74, 0x73, 0x63, 0x68, 0x65, 0x20, 0x52, 0x65, 0x63, 0x68, 0x74, 0x73, 0x63, 0x68, 0x72, 0x69, 0x65, 0x76, 0x75, 0x6E, 0x67));
				case 4: return String(CharArray::of(0x53, 0x74, 0x61, 0x6E, 0x64, 0x61, 0x72, 0x64, 0x69, 0x73, 0x65, 0x65, 0x72, 0x74, 0x20, 0x52, 0x65, 0x73, 0x69, 0x61, 0x61, 0x6E, 0x73, 0x63, 0x68, 0x20, 0x52, 0x65, 0x63, 0x68, 0x74, 0x73, 0x63, 0x68, 0x72, 0x69, 0x65, 0x76, 0x75, 0x6E, 0x67));
				case 5: return String(CharArray::of(0x4E, 0x65, 0x2019, 0x65, 0x20, 0x64, 0xFC, 0xFC, 0x74, 0x73, 0x63, 0x68, 0x65, 0x20, 0x52, 0x65, 0x63, 0x68, 0x74, 0x73, 0x63, 0x68, 0x72, 0x69, 0x65, 0x76, 0x75, 0x6E, 0x67));
				case 0: return String(CharArray::of(0x4C, 0x61, 0x61, 0x74, 0x20, 0x4D, 0x69, 0x64, 0x64, 0x65, 0x6C, 0x66, 0x72, 0x61, 0x6E, 0x7A, 0xF6, 0xF6, 0x73, 0x63, 0x68, 0x20, 0x62, 0x65, 0x74, 0x20, 0x31, 0x36, 0x30, 0x36));
				case 1: return String(CharArray::of(0x46, 0x72, 0xF6, 0x68, 0x20, 0x4E, 0x65, 0x65, 0x66, 0x72, 0x61, 0x6E, 0x7A, 0xF6, 0xF6, 0x73, 0x63, 0x68));
				case 13: return String(CharArray::of(0x4F, 0x6F, 0x73, 0x74, 0x61, 0x72, 0x6D, 0x65, 0x65, 0x6E, 0x73, 0x63, 0x68));
				case 14: return String(CharArray::of(0x57, 0x65, 0x73, 0x74, 0x61, 0x72, 0x6D, 0x65, 0x65, 0x6E, 0x73, 0x63, 0x68));
				case 18: return String(CharArray::of(0x56, 0x65, 0x72, 0x65, 0x65, 0x6E, 0x68, 0x65, 0x69, 0x74, 0x6C, 0x69, 0x63, 0x68, 0x74, 0x20, 0x54, 0xF6, 0x72, 0x6B, 0x73, 0x63, 0x68, 0x20, 0x4C, 0x61, 0x74, 0x69, 0x65, 0x6E, 0x61, 0x6C, 0x70, 0x68, 0x61, 0x62, 0x65, 0x74));
				case 26: return String(CharArray::of(0x53, 0x61, 0x6E, 0x20, 0x47, 0x69, 0x6F, 0x72, 0x67, 0x69, 0x6F, 0x2D, 0x2F, 0x42, 0x69, 0x6C, 0x61, 0x2D, 0x44, 0x69, 0x61, 0x6C, 0x65, 0x6B, 0x74));
				case 29: return String(CharArray::of(0x42, 0x6F, 0x6F, 0x6E, 0x74, 0x6C, 0x69, 0x6E, 0x67));
				case 40: return String(CharArray::of(0x50, 0x68, 0x6F, 0x6E, 0x65, 0x65, 0x74, 0x73, 0x63, 0x68, 0x20, 0x28, 0x49, 0x50, 0x41, 0x29));
				case 43: return String(CharArray::of(0x50, 0x68, 0x6F, 0x6E, 0x65, 0x65, 0x74, 0x73, 0x63, 0x68, 0x20, 0x28, 0x55, 0x50, 0x41, 0x29));
				case 65: return String(CharArray::of(0x4C, 0x69, 0x70, 0x6F, 0x76, 0x61, 0x7A, 0x2D, 0x44, 0x69, 0x61, 0x6C, 0x65, 0x6B, 0x74, 0x20, 0x76, 0x75, 0x6E, 0x20, 0x64, 0x61, 0x74, 0x20, 0x52, 0x65, 0x73, 0x69, 0x61, 0x61, 0x6E, 0x73, 0x63, 0x68, 0x65));
				case 70: return String(CharArray::of(0x4D, 0x6F, 0x6E, 0x6F, 0x74, 0x6F, 0x6F, 0x6E, 0x73, 0x63, 0x68));
				case 72: return String(CharArray::of(0x4E, 0x61, 0x74, 0x69, 0x73, 0x6F, 0x6E, 0x65, 0x2D, 0x44, 0x69, 0x61, 0x6C, 0x65, 0x6B, 0x74));
				case 75: return String(CharArray::of(0x47, 0x6E, 0x69, 0x76, 0x61, 0x2D, 0x2F, 0x4E, 0x6A, 0x69, 0x76, 0x61, 0x2D, 0x44, 0x69, 0x61, 0x6C, 0x65, 0x6B, 0x74));
				case 77: return String(CharArray::of(0x4F, 0x73, 0x65, 0x61, 0x63, 0x63, 0x6F, 0x2D, 0x2F, 0x4F, 0x73, 0x6F, 0x6A, 0x61, 0x6E, 0x65, 0x2D, 0x44, 0x69, 0x61, 0x6C, 0x65, 0x6B, 0x74));
				case 87: return String(CharArray::of(0x50, 0x6F, 0x6C, 0x79, 0x74, 0x6F, 0x6F, 0x6E, 0x73, 0x63, 0x68));
				case 88: return String(CharArray::of(0x43, 0x6F, 0x6D, 0x70, 0x75, 0x74, 0x65, 0x72));
				case 91: return String(CharArray::of(0xD6, 0x76, 0x65, 0x72, 0x61, 0x72, 0x62, 0x65, 0x69, 0x64, 0x74, 0x20, 0x52, 0x65, 0x63, 0x68, 0x74, 0x73, 0x63, 0x68, 0x72, 0x69, 0x65, 0x76, 0x75, 0x6E, 0x67));
				case 93: return String(CharArray::of(0x52, 0x65, 0x73, 0x69, 0x61, 0x61, 0x6E, 0x73, 0x63, 0x68));
				case 95: return String(CharArray::of(0x53, 0x61, 0x68, 0x6F));
				case 96: return String(CharArray::of(0x53, 0x63, 0x68, 0x6F, 0x74, 0x74, 0x73, 0x63, 0x68, 0x20, 0x53, 0x74, 0x61, 0x6E, 0x64, 0x61, 0x72, 0x64, 0x2D, 0x45, 0x6E, 0x67, 0x65, 0x6C, 0x73, 0x63, 0x68));
				case 97: return String(CharArray::of(0x53, 0x63, 0x6F, 0x75, 0x73, 0x65));
				case 99: return String(CharArray::of(0x53, 0x74, 0x6F, 0x6C, 0x76, 0x69, 0x7A, 0x7A, 0x61, 0x2D, 0x2F, 0x53, 0x6F, 0x6C, 0x62, 0x69, 0x63, 0x61, 0x2D, 0x44, 0x69, 0x61, 0x6C, 0x65, 0x6B, 0x74));
				case 107: return String(CharArray::of(0x54, 0x61, 0x72, 0x61, 0x73, 0x6B, 0x69, 0x65, 0x76, 0x69, 0x63, 0x61, 0x2D, 0x52, 0x65, 0x63, 0x68, 0x74, 0x73, 0x63, 0x68, 0x72, 0x69, 0x65, 0x76, 0x75, 0x6E, 0x67));
				case 116: return String(CharArray::of(0x56, 0x61, 0x6C, 0x65, 0x6E, 0x7A, 0x69, 0x61, 0x61, 0x6E, 0x73, 0x63, 0x68));
            default: break;
            }
            return String();
        }
            
        gbool Nds::hasVariant() const {
            return false;
        }
        
        gbool Nds::hasRegion() const {
            return false;
        }
        
        gbool Nds::hasScript() const {
            return false;
        }
            
        String Nds::displayCurrency(gint currency, gint count) const {
            switch(currency) { 
				case 18:
					if (count == -1) return String(CharArray::of(0x41, 0x75, 0x73, 0x74, 0x72, 0x61, 0x61, 0x6C, 0x73, 0x63, 0x68, 0x20, 0x44, 0x6F, 0x6C, 0x6C, 0x61, 0x72));
					break;
				case 45:
					if (count == -1) return String(CharArray::of(0x42, 0x72, 0x61, 0x73, 0x69, 0x6C, 0x69, 0x61, 0x61, 0x6E, 0x73, 0x63, 0x68, 0x20, 0x52, 0x65, 0x61, 0x6C));
					break;
				case 57:
					if (count == -1) return String(CharArray::of(0x4B, 0x61, 0x6E, 0x61, 0x61, 0x64, 0x73, 0x63, 0x68, 0x20, 0x44, 0x6F, 0x6C, 0x6C, 0x61, 0x72));
					if (count != 1) return String(CharArray::of(0x4B, 0x61, 0x6E, 0x61, 0x64, 0x61, 0x2D, 0x44, 0x6F, 0x6C, 0x6C, 0x61, 0x72));
					break;
				case 60:
					if (count == -1) return String(CharArray::of(0x53, 0x77, 0x69, 0x65, 0x7A, 0x65, 0x72, 0x20, 0x46, 0x72, 0x61, 0x6E, 0x6B, 0x65, 0x6E));
					break;
				case 67:
					if (count == -1) return String(CharArray::of(0x43, 0x68, 0x69, 0x6E, 0x65, 0x65, 0x73, 0x63, 0x68, 0x20, 0x59, 0x75, 0x61, 0x6E));
					if (count != 1) return String(CharArray::of(0x52, 0x65, 0x6E, 0x6D, 0x69, 0x6E, 0x62, 0x69));
					break;
				case 81:
					if (count == -1) return String(CharArray::of(0x44, 0xE4, 0xE4, 0x6E, 0x73, 0x63, 0x68, 0x20, 0x4B, 0x72, 0x6F, 0x6F, 0x6E));
					if (count != 1) return String(CharArray::of(0x44, 0xE4, 0xE4, 0x6E, 0x73, 0x63, 0x68, 0x20, 0x4B, 0x72, 0x6F, 0x6E, 0x65, 0x6E));
					break;
				case 93:
					if (count == -1) return String(CharArray::of(0x45, 0x75, 0x72, 0x6F));
					break;
				case 98:
					if (count == -1) return String(CharArray::of(0x42, 0x72, 0x69, 0x74, 0x73, 0x63, 0x68, 0x20, 0x50, 0x75, 0x6E, 0x64, 0x20, 0x53, 0x74, 0x65, 0x72, 0x6C, 0x69, 0x6E, 0x67));
					if (count != 1) return String(CharArray::of(0x45, 0x6E, 0x67, 0x65, 0x6C, 0x73, 0x63, 0x68, 0x20, 0x50, 0x75, 0x6E, 0x64));
					break;
				case 113:
					if (count == -1) return String(CharArray::of(0x48, 0x6F, 0x6E, 0x67, 0x6B, 0x6F, 0x6E, 0x67, 0x2D, 0x44, 0x6F, 0x6C, 0x6C, 0x61, 0x72));
					break;
				case 119:
					if (count == -1) return String(CharArray::of(0x49, 0x6E, 0x64, 0x6F, 0x6E, 0x65, 0x65, 0x73, 0x63, 0x68, 0x20, 0x52, 0x75, 0x70, 0x6A, 0x65));
					break;
				case 124:
					if (count == -1) return String(CharArray::of(0x49, 0x6E, 0x64, 0x73, 0x63, 0x68, 0x20, 0x52, 0x75, 0x70, 0x6A, 0x65));
					break;
				case 132:
					if (count == -1) return String(CharArray::of(0x4A, 0x61, 0x70, 0x61, 0x61, 0x6E, 0x73, 0x63, 0x68, 0x20, 0x59, 0x65, 0x6E));
					break;
				case 140:
					if (count == -1) return String(CharArray::of(0x53, 0xF6, 0xF6, 0x64, 0x6B, 0x6F, 0x72, 0x65, 0x61, 0x6E, 0x73, 0x63, 0x68, 0x20, 0x57, 0x6F, 0x6E));
					if (count != 1) return String(CharArray::of(0x4B, 0x6F, 0x72, 0x65, 0x61, 0x61, 0x6E, 0x73, 0x63, 0x68, 0x20, 0x57, 0x6F, 0x6E));
					break;
				case 178:
					if (count == -1) return String(CharArray::of(0x4D, 0x65, 0x78, 0x69, 0x6B, 0x61, 0x61, 0x6E, 0x73, 0x63, 0x68, 0x20, 0x50, 0x65, 0x73, 0x6F));
					if (count != 1) return String(CharArray::of(0x4D, 0x65, 0x78, 0x69, 0x6B, 0x6F, 0x2D, 0x50, 0x65, 0x73, 0x6F));
					break;
				case 190:
					if (count == -1) return String(CharArray::of(0x4E, 0x6F, 0x72, 0x77, 0x65, 0x65, 0x67, 0x73, 0x63, 0x68, 0x20, 0x4B, 0x72, 0x6F, 0x6F, 0x6E));
					if (count != 1) return String(CharArray::of(0x4E, 0x6F, 0x72, 0x77, 0x65, 0x65, 0x67, 0x73, 0x63, 0x68, 0x20, 0x4B, 0x72, 0x6F, 0x6E, 0x65, 0x6E));
					break;
				case 201:
					if (count == -1) return String(CharArray::of(0x50, 0x6F, 0x6F, 0x6C, 0x73, 0x63, 0x68, 0x20, 0x5A, 0x6C, 0x6F, 0x74, 0x79));
					break;
				case 210:
					if (count == -1) return String(CharArray::of(0x52, 0x75, 0x73, 0x73, 0x2019, 0x73, 0x63, 0x68, 0x20, 0x52, 0x75, 0x76, 0x65, 0x6C));
					break;
				case 213:
					if (count == -1) return String(CharArray::of(0x53, 0x61, 0x75, 0x64, 0x73, 0x63, 0x68, 0x20, 0x52, 0x69, 0x61, 0x6C));
					if (count != 1) return String(CharArray::of(0x53, 0x61, 0x75, 0x64, 0x69, 0x61, 0x72, 0x61, 0x61, 0x62, 0x73, 0x63, 0x68, 0x20, 0x52, 0x69, 0x61, 0x6C));
					break;
				case 219:
					if (count == -1) return String(CharArray::of(0x53, 0x77, 0x65, 0x65, 0x64, 0x73, 0x63, 0x68, 0x20, 0x4B, 0x72, 0x6F, 0x6F, 0x6E));
					if (count != 1) return String(CharArray::of(0x53, 0x77, 0x65, 0x65, 0x64, 0x73, 0x63, 0x68, 0x20, 0x4B, 0x72, 0x6F, 0x6E, 0x65, 0x6E));
					break;
				case 236:
					if (count == -1) return String(CharArray::of(0x54, 0x68, 0x61, 0x69, 0x6C, 0x61, 0x6E, 0x6E, 0x73, 0x63, 0x68, 0x20, 0x42, 0x61, 0x68, 0x74));
					if (count != 1) return String(CharArray::of(0x54, 0x68, 0x61, 0x69, 0x2D, 0x42, 0x61, 0x68, 0x74));
					break;
				case 245:
					if (count == -1) return String(CharArray::of(0x54, 0xF6, 0x72, 0x6B, 0x73, 0x63, 0x68, 0x20, 0x4C, 0x69, 0x72, 0x61));
					break;
				case 247:
					if (count == -1) return String(CharArray::of(0x4E, 0x69, 0x65, 0x67, 0x20, 0x54, 0x61, 0x69, 0x77, 0x61, 0x6E, 0x2D, 0x44, 0x6F, 0x6C, 0x6C, 0x61, 0x72));
					if (count != 1) return String(CharArray::of(0x54, 0x61, 0x69, 0x77, 0x61, 0x6E, 0x2D, 0x44, 0x6F, 0x6C, 0x6C, 0x61, 0x72));
					break;
				case 253:
					if (count == -1) return String(CharArray::of(0x55, 0x53, 0x2D, 0x44, 0x6F, 0x6C, 0x6C, 0x61, 0x72));
					if (count != 1) return String(CharArray::of(0x44, 0x6F, 0x6C, 0x6C, 0x61, 0x72));
					break;
				case 290:
					if (count == -1) return String(CharArray::of(0x4E, 0x69, 0x63, 0x68, 0x20, 0x62, 0x65, 0x67, 0xE4, 0x6E, 0x67, 0x20, 0x47, 0x65, 0x6C, 0x64, 0x73, 0x6F, 0x6F, 0x72, 0x74));
					if (count != 1) return String(CharArray::of(0x28, 0x6E, 0x69, 0x63, 0x68, 0x20, 0x62, 0x65, 0x67, 0xE4, 0x6E, 0x67, 0x20, 0x47, 0x65, 0x6C, 0x64, 0x73, 0x6F, 0x6F, 0x72, 0x74, 0x29));
					break;
				case 298:
					if (count == -1) return String(CharArray::of(0x53, 0xF6, 0xF6, 0x64, 0x61, 0x66, 0x72, 0x69, 0x6B, 0x61, 0x61, 0x6E, 0x73, 0x63, 0x68, 0x20, 0x52, 0x61, 0x6E, 0x64));
					break;
            default: break;
            }
            return String();
        }
        
        String Nds::displayUnit(gint unit, gint count) const {
            switch(unit) { 
				case 61: return String(CharArray::of(0x4A, 0x6F, 0x68, 0x72));
				case 53: return String(CharArray::of(0x4D, 0x61, 0x61, 0x6E, 0x64, 0x65, 0x6E));
				case 59: return String(CharArray::of(0x57, 0x65, 0x6B, 0x65, 0x6E));
				case 46: return String(CharArray::of(0x44, 0x61, 0x61, 0x67));
				case 49: return String(CharArray::of(0x53, 0x74, 0xFC, 0x6E, 0x6E, 0x65, 0x6E));
				case 52: return String(CharArray::of(0x4D, 0x69, 0x6E, 0x75, 0x74, 0x65, 0x6E));
				case 58: return String(CharArray::of(0x53, 0x65, 0x6B, 0x75, 0x6E, 0x6E, 0x65, 0x6E));
				case 51: return String(CharArray::of(0x4D, 0x69, 0x6C, 0x6C, 0x69, 0x73, 0x65, 0x6B, 0x75, 0x6E, 0x6E, 0x65, 0x6E));
				case 101: return String(CharArray::of(0x4B, 0x69, 0x6C, 0x6F, 0x6D, 0x65, 0x74, 0x65, 0x72, 0x73));
				case 103: return String(CharArray::of(0x4D, 0x65, 0x74, 0x65, 0x72, 0x73));
				case 92: return String(CharArray::of(0x5A, 0x65, 0x6E, 0x74, 0x69, 0x6D, 0x65, 0x74, 0x65, 0x72, 0x73));
				case 107: return String(CharArray::of(0x4D, 0x69, 0x6C, 0x6C, 0x69, 0x6D, 0x65, 0x74, 0x65, 0x72, 0x73));
				case 130: return String(CharArray::of(0x4B, 0x69, 0x6C, 0x6F, 0x67, 0x72, 0x61, 0x6D, 0x6D));
				case 158: return String(CharArray::of(0x4B, 0x69, 0x6C, 0x6F, 0x6D, 0x65, 0x74, 0x65, 0x72, 0x73, 0x20, 0x70, 0x65, 0x72, 0x20, 0x53, 0x74, 0xFC, 0x6E, 0x6E));
				case 163: return String(CharArray::of(0x47, 0x72, 0x61, 0x61, 0x64, 0x20, 0x43, 0x65, 0x6C, 0x73, 0x69, 0x75, 0x73));
				case 196: return String(CharArray::of(0x4C, 0x69, 0x74, 0x65, 0x72, 0x73));
            default: break;
            }
            return String();
        }
        
        String Nds::displayShortUnit(gint unit, gint count) const {
            switch(unit) { 
				case 61: return String(CharArray::of(0x4A, 0x2E));
				case 53: return String(CharArray::of(0x4D, 0x6E, 0x64, 0x2E));
				case 59: return String(CharArray::of(0x57, 0x6B, 0x2E));
				case 46: return String(CharArray::of(0x44, 0x67, 0x2E));
				case 49: return String(CharArray::of(0x53, 0x74, 0x6E, 0x2E));
				case 52: return String(CharArray::of(0x4D, 0x69, 0x6E, 0x2E));
				case 58: return String(CharArray::of(0x53, 0x65, 0x6B, 0x2E));
				case 103: return String(CharArray::of(0x6D));
				case 129: return String(CharArray::of(0x47, 0x72, 0x61, 0x6D, 0x6D));
				case 163: return String(CharArray::of(0xB0, 0x43, 0x65, 0x6C, 0x73, 0x2E));
				case 196: return String(CharArray::of(0x4C));
            default: break;
            }
            return String();
        }
        
        String Nds::displayNarrowUnit(gint unit, gint count) const {
            switch(unit) { 
				case 61: return String(CharArray::of(0x61));
				case 53: return String(CharArray::of(0x4D, 0x2E));
				case 59: return String(CharArray::of(0x57, 0x2E));
				case 46: return String(CharArray::of(0x64));
				case 49: return String(CharArray::of(0x68));
				case 52: return String(CharArray::of(0x6D, 0x69, 0x6E));
				case 58: return String(CharArray::of(0x73));
				case 129: return String(CharArray::of(0x67));
				case 163: return String(CharArray::of(0xB0, 0x43));
				case 196: return String(CharArray::of(0x6C));
            default: break;
            }
            return String();
        }
        
        String Nds::displayCurrencySymbol(gint currency) const {
            switch(currency) { 
				case 18: return String(CharArray::of(0x41, 0x55, 0x24));
				case 236: return String(CharArray::of(0x0E3F));
				case 247: return String(CharArray::of(0x4E, 0x54, 0x24));
				case 253: return String(CharArray::of(0x24));
            default: break;
            }
            return String();
        }
            
        String Nds::quotationStart(gbool alt) const {
            return (alt) ? String(CharArray::of(0x201A)) : String(CharArray::of(0x201E)) ;
        }
            
        String Nds::quotationEnd(gbool alt) const {
            return (alt) ? String(CharArray::of(0x2018)) : String(CharArray::of(0x201C)) ;
        }
            
        String Nds::decimalSeparator() const {
            return String(CharArray::of(0x2C));
        }
            
        String Nds::groupSeparator() const {
            return String(CharArray::of(0x2E));
        }
            
        String Nds::listSeparator() const {
            return String();
        }
            
        String Nds::plusSign() const {
            return String();
        }
            
        String Nds::minusSign() const {
            return String();
        }
            
        String Nds::exponential() const {
            return String();
        }
            
        String Nds::perMill() const {
            return String();
        }
            
        String Nds::percent() const {
            return String();
        }
            
        String Nds::infinity() const {
            return String();
        }
            
        String Nds::nan() const {
            return String();
        }
            
        String Nds::superScriptingExponent() const {
            return String();
        }
           
        String Nds::decimalPattern() const {
            return String();
        }
            
        String Nds::scientificPattern() const {
            return String();
        }
            
        String Nds::percentPattern() const {
            return String(CharArray::of(0x23, 0x2C, 0x23, 0x23, 0x30, 0xA0, 0x25));
        }
            
        String Nds::currencyPattern() const {
            return String(CharArray::of(0x23, 0x2C, 0x23, 0x23, 0x30, 0x2E, 0x30, 0x30, 0xA0, 0xA4));
        }

        String Nds::listPattern(gint type, gint subType) const {
            switch(subType) {

				case 10: 
					if(type == 1) return String(CharArray::of(0x7B, 0x30, 0x7D, 0x20, 0x75, 0x6E, 0x20, 0x7B, 0x31, 0x7D));
					if(type == 2) return String(CharArray::of(0x7B, 0x30, 0x7D, 0x20, 0x75, 0x6E, 0x20, 0x7B, 0x31, 0x7D));
					break;
            default: break;
            }
            return String();
        }
            
        String Nds::posixMessage(gbool yesOrNo) const {
            return (yesOrNo) ? String(CharArray::of(0x6A, 0x6F, 0x3A, 0x6A)) : String(CharArray::of(0x6E, 0x65, 0x65, 0x3A, 0x6E));
        }
        
        CharArray Nds::digits() const {
            return CharArray::of(48, 49, 50, 51, 52, 53, 54, 55, 56, 57);
        }
        
        StringArray Nds::displayDays(gint style, gbool stand_alone) const {
            if (!stand_alone) { // format
                switch(style) {
				case 1: return StringArray::of(String(CharArray::of(0x4D, 0x61, 0x2E)), String(CharArray::of(0x44, 0x69, 0x2E)), String(CharArray::of(0x4D, 0x69, 0x2E)), String(CharArray::of(0x44, 0x75, 0x2E)), String(CharArray::of(0x46, 0x72, 0x2E)), String(CharArray::of(0x53, 0x61, 0x2E)), String(CharArray::of(0x53, 0xFC, 0x2E)));
				case 0: return StringArray::of(String(CharArray::of(0x4D, 0x61, 0x61, 0x6E, 0x64, 0x61, 0x67)), String(CharArray::of(0x44, 0x69, 0x6E, 0x67, 0x73, 0x64, 0x61, 0x67)), String(CharArray::of(0x4D, 0x69, 0x64, 0x64, 0x65, 0x77, 0x65, 0x6B, 0x65, 0x6E)), String(CharArray::of(0x44, 0x75, 0x6E, 0x6E, 0x65, 0x72, 0x73, 0x64, 0x61, 0x67)), String(CharArray::of(0x46, 0x72, 0x65, 0x65, 0x64, 0x61, 0x67)), String(CharArray::of(0x53, 0xFC, 0x6E, 0x6E, 0x61, 0x76, 0x65, 0x6E, 0x64)), String(CharArray::of(0x53, 0xFC, 0x6E, 0x6E, 0x64, 0x61, 0x67)));
                default: break;
                }
            } else {
                switch(style) {
				case 2: return StringArray::of(String(), String(CharArray::of(0x44)), String(CharArray::of(0x4D)), String(CharArray::of(0x44)), String(), String(), String());
                default: break;
                }
            }
            return StringArray();
        }
        
        StringArray Nds::displayMonths(gint style, gbool stand_alone) const {
            if (!stand_alone) { // format
                switch(style) {
				case 1: return StringArray::of(String(CharArray::of(0x4A, 0x61, 0x6E, 0x2E)), String(CharArray::of(0x46, 0x65, 0x62, 0x2E)), String(), String(CharArray::of(0x41, 0x70, 0x72, 0x2E)), String(), String(), String(), String(CharArray::of(0x41, 0x75, 0x67, 0x2E)), String(CharArray::of(0x53, 0x65, 0x70, 0x2E)), String(CharArray::of(0x4F, 0x6B, 0x74, 0x2E)), String(CharArray::of(0x4E, 0x6F, 0x76, 0x2E)), String(CharArray::of(0x44, 0x65, 0x7A, 0x2E)));
				case 0: return StringArray::of(String(CharArray::of(0x4A, 0x61, 0x6E, 0x75, 0x61, 0x61, 0x72)), String(CharArray::of(0x46, 0x65, 0x62, 0x72, 0x75, 0x61, 0x61, 0x72)), String(CharArray::of(0x4D, 0xE4, 0x72, 0x7A)), String(CharArray::of(0x41, 0x70, 0x72, 0x69, 0x6C)), String(CharArray::of(0x4D, 0x61, 0x69)), String(CharArray::of(0x4A, 0x75, 0x6E, 0x69)), String(CharArray::of(0x4A, 0x75, 0x6C, 0x69)), String(CharArray::of(0x41, 0x75, 0x67, 0x75, 0x73, 0x74)), String(CharArray::of(0x53, 0x65, 0x70, 0x74, 0x65, 0x6D, 0x62, 0x65, 0x72)), String(CharArray::of(0x4F, 0x6B, 0x74, 0x6F, 0x76, 0x65, 0x72)), String(CharArray::of(0x4E, 0x6F, 0x76, 0x65, 0x6D, 0x62, 0x65, 0x72)), String(CharArray::of(0x44, 0x65, 0x7A, 0x65, 0x6D, 0x62, 0x65, 0x72)));
                default: break;
                }
            } else {
                switch(style) {
				case 2: return StringArray::of(String(CharArray::of(0x4A)), String(CharArray::of(0x46)), String(CharArray::of(0x4D)), String(CharArray::of(0x41)), String(CharArray::of(0x4D)), String(CharArray::of(0x4A)), String(CharArray::of(0x4A)), String(CharArray::of(0x41)), String(CharArray::of(0x53)), String(CharArray::of(0x4F)), String(CharArray::of(0x4E)), String(CharArray::of(0x44)));
                default: break;
                }
            }
            return StringArray();
        }
        
        StringArray Nds::displayQuarters(gint style, gbool stand_alone) const {
            if (!stand_alone) { // format
                switch(style) {
				case 1: return StringArray::of(String(CharArray::of(0x51, 0x2E, 0x31)), String(CharArray::of(0x51, 0x2E, 0x32)), String(CharArray::of(0x51, 0x2E, 0x33)), String(CharArray::of(0x51, 0x2E, 0x34)));
				case 0: return StringArray::of(String(CharArray::of(0x31, 0x2E, 0x20, 0x51, 0x75, 0x61, 0x72, 0x74, 0x61, 0x61, 0x6C)), String(CharArray::of(0x32, 0x2E, 0x20, 0x51, 0x75, 0x61, 0x72, 0x74, 0x61, 0x61, 0x6C)), String(CharArray::of(0x33, 0x2E, 0x20, 0x51, 0x75, 0x61, 0x72, 0x74, 0x61, 0x61, 0x6C)), String(CharArray::of(0x34, 0x2E, 0x20, 0x51, 0x75, 0x61, 0x72, 0x74, 0x61, 0x61, 0x6C)));
                default: break;
                }
            } else {
                switch(style) {
				case 1: return StringArray::of(String(CharArray::of(0x51, 0x2E, 0x20, 0x49)), String(CharArray::of(0x51, 0x2E, 0x20, 0x49, 0x49)), String(CharArray::of(0x51, 0x2E, 0x20, 0x49, 0x49, 0x49)), String(CharArray::of(0x51, 0x2E, 0x20, 0x49, 0x56)));
				case 2: return StringArray::of(String(CharArray::of(0x51, 0x31)), String(CharArray::of(0x51, 0x32)), String(CharArray::of(0x51, 0x33)), String(CharArray::of(0x51, 0x34)));
                default: break;
                }
            }
            return StringArray();
        }
        
        StringArray Nds::displayDayPeriods(gint style, gbool stand_alone) const {
            if (!stand_alone) { // format
                switch(style) {
				case 1: return StringArray::of(String(), String(CharArray::of(0x76, 0x6D)), String(), String(CharArray::of(0x6E, 0x6D)), String(), String(), String(), String());
                default: break;
                }
            } else {
                switch(style) {
                default: break;
                }
            }
            return StringArray();
        }
        
        StringArray Nds::displayEras(gint style, gbool stand_alone) const {
            if (!stand_alone) { // format
                switch(style) {
				case 1: return StringArray::of(String(CharArray::of(0x76, 0x2E, 0x43, 0x68, 0x72, 0x2E)), String(CharArray::of(0x6E, 0x2E, 0x43, 0x68, 0x72, 0x2E)));
				case 2: return StringArray::of(String(CharArray::of(0x76, 0x43)), String(CharArray::of(0x6E, 0x43)));
                default: break;
                }
            } else {
                switch(style) {
				case 1: return StringArray::of(String(CharArray::of(0x76, 0x2E, 0x43, 0x68, 0x72, 0x2E)), String(CharArray::of(0x6E, 0x2E, 0x43, 0x68, 0x72, 0x2E)));
				case 2: return StringArray::of(String(CharArray::of(0x76, 0x43)), String(CharArray::of(0x6E, 0x43)));
                default: break;
                }
            }
            return StringArray();
        }
        
        String Nds::datePattern(gint style) const {
            switch(style) {
				case 0: return String(CharArray::of(0x45, 0x45, 0x45, 0x45, 0x2C, 0x20, 0x27, 0x64, 0x65, 0x27, 0x20, 0x64, 0x2E, 0x20, 0x4D, 0x4D, 0x4D, 0x4D, 0x20, 0x79));
				case 1: return String(CharArray::of(0x64, 0x2E, 0x20, 0x4D, 0x4D, 0x4D, 0x4D, 0x20, 0x79));
				case 2: return String(CharArray::of(0x64, 0x2E, 0x20, 0x4D, 0x4D, 0x4D, 0x20, 0x79));
				case 3: return String(CharArray::of(0x64, 0x2E, 0x4D, 0x4D, 0x2E, 0x79, 0x79));
            default: break;
            }
            return String();
        }
        
        String Nds::timePattern(gint style) const {
            switch(style) {
				case 0: return String(CharArray::of(0x27, 0x4B, 0x6C, 0x6F, 0x63, 0x6B, 0x27, 0x20, 0x48, 0x2E, 0x6D, 0x6D, 0x3A, 0x73, 0x73, 0x20, 0x28, 0x7A, 0x7A, 0x7A, 0x7A, 0x29));
				case 1: return String(CharArray::of(0x27, 0x4B, 0x6C, 0x6F, 0x63, 0x6B, 0x27, 0x20, 0x48, 0x2E, 0x6D, 0x6D, 0x3A, 0x73, 0x73, 0x20, 0x28, 0x7A, 0x29));
				case 2: return String(CharArray::of(0x27, 0x4B, 0x6C, 0x6F, 0x63, 0x6B, 0x27, 0x20, 0x48, 0x2E, 0x6D, 0x6D, 0x3A, 0x73, 0x73));
				case 3: return String(CharArray::of(0x27, 0x4B, 0x6C, 0x27, 0x2E, 0x20, 0x48, 0x2E, 0x6D, 0x6D));
            default: break;
            }
            return String();
        }
        
        String Nds::datetimePattern(gint style) const {
            switch(style) {
				case 0: return String(CharArray::of(0x7B, 0x31, 0x7D, 0x2C, 0x20, 0x7B, 0x30, 0x7D));
				case 1: return String(CharArray::of(0x7B, 0x31, 0x7D, 0x2C, 0x20, 0x7B, 0x30, 0x7D));
				case 2: return String(CharArray::of(0x7B, 0x31, 0x7D, 0x2C, 0x20, 0x7B, 0x30, 0x7D));
				case 3: return String(CharArray::of(0x7B, 0x31, 0x7D, 0x2C, 0x20, 0x7B, 0x30, 0x7D));
            default: break;
            }
            return String();
        }
        
        String Nds::displayTimezone(gint tz, gint style) const {
            switch(tz) {
				case 233: 
					if (style == 6) return String(CharArray::of(0x57, 0x6F, 0x73, 0x74, 0x6F, 0x6B));
					break;
				case 336: 
					if (style == 6) return String(CharArray::of(0x4B, 0x61, 0x6E, 0x61, 0x72, 0x65, 0x6E));
					break;
				case 324: 
					if (style == 6) return String(CharArray::of(0x55, 0x6C, 0x61, 0x6E, 0x62, 0x61, 0x74, 0x6F, 0x72));
					break;
				case 161: 
					if (style == 6) return String(CharArray::of(0x4D, 0x65, 0x78, 0x69, 0x6B, 0x6F, 0x2D, 0x53, 0x74, 0x61, 0x64, 0x74));
					break;
				case 334: 
					if (style == 6) return String(CharArray::of(0x41, 0x7A, 0x6F, 0x72, 0x65, 0x6E));
					break;
				case 459: 
					if (style == 6) return String(CharArray::of(0x4D, 0x6F, 0x73, 0x6B, 0x61, 0x75));
					break;
				case 484: 
					if (style == 6) return String(CharArray::of(0x57, 0x6F, 0x6C, 0x67, 0x6F, 0x67, 0x72, 0x61, 0x64));
					break;
				case 332: 
					if (style == 6) return String(CharArray::of(0x4A, 0x65, 0x6B, 0x61, 0x74, 0x65, 0x72, 0x69, 0x6E, 0x62, 0x6F, 0x72, 0x67));
					break;
				case 296: 
					if (style == 6) return String(CharArray::of(0x4E, 0x6F, 0x77, 0x6F, 0x73, 0x69, 0x62, 0x69, 0x72, 0x73, 0x6B));
					break;
				case 284: 
					if (style == 6) return String(CharArray::of(0x4B, 0x72, 0x61, 0x73, 0x6E, 0x6F, 0x6A, 0x61, 0x72, 0x73, 0x6B));
					break;
				case 330: 
					if (style == 6) return String(CharArray::of(0x4A, 0x61, 0x6B, 0x75, 0x74, 0x73, 0x6B));
					break;
				case 329: 
					if (style == 6) return String(CharArray::of(0x57, 0x6C, 0x61, 0x64, 0x69, 0x77, 0x6F, 0x73, 0x74, 0x6F, 0x6B));
					break;
				case 308: 
					if (style == 6) return String(CharArray::of(0x53, 0x61, 0x63, 0x68, 0x61, 0x6C, 0x69, 0x6E));
					break;
				case 277: 
					if (style == 6) return String(CharArray::of(0x4B, 0x61, 0x6D, 0x73, 0x63, 0x68, 0x61, 0x74, 0x6B, 0x61));
					break;
				case 175: 
					if (style == 6) return String(CharArray::of(0x4E, 0x65, 0x77, 0x20, 0x53, 0x61, 0x6C, 0x65, 0x6D, 0x2C, 0x20, 0x4E, 0x6F, 0x6F, 0x72, 0x64, 0x2D, 0x44, 0x61, 0x6B, 0x6F, 0x74, 0x61));
					break;
				case 174: 
					if (style == 6) return String(CharArray::of(0x43, 0x65, 0x6E, 0x74, 0x65, 0x72, 0x2C, 0x20, 0x4E, 0x6F, 0x6F, 0x72, 0x64, 0x2D, 0x44, 0x61, 0x6B, 0x6F, 0x74, 0x61));
					break;
            default: break;
            }
            return String();
        }
        
        String Nds::displayGlobalTimezone(gint tz, gint style) const {
            switch(tz) {
				case 2: 
				if (style == 1) return String(CharArray::of(0x5A, 0x65, 0x6E, 0x74, 0x72, 0x61, 0x61, 0x6C, 0x61, 0x66, 0x72, 0x69, 0x6B, 0x61, 0x61, 0x6E, 0x73, 0x63, 0x68, 0x20, 0x54, 0x69, 0x65, 0x74));
					break;
				case 3: 
				if (style == 1) return String(CharArray::of(0x4F, 0x6F, 0x73, 0x74, 0x61, 0x66, 0x72, 0x69, 0x6B, 0x61, 0x61, 0x6E, 0x73, 0x63, 0x68, 0x20, 0x54, 0x69, 0x65, 0x74));
					break;
				case 4: 
				if (style == 1) return String(CharArray::of(0x53, 0xF6, 0xF6, 0x64, 0x61, 0x66, 0x72, 0x69, 0x6B, 0x61, 0x61, 0x6E, 0x73, 0x63, 0x68, 0x20, 0x54, 0x69, 0x65, 0x74));
					break;
				case 5: 
				if (style == 0) return String(CharArray::of(0x57, 0x65, 0x73, 0x74, 0x61, 0x66, 0x72, 0x69, 0x6B, 0x61, 0x61, 0x6E, 0x73, 0x63, 0x68, 0x20, 0x54, 0x69, 0x65, 0x74));
				if (style == 1) return String(CharArray::of(0x57, 0x65, 0x73, 0x74, 0x61, 0x66, 0x72, 0x69, 0x6B, 0x61, 0x61, 0x6E, 0x73, 0x63, 0x68, 0x20, 0x53, 0x74, 0x61, 0x6E, 0x64, 0x61, 0x72, 0x64, 0x74, 0x69, 0x65, 0x74));
				if (style == 2) return String(CharArray::of(0x57, 0x65, 0x73, 0x74, 0x61, 0x66, 0x72, 0x69, 0x6B, 0x61, 0x61, 0x6E, 0x73, 0x63, 0x68, 0x20, 0x53, 0x75, 0x6D, 0x6D, 0x65, 0x72, 0x74, 0x69, 0x65, 0x74));
					break;
				case 9: 
				if (style == 0) return String(CharArray::of(0x4E, 0x6F, 0x6F, 0x72, 0x64, 0x61, 0x6D, 0x65, 0x72, 0x69, 0x6B, 0x61, 0x61, 0x6E, 0x73, 0x63, 0x68, 0x20, 0x5A, 0x65, 0x6E, 0x74, 0x72, 0x61, 0x61, 0x6C, 0x74, 0x69, 0x65, 0x74));
				if (style == 1) return String(CharArray::of(0x4E, 0x6F, 0x6F, 0x72, 0x64, 0x61, 0x6D, 0x65, 0x72, 0x69, 0x6B, 0x61, 0x61, 0x6E, 0x73, 0x63, 0x68, 0x20, 0x7A, 0x65, 0x6E, 0x74, 0x72, 0x61, 0x61, 0x6C, 0x20, 0x53, 0x74, 0x61, 0x6E, 0x64, 0x61, 0x72, 0x64, 0x74, 0x69, 0x65, 0x74));
				if (style == 2) return String(CharArray::of(0x4E, 0x6F, 0x6F, 0x72, 0x64, 0x61, 0x6D, 0x65, 0x72, 0x69, 0x6B, 0x61, 0x61, 0x6E, 0x73, 0x63, 0x68, 0x20, 0x7A, 0x65, 0x6E, 0x74, 0x72, 0x61, 0x61, 0x6C, 0x20, 0x53, 0x75, 0x6D, 0x6D, 0x65, 0x72, 0x74, 0x69, 0x65, 0x74));
					break;
				case 10: 
				if (style == 0) return String(CharArray::of(0x4E, 0x6F, 0x6F, 0x72, 0x64, 0x61, 0x6D, 0x65, 0x72, 0x69, 0x6B, 0x61, 0x61, 0x6E, 0x73, 0x63, 0x68, 0x20, 0x6F, 0x6F, 0x73, 0x74, 0x65, 0x6E, 0x20, 0x54, 0x69, 0x65, 0x74));
				if (style == 1) return String(CharArray::of(0x4E, 0x6F, 0x6F, 0x72, 0x64, 0x61, 0x6D, 0x65, 0x72, 0x69, 0x6B, 0x61, 0x61, 0x6E, 0x73, 0x63, 0x68, 0x20, 0x6F, 0x6F, 0x73, 0x74, 0x65, 0x6E, 0x20, 0x53, 0x74, 0x61, 0x6E, 0x64, 0x61, 0x72, 0x64, 0x74, 0x69, 0x65, 0x74));
				if (style == 2) return String(CharArray::of(0x4E, 0x6F, 0x6F, 0x72, 0x64, 0x61, 0x6D, 0x65, 0x72, 0x69, 0x6B, 0x61, 0x61, 0x6E, 0x73, 0x63, 0x68, 0x20, 0x6F, 0x6F, 0x73, 0x74, 0x65, 0x6E, 0x20, 0x53, 0x75, 0x6D, 0x6D, 0x65, 0x72, 0x74, 0x69, 0x65, 0x74));
					break;
				case 11: 
				if (style == 0) return String(CharArray::of(0x4E, 0x6F, 0x6F, 0x72, 0x64, 0x61, 0x6D, 0x65, 0x72, 0x69, 0x6B, 0x61, 0x61, 0x6E, 0x73, 0x63, 0x68, 0x20, 0x42, 0x61, 0x72, 0x67, 0x74, 0x69, 0x65, 0x74));
				if (style == 1) return String(CharArray::of(0x4E, 0x6F, 0x6F, 0x72, 0x64, 0x61, 0x6D, 0x65, 0x72, 0x69, 0x6B, 0x61, 0x61, 0x6E, 0x73, 0x63, 0x68, 0x20, 0x42, 0x61, 0x72, 0x67, 0x2D, 0x53, 0x74, 0x61, 0x6E, 0x64, 0x61, 0x72, 0x64, 0x74, 0x69, 0x65, 0x74));
				if (style == 2) return String(CharArray::of(0x4E, 0x6F, 0x6F, 0x72, 0x64, 0x61, 0x6D, 0x65, 0x72, 0x69, 0x6B, 0x61, 0x61, 0x6E, 0x73, 0x63, 0x68, 0x20, 0x42, 0x61, 0x72, 0x67, 0x2D, 0x53, 0x75, 0x6D, 0x6D, 0x65, 0x72, 0x74, 0x69, 0x65, 0x74));
					break;
				case 12: 
				if (style == 0) return String(CharArray::of(0x4E, 0x6F, 0x6F, 0x72, 0x64, 0x61, 0x6D, 0x65, 0x72, 0x69, 0x6B, 0x61, 0x61, 0x6E, 0x73, 0x63, 0x68, 0x20, 0x50, 0x61, 0x7A, 0x69, 0x66, 0x69, 0x6B, 0x74, 0x69, 0x65, 0x74));
				if (style == 1) return String(CharArray::of(0x4E, 0x6F, 0x6F, 0x72, 0x64, 0x61, 0x6D, 0x65, 0x72, 0x69, 0x6B, 0x61, 0x61, 0x6E, 0x73, 0x63, 0x68, 0x20, 0x50, 0x61, 0x7A, 0x69, 0x66, 0x69, 0x6B, 0x2D, 0x53, 0x74, 0x61, 0x6E, 0x64, 0x61, 0x72, 0x64, 0x74, 0x69, 0x65, 0x74));
				if (style == 2) return String(CharArray::of(0x4E, 0x6F, 0x6F, 0x72, 0x64, 0x61, 0x6D, 0x65, 0x72, 0x69, 0x6B, 0x61, 0x61, 0x6E, 0x73, 0x63, 0x68, 0x20, 0x50, 0x61, 0x7A, 0x69, 0x66, 0x69, 0x6B, 0x2D, 0x53, 0x75, 0x6D, 0x6D, 0x65, 0x72, 0x74, 0x69, 0x65, 0x74));
					break;
				case 17: 
				if (style == 0) return String(CharArray::of(0x41, 0x72, 0x61, 0x61, 0x62, 0x73, 0x63, 0x68, 0x20, 0x54, 0x69, 0x65, 0x74));
				if (style == 1) return String(CharArray::of(0x41, 0x72, 0x61, 0x61, 0x62, 0x73, 0x63, 0x68, 0x20, 0x53, 0x74, 0x61, 0x6E, 0x64, 0x61, 0x72, 0x64, 0x74, 0x69, 0x65, 0x74));
				if (style == 2) return String(CharArray::of(0x41, 0x72, 0x61, 0x61, 0x62, 0x73, 0x63, 0x68, 0x20, 0x53, 0x75, 0x6D, 0x6D, 0x65, 0x72, 0x74, 0x69, 0x65, 0x74));
					break;
				case 21: 
				if (style == 0) return String(CharArray::of(0x4E, 0x6F, 0x6F, 0x72, 0x64, 0x61, 0x6D, 0x65, 0x72, 0x69, 0x6B, 0x61, 0x61, 0x6E, 0x73, 0x63, 0x68, 0x20, 0x41, 0x74, 0x6C, 0x61, 0x6E, 0x74, 0x69, 0x6B, 0x74, 0x69, 0x65, 0x74));
				if (style == 1) return String(CharArray::of(0x4E, 0x6F, 0x6F, 0x72, 0x64, 0x61, 0x6D, 0x65, 0x72, 0x69, 0x6B, 0x61, 0x61, 0x6E, 0x73, 0x63, 0x68, 0x20, 0x41, 0x74, 0x6C, 0x61, 0x6E, 0x74, 0x69, 0x6B, 0x2D, 0x53, 0x74, 0x61, 0x6E, 0x64, 0x61, 0x72, 0x64, 0x74, 0x69, 0x65, 0x74));
				if (style == 2) return String(CharArray::of(0x4E, 0x6F, 0x6F, 0x72, 0x64, 0x61, 0x6D, 0x65, 0x72, 0x69, 0x6B, 0x61, 0x61, 0x6E, 0x73, 0x63, 0x68, 0x20, 0x41, 0x74, 0x6C, 0x61, 0x6E, 0x74, 0x69, 0x6B, 0x2D, 0x53, 0x75, 0x6D, 0x6D, 0x65, 0x72, 0x74, 0x69, 0x65, 0x74));
					break;
				case 22: 
				if (style == 0) return String(CharArray::of(0x5A, 0x65, 0x6E, 0x74, 0x72, 0x61, 0x61, 0x6C, 0x61, 0x75, 0x73, 0x74, 0x72, 0x61, 0x61, 0x6C, 0x73, 0x63, 0x68, 0x20, 0x54, 0x69, 0x65, 0x74));
				if (style == 1) return String(CharArray::of(0x5A, 0x65, 0x6E, 0x74, 0x72, 0x61, 0x61, 0x6C, 0x61, 0x75, 0x73, 0x74, 0x72, 0x61, 0x61, 0x6C, 0x73, 0x63, 0x68, 0x20, 0x53, 0x74, 0x61, 0x6E, 0x64, 0x61, 0x72, 0x64, 0x74, 0x69, 0x65, 0x74));
				if (style == 2) return String(CharArray::of(0x5A, 0x65, 0x6E, 0x74, 0x72, 0x61, 0x61, 0x6C, 0x61, 0x75, 0x73, 0x74, 0x72, 0x61, 0x61, 0x6C, 0x73, 0x63, 0x68, 0x20, 0x53, 0x75, 0x6D, 0x6D, 0x65, 0x72, 0x74, 0x69, 0x65, 0x74));
					break;
				case 23: 
				if (style == 0) return String(CharArray::of(0x57, 0x65, 0x73, 0x74, 0x7A, 0x65, 0x6E, 0x74, 0x72, 0x61, 0x61, 0x6C, 0x61, 0x75, 0x73, 0x74, 0x72, 0x61, 0x61, 0x6C, 0x73, 0x63, 0x68, 0x20, 0x54, 0x69, 0x65, 0x74));
				if (style == 1) return String(CharArray::of(0x57, 0x65, 0x73, 0x74, 0x7A, 0x65, 0x6E, 0x74, 0x72, 0x61, 0x61, 0x6C, 0x61, 0x75, 0x73, 0x74, 0x72, 0x61, 0x61, 0x6C, 0x73, 0x63, 0x68, 0x20, 0x53, 0x74, 0x61, 0x6E, 0x64, 0x61, 0x72, 0x64, 0x74, 0x69, 0x65, 0x74));
				if (style == 2) return String(CharArray::of(0x57, 0x65, 0x73, 0x74, 0x7A, 0x65, 0x6E, 0x74, 0x72, 0x61, 0x61, 0x6C, 0x61, 0x75, 0x73, 0x74, 0x72, 0x61, 0x61, 0x6C, 0x73, 0x63, 0x68, 0x20, 0x53, 0x75, 0x6D, 0x6D, 0x65, 0x72, 0x74, 0x69, 0x65, 0x74));
					break;
				case 24: 
				if (style == 0) return String(CharArray::of(0x4F, 0x6F, 0x73, 0x74, 0x61, 0x75, 0x73, 0x74, 0x72, 0x61, 0x61, 0x6C, 0x73, 0x63, 0x68, 0x20, 0x54, 0x69, 0x65, 0x74));
				if (style == 1) return String(CharArray::of(0x4F, 0x6F, 0x73, 0x74, 0x61, 0x75, 0x73, 0x74, 0x72, 0x61, 0x61, 0x6C, 0x73, 0x63, 0x68, 0x20, 0x53, 0x74, 0x61, 0x6E, 0x64, 0x61, 0x72, 0x64, 0x74, 0x69, 0x65, 0x74));
				if (style == 2) return String(CharArray::of(0x4F, 0x6F, 0x73, 0x74, 0x61, 0x75, 0x73, 0x74, 0x72, 0x61, 0x61, 0x6C, 0x73, 0x63, 0x68, 0x20, 0x53, 0x75, 0x6D, 0x6D, 0x65, 0x72, 0x74, 0x69, 0x65, 0x74));
					break;
				case 25: 
				if (style == 0) return String(CharArray::of(0x57, 0x65, 0x73, 0x74, 0x61, 0x75, 0x73, 0x74, 0x72, 0x61, 0x61, 0x6C, 0x73, 0x63, 0x68, 0x20, 0x54, 0x69, 0x65, 0x74));
				if (style == 1) return String(CharArray::of(0x57, 0x65, 0x73, 0x74, 0x61, 0x75, 0x73, 0x74, 0x72, 0x61, 0x61, 0x6C, 0x73, 0x63, 0x68, 0x20, 0x53, 0x74, 0x61, 0x6E, 0x64, 0x61, 0x72, 0x64, 0x74, 0x69, 0x65, 0x74));
				if (style == 2) return String(CharArray::of(0x57, 0x65, 0x73, 0x74, 0x61, 0x75, 0x73, 0x74, 0x72, 0x61, 0x61, 0x6C, 0x73, 0x63, 0x68, 0x20, 0x53, 0x75, 0x6D, 0x6D, 0x65, 0x72, 0x74, 0x69, 0x65, 0x74));
					break;
				case 38: 
				if (style == 0) return String(CharArray::of(0x43, 0x68, 0x69, 0x6E, 0x61, 0x2D, 0x54, 0x69, 0x65, 0x74));
				if (style == 1) return String(CharArray::of(0x43, 0x68, 0x69, 0x6E, 0x61, 0x2D, 0x53, 0x74, 0x61, 0x6E, 0x64, 0x61, 0x72, 0x64, 0x74, 0x69, 0x65, 0x74));
				if (style == 2) return String(CharArray::of(0x43, 0x68, 0x69, 0x6E, 0x61, 0x2D, 0x53, 0x75, 0x6D, 0x6D, 0x65, 0x72, 0x74, 0x69, 0x65, 0x74));
					break;
				case 50: 
				if (style == 0) return String(CharArray::of(0x5A, 0x65, 0x6E, 0x74, 0x72, 0x61, 0x61, 0x6C, 0x65, 0x75, 0x72, 0x6F, 0x70, 0xE4, 0xE4, 0x73, 0x63, 0x68, 0x20, 0x54, 0x69, 0x65, 0x74));
				if (style == 1) return String(CharArray::of(0x5A, 0x65, 0x6E, 0x74, 0x72, 0x61, 0x61, 0x6C, 0x65, 0x75, 0x72, 0x6F, 0x70, 0xE4, 0xE4, 0x73, 0x63, 0x68, 0x20, 0x53, 0x74, 0x61, 0x6E, 0x64, 0x61, 0x72, 0x64, 0x74, 0x69, 0x65, 0x74));
				if (style == 2) return String(CharArray::of(0x5A, 0x65, 0x6E, 0x74, 0x72, 0x61, 0x61, 0x6C, 0x65, 0x75, 0x72, 0x6F, 0x70, 0xE4, 0xE4, 0x73, 0x63, 0x68, 0x20, 0x53, 0x75, 0x6D, 0x6D, 0x65, 0x72, 0x74, 0x69, 0x65, 0x74));
					break;
				case 51: 
				if (style == 0) return String(CharArray::of(0x4F, 0x6F, 0x73, 0x74, 0x65, 0x75, 0x72, 0x6F, 0x70, 0xE4, 0xE4, 0x73, 0x63, 0x68, 0x20, 0x54, 0x69, 0x65, 0x74));
				if (style == 1) return String(CharArray::of(0x4F, 0x6F, 0x73, 0x74, 0x65, 0x75, 0x72, 0x6F, 0x70, 0xE4, 0xE4, 0x73, 0x63, 0x68, 0x20, 0x53, 0x74, 0x61, 0x6E, 0x64, 0x61, 0x72, 0x64, 0x74, 0x69, 0x65, 0x74));
				if (style == 2) return String(CharArray::of(0x4F, 0x6F, 0x73, 0x74, 0x65, 0x75, 0x72, 0x6F, 0x70, 0xE4, 0xE4, 0x73, 0x63, 0x68, 0x20, 0x53, 0x75, 0x6D, 0x6D, 0x65, 0x72, 0x74, 0x69, 0x65, 0x74));
					break;
				case 53: 
				if (style == 0) return String(CharArray::of(0x57, 0x65, 0x73, 0x74, 0x65, 0x75, 0x72, 0x6F, 0x70, 0xE4, 0xE4, 0x73, 0x63, 0x68, 0x20, 0x54, 0x69, 0x65, 0x74));
				if (style == 1) return String(CharArray::of(0x57, 0x65, 0x73, 0x74, 0x65, 0x75, 0x72, 0x6F, 0x70, 0xE4, 0xE4, 0x73, 0x63, 0x68, 0x20, 0x53, 0x74, 0x61, 0x6E, 0x64, 0x61, 0x72, 0x64, 0x74, 0x69, 0x65, 0x74));
				if (style == 2) return String(CharArray::of(0x57, 0x65, 0x73, 0x74, 0x65, 0x75, 0x72, 0x6F, 0x70, 0xE4, 0xE4, 0x73, 0x63, 0x68, 0x20, 0x53, 0x75, 0x6D, 0x6D, 0x65, 0x72, 0x74, 0x69, 0x65, 0x74));
					break;
				case 58: 
				if (style == 1) return String(CharArray::of(0x47, 0x72, 0xF6, 0xF6, 0x6E, 0x77, 0x69, 0x73, 0x63, 0x68, 0x2D, 0x57, 0x65, 0x6C, 0x74, 0x74, 0x69, 0x65, 0x74));
					break;
				case 72: 
				if (style == 1) return String(CharArray::of(0x49, 0x6E, 0x64, 0x69, 0x65, 0x6E, 0x2D, 0x54, 0x69, 0x65, 0x74));
					break;
				case 74: 
				if (style == 1) return String(CharArray::of(0x53, 0xF6, 0xF6, 0x64, 0x6F, 0x6F, 0x73, 0x74, 0x61, 0x73, 0x69, 0x61, 0x61, 0x74, 0x73, 0x63, 0x68, 0x20, 0x54, 0x69, 0x65, 0x74));
					break;
				case 75: 
				if (style == 1) return String(CharArray::of(0x49, 0x6E, 0x64, 0x6F, 0x6E, 0x65, 0x65, 0x73, 0x63, 0x68, 0x20, 0x5A, 0x65, 0x6E, 0x74, 0x72, 0x61, 0x61, 0x6C, 0x74, 0x69, 0x65, 0x74));
					break;
				case 76: 
				if (style == 1) return String(CharArray::of(0x4F, 0x6F, 0x73, 0x74, 0x69, 0x6E, 0x64, 0x6F, 0x6E, 0x65, 0x65, 0x73, 0x63, 0x68, 0x20, 0x54, 0x69, 0x65, 0x74));
					break;
				case 77: 
				if (style == 1) return String(CharArray::of(0x57, 0x65, 0x73, 0x74, 0x69, 0x6E, 0x64, 0x6F, 0x6E, 0x65, 0x65, 0x73, 0x63, 0x68, 0x20, 0x54, 0x69, 0x65, 0x74));
					break;
				case 80: 
				if (style == 0) return String(CharArray::of(0x49, 0x73, 0x72, 0x61, 0x65, 0x6C, 0x2D, 0x54, 0x69, 0x65, 0x74));
				if (style == 1) return String(CharArray::of(0x49, 0x73, 0x72, 0x61, 0x65, 0x6C, 0x2D, 0x53, 0x74, 0x61, 0x6E, 0x64, 0x61, 0x72, 0x64, 0x74, 0x69, 0x65, 0x74));
				if (style == 2) return String(CharArray::of(0x49, 0x73, 0x72, 0x61, 0x65, 0x6C, 0x2D, 0x53, 0x75, 0x6D, 0x6D, 0x65, 0x72, 0x74, 0x69, 0x65, 0x74));
					break;
				case 81: 
				if (style == 0) return String(CharArray::of(0x4A, 0x61, 0x70, 0x61, 0x61, 0x6E, 0x73, 0x63, 0x68, 0x20, 0x54, 0x69, 0x65, 0x74));
				if (style == 1) return String(CharArray::of(0x4A, 0x61, 0x70, 0x61, 0x61, 0x6E, 0x73, 0x63, 0x68, 0x20, 0x53, 0x74, 0x61, 0x6E, 0x64, 0x61, 0x72, 0x64, 0x74, 0x69, 0x65, 0x74));
				if (style == 2) return String(CharArray::of(0x4A, 0x61, 0x70, 0x61, 0x61, 0x6E, 0x73, 0x63, 0x68, 0x20, 0x53, 0x75, 0x6D, 0x6D, 0x65, 0x72, 0x74, 0x69, 0x65, 0x74));
					break;
				case 86: 
				if (style == 0) return String(CharArray::of(0x4B, 0x6F, 0x72, 0x65, 0x61, 0x61, 0x6E, 0x73, 0x63, 0x68, 0x20, 0x54, 0x69, 0x65, 0x74));
				if (style == 1) return String(CharArray::of(0x4B, 0x6F, 0x72, 0x65, 0x61, 0x61, 0x6E, 0x73, 0x63, 0x68, 0x20, 0x53, 0x74, 0x61, 0x6E, 0x64, 0x61, 0x72, 0x64, 0x74, 0x69, 0x65, 0x74));
				if (style == 2) return String(CharArray::of(0x4B, 0x6F, 0x72, 0x65, 0x61, 0x61, 0x6E, 0x73, 0x63, 0x68, 0x20, 0x53, 0x75, 0x6D, 0x6D, 0x65, 0x72, 0x74, 0x69, 0x65, 0x74));
					break;
				case 103: 
				if (style == 0) return String(CharArray::of(0x4D, 0x6F, 0x73, 0x6B, 0x61, 0x75, 0x2D, 0x54, 0x69, 0x65, 0x74));
				if (style == 1) return String(CharArray::of(0x4D, 0x6F, 0x73, 0x6B, 0x61, 0x75, 0x2D, 0x53, 0x74, 0x61, 0x6E, 0x64, 0x61, 0x72, 0x64, 0x74, 0x69, 0x65, 0x74));
				if (style == 2) return String(CharArray::of(0x4D, 0x6F, 0x73, 0x6B, 0x61, 0x75, 0x2D, 0x53, 0x75, 0x6D, 0x6D, 0x65, 0x72, 0x74, 0x69, 0x65, 0x74));
					break;
            default: break;
            }
            return String();
        }
        
        String Nds::timezonePattern(gint type) const {
            switch(type){
				case 0: return String(CharArray::of(0x2B, 0x48, 0x48, 0x2E, 0x6D, 0x6D, 0x3B, 0x2D, 0x48, 0x48, 0x2E, 0x6D, 0x6D));
				case 1: return String(CharArray::of(0x55, 0x54, 0x43, 0x7B, 0x30, 0x7D));
				case 2: return String(CharArray::of(0x55, 0x54, 0x43));
				case 3: return String(CharArray::of(0x7B, 0x30, 0x7D, 0x2D, 0x54, 0x69, 0x65, 0x74));
            default: break;
            }
            return String();
        }
    }
}
        