
#include "nn.h"
#include <core/lang/StringArray.h>


// :::::::::::::::::::::::::::::::::::::::::::::::::::::::::::::::::::::::::::::::::::::::::::::::::
// This file has been Generated by CldrGen.py
// :::::::::::::::::::::::::::::::::::::::::::::::::::::::::::::::::::::::::::::::::::::::::::::::::


namespace core {
    using namespace util;
    namespace locales {
        
        String Nn::displayLanguage(gint language, gint script, gint region) const {
            switch(language) {
				case 18: return String(CharArray::of(0x73, 0xF8, 0x72, 0x2D, 0x61, 0x6C, 0x74, 0x61, 0x6A));
				case 21: return String(CharArray::of(0x67, 0x61, 0x6D, 0x6D, 0x61, 0x6C, 0x65, 0x6E, 0x67, 0x65, 0x6C, 0x73, 0x6B));
				case 36: return String(CharArray::of(0x61, 0x73, 0x75, 0x20, 0x28, 0x54, 0x61, 0x6E, 0x7A, 0x61, 0x6E, 0x69, 0x61, 0x29));
				case 49: return String(CharArray::of(0x62, 0x61, 0x73, 0x61));
				case 83: return String(CharArray::of(0x62, 0x61, 0x6B, 0x6F, 0x73, 0x73, 0x69));
				case 91: return String(CharArray::of(0x63, 0x61, 0x72, 0x69, 0x62));
				case 100: return String(CharArray::of(0x74, 0x73, 0x6A, 0x61, 0x67, 0x61, 0x74, 0x61, 0x69, 0x73, 0x6B));
				case 109: return String(CharArray::of(0x73, 0x6F, 0x72, 0x61, 0x6E, 0x69));
				case 117: return String(CharArray::of(0x73, 0xF8, 0x72, 0x6C, 0x65, 0x67, 0x20, 0x61, 0x75, 0x73, 0x74, 0x2D, 0x63, 0x72, 0x65, 0x65));
				case 119: return String(CharArray::of(0x6E, 0x6F, 0x72, 0x64, 0x6C, 0x65, 0x67, 0x20, 0x61, 0x75, 0x73, 0x74, 0x2D, 0x63, 0x72, 0x65, 0x65));
				case 122: return String(CharArray::of(0x73, 0x65, 0x73, 0x65, 0x6C, 0x77, 0x61, 0x20, 0x28, 0x66, 0x72, 0x61, 0x6E, 0x73, 0x6B, 0x2D, 0x6B, 0x72, 0x65, 0x6F, 0x6C, 0x73, 0x6B, 0x29));
				case 126: return String(CharArray::of(0x6B, 0x79, 0x72, 0x6B, 0x6A, 0x65, 0x73, 0x6C, 0x61, 0x76, 0x69, 0x73, 0x6B));
				case 127: return String(CharArray::of(0x74, 0x73, 0x6A, 0x75, 0x76, 0x61, 0x6E, 0x73, 0x6B));
				case 136: return String(CharArray::of(0x73, 0x6C, 0x61, 0x76, 0x65, 0x6A));
				case 141: return String(CharArray::of(0x6C, 0xE5, 0x67, 0x73, 0x6F, 0x72, 0x62, 0x69, 0x73, 0x6B));
				case 150: return String(CharArray::of(0x65, 0x6D, 0x62, 0x75));
				case 154: return String(CharArray::of(0x67, 0x61, 0x6D, 0x6D, 0x61, 0x6C, 0x65, 0x67, 0x79, 0x70, 0x74, 0x69, 0x73, 0x6B));
				case 157: return String(CharArray::of(0x65, 0x6C, 0x61, 0x6D, 0x69, 0x74, 0x65));
				case 180: return String(CharArray::of(0x67, 0x61, 0x6D, 0x6D, 0x61, 0x6C, 0x66, 0x72, 0x61, 0x6E, 0x73, 0x6B));
				case 183: return String(CharArray::of(0x61, 0x75, 0x73, 0x74, 0x66, 0x72, 0x69, 0x73, 0x69, 0x73, 0x6B));
				case 184: return String(CharArray::of(0x66, 0x72, 0x69, 0x75, 0x6C, 0x69, 0x73, 0x6B));
				case 198: return String(CharArray::of(0x6D, 0x65, 0x6C, 0x6C, 0x6F, 0x6D, 0x68, 0xF8, 0x67, 0x74, 0x79, 0x73, 0x6B));
				case 200: return String(CharArray::of(0x67, 0x61, 0x6D, 0x6D, 0x61, 0x6C, 0x68, 0xF8, 0x67, 0x74, 0x79, 0x73, 0x6B));
				case 205: return String(CharArray::of(0x67, 0x61, 0x6D, 0x6D, 0x61, 0x6C, 0x67, 0x72, 0x65, 0x73, 0x6B));
				case 211: return String(CharArray::of(0x6D, 0x61, 0x6E, 0x78));
				case 217: return String(CharArray::of(0x73, 0xF8, 0x72, 0x6C, 0x65, 0x67, 0x20, 0x68, 0x61, 0x69, 0x64, 0x61));
				case 228: return String(CharArray::of(0x68, 0xF8, 0x67, 0x73, 0x6F, 0x72, 0x62, 0x69, 0x73, 0x6B));
				case 245: return String(CharArray::of(0x76, 0x65, 0x73, 0x74, 0x6C, 0x65, 0x67, 0x20, 0x6B, 0x61, 0x6E, 0x61, 0x64, 0x69, 0x73, 0x6B, 0x20, 0x69, 0x6E, 0x75, 0x6B, 0x74, 0x69, 0x74, 0x75, 0x74));
				case 290: return String(CharArray::of(0x67, 0x72, 0xF8, 0x6E, 0x6C, 0x61, 0x6E, 0x64, 0x73, 0x6B, 0x20, 0x28, 0x6B, 0x61, 0x6C, 0x61, 0x61, 0x6C, 0x6C, 0x69, 0x73, 0x75, 0x74, 0x29));
				case 301: return String(CharArray::of(0x6B, 0x61, 0x72, 0x61, 0x74, 0x73, 0x6A, 0x61, 0x69, 0x69, 0x73, 0x6B, 0x2D, 0x62, 0x61, 0x6C, 0x6B, 0x61, 0x72, 0x73, 0x6B));
				case 311: return String(CharArray::of(0x6B, 0x75, 0x6D, 0x79, 0x6B));
				case 319: return String(CharArray::of(0x6C, 0x61, 0x64, 0x69, 0x6E, 0x6F));
				case 324: return String(CharArray::of(0x6C, 0x65, 0x7A, 0x67, 0x68, 0x69, 0x61, 0x6E));
				case 339: return String(CharArray::of(0x6E, 0x6F, 0x72, 0x64, 0x2D, 0x6C, 0x75, 0x72, 0x69, 0x73, 0x6B));
				case 348: return String(CharArray::of(0x6C, 0x75, 0x73, 0x68, 0x61, 0x69));
				case 349: return String(CharArray::of(0x6F, 0x6C, 0x75, 0x6C, 0x75, 0x6A, 0x69, 0x61));
				case 365: return String(CharArray::of(0x6D, 0x6F, 0x72, 0x69, 0x73, 0x79, 0x65, 0x6E));
				case 366: return String(CharArray::of(0x6D, 0x61, 0x64, 0x61, 0x67, 0x61, 0x73, 0x73, 0x69, 0x73, 0x6B));
				case 388: return String(CharArray::of(0x66, 0x6C, 0x65, 0x69, 0x72, 0x65, 0x20, 0x73, 0x70, 0x72, 0xE5, 0x6B));
				case 396: return String(CharArray::of(0x6D, 0x61, 0x7A, 0x61, 0x6E, 0x64, 0x65, 0x72, 0x61, 0x6E, 0x69));
				case 403: 
					if (region == 206) return String(CharArray::of(0x6C, 0xE5, 0x67, 0x73, 0x61, 0x6B, 0x73, 0x69, 0x73, 0x6B));
					return String(CharArray::of(0x6C, 0xE5, 0x67, 0x74, 0x79, 0x73, 0x6B));
				case 404: return String(CharArray::of(0x6E, 0x65, 0x70, 0x61, 0x6C, 0x73, 0x6B));
				case 408: return String(CharArray::of(0x6E, 0x69, 0x75, 0x69, 0x73, 0x6B));
				case 415: return String(CharArray::of(0x6E, 0x6F, 0x67, 0x61, 0x69));
				case 416: return String(CharArray::of(0x67, 0x61, 0x6D, 0x6D, 0x61, 0x6C, 0x6E, 0x6F, 0x72, 0x73, 0x6B));
				case 418: return String(CharArray::of(0x6E, 0x2019, 0x6B, 0x6F));
				case 420: return String(CharArray::of(0x6E, 0x6F, 0x72, 0x64, 0x73, 0x6F, 0x74, 0x68, 0x6F));
				case 423: return String(CharArray::of(0x6B, 0x6C, 0x61, 0x73, 0x73, 0x69, 0x73, 0x6B, 0x20, 0x6E, 0x65, 0x77, 0x61, 0x72, 0x69, 0x73, 0x6B));
				case 431: return String(CharArray::of(0x6E, 0x6F, 0x72, 0x64, 0x76, 0x65, 0x73, 0x74, 0x6C, 0x65, 0x67, 0x20, 0x6F, 0x6A, 0x69, 0x62, 0x77, 0x61));
				case 435: return String(CharArray::of(0x76, 0x65, 0x73, 0x74, 0x6C, 0x65, 0x67, 0x20, 0x6F, 0x6A, 0x69, 0x62, 0x77, 0x61));
				case 449: return String(CharArray::of(0x6E, 0x69, 0x67, 0x65, 0x72, 0x69, 0x61, 0x6E, 0x73, 0x6B, 0x20, 0x70, 0x69, 0x64, 0x67, 0x69, 0x6E));
				case 452: return String(CharArray::of(0x67, 0x61, 0x6D, 0x6D, 0x61, 0x6C, 0x70, 0x65, 0x72, 0x73, 0x69, 0x73, 0x6B));
				case 463: return String(CharArray::of(0x67, 0x61, 0x6D, 0x6D, 0x61, 0x6C, 0x70, 0x72, 0x6F, 0x76, 0x65, 0x6E, 0xE7, 0x61, 0x6C, 0x73, 0x6B));
				case 467: return String(CharArray::of(0x6B, 0x2019, 0x69, 0x63, 0x68, 0x65));
				case 477: 
					if (region == 179) return String(CharArray::of(0x6D, 0x6F, 0x6C, 0x64, 0x61, 0x76, 0x69, 0x73, 0x6B));break;
				case 485: return String(CharArray::of(0x61, 0x72, 0x75, 0x6D, 0x65, 0x6E, 0x73, 0x6B));
				case 498: return String(CharArray::of(0x73, 0x61, 0x72, 0x64, 0x69, 0x6E, 0x73, 0x6B));
				case 511: return String(CharArray::of(0x67, 0x61, 0x6D, 0x6D, 0x61, 0x6C, 0x69, 0x72, 0x73, 0x6B));
				case 522: return String(CharArray::of(0x73, 0xF8, 0x72, 0x6C, 0x65, 0x67, 0x20, 0x6C, 0x75, 0x73, 0x68, 0x6F, 0x6F, 0x74, 0x73, 0x65, 0x65, 0x64));
				case 536: return String(CharArray::of(0x73, 0x72, 0x61, 0x6E, 0x61, 0x6E, 0x20, 0x74, 0x6F, 0x6E, 0x67, 0x6F));
				case 540: return String(CharArray::of(0x73, 0xF8, 0x72, 0x73, 0x6F, 0x74, 0x68, 0x6F));
				case 549: return String(CharArray::of(0x73, 0x68, 0x69, 0x6D, 0x61, 0x6F, 0x72, 0x65));
				case 551: return String(CharArray::of(0x73, 0x79, 0x72, 0x69, 0x73, 0x6B));
				case 554: return String(CharArray::of(0x73, 0xF8, 0x72, 0x6C, 0x65, 0x67, 0x20, 0x74, 0x75, 0x74, 0x63, 0x68, 0x6F, 0x6E, 0x65));
				case 567: return String(CharArray::of(0x74, 0x69, 0x76, 0x69));
				case 569: return String(CharArray::of(0x74, 0x6F, 0x6B, 0x65, 0x6C, 0x61, 0x75));
				case 576: return String(CharArray::of(0x74, 0x73, 0x77, 0x61, 0x6E, 0x61));
				case 578: return String(CharArray::of(0x74, 0x6F, 0x6E, 0x67, 0x61, 0x20, 0x28, 0x4E, 0x79, 0x61, 0x73, 0x61, 0x29));
				case 589: return String(CharArray::of(0x6E, 0x6F, 0x72, 0x64, 0x6C, 0x65, 0x67, 0x20, 0x74, 0x75, 0x74, 0x63, 0x68, 0x6F, 0x6E, 0x65));
				case 592: return String(CharArray::of(0x74, 0x75, 0x76, 0x61, 0x6C, 0x75));
				case 596: return String(CharArray::of(0x74, 0x75, 0x76, 0x69, 0x6E, 0x69, 0x73, 0x6B));
				case 597: return String(CharArray::of(0x73, 0x65, 0x6E, 0x74, 0x72, 0x61, 0x6C, 0x2D, 0x74, 0x61, 0x6D, 0x61, 0x7A, 0x69, 0x67, 0x68, 0x74));
				case 598: return String(CharArray::of(0x75, 0x64, 0x6D, 0x75, 0x72, 0x74));
				case 621: return String(CharArray::of(0x77, 0x61, 0x72, 0x61, 0x79));
				case 626: return String(CharArray::of(0x6B, 0x61, 0x6C, 0x6D, 0x79, 0x6B, 0x69, 0x73, 0x6B));
				case 640: return String(CharArray::of(0x7A, 0x61, 0x70, 0x6F, 0x74, 0x65, 0x63));
				case 641: return String(CharArray::of(0x62, 0x6C, 0x69, 0x73, 0x73, 0x79, 0x6D, 0x62, 0x6F, 0x6C));
				case 644: return String(CharArray::of(0x73, 0x74, 0x61, 0x6E, 0x64, 0x61, 0x72, 0x64, 0x20, 0x6D, 0x61, 0x72, 0x6F, 0x6B, 0x6B, 0x61, 0x6E, 0x73, 0x6B, 0x20, 0x74, 0x61, 0x6D, 0x61, 0x7A, 0x69, 0x67, 0x68, 0x74));
				case 645: 
					if (script == 60) return String(CharArray::of(0x66, 0x6F, 0x72, 0x65, 0x6E, 0x6B, 0x6C, 0x61, 0x20, 0x6B, 0x69, 0x6E, 0x65, 0x73, 0x69, 0x73, 0x6B));break;
				case 648: return String(CharArray::of(0x75, 0x74, 0x61, 0x6E, 0x20, 0x73, 0x70, 0x72, 0xE5, 0x6B, 0x6C, 0x65, 0x67, 0x20, 0x69, 0x6E, 0x6E, 0x68, 0x61, 0x6C, 0x64));
            default: break;
            }
            return String();
        }
        
        String Nn::displayScript(gint script) const {
            switch(script) {
				case 6: return String(CharArray::of(0x61, 0x72, 0x6D, 0x69, 0x73, 0x6B));
				case 10: return String(CharArray::of(0x62, 0x61, 0x6D, 0x75, 0x6E));
				case 22: return String(CharArray::of(0x66, 0x65, 0x6C, 0x6C, 0x65, 0x73, 0x20, 0x6B, 0x61, 0x6E, 0x61, 0x64, 0x69, 0x73, 0x6B, 0x65, 0x20, 0x75, 0x72, 0x73, 0x70, 0x72, 0xE5, 0x6B, 0x73, 0x73, 0x74, 0x61, 0x76, 0x69, 0x6E, 0x67, 0x61, 0x72));
				case 32: return String(CharArray::of(0x6B, 0x79, 0x72, 0x69, 0x6C, 0x6C, 0x69, 0x73, 0x6B, 0x20, 0x28, 0x6B, 0x79, 0x72, 0x6B, 0x6A, 0x65, 0x73, 0x6C, 0x61, 0x76, 0x69, 0x73, 0x6B, 0x20, 0x76, 0x61, 0x72, 0x69, 0x61, 0x6E, 0x74, 0x29));
				case 40: return String(CharArray::of(0x65, 0x67, 0x79, 0x70, 0x74, 0x69, 0x73, 0x6B, 0x65, 0x20, 0x68, 0x69, 0x65, 0x72, 0x6F, 0x67, 0x6C, 0x79, 0x66, 0x61, 0x72));
				case 45: return String(CharArray::of(0x6B, 0x68, 0x75, 0x74, 0x73, 0x75, 0x72, 0x69, 0x20, 0x28, 0x61, 0x73, 0x6F, 0x6D, 0x74, 0x61, 0x76, 0x72, 0x75, 0x6C, 0x69, 0x20, 0x6F, 0x67, 0x20, 0x6E, 0x75, 0x73, 0x6B, 0x68, 0x75, 0x72, 0x69, 0x29));
				case 51: return String(CharArray::of(0x67, 0x61, 0x6D, 0x6D, 0x61, 0x6C, 0x74, 0x61, 0x6D, 0x69, 0x6C, 0x73, 0x6B));
				case 56: return String(CharArray::of(0x68, 0x61, 0x6E, 0x62));
				case 60: return String(CharArray::of(0x66, 0x6F, 0x72, 0x65, 0x6E, 0x6B, 0x6C, 0x61));
				case 66: return String(CharArray::of(0x70, 0x61, 0x68, 0x61, 0x77, 0x6B, 0x20, 0x68, 0x6D, 0x6F, 0x6E, 0x67));
				case 68: return String(CharArray::of(0x6A, 0x61, 0x70, 0x61, 0x6E, 0x73, 0x6B, 0x65, 0x20, 0x73, 0x74, 0x61, 0x76, 0x69, 0x6E, 0x67, 0x73, 0x73, 0x6B, 0x72, 0x69, 0x66, 0x74, 0x65, 0x72));
				case 69: return String(CharArray::of(0x67, 0x61, 0x6D, 0x6D, 0x61, 0x6C, 0x75, 0x6E, 0x67, 0x61, 0x72, 0x73, 0x6B));
				case 71: return String(CharArray::of(0x67, 0x61, 0x6D, 0x6D, 0x61, 0x6C, 0x69, 0x74, 0x61, 0x6C, 0x69, 0x73, 0x6B));
				case 90: return String(CharArray::of(0x6C, 0x61, 0x74, 0x69, 0x6E, 0x73, 0x6B, 0x20, 0x28, 0x66, 0x72, 0x61, 0x6B, 0x74, 0x75, 0x72, 0x76, 0x61, 0x72, 0x69, 0x61, 0x6E, 0x74, 0x29));
				case 91: return String(CharArray::of(0x6C, 0x61, 0x74, 0x69, 0x6E, 0x73, 0x6B, 0x20, 0x28, 0x67, 0xE6, 0x6C, 0x69, 0x73, 0x6B, 0x20, 0x76, 0x61, 0x72, 0x69, 0x61, 0x6E, 0x74, 0x29));
				case 94: return String(CharArray::of(0x6C, 0x75, 0x6D, 0x62, 0x75));
				case 97: return String(CharArray::of(0x46, 0x72, 0x61, 0x73, 0x65, 0x72));
				case 106: return String(CharArray::of(0x6D, 0x61, 0x79, 0x61, 0x2D, 0x68, 0x69, 0x65, 0x72, 0x6F, 0x67, 0x6C, 0x79, 0x66, 0x61, 0x72));
				case 137: return String(CharArray::of(0x67, 0x61, 0x6D, 0x6D, 0x61, 0x6C, 0x70, 0x65, 0x72, 0x6D, 0x69, 0x73, 0x6B));
				case 140: return String(CharArray::of(0x73, 0x61, 0x6C, 0x6D, 0x65, 0x70, 0x61, 0x68, 0x6C, 0x61, 0x76, 0x69));
				case 152: return String(CharArray::of(0x67, 0x61, 0x6D, 0x6D, 0x61, 0x6C, 0x73, 0x79, 0x64, 0x61, 0x72, 0x61, 0x62, 0x69, 0x73, 0x6B));
				case 154: return String(CharArray::of(0x74, 0x65, 0x69, 0x6B, 0x6E, 0x73, 0x6B, 0x72, 0x69, 0x66, 0x74));
				case 168: return String(CharArray::of(0x73, 0x79, 0x72, 0x69, 0x61, 0x6B, 0x69, 0x73, 0x6B, 0x20, 0x28, 0x65, 0x73, 0x74, 0x72, 0x61, 0x6E, 0x67, 0x65, 0x6C, 0x6F, 0x2D, 0x76, 0x61, 0x72, 0x69, 0x61, 0x6E, 0x74, 0x29));
				case 169: return String(CharArray::of(0x73, 0x79, 0x72, 0x69, 0x61, 0x6B, 0x69, 0x73, 0x6B, 0x20, 0x28, 0x76, 0x65, 0x73, 0x74, 0x6C, 0x65, 0x67, 0x20, 0x76, 0x61, 0x72, 0x69, 0x61, 0x6E, 0x74, 0x29));
				case 170: return String(CharArray::of(0x73, 0x79, 0x72, 0x69, 0x61, 0x6B, 0x69, 0x73, 0x6B, 0x20, 0x28, 0x61, 0x75, 0x73, 0x74, 0x6C, 0x65, 0x67, 0x20, 0x76, 0x61, 0x72, 0x69, 0x61, 0x6E, 0x74, 0x29));
				case 182: return String(CharArray::of(0x74, 0x68, 0x61, 0x61, 0x6E, 0x61));
				case 192: return String(CharArray::of(0x73, 0x79, 0x6E, 0x6C, 0x65, 0x67, 0x20, 0x74, 0x61, 0x6C, 0x65));
				case 197: return String(CharArray::of(0x67, 0x61, 0x6D, 0x6D, 0x61, 0x6C, 0x70, 0x65, 0x72, 0x73, 0x69, 0x73, 0x6B));
				case 198: return String(CharArray::of(0x73, 0x75, 0x6D, 0x65, 0x72, 0x6F, 0x2D, 0x61, 0x6B, 0x6B, 0x61, 0x64, 0x69, 0x73, 0x6B, 0x20, 0x6B, 0x69, 0x6C, 0x65, 0x73, 0x6B, 0x72, 0x69, 0x66, 0x74));
				case 202: return String(CharArray::of(0x6E, 0x65, 0x64, 0x61, 0x72, 0x76, 0x61));
				case 205: return String(CharArray::of(0x73, 0x79, 0x6D, 0x62, 0x6F, 0x6C));
				case 206: return String(CharArray::of(0x73, 0x70, 0x72, 0xE5, 0x6B, 0x20, 0x75, 0x74, 0x61, 0x6E, 0x20, 0x73, 0x6B, 0x72, 0x69, 0x66, 0x74));
				case 208: return String(CharArray::of(0x75, 0x6B, 0x6A, 0x65, 0x6E, 0x64, 0x20, 0x73, 0x6B, 0x72, 0x69, 0x66, 0x74));
            default: break;
            }
            return String();
        }
        
        String Nn::displayCountry(gint region) const {
            switch(region) {

				case 0: return String(CharArray::of(0x76, 0x65, 0x72, 0x64, 0x61));

				case 6: return String(CharArray::of(0x53, 0x65, 0x6E, 0x74, 0x72, 0x61, 0x6C, 0x2D, 0x41, 0x6D, 0x65, 0x72, 0x69, 0x6B, 0x61));

				case 7: return String(CharArray::of(0x41, 0x75, 0x73, 0x74, 0x2D, 0x41, 0x66, 0x72, 0x69, 0x6B, 0x61));

				case 10: return String(CharArray::of(0x53, 0xF8, 0x72, 0x6C, 0x65, 0x67, 0x65, 0x20, 0x41, 0x66, 0x72, 0x69, 0x6B, 0x61));

				case 12: return String(CharArray::of(0x4E, 0x6F, 0x72, 0x64, 0x6C, 0x65, 0x67, 0x65, 0x20, 0x41, 0x6D, 0x65, 0x72, 0x69, 0x6B, 0x61));

				case 14: return String(CharArray::of(0x41, 0x75, 0x73, 0x74, 0x2D, 0x41, 0x73, 0x69, 0x61));

				case 16: return String(CharArray::of(0x53, 0xF8, 0x72, 0x61, 0x75, 0x73, 0x74, 0x2D, 0x41, 0x73, 0x69, 0x61));

				case 26: return String(CharArray::of(0x41, 0x75, 0x73, 0x74, 0x2D, 0x45, 0x75, 0x72, 0x6F, 0x70, 0x61));

				case 33: return String(CharArray::of(0x44, 0x65, 0x69, 0x20, 0x73, 0x61, 0x6D, 0x65, 0x69, 0x6E, 0x74, 0x65, 0x20, 0x61, 0x72, 0x61, 0x62, 0x69, 0x73, 0x6B, 0x65, 0x20, 0x65, 0x6D, 0x69, 0x72, 0x61, 0x74, 0x61));

				case 43: return String(CharArray::of(0x41, 0x75, 0x73, 0x74, 0x65, 0x72, 0x72, 0x69, 0x6B, 0x65));

				case 71: return String(CharArray::of(0x4B, 0x6F, 0x6B, 0x6F, 0x73, 0xF8, 0x79, 0x61, 0x6E, 0x65));

				case 72: return String(CharArray::of(0x4B, 0x6F, 0x6E, 0x67, 0x6F, 0x2D, 0x4B, 0x69, 0x6E, 0x73, 0x68, 0x61, 0x73, 0x61));

				case 73: return String(CharArray::of(0x44, 0x65, 0x6E, 0x20, 0x73, 0x65, 0x6E, 0x74, 0x72, 0x61, 0x6C, 0x61, 0x66, 0x72, 0x69, 0x6B, 0x61, 0x6E, 0x73, 0x6B, 0x65, 0x20, 0x72, 0x65, 0x70, 0x75, 0x62, 0x6C, 0x69, 0x6B, 0x6B, 0x65, 0x6E));

				case 76: return String(CharArray::of(0x45, 0x6C, 0x66, 0x65, 0x6E, 0x62, 0x65, 0x69, 0x6E, 0x73, 0x6B, 0x79, 0x73, 0x74, 0x65, 0x6E));

				case 77: return String(CharArray::of(0x43, 0x6F, 0x6F, 0x6B, 0xF8, 0x79, 0x61, 0x6E, 0x65));

				case 97: return String(CharArray::of(0x44, 0x65, 0x6E, 0x20, 0x64, 0x6F, 0x6D, 0x69, 0x6E, 0x69, 0x6B, 0x61, 0x6E, 0x73, 0x6B, 0x65, 0x20, 0x72, 0x65, 0x70, 0x75, 0x62, 0x6C, 0x69, 0x6B, 0x6B, 0x65, 0x6E));

				case 107: return String(CharArray::of(0x44, 0x65, 0x6E, 0x20, 0x65, 0x75, 0x72, 0x6F, 0x70, 0x65, 0x69, 0x73, 0x6B, 0x65, 0x20, 0x75, 0x6E, 0x69, 0x6F, 0x6E, 0x65, 0x6E));

				case 108: return String(CharArray::of(0x65, 0x75, 0x72, 0x6F, 0x73, 0x6F, 0x6E, 0x61));

				case 111: return String(CharArray::of(0x46, 0x61, 0x6C, 0x6B, 0x6C, 0x61, 0x6E, 0x64, 0x73, 0xF8, 0x79, 0x61, 0x6E, 0x65));

				case 113: return String(CharArray::of(0x46, 0xE6, 0x72, 0xF8, 0x79, 0x61, 0x6E, 0x65));

				case 129: return String(CharArray::of(0x53, 0xF8, 0x72, 0x2D, 0x47, 0x65, 0x6F, 0x72, 0x67, 0x69, 0x61, 0x20, 0x6F, 0x67, 0x20, 0x53, 0xF8, 0x72, 0x2D, 0x53, 0x61, 0x6E, 0x64, 0x77, 0x69, 0x63, 0x68, 0xF8, 0x79, 0x61, 0x6E, 0x65));

				case 135: return String(CharArray::of(0x48, 0x65, 0x61, 0x72, 0x64, 0xF8, 0x79, 0x61, 0x20, 0x6F, 0x67, 0x20, 0x4D, 0x63, 0x44, 0x6F, 0x6E, 0x61, 0x6C, 0x64, 0xF8, 0x79, 0x61, 0x6E, 0x65));

				case 140: return String(CharArray::of(0x4B, 0x61, 0x6E, 0x61, 0x72, 0x69, 0xF8, 0x79, 0x61, 0x6E, 0x65));

				case 159: return String(CharArray::of(0x4B, 0x6F, 0x6D, 0x6F, 0x72, 0x61, 0x6E, 0x65));

				case 164: return String(CharArray::of(0x43, 0x61, 0x79, 0x6D, 0x61, 0x6E, 0xF8, 0x79, 0x61, 0x6E, 0x65));

				case 174: return String(CharArray::of(0x4C, 0x75, 0x78, 0x65, 0x6D, 0x62, 0x6F, 0x75, 0x72, 0x67));

				case 183: return String(CharArray::of(0x4D, 0x61, 0x72, 0x73, 0x68, 0x61, 0x6C, 0x6C, 0xF8, 0x79, 0x61, 0x6E, 0x65));

				case 189: return String(CharArray::of(0x4E, 0x6F, 0x72, 0x64, 0x2D, 0x4D, 0x61, 0x72, 0x69, 0x61, 0x6E, 0x61, 0x6E, 0x65));

				case 195: return String(CharArray::of(0x4D, 0x61, 0x6C, 0x64, 0x69, 0x76, 0x61, 0x6E, 0x65));

				case 207: return String(CharArray::of(0x4E, 0x6F, 0x72, 0x65, 0x67));

				case 217: return String(CharArray::of(0x46, 0x69, 0x6C, 0x69, 0x70, 0x70, 0x69, 0x6E, 0x61, 0x6E, 0x65));

				case 221: return String(CharArray::of(0x50, 0x69, 0x74, 0x63, 0x61, 0x69, 0x72, 0x6E));

				case 235: return String(CharArray::of(0x53, 0x61, 0x6C, 0x6F, 0x6D, 0x6F, 0x6E, 0xF8, 0x79, 0x61, 0x6E, 0x65));

				case 236: return String(CharArray::of(0x53, 0x65, 0x79, 0x63, 0x68, 0x65, 0x6C, 0x6C, 0x61, 0x6E, 0x65));

				case 240: return String(CharArray::of(0x53, 0x61, 0x69, 0x6E, 0x74, 0x20, 0x48, 0x65, 0x6C, 0x65, 0x6E, 0x61));

				case 256: return String(CharArray::of(0x54, 0x75, 0x72, 0x6B, 0x73, 0x2D, 0x20, 0x6F, 0x67, 0x20, 0x43, 0x61, 0x69, 0x63, 0x6F, 0x73, 0xF8, 0x79, 0x61, 0x6E, 0x65));

				case 258: return String(CharArray::of(0x44, 0x65, 0x69, 0x20, 0x66, 0x72, 0x61, 0x6E, 0x73, 0x6B, 0x65, 0x20, 0x73, 0xF8, 0x72, 0x74, 0x65, 0x72, 0x72, 0x69, 0x74, 0x6F, 0x72, 0x69, 0x61));

				case 263: return String(CharArray::of(0x41, 0x75, 0x73, 0x74, 0x2D, 0x54, 0x69, 0x6D, 0x6F, 0x72));

				case 274: return String(CharArray::of(0x55, 0x53, 0x41, 0x73, 0x20, 0x79, 0x74, 0x72, 0x65, 0x20, 0x73, 0x6D, 0xE5, 0xF8, 0x79, 0x61, 0x72));

				case 275: return String(CharArray::of(0x44, 0x65, 0x69, 0x20, 0x73, 0x61, 0x6D, 0x65, 0x69, 0x6E, 0x74, 0x65, 0x20, 0x6E, 0x61, 0x73, 0x6A, 0x6F, 0x6E, 0x61, 0x6E, 0x65));

				case 280: return String(CharArray::of(0x53, 0x74, 0x2E, 0x20, 0x56, 0x69, 0x6E, 0x63, 0x65, 0x6E, 0x74, 0x20, 0x6F, 0x67, 0x20, 0x47, 0x72, 0x65, 0x6E, 0x61, 0x64, 0x69, 0x6E, 0x61, 0x6E, 0x65));

				case 282: return String(CharArray::of(0x44, 0x65, 0x69, 0x20, 0x62, 0x72, 0x69, 0x74, 0x69, 0x73, 0x6B, 0x65, 0x20, 0x4A, 0x6F, 0x6D, 0x66, 0x72, 0x75, 0xF8, 0x79, 0x61, 0x6E, 0x65));

				case 283: return String(CharArray::of(0x44, 0x65, 0x69, 0x20, 0x61, 0x6D, 0x65, 0x72, 0x69, 0x6B, 0x61, 0x6E, 0x73, 0x6B, 0x65, 0x20, 0x4A, 0x6F, 0x6D, 0x66, 0x72, 0x75, 0xF8, 0x79, 0x61, 0x6E, 0x65));

				case 288: return String(CharArray::of(0x70, 0x73, 0x65, 0x75, 0x64, 0x6F, 0x73, 0x70, 0x72, 0xE5, 0x6B, 0x20, 0x2013, 0x20, 0x61, 0x6B, 0x73, 0x65, 0x6E, 0x74, 0x61, 0x72));

				case 289: return String(CharArray::of(0x70, 0x73, 0x65, 0x75, 0x64, 0x6F, 0x73, 0x70, 0x72, 0xE5, 0x6B, 0x20, 0x2013, 0x20, 0x52, 0x54, 0x4C));
            default: break;
            }
            return String();
        }
        
        String Nn::displayVariant(gint variant) const {
            switch(variant) {
				case 5: return String(CharArray::of(0x74, 0x79, 0x73, 0x6B, 0x20, 0x6F, 0x72, 0x74, 0x6F, 0x67, 0x72, 0x61, 0x66, 0x69, 0x20, 0x66, 0x72, 0xE5, 0x20, 0x31, 0x39, 0x39, 0x36));
				case 0: return String(CharArray::of(0x6E, 0x79, 0x61, 0x72, 0x65, 0x20, 0x6D, 0x65, 0x6C, 0x6C, 0x6F, 0x6D, 0x66, 0x72, 0x61, 0x6E, 0x73, 0x6B, 0x20, 0x74, 0x69, 0x6C, 0x20, 0x31, 0x36, 0x30, 0x36));
				case 13: return String(CharArray::of(0x61, 0x75, 0x73, 0x74, 0x61, 0x72, 0x6D, 0x65, 0x6E, 0x73, 0x6B));
				case 14: return String(CharArray::of(0x76, 0x65, 0x73, 0x74, 0x61, 0x72, 0x6D, 0x65, 0x6E, 0x73, 0x6B));
				case 18: return String(CharArray::of(0x73, 0x61, 0x6D, 0x6C, 0x61, 0x20, 0x74, 0x79, 0x72, 0x6B, 0x69, 0x73, 0x6B, 0x2D, 0x6C, 0x61, 0x74, 0x69, 0x6E, 0x73, 0x6B, 0x20, 0x61, 0x6C, 0x66, 0x61, 0x62, 0x65, 0x74));
				case 40: return String(CharArray::of(0x64, 0x65, 0x74, 0x20, 0x69, 0x6E, 0x74, 0x65, 0x72, 0x6E, 0x61, 0x73, 0x6A, 0x6F, 0x6E, 0x61, 0x6C, 0x65, 0x20, 0x66, 0x6F, 0x6E, 0x65, 0x74, 0x69, 0x73, 0x6B, 0x65, 0x20, 0x61, 0x6C, 0x66, 0x61, 0x62, 0x65, 0x74, 0x65, 0x74, 0x20, 0x28, 0x49, 0x50, 0x41, 0x29));
				case 43: return String(CharArray::of(0x64, 0x65, 0x74, 0x20, 0x75, 0x72, 0x61, 0x6C, 0x73, 0x6B, 0x65, 0x20, 0x66, 0x6F, 0x6E, 0x65, 0x74, 0x69, 0x73, 0x6B, 0x65, 0x20, 0x61, 0x6C, 0x66, 0x61, 0x62, 0x65, 0x74, 0x65, 0x74, 0x20, 0x28, 0x55, 0x50, 0x41, 0x29));
				case 65: return String(CharArray::of(0x72, 0x65, 0x73, 0x69, 0x61, 0x6E, 0x2C, 0x20, 0x6C, 0x69, 0x70, 0x6F, 0x76, 0x61, 0x7A, 0x64, 0x69, 0x61, 0x6C, 0x65, 0x6B, 0x74));
				case 91: return String(CharArray::of(0x72, 0x65, 0x76, 0x69, 0x64, 0x65, 0x72, 0x74, 0x20, 0x72, 0x65, 0x74, 0x74, 0x73, 0x6B, 0x72, 0x69, 0x76, 0x69, 0x6E, 0x67));
				case 95: return String(CharArray::of(0x73, 0x61, 0x61, 0x68, 0x6F, 0x2D, 0x64, 0x69, 0x61, 0x6C, 0x65, 0x6B, 0x74));
				case 97: return String(CharArray::of(0x73, 0x63, 0x6F, 0x75, 0x73, 0x65, 0x2D, 0x64, 0x69, 0x61, 0x6C, 0x65, 0x6B, 0x74));
				case 116: return String(CharArray::of(0x76, 0x61, 0x6C, 0x65, 0x6E, 0x73, 0x69, 0x73, 0x6B, 0x20, 0x64, 0x69, 0x61, 0x6C, 0x65, 0x6B, 0x74));
				case 120: return String(CharArray::of(0x77, 0x61, 0x64, 0x65, 0x2D, 0x67, 0x69, 0x6C, 0x65, 0x73));
            default: break;
            }
            return String();
        }
            
        gbool Nn::hasVariant() const {
            return false;
        }
        
        gbool Nn::hasRegion() const {
            return false;
        }
        
        gbool Nn::hasScript() const {
            return false;
        }
            
        String Nn::displayCurrency(gint currency, gint count) const {
            switch(currency) { 
				case 0:
					if (count == -1) return String(CharArray::of(0x61, 0x6E, 0x64, 0x6F, 0x72, 0x72, 0x61, 0x6E, 0x73, 0x6B, 0x65, 0x20, 0x70, 0x65, 0x73, 0x65, 0x74, 0x61));
					break;
				case 2:
					if (count == -1) return String(CharArray::of(0x61, 0x66, 0x67, 0x68, 0x61, 0x6E, 0x73, 0x6B, 0x65, 0x20, 0x61, 0x66, 0x67, 0x68, 0x61, 0x6E, 0x69, 0x20, 0x28, 0x31, 0x39, 0x32, 0x37, 0x2013, 0x32, 0x30, 0x30, 0x32, 0x29));
					break;
				case 9:
					if (count == -1) return String(CharArray::of(0x61, 0x6E, 0x67, 0x6F, 0x6C, 0x73, 0x6B, 0x65, 0x20, 0x6B, 0x77, 0x61, 0x6E, 0x7A, 0x61, 0x20, 0x28, 0x31, 0x39, 0x37, 0x37, 0x2013, 0x31, 0x39, 0x39, 0x30, 0x29));
					break;
				case 10:
					if (count == -1) return String(CharArray::of(0x61, 0x6E, 0x67, 0x6F, 0x6C, 0x73, 0x6B, 0x65, 0x20, 0x6E, 0x79, 0x65, 0x20, 0x6B, 0x77, 0x61, 0x6E, 0x7A, 0x61, 0x20, 0x28, 0x31, 0x39, 0x39, 0x30, 0x2013, 0x32, 0x30, 0x30, 0x30, 0x29));
					break;
				case 11:
					if (count == -1) return String(CharArray::of(0x61, 0x6E, 0x67, 0x6F, 0x6C, 0x73, 0x6B, 0x65, 0x20, 0x6B, 0x77, 0x61, 0x6E, 0x7A, 0x61, 0x20, 0x72, 0x65, 0x61, 0x6A, 0x75, 0x73, 0x74, 0x61, 0x64, 0x6F, 0x20, 0x28, 0x31, 0x39, 0x39, 0x35, 0x2013, 0x31, 0x39, 0x39, 0x39, 0x29));
					break;
				case 12:
					if (count == -1) return String(CharArray::of(0x61, 0x72, 0x67, 0x65, 0x6E, 0x74, 0x69, 0x73, 0x6B, 0x65, 0x20, 0x61, 0x75, 0x73, 0x74, 0x72, 0x61, 0x6C));
					break;
				case 15:
					if (count == -1) return String(CharArray::of(0x61, 0x72, 0x67, 0x65, 0x6E, 0x74, 0x69, 0x6E, 0x73, 0x6B, 0x65, 0x20, 0x70, 0x65, 0x73, 0x6F, 0x20, 0x28, 0x31, 0x39, 0x38, 0x33, 0x2013, 0x31, 0x39, 0x38, 0x35, 0x29));
					break;
				case 17:
					if (count == -1) return String(CharArray::of(0x61, 0x75, 0x73, 0x74, 0x65, 0x72, 0x72, 0x69, 0x6B, 0x73, 0x6B, 0x65, 0x20, 0x73, 0x63, 0x68, 0x69, 0x6C, 0x6C, 0x69, 0x6E, 0x67));
					break;
				case 19:
					if (count == -1) return String(CharArray::of(0x61, 0x72, 0x75, 0x62, 0x69, 0x73, 0x6B, 0x65, 0x20, 0x66, 0x6C, 0x6F, 0x72, 0x69, 0x6E, 0x61, 0x72));
					break;
				case 22:
					if (count == -1) return String(CharArray::of(0x62, 0x6F, 0x73, 0x6E, 0x69, 0x73, 0x6B, 0x2D, 0x68, 0x65, 0x72, 0x63, 0x65, 0x67, 0x6F, 0x76, 0x69, 0x6E, 0x73, 0x6B, 0x65, 0x20, 0x64, 0x69, 0x6E, 0x61, 0x72, 0x61, 0x72, 0x20, 0x28, 0x31, 0x39, 0x39, 0x32, 0x2013, 0x31, 0x39, 0x39, 0x34, 0x29));
					if (count != 1) return String(CharArray::of(0x62, 0x6F, 0x73, 0x6E, 0x69, 0x73, 0x6B, 0x2D, 0x68, 0x65, 0x72, 0x63, 0x65, 0x67, 0x6F, 0x76, 0x69, 0x6E, 0x73, 0x6B, 0x65, 0x20, 0x64, 0x69, 0x6E, 0x61, 0x72, 0x65, 0x72, 0x20, 0x28, 0x31, 0x39, 0x39, 0x32, 0x2013, 0x31, 0x39, 0x39, 0x34, 0x29));
					break;
				case 24:
					if (count == -1) return String(CharArray::of(0x6E, 0x79, 0x65, 0x20, 0x62, 0x6F, 0x73, 0x6E, 0x69, 0x73, 0x6B, 0x2D, 0x68, 0x65, 0x72, 0x63, 0x65, 0x67, 0x6F, 0x76, 0x69, 0x6E, 0x73, 0x6B, 0x65, 0x20, 0x64, 0x69, 0x6E, 0x61, 0x72, 0x61, 0x72, 0x20, 0x28, 0x31, 0x39, 0x39, 0x34, 0x2013, 0x31, 0x39, 0x39, 0x37, 0x29));
					break;
				case 27:
					if (count == -1) return String(CharArray::of(0x62, 0x65, 0x6C, 0x67, 0x69, 0x73, 0x6B, 0x65, 0x20, 0x66, 0x72, 0x61, 0x6E, 0x63, 0x20, 0x28, 0x6B, 0x6F, 0x6E, 0x76, 0x65, 0x72, 0x74, 0x69, 0x62, 0x65, 0x6C, 0x29));
					break;
				case 29:
					if (count == -1) return String(CharArray::of(0x62, 0x65, 0x6C, 0x67, 0x69, 0x73, 0x6B, 0x65, 0x20, 0x66, 0x72, 0x61, 0x6E, 0x63, 0x20, 0x28, 0x66, 0x69, 0x6E, 0x61, 0x6E, 0x73, 0x69, 0x65, 0x6C, 0x6C, 0x29));
					break;
				case 30:
					if (count == -1) return String(CharArray::of(0x62, 0x75, 0x6C, 0x67, 0x61, 0x72, 0x73, 0x6B, 0x20, 0x68, 0x61, 0x72, 0x64, 0x20, 0x6C, 0x65, 0x76));
					break;
				case 34:
					if (count == -1) return String(CharArray::of(0x62, 0x61, 0x68, 0x72, 0x61, 0x69, 0x6E, 0x73, 0x6B, 0x65, 0x20, 0x64, 0x69, 0x6E, 0x61, 0x72, 0x61, 0x72));
					break;
				case 40:
					if (count == -1) return String(CharArray::of(0x62, 0x6F, 0x6C, 0x69, 0x76, 0x69, 0x73, 0x6B, 0x65, 0x20, 0x70, 0x65, 0x73, 0x6F));
					break;
				case 41:
					if (count == -1) return String(CharArray::of(0x62, 0x6F, 0x6C, 0x69, 0x76, 0x69, 0x73, 0x6B, 0x65, 0x20, 0x6D, 0x76, 0x64, 0x6F, 0x6C));
					break;
				case 42:
					if (count == -1) return String(CharArray::of(0x62, 0x72, 0x61, 0x73, 0x69, 0x6C, 0x69, 0x61, 0x6E, 0x73, 0x6B, 0x20, 0x63, 0x72, 0x75, 0x7A, 0x65, 0x69, 0x72, 0x6F, 0x20, 0x6E, 0x6F, 0x76, 0x6F, 0x20, 0x28, 0x31, 0x39, 0x36, 0x37, 0x2013, 0x31, 0x39, 0x38, 0x36, 0x29));
					break;
				case 43:
					if (count == -1) return String(CharArray::of(0x62, 0x72, 0x61, 0x73, 0x69, 0x6C, 0x69, 0x61, 0x6E, 0x73, 0x6B, 0x65, 0x20, 0x63, 0x72, 0x75, 0x7A, 0x61, 0x64, 0x6F));
					break;
				case 46:
					if (count == -1) return String(CharArray::of(0x62, 0x72, 0x61, 0x73, 0x69, 0x6C, 0x69, 0x61, 0x6E, 0x73, 0x6B, 0x65, 0x20, 0x63, 0x72, 0x75, 0x7A, 0x61, 0x64, 0x6F, 0x20, 0x6E, 0x6F, 0x76, 0x6F));
					if (count != 1) return String(CharArray::of(0x62, 0x72, 0x61, 0x73, 0x69, 0x6C, 0x69, 0x61, 0x6E, 0x73, 0x6B, 0x65, 0x20, 0x63, 0x72, 0x75, 0x7A, 0x61, 0x64, 0x6F, 0x20, 0x6E, 0x6F, 0x76, 0x6F, 0x20, 0x28, 0x31, 0x39, 0x38, 0x39, 0x2013, 0x31, 0x39, 0x39, 0x30, 0x29));
					break;
				case 47:
					if (count == -1) return String(CharArray::of(0x62, 0x72, 0x61, 0x73, 0x69, 0x6C, 0x69, 0x61, 0x6E, 0x73, 0x6B, 0x65, 0x20, 0x63, 0x72, 0x75, 0x7A, 0x65, 0x69, 0x72, 0x6F));
					if (count != 1) return String(CharArray::of(0x62, 0x72, 0x61, 0x73, 0x69, 0x6C, 0x69, 0x61, 0x6E, 0x73, 0x6B, 0x65, 0x20, 0x63, 0x72, 0x75, 0x7A, 0x65, 0x69, 0x72, 0x6F, 0x20, 0x28, 0x31, 0x39, 0x39, 0x33, 0x2013, 0x31, 0x39, 0x39, 0x34, 0x29));
					break;
				case 51:
					if (count == -1) return String(CharArray::of(0x62, 0x75, 0x72, 0x6D, 0x65, 0x73, 0x69, 0x73, 0x6B, 0x20, 0x6B, 0x79, 0x61, 0x74));
					break;
				case 53:
					if (count == -1) return String(CharArray::of(0x62, 0x65, 0x6C, 0x61, 0x72, 0x75, 0x73, 0x69, 0x73, 0x6B, 0x65, 0x20, 0x6E, 0x79, 0x65, 0x20, 0x72, 0x75, 0x62, 0x6C, 0x61, 0x72, 0x20, 0x28, 0x31, 0x39, 0x39, 0x34, 0x2013, 0x31, 0x39, 0x39, 0x39, 0x29));
					if (count == 1) return String(CharArray::of(0x62, 0x65, 0x6C, 0x61, 0x72, 0x75, 0x73, 0x69, 0x73, 0x6B, 0x20, 0x6E, 0x79, 0x20, 0x72, 0x75, 0x62, 0x65, 0x6C, 0x20, 0x28, 0x42, 0x59, 0x42, 0x29));
					if (count != 1) return String(CharArray::of(0x62, 0x65, 0x6C, 0x61, 0x72, 0x75, 0x73, 0x69, 0x73, 0x6B, 0x65, 0x20, 0x6E, 0x79, 0x65, 0x20, 0x72, 0x75, 0x62, 0x6C, 0x61, 0x72, 0x20, 0x28, 0x42, 0x59, 0x42, 0x29));
					break;
				case 54:
					if (count == -1) return String(CharArray::of(0x6E, 0x79, 0x65, 0x20, 0x62, 0x65, 0x6C, 0x61, 0x72, 0x75, 0x73, 0x69, 0x73, 0x6B, 0x65, 0x20, 0x72, 0x75, 0x62, 0x6C, 0x61, 0x72));
					break;
				case 55:
					if (count == -1) return String(CharArray::of(0x62, 0x65, 0x6C, 0x61, 0x72, 0x75, 0x73, 0x69, 0x73, 0x6B, 0x65, 0x20, 0x72, 0x75, 0x62, 0x6C, 0x61, 0x72, 0x20, 0x28, 0x32, 0x30, 0x30, 0x30, 0x2013, 0x32, 0x30, 0x31, 0x36, 0x29));
					if (count == 1) return String(CharArray::of(0x62, 0x65, 0x6C, 0x61, 0x72, 0x75, 0x73, 0x69, 0x73, 0x6B, 0x20, 0x72, 0x75, 0x62, 0x65, 0x6C, 0x20, 0x28, 0x32, 0x30, 0x30, 0x30, 0x2013, 0x32, 0x30, 0x31, 0x36, 0x29));
					break;
				case 59:
					if (count == -1) return String(CharArray::of(0x57, 0x49, 0x52, 0x2D, 0x65, 0x75, 0x72, 0x6F));
					break;
				case 61:
					if (count == -1) return String(CharArray::of(0x57, 0x49, 0x52, 0x2D, 0x66, 0x72, 0x61, 0x6E, 0x63));
					break;
				case 68:
					if (count == -1) return String(CharArray::of(0x6B, 0x6F, 0x6C, 0x6F, 0x6D, 0x62, 0x69, 0x61, 0x6E, 0x73, 0x6B, 0x65, 0x20, 0x70, 0x65, 0x73, 0x6F, 0x73));
					if (count == 1) return String(CharArray::of(0x6B, 0x6F, 0x6C, 0x6F, 0x6D, 0x62, 0x69, 0x61, 0x6E, 0x73, 0x6B, 0x20, 0x70, 0x65, 0x73, 0x6F));
					break;
				case 69:
					if (count == -1) return String(CharArray::of(0x75, 0x6E, 0x69, 0x64, 0x61, 0x64, 0x20, 0x64, 0x65, 0x20, 0x76, 0x61, 0x6C, 0x6F, 0x72, 0x20, 0x72, 0x65, 0x61, 0x6C));
					if (count == 1) return String(CharArray::of(0x75, 0x6E, 0x69, 0x64, 0x61, 0x64, 0x20, 0x64, 0x65, 0x20, 0x76, 0x61, 0x6C, 0x6F, 0x72, 0x20, 0x72, 0x65, 0x61, 0x6C));
					break;
				case 70:
					if (count == -1) return String(CharArray::of(0x6B, 0x6F, 0x73, 0x74, 0x61, 0x72, 0x69, 0x6B, 0x61, 0x6E, 0x73, 0x6B, 0x65, 0x20, 0x63, 0x6F, 0x6C, 0xF3, 0x6E));
					if (count == 1) return String(CharArray::of(0x6B, 0x6F, 0x73, 0x74, 0x61, 0x72, 0x69, 0x6B, 0x61, 0x6E, 0x73, 0x6B, 0x20, 0x63, 0x6F, 0x6C, 0xF3, 0x6E));
					break;
				case 71:
					if (count == -1) return String(CharArray::of(0x67, 0x61, 0x6D, 0x6C, 0x65, 0x20, 0x73, 0x65, 0x72, 0x62, 0x69, 0x73, 0x6B, 0x65, 0x20, 0x64, 0x69, 0x6E, 0x61, 0x72, 0x65, 0x72));
					if (count == 1) return String(CharArray::of(0x67, 0x61, 0x6D, 0x6D, 0x61, 0x6C, 0x20, 0x73, 0x65, 0x72, 0x62, 0x69, 0x73, 0x6B, 0x20, 0x64, 0x69, 0x6E, 0x61, 0x72));
					if (count != 1) return String(CharArray::of(0x67, 0x61, 0x6D, 0x6C, 0x65, 0x20, 0x73, 0x65, 0x72, 0x62, 0x69, 0x73, 0x6B, 0x65, 0x20, 0x64, 0x69, 0x6E, 0x61, 0x72, 0x61, 0x72));
					break;
				case 75:
					if (count == -1) return String(CharArray::of(0x6B, 0x61, 0x70, 0x70, 0x76, 0x65, 0x72, 0x64, 0x69, 0x73, 0x6B, 0x65, 0x20, 0x65, 0x73, 0x63, 0x75, 0x64, 0x6F));
					break;
				case 78:
					if (count == -1) return String(CharArray::of(0x61, 0x75, 0x73, 0x74, 0x74, 0x79, 0x73, 0x6B, 0x65, 0x20, 0x6D, 0x61, 0x72, 0x6B));
					if (count == 1) return String(CharArray::of(0x61, 0x75, 0x73, 0x74, 0x74, 0x79, 0x73, 0x6B, 0x20, 0x6D, 0x61, 0x72, 0x6B));
					break;
				case 83:
					if (count == -1) return String(CharArray::of(0x61, 0x6C, 0x67, 0x65, 0x72, 0x69, 0x73, 0x6B, 0x65, 0x20, 0x64, 0x69, 0x6E, 0x61, 0x72, 0x61, 0x72));
					break;
				case 86:
					if (count != 1) return String(CharArray::of(0x65, 0x73, 0x74, 0x69, 0x73, 0x6B, 0x65, 0x20, 0x6B, 0x72, 0x6F, 0x6F, 0x6E));
					break;
				case 101:
					if (count == -1) return String(CharArray::of(0x67, 0x68, 0x61, 0x6E, 0x65, 0x73, 0x69, 0x73, 0x6B, 0x65, 0x20, 0x63, 0x65, 0x64, 0x69, 0x20, 0x28, 0x31, 0x39, 0x37, 0x39, 0x2013, 0x32, 0x30, 0x30, 0x37, 0x29));
					break;
				case 107:
					if (count == 1) return String(CharArray::of(0x65, 0x6B, 0x76, 0x61, 0x74, 0x6F, 0x72, 0x69, 0x61, 0x6C, 0x67, 0x75, 0x69, 0x6E, 0x65, 0x61, 0x6E, 0x73, 0x6B, 0x20, 0x65, 0x6B, 0x77, 0x65, 0x6C, 0x65));
					if (count != 1) return String(CharArray::of(0x65, 0x6B, 0x76, 0x61, 0x74, 0x6F, 0x72, 0x69, 0x61, 0x6C, 0x67, 0x75, 0x69, 0x6E, 0x65, 0x61, 0x6E, 0x73, 0x6B, 0x65, 0x20, 0x65, 0x6B, 0x77, 0x65, 0x6C, 0x65));
					break;
				case 108:
					if (count == -1) return String(CharArray::of(0x67, 0x72, 0x65, 0x73, 0x6B, 0x65, 0x20, 0x64, 0x72, 0x61, 0x6B, 0x6D, 0x65));
					if (count != 1) return String(CharArray::of(0x67, 0x72, 0x65, 0x73, 0x6B, 0x65, 0x20, 0x64, 0x72, 0x61, 0x6B, 0x6D, 0x61, 0x72));
					break;
				case 111:
					if (count == -1) return String(CharArray::of(0x47, 0x75, 0x69, 0x6E, 0x65, 0x61, 0x2D, 0x42, 0x69, 0x73, 0x73, 0x61, 0x75, 0x2D, 0x70, 0x65, 0x73, 0x6F));
					break;
				case 115:
					if (count == -1) return String(CharArray::of(0x6B, 0x72, 0x6F, 0x61, 0x74, 0x69, 0x73, 0x6B, 0x65, 0x20, 0x64, 0x69, 0x6E, 0x61, 0x72));
					if (count != 1) return String(CharArray::of(0x6B, 0x72, 0x6F, 0x61, 0x74, 0x69, 0x73, 0x6B, 0x65, 0x20, 0x64, 0x69, 0x6E, 0x61, 0x72, 0x61, 0x72));
					break;
				case 118:
					if (count == -1) return String(CharArray::of(0x75, 0x6E, 0x67, 0x61, 0x72, 0x73, 0x6B, 0x65, 0x20, 0x66, 0x6F, 0x72, 0x69, 0x6E, 0x74, 0x61, 0x72));
					break;
				case 119:
					if (count == -1) return String(CharArray::of(0x69, 0x6E, 0x64, 0x6F, 0x6E, 0x65, 0x73, 0x69, 0x73, 0x6B, 0x65, 0x20, 0x72, 0x75, 0x70, 0x69, 0x61, 0x68, 0x61, 0x72));
					if (count == 1) return String(CharArray::of(0x69, 0x6E, 0x64, 0x6F, 0x6E, 0x65, 0x73, 0x69, 0x73, 0x6B, 0x20, 0x72, 0x75, 0x70, 0x69, 0x61, 0x68));
					break;
				case 123:
					if (count == -1) return String(CharArray::of(0x6E, 0x79, 0x65, 0x20, 0x69, 0x73, 0x72, 0x61, 0x65, 0x6C, 0x73, 0x6B, 0x65, 0x20, 0x73, 0x68, 0x65, 0x6B, 0x6C, 0x61, 0x72));
					break;
				case 124:
					if (count == -1) return String(CharArray::of(0x69, 0x6E, 0x64, 0x69, 0x73, 0x6B, 0x65, 0x20, 0x72, 0x75, 0x70, 0x69, 0x61, 0x72));
					break;
				case 125:
					if (count == -1) return String(CharArray::of(0x69, 0x72, 0x61, 0x6B, 0x69, 0x73, 0x6B, 0x65, 0x20, 0x64, 0x69, 0x6E, 0x61, 0x72, 0x61, 0x72));
					if (count == 1) return String(CharArray::of(0x69, 0x72, 0x61, 0x6B, 0x69, 0x73, 0x6B, 0x20, 0x64, 0x69, 0x6E, 0x61, 0x72));
					break;
				case 126:
					if (count == -1) return String(CharArray::of(0x69, 0x72, 0x61, 0x6E, 0x73, 0x6B, 0x65, 0x20, 0x72, 0x69, 0x61, 0x6C));
					break;
				case 131:
					if (count == -1) return String(CharArray::of(0x6A, 0x6F, 0x72, 0x64, 0x61, 0x6E, 0x73, 0x6B, 0x65, 0x20, 0x64, 0x69, 0x6E, 0x61, 0x72, 0x61, 0x72));
					break;
				case 141:
					if (count == -1) return String(CharArray::of(0x6B, 0x75, 0x77, 0x61, 0x69, 0x74, 0x69, 0x73, 0x6B, 0x65, 0x20, 0x64, 0x69, 0x6E, 0x61, 0x72, 0x61, 0x72));
					break;
				case 146:
					if (count == -1) return String(CharArray::of(0x73, 0x72, 0x69, 0x6C, 0x61, 0x6E, 0x6B, 0x69, 0x73, 0x6B, 0x65, 0x20, 0x72, 0x75, 0x70, 0x69, 0x61, 0x72));
					break;
				case 149:
					if (count == -1) return String(CharArray::of(0x6C, 0x69, 0x74, 0x61, 0x75, 0x69, 0x73, 0x6B, 0x65, 0x20, 0x6C, 0x69, 0x74, 0x61));
					break;
				case 150:
					if (count == -1) return String(CharArray::of(0x6C, 0x69, 0x74, 0x61, 0x75, 0x69, 0x73, 0x6B, 0x65, 0x20, 0x74, 0x61, 0x6C, 0x6F, 0x6E, 0x61));
					if (count == 1) return String(CharArray::of(0x6C, 0x69, 0x74, 0x61, 0x75, 0x69, 0x73, 0x6B, 0x20, 0x74, 0x61, 0x6C, 0x6F, 0x6E, 0x61));
					break;
				case 151:
					if (count == -1) return String(CharArray::of(0x6C, 0x75, 0x78, 0x65, 0x6D, 0x62, 0x75, 0x72, 0x67, 0x73, 0x6B, 0x65, 0x20, 0x6B, 0x6F, 0x6E, 0x76, 0x65, 0x72, 0x74, 0x69, 0x62, 0x65, 0x6C, 0x20, 0x66, 0x72, 0x61, 0x6E, 0x63));
					break;
				case 154:
					if (count == -1) return String(CharArray::of(0x6C, 0x61, 0x74, 0x76, 0x69, 0x73, 0x6B, 0x65, 0x20, 0x6C, 0x61, 0x74));
					if (count == 1) return String(CharArray::of(0x6C, 0x61, 0x74, 0x76, 0x69, 0x73, 0x6B, 0x20, 0x6C, 0x61, 0x74));
					break;
				case 155:
					if (count == -1) return String(CharArray::of(0x6C, 0x61, 0x74, 0x76, 0x69, 0x73, 0x6B, 0x65, 0x20, 0x72, 0x75, 0x62, 0x6C, 0x61, 0x72));
					break;
				case 156:
					if (count == -1) return String(CharArray::of(0x6C, 0x69, 0x62, 0x79, 0x73, 0x6B, 0x65, 0x20, 0x64, 0x69, 0x6E, 0x61, 0x72, 0x61, 0x72));
					break;
				case 161:
					if (count == -1) return String(CharArray::of(0x6D, 0x6F, 0x6C, 0x64, 0x6F, 0x76, 0x73, 0x6B, 0x65, 0x20, 0x6C, 0x65, 0x75, 0x61, 0x72));
					if (count != 1) return String(CharArray::of(0x6D, 0x6F, 0x6C, 0x64, 0x6F, 0x76, 0x73, 0x6B, 0x65, 0x20, 0x6C, 0x65, 0x75, 0x61, 0x72));
					break;
				case 164:
					if (count == -1) return String(CharArray::of(0x6D, 0x61, 0x6B, 0x65, 0x64, 0x6F, 0x6E, 0x73, 0x6B, 0x65, 0x20, 0x64, 0x65, 0x6E, 0x61, 0x72, 0x61, 0x72));
					break;
				case 165:
					if (count == -1) return String(CharArray::of(0x6D, 0x61, 0x6B, 0x65, 0x64, 0x6F, 0x6E, 0x73, 0x6B, 0x65, 0x20, 0x64, 0x65, 0x6E, 0x61, 0x72, 0x61, 0x72, 0x20, 0x28, 0x31, 0x39, 0x39, 0x32, 0x2013, 0x31, 0x39, 0x39, 0x33, 0x29));
					break;
				case 174:
					if (count == -1) return String(CharArray::of(0x6D, 0x61, 0x75, 0x72, 0x69, 0x74, 0x69, 0x73, 0x6B, 0x65, 0x20, 0x72, 0x75, 0x70, 0x69, 0x61, 0x72));
					break;
				case 175:
					if (count == -1) return String(CharArray::of(0x6D, 0x61, 0x6C, 0x64, 0x69, 0x76, 0x69, 0x73, 0x6B, 0x65, 0x20, 0x72, 0x75, 0x70, 0x69, 0x61, 0x72));
					break;
				case 179:
					if (count == -1) return String(CharArray::of(0x6D, 0x65, 0x6B, 0x73, 0x69, 0x6B, 0x61, 0x6E, 0x73, 0x6B, 0x65, 0x20, 0x73, 0xF8, 0x6C, 0x76, 0x70, 0x65, 0x73, 0x6F, 0x20, 0x28, 0x31, 0x38, 0x36, 0x31, 0x2013, 0x31, 0x39, 0x39, 0x32, 0x29));
					if (count == 1) return String(CharArray::of(0x6D, 0x65, 0x6B, 0x73, 0x69, 0x6B, 0x61, 0x6E, 0x73, 0x6B, 0x20, 0x73, 0xF8, 0x6C, 0x76, 0x70, 0x65, 0x73, 0x6F, 0x20, 0x28, 0x4D, 0x58, 0x50, 0x29));
					if (count != 1) return String(CharArray::of(0x6D, 0x65, 0x6B, 0x73, 0x69, 0x6B, 0x61, 0x6E, 0x73, 0x6B, 0x65, 0x20, 0x73, 0xF8, 0x6C, 0x76, 0x70, 0x65, 0x73, 0x6F, 0x20, 0x28, 0x4D, 0x58, 0x50, 0x29));
					break;
				case 183:
					if (count == 1) return String(CharArray::of(0x67, 0x61, 0x6D, 0x6D, 0x61, 0x6C, 0x20, 0x6D, 0x6F, 0x73, 0x61, 0x6D, 0x62, 0x69, 0x6B, 0x69, 0x73, 0x6B, 0x20, 0x6D, 0x65, 0x74, 0x69, 0x63, 0x61, 0x6C));
					break;
				case 187:
					if (count == -1) return String(CharArray::of(0x6E, 0x69, 0x63, 0x61, 0x72, 0x61, 0x67, 0x75, 0x61, 0x6E, 0x73, 0x6B, 0x65, 0x20, 0x63, 0x6F, 0x72, 0x64, 0x6F, 0x62, 0x61));
					if (count == 1) return String(CharArray::of(0x6E, 0x69, 0x63, 0x61, 0x72, 0x61, 0x67, 0x75, 0x61, 0x6E, 0x73, 0x6B, 0x20, 0x63, 0x6F, 0x72, 0x64, 0x6F, 0x62, 0x61));
					break;
				case 191:
					if (count == -1) return String(CharArray::of(0x6E, 0x65, 0x70, 0x61, 0x6C, 0x73, 0x6B, 0x65, 0x20, 0x72, 0x75, 0x70, 0x69, 0x61, 0x72));
					break;
				case 192:
					if (count == -1) return String(CharArray::of(0x6E, 0x79, 0x7A, 0x65, 0x61, 0x6C, 0x61, 0x6E, 0x64, 0x73, 0x6B, 0x65, 0x20, 0x64, 0x6F, 0x6C, 0x6C, 0x61, 0x72));
					if (count == 1) return String(CharArray::of(0x6E, 0x79, 0x7A, 0x65, 0x61, 0x6C, 0x61, 0x6E, 0x64, 0x73, 0x6B, 0x20, 0x64, 0x6F, 0x6C, 0x6C, 0x61, 0x72));
					break;
				case 193:
					if (count == -1) return String(CharArray::of(0x6F, 0x6D, 0x61, 0x6E, 0x73, 0x6B, 0x65, 0x20, 0x72, 0x69, 0x61, 0x6C));
					break;
				case 200:
					if (count == -1) return String(CharArray::of(0x70, 0x61, 0x6B, 0x69, 0x73, 0x74, 0x61, 0x6E, 0x73, 0x6B, 0x65, 0x20, 0x72, 0x75, 0x70, 0x69, 0x61, 0x72));
					break;
				case 202:
					if (count == 1) return String(CharArray::of(0x70, 0x6F, 0x6C, 0x73, 0x6B, 0x20, 0x7A, 0x6C, 0x6F, 0x74, 0x79, 0x20, 0x28, 0x50, 0x4C, 0x5A, 0x29));
					if (count != 1) return String(CharArray::of(0x70, 0x6F, 0x6C, 0x73, 0x6B, 0x65, 0x20, 0x7A, 0x6C, 0x6F, 0x74, 0x79, 0x20, 0x28, 0x50, 0x4C, 0x5A, 0x29));
					break;
				case 204:
					if (count == -1) return String(CharArray::of(0x70, 0x61, 0x72, 0x61, 0x67, 0x75, 0x61, 0x79, 0x61, 0x6E, 0x73, 0x6B, 0x65, 0x20, 0x67, 0x75, 0x61, 0x72, 0x61, 0x6E, 0xED));
					if (count == 1) return String(CharArray::of(0x70, 0x61, 0x72, 0x61, 0x67, 0x75, 0x61, 0x79, 0x61, 0x6E, 0x73, 0x6B, 0x20, 0x67, 0x75, 0x61, 0x72, 0x61, 0x6E, 0xED));
					break;
				case 205:
					if (count == -1) return String(CharArray::of(0x71, 0x61, 0x74, 0x61, 0x72, 0x73, 0x6B, 0x65, 0x20, 0x72, 0x69, 0x61, 0x6C));
					break;
				case 207:
					if (count == -1) return String(CharArray::of(0x67, 0x61, 0x6D, 0x6C, 0x65, 0x20, 0x72, 0x75, 0x6D, 0x65, 0x6E, 0x73, 0x6B, 0x65, 0x20, 0x6C, 0x65, 0x75));
					if (count == 1) return String(CharArray::of(0x67, 0x61, 0x6D, 0x6D, 0x61, 0x6C, 0x20, 0x72, 0x75, 0x6D, 0x65, 0x6E, 0x73, 0x6B, 0x20, 0x6C, 0x65, 0x75));
					if (count != 1) return String(CharArray::of(0x67, 0x61, 0x6D, 0x6C, 0x65, 0x20, 0x72, 0x75, 0x6D, 0x65, 0x6E, 0x73, 0x6B, 0x65, 0x20, 0x6C, 0x65, 0x69));
					break;
				case 208:
					if (count == -1) return String(CharArray::of(0x72, 0x75, 0x6D, 0x65, 0x6E, 0x73, 0x6B, 0x65, 0x20, 0x6C, 0x65, 0x75, 0x61, 0x72));
					if (count != 1) return String(CharArray::of(0x72, 0x75, 0x6D, 0x65, 0x6E, 0x73, 0x6B, 0x65, 0x20, 0x6C, 0x65, 0x75, 0x61, 0x72));
					break;
				case 209:
					if (count == -1) return String(CharArray::of(0x73, 0x65, 0x72, 0x62, 0x69, 0x73, 0x6B, 0x65, 0x20, 0x64, 0x69, 0x6E, 0x61, 0x72, 0x61, 0x72));
					break;
				case 210:
					if (count == -1) return String(CharArray::of(0x72, 0x75, 0x73, 0x73, 0x69, 0x73, 0x6B, 0x65, 0x20, 0x72, 0x75, 0x62, 0x6C, 0x61, 0x72));
					break;
				case 211:
					if (count == -1) return String(CharArray::of(0x72, 0x75, 0x73, 0x73, 0x69, 0x73, 0x6B, 0x65, 0x20, 0x72, 0x75, 0x62, 0x6C, 0x61, 0x72, 0x20, 0x28, 0x31, 0x39, 0x39, 0x31, 0x2013, 0x31, 0x39, 0x39, 0x38, 0x29));
					break;
				case 213:
					if (count == -1) return String(CharArray::of(0x73, 0x61, 0x75, 0x64, 0x69, 0x61, 0x72, 0x61, 0x62, 0x69, 0x73, 0x6B, 0x65, 0x20, 0x72, 0x69, 0x61, 0x6C));
					if (count == 1) return String(CharArray::of(0x73, 0x61, 0x75, 0x64, 0x69, 0x61, 0x72, 0x61, 0x62, 0x69, 0x73, 0x6B, 0x20, 0x72, 0x69, 0x61, 0x6C));
					break;
				case 215:
					if (count == -1) return String(CharArray::of(0x73, 0x65, 0x79, 0x63, 0x68, 0x65, 0x6C, 0x6C, 0x69, 0x73, 0x6B, 0x65, 0x20, 0x72, 0x75, 0x70, 0x69, 0x61, 0x72));
					break;
				case 216:
					if (count == -1) return String(CharArray::of(0x67, 0x61, 0x6D, 0x6C, 0x65, 0x20, 0x73, 0x75, 0x64, 0x61, 0x6E, 0x73, 0x6B, 0x65, 0x20, 0x64, 0x69, 0x6E, 0x61, 0x72, 0x65, 0x72));
					if (count == 1) return String(CharArray::of(0x67, 0x61, 0x6D, 0x6D, 0x61, 0x6C, 0x20, 0x73, 0x75, 0x64, 0x61, 0x6E, 0x73, 0x6B, 0x20, 0x64, 0x69, 0x6E, 0x61, 0x72));
					if (count != 1) return String(CharArray::of(0x67, 0x61, 0x6D, 0x6C, 0x65, 0x20, 0x73, 0x75, 0x64, 0x61, 0x6E, 0x73, 0x6B, 0x65, 0x20, 0x64, 0x69, 0x6E, 0x61, 0x72, 0x61, 0x72));
					break;
				case 218:
					if (count == -1) return String(CharArray::of(0x67, 0x61, 0x6D, 0x6C, 0x65, 0x20, 0x73, 0x75, 0x64, 0x61, 0x6E, 0x73, 0x6B, 0x65, 0x20, 0x70, 0x75, 0x6E, 0x64));
					if (count == 1) return String(CharArray::of(0x67, 0x61, 0x6D, 0x6D, 0x61, 0x6C, 0x74, 0x20, 0x73, 0x75, 0x64, 0x61, 0x6E, 0x73, 0x6B, 0x20, 0x70, 0x75, 0x6E, 0x64));
					if (count != 1) return String(CharArray::of(0x67, 0x61, 0x6D, 0x6C, 0x65, 0x20, 0x73, 0x75, 0x64, 0x61, 0x6E, 0x73, 0x6B, 0x65, 0x20, 0x70, 0x75, 0x6E, 0x64));
					break;
				case 224:
					if (count == -1) return String(CharArray::of(0x73, 0x69, 0x65, 0x72, 0x72, 0x61, 0x6C, 0x65, 0x6F, 0x6E, 0x73, 0x6B, 0x20, 0x6C, 0x65, 0x6F, 0x6E, 0x65));
					break;
				case 225:
					if (count == -1) return String(CharArray::of(0x73, 0x69, 0x65, 0x72, 0x72, 0x61, 0x6C, 0x65, 0x6F, 0x6E, 0x73, 0x6B, 0x20, 0x6C, 0x65, 0x6F, 0x6E, 0x65, 0x20, 0x28, 0x31, 0x39, 0x36, 0x34, 0x2014, 0x32, 0x30, 0x32, 0x32, 0x29));
					break;
				case 232:
					if (count == -1) return String(CharArray::of(0x73, 0x6F, 0x76, 0x6A, 0x65, 0x74, 0x69, 0x73, 0x6B, 0x65, 0x20, 0x72, 0x75, 0x62, 0x6C, 0x61, 0x72));
					if (count != 1) return String(CharArray::of(0x73, 0x6F, 0x76, 0x6A, 0x65, 0x74, 0x69, 0x73, 0x6B, 0x65, 0x20, 0x72, 0x75, 0x62, 0x6C, 0x61, 0x72));
					break;
				case 235:
					if (count == -1) return String(CharArray::of(0x65, 0x73, 0x77, 0x61, 0x74, 0x69, 0x6E, 0x69, 0x73, 0x6B, 0x20, 0x6C, 0x69, 0x6C, 0x61, 0x6E, 0x67, 0x65, 0x6E, 0x69));
					if (count == 1) return String(CharArray::of(0x65, 0x73, 0x77, 0x61, 0x74, 0x69, 0x6E, 0x69, 0x73, 0x6B, 0x20, 0x6C, 0x69, 0x6C, 0x61, 0x6E, 0x67, 0x65, 0x6E, 0x69));
					if (count != 1) return String(CharArray::of(0x65, 0x73, 0x77, 0x61, 0x74, 0x69, 0x6E, 0x69, 0x73, 0x6B, 0x65, 0x20, 0x65, 0x6D, 0x61, 0x6C, 0x61, 0x6E, 0x67, 0x65, 0x6E, 0x69));
					break;
				case 237:
					if (count == -1) return String(CharArray::of(0x74, 0x61, 0x64, 0x73, 0x6A, 0x69, 0x6B, 0x69, 0x73, 0x6B, 0x65, 0x20, 0x72, 0x75, 0x62, 0x6C, 0x61, 0x72));
					if (count != 1) return String(CharArray::of(0x74, 0x61, 0x64, 0x73, 0x6A, 0x69, 0x6B, 0x69, 0x73, 0x6B, 0x65, 0x20, 0x72, 0x75, 0x62, 0x6C, 0x61, 0x72));
					break;
				case 241:
					if (count == -1) return String(CharArray::of(0x74, 0x75, 0x6E, 0x69, 0x73, 0x69, 0x73, 0x6B, 0x65, 0x20, 0x64, 0x69, 0x6E, 0x61, 0x72, 0x61, 0x72));
					break;
				case 244:
					if (count == -1) return String(CharArray::of(0x67, 0x61, 0x6D, 0x6C, 0x65, 0x20, 0x74, 0x79, 0x72, 0x6B, 0x69, 0x73, 0x6B, 0x65, 0x20, 0x6C, 0x69, 0x72, 0x65));
					if (count == 1) return String(CharArray::of(0x67, 0x61, 0x6D, 0x6D, 0x61, 0x6C, 0x20, 0x74, 0x79, 0x72, 0x6B, 0x69, 0x73, 0x6B, 0x20, 0x6C, 0x69, 0x72, 0x65));
					break;
				case 245:
					if (count == -1) return String(CharArray::of(0x74, 0x79, 0x72, 0x6B, 0x69, 0x73, 0x6B, 0x65, 0x20, 0x6C, 0x69, 0x72, 0x61));
					if (count == 1) return String(CharArray::of(0x74, 0x79, 0x72, 0x6B, 0x69, 0x73, 0x6B, 0x20, 0x6C, 0x69, 0x72, 0x61));
					break;
				case 255:
					if (count == -1) return String(CharArray::of(0x61, 0x6D, 0x65, 0x72, 0x69, 0x6B, 0x61, 0x6E, 0x73, 0x6B, 0x65, 0x20, 0x64, 0x6F, 0x6C, 0x6C, 0x61, 0x72, 0x20, 0x28, 0x73, 0x61, 0x6D, 0x65, 0x20, 0x64, 0x61, 0x67, 0x29));
					if (count == 1) return String(CharArray::of(0x61, 0x6D, 0x65, 0x72, 0x69, 0x6B, 0x61, 0x6E, 0x73, 0x6B, 0x20, 0x64, 0x6F, 0x6C, 0x6C, 0x61, 0x72, 0x20, 0x28, 0x73, 0x61, 0x6D, 0x65, 0x20, 0x64, 0x61, 0x67, 0x29));
					break;
				case 256:
					if (count == -1) return String(CharArray::of(0x75, 0x72, 0x75, 0x67, 0x75, 0x61, 0x79, 0x61, 0x6E, 0x73, 0x6B, 0x65, 0x20, 0x70, 0x65, 0x73, 0x6F, 0x20, 0x65, 0x6E, 0x20, 0x75, 0x6E, 0x69, 0x64, 0x61, 0x64, 0x65, 0x73, 0x20, 0x69, 0x6E, 0x64, 0x65, 0x78, 0x61, 0x64, 0x61, 0x73));
					if (count == 1) return String(CharArray::of(0x75, 0x72, 0x75, 0x67, 0x75, 0x61, 0x79, 0x61, 0x6E, 0x73, 0x6B, 0x20, 0x70, 0x65, 0x73, 0x6F, 0x20, 0x65, 0x6E, 0x20, 0x75, 0x6E, 0x69, 0x64, 0x61, 0x64, 0x65, 0x73, 0x20, 0x69, 0x6E, 0x64, 0x65, 0x78, 0x61, 0x64, 0x61, 0x73));
					break;
				case 257:
					if (count == -1) return String(CharArray::of(0x75, 0x72, 0x75, 0x67, 0x75, 0x61, 0x79, 0x61, 0x6E, 0x73, 0x6B, 0x65, 0x20, 0x70, 0x65, 0x73, 0x6F, 0x20, 0x28, 0x31, 0x39, 0x37, 0x35, 0x2013, 0x31, 0x39, 0x39, 0x33, 0x29));
					if (count == 1) return String(CharArray::of(0x75, 0x72, 0x75, 0x67, 0x75, 0x61, 0x79, 0x61, 0x6E, 0x73, 0x6B, 0x20, 0x70, 0x65, 0x73, 0x6F, 0x20, 0x28, 0x55, 0x59, 0x50, 0x29));
					if (count != 1) return String(CharArray::of(0x75, 0x72, 0x75, 0x67, 0x75, 0x61, 0x79, 0x61, 0x6E, 0x73, 0x6B, 0x65, 0x20, 0x70, 0x65, 0x73, 0x6F, 0x20, 0x28, 0x55, 0x59, 0x50, 0x29));
					break;
				case 258:
					if (count == 1) return String(CharArray::of(0x75, 0x72, 0x75, 0x67, 0x75, 0x61, 0x79, 0x61, 0x6E, 0x73, 0x6B, 0x20, 0x70, 0x65, 0x73, 0x6F));
					break;
				case 260:
					if (count == -1) return String(CharArray::of(0x75, 0x73, 0x62, 0x65, 0x6B, 0x69, 0x73, 0x6B, 0x65, 0x20, 0x73, 0x75, 0x6D));
					if (count == 1) return String(CharArray::of(0x75, 0x73, 0x62, 0x65, 0x6B, 0x69, 0x73, 0x6B, 0x20, 0x73, 0x75, 0x6D));
					break;
				case 267:
					if (count == -1) return String(CharArray::of(0x76, 0x61, 0x6E, 0x75, 0x61, 0x74, 0x75, 0x69, 0x73, 0x6B, 0x65, 0x20, 0x76, 0x61, 0x74, 0x75));
					if (count == 1) return String(CharArray::of(0x76, 0x61, 0x6E, 0x75, 0x61, 0x74, 0x75, 0x69, 0x73, 0x6B, 0x20, 0x76, 0x61, 0x74, 0x75));
					break;
				case 272:
					if (count == -1) return String(CharArray::of(0x65, 0x75, 0x72, 0x6F, 0x70, 0x65, 0x69, 0x73, 0x6B, 0x65, 0x20, 0x73, 0x61, 0x6D, 0x61, 0x6E, 0x73, 0x65, 0x74, 0x74, 0x65, 0x20, 0x65, 0x69, 0x6E, 0x69, 0x6E, 0x67, 0x61, 0x72));
					if (count == 1) return String(CharArray::of(0x65, 0x75, 0x72, 0x6F, 0x70, 0x65, 0x69, 0x73, 0x6B, 0x20, 0x73, 0x61, 0x6D, 0x61, 0x6E, 0x73, 0x65, 0x74, 0x74, 0x20, 0x65, 0x69, 0x6E, 0x69, 0x6E, 0x67));
					if (count != 1) return String(CharArray::of(0x65, 0x75, 0x72, 0x6F, 0x70, 0x65, 0x69, 0x73, 0x6B, 0x65, 0x20, 0x73, 0x61, 0x6D, 0x61, 0x6E, 0x73, 0x65, 0x74, 0x74, 0x65, 0x20, 0x65, 0x69, 0x6E, 0x69, 0x6E, 0x67, 0x61, 0x72));
					break;
				case 273:
					if (count == -1) return String(CharArray::of(0x65, 0x75, 0x72, 0x6F, 0x70, 0x65, 0x69, 0x73, 0x6B, 0x65, 0x20, 0x6D, 0x6F, 0x6E, 0x65, 0x74, 0xE6, 0x72, 0x65, 0x20, 0x65, 0x69, 0x6E, 0x69, 0x6E, 0x67, 0x61, 0x72));
					if (count == 1) return String(CharArray::of(0x65, 0x75, 0x72, 0x6F, 0x70, 0x65, 0x69, 0x73, 0x6B, 0x20, 0x6D, 0x6F, 0x6E, 0x65, 0x74, 0xE6, 0x72, 0x20, 0x65, 0x69, 0x6E, 0x69, 0x6E, 0x67));
					if (count != 1) return String(CharArray::of(0x65, 0x75, 0x72, 0x6F, 0x70, 0x65, 0x69, 0x73, 0x6B, 0x65, 0x20, 0x6D, 0x6F, 0x6E, 0x65, 0x74, 0xE6, 0x72, 0x65, 0x20, 0x65, 0x69, 0x6E, 0x69, 0x6E, 0x67, 0x61, 0x72));
					break;
				case 274:
					if (count == -1) return String(CharArray::of(0x65, 0x75, 0x72, 0x6F, 0x70, 0x65, 0x69, 0x73, 0x6B, 0x65, 0x20, 0x6B, 0x6F, 0x6E, 0x74, 0x6F, 0x65, 0x69, 0x6E, 0x69, 0x6E, 0x67, 0x61, 0x72, 0x20, 0x28, 0x58, 0x42, 0x43, 0x29));
					if (count == 1) return String(CharArray::of(0x65, 0x75, 0x72, 0x6F, 0x70, 0x65, 0x69, 0x73, 0x6B, 0x20, 0x6B, 0x6F, 0x6E, 0x74, 0x6F, 0x65, 0x69, 0x6E, 0x69, 0x6E, 0x67, 0x20, 0x28, 0x58, 0x42, 0x43, 0x29));
					if (count != 1) return String(CharArray::of(0x65, 0x75, 0x72, 0x6F, 0x70, 0x65, 0x69, 0x73, 0x6B, 0x65, 0x20, 0x6B, 0x6F, 0x6E, 0x74, 0x6F, 0x65, 0x69, 0x6E, 0x69, 0x6E, 0x67, 0x61, 0x72, 0x20, 0x28, 0x58, 0x42, 0x43, 0x29));
					break;
				case 275:
					if (count == -1) return String(CharArray::of(0x65, 0x75, 0x72, 0x6F, 0x70, 0x65, 0x69, 0x73, 0x6B, 0x65, 0x20, 0x6B, 0x6F, 0x6E, 0x74, 0x6F, 0x65, 0x69, 0x6E, 0x69, 0x6E, 0x67, 0x61, 0x72, 0x20, 0x28, 0x58, 0x42, 0x44, 0x29));
					if (count == 1) return String(CharArray::of(0x65, 0x75, 0x72, 0x6F, 0x70, 0x65, 0x69, 0x73, 0x6B, 0x20, 0x6B, 0x6F, 0x6E, 0x74, 0x6F, 0x65, 0x69, 0x6E, 0x69, 0x6E, 0x67, 0x20, 0x28, 0x58, 0x42, 0x44, 0x29));
					if (count != 1) return String(CharArray::of(0x65, 0x75, 0x72, 0x6F, 0x70, 0x65, 0x69, 0x73, 0x6B, 0x65, 0x20, 0x6B, 0x6F, 0x6E, 0x74, 0x6F, 0x65, 0x69, 0x6E, 0x69, 0x6E, 0x67, 0x61, 0x72, 0x20, 0x28, 0x58, 0x42, 0x44, 0x29));
					break;
				case 276:
					if (count == -1) return String(CharArray::of(0x61, 0x75, 0x73, 0x74, 0x6B, 0x61, 0x72, 0x69, 0x62, 0x69, 0x73, 0x6B, 0x65, 0x20, 0x64, 0x6F, 0x6C, 0x6C, 0x61, 0x72));
					if (count == 1) return String(CharArray::of(0x61, 0x75, 0x73, 0x74, 0x6B, 0x61, 0x72, 0x69, 0x62, 0x69, 0x73, 0x6B, 0x20, 0x64, 0x6F, 0x6C, 0x6C, 0x61, 0x72));
					break;
				case 278:
					if (count == -1) return String(CharArray::of(0x73, 0x70, 0x65, 0x73, 0x69, 0x65, 0x6C, 0x6C, 0x65, 0x20, 0x74, 0x72, 0x65, 0x6B, 0x6B, 0x72, 0x65, 0x74, 0x74, 0x61, 0x72));
					if (count == 1) return String(CharArray::of(0x73, 0x70, 0x65, 0x73, 0x69, 0x65, 0x6C, 0x6C, 0x20, 0x74, 0x72, 0x65, 0x6B, 0x6B, 0x72, 0x65, 0x74, 0x74));
					if (count != 1) return String(CharArray::of(0x73, 0x70, 0x65, 0x73, 0x69, 0x65, 0x6C, 0x6C, 0x65, 0x20, 0x74, 0x72, 0x65, 0x6B, 0x6B, 0x72, 0x65, 0x74, 0x74, 0x61, 0x72));
					break;
				case 279:
					if (count == -1) return String(CharArray::of(0x65, 0x75, 0x72, 0x6F, 0x70, 0x65, 0x69, 0x73, 0x6B, 0x65, 0x20, 0x76, 0x61, 0x6C, 0x75, 0x74, 0x61, 0x65, 0x69, 0x6E, 0x69, 0x6E, 0x67, 0x61, 0x72));
					if (count == 1) return String(CharArray::of(0x65, 0x75, 0x72, 0x6F, 0x70, 0x65, 0x69, 0x73, 0x6B, 0x20, 0x76, 0x61, 0x6C, 0x75, 0x74, 0x61, 0x65, 0x69, 0x6E, 0x69, 0x6E, 0x67));
					if (count != 1) return String(CharArray::of(0x65, 0x75, 0x72, 0x6F, 0x70, 0x65, 0x69, 0x73, 0x6B, 0x65, 0x20, 0x76, 0x61, 0x6C, 0x75, 0x74, 0x61, 0x65, 0x69, 0x6E, 0x69, 0x6E, 0x67, 0x61, 0x72));
					break;
				case 283:
					if (count == 1) return String(CharArray::of(0x70, 0x61, 0x6C, 0x6C, 0x61, 0x64, 0x69, 0x75, 0x6D));
					if (count != 1) return String(CharArray::of(0x70, 0x61, 0x6C, 0x6C, 0x61, 0x64, 0x69, 0x75, 0x6D));
					break;
				case 288:
					if (count != 1) return String(CharArray::of(0x74, 0x65, 0x73, 0x74, 0x76, 0x61, 0x6C, 0x75, 0x74, 0x61, 0x6B, 0x6F, 0x64, 0x65));
					break;
				case 290:
					if (count == -1) return String(CharArray::of(0x75, 0x6B, 0x6A, 0x65, 0x6E, 0x64, 0x20, 0x76, 0x61, 0x6C, 0x75, 0x74, 0x61));
					if (count != 1) return String(CharArray::of(0x28, 0x75, 0x6B, 0x6A, 0x65, 0x6E, 0x64, 0x20, 0x76, 0x61, 0x6C, 0x75, 0x74, 0x61, 0x29));
					break;
				case 291:
					if (count == -1) return String(CharArray::of(0x6A, 0x65, 0x6D, 0x65, 0x6E, 0x69, 0x74, 0x74, 0x69, 0x73, 0x6B, 0x65, 0x20, 0x64, 0x69, 0x6E, 0x61, 0x72, 0x61, 0x72));
					if (count != 1) return String(CharArray::of(0x6A, 0x65, 0x6D, 0x65, 0x6E, 0x69, 0x74, 0x74, 0x69, 0x73, 0x6B, 0x65, 0x20, 0x64, 0x69, 0x6E, 0x61, 0x72, 0x61, 0x72));
					break;
				case 292:
					if (count == -1) return String(CharArray::of(0x6A, 0x65, 0x6D, 0x65, 0x6E, 0x69, 0x74, 0x74, 0x69, 0x73, 0x6B, 0x65, 0x20, 0x72, 0x69, 0x61, 0x6C));
					break;
				case 293:
					if (count == -1) return String(CharArray::of(0x6A, 0x75, 0x67, 0x6F, 0x73, 0x6C, 0x61, 0x76, 0x69, 0x73, 0x6B, 0x65, 0x20, 0x64, 0x69, 0x6E, 0x61, 0x72, 0x61, 0x72, 0x20, 0x28, 0x68, 0x61, 0x72, 0x64, 0x29));
					if (count != 1) return String(CharArray::of(0x6A, 0x75, 0x67, 0x6F, 0x73, 0x6C, 0x61, 0x76, 0x69, 0x73, 0x6B, 0x65, 0x20, 0x64, 0x69, 0x6E, 0x61, 0x72, 0x61, 0x72, 0x20, 0x28, 0x68, 0x61, 0x72, 0x64, 0x29));
					break;
				case 294:
					if (count == -1) return String(CharArray::of(0x6A, 0x75, 0x67, 0x6F, 0x73, 0x6C, 0x61, 0x76, 0x69, 0x73, 0x6B, 0x65, 0x20, 0x6E, 0x6F, 0x76, 0x69, 0x79, 0x2D, 0x64, 0x69, 0x6E, 0x61, 0x72, 0x61, 0x72));
					if (count != 1) return String(CharArray::of(0x6A, 0x75, 0x67, 0x6F, 0x73, 0x6C, 0x61, 0x76, 0x69, 0x73, 0x6B, 0x65, 0x20, 0x6E, 0x6F, 0x76, 0x69, 0x79, 0x2D, 0x64, 0x69, 0x6E, 0x61, 0x72, 0x61, 0x72));
					break;
				case 295:
					if (count == -1) return String(CharArray::of(0x6A, 0x75, 0x67, 0x6F, 0x73, 0x6C, 0x61, 0x76, 0x69, 0x73, 0x6B, 0x65, 0x20, 0x6B, 0x6F, 0x6E, 0x76, 0x65, 0x72, 0x74, 0x69, 0x62, 0x65, 0x6C, 0x20, 0x64, 0x69, 0x6E, 0x61, 0x72, 0x61, 0x72));
					if (count != 1) return String(CharArray::of(0x6A, 0x75, 0x67, 0x6F, 0x73, 0x6C, 0x61, 0x76, 0x69, 0x73, 0x6B, 0x65, 0x20, 0x6B, 0x6F, 0x6E, 0x76, 0x65, 0x72, 0x74, 0x69, 0x62, 0x6C, 0x65, 0x20, 0x64, 0x69, 0x6E, 0x61, 0x72, 0x61, 0x72));
					break;
				case 297:
					if (count == -1) return String(CharArray::of(0x73, 0xF8, 0x72, 0x61, 0x66, 0x72, 0x69, 0x6B, 0x61, 0x6E, 0x73, 0x6B, 0x65, 0x20, 0x72, 0x61, 0x6E, 0x64, 0x20, 0x28, 0x66, 0x69, 0x6E, 0x61, 0x6E, 0x73, 0x69, 0x65, 0x6C, 0x6C, 0x29));
					break;
				case 301:
					if (count == -1) return String(CharArray::of(0x7A, 0x61, 0x69, 0x72, 0x69, 0x73, 0x6B, 0x20, 0x6E, 0x79, 0x20, 0x7A, 0x61, 0x69, 0x72, 0x65));
					break;
				case 302:
					if (count == -1) return String(CharArray::of(0x7A, 0x61, 0x69, 0x72, 0x69, 0x73, 0x6B, 0x20, 0x7A, 0x61, 0x69, 0x72, 0x65));
					break;
				case 303:
					if (count == -1) return String(CharArray::of(0x7A, 0x69, 0x6D, 0x62, 0x61, 0x62, 0x77, 0x69, 0x73, 0x6B, 0x20, 0x64, 0x6F, 0x6C, 0x6C, 0x61, 0x72));
					break;
            default: break;
            }
            return String();
        }
        
        String Nn::displayUnit(gint unit, gint count) const {
            switch(unit) { 
				case 6: return String(CharArray::of(0x6F, 0x6D, 0x64, 0x72, 0x65, 0x69, 0x69, 0x6E, 0x67));
				case 3: return String(CharArray::of(0x62, 0x6F, 0x67, 0x65, 0x73, 0x65, 0x6B, 0x75, 0x6E, 0x64));
				case 18: return String(CharArray::of(0x65, 0x6E, 0x67, 0x65, 0x6C, 0x73, 0x6B, 0x65, 0x20, 0x6B, 0x76, 0x61, 0x64, 0x72, 0x61, 0x74, 0x6D, 0x69, 0x6C));
				case 15: return String(CharArray::of(0x6B, 0x76, 0x61, 0x64, 0x72, 0x61, 0x74, 0x74, 0x6F, 0x6D, 0x6D, 0x61, 0x72));
				case 20: return String(CharArray::of(0x65, 0x6C, 0x65, 0x6D, 0x65, 0x6E, 0x74));
				case 27: return String(CharArray::of(0x64, 0x65, 0x6C, 0x61, 0x72, 0x20, 0x70, 0x65, 0x72, 0x20, 0x6D, 0x69, 0x6C, 0x6C, 0x69, 0x6F, 0x6E));
				case 32: return String(CharArray::of(0x65, 0x6E, 0x67, 0x65, 0x6C, 0x73, 0x6B, 0x65, 0x20, 0x6D, 0x69, 0x6C, 0x20, 0x70, 0x65, 0x72, 0x20, 0x67, 0x61, 0x6C, 0x6C, 0x6F, 0x6E));
				case 33: return String(CharArray::of(0x65, 0x6E, 0x67, 0x65, 0x6C, 0x73, 0x6B, 0x65, 0x20, 0x6D, 0x69, 0x6C, 0x20, 0x70, 0x65, 0x72, 0x20, 0x62, 0x72, 0x69, 0x74, 0x69, 0x73, 0x6B, 0x65, 0x20, 0x67, 0x61, 0x6C, 0x6C, 0x6F, 0x6E));
				case 45: return String(CharArray::of(0x68, 0x75, 0x6E, 0x64, 0x72, 0x65, 0xE5, 0x72));
				case 52: return String(CharArray::of(0x6D, 0x69, 0x6E, 0x75, 0x74, 0x74));
				case 58: return String(CharArray::of(0x73, 0x65, 0x6B, 0x75, 0x6E, 0x64));
				case 51: return String(CharArray::of(0x6D, 0x69, 0x6C, 0x6C, 0x69, 0x73, 0x65, 0x6B, 0x75, 0x6E, 0x64));
				case 50: return String(CharArray::of(0x6D, 0x69, 0x6B, 0x72, 0x6F, 0x73, 0x65, 0x6B, 0x75, 0x6E, 0x64));
				case 55: return String(CharArray::of(0x6E, 0x61, 0x6E, 0x6F, 0x73, 0x65, 0x6B, 0x75, 0x6E, 0x64));
				case 72: return String(CharArray::of(0x6B, 0x69, 0x6C, 0x6F, 0x6B, 0x61, 0x6C, 0x6F, 0x72, 0x69, 0x61, 0x72));
				case 68: return String(CharArray::of(0x6B, 0x61, 0x6C, 0x6F, 0x72, 0x69, 0x61, 0x72));
				case 70: return String(CharArray::of(0x6B, 0x61, 0x6C, 0x6F, 0x72, 0x69, 0x61, 0x72));
				case 74: return String(CharArray::of(0x6B, 0x69, 0x6C, 0x6F, 0x77, 0x61, 0x74, 0x74, 0x69, 0x6D, 0x61, 0x72));
				case 67: return String(CharArray::of(0x42, 0x72, 0x69, 0x74, 0x69, 0x73, 0x68, 0x20, 0x74, 0x68, 0x65, 0x72, 0x6D, 0x61, 0x6C, 0x20, 0x75, 0x6E, 0x69, 0x74, 0x73));
				case 89: return String(CharArray::of(0x70, 0x69, 0x6B, 0x73, 0x6C, 0x61, 0x72, 0x20, 0x70, 0x65, 0x72, 0x20, 0x63, 0x65, 0x6E, 0x74, 0x69, 0x6D, 0x65, 0x74, 0x65, 0x72));
				case 90: return String(CharArray::of(0x70, 0x69, 0x6B, 0x73, 0x6C, 0x61, 0x72, 0x20, 0x70, 0x65, 0x72, 0x20, 0x74, 0x6F, 0x6D, 0x6D, 0x65));
				case 84: return String(CharArray::of(0x70, 0x75, 0x6E, 0x6B, 0x74, 0x20, 0x70, 0x65, 0x72, 0x20, 0x63, 0x65, 0x6E, 0x74, 0x69, 0x6D, 0x65, 0x74, 0x65, 0x72));
				case 85: return String(CharArray::of(0x70, 0x75, 0x6E, 0x6B, 0x74, 0x20, 0x70, 0x65, 0x72, 0x20, 0x74, 0x6F, 0x6D, 0x6D, 0x65));
				case 103: return String(CharArray::of(0x6D, 0x65, 0x74, 0x65, 0x72));
				case 91: return String(CharArray::of(0x61, 0x73, 0x74, 0x72, 0x6F, 0x6E, 0x6F, 0x6D, 0x69, 0x73, 0x6B, 0x65, 0x20, 0x65, 0x69, 0x6E, 0x69, 0x6E, 0x67, 0x61, 0x72));
				case 112: return String(CharArray::of(0x74, 0x79, 0x70, 0x6F, 0x67, 0x72, 0x61, 0x66, 0x69, 0x73, 0x6B, 0x65, 0x20, 0x70, 0x75, 0x6E, 0x6B, 0x74));
				case 117: return String(CharArray::of(0x73, 0x6F, 0x6C, 0x72, 0x61, 0x64, 0x69, 0x75, 0x73));
				case 137: return String(CharArray::of(0x65, 0x6E, 0x67, 0x65, 0x6C, 0x73, 0x6B, 0x65, 0x20, 0x73, 0x74, 0x6F, 0x6E, 0x65, 0x73));
				case 126: return String(CharArray::of(0x6A, 0x6F, 0x72, 0x64, 0x6D, 0x61, 0x73, 0x73, 0x61, 0x72));
				case 150: return String(CharArray::of(0x74, 0x6F, 0x6D, 0x6D, 0x61, 0x72, 0x20, 0x6B, 0x76, 0x69, 0x6B, 0x6B, 0x73, 0xF8, 0x6C, 0x76));
				case 146: return String(CharArray::of(0x61, 0x74, 0x6D, 0x6F, 0x73, 0x66, 0xE6, 0x72, 0x61, 0x72));
				case 162: return String(CharArray::of(0x65, 0x6E, 0x67, 0x65, 0x6C, 0x73, 0x6B, 0x65, 0x20, 0x6D, 0x69, 0x6C, 0x20, 0x70, 0x65, 0x72, 0x20, 0x74, 0x69, 0x6D, 0x65));
				case 165: return String(CharArray::of(0xB0));
				case 168: return String(CharArray::of(0x70, 0x6F, 0x75, 0x6E, 0x64, 0x2D, 0x66, 0x65, 0x65, 0x74));
				case 178: return String(CharArray::of(0x65, 0x6E, 0x67, 0x65, 0x6C, 0x73, 0x6B, 0x65, 0x20, 0x6B, 0x75, 0x62, 0x69, 0x6B, 0x6B, 0x6D, 0x69, 0x6C));
				case 175: return String(CharArray::of(0x6B, 0x75, 0x62, 0x69, 0x6B, 0x6B, 0x74, 0x6F, 0x6D, 0x6D, 0x61, 0x72));
				case 182: return String(CharArray::of(0x6D, 0x65, 0x74, 0x72, 0x69, 0x73, 0x6B, 0x65, 0x20, 0x6B, 0x6F, 0x70, 0x70, 0x61, 0x72));
				case 207: return String(CharArray::of(0x6D, 0x61, 0x74, 0x73, 0x6B, 0x65, 0x69, 0x65, 0x72));
				case 208: return String(CharArray::of(0x74, 0x65, 0x73, 0x6B, 0x65, 0x69, 0x65, 0x72));
				case 184: return String(CharArray::of(0x64, 0x65, 0x73, 0x73, 0x65, 0x72, 0x74, 0x73, 0x6B, 0x65, 0x69));
				case 185: return String(CharArray::of(0x62, 0x72, 0x69, 0x74, 0x69, 0x73, 0x6B, 0x20, 0x64, 0x65, 0x73, 0x73, 0x65, 0x72, 0x74, 0x73, 0x6B, 0x65, 0x69));
            default: break;
            }
            return String();
        }
        
        String Nn::displayShortUnit(gint unit, gint count) const {
            switch(unit) { 
				case 1: return String(CharArray::of(0x6D, 0x2F, 0x73, 0xB2));
				case 5: return String(CharArray::of(0x72, 0x61, 0x64, 0x69, 0x61, 0x6E, 0x61, 0x72));
				case 2: return String(CharArray::of(0x62, 0x6F, 0x67, 0x65, 0x6D, 0x69, 0x6E, 0x75, 0x74, 0x74));
				case 3: return String(CharArray::of(0x62, 0x6F, 0x67, 0x65, 0x73, 0x65, 0x6B, 0x75, 0x6E, 0x64));
				case 18: return String(CharArray::of(0x65, 0x6E, 0x67, 0x65, 0x6C, 0x73, 0x6B, 0x65, 0x20, 0x6D, 0x69, 0x6C, 0xB2));
				case 15: return String(CharArray::of(0x74, 0x6F, 0x6D, 0x6D, 0x61, 0x72, 0xB2));
				case 23: return String(CharArray::of(0x6D, 0x6D, 0x6F, 0x6C, 0x2F, 0x6C));
				case 31: return String(CharArray::of(0x6C, 0x2F, 0x6B, 0x6D));
				case 32: return String(CharArray::of(0x65, 0x6E, 0x67, 0x2E, 0x20, 0x6D, 0x69, 0x6C, 0x2F, 0x67, 0x61, 0x6C));
				case 33: return String(CharArray::of(0x65, 0x6E, 0x67, 0x2E, 0x20, 0x6D, 0x69, 0x6C, 0x2F, 0x62, 0x72, 0x69, 0x74, 0x2E, 0x20, 0x67, 0x61, 0x6C));
				case 43: return String(CharArray::of(0x54, 0x62));
				case 36: return String(CharArray::of(0x47, 0x62));
				case 40: return String(CharArray::of(0x4D, 0x62));
				case 38: return String(CharArray::of(0x6B, 0x62));
				case 45: return String(CharArray::of(0x68, 0xE5, 0x2E));
				case 53: return String(CharArray::of(0x6D, 0xE5, 0x6E, 0x61, 0x64, 0x61, 0x72));
				case 59: return String(CharArray::of(0x76, 0x65, 0x6B, 0x65, 0x72));
				case 49: return String(CharArray::of(0x74, 0x69, 0x6D, 0x61, 0x72));
				case 52: return String(CharArray::of(0x6D, 0x69, 0x6E, 0x75, 0x74, 0x74));
				case 58: return String(CharArray::of(0x73, 0x65, 0x6B, 0x75, 0x6E, 0x64));
				case 51: return String(CharArray::of(0x6D, 0x69, 0x6C, 0x6C, 0x69, 0x73, 0x65, 0x6B, 0x75, 0x6E, 0x64));
				case 50: return String(CharArray::of(0x6D, 0x69, 0x6B, 0x72, 0x6F, 0x73, 0x65, 0x6B, 0x75, 0x6E, 0x64));
				case 70: return String(CharArray::of(0x63, 0x61, 0x6C));
				case 78: return String(CharArray::of(0x70, 0x6F, 0x75, 0x6E, 0x64, 0x66, 0x6F, 0x72, 0x63, 0x65));
				case 88: return String(CharArray::of(0x70, 0x69, 0x6B, 0x73, 0x6C, 0x61, 0x72));
				case 87: return String(CharArray::of(0x6D, 0x65, 0x67, 0x61, 0x70, 0x69, 0x6B, 0x73, 0x6C, 0x61, 0x72));
				case 85: return String(CharArray::of(0x70, 0x70, 0x74));
				case 103: return String(CharArray::of(0x6D));
				case 111: return String(CharArray::of(0x70, 0x69, 0x6B, 0x6F, 0x6D, 0x65, 0x74, 0x65, 0x72));
				case 105: return String(CharArray::of(0x65, 0x6E, 0x67, 0x65, 0x6C, 0x73, 0x6B, 0x65, 0x20, 0x6D, 0x69, 0x6C));
				case 119: return String(CharArray::of(0x65, 0x6E, 0x67, 0x65, 0x6C, 0x73, 0x6B, 0x65, 0x20, 0x79, 0x61, 0x72, 0x64));
				case 98: return String(CharArray::of(0x74, 0x6F, 0x6D, 0x6D, 0x61, 0x72));
				case 91: return String(CharArray::of(0x61, 0x75));
				case 95: return String(CharArray::of(0x66, 0x61, 0x6D, 0x6E, 0x65, 0x72));
				case 112: return String(CharArray::of(0x70, 0x74));
				case 123: return String(CharArray::of(0x73, 0x6F, 0x6C, 0x6C, 0x75, 0x6D, 0x69, 0x6E, 0x6F, 0x73, 0x69, 0x74, 0x65, 0x74, 0x61, 0x72));
				case 137: return String(CharArray::of(0x73, 0x74, 0x6F, 0x6E, 0x65, 0x73));
				case 126: return String(CharArray::of(0x6A, 0x6F, 0x72, 0x64, 0x6D, 0x61, 0x73, 0x73, 0x61, 0x72));
				case 136: return String(CharArray::of(0x73, 0x6F, 0x6C, 0x6D, 0x61, 0x73, 0x73, 0x61, 0x72));
				case 162: return String(CharArray::of(0x65, 0x6E, 0x67, 0x65, 0x6C, 0x73, 0x6B, 0x65, 0x20, 0x6D, 0x69, 0x6C, 0x2F, 0x74));
				case 178: return String(CharArray::of(0x65, 0x6E, 0x67, 0x65, 0x6C, 0x73, 0x6B, 0x65, 0x20, 0x6D, 0x69, 0x6C, 0xB3));
				case 175: return String(CharArray::of(0x74, 0x6F, 0x6D, 0x6D, 0x61, 0x72, 0xB3));
				case 182: return String(CharArray::of(0x6D, 0x2E, 0x20, 0x6B, 0x6F, 0x70, 0x70, 0x61, 0x72));
				case 180: return String(CharArray::of(0x6B, 0x6F, 0x70, 0x70, 0x61, 0x72));
				case 188: return String(CharArray::of(0x76, 0xE6, 0x73, 0x6B, 0x65, 0x75, 0x6E, 0x73, 0x65));
				case 189: return String(CharArray::of(0x62, 0x72, 0x69, 0x74, 0x69, 0x73, 0x6B, 0x20, 0x76, 0xE6, 0x73, 0x6B, 0x65, 0x75, 0x6E, 0x73, 0x65));
				case 207: return String(CharArray::of(0x6D, 0x73));
				case 184: return String(CharArray::of(0x64, 0x73, 0x73, 0x6B, 0x65, 0x69));
				case 185: return String(CharArray::of(0x62, 0x72, 0x69, 0x74, 0x2E, 0x20, 0x64, 0x73, 0x73, 0x6B, 0x65, 0x69));
				case 187: return String(CharArray::of(0x64, 0x72, 0x6F, 0x70, 0x65));
				case 204: return String(CharArray::of(0x62, 0x72, 0x69, 0x74, 0x2E, 0x20, 0x71, 0x75, 0x61, 0x72, 0x74));
				case 29: return String(CharArray::of(0x64, 0x65, 0x6C, 0x61, 0x72, 0x2F, 0x6D, 0x69, 0x6C, 0x6C, 0x69, 0x61, 0x72, 0x64));
            default: break;
            }
            return String();
        }
        
        String Nn::displayNarrowUnit(gint unit, gint count) const {
            switch(unit) { 
				case 2: return String(CharArray::of(0x62, 0x6F, 0x67, 0x65, 0x6D, 0x69, 0x6E));
				case 3: return String(CharArray::of(0x62, 0x6F, 0x67, 0x65, 0x73, 0x65, 0x6B));
				case 30: return String(CharArray::of(0x6C, 0x2F, 0x31, 0x30, 0x30, 0x20, 0x6B, 0x6D));
				case 32: return String(CharArray::of(0x6D, 0x69, 0x6C, 0x65, 0x73, 0x2F, 0x67, 0x61, 0x6C));
				case 33: return String(CharArray::of(0x6D, 0x69, 0x6C, 0x65, 0x73, 0x2F, 0x62, 0x72, 0x69, 0x74, 0x2E, 0x20, 0x67, 0x61, 0x6C));
				case 53: return String(CharArray::of(0x6D, 0xE5, 0x6E, 0x61, 0x64));
				case 59: return String(CharArray::of(0x76, 0x6B, 0x2E));
				case 137: return String(CharArray::of(0x73, 0x74, 0x6F, 0x6E, 0x65));
				case 196: return String(CharArray::of(0x6C, 0x69, 0x74, 0x65, 0x72));
				case 188: return String(CharArray::of(0x66, 0x6C, 0x20, 0x6F, 0x7A));
				case 204: return String(CharArray::of(0x69, 0x6D, 0x70, 0x2E, 0x20, 0x71, 0x75, 0x61, 0x72, 0x74));
            default: break;
            }
            return String();
        }
        
        String Nn::displayCurrencySymbol(gint currency) const {
            switch(currency) { 
				case 98: return String(CharArray::of(0x47, 0x42, 0x50));
				case 208: return String(CharArray::of(0x6C, 0x65, 0x69));
				case 247: return String(CharArray::of(0x24));
            default: break;
            }
            return String();
        }
            
        String Nn::quotationStart(gbool alt) const {
            return (alt) ? String() : String() ;
        }
            
        String Nn::quotationEnd(gbool alt) const {
            return (alt) ? String() : String() ;
        }
            
        String Nn::decimalSeparator() const {
            return String();
        }
            
        String Nn::groupSeparator() const {
            return String();
        }
            
        String Nn::listSeparator() const {
            return String();
        }
            
        String Nn::plusSign() const {
            return String();
        }
            
        String Nn::minusSign() const {
            return String();
        }
            
        String Nn::exponential() const {
            return String();
        }
            
        String Nn::perMill() const {
            return String();
        }
            
        String Nn::percent() const {
            return String();
        }
            
        String Nn::infinity() const {
            return String();
        }
            
        String Nn::nan() const {
            return String();
        }
            
        String Nn::superScriptingExponent() const {
            return String();
        }
           
        String Nn::decimalPattern() const {
            return String();
        }
            
        String Nn::scientificPattern() const {
            return String();
        }
            
        String Nn::percentPattern() const {
            return String();
        }
            
        String Nn::currencyPattern() const {
            return String();
        }

        String Nn::listPattern(gint type, gint subType) const {
            switch(subType) {

				case 16: 
					if(type == 1) return String(CharArray::of(0x7B, 0x30, 0x7D, 0x2C, 0x20, 0x7B, 0x31, 0x7D));
					if(type == 2) return String(CharArray::of(0x7B, 0x30, 0x7D, 0x2C, 0x20, 0x7B, 0x31, 0x7D));
					break;

				case 17: 
					if(type == -1) return String(CharArray::of(0x7B, 0x30, 0x7D, 0x20, 0x7B, 0x31, 0x7D));
					if(type == 0) return String(CharArray::of(0x7B, 0x30, 0x7D, 0x20, 0x7B, 0x31, 0x7D));
					if(type == 1) return String(CharArray::of(0x7B, 0x30, 0x7D, 0x20, 0x7B, 0x31, 0x7D));
					if(type == 2) return String(CharArray::of(0x7B, 0x30, 0x7D, 0x20, 0x7B, 0x31, 0x7D));
					break;
            default: break;
            }
            return String();
        }
            
        String Nn::posixMessage(gbool yesOrNo) const {
            return (yesOrNo) ? String(CharArray::of(0x6A, 0x61, 0x3A, 0x6A)) : String(CharArray::of(0x6E, 0x65, 0x69, 0x3A, 0x6E));
        }
        
        CharArray Nn::digits() const {
            return CharArray::of(48, 49, 50, 51, 52, 53, 54, 55, 56, 57);
        }
        
        StringArray Nn::displayDays(gint style, gbool stand_alone) const {
            if (!stand_alone) { // format
                switch(style) {
				case 1: return StringArray::of(String(CharArray::of(0x6D, 0xE5, 0x2E)), String(CharArray::of(0x74, 0x79, 0x2E)), String(CharArray::of(0x6F, 0x6E, 0x2E)), String(CharArray::of(0x74, 0x6F, 0x2E)), String(CharArray::of(0x66, 0x72, 0x2E)), String(CharArray::of(0x6C, 0x61, 0x2E)), String(CharArray::of(0x73, 0xF8, 0x2E)));
				case 3: return StringArray::of(String(CharArray::of(0x6D, 0xE5, 0x2E)), String(CharArray::of(0x74, 0x79, 0x2E)), String(), String(), String(), String(CharArray::of(0x6C, 0x61, 0x2E)), String());
				case 0: return StringArray::of(String(CharArray::of(0x6D, 0xE5, 0x6E, 0x64, 0x61, 0x67)), String(CharArray::of(0x74, 0x79, 0x73, 0x64, 0x61, 0x67)), String(), String(), String(), String(CharArray::of(0x6C, 0x61, 0x75, 0x72, 0x64, 0x61, 0x67)), String());
                default: break;
                }
            } else {
                switch(style) {
				case 1: return StringArray::of(String(CharArray::of(0x6D, 0xE5, 0x6E)), String(CharArray::of(0x74, 0x79, 0x73)), String(CharArray::of(0x6F, 0x6E, 0x73)), String(CharArray::of(0x74, 0x6F, 0x72)), String(CharArray::of(0x66, 0x72, 0x65)), String(CharArray::of(0x6C, 0x61, 0x75)), String(CharArray::of(0x73, 0xF8, 0x6E)));
                default: break;
                }
            }
            return StringArray();
        }
        
        StringArray Nn::displayMonths(gint style, gbool stand_alone) const {
            if (!stand_alone) { // format
                switch(style) {
                default: break;
                }
            } else {
                switch(style) {
                default: break;
                }
            }
            return StringArray();
        }
        
        StringArray Nn::displayQuarters(gint style, gbool stand_alone) const {
            if (!stand_alone) { // format
                switch(style) {
                default: break;
                }
            } else {
                switch(style) {
				case 2: return StringArray::of(String(CharArray::of(0x31)), String(CharArray::of(0x32)), String(CharArray::of(0x33)), String(CharArray::of(0x34)));
                default: break;
                }
            }
            return StringArray();
        }
        
        StringArray Nn::displayDayPeriods(gint style, gbool stand_alone) const {
            if (!stand_alone) { // format
                switch(style) {
				case 1: return StringArray::of(String(), String(CharArray::of(0x66, 0x2E, 0x6D, 0x2E)), String(), String(CharArray::of(0x65, 0x2E, 0x6D, 0x2E)), String(), String(), String(), String());
				case 0: return StringArray::of(String(), String(), String(), String(), String(CharArray::of(0x70, 0xE5, 0x20, 0x6D, 0x6F, 0x72, 0x67, 0x6F, 0x6E, 0x65, 0x6E)), String(), String(), String(CharArray::of(0x70, 0xE5, 0x20, 0x6E, 0x61, 0x74, 0x74, 0x61)));
                default: break;
                }
            } else {
                switch(style) {
				case 0: return StringArray::of(String(), String(), String(), String(), String(CharArray::of(0x6D, 0x6F, 0x72, 0x67, 0x6F, 0x6E)), String(), String(), String());
                default: break;
                }
            }
            return StringArray();
        }
        
        StringArray Nn::displayEras(gint style, gbool stand_alone) const {
            if (!stand_alone) { // format
                switch(style) {
                default: break;
                }
            } else {
                switch(style) {
                default: break;
                }
            }
            return StringArray();
        }
        
        String Nn::datePattern(gint style) const {
            switch(style) {
            default: break;
            }
            return String();
        }
        
        String Nn::timePattern(gint style) const {
            switch(style) {
				case 0: return String(CharArray::of(0x27, 0x6B, 0x6C, 0x27, 0x2E, 0x20, 0x48, 0x48, 0x3A, 0x6D, 0x6D, 0x3A, 0x73, 0x73, 0x20, 0x7A, 0x7A, 0x7A, 0x7A));
            default: break;
            }
            return String();
        }
        
        String Nn::datetimePattern(gint style) const {
            switch(style) {
				case 0: return String(CharArray::of(0x7B, 0x31, 0x7D, 0x20, 0x7B, 0x30, 0x7D));
				case 1: return String(CharArray::of(0x7B, 0x31, 0x7D, 0x20, 0x27, 0x6B, 0x6C, 0x27, 0x2E, 0x20, 0x7B, 0x30, 0x7D));
            default: break;
            }
            return String();
        }
        
        String Nn::displayTimezone(gint tz, gint style) const {
            switch(tz) {
				case 100: 
					if (style == 6) return String(CharArray::of(0x43, 0x75, 0x69, 0x61, 0x62, 0x61));
					break;
				case 499: 
					if (style == 6) return String(CharArray::of(0x4B, 0x6F, 0x6B, 0x6F, 0x73, 0xF8, 0x79, 0x61, 0x6E, 0x65));
					break;
				case 534: 
					if (style == 6) return String(CharArray::of(0x47, 0x61, 0x6C, 0xE1, 0x70, 0x61, 0x67, 0x6F, 0x73, 0xF8, 0x79, 0x61, 0x6E, 0x65));
					break;
				case 336: 
					if (style == 6) return String(CharArray::of(0x4B, 0x61, 0x6E, 0x61, 0x72, 0x69, 0xF8, 0x79, 0x61, 0x6E, 0x65));
					break;
				case 338: 
					if (style == 6) return String(CharArray::of(0x46, 0xE6, 0x72, 0xF8, 0x79, 0x61, 0x6E, 0x65));
					break;
				case 452: 
					if (style == 2) return String(CharArray::of(0x62, 0x72, 0x69, 0x74, 0x69, 0x73, 0x6B, 0x20, 0x73, 0x6F, 0x6D, 0x6D, 0x61, 0x72, 0x74, 0x69, 0x64));
					break;
				case 439: 
					if (style == 2) return String(CharArray::of(0x69, 0x72, 0x73, 0x6B, 0x20, 0x73, 0x6F, 0x6D, 0x6D, 0x61, 0x72, 0x74, 0x69, 0x64));
					break;
				case 500: 
					if (style == 6) return String(CharArray::of(0x4B, 0x6F, 0x6D, 0x6F, 0x72, 0x61, 0x6E, 0x65));
					break;
				case 92: 
					if (style == 6) return String(CharArray::of(0x43, 0x61, 0x79, 0x6D, 0x61, 0x6E, 0xF8, 0x79, 0x61, 0x6E, 0x65));
					break;
				case 240: 
					if (style == 6) return String(CharArray::of(0x41, 0x6B, 0x74, 0x6F, 0x62, 0x65));
					break;
				case 305: 
					if (style == 6) return String(CharArray::of(0x59, 0x61, 0x6E, 0x67, 0xF4, 0x6E));
					break;
				case 270: 
					if (style == 6) return String(CharArray::of(0x4B, 0x68, 0x6F, 0x76, 0x64));
					break;
				case 254: 
					if (style == 6) return String(CharArray::of(0x54, 0x73, 0x6A, 0x6F, 0x6A, 0x62, 0x61, 0x6C, 0x73, 0x61, 0x6E));
					break;
				case 503: 
					if (style == 6) return String(CharArray::of(0x4D, 0x61, 0x6C, 0x64, 0x69, 0x76, 0x61, 0x6E, 0x65));
					break;
				case 159: 
					if (style == 6) return String(CharArray::of(0x4D, 0x65, 0x72, 0x69, 0x64, 0x61));
					break;
				case 334: 
					if (style == 6) return String(CharArray::of(0x41, 0x73, 0x6F, 0x72, 0x61, 0x6E, 0x65));
					break;
				case 241: 
					if (style == 6) return String(CharArray::of(0x41, 0x73, 0x6A, 0x67, 0x61, 0x62, 0x61, 0x74));
					break;
            default: break;
            }
            return String();
        }
        
        String Nn::displayGlobalTimezone(gint tz, gint style) const {
            switch(tz) {
				case 3: 
				if (style == 1) return String(CharArray::of(0x61, 0x75, 0x73, 0x74, 0x61, 0x66, 0x72, 0x69, 0x6B, 0x61, 0x6E, 0x73, 0x6B, 0x20, 0x74, 0x69, 0x64));
					break;
				case 5: 
				if (style == 1) return String(CharArray::of(0x76, 0x65, 0x73, 0x74, 0x61, 0x66, 0x72, 0x69, 0x6B, 0x61, 0x6E, 0x73, 0x6B, 0x20, 0x73, 0x74, 0x61, 0x6E, 0x64, 0x61, 0x72, 0x64, 0x74, 0x69, 0x64));
				if (style == 2) return String(CharArray::of(0x76, 0x65, 0x73, 0x74, 0x61, 0x66, 0x72, 0x69, 0x6B, 0x61, 0x6E, 0x73, 0x6B, 0x20, 0x73, 0x6F, 0x6D, 0x6D, 0x61, 0x72, 0x74, 0x69, 0x64));
					break;
				case 6: 
				if (style == 2) return String(CharArray::of(0x61, 0x6C, 0x61, 0x73, 0x6B, 0x69, 0x73, 0x6B, 0x20, 0x73, 0x6F, 0x6D, 0x6D, 0x61, 0x72, 0x74, 0x69, 0x64));
					break;
				case 8: 
				if (style == 2) return String(CharArray::of(0x73, 0x6F, 0x6D, 0x6D, 0x61, 0x72, 0x74, 0x69, 0x64, 0x20, 0x66, 0x6F, 0x72, 0x20, 0x41, 0x6D, 0x61, 0x7A, 0x6F, 0x6E, 0x61, 0x73));
					break;
				case 9: 
				if (style == 0) return String(CharArray::of(0x74, 0x69, 0x64, 0x73, 0x73, 0x6F, 0x6E, 0x65, 0x20, 0x66, 0x6F, 0x72, 0x20, 0x73, 0x65, 0x6E, 0x74, 0x72, 0x61, 0x6C, 0x65, 0x20, 0x4E, 0x6F, 0x72, 0x64, 0x2D, 0x41, 0x6D, 0x65, 0x72, 0x69, 0x6B, 0x61));
				if (style == 1) return String(CharArray::of(0x6E, 0x6F, 0x72, 0x6D, 0x61, 0x6C, 0x74, 0x69, 0x64, 0x20, 0x66, 0x6F, 0x72, 0x20, 0x73, 0x65, 0x6E, 0x74, 0x72, 0x61, 0x6C, 0x65, 0x20, 0x4E, 0x6F, 0x72, 0x64, 0x2D, 0x41, 0x6D, 0x65, 0x72, 0x69, 0x6B, 0x61));
				if (style == 2) return String(CharArray::of(0x73, 0x6F, 0x6D, 0x6D, 0x61, 0x72, 0x74, 0x69, 0x64, 0x20, 0x66, 0x6F, 0x72, 0x20, 0x73, 0x65, 0x6E, 0x74, 0x72, 0x61, 0x6C, 0x65, 0x20, 0x4E, 0x6F, 0x72, 0x64, 0x2D, 0x41, 0x6D, 0x65, 0x72, 0x69, 0x6B, 0x61));
					break;
				case 10: 
				if (style == 0) return String(CharArray::of(0x74, 0x69, 0x64, 0x73, 0x73, 0x6F, 0x6E, 0x65, 0x20, 0x66, 0x6F, 0x72, 0x20, 0x64, 0x65, 0x6E, 0x20, 0x6E, 0x6F, 0x72, 0x64, 0x61, 0x6D, 0x65, 0x72, 0x69, 0x6B, 0x61, 0x6E, 0x73, 0x6B, 0x65, 0x20, 0x61, 0x75, 0x73, 0x74, 0x6B, 0x79, 0x73, 0x74, 0x65, 0x6E));
				if (style == 1) return String(CharArray::of(0x6E, 0x6F, 0x72, 0x6D, 0x61, 0x6C, 0x74, 0x69, 0x64, 0x20, 0x66, 0x6F, 0x72, 0x20, 0x64, 0x65, 0x6E, 0x20, 0x6E, 0x6F, 0x72, 0x64, 0x61, 0x6D, 0x65, 0x72, 0x69, 0x6B, 0x61, 0x6E, 0x73, 0x6B, 0x65, 0x20, 0x61, 0x75, 0x73, 0x74, 0x6B, 0x79, 0x73, 0x74, 0x65, 0x6E));
				if (style == 2) return String(CharArray::of(0x73, 0x6F, 0x6D, 0x6D, 0x61, 0x72, 0x74, 0x69, 0x64, 0x20, 0x66, 0x6F, 0x72, 0x20, 0x64, 0x65, 0x6E, 0x20, 0x6E, 0x6F, 0x72, 0x64, 0x61, 0x6D, 0x65, 0x72, 0x69, 0x6B, 0x61, 0x6E, 0x73, 0x6B, 0x65, 0x20, 0x61, 0x75, 0x73, 0x74, 0x6B, 0x79, 0x73, 0x74, 0x65, 0x6E));
					break;
				case 11: 
				if (style == 2) return String(CharArray::of(0x73, 0x6F, 0x6D, 0x6D, 0x61, 0x72, 0x74, 0x69, 0x64, 0x20, 0x66, 0x6F, 0x72, 0x20, 0x52, 0x6F, 0x63, 0x6B, 0x79, 0x20, 0x4D, 0x6F, 0x75, 0x6E, 0x74, 0x61, 0x69, 0x6E, 0x73, 0x20, 0x28, 0x55, 0x53, 0x41, 0x29));
					break;
				case 12: 
				if (style == 0) return String(CharArray::of(0x74, 0x69, 0x64, 0x73, 0x73, 0x6F, 0x6E, 0x65, 0x20, 0x66, 0x6F, 0x72, 0x20, 0x64, 0x65, 0x6E, 0x20, 0x6E, 0x6F, 0x72, 0x64, 0x61, 0x6D, 0x65, 0x72, 0x69, 0x6B, 0x61, 0x6E, 0x73, 0x6B, 0x65, 0x20, 0x73, 0x74, 0x69, 0x6C, 0x6C, 0x65, 0x68, 0x61, 0x76, 0x73, 0x6B, 0x79, 0x73, 0x74, 0x65, 0x6E));
				if (style == 1) return String(CharArray::of(0x6E, 0x6F, 0x72, 0x6D, 0x61, 0x6C, 0x74, 0x69, 0x64, 0x20, 0x66, 0x6F, 0x72, 0x20, 0x64, 0x65, 0x6E, 0x20, 0x6E, 0x6F, 0x72, 0x64, 0x61, 0x6D, 0x65, 0x72, 0x69, 0x6B, 0x61, 0x6E, 0x73, 0x6B, 0x65, 0x20, 0x73, 0x74, 0x69, 0x6C, 0x6C, 0x65, 0x68, 0x61, 0x76, 0x73, 0x6B, 0x79, 0x73, 0x74, 0x65, 0x6E));
				if (style == 2) return String(CharArray::of(0x73, 0x6F, 0x6D, 0x6D, 0x61, 0x72, 0x74, 0x69, 0x64, 0x20, 0x66, 0x6F, 0x72, 0x20, 0x64, 0x65, 0x6E, 0x20, 0x6E, 0x6F, 0x72, 0x64, 0x61, 0x6D, 0x65, 0x72, 0x69, 0x6B, 0x61, 0x6E, 0x73, 0x6B, 0x65, 0x20, 0x73, 0x74, 0x69, 0x6C, 0x6C, 0x65, 0x68, 0x61, 0x76, 0x73, 0x6B, 0x79, 0x73, 0x74, 0x65, 0x6E));
					break;
				case 14: 
				if (style == 2) return String(CharArray::of(0x73, 0x6F, 0x6D, 0x6D, 0x61, 0x72, 0x74, 0x69, 0x64, 0x20, 0x66, 0x6F, 0x72, 0x20, 0x41, 0x70, 0x69, 0x61));
					break;
				case 17: 
				if (style == 1) return String(CharArray::of(0x61, 0x72, 0x61, 0x62, 0x69, 0x73, 0x6B, 0x20, 0x6E, 0x6F, 0x72, 0x6D, 0x61, 0x6C, 0x74, 0x69, 0x64));
				if (style == 2) return String(CharArray::of(0x61, 0x72, 0x61, 0x62, 0x69, 0x73, 0x6B, 0x20, 0x73, 0x6F, 0x6D, 0x6D, 0x61, 0x72, 0x74, 0x69, 0x64));
					break;
				case 18: 
				if (style == 2) return String(CharArray::of(0x61, 0x72, 0x67, 0x65, 0x6E, 0x74, 0x69, 0x6E, 0x73, 0x6B, 0x20, 0x73, 0x6F, 0x6D, 0x6D, 0x61, 0x72, 0x74, 0x69, 0x64));
					break;
				case 19: 
				if (style == 2) return String(CharArray::of(0x76, 0x65, 0x73, 0x74, 0x61, 0x72, 0x67, 0x65, 0x6E, 0x74, 0x69, 0x6E, 0x73, 0x6B, 0x20, 0x73, 0x6F, 0x6D, 0x6D, 0x61, 0x72, 0x74, 0x69, 0x64));
					break;
				case 20: 
				if (style == 2) return String(CharArray::of(0x61, 0x72, 0x6D, 0x65, 0x6E, 0x73, 0x6B, 0x20, 0x73, 0x6F, 0x6D, 0x6D, 0x61, 0x72, 0x74, 0x69, 0x64));
					break;
				case 21: 
				if (style == 2) return String(CharArray::of(0x73, 0x6F, 0x6D, 0x6D, 0x61, 0x72, 0x74, 0x69, 0x64, 0x20, 0x66, 0x6F, 0x72, 0x20, 0x64, 0x65, 0x6E, 0x20, 0x6E, 0x6F, 0x72, 0x64, 0x61, 0x6D, 0x65, 0x72, 0x69, 0x6B, 0x61, 0x6E, 0x73, 0x6B, 0x65, 0x20, 0x61, 0x74, 0x6C, 0x61, 0x6E, 0x74, 0x65, 0x72, 0x68, 0x61, 0x76, 0x73, 0x6B, 0x79, 0x73, 0x74, 0x65, 0x6E));
					break;
				case 22: 
				if (style == 1) return String(CharArray::of(0x73, 0x65, 0x6E, 0x74, 0x72, 0x61, 0x6C, 0x61, 0x75, 0x73, 0x74, 0x72, 0x61, 0x6C, 0x73, 0x6B, 0x20, 0x73, 0x74, 0x61, 0x6E, 0x64, 0x61, 0x72, 0x64, 0x74, 0x69, 0x64));
				if (style == 2) return String(CharArray::of(0x73, 0x65, 0x6E, 0x74, 0x72, 0x61, 0x6C, 0x61, 0x75, 0x73, 0x74, 0x72, 0x61, 0x6C, 0x73, 0x6B, 0x20, 0x73, 0x6F, 0x6D, 0x6D, 0x61, 0x72, 0x74, 0x69, 0x64));
					break;
				case 23: 
				if (style == 1) return String(CharArray::of(0x76, 0x65, 0x73, 0x74, 0x2D, 0x73, 0x65, 0x6E, 0x74, 0x72, 0x61, 0x6C, 0x61, 0x75, 0x73, 0x74, 0x72, 0x61, 0x6C, 0x73, 0x6B, 0x20, 0x73, 0x74, 0x61, 0x6E, 0x64, 0x61, 0x72, 0x64, 0x74, 0x69, 0x64));
				if (style == 2) return String(CharArray::of(0x76, 0x65, 0x73, 0x74, 0x2D, 0x73, 0x65, 0x6E, 0x74, 0x72, 0x61, 0x6C, 0x61, 0x75, 0x73, 0x74, 0x72, 0x61, 0x6C, 0x73, 0x6B, 0x20, 0x73, 0x6F, 0x6D, 0x6D, 0x61, 0x72, 0x74, 0x69, 0x64));
					break;
				case 24: 
				if (style == 0) return String(CharArray::of(0x61, 0x75, 0x73, 0x74, 0x61, 0x75, 0x73, 0x74, 0x72, 0x61, 0x6C, 0x73, 0x6B, 0x20, 0x74, 0x69, 0x64));
				if (style == 1) return String(CharArray::of(0x61, 0x75, 0x73, 0x74, 0x61, 0x75, 0x73, 0x74, 0x72, 0x61, 0x6C, 0x73, 0x6B, 0x20, 0x73, 0x74, 0x61, 0x6E, 0x64, 0x61, 0x72, 0x64, 0x74, 0x69, 0x64));
				if (style == 2) return String(CharArray::of(0x61, 0x75, 0x73, 0x74, 0x61, 0x75, 0x73, 0x74, 0x72, 0x61, 0x6C, 0x73, 0x6B, 0x20, 0x73, 0x6F, 0x6D, 0x6D, 0x61, 0x72, 0x74, 0x69, 0x64));
					break;
				case 25: 
				if (style == 1) return String(CharArray::of(0x76, 0x65, 0x73, 0x74, 0x61, 0x75, 0x73, 0x74, 0x72, 0x61, 0x6C, 0x73, 0x6B, 0x20, 0x73, 0x74, 0x61, 0x6E, 0x64, 0x61, 0x72, 0x64, 0x74, 0x69, 0x64));
				if (style == 2) return String(CharArray::of(0x76, 0x65, 0x73, 0x74, 0x61, 0x75, 0x73, 0x74, 0x72, 0x61, 0x6C, 0x73, 0x6B, 0x20, 0x73, 0x6F, 0x6D, 0x6D, 0x61, 0x72, 0x74, 0x69, 0x64));
					break;
				case 26: 
				if (style == 2) return String(CharArray::of(0x61, 0x73, 0x65, 0x72, 0x62, 0x61, 0x6A, 0x64, 0x73, 0x6A, 0x61, 0x6E, 0x73, 0x6B, 0x20, 0x73, 0x6F, 0x6D, 0x6D, 0x61, 0x72, 0x74, 0x69, 0x64));
					break;
				case 27: 
				if (style == 2) return String(CharArray::of(0x61, 0x73, 0x6F, 0x72, 0x69, 0x73, 0x6B, 0x20, 0x73, 0x6F, 0x6D, 0x6D, 0x61, 0x72, 0x74, 0x69, 0x64));
					break;
				case 28: 
				if (style == 2) return String(CharArray::of(0x62, 0x61, 0x6E, 0x67, 0x6C, 0x61, 0x64, 0x65, 0x73, 0x68, 0x69, 0x73, 0x6B, 0x20, 0x73, 0x6F, 0x6D, 0x6D, 0x61, 0x72, 0x74, 0x69, 0x64));
					break;
				case 31: 
				if (style == 2) return String(CharArray::of(0x73, 0x6F, 0x6D, 0x6D, 0x61, 0x72, 0x74, 0x69, 0x64, 0x20, 0x66, 0x6F, 0x72, 0x20, 0x42, 0x72, 0x61, 0x73, 0x69, 0x6C, 0x69, 0x61));
					break;
				case 33: 
				if (style == 2) return String(CharArray::of(0x6B, 0x61, 0x70, 0x70, 0x76, 0x65, 0x72, 0x64, 0x69, 0x73, 0x6B, 0x20, 0x73, 0x6F, 0x6D, 0x6D, 0x61, 0x72, 0x74, 0x69, 0x64));
					break;
				case 36: 
				if (style == 2) return String(CharArray::of(0x73, 0x6F, 0x6D, 0x6D, 0x61, 0x72, 0x74, 0x69, 0x64, 0x20, 0x66, 0x6F, 0x72, 0x20, 0x43, 0x68, 0x61, 0x74, 0x68, 0x61, 0x6D));
					break;
				case 37: 
				if (style == 2) return String(CharArray::of(0x63, 0x68, 0x69, 0x6C, 0x65, 0x6E, 0x73, 0x6B, 0x20, 0x73, 0x6F, 0x6D, 0x6D, 0x61, 0x72, 0x74, 0x69, 0x64));
					break;
				case 38: 
				if (style == 2) return String(CharArray::of(0x6B, 0x69, 0x6E, 0x65, 0x73, 0x69, 0x73, 0x6B, 0x20, 0x73, 0x6F, 0x6D, 0x6D, 0x61, 0x72, 0x74, 0x69, 0x64));
					break;
				case 39: 
				if (style == 2) return String(CharArray::of(0x73, 0x6F, 0x6D, 0x6D, 0x61, 0x72, 0x74, 0x69, 0x64, 0x20, 0x66, 0x6F, 0x72, 0x20, 0x54, 0x73, 0x6A, 0x6F, 0x6A, 0x62, 0x61, 0x6C, 0x73, 0x61, 0x6E));
					break;
				case 41: 
				if (style == 1) return String(CharArray::of(0x74, 0x69, 0x64, 0x73, 0x73, 0x6F, 0x6E, 0x65, 0x20, 0x66, 0x6F, 0x72, 0x20, 0x4B, 0x6F, 0x6B, 0x6F, 0x73, 0xF8, 0x79, 0x61, 0x6E, 0x65));
					break;
				case 42: 
				if (style == 0) return String(CharArray::of(0x6B, 0x6F, 0x6C, 0x6F, 0x6D, 0x62, 0x69, 0x61, 0x6E, 0x73, 0x6B, 0x20, 0x74, 0x69, 0x64));
				if (style == 1) return String(CharArray::of(0x6B, 0x6F, 0x6C, 0x6F, 0x6D, 0x62, 0x69, 0x61, 0x6E, 0x73, 0x6B, 0x20, 0x6E, 0x6F, 0x72, 0x6D, 0x61, 0x6C, 0x74, 0x69, 0x64));
				if (style == 2) return String(CharArray::of(0x6B, 0x6F, 0x6C, 0x6F, 0x6D, 0x62, 0x69, 0x61, 0x6E, 0x73, 0x6B, 0x20, 0x73, 0x6F, 0x6D, 0x6D, 0x61, 0x72, 0x74, 0x69, 0x64));
					break;
				case 43: 
				if (style == 0) return String(CharArray::of(0x74, 0x69, 0x64, 0x73, 0x73, 0x6F, 0x6E, 0x65, 0x20, 0x66, 0x6F, 0x72, 0x20, 0x43, 0x6F, 0x6F, 0x6B, 0xF8, 0x79, 0x61, 0x6E, 0x65));
				if (style == 1) return String(CharArray::of(0x6E, 0x6F, 0x72, 0x6D, 0x61, 0x6C, 0x74, 0x69, 0x64, 0x20, 0x66, 0x6F, 0x72, 0x20, 0x43, 0x6F, 0x6F, 0x6B, 0xF8, 0x79, 0x61, 0x6E, 0x65));
				if (style == 2) return String(CharArray::of(0x73, 0x6F, 0x6D, 0x6D, 0x61, 0x72, 0x74, 0x69, 0x64, 0x20, 0x66, 0x6F, 0x72, 0x20, 0x43, 0x6F, 0x6F, 0x6B, 0xF8, 0x79, 0x61, 0x6E, 0x65));
					break;
				case 44: 
				if (style == 0) return String(CharArray::of(0x6B, 0x75, 0x62, 0x61, 0x6E, 0x73, 0x6B, 0x20, 0x74, 0x69, 0x64));
				if (style == 1) return String(CharArray::of(0x6B, 0x75, 0x62, 0x61, 0x6E, 0x73, 0x6B, 0x20, 0x6E, 0x6F, 0x72, 0x6D, 0x61, 0x6C, 0x74, 0x69, 0x64));
				if (style == 2) return String(CharArray::of(0x6B, 0x75, 0x62, 0x61, 0x6E, 0x73, 0x6B, 0x20, 0x73, 0x6F, 0x6D, 0x6D, 0x61, 0x72, 0x74, 0x69, 0x64));
					break;
				case 46: 
				if (style == 1) return String(CharArray::of(0x74, 0x69, 0x64, 0x73, 0x73, 0x6F, 0x6E, 0x65, 0x20, 0x66, 0x6F, 0x72, 0x20, 0x44, 0x75, 0x6D, 0x6F, 0x6E, 0x74, 0x2D, 0x64, 0x2019, 0x55, 0x72, 0x76, 0x69, 0x6C, 0x6C, 0x65));
					break;
				case 47: 
				if (style == 1) return String(CharArray::of(0x61, 0x75, 0x73, 0x74, 0x74, 0x69, 0x6D, 0x6F, 0x72, 0x65, 0x73, 0x69, 0x73, 0x6B, 0x20, 0x74, 0x69, 0x64));
					break;
				case 48: 
				if (style == 2) return String(CharArray::of(0x73, 0x6F, 0x6D, 0x6D, 0x61, 0x72, 0x74, 0x69, 0x64, 0x20, 0x66, 0x6F, 0x72, 0x20, 0x50, 0xE5, 0x73, 0x6B, 0x65, 0xF8, 0x79, 0x61));
					break;
				case 50: 
				if (style == 1) return String(CharArray::of(0x73, 0x65, 0x6E, 0x74, 0x72, 0x61, 0x6C, 0x65, 0x75, 0x72, 0x6F, 0x70, 0x65, 0x69, 0x73, 0x6B, 0x20, 0x73, 0x74, 0x61, 0x6E, 0x64, 0x61, 0x72, 0x64, 0x74, 0x69, 0x64));
				if (style == 2) return String(CharArray::of(0x73, 0x65, 0x6E, 0x74, 0x72, 0x61, 0x6C, 0x65, 0x75, 0x72, 0x6F, 0x70, 0x65, 0x69, 0x73, 0x6B, 0x20, 0x73, 0x6F, 0x6D, 0x6D, 0x61, 0x72, 0x74, 0x69, 0x64));
					break;
				case 51: 
				if (style == 0) return String(CharArray::of(0x61, 0x75, 0x73, 0x74, 0x65, 0x75, 0x72, 0x6F, 0x70, 0x65, 0x69, 0x73, 0x6B, 0x20, 0x74, 0x69, 0x64));
				if (style == 1) return String(CharArray::of(0x61, 0x75, 0x73, 0x74, 0x65, 0x75, 0x72, 0x6F, 0x70, 0x65, 0x69, 0x73, 0x6B, 0x20, 0x73, 0x74, 0x61, 0x6E, 0x64, 0x61, 0x72, 0x64, 0x74, 0x69, 0x64));
				if (style == 2) return String(CharArray::of(0x61, 0x75, 0x73, 0x74, 0x65, 0x75, 0x72, 0x6F, 0x70, 0x65, 0x69, 0x73, 0x6B, 0x20, 0x73, 0x6F, 0x6D, 0x6D, 0x61, 0x72, 0x74, 0x69, 0x64));
					break;
				case 52: 
				if (style == 1) return String(CharArray::of(0x66, 0x6A, 0x65, 0x72, 0x6E, 0x2D, 0x61, 0x75, 0x73, 0x74, 0x65, 0x75, 0x72, 0x6F, 0x70, 0x65, 0x69, 0x73, 0x6B, 0x20, 0x74, 0x69, 0x64));
					break;
				case 53: 
				if (style == 1) return String(CharArray::of(0x76, 0x65, 0x73, 0x74, 0x65, 0x75, 0x72, 0x6F, 0x70, 0x65, 0x69, 0x73, 0x6B, 0x20, 0x73, 0x74, 0x61, 0x6E, 0x64, 0x61, 0x72, 0x64, 0x74, 0x69, 0x64));
				if (style == 2) return String(CharArray::of(0x76, 0x65, 0x73, 0x74, 0x65, 0x75, 0x72, 0x6F, 0x70, 0x65, 0x69, 0x73, 0x6B, 0x20, 0x73, 0x6F, 0x6D, 0x6D, 0x61, 0x72, 0x74, 0x69, 0x64));
					break;
				case 54: 
				if (style == 0) return String(CharArray::of(0x74, 0x69, 0x64, 0x73, 0x73, 0x6F, 0x6E, 0x65, 0x20, 0x66, 0x6F, 0x72, 0x20, 0x46, 0x61, 0x6C, 0x6B, 0x6C, 0x61, 0x6E, 0x64, 0x73, 0xF8, 0x79, 0x61, 0x6E, 0x65));
				if (style == 1) return String(CharArray::of(0x6E, 0x6F, 0x72, 0x6D, 0x61, 0x6C, 0x74, 0x69, 0x64, 0x20, 0x66, 0x6F, 0x72, 0x20, 0x46, 0x61, 0x6C, 0x6B, 0x6C, 0x61, 0x6E, 0x64, 0x73, 0xF8, 0x79, 0x61, 0x6E, 0x65));
				if (style == 2) return String(CharArray::of(0x73, 0x6F, 0x6D, 0x6D, 0x61, 0x72, 0x74, 0x69, 0x64, 0x20, 0x66, 0x6F, 0x72, 0x20, 0x46, 0x61, 0x6C, 0x6B, 0x6C, 0x61, 0x6E, 0x64, 0x73, 0xF8, 0x79, 0x61, 0x6E, 0x65));
					break;
				case 55: 
				if (style == 2) return String(CharArray::of(0x66, 0x69, 0x6A, 0x69, 0x61, 0x6E, 0x73, 0x6B, 0x20, 0x73, 0x6F, 0x6D, 0x6D, 0x61, 0x72, 0x74, 0x69, 0x64));
					break;
				case 57: 
				if (style == 1) return String(CharArray::of(0x74, 0x69, 0x64, 0x73, 0x73, 0x6F, 0x6E, 0x65, 0x20, 0x66, 0x6F, 0x72, 0x20, 0x44, 0x65, 0x69, 0x20, 0x66, 0x72, 0x61, 0x6E, 0x73, 0x6B, 0x65, 0x20, 0x73, 0xF8, 0x72, 0x74, 0x65, 0x72, 0x72, 0x69, 0x74, 0x6F, 0x72, 0x69, 0x61));
					break;
				case 59: 
				if (style == 1) return String(CharArray::of(0x74, 0x69, 0x64, 0x73, 0x73, 0x6F, 0x6E, 0x65, 0x20, 0x66, 0x6F, 0x72, 0x20, 0x47, 0x61, 0x6C, 0xE1, 0x70, 0x61, 0x67, 0x6F, 0x73, 0xF8, 0x79, 0x61, 0x6E, 0x65));
					break;
				case 61: 
				if (style == 2) return String(CharArray::of(0x67, 0x65, 0x6F, 0x72, 0x67, 0x69, 0x73, 0x6B, 0x20, 0x73, 0x6F, 0x6D, 0x6D, 0x61, 0x72, 0x74, 0x69, 0x64));
					break;
				case 62: 
				if (style == 1) return String(CharArray::of(0x74, 0x69, 0x64, 0x73, 0x73, 0x6F, 0x6E, 0x65, 0x20, 0x66, 0x6F, 0x72, 0x20, 0x47, 0x69, 0x6C, 0x62, 0x65, 0x72, 0x74, 0xF8, 0x79, 0x61, 0x6E, 0x65));
					break;
				case 64: 
				if (style == 0) return String(CharArray::of(0x61, 0x75, 0x73, 0x74, 0x67, 0x72, 0xF8, 0x6E, 0x6C, 0x61, 0x6E, 0x64, 0x73, 0x6B, 0x20, 0x74, 0x69, 0x64));
				if (style == 1) return String(CharArray::of(0x61, 0x75, 0x73, 0x74, 0x67, 0x72, 0xF8, 0x6E, 0x6C, 0x61, 0x6E, 0x64, 0x73, 0x6B, 0x20, 0x6E, 0x6F, 0x72, 0x6D, 0x61, 0x6C, 0x74, 0x69, 0x64));
				if (style == 2) return String(CharArray::of(0x61, 0x75, 0x73, 0x74, 0x67, 0x72, 0xF8, 0x6E, 0x6C, 0x61, 0x6E, 0x64, 0x73, 0x6B, 0x20, 0x73, 0x6F, 0x6D, 0x6D, 0x61, 0x72, 0x74, 0x69, 0x64));
					break;
				case 65: 
				if (style == 2) return String(CharArray::of(0x76, 0x65, 0x73, 0x74, 0x67, 0x72, 0xF8, 0x6E, 0x6C, 0x61, 0x6E, 0x64, 0x73, 0x6B, 0x20, 0x73, 0x6F, 0x6D, 0x6D, 0x61, 0x72, 0x74, 0x69, 0x64));
					break;
				case 69: 
				if (style == 2) return String(CharArray::of(0x73, 0x6F, 0x6D, 0x6D, 0x61, 0x72, 0x74, 0x69, 0x64, 0x20, 0x66, 0x6F, 0x72, 0x20, 0x48, 0x61, 0x77, 0x61, 0x69, 0x69, 0x20, 0x6F, 0x67, 0x20, 0x41, 0x6C, 0x65, 0x75, 0x74, 0x65, 0x6E, 0x65));
					break;
				case 70: 
				if (style == 0) return String(CharArray::of(0x68, 0x6F, 0x6E, 0x67, 0x6B, 0x6F, 0x6E, 0x67, 0x6B, 0x69, 0x6E, 0x65, 0x73, 0x69, 0x73, 0x6B, 0x20, 0x74, 0x69, 0x64));
				if (style == 1) return String(CharArray::of(0x68, 0x6F, 0x6E, 0x67, 0x6B, 0x6F, 0x6E, 0x67, 0x6B, 0x69, 0x6E, 0x65, 0x73, 0x69, 0x73, 0x6B, 0x20, 0x6E, 0x6F, 0x72, 0x6D, 0x61, 0x6C, 0x74, 0x69, 0x64));
				if (style == 2) return String(CharArray::of(0x68, 0x6F, 0x6E, 0x67, 0x6B, 0x6F, 0x6E, 0x67, 0x6B, 0x69, 0x6E, 0x65, 0x73, 0x69, 0x73, 0x6B, 0x20, 0x73, 0x6F, 0x6D, 0x6D, 0x61, 0x72, 0x74, 0x69, 0x64));
					break;
				case 71: 
				if (style == 2) return String(CharArray::of(0x73, 0x6F, 0x6D, 0x6D, 0x61, 0x72, 0x74, 0x69, 0x64, 0x20, 0x66, 0x6F, 0x72, 0x20, 0x4B, 0x68, 0x6F, 0x76, 0x64));
					break;
				case 76: 
				if (style == 1) return String(CharArray::of(0x61, 0x75, 0x73, 0x74, 0x69, 0x6E, 0x64, 0x6F, 0x6E, 0x65, 0x73, 0x69, 0x73, 0x6B, 0x20, 0x74, 0x69, 0x64));
					break;
				case 78: 
				if (style == 2) return String(CharArray::of(0x69, 0x72, 0x61, 0x6E, 0x73, 0x6B, 0x20, 0x73, 0x6F, 0x6D, 0x6D, 0x61, 0x72, 0x74, 0x69, 0x64));
					break;
				case 79: 
				if (style == 2) return String(CharArray::of(0x73, 0x6F, 0x6D, 0x6D, 0x61, 0x72, 0x74, 0x69, 0x64, 0x20, 0x66, 0x6F, 0x72, 0x20, 0x49, 0x72, 0x6B, 0x75, 0x74, 0x73, 0x6B));
					break;
				case 80: 
				if (style == 2) return String(CharArray::of(0x69, 0x73, 0x72, 0x61, 0x65, 0x6C, 0x73, 0x6B, 0x20, 0x73, 0x6F, 0x6D, 0x6D, 0x61, 0x72, 0x74, 0x69, 0x64));
					break;
				case 81: 
				if (style == 2) return String(CharArray::of(0x6A, 0x61, 0x70, 0x61, 0x6E, 0x73, 0x6B, 0x20, 0x73, 0x6F, 0x6D, 0x6D, 0x61, 0x72, 0x74, 0x69, 0x64));
					break;
				case 84: 
				if (style == 1) return String(CharArray::of(0x61, 0x75, 0x73, 0x74, 0x6B, 0x61, 0x73, 0x61, 0x6B, 0x68, 0x73, 0x74, 0x61, 0x6E, 0x73, 0x6B, 0x20, 0x74, 0x69, 0x64));
					break;
				case 86: 
				if (style == 2) return String(CharArray::of(0x6B, 0x6F, 0x72, 0x65, 0x61, 0x6E, 0x73, 0x6B, 0x20, 0x73, 0x6F, 0x6D, 0x6D, 0x61, 0x72, 0x74, 0x69, 0x64));
					break;
				case 88: 
				if (style == 2) return String(CharArray::of(0x73, 0x6F, 0x6D, 0x6D, 0x61, 0x72, 0x74, 0x69, 0x64, 0x20, 0x66, 0x6F, 0x72, 0x20, 0x4B, 0x72, 0x61, 0x73, 0x6E, 0x6F, 0x6A, 0x61, 0x72, 0x73, 0x6B));
					break;
				case 91: 
				if (style == 1) return String(CharArray::of(0x74, 0x69, 0x64, 0x73, 0x73, 0x6F, 0x6E, 0x65, 0x20, 0x66, 0x6F, 0x72, 0x20, 0x4C, 0x69, 0x6E, 0x65, 0xF8, 0x79, 0x61, 0x6E, 0x65));
					break;
				case 92: 
				if (style == 2) return String(CharArray::of(0x73, 0x6F, 0x6D, 0x6D, 0x61, 0x72, 0x74, 0x69, 0x64, 0x20, 0x66, 0x6F, 0x72, 0x20, 0x4C, 0x6F, 0x72, 0x64, 0x20, 0x48, 0x6F, 0x77, 0x65, 0x2D, 0xF8, 0x79, 0x61));
					break;
				case 94: 
				if (style == 2) return String(CharArray::of(0x73, 0x6F, 0x6D, 0x6D, 0x61, 0x72, 0x74, 0x69, 0x64, 0x20, 0x66, 0x6F, 0x72, 0x20, 0x4D, 0x61, 0x67, 0x61, 0x64, 0x61, 0x6E));
					break;
				case 97: 
				if (style == 1) return String(CharArray::of(0x74, 0x69, 0x64, 0x73, 0x73, 0x6F, 0x6E, 0x65, 0x20, 0x66, 0x6F, 0x72, 0x20, 0x4D, 0x61, 0x72, 0x71, 0x75, 0x65, 0x73, 0x61, 0x73, 0xF8, 0x79, 0x61, 0x6E, 0x65));
					break;
				case 99: 
				if (style == 2) return String(CharArray::of(0x6D, 0x61, 0x75, 0x72, 0x69, 0x74, 0x69, 0x73, 0x6B, 0x20, 0x73, 0x6F, 0x6D, 0x6D, 0x61, 0x72, 0x74, 0x69, 0x64));
					break;
				case 101: 
				if (style == 0) return String(CharArray::of(0x74, 0x69, 0x64, 0x73, 0x73, 0x6F, 0x6E, 0x65, 0x20, 0x66, 0x6F, 0x72, 0x20, 0x64, 0x65, 0x6E, 0x20, 0x6D, 0x65, 0x6B, 0x73, 0x69, 0x6B, 0x61, 0x6E, 0x73, 0x6B, 0x65, 0x20, 0x73, 0x74, 0x69, 0x6C, 0x6C, 0x65, 0x68, 0x61, 0x76, 0x73, 0x6B, 0x79, 0x73, 0x74, 0x65, 0x6E));
				if (style == 1) return String(CharArray::of(0x6E, 0x6F, 0x72, 0x6D, 0x61, 0x6C, 0x74, 0x69, 0x64, 0x20, 0x66, 0x6F, 0x72, 0x20, 0x64, 0x65, 0x6E, 0x20, 0x6D, 0x65, 0x6B, 0x73, 0x69, 0x6B, 0x61, 0x6E, 0x73, 0x6B, 0x65, 0x20, 0x73, 0x74, 0x69, 0x6C, 0x6C, 0x65, 0x68, 0x61, 0x76, 0x73, 0x6B, 0x79, 0x73, 0x74, 0x65, 0x6E));
				if (style == 2) return String(CharArray::of(0x73, 0x6F, 0x6D, 0x6D, 0x61, 0x72, 0x74, 0x69, 0x64, 0x20, 0x66, 0x6F, 0x72, 0x20, 0x64, 0x65, 0x6E, 0x20, 0x6D, 0x65, 0x6B, 0x73, 0x69, 0x6B, 0x61, 0x6E, 0x73, 0x6B, 0x65, 0x20, 0x73, 0x74, 0x69, 0x6C, 0x6C, 0x65, 0x68, 0x61, 0x76, 0x73, 0x6B, 0x79, 0x73, 0x74, 0x65, 0x6E));
					break;
				case 102: 
				if (style == 2) return String(CharArray::of(0x73, 0x6F, 0x6D, 0x6D, 0x61, 0x72, 0x74, 0x69, 0x64, 0x20, 0x66, 0x6F, 0x72, 0x20, 0x55, 0x6C, 0x61, 0x6E, 0x20, 0x42, 0x61, 0x74, 0x6F, 0x72));
					break;
				case 103: 
				if (style == 2) return String(CharArray::of(0x73, 0x6F, 0x6D, 0x6D, 0x61, 0x72, 0x74, 0x69, 0x64, 0x20, 0x66, 0x6F, 0x72, 0x20, 0x4D, 0x6F, 0x73, 0x6B, 0x76, 0x61));
					break;
				case 107: 
				if (style == 2) return String(CharArray::of(0x6B, 0x61, 0x6C, 0x65, 0x64, 0x6F, 0x6E, 0x73, 0x6B, 0x20, 0x73, 0x6F, 0x6D, 0x6D, 0x61, 0x72, 0x74, 0x69, 0x64));
					break;
				case 108: 
				if (style == 0) return String(CharArray::of(0x6E, 0x79, 0x7A, 0x65, 0x61, 0x6C, 0x61, 0x6E, 0x64, 0x73, 0x6B, 0x20, 0x74, 0x69, 0x64));
				if (style == 1) return String(CharArray::of(0x6E, 0x79, 0x7A, 0x65, 0x61, 0x6C, 0x61, 0x6E, 0x64, 0x73, 0x6B, 0x20, 0x6E, 0x6F, 0x72, 0x6D, 0x61, 0x6C, 0x74, 0x69, 0x64));
				if (style == 2) return String(CharArray::of(0x6E, 0x79, 0x7A, 0x65, 0x61, 0x6C, 0x61, 0x6E, 0x64, 0x73, 0x6B, 0x20, 0x73, 0x6F, 0x6D, 0x6D, 0x61, 0x72, 0x74, 0x69, 0x64));
					break;
				case 109: 
				if (style == 2) return String(CharArray::of(0x73, 0x6F, 0x6D, 0x6D, 0x61, 0x72, 0x74, 0x69, 0x64, 0x20, 0x66, 0x6F, 0x72, 0x20, 0x4E, 0x65, 0x77, 0x66, 0x6F, 0x75, 0x6E, 0x64, 0x6C, 0x61, 0x6E, 0x64));
					break;
				case 111: 
				if (style == 2) return String(CharArray::of(0x73, 0x6F, 0x6D, 0x6D, 0x61, 0x72, 0x74, 0x69, 0x64, 0x20, 0x66, 0x6F, 0x72, 0x20, 0x4E, 0x6F, 0x72, 0x66, 0x6F, 0x6C, 0x6B, 0xF8, 0x79, 0x61));
					break;
				case 112: 
				if (style == 2) return String(CharArray::of(0x73, 0x6F, 0x6D, 0x6D, 0x61, 0x72, 0x74, 0x69, 0x64, 0x20, 0x66, 0x6F, 0x72, 0x20, 0x46, 0x65, 0x72, 0x6E, 0x61, 0x6E, 0x64, 0x6F, 0x20, 0x64, 0x65, 0x20, 0x4E, 0x6F, 0x72, 0x6F, 0x6E, 0x68, 0x61));
					break;
				case 114: 
				if (style == 2) return String(CharArray::of(0x73, 0x6F, 0x6D, 0x6D, 0x61, 0x72, 0x74, 0x69, 0x64, 0x20, 0x66, 0x6F, 0x72, 0x20, 0x4E, 0x6F, 0x76, 0x6F, 0x73, 0x69, 0x62, 0x69, 0x72, 0x73, 0x6B));
					break;
				case 115: 
				if (style == 2) return String(CharArray::of(0x73, 0x6F, 0x6D, 0x6D, 0x61, 0x72, 0x74, 0x69, 0x64, 0x20, 0x66, 0x6F, 0x72, 0x20, 0x4F, 0x6D, 0x73, 0x6B));
					break;
				case 116: 
				if (style == 2) return String(CharArray::of(0x70, 0x61, 0x6B, 0x69, 0x73, 0x74, 0x61, 0x6E, 0x73, 0x6B, 0x20, 0x73, 0x6F, 0x6D, 0x6D, 0x61, 0x72, 0x74, 0x69, 0x64));
					break;
				case 119: 
				if (style == 2) return String(CharArray::of(0x70, 0x61, 0x72, 0x61, 0x67, 0x75, 0x61, 0x79, 0x61, 0x6E, 0x73, 0x6B, 0x20, 0x73, 0x6F, 0x6D, 0x6D, 0x61, 0x72, 0x74, 0x69, 0x64));
					break;
				case 120: 
				if (style == 2) return String(CharArray::of(0x70, 0x65, 0x72, 0x75, 0x61, 0x6E, 0x73, 0x6B, 0x20, 0x73, 0x6F, 0x6D, 0x6D, 0x61, 0x72, 0x74, 0x69, 0x64));
					break;
				case 121: 
				if (style == 2) return String(CharArray::of(0x66, 0x69, 0x6C, 0x69, 0x70, 0x70, 0x69, 0x6E, 0x73, 0x6B, 0x20, 0x73, 0x6F, 0x6D, 0x6D, 0x61, 0x72, 0x74, 0x69, 0x64));
					break;
				case 122: 
				if (style == 1) return String(CharArray::of(0x74, 0x69, 0x64, 0x73, 0x73, 0x6F, 0x6E, 0x65, 0x20, 0x66, 0x6F, 0x72, 0x20, 0x50, 0x68, 0x6F, 0x65, 0x6E, 0x69, 0x78, 0xF8, 0x79, 0x61, 0x6E, 0x65));
					break;
				case 123: 
				if (style == 2) return String(CharArray::of(0x73, 0x6F, 0x6D, 0x6D, 0x61, 0x72, 0x74, 0x69, 0x64, 0x20, 0x66, 0x6F, 0x72, 0x20, 0x53, 0x61, 0x69, 0x6E, 0x74, 0x2D, 0x50, 0x69, 0x65, 0x72, 0x72, 0x65, 0x2D, 0x65, 0x74, 0x2D, 0x4D, 0x69, 0x71, 0x75, 0x65, 0x6C, 0x6F, 0x6E));
					break;
				case 130: 
				if (style == 2) return String(CharArray::of(0x73, 0x6F, 0x6D, 0x6D, 0x61, 0x72, 0x74, 0x69, 0x64, 0x20, 0x66, 0x6F, 0x72, 0x20, 0x53, 0x61, 0x6B, 0x68, 0x61, 0x6C, 0x69, 0x6E));
					break;
				case 132: 
				if (style == 2) return String(CharArray::of(0x73, 0x61, 0x6D, 0x6F, 0x61, 0x6E, 0x73, 0x6B, 0x20, 0x73, 0x6F, 0x6D, 0x6D, 0x61, 0x72, 0x74, 0x69, 0x64));
					break;
				case 140: 
				if (style == 2) return String(CharArray::of(0x73, 0x6F, 0x6D, 0x6D, 0x61, 0x72, 0x74, 0x69, 0x64, 0x20, 0x66, 0x6F, 0x72, 0x20, 0x54, 0x61, 0x69, 0x70, 0x65, 0x69));
					break;
				case 143: 
				if (style == 2) return String(CharArray::of(0x74, 0x6F, 0x6E, 0x67, 0x61, 0x6E, 0x73, 0x6B, 0x20, 0x73, 0x6F, 0x6D, 0x6D, 0x61, 0x72, 0x74, 0x69, 0x64));
					break;
				case 144: 
				if (style == 1) return String(CharArray::of(0x74, 0x69, 0x64, 0x73, 0x73, 0x6F, 0x6E, 0x65, 0x20, 0x66, 0x6F, 0x72, 0x20, 0x43, 0x68, 0x75, 0x75, 0x6B, 0xF8, 0x79, 0x61, 0x6E, 0x65));
					break;
				case 145: 
				if (style == 2) return String(CharArray::of(0x74, 0x75, 0x72, 0x6B, 0x6D, 0x65, 0x6E, 0x73, 0x6B, 0x20, 0x73, 0x6F, 0x6D, 0x6D, 0x61, 0x72, 0x74, 0x69, 0x64));
					break;
				case 147: 
				if (style == 2) return String(CharArray::of(0x75, 0x72, 0x75, 0x67, 0x75, 0x61, 0x79, 0x61, 0x6E, 0x73, 0x6B, 0x20, 0x73, 0x6F, 0x6D, 0x6D, 0x61, 0x72, 0x74, 0x69, 0x64));
					break;
				case 148: 
				if (style == 2) return String(CharArray::of(0x75, 0x73, 0x62, 0x65, 0x6B, 0x69, 0x73, 0x6B, 0x20, 0x73, 0x6F, 0x6D, 0x6D, 0x61, 0x72, 0x74, 0x69, 0x64));
					break;
				case 149: 
				if (style == 2) return String(CharArray::of(0x76, 0x61, 0x6E, 0x75, 0x61, 0x74, 0x69, 0x73, 0x6B, 0x20, 0x73, 0x6F, 0x6D, 0x6D, 0x61, 0x72, 0x74, 0x69, 0x64));
					break;
				case 151: 
				if (style == 2) return String(CharArray::of(0x73, 0x6F, 0x6D, 0x6D, 0x61, 0x72, 0x74, 0x69, 0x64, 0x20, 0x66, 0x6F, 0x72, 0x20, 0x56, 0x6C, 0x61, 0x64, 0x69, 0x76, 0x6F, 0x73, 0x74, 0x6F, 0x6B));
					break;
				case 152: 
				if (style == 2) return String(CharArray::of(0x73, 0x6F, 0x6D, 0x6D, 0x61, 0x72, 0x74, 0x69, 0x64, 0x20, 0x66, 0x6F, 0x72, 0x20, 0x56, 0x6F, 0x6C, 0x67, 0x6F, 0x67, 0x72, 0x61, 0x64));
					break;
				case 155: 
				if (style == 1) return String(CharArray::of(0x74, 0x69, 0x64, 0x73, 0x73, 0x6F, 0x6E, 0x65, 0x20, 0x66, 0x6F, 0x72, 0x20, 0x57, 0x61, 0x6C, 0x6C, 0x69, 0x73, 0x2D, 0x20, 0x6F, 0x67, 0x20, 0x46, 0x75, 0x74, 0x75, 0x6E, 0x61, 0xF8, 0x79, 0x61, 0x6E, 0x65));
					break;
				case 156: 
				if (style == 2) return String(CharArray::of(0x73, 0x6F, 0x6D, 0x6D, 0x61, 0x72, 0x74, 0x69, 0x64, 0x20, 0x66, 0x6F, 0x72, 0x20, 0x4A, 0x61, 0x6B, 0x75, 0x74, 0x73, 0x6B));
					break;
				case 157: 
				if (style == 2) return String(CharArray::of(0x73, 0x6F, 0x6D, 0x6D, 0x61, 0x72, 0x74, 0x69, 0x64, 0x20, 0x66, 0x6F, 0x72, 0x20, 0x4A, 0x65, 0x6B, 0x61, 0x74, 0x65, 0x72, 0x69, 0x6E, 0x62, 0x75, 0x72, 0x67));
					break;
            default: break;
            }
            return String();
        }
        
        String Nn::timezonePattern(gint type) const {
            switch(type){
            default: break;
            }
            return String();
        }
    }
}
        