
#include "om.h"
#include <core/lang/StringArray.h>


// :::::::::::::::::::::::::::::::::::::::::::::::::::::::::::::::::::::::::::::::::::::::::::::::::
// This file has been Generated by CldrGen.py
// :::::::::::::::::::::::::::::::::::::::::::::::::::::::::::::::::::::::::::::::::::::::::::::::::


namespace core {
    using namespace util;
    namespace locales {
        
        String Om::displayLanguage(gint language, gint script, gint region) const {
            switch(language) {
				case 8: return String(CharArray::of(0x41, 0x66, 0x72, 0x69, 0x6B, 0x6F, 0x6F, 0x74, 0x61));
				case 19: return String(CharArray::of(0x41, 0x66, 0x61, 0x61, 0x6E, 0x20, 0x41, 0x6D, 0x61, 0x61, 0x72, 0x61, 0x61));
				case 25: 
					if (region == 0) return String(CharArray::of(0x41, 0x72, 0x61, 0x62, 0x69, 0x66, 0x66, 0x61, 0x20, 0x49, 0x73, 0x74, 0x61, 0x61, 0x6E, 0x64, 0x61, 0x61, 0x72, 0x64, 0x69, 0x69, 0x20, 0x41, 0x6D, 0x6D, 0x61, 0x79, 0x79, 0x61, 0x61));
					return String(CharArray::of(0x41, 0x72, 0x61, 0x62, 0x69, 0x66, 0x66, 0x61, 0x61));
				case 35: return String(CharArray::of(0x41, 0x73, 0x73, 0x61, 0x6D, 0x65, 0x73, 0x65));
				case 38: return String(CharArray::of(0x41, 0x73, 0x74, 0x75, 0x75, 0x72, 0x69, 0x79, 0x61, 0x61, 0x6E));
				case 44: return String(CharArray::of(0x41, 0x66, 0x61, 0x61, 0x6E, 0x20, 0x41, 0x7A, 0x65, 0x72, 0x62, 0x61, 0x69, 0x6A, 0x61, 0x6E, 0x69));
				case 53: return String(CharArray::of(0x41, 0x66, 0x61, 0x61, 0x6E, 0x20, 0x42, 0x65, 0x6C, 0x61, 0x72, 0x75, 0x73, 0x69, 0x61));
				case 60: return String(CharArray::of(0x41, 0x66, 0x61, 0x61, 0x6E, 0x20, 0x42, 0x75, 0x6C, 0x67, 0x61, 0x72, 0x69, 0x79, 0x61));
				case 61: return String(CharArray::of(0x48, 0x61, 0x72, 0x79, 0x61, 0x6E, 0x76, 0x69));
				case 64: return String(CharArray::of(0x42, 0x69, 0x68, 0x6F, 0x6F, 0x6A, 0x70, 0x75, 0x75, 0x72, 0x69, 0x69));
				case 71: return String(CharArray::of(0x41, 0x6E, 0x69, 0x69));
				case 74: return String(CharArray::of(0x41, 0x66, 0x61, 0x61, 0x6E, 0x20, 0x42, 0x61, 0x61, 0x6E, 0x67, 0x6C, 0x61, 0x64, 0x65, 0x73, 0x68, 0x69));
				case 78: return String(CharArray::of(0x42, 0x69, 0x72, 0x65, 0x65, 0x74, 0x6F, 0x6F, 0x6E));
				case 81: return String(CharArray::of(0x42, 0x6F, 0x64, 0x6F));
				case 82: return String(CharArray::of(0x41, 0x66, 0x61, 0x61, 0x6E, 0x20, 0x42, 0x6F, 0x73, 0x6E, 0x69, 0x79, 0x61, 0x61));
				case 89: return String(CharArray::of(0x41, 0x66, 0x61, 0x61, 0x6E, 0x20, 0x4B, 0x61, 0x74, 0x61, 0x6C, 0x61, 0x61));
				case 96: return String(CharArray::of(0x4B, 0x75, 0x62, 0x75, 0x77, 0x61, 0x6E, 0x6F, 0x6F));
				case 106: return String(CharArray::of(0x43, 0x68, 0x65, 0x72, 0x6F, 0x6B, 0x65, 0x65));
				case 123: return String(CharArray::of(0x41, 0x66, 0x61, 0x61, 0x6E, 0x20, 0x43, 0x7A, 0x65, 0x63, 0x68));
				case 127: return String(CharArray::of(0x43, 0x68, 0x75, 0x76, 0x61, 0x73, 0x68));
				case 129: return String(CharArray::of(0x57, 0x65, 0x6C, 0x69, 0x73, 0x68, 0x69, 0x66, 0x66, 0x61, 0x61));
				case 130: return String(CharArray::of(0x41, 0x66, 0x61, 0x61, 0x6E, 0x20, 0x44, 0x65, 0x65, 0x6E, 0x6D, 0x61, 0x61, 0x72, 0x6B));
				case 134: 
					if (region == 75) return String(CharArray::of(0x4A, 0x61, 0x72, 0x6D, 0x61, 0x6E, 0x69, 0x69, 0x20, 0x53, 0x69, 0x77, 0x69, 0x69, 0x7A, 0x20, 0x48, 0x61, 0x61, 0x79));
					if (region == 43) return String(CharArray::of(0x4A, 0x61, 0x72, 0x6D, 0x61, 0x6E, 0x69, 0x69, 0x20, 0x41, 0x77, 0x75, 0x73, 0x74, 0x69, 0x72, 0x69, 0x79, 0x61, 0x61));
					return String(CharArray::of(0x41, 0x66, 0x61, 0x61, 0x6E, 0x20, 0x4A, 0x61, 0x72, 0x6D, 0x61, 0x6E, 0x69, 0x69));
				case 140: return String(CharArray::of(0x44, 0x6F, 0x67, 0x72, 0x69));
				case 156: return String(CharArray::of(0x41, 0x66, 0x61, 0x61, 0x6E, 0x20, 0x47, 0x69, 0x72, 0x69, 0x69, 0x6B, 0x69));
				case 158: 
					if (region == 276) return String(CharArray::of(0x49, 0x6E, 0x67, 0x6C, 0x69, 0x66, 0x66, 0x61, 0x20, 0x41, 0x6D, 0x65, 0x65, 0x6B, 0x69, 0x72, 0x61, 0x61));
					if (region == 116) return String(CharArray::of(0x49, 0x6E, 0x67, 0x6C, 0x69, 0x66, 0x66, 0x61, 0x20, 0x42, 0x69, 0x72, 0x69, 0x74, 0x69, 0x73, 0x68, 0x69, 0x69));
					if (region == 70) return String(CharArray::of(0x49, 0x6E, 0x67, 0x69, 0x6C, 0x69, 0x66, 0x66, 0x61, 0x20, 0x4B, 0x61, 0x6E, 0x61, 0x61, 0x64, 0x61, 0x61));
					if (region == 44) return String(CharArray::of(0x49, 0x6E, 0x67, 0x69, 0x6C, 0x69, 0x66, 0x66, 0x61, 0x20, 0x41, 0x77, 0x75, 0x73, 0x74, 0x69, 0x72, 0x61, 0x61, 0x6C, 0x69, 0x79, 0x61, 0x61));
					return String(CharArray::of(0x41, 0x66, 0x61, 0x61, 0x6E, 0x20, 0x49, 0x6E, 0x67, 0x69, 0x6C, 0x69, 0x7A, 0x69, 0x69));
				case 160: return String(CharArray::of(0x41, 0x66, 0x61, 0x61, 0x6E, 0x20, 0x45, 0x73, 0x70, 0x65, 0x72, 0x61, 0x6E, 0x74, 0x6F, 0x6F));
				case 161: 
					if (region == 197) return String(CharArray::of(0x49, 0x73, 0x70, 0x61, 0x61, 0x6E, 0x69, 0x73, 0x68, 0x69, 0x69, 0x20, 0x4D, 0x65, 0x65, 0x6B, 0x73, 0x69, 0x69, 0x6B, 0x6F, 0x6F));
					if (region == 105) return String(CharArray::of(0x49, 0x73, 0x70, 0x61, 0x61, 0x6E, 0x69, 0x73, 0x68, 0x69, 0x69, 0x20, 0x41, 0x77, 0x75, 0x72, 0x6F, 0x6F, 0x70, 0x70, 0x61, 0x61));
					if (region == 30) return String(CharArray::of(0x4C, 0x61, 0x61, 0x74, 0x69, 0x6E, 0x69, 0x69, 0x20, 0x49, 0x73, 0x70, 0x61, 0x61, 0x6E, 0x69, 0x73, 0x68, 0x69, 0x69, 0x20, 0x41, 0x6D, 0x65, 0x65, 0x72, 0x69, 0x6B, 0x61, 0x61));
					return String(CharArray::of(0x41, 0x66, 0x61, 0x61, 0x6E, 0x20, 0x49, 0x73, 0x70, 0x65, 0x65, 0x6E));
				case 163: return String(CharArray::of(0x41, 0x66, 0x61, 0x61, 0x6E, 0x20, 0x49, 0x73, 0x74, 0x6F, 0x6F, 0x6E, 0x69, 0x79, 0x61));
				case 164: return String(CharArray::of(0x41, 0x66, 0x61, 0x61, 0x6E, 0x20, 0x42, 0x61, 0x73, 0x6B, 0x75, 0x75));
				case 167: return String(CharArray::of(0x41, 0x66, 0x61, 0x61, 0x6E, 0x20, 0x50, 0x65, 0x72, 0x73, 0x69, 0x61));
				case 170: return String(CharArray::of(0x46, 0x75, 0x6C, 0x61));
				case 171: return String(CharArray::of(0x41, 0x66, 0x61, 0x61, 0x6E, 0x20, 0x46, 0x69, 0x69, 0x6C, 0x61, 0x61, 0x6E, 0x64, 0x69));
				case 172: return String(CharArray::of(0x41, 0x66, 0x61, 0x61, 0x6E, 0x20, 0x46, 0x69, 0x6C, 0x69, 0x70, 0x70, 0x69, 0x6E, 0x69, 0x69));
				case 175: return String(CharArray::of(0x41, 0x66, 0x61, 0x61, 0x6E, 0x20, 0x46, 0x61, 0x72, 0x6F, 0x65, 0x73, 0x65));
				case 177: return String(CharArray::of(0x41, 0x66, 0x61, 0x61, 0x6E, 0x20, 0x46, 0x61, 0x72, 0x61, 0x6E, 0x73, 0x61, 0x61, 0x79, 0x69, 0x69));
				case 185: return String(CharArray::of(0x41, 0x66, 0x61, 0x61, 0x6E, 0x20, 0x46, 0x69, 0x72, 0x69, 0x73, 0x69, 0x79, 0x61, 0x61, 0x6E, 0x69));
				case 186: return String(CharArray::of(0x41, 0x66, 0x61, 0x61, 0x6E, 0x20, 0x41, 0x79, 0x69, 0x72, 0x69, 0x73, 0x68, 0x69, 0x69));
				case 193: return String(CharArray::of(0x53, 0x63, 0x6F, 0x74, 0x73, 0x20, 0x47, 0x61, 0x65, 0x6C, 0x69, 0x63));
				case 196: return String(CharArray::of(0x41, 0x66, 0x61, 0x61, 0x6E, 0x20, 0x47, 0x61, 0x6C, 0x69, 0x73, 0x68, 0x69, 0x69));
				case 199: return String(CharArray::of(0x41, 0x66, 0x61, 0x61, 0x6E, 0x20, 0x47, 0x75, 0x61, 0x72, 0x61, 0x6E, 0x69));
				case 207: return String(CharArray::of(0x41, 0x66, 0x61, 0x61, 0x6E, 0x20, 0x47, 0x75, 0x6A, 0x61, 0x72, 0x61, 0x74, 0x69));
				case 213: return String(CharArray::of(0x48, 0x61, 0x77, 0x75, 0x73, 0x61, 0x61));
				case 219: return String(CharArray::of(0x41, 0x66, 0x61, 0x61, 0x6E, 0x20, 0x48, 0x65, 0x62, 0x72, 0x65, 0x77));
				case 220: 
					if (script == 92) return String(CharArray::of(0x48, 0x69, 0x6E, 0x64, 0x69, 0x69, 0x20, 0x28, 0x4C, 0x61, 0x61, 0x74, 0x69, 0x69, 0x6E, 0x29));
					return String(CharArray::of(0x41, 0x66, 0x61, 0x61, 0x6E, 0x20, 0x48, 0x69, 0x6E, 0x64, 0x69, 0x69));
				case 227: return String(CharArray::of(0x41, 0x66, 0x61, 0x61, 0x6E, 0x20, 0x43, 0x72, 0x6F, 0x61, 0x74, 0x69, 0x61, 0x6E));
				case 231: return String(CharArray::of(0x41, 0x66, 0x61, 0x61, 0x6E, 0x20, 0x48, 0x61, 0x6E, 0x67, 0x61, 0x61, 0x72, 0x69));
				case 234: return String(CharArray::of(0x41, 0x72, 0x6D, 0x65, 0x65, 0x6E, 0x69, 0x79, 0x61, 0x61));
				case 236: return String(CharArray::of(0x49, 0x6E, 0x74, 0x65, 0x72, 0x6C, 0x69, 0x6E, 0x67, 0x75, 0x61));
				case 239: return String(CharArray::of(0x41, 0x66, 0x61, 0x61, 0x6E, 0x20, 0x49, 0x6E, 0x64, 0x6F, 0x6E, 0x65, 0x7A, 0x69, 0x79, 0x61));
				case 250: return String(CharArray::of(0x41, 0x79, 0x69, 0x69, 0x73, 0x6C, 0x61, 0x6E, 0x64, 0x69, 0x66, 0x66, 0x61, 0x61));
				case 251: return String(CharArray::of(0x41, 0x66, 0x61, 0x61, 0x6E, 0x20, 0x58, 0x61, 0x61, 0x6C, 0x69, 0x79, 0x61, 0x61, 0x6E, 0x69));
				case 255: return String(CharArray::of(0x41, 0x66, 0x61, 0x61, 0x6E, 0x20, 0x4A, 0x61, 0x70, 0x61, 0x6E, 0x69, 0x69));
				case 264: return String(CharArray::of(0x41, 0x66, 0x61, 0x61, 0x6E, 0x20, 0x4A, 0x61, 0x76, 0x61));
				case 265: return String(CharArray::of(0x41, 0x66, 0x61, 0x61, 0x6E, 0x20, 0x47, 0x65, 0x6F, 0x72, 0x67, 0x69, 0x61, 0x6E));
				case 294: return String(CharArray::of(0x41, 0x66, 0x61, 0x61, 0x6E, 0x20, 0x4B, 0x61, 0x6E, 0x6E, 0x61, 0x64, 0x61));
				case 295: return String(CharArray::of(0x41, 0x66, 0x61, 0x61, 0x6E, 0x20, 0x4B, 0x6F, 0x72, 0x65, 0x61));
				case 318: return String(CharArray::of(0x41, 0x66, 0x61, 0x61, 0x6E, 0x20, 0x4C, 0x61, 0x61, 0x74, 0x69, 0x6E, 0x69));
				case 341: return String(CharArray::of(0x41, 0x66, 0x61, 0x61, 0x6E, 0x20, 0x4C, 0x69, 0x69, 0x74, 0x75, 0x6E, 0x69, 0x79, 0x61, 0x61));
				case 350: return String(CharArray::of(0x41, 0x66, 0x61, 0x61, 0x6E, 0x20, 0x4C, 0x61, 0x74, 0x69, 0x76, 0x69, 0x79, 0x61, 0x61));
				case 375: return String(CharArray::of(0x41, 0x66, 0x61, 0x61, 0x6E, 0x20, 0x4D, 0x61, 0x63, 0x65, 0x64, 0x6F, 0x6F, 0x6E, 0x69, 0x79, 0x61, 0x61));
				case 376: return String(CharArray::of(0x4D, 0x61, 0x6C, 0x61, 0x79, 0x61, 0x61, 0x6C, 0x61, 0x6D, 0x69, 0x66, 0x66, 0x61, 0x61));
				case 383: return String(CharArray::of(0x41, 0x66, 0x61, 0x61, 0x6E, 0x20, 0x4D, 0x61, 0x72, 0x61, 0x74, 0x69, 0x69));
				case 385: return String(CharArray::of(0x4D, 0x61, 0x6C, 0x61, 0x61, 0x79, 0x69, 0x66, 0x66, 0x61, 0x61));
				case 386: return String(CharArray::of(0x41, 0x66, 0x61, 0x61, 0x6E, 0x20, 0x4D, 0x61, 0x6C, 0x74, 0x65, 0x73, 0x69, 0x69));
				case 393: return String(CharArray::of(0x42, 0x75, 0x72, 0x6D, 0x65, 0x65, 0x73, 0x65, 0x65));
				case 404: return String(CharArray::of(0x41, 0x66, 0x61, 0x61, 0x6E, 0x20, 0x4E, 0x65, 0x70, 0x61, 0x6C, 0x69, 0x69));
				case 410: 
					if (region == 51) return String(CharArray::of(0x46, 0x6C, 0x65, 0x6D, 0x69, 0x73, 0x68));
					return String(CharArray::of(0x41, 0x66, 0x61, 0x61, 0x6E, 0x20, 0x44, 0x61, 0x63, 0x68, 0x69, 0x69));
				case 412: return String(CharArray::of(0x41, 0x66, 0x61, 0x61, 0x6E, 0x20, 0x4E, 0x6F, 0x72, 0x77, 0x65, 0x67, 0x69, 0x61, 0x6E));
				case 414: return String(CharArray::of(0x41, 0x66, 0x61, 0x61, 0x6E, 0x20, 0x4E, 0x6F, 0x72, 0x77, 0x65, 0x79, 0x69, 0x69));
				case 429: return String(CharArray::of(0x41, 0x66, 0x61, 0x61, 0x6E, 0x20, 0x4F, 0x63, 0x63, 0x69, 0x74));
				case 437: return String(CharArray::of(0x4F, 0x72, 0x6F, 0x6D, 0x6F, 0x6F));
				case 442: return String(CharArray::of(0x41, 0x66, 0x61, 0x61, 0x6E, 0x20, 0x50, 0x75, 0x6E, 0x6A, 0x61, 0x62, 0x69, 0x69));
				case 457: return String(CharArray::of(0x41, 0x66, 0x61, 0x61, 0x6E, 0x20, 0x50, 0x6F, 0x6C, 0x61, 0x6E, 0x64, 0x69, 0x69));
				case 465: 
					if (region == 224) return String(CharArray::of(0x41, 0x66, 0x61, 0x61, 0x6E, 0x20, 0x50, 0x72, 0x6F, 0x74, 0x75, 0x67, 0x75, 0x65, 0x73, 0x65));
					if (region == 62) return String(CharArray::of(0x41, 0x66, 0x61, 0x61, 0x6E, 0x20, 0x50, 0x6F, 0x72, 0x74, 0x75, 0x67, 0x61, 0x6C, 0x69, 0x20, 0x28, 0x42, 0x72, 0x61, 0x61, 0x7A, 0x69, 0x6C, 0x29));
					return String(CharArray::of(0x41, 0x66, 0x61, 0x61, 0x6E, 0x20, 0x50, 0x6F, 0x72, 0x63, 0x68, 0x75, 0x67, 0x61, 0x61, 0x6C));
				case 477: return String(CharArray::of(0x41, 0x66, 0x61, 0x61, 0x6E, 0x20, 0x52, 0x6F, 0x6D, 0x61, 0x6E, 0x69, 0x79, 0x61, 0x61));
				case 482: return String(CharArray::of(0x41, 0x66, 0x61, 0x61, 0x6E, 0x20, 0x52, 0x75, 0x73, 0x68, 0x69, 0x79, 0x61, 0x61));
				case 517: return String(CharArray::of(0x41, 0x66, 0x61, 0x61, 0x6E, 0x20, 0x53, 0x69, 0x6E, 0x68, 0x61, 0x6C, 0x65, 0x73, 0x65));
				case 519: return String(CharArray::of(0x41, 0x66, 0x61, 0x61, 0x6E, 0x20, 0x53, 0x6C, 0x6F, 0x76, 0x61, 0x6B));
				case 521: return String(CharArray::of(0x41, 0x66, 0x61, 0x61, 0x6E, 0x20, 0x49, 0x73, 0x6C, 0x6F, 0x76, 0x61, 0x6E, 0x69, 0x79, 0x61, 0x61));
				case 534: return String(CharArray::of(0x41, 0x66, 0x61, 0x61, 0x6E, 0x20, 0x41, 0x6C, 0x62, 0x61, 0x6E, 0x69, 0x79, 0x61, 0x61));
				case 535: return String(CharArray::of(0x41, 0x66, 0x61, 0x61, 0x6E, 0x20, 0x53, 0x65, 0x72, 0x62, 0x69, 0x79, 0x61));
				case 543: return String(CharArray::of(0x41, 0x66, 0x61, 0x61, 0x6E, 0x20, 0x53, 0x75, 0x64, 0x61, 0x61, 0x6E, 0x69, 0x69));
				case 547: return String(CharArray::of(0x41, 0x66, 0x61, 0x61, 0x6E, 0x20, 0x53, 0x75, 0x77, 0x69, 0x64, 0x69, 0x69, 0x6E));
				case 548: return String(CharArray::of(0x53, 0x75, 0x77, 0x61, 0x68, 0x69, 0x6C, 0x69, 0x69));
				case 553: return String(CharArray::of(0x41, 0x66, 0x61, 0x61, 0x6E, 0x20, 0x54, 0x61, 0x6D, 0x69, 0x6C, 0x69, 0x69));
				case 556: return String(CharArray::of(0x41, 0x66, 0x61, 0x61, 0x6E, 0x20, 0x54, 0x65, 0x6C, 0x75, 0x67, 0x75));
				case 563: return String(CharArray::of(0x41, 0x66, 0x61, 0x61, 0x6E, 0x20, 0x54, 0x61, 0x79, 0x69, 0x69));
				case 565: return String(CharArray::of(0x41, 0x66, 0x61, 0x61, 0x6E, 0x20, 0x54, 0x69, 0x67, 0x69, 0x72, 0x65, 0x65));
				case 568: return String(CharArray::of(0x4C, 0x61, 0x6D, 0x6D, 0x69, 0x69, 0x20, 0x54, 0x75, 0x72, 0x6B, 0x69, 0x69));
				case 572: return String(CharArray::of(0x41, 0x66, 0x61, 0x61, 0x6E, 0x20, 0x4B, 0x69, 0x6C, 0x69, 0x6E, 0x67, 0x6F, 0x6E));
				case 581: return String(CharArray::of(0x41, 0x66, 0x61, 0x61, 0x6E, 0x20, 0x54, 0x75, 0x72, 0x6B, 0x69, 0x69));
				case 601: return String(CharArray::of(0x41, 0x66, 0x61, 0x61, 0x6E, 0x20, 0x55, 0x6B, 0x72, 0x65, 0x65, 0x6E, 0x69, 0x69));
				case 603: return String(CharArray::of(0x41, 0x66, 0x61, 0x61, 0x6E, 0x20, 0x68, 0x69, 0x6E, 0x20, 0x62, 0x65, 0x65, 0x6B, 0x61, 0x6D, 0x6E, 0x65));
				case 604: return String(CharArray::of(0x41, 0x66, 0x61, 0x61, 0x6E, 0x20, 0x55, 0x72, 0x64, 0x75));
				case 605: return String(CharArray::of(0x41, 0x66, 0x61, 0x61, 0x6E, 0x20, 0x55, 0x7A, 0x62, 0x65, 0x6B));
				case 610: return String(CharArray::of(0x41, 0x66, 0x61, 0x61, 0x6E, 0x20, 0x56, 0x65, 0x65, 0x74, 0x69, 0x6E, 0x61, 0x6D));
				case 627: return String(CharArray::of(0x41, 0x66, 0x61, 0x61, 0x6E, 0x20, 0x58, 0x68, 0x6F, 0x73, 0x61));
				case 638: return String(CharArray::of(0x4B, 0x61, 0x6E, 0x74, 0x6F, 0x6E, 0x6F, 0x6F, 0x73, 0x65, 0x65));
				case 645: 
					if (script == 61) return String(CharArray::of(0x43, 0x68, 0x69, 0x6E, 0x65, 0x73, 0x65, 0x20, 0x44, 0x75, 0x72, 0x69, 0x69));
					if (script == 60) return String(CharArray::of(0x43, 0x68, 0x69, 0x6E, 0x65, 0x73, 0x65, 0x20, 0x53, 0x61, 0x6C, 0x70, 0x68, 0x69, 0x66, 0x61, 0x6D, 0x65));
					return String(CharArray::of(0x43, 0x68, 0x69, 0x6E, 0x65, 0x73, 0x65));
				case 646: return String(CharArray::of(0x41, 0x66, 0x61, 0x61, 0x6E, 0x20, 0x5A, 0x75, 0x75, 0x6C, 0x75));
            default: break;
            }
            return String();
        }
        
        String Om::displayScript(gint script) const {
            switch(script) {
				case 4: return String(CharArray::of(0x41, 0x72, 0x61, 0x62, 0x69, 0x66, 0x66, 0x61));
				case 31: return String(CharArray::of(0x53, 0x61, 0x61, 0x79, 0x69, 0x72, 0x69, 0x69, 0x6C, 0x69, 0x6B));
				case 60: return String(CharArray::of(0x53, 0x61, 0x6C, 0x70, 0x68, 0x69, 0x66, 0x61, 0x6D, 0x65));
				case 61: return String(CharArray::of(0x4B, 0x61, 0x6E, 0x20, 0x44, 0x75, 0x72, 0x69, 0x69));
				case 74: return String(CharArray::of(0x41, 0x66, 0x61, 0x61, 0x6E, 0x20, 0x4A, 0x61, 0x61, 0x70, 0x70, 0x61, 0x61, 0x6E));
				case 84: return String(CharArray::of(0x41, 0x66, 0x61, 0x61, 0x6E, 0x20, 0x4B, 0x6F, 0x6F, 0x72, 0x69, 0x79, 0x61, 0x61));
				case 92: return String(CharArray::of(0x4C, 0x61, 0x61, 0x74, 0x69, 0x6E, 0x69, 0x69));
				case 206: return String(CharArray::of(0x4B, 0x61, 0x6E, 0x20, 0x48, 0x69, 0x6E, 0x20, 0x42, 0x61, 0x72, 0x72, 0x65, 0x65, 0x66, 0x66, 0x61, 0x6D, 0x6E, 0x65));
				case 208: return String(CharArray::of(0x42, 0x61, 0x72, 0x72, 0x65, 0x65, 0x66, 0x66, 0x61, 0x6D, 0x61, 0x20, 0x48, 0x69, 0x6E, 0x20, 0x42, 0x65, 0x65, 0x6B, 0x61, 0x6D, 0x6E, 0x65));
            default: break;
            }
            return String();
        }
        
        String Om::displayCountry(gint region) const {
            switch(region) {

				case 0: return String(CharArray::of(0x61, 0x64, 0x64, 0x75, 0x6E, 0x79, 0x61, 0x61));

				case 1: return String(CharArray::of(0x41, 0x66, 0x72, 0x69, 0x6B, 0x61, 0x61));

				case 2: return String(CharArray::of(0x41, 0x6D, 0x65, 0x65, 0x72, 0x69, 0x6B, 0x61, 0x61, 0x20, 0x4B, 0x61, 0x61, 0x62, 0x61, 0x61));

				case 3: return String(CharArray::of(0x41, 0x6D, 0x65, 0x65, 0x72, 0x69, 0x6B, 0x61, 0x61, 0x20, 0x4B, 0x69, 0x62, 0x62, 0x61, 0x61));

				case 4: return String(CharArray::of(0x4F, 0x73, 0x68, 0x69, 0x69, 0x6E, 0x69, 0x79, 0x61, 0x61));

				case 5: return String(CharArray::of(0x41, 0x66, 0x72, 0x69, 0x6B, 0x61, 0x61, 0x20, 0x44, 0x68, 0x69, 0x68, 0x61, 0x61));

				case 6: return String(CharArray::of(0x41, 0x6D, 0x65, 0x65, 0x72, 0x69, 0x6B, 0x61, 0x61, 0x20, 0x47, 0x69, 0x64, 0x64, 0x75, 0x75, 0x67, 0x61, 0x6C, 0x65, 0x65, 0x73, 0x73, 0x61, 0x61));

				case 7: return String(CharArray::of(0x41, 0x66, 0x72, 0x69, 0x6B, 0x61, 0x61, 0x20, 0x42, 0x61, 0x68, 0x61, 0x61));

				case 8: return String(CharArray::of(0x41, 0x66, 0x72, 0x69, 0x6B, 0x61, 0x61, 0x20, 0x4B, 0x61, 0x62, 0x61, 0x61));

				case 9: return String(CharArray::of(0x41, 0x66, 0x72, 0x69, 0x6B, 0x61, 0x61, 0x20, 0x47, 0x69, 0x64, 0x64, 0x75, 0x75, 0x67, 0x61, 0x6C, 0x65, 0x65, 0x73, 0x73, 0x61, 0x61));

				case 10: return String(CharArray::of(0x4B, 0x69, 0x62, 0x62, 0x61, 0x20, 0x41, 0x66, 0x72, 0x69, 0x6B, 0x61, 0x61));

				case 11: return String(CharArray::of(0x41, 0x6D, 0x65, 0x65, 0x72, 0x69, 0x6B, 0x61, 0x61));

				case 12: return String(CharArray::of(0x41, 0x6D, 0x65, 0x65, 0x72, 0x69, 0x6B, 0x61, 0x61, 0x20, 0x4B, 0x61, 0x61, 0x62, 0x61));

				case 13: return String(CharArray::of(0x4B, 0x61, 0x72, 0x69, 0x69, 0x62, 0x69, 0x79, 0x61, 0x61, 0x6E));

				case 14: return String(CharArray::of(0x45, 0x65, 0x73, 0x68, 0x69, 0x79, 0x61, 0x61, 0x20, 0x42, 0x61, 0x68, 0x61, 0x61));

				case 15: return String(CharArray::of(0x45, 0x65, 0x73, 0x68, 0x69, 0x79, 0x61, 0x61, 0x20, 0x4B, 0x69, 0x62, 0x62, 0x61, 0x61));

				case 16: return String(CharArray::of(0x4B, 0x69, 0x62, 0x62, 0x61, 0x20, 0x62, 0x61, 0x68, 0x61, 0x20, 0x45, 0x65, 0x73, 0x68, 0x69, 0x79, 0x61, 0x61));

				case 17: return String(CharArray::of(0x41, 0x77, 0x75, 0x72, 0x6F, 0x6F, 0x70, 0x70, 0x61, 0x61, 0x20, 0x4B, 0x69, 0x62, 0x62, 0x61, 0x61));

				case 18: return String(CharArray::of(0x41, 0x77, 0x75, 0x73, 0x74, 0x69, 0x72, 0x61, 0x6C, 0x61, 0x73, 0x68, 0x69, 0x79, 0x61, 0x61));

				case 19: return String(CharArray::of(0x4D, 0x65, 0x6C, 0x61, 0x61, 0x6E, 0x65, 0x65, 0x73, 0x68, 0x69, 0x79, 0x61, 0x61));

				case 20: return String(CharArray::of(0x4E, 0x61, 0x61, 0x6E, 0x6E, 0x6F, 0x6F, 0x20, 0x4D, 0x61, 0x6C, 0x65, 0x65, 0x73, 0x68, 0x69, 0x79, 0x61, 0x61));

				case 21: return String(CharArray::of(0x50, 0x6F, 0x6F, 0x6C, 0x69, 0x6E, 0x65, 0x65, 0x73, 0x68, 0x69, 0x79, 0x61, 0x61));

				case 22: return String(CharArray::of(0x45, 0x65, 0x73, 0x68, 0x69, 0x79, 0x61, 0x61));

				case 23: return String(CharArray::of(0x45, 0x65, 0x73, 0x68, 0x69, 0x79, 0x61, 0x61, 0x20, 0x47, 0x69, 0x64, 0x64, 0x75, 0x75, 0x67, 0x61, 0x6C, 0x65, 0x65, 0x73, 0x73, 0x61, 0x61));

				case 24: return String(CharArray::of(0x45, 0x65, 0x73, 0x68, 0x69, 0x79, 0x61, 0x61, 0x20, 0x44, 0x68, 0x69, 0x68, 0x61, 0x61));

				case 25: return String(CharArray::of(0x41, 0x77, 0x75, 0x72, 0x6F, 0x6F, 0x70, 0x70, 0x61, 0x61));

				case 26: return String(CharArray::of(0x41, 0x77, 0x75, 0x72, 0x6F, 0x6F, 0x70, 0x70, 0x61, 0x61, 0x20, 0x42, 0x61, 0x68, 0x61, 0x61));

				case 27: return String(CharArray::of(0x41, 0x77, 0x75, 0x72, 0x6F, 0x6F, 0x70, 0x70, 0x61, 0x61, 0x20, 0x4B, 0x61, 0x61, 0x62, 0x61, 0x61));

				case 28: return String(CharArray::of(0x41, 0x77, 0x75, 0x72, 0x6F, 0x6F, 0x70, 0x70, 0x61, 0x61, 0x20, 0x44, 0x68, 0x69, 0x68, 0x61, 0x61));

				case 29: return String(CharArray::of(0x41, 0x66, 0x72, 0x69, 0x6B, 0x61, 0x61, 0x20, 0x53, 0x61, 0x68, 0x61, 0x61, 0x72, 0x61, 0x61, 0x6E, 0x20, 0x47, 0x61, 0x64, 0x69, 0x69));

				case 30: return String(CharArray::of(0x4C, 0x61, 0x61, 0x74, 0x69, 0x6E, 0x20, 0x41, 0x6D, 0x65, 0x65, 0x72, 0x69, 0x6B, 0x61, 0x61));

				case 31: return String(CharArray::of(0x4F, 0x64, 0x6F, 0x6C, 0x61, 0x20, 0x41, 0x73, 0x65, 0x6E, 0x73, 0x68, 0x69, 0x69, 0x6E));

				case 32: return String(CharArray::of(0x41, 0x6E, 0x64, 0x6F, 0x6F, 0x72, 0x61, 0x61));

				case 33: return String(CharArray::of(0x59, 0x75, 0x75, 0x6E, 0x61, 0x61, 0x74, 0x69, 0x64, 0x20, 0x41, 0x72, 0x61, 0x62, 0x20, 0x45, 0x6D, 0x65, 0x72, 0x65, 0x65, 0x74));

				case 34: return String(CharArray::of(0x41, 0x66, 0x67, 0x61, 0x61, 0x6E, 0x69, 0x73, 0x74, 0x61, 0x61, 0x6E));

				case 35: return String(CharArray::of(0x41, 0x6E, 0x74, 0x69, 0x69, 0x67, 0x75, 0x79, 0x61, 0x61, 0x20, 0x66, 0x69, 0x20, 0x42, 0x61, 0x72, 0x62, 0x75, 0x75, 0x64, 0x61, 0x61));

				case 36: return String(CharArray::of(0x41, 0x6E, 0x67, 0x75, 0x79, 0x69, 0x6C, 0x61, 0x61));

				case 37: return String(CharArray::of(0x41, 0x6C, 0x62, 0x61, 0x61, 0x6E, 0x69, 0x79, 0x61, 0x61));

				case 38: return String(CharArray::of(0x41, 0x72, 0x6D, 0x65, 0x65, 0x6E, 0x69, 0x79, 0x61, 0x61));

				case 39: return String(CharArray::of(0x41, 0x6E, 0x67, 0x6F, 0x6F, 0x6C, 0x61, 0x61));

				case 40: return String(CharArray::of(0x41, 0x6E, 0x74, 0x61, 0x61, 0x72, 0x6B, 0x69, 0x74, 0x69, 0x6B, 0x61, 0x61));

				case 41: return String(CharArray::of(0x41, 0x72, 0x6A, 0x65, 0x6E, 0x74, 0x69, 0x69, 0x6E, 0x61, 0x61));

				case 42: return String(CharArray::of(0x53, 0x61, 0x61, 0x6D, 0x6F, 0x77, 0x61, 0x20, 0x41, 0x6D, 0x65, 0x65, 0x72, 0x69, 0x6B, 0x61, 0x61));

				case 43: return String(CharArray::of(0x41, 0x77, 0x75, 0x73, 0x74, 0x69, 0x72, 0x69, 0x79, 0x61, 0x61));

				case 44: return String(CharArray::of(0x41, 0x77, 0x75, 0x73, 0x74, 0x69, 0x72, 0x61, 0x61, 0x6C, 0x69, 0x79, 0x61, 0x61));

				case 45: return String(CharArray::of(0x41, 0x72, 0x75, 0x62, 0x61, 0x61));

				case 46: return String(CharArray::of(0x4F, 0x64, 0x6F, 0x6C, 0x6F, 0x6F, 0x74, 0x61, 0x20, 0x41, 0x6C, 0x61, 0x61, 0x6E, 0x64));

				case 47: return String(CharArray::of(0x41, 0x7A, 0x65, 0x72, 0x62, 0x61, 0x61, 0x6A, 0x69, 0x79, 0x61, 0x61, 0x6E));

				case 48: return String(CharArray::of(0x42, 0x6F, 0x73, 0x69, 0x69, 0x6E, 0x69, 0x79, 0x61, 0x61, 0x20, 0x66, 0x69, 0x20, 0x48, 0x65, 0x72, 0x7A, 0x6F, 0x6F, 0x67, 0x6F, 0x76, 0x69, 0x6E, 0x61, 0x61));

				case 49: return String(CharArray::of(0x42, 0x61, 0x72, 0x62, 0x61, 0x61, 0x72, 0x6F, 0x73));

				case 50: return String(CharArray::of(0x42, 0x61, 0x6E, 0x67, 0x6C, 0x61, 0x61, 0x64, 0x69, 0x73, 0x68));

				case 51: return String(CharArray::of(0x42, 0x65, 0x65, 0x6C, 0x6A, 0x69, 0x79, 0x65, 0x65, 0x6D));

				case 52: return String(CharArray::of(0x42, 0x75, 0x72, 0x6B, 0x69, 0x69, 0x6E, 0x61, 0x61, 0x20, 0x46, 0x61, 0x61, 0x73, 0x6F, 0x6F));

				case 53: return String(CharArray::of(0x42, 0x75, 0x6C, 0x67, 0x61, 0x61, 0x72, 0x69, 0x79, 0x61, 0x61));

				case 54: return String(CharArray::of(0x42, 0x61, 0x61, 0x68, 0x69, 0x72, 0x65, 0x65, 0x6E));

				case 55: return String(CharArray::of(0x42, 0x75, 0x72, 0x75, 0x6E, 0x64, 0x69, 0x69));

				case 56: return String(CharArray::of(0x42, 0x65, 0x65, 0x6E, 0x69, 0x69));

				case 57: return String(CharArray::of(0x53, 0x74, 0x2E, 0x20, 0x42, 0x61, 0x72, 0x7A, 0x65, 0x6C, 0x65, 0x65, 0x6D, 0x69, 0x69));

				case 58: return String(CharArray::of(0x42, 0x65, 0x65, 0x72, 0x6D, 0x75, 0x64, 0x61, 0x61));

				case 59: return String(CharArray::of(0x42, 0x69, 0x72, 0x75, 0x6E, 0x69, 0x79, 0x65, 0x65));

				case 60: return String(CharArray::of(0x42, 0x6F, 0x6C, 0x69, 0x69, 0x76, 0x69, 0x79, 0x61, 0x61));

				case 61: return String(CharArray::of(0x4E, 0x65, 0x65, 0x7A, 0x65, 0x72, 0x6C, 0x61, 0x61, 0x6E, 0x64, 0x6F, 0x74, 0x61, 0x20, 0x4B, 0x61, 0x72, 0x69, 0x69, 0x62, 0x61, 0x61, 0x6E));

				case 62: return String(CharArray::of(0x42, 0x69, 0x72, 0x61, 0x61, 0x7A, 0x69, 0x6C));

				case 63: return String(CharArray::of(0x42, 0x61, 0x68, 0x61, 0x61, 0x6D, 0x61, 0x73));

				case 64: return String(CharArray::of(0x42, 0x69, 0x68, 0x75, 0x75, 0x74, 0x61, 0x6E));

				case 66: return String(CharArray::of(0x4F, 0x64, 0x6F, 0x6C, 0x61, 0x20, 0x42, 0x6F, 0x77, 0x75, 0x76, 0x65, 0x74));

				case 67: return String(CharArray::of(0x42, 0x6F, 0x74, 0x6F, 0x73, 0x6F, 0x77, 0x61, 0x61, 0x6E, 0x61, 0x61));

				case 68: return String(CharArray::of(0x42, 0x65, 0x65, 0x6C, 0x61, 0x61, 0x72, 0x75, 0x73));

				case 69: return String(CharArray::of(0x42, 0x65, 0x6C, 0x69, 0x7A, 0x65));

				case 70: return String(CharArray::of(0x4B, 0x61, 0x6E, 0x61, 0x61, 0x64, 0x61, 0x61));

				case 71: return String(CharArray::of(0x4F, 0x64, 0x6F, 0x6C, 0x6F, 0x6F, 0x74, 0x61, 0x20, 0x4B, 0x6F, 0x6B, 0x6F, 0x73, 0x20, 0x28, 0x4B, 0x65, 0x65, 0x6C, 0x69, 0x69, 0x6E, 0x67, 0x29));

				case 72: return String(CharArray::of(0x4B, 0x6F, 0x6F, 0x6E, 0x67, 0x6F, 0x6F, 0x20, 0x2D, 0x20, 0x4B, 0x69, 0x6E, 0x73, 0x68, 0x61, 0x61, 0x73, 0x61, 0x61));

				case 73: return String(CharArray::of(0x52, 0x69, 0x70, 0x70, 0x61, 0x61, 0x62, 0x6C, 0x69, 0x6B, 0x61, 0x20, 0x41, 0x66, 0x72, 0x69, 0x6B, 0x61, 0x61, 0x20, 0x47, 0x69, 0x64, 0x64, 0x75, 0x75, 0x67, 0x61, 0x6C, 0x65, 0x65, 0x73, 0x73, 0x61, 0x61));

				case 74: return String(CharArray::of(0x4B, 0x6F, 0x6F, 0x6E, 0x67, 0x6F, 0x6F, 0x20, 0x2D, 0x20, 0x42, 0x69, 0x72, 0x61, 0x61, 0x7A, 0x61, 0x61, 0x76, 0x69, 0x6C));

				case 75: return String(CharArray::of(0x53, 0x69, 0x77, 0x69, 0x7A, 0x65, 0x72, 0x6C, 0x61, 0x61, 0x6E, 0x64));

				case 76: return String(CharArray::of(0x4B, 0x6F, 0x74, 0x69, 0x20, 0x64, 0x69, 0x76, 0x6F, 0x6F, 0x72));

				case 77: return String(CharArray::of(0x4F, 0x64, 0x6F, 0x6C, 0x6F, 0x6F, 0x74, 0x61, 0x20, 0x4B, 0x75, 0x75, 0x6B));

				case 78: return String(CharArray::of(0x43, 0x68, 0x69, 0x69, 0x6C, 0x69, 0x69));

				case 79: return String(CharArray::of(0x4B, 0x61, 0x61, 0x6D, 0x65, 0x72, 0x75, 0x75, 0x6E));

				case 80: return String(CharArray::of(0x43, 0x68, 0x61, 0x61, 0x79, 0x69, 0x6E, 0x61, 0x61));

				case 81: return String(CharArray::of(0x4B, 0x6F, 0x6C, 0x6F, 0x6D, 0x62, 0x69, 0x79, 0x61, 0x61));

				case 82: return String(CharArray::of(0x4F, 0x64, 0x6F, 0x6C, 0x61, 0x20, 0x4B, 0x69, 0x6C, 0x69, 0x70, 0x70, 0x65, 0x72, 0x74, 0x6F, 0x6F));

				case 84: return String(CharArray::of(0x4B, 0x6F, 0x73, 0x74, 0x61, 0x61, 0x20, 0x52, 0x69, 0x6B, 0x61, 0x61));

				case 85: return String(CharArray::of(0x4B, 0x75, 0x75, 0x62, 0x61, 0x61));

				case 86: return String(CharArray::of(0x4B, 0x65, 0x65, 0x70, 0x70, 0x69, 0x20, 0x56, 0x61, 0x61, 0x72, 0x64, 0x65, 0x65));

				case 87: return String(CharArray::of(0x4B, 0x75, 0x72, 0x61, 0x6B, 0x6F, 0x77, 0x61, 0x61));

				case 88: return String(CharArray::of(0x4F, 0x64, 0x6F, 0x6C, 0x61, 0x20, 0x4B, 0x69, 0x72, 0x69, 0x73, 0x6D, 0x61, 0x61, 0x73));

				case 89: return String(CharArray::of(0x51, 0x6F, 0x6F, 0x70, 0x68, 0x69, 0x72, 0x6F, 0x6F, 0x73));

				case 90: return String(CharArray::of(0x43, 0x68, 0x65, 0x65, 0x63, 0x68, 0x69, 0x79, 0x61));

				case 92: return String(CharArray::of(0x4A, 0x61, 0x72, 0x6D, 0x61, 0x6E, 0x69, 0x69));

				case 93: return String(CharArray::of(0x44, 0x69, 0x79, 0x65, 0x65, 0x67, 0x6F, 0x6F, 0x20, 0x47, 0x61, 0x61, 0x72, 0x73, 0x68, 0x69, 0x79, 0x61, 0x61));

				case 94: return String(CharArray::of(0x4A, 0x69, 0x62, 0x75, 0x75, 0x74, 0x69, 0x69));

				case 95: return String(CharArray::of(0x44, 0x65, 0x65, 0x6E, 0x6D, 0x61, 0x61, 0x72, 0x6B));

				case 96: return String(CharArray::of(0x44, 0x6F, 0x6D, 0x69, 0x6E, 0x69, 0x69, 0x6B, 0x61, 0x61));

				case 97: return String(CharArray::of(0x44, 0x6F, 0x6D, 0x69, 0x6E, 0x69, 0x6B, 0x61, 0x61, 0x20, 0x52, 0x69, 0x70, 0x70, 0x61, 0x61, 0x62, 0x69, 0x6C, 0x69, 0x6B));

				case 98: return String(CharArray::of(0x41, 0x6C, 0x6A, 0x65, 0x65, 0x72, 0x69, 0x79, 0x61, 0x61));

				case 99: return String(CharArray::of(0x4B, 0x65, 0x77, 0x75, 0x74, 0x61, 0x20, 0x66, 0x69, 0x20, 0x4D, 0x69, 0x6C, 0x69, 0x6C, 0x61, 0x61));

				case 100: return String(CharArray::of(0x45, 0x6B, 0x75, 0x77, 0x61, 0x61, 0x64, 0x6F, 0x72));

				case 101: return String(CharArray::of(0x49, 0x73, 0x74, 0x6F, 0x6F, 0x6E, 0x69, 0x79, 0x61, 0x61));

				case 102: return String(CharArray::of(0x4D, 0x69, 0x73, 0x73, 0x69, 0x72));

				case 103: return String(CharArray::of(0x53, 0x61, 0x68, 0x61, 0x61, 0x72, 0x61, 0x61, 0x20, 0x44, 0x68, 0x69, 0x68, 0x61, 0x61));

				case 104: return String(CharArray::of(0x45, 0x65, 0x72, 0x74, 0x69, 0x72, 0x61, 0x61));

				case 105: return String(CharArray::of(0x49, 0x73, 0x70, 0x65, 0x65, 0x6E));

				case 106: return String(CharArray::of(0x49, 0x74, 0x6F, 0x6F, 0x70, 0x68, 0x69, 0x79, 0x61, 0x61));

				case 107: return String(CharArray::of(0x47, 0x61, 0x6D, 0x74, 0x61, 0x61, 0x20, 0x41, 0x77, 0x75, 0x72, 0x6F, 0x6F, 0x70, 0x70, 0x61, 0x61));

				case 108: return String(CharArray::of(0x5A, 0x6F, 0x6F, 0x6E, 0x69, 0x69, 0x79, 0x75, 0x75, 0x72, 0x6F, 0x6F));

				case 109: return String(CharArray::of(0x46, 0x69, 0x69, 0x6E, 0x6C, 0x61, 0x61, 0x6E, 0x64));

				case 110: return String(CharArray::of(0x46, 0x69, 0x69, 0x6A, 0x69, 0x69));

				case 111: return String(CharArray::of(0x4F, 0x64, 0x6F, 0x6C, 0x6F, 0x6F, 0x74, 0x61, 0x20, 0x46, 0x61, 0x61, 0x6C, 0x6B, 0x6C, 0x61, 0x61, 0x6E, 0x64));

				case 112: return String(CharArray::of(0x4D, 0x61, 0x61, 0x79, 0x69, 0x6B, 0x69, 0x72, 0x6F, 0x6F, 0x6E, 0x65, 0x65, 0x73, 0x68, 0x69, 0x79, 0x61, 0x61));

				case 113: return String(CharArray::of(0x4F, 0x64, 0x6F, 0x6C, 0x6F, 0x6F, 0x74, 0x61, 0x20, 0x46, 0x61, 0x66, 0x6F, 0x2019, 0x65, 0x65));

				case 114: return String(CharArray::of(0x46, 0x61, 0x72, 0x61, 0x6E, 0x73, 0x61, 0x61, 0x79));

				case 115: return String(CharArray::of(0x47, 0x61, 0x61, 0x62, 0x6F, 0x6F, 0x6E));

				case 116: return String(CharArray::of(0x55, 0x6E, 0x69, 0x74, 0x65, 0x64, 0x20, 0x4B, 0x69, 0x6E, 0x67, 0x64, 0x6F, 0x6D));

				case 117: return String(CharArray::of(0x47, 0x69, 0x72, 0x69, 0x6E, 0x61, 0x61, 0x64, 0x61));

				case 118: return String(CharArray::of(0x4A, 0x6F, 0x6F, 0x72, 0x6A, 0x69, 0x79, 0x61, 0x61));

				case 119: return String(CharArray::of(0x46, 0x61, 0x72, 0x61, 0x6E, 0x73, 0x61, 0x61, 0x79, 0x20, 0x47, 0x75, 0x79, 0x69, 0x69, 0x6E, 0x61, 0x61));

				case 120: return String(CharArray::of(0x47, 0x75, 0x77, 0x65, 0x72, 0x6E, 0x69, 0x73, 0x65, 0x79));

				case 121: return String(CharArray::of(0x47, 0x61, 0x61, 0x6E, 0x61, 0x61));

				case 122: return String(CharArray::of(0x47, 0x69, 0x62, 0x72, 0x61, 0x61, 0x6C, 0x74, 0x61, 0x72));

				case 123: return String(CharArray::of(0x47, 0x69, 0x72, 0x69, 0x69, 0x6E, 0x6C, 0x61, 0x61, 0x6E, 0x64));

				case 124: return String(CharArray::of(0x47, 0x61, 0x61, 0x6D, 0x62, 0x69, 0x79, 0x61, 0x61));

				case 125: return String(CharArray::of(0x47, 0x69, 0x69, 0x6E, 0x69, 0x69));

				case 126: return String(CharArray::of(0x47, 0x6F, 0x77, 0x61, 0x64, 0x65, 0x6C, 0x6F, 0x77, 0x61, 0x70, 0x65));

				case 127: return String(CharArray::of(0x49, 0x6B, 0x6B, 0x75, 0x77, 0x61, 0x61, 0x74, 0x6F, 0x6F, 0x72, 0x69, 0x79, 0x61, 0x61, 0x6C, 0x20, 0x47, 0x69, 0x69, 0x6E, 0x69, 0x69));

				case 128: return String(CharArray::of(0x47, 0x69, 0x72, 0x69, 0x69, 0x6B));

				case 129: return String(CharArray::of(0x4A, 0x6F, 0x6F, 0x72, 0x6A, 0x69, 0x6B, 0x61, 0x61, 0x20, 0x4B, 0x69, 0x62, 0x62, 0x61, 0x20, 0x66, 0x69, 0x20, 0x4F, 0x64, 0x6F, 0x6C, 0x6F, 0x6F, 0x74, 0x61, 0x20, 0x53, 0x61, 0x61, 0x6E, 0x64, 0x75, 0x77, 0x69, 0x69, 0x63, 0x68, 0x20, 0x4B, 0x69, 0x62, 0x62, 0x61, 0x61));

				case 130: return String(CharArray::of(0x47, 0x75, 0x77, 0x61, 0x61, 0x74, 0x69, 0x6D, 0x61, 0x61, 0x6C, 0x61, 0x61));

				case 131: return String(CharArray::of(0x47, 0x75, 0x77, 0x61, 0x6D, 0x61));

				case 132: return String(CharArray::of(0x47, 0x69, 0x69, 0x6E, 0x69, 0x69, 0x2D, 0x42, 0x69, 0x73, 0x61, 0x61, 0x77, 0x6F, 0x6F));

				case 133: return String(CharArray::of(0x47, 0x75, 0x79, 0x61, 0x61, 0x6E, 0x61, 0x61));

				case 134: return String(CharArray::of(0x48, 0x6F, 0x6F, 0x6E, 0x67, 0x20, 0x4B, 0x6F, 0x6F, 0x6E, 0x67, 0x20, 0x53, 0x41, 0x52, 0x20, 0x43, 0x68, 0x61, 0x61, 0x79, 0x69, 0x6E, 0x61, 0x61));

				case 135: return String(CharArray::of(0x4F, 0x64, 0x6F, 0x6C, 0x6F, 0x6F, 0x74, 0x61, 0x20, 0x48, 0x65, 0x72, 0x64, 0x69, 0x69, 0x20, 0x66, 0x69, 0x20, 0x4D, 0x61, 0x61, 0x6B, 0x44, 0x6F, 0x6F, 0x6E, 0x61, 0x61, 0x6C, 0x64));

				case 136: return String(CharArray::of(0x48, 0x6F, 0x6E, 0x64, 0x75, 0x72, 0x75, 0x73));

				case 137: return String(CharArray::of(0x4B, 0x69, 0x72, 0x6F, 0x6F, 0x73, 0x68, 0x69, 0x79, 0x61, 0x61));

				case 138: return String(CharArray::of(0x48, 0x61, 0x61, 0x79, 0x69, 0x74, 0x69, 0x69));

				case 139: return String(CharArray::of(0x48, 0x61, 0x6E, 0x67, 0x61, 0x61, 0x72, 0x69, 0x69));

				case 140: return String(CharArray::of(0x4F, 0x64, 0x6F, 0x6C, 0x6F, 0x6F, 0x74, 0x61, 0x20, 0x4B, 0x61, 0x6E, 0x61, 0x61, 0x72, 0x69, 0x69));

				case 141: return String(CharArray::of(0x49, 0x6E, 0x64, 0x6F, 0x6F, 0x6E, 0x65, 0x65, 0x73, 0x68, 0x69, 0x79, 0x61, 0x61));

				case 142: return String(CharArray::of(0x41, 0x79, 0x65, 0x65, 0x72, 0x6C, 0x61, 0x61, 0x6E, 0x64));

				case 143: return String(CharArray::of(0x49, 0x73, 0x72, 0x61, 0x61, 0x2019, 0x65, 0x65, 0x6C));

				case 144: return String(CharArray::of(0x49, 0x73, 0x6C, 0x65, 0x65, 0x20, 0x6F, 0x6F, 0x66, 0x20, 0x4D, 0x61, 0x61, 0x6E));

				case 145: return String(CharArray::of(0x48, 0x69, 0x6E, 0x64, 0x69, 0x69));

				case 146: return String(CharArray::of(0x44, 0x61, 0x61, 0x6E, 0x67, 0x61, 0x61, 0x20, 0x47, 0x61, 0x6C, 0x61, 0x61, 0x6E, 0x61, 0x20, 0x48, 0x69, 0x6E, 0x64, 0x69, 0x69, 0x20, 0x42, 0x69, 0x72, 0x69, 0x74, 0x69, 0x73, 0x68));

				case 147: return String(CharArray::of(0x49, 0x72, 0x61, 0x61, 0x71));

				case 148: return String(CharArray::of(0x49, 0x72, 0x61, 0x61, 0x6E));

				case 149: return String(CharArray::of(0x41, 0x79, 0x65, 0x73, 0x6C, 0x61, 0x61, 0x6E, 0x64));

				case 150: return String(CharArray::of(0x58, 0x61, 0x61, 0x6C, 0x69, 0x79, 0x61, 0x61, 0x6E));

				case 151: return String(CharArray::of(0x4A, 0x65, 0x65, 0x72, 0x73, 0x69, 0x69));

				case 152: return String(CharArray::of(0x4A, 0x61, 0x6D, 0x61, 0x61, 0x79, 0x69, 0x6B, 0x61, 0x61));

				case 153: return String(CharArray::of(0x4A, 0x69, 0x72, 0x64, 0x61, 0x61, 0x6E));

				case 154: return String(CharArray::of(0x4A, 0x61, 0x61, 0x70, 0x70, 0x61, 0x61, 0x6E));

				case 155: return String(CharArray::of(0x4B, 0x65, 0x65, 0x6E, 0x69, 0x79, 0x61, 0x61));

				case 156: return String(CharArray::of(0x4B, 0x69, 0x79, 0x69, 0x72, 0x69, 0x67, 0x69, 0x79, 0x69, 0x7A, 0x69, 0x73, 0x74, 0x61, 0x6E));

				case 157: return String(CharArray::of(0x4B, 0x61, 0x6D, 0x62, 0x6F, 0x6F, 0x64, 0x69, 0x79, 0x61, 0x61));

				case 158: return String(CharArray::of(0x4B, 0x69, 0x72, 0x69, 0x62, 0x61, 0x61, 0x74, 0x69, 0x69));

				case 159: return String(CharArray::of(0x4B, 0x6F, 0x6D, 0x6F, 0x72, 0x6F, 0x6F, 0x73));

				case 160: return String(CharArray::of(0x53, 0x74, 0x2E, 0x20, 0x4B, 0x69, 0x69, 0x74, 0x69, 0x73, 0x20, 0x66, 0x69, 0x20, 0x4E, 0x65, 0x65, 0x76, 0x69, 0x73));

				case 161: return String(CharArray::of(0x4B, 0x6F, 0x6F, 0x72, 0x69, 0x79, 0x61, 0x61, 0x20, 0x4B, 0x61, 0x61, 0x62, 0x61));

				case 162: return String(CharArray::of(0x4B, 0x6F, 0x6F, 0x72, 0x69, 0x79, 0x61, 0x61, 0x20, 0x4B, 0x69, 0x62, 0x62, 0x61, 0x61));

				case 163: return String(CharArray::of(0x4B, 0x75, 0x77, 0x65, 0x65, 0x74));

				case 164: return String(CharArray::of(0x4F, 0x64, 0x6F, 0x6C, 0x6F, 0x6F, 0x74, 0x61, 0x20, 0x53, 0x61, 0x61, 0x79, 0x6D, 0x61, 0x61, 0x6E));

				case 165: return String(CharArray::of(0x4B, 0x61, 0x7A, 0x61, 0x6B, 0x69, 0x73, 0x74, 0x61, 0x61, 0x6E));

				case 166: return String(CharArray::of(0x4C, 0x61, 0x61, 0x2019, 0x6F, 0x6F, 0x73));

				case 167: return String(CharArray::of(0x4C, 0x69, 0x62, 0x61, 0x61, 0x6E, 0x6F, 0x6F, 0x6E));

				case 168: return String(CharArray::of(0x53, 0x74, 0x2E, 0x20, 0x53, 0x75, 0x75, 0x73, 0x69, 0x79, 0x61, 0x61));

				case 169: return String(CharArray::of(0x4C, 0x69, 0x63, 0x68, 0x69, 0x73, 0x74, 0x65, 0x6E, 0x73, 0x74, 0x65, 0x79, 0x69, 0x6E));

				case 170: return String(CharArray::of(0x53, 0x69, 0x72, 0x69, 0x20, 0x4C, 0x61, 0x61, 0x6E, 0x6B, 0x61, 0x61));

				case 171: return String(CharArray::of(0x4C, 0x61, 0x61, 0x79, 0x69, 0x62, 0x65, 0x65, 0x72, 0x69, 0x79, 0x61, 0x61));

				case 172: return String(CharArray::of(0x4C, 0x65, 0x73, 0x65, 0x65, 0x74, 0x74, 0x6F, 0x6F));

				case 173: return String(CharArray::of(0x4C, 0x75, 0x74, 0x61, 0x61, 0x6E, 0x69, 0x79, 0x61, 0x61));

				case 174: return String(CharArray::of(0x4C, 0x75, 0x6B, 0x73, 0x65, 0x6D, 0x62, 0x61, 0x72, 0x67));

				case 175: return String(CharArray::of(0x4C, 0x61, 0x74, 0x69, 0x76, 0x69, 0x79, 0x61, 0x61));

				case 176: return String(CharArray::of(0x4C, 0x69, 0x69, 0x62, 0x69, 0x79, 0x61, 0x61));

				case 177: return String(CharArray::of(0x4D, 0x6F, 0x72, 0x6F, 0x6F, 0x6B, 0x6F, 0x6F));

				case 178: return String(CharArray::of(0x4D, 0x6F, 0x6F, 0x6E, 0x61, 0x61, 0x6B, 0x6F, 0x6F));

				case 179: return String(CharArray::of(0x4D, 0x6F, 0x6C, 0x64, 0x6F, 0x6F, 0x76, 0x61, 0x61));

				case 180: return String(CharArray::of(0x4D, 0x6F, 0x6E, 0x74, 0x65, 0x6E, 0x65, 0x67, 0x69, 0x72, 0x6F, 0x6F));

				case 181: return String(CharArray::of(0x53, 0x74, 0x2E, 0x20, 0x4D, 0x61, 0x72, 0x74, 0x69, 0x69, 0x6E));

				case 182: return String(CharArray::of(0x4D, 0x61, 0x64, 0x61, 0x67, 0x61, 0x61, 0x73, 0x6B, 0x61, 0x61, 0x72));

				case 183: return String(CharArray::of(0x4F, 0x64, 0x6F, 0x6C, 0x6F, 0x6F, 0x74, 0x61, 0x20, 0x4D, 0x61, 0x61, 0x72, 0x73, 0x68, 0x61, 0x61, 0x6C));

				case 184: return String(CharArray::of(0x4D, 0x61, 0x71, 0x64, 0x6F, 0x6F, 0x6E, 0x69, 0x79, 0x61, 0x61, 0x20, 0x4B, 0x61, 0x61, 0x62, 0x61, 0x61));

				case 185: return String(CharArray::of(0x4D, 0x61, 0x61, 0x6C, 0x69, 0x69));

				case 186: return String(CharArray::of(0x4D, 0x61, 0x61, 0x79, 0x69, 0x6E, 0x61, 0x61, 0x6D, 0x61, 0x72, 0x20, 0x28, 0x42, 0x75, 0x72, 0x6D, 0x61, 0x29));

				case 187: return String(CharArray::of(0x4D, 0x6F, 0x6E, 0x67, 0x6F, 0x6C, 0x69, 0x79, 0x61, 0x61));

				case 188: return String(CharArray::of(0x4D, 0x61, 0x6B, 0x61, 0x2019, 0x6F, 0x6F, 0x20, 0x53, 0x41, 0x52, 0x20, 0x43, 0x68, 0x61, 0x61, 0x79, 0x69, 0x6E, 0x61, 0x61));

				case 189: return String(CharArray::of(0x4F, 0x64, 0x6F, 0x6C, 0x61, 0x20, 0x4D, 0x61, 0x61, 0x72, 0x69, 0x79, 0x61, 0x61, 0x6E, 0x61, 0x61, 0x20, 0x4B, 0x61, 0x61, 0x62, 0x61, 0x61));

				case 190: return String(CharArray::of(0x4D, 0x61, 0x72, 0x74, 0x69, 0x6E, 0x69, 0x6B, 0x75, 0x77, 0x65, 0x65));

				case 191: return String(CharArray::of(0x4D, 0x61, 0x77, 0x75, 0x72, 0x69, 0x74, 0x61, 0x61, 0x6E, 0x69, 0x79, 0x61, 0x61));

				case 192: return String(CharArray::of(0x4D, 0x6F, 0x6E, 0x74, 0x69, 0x73, 0x65, 0x65, 0x72, 0x61, 0x74));

				case 193: return String(CharArray::of(0x4D, 0x61, 0x61, 0x6C, 0x74, 0x61, 0x61));

				case 194: return String(CharArray::of(0x4D, 0x6F, 0x6F, 0x72, 0x69, 0x73, 0x68, 0x69, 0x79, 0x65, 0x65, 0x73));

				case 195: return String(CharArray::of(0x4D, 0x61, 0x61, 0x6C, 0x64, 0x69, 0x69, 0x76, 0x73));

				case 196: return String(CharArray::of(0x4D, 0x61, 0x61, 0x6C, 0x61, 0x61, 0x77, 0x77, 0x69, 0x69));

				case 197: return String(CharArray::of(0x4D, 0x65, 0x65, 0x6B, 0x73, 0x69, 0x69, 0x6B, 0x6F, 0x6F));

				case 198: return String(CharArray::of(0x4D, 0x61, 0x6C, 0x65, 0x65, 0x73, 0x68, 0x69, 0x79, 0x61, 0x61));

				case 199: return String(CharArray::of(0x4D, 0x6F, 0x6F, 0x7A, 0x61, 0x61, 0x6D, 0x62, 0x69, 0x6B));

				case 200: return String(CharArray::of(0x4E, 0x61, 0x6D, 0x69, 0x69, 0x62, 0x69, 0x79, 0x61, 0x61));

				case 201: return String(CharArray::of(0x4E, 0x65, 0x65, 0x77, 0x75, 0x20, 0x4B, 0x61, 0x61, 0x6C, 0x65, 0x65, 0x64, 0x6F, 0x6E, 0x69, 0x79, 0x61, 0x61));

				case 202: return String(CharArray::of(0x4E, 0x69, 0x69, 0x6A, 0x65, 0x72));

				case 203: return String(CharArray::of(0x4F, 0x64, 0x6F, 0x6C, 0x61, 0x20, 0x4E, 0x6F, 0x6F, 0x72, 0x66, 0x6F, 0x6F, 0x6C, 0x6B));

				case 204: return String(CharArray::of(0x4E, 0x61, 0x61, 0x79, 0x69, 0x6A, 0x65, 0x65, 0x72, 0x69, 0x79, 0x61, 0x61));

				case 205: return String(CharArray::of(0x4E, 0x69, 0x6B, 0x61, 0x72, 0x61, 0x67, 0x75, 0x77, 0x61, 0x61));

				case 206: return String(CharArray::of(0x4E, 0x65, 0x65, 0x7A, 0x65, 0x72, 0x6C, 0x61, 0x61, 0x6E, 0x64));

				case 207: return String(CharArray::of(0x4E, 0x6F, 0x6F, 0x72, 0x77, 0x65, 0x79));

				case 208: return String(CharArray::of(0x4E, 0x65, 0x65, 0x70, 0x70, 0x61, 0x6C));

				case 209: return String(CharArray::of(0x4E, 0x61, 0x61, 0x77, 0x75, 0x72, 0x75, 0x75));

				case 210: return String(CharArray::of(0x4E, 0x69, 0x77, 0x75, 0x2019, 0x65));

				case 211: return String(CharArray::of(0x4E, 0x65, 0x65, 0x77, 0x75, 0x20, 0x5A, 0x69, 0x6C, 0x61, 0x61, 0x6E, 0x64));

				case 212: return String(CharArray::of(0x4F, 0x6D, 0x61, 0x61, 0x6E));

				case 213: return String(CharArray::of(0x50, 0x61, 0x61, 0x6E, 0x61, 0x6D, 0x61, 0x61));

				case 214: return String(CharArray::of(0x50, 0x65, 0x65, 0x72, 0x75, 0x75));

				case 215: return String(CharArray::of(0x50, 0x6F, 0x6C, 0x69, 0x6E, 0x65, 0x65, 0x73, 0x68, 0x69, 0x79, 0x61, 0x61, 0x20, 0x46, 0x61, 0x72, 0x61, 0x6E, 0x73, 0x61, 0x61, 0x79));

				case 216: return String(CharArray::of(0x50, 0x61, 0x70, 0x75, 0x77, 0x61, 0x20, 0x4E, 0x65, 0x61, 0x77, 0x75, 0x20, 0x47, 0x69, 0x69, 0x6E, 0x69, 0x69));

				case 217: return String(CharArray::of(0x46, 0x69, 0x6C, 0x69, 0x70, 0x70, 0x69, 0x69, 0x6E, 0x73));

				case 218: return String(CharArray::of(0x50, 0x61, 0x61, 0x6B, 0x69, 0x73, 0x74, 0x61, 0x61, 0x6E));

				case 219: return String(CharArray::of(0x50, 0x6F, 0x6F, 0x6C, 0x61, 0x61, 0x6E, 0x64));

				case 220: return String(CharArray::of(0x51, 0x6C, 0x2E, 0x20, 0x50, 0x69, 0x79, 0x65, 0x65, 0x72, 0x65, 0x65, 0x20, 0x66, 0x69, 0x20, 0x4D, 0x69, 0x6B, 0x75, 0x79, 0x65, 0x6C, 0x6F, 0x6E));

				case 221: return String(CharArray::of(0x4F, 0x64, 0x6F, 0x6C, 0x6F, 0x6F, 0x74, 0x61, 0x20, 0x50, 0x69, 0x74, 0x69, 0x6B, 0x61, 0x61, 0x79, 0x69, 0x72, 0x69, 0x6E));

				case 222: return String(CharArray::of(0x50, 0x6F, 0x6F, 0x72, 0x74, 0x61, 0x61, 0x72, 0x20, 0x52, 0x69, 0x69, 0x6B, 0x6F, 0x6F));

				case 223: return String(CharArray::of(0x44, 0x61, 0x61, 0x6E, 0x67, 0x61, 0x61, 0x77, 0x77, 0x61, 0x6E, 0x20, 0x50, 0x61, 0x61, 0x6C, 0x65, 0x73, 0x74, 0x61, 0x61, 0x79, 0x69, 0x6E));

				case 224: return String(CharArray::of(0x50, 0x6F, 0x6F, 0x72, 0x63, 0x68, 0x75, 0x67, 0x61, 0x61, 0x6C));

				case 225: return String(CharArray::of(0x50, 0x61, 0x6C, 0x61, 0x61, 0x77, 0x75));

				case 226: return String(CharArray::of(0x50, 0x61, 0x61, 0x72, 0x61, 0x67, 0x75, 0x77, 0x61, 0x61, 0x79));

				case 227: return String(CharArray::of(0x4B, 0x75, 0x77, 0x61, 0x61, 0x74, 0x61, 0x72));

				case 228: return String(CharArray::of(0x4F, 0x6F, 0x73, 0x68, 0x69, 0x69, 0x6E, 0x69, 0x79, 0x61, 0x61, 0x20, 0x41, 0x6C, 0x61, 0x61));

				case 229: return String(CharArray::of(0x52, 0x69, 0x79, 0x75, 0x75, 0x6E, 0x69, 0x79, 0x65, 0x65, 0x6E));

				case 230: return String(CharArray::of(0x52, 0x6F, 0x6F, 0x6D, 0x61, 0x61, 0x6E, 0x69, 0x79, 0x61, 0x61));

				case 231: return String(CharArray::of(0x53, 0x65, 0x72, 0x62, 0x69, 0x79, 0x61, 0x61));

				case 232: return String(CharArray::of(0x52, 0x61, 0x61, 0x73, 0x68, 0x69, 0x79, 0x61, 0x61));

				case 233: return String(CharArray::of(0x52, 0x75, 0x77, 0x77, 0x61, 0x6E, 0x64, 0x61, 0x61));

				case 234: return String(CharArray::of(0x53, 0x61, 0x61, 0x77, 0x75, 0x64, 0x20, 0x41, 0x72, 0x61, 0x62, 0x69, 0x79, 0x61, 0x61));

				case 235: return String(CharArray::of(0x4F, 0x64, 0x6F, 0x6C, 0x6F, 0x6F, 0x74, 0x61, 0x20, 0x53, 0x6F, 0x6C, 0x6F, 0x6D, 0x6F, 0x6F, 0x6E));

				case 236: return String(CharArray::of(0x53, 0x69, 0x69, 0x73, 0x68, 0x65, 0x65, 0x6C, 0x73));

				case 237: return String(CharArray::of(0x53, 0x75, 0x64, 0x61, 0x61, 0x6E));

				case 238: return String(CharArray::of(0x53, 0x69, 0x77, 0x69, 0x69, 0x64, 0x69, 0x6E));

				case 239: return String(CharArray::of(0x53, 0x69, 0x6E, 0x67, 0x61, 0x61, 0x70, 0x6F, 0x6F, 0x72));

				case 240: return String(CharArray::of(0x53, 0x74, 0x2E, 0x20, 0x48, 0x65, 0x6C, 0x65, 0x6E, 0x61, 0x61));

				case 241: return String(CharArray::of(0x49, 0x73, 0x6C, 0x6F, 0x6F, 0x76, 0x65, 0x65, 0x6E, 0x69, 0x79, 0x61, 0x61));

				case 242: return String(CharArray::of(0x49, 0x73, 0x76, 0x61, 0x61, 0x6C, 0x62, 0x61, 0x61, 0x72, 0x64, 0x20, 0x66, 0x69, 0x20, 0x4A, 0x61, 0x6E, 0x20, 0x4D, 0x61, 0x79, 0x65, 0x65, 0x6E));

				case 243: return String(CharArray::of(0x49, 0x73, 0x6C, 0x6F, 0x6F, 0x76, 0x61, 0x61, 0x6B, 0x69, 0x79, 0x61, 0x61));

				case 244: return String(CharArray::of(0x53, 0x65, 0x65, 0x72, 0x61, 0x61, 0x6C, 0x69, 0x79, 0x6F, 0x6F, 0x6E));

				case 245: return String(CharArray::of(0x53, 0x61, 0x61, 0x6E, 0x20, 0x4D, 0x61, 0x72, 0x69, 0x69, 0x6E, 0x6F, 0x6F));

				case 246: return String(CharArray::of(0x53, 0x65, 0x6E, 0x65, 0x67, 0x61, 0x61, 0x6C));

				case 247: return String(CharArray::of(0x53, 0x6F, 0x6D, 0x61, 0x61, 0x6C, 0x69, 0x79, 0x61, 0x61));

				case 248: return String(CharArray::of(0x53, 0x75, 0x72, 0x69, 0x6E, 0x61, 0x6D, 0x65));

				case 249: return String(CharArray::of(0x53, 0x75, 0x64, 0x61, 0x61, 0x6E, 0x20, 0x4B, 0x69, 0x62, 0x62, 0x61, 0x61));

				case 250: return String(CharArray::of(0x53, 0x61, 0x2019, 0x6F, 0x6F, 0x20, 0x54, 0x6F, 0x6F, 0x6D, 0x65, 0x65, 0x20, 0x66, 0x69, 0x20, 0x50, 0x72, 0x69, 0x6E, 0x73, 0x69, 0x70, 0x70, 0x65, 0x65));

				case 251: return String(CharArray::of(0x45, 0x6C, 0x20, 0x53, 0x61, 0x6C, 0x76, 0x61, 0x61, 0x64, 0x6F, 0x6F, 0x72));

				case 252: return String(CharArray::of(0x53, 0x69, 0x69, 0x6E, 0x74, 0x20, 0x4D, 0x61, 0x61, 0x72, 0x74, 0x65, 0x65, 0x6E));

				case 253: return String(CharArray::of(0x53, 0x6F, 0x6F, 0x72, 0x69, 0x79, 0x61, 0x61));

				case 254: return String(CharArray::of(0x49, 0x73, 0x77, 0x61, 0x61, 0x74, 0x69, 0x6E, 0x69, 0x69));

				case 255: return String(CharArray::of(0x54, 0x69, 0x72, 0x69, 0x73, 0x74, 0x61, 0x61, 0x6E, 0x20, 0x64, 0x61, 0x20, 0x4B, 0x61, 0x6E, 0x68, 0x61, 0x61));

				case 256: return String(CharArray::of(0x54, 0x75, 0x72, 0x6B, 0x69, 0x73, 0x20, 0x66, 0x69, 0x20, 0x4F, 0x64, 0x6F, 0x6C, 0x6F, 0x6F, 0x74, 0x61, 0x20, 0x4B, 0x61, 0x61, 0x79, 0x69, 0x6B, 0x6F, 0x73));

				case 257: return String(CharArray::of(0x43, 0x68, 0x61, 0x61, 0x64));

				case 258: return String(CharArray::of(0x44, 0x61, 0x61, 0x6E, 0x67, 0x61, 0x61, 0x77, 0x77, 0x61, 0x6E, 0x20, 0x4B, 0x69, 0x62, 0x62, 0x61, 0x61, 0x20, 0x46, 0x61, 0x72, 0x61, 0x6E, 0x73, 0x61, 0x61, 0x79));

				case 259: return String(CharArray::of(0x54, 0x6F, 0x6F, 0x67, 0x6F, 0x6F));

				case 260: return String(CharArray::of(0x54, 0x61, 0x61, 0x79, 0x69, 0x6C, 0x61, 0x61, 0x6E, 0x64));

				case 261: return String(CharArray::of(0x54, 0x61, 0x6A, 0x69, 0x6B, 0x69, 0x73, 0x74, 0x61, 0x61, 0x6E));

				case 262: return String(CharArray::of(0x54, 0x6F, 0x6B, 0x65, 0x6C, 0x61, 0x75));

				case 263: return String(CharArray::of(0x54, 0x69, 0x69, 0x6D, 0x6F, 0x6F, 0x72, 0x2D, 0x4C, 0x65, 0x65, 0x73, 0x74, 0x65, 0x65));

				case 264: return String(CharArray::of(0x54, 0x75, 0x72, 0x6B, 0x69, 0x6D, 0x65, 0x6E, 0x69, 0x73, 0x74, 0x61, 0x61, 0x6E));

				case 265: return String(CharArray::of(0x54, 0x75, 0x6E, 0x69, 0x69, 0x7A, 0x69, 0x79, 0x61, 0x61));

				case 266: return String(CharArray::of(0x54, 0x6F, 0x6E, 0x67, 0x61));

				case 267: return String(CharArray::of(0x54, 0x61, 0x72, 0x6B, 0x69, 0x79, 0x65));

				case 268: return String(CharArray::of(0x54, 0x69, 0x72, 0x69, 0x6E, 0x69, 0x64, 0x61, 0x6E, 0x20, 0x66, 0x69, 0x20, 0x54, 0x6F, 0x62, 0x61, 0x61, 0x67, 0x6F, 0x6F));

				case 269: return String(CharArray::of(0x54, 0x75, 0x76, 0x61, 0x6C, 0x75));

				case 270: return String(CharArray::of(0x54, 0x61, 0x61, 0x79, 0x69, 0x77, 0x77, 0x61, 0x6E));

				case 271: return String(CharArray::of(0x54, 0x61, 0x61, 0x6E, 0x7A, 0x61, 0x61, 0x6E, 0x69, 0x79, 0x61, 0x61));

				case 272: return String(CharArray::of(0x59, 0x75, 0x75, 0x6B, 0x69, 0x72, 0x65, 0x65, 0x6E));

				case 273: return String(CharArray::of(0x55, 0x67, 0x61, 0x61, 0x6E, 0x64, 0x61, 0x61));

				case 274: return String(CharArray::of(0x55, 0x2E, 0x53, 0x2E, 0x20, 0x4F, 0x64, 0x6F, 0x6C, 0x6F, 0x6F, 0x74, 0x61, 0x20, 0x41, 0x6C, 0x61, 0x61));

				case 275: return String(CharArray::of(0x4D, 0x6F, 0x6F, 0x74, 0x75, 0x6D, 0x6D, 0x6F, 0x6F, 0x74, 0x61, 0x20, 0x47, 0x61, 0x6D, 0x74, 0x6F, 0x6F, 0x6D, 0x61, 0x6E));

				case 276: return String(CharArray::of(0x59, 0x69, 0x69, 0x6E, 0x61, 0x61, 0x79, 0x69, 0x74, 0x69, 0x64, 0x20, 0x49, 0x73, 0x74, 0x65, 0x65, 0x74));

				case 277: return String(CharArray::of(0x59, 0x75, 0x72, 0x61, 0x61, 0x67, 0x61, 0x61, 0x79));

				case 278: return String(CharArray::of(0x55, 0x7A, 0x62, 0x65, 0x65, 0x6B, 0x69, 0x73, 0x74, 0x61, 0x61, 0x6E));

				case 279: return String(CharArray::of(0x56, 0x61, 0x61, 0x74, 0x69, 0x6B, 0x61, 0x61, 0x6E, 0x20, 0x53, 0x69, 0x69, 0x74, 0x69, 0x69));

				case 280: return String(CharArray::of(0x53, 0x74, 0x2E, 0x20, 0x56, 0x69, 0x6E, 0x73, 0x65, 0x65, 0x74, 0x20, 0x66, 0x69, 0x20, 0x47, 0x69, 0x72, 0x65, 0x65, 0x6E, 0x61, 0x64, 0x69, 0x6E, 0x65, 0x73));

				case 281: return String(CharArray::of(0x56, 0x65, 0x65, 0x6E, 0x7A, 0x75, 0x77, 0x65, 0x65, 0x6C, 0x61, 0x61));

				case 282: return String(CharArray::of(0x4F, 0x64, 0x6F, 0x6C, 0x6F, 0x6F, 0x74, 0x61, 0x20, 0x56, 0x61, 0x72, 0x6A, 0x69, 0x69, 0x6E, 0x20, 0x42, 0x69, 0x72, 0x69, 0x74, 0x69, 0x73, 0x68));

				case 283: return String(CharArray::of(0x55, 0x2E, 0x53, 0x2E, 0x20, 0x4F, 0x64, 0x6F, 0x6C, 0x6F, 0x6F, 0x74, 0x61, 0x20, 0x56, 0x61, 0x72, 0x6A, 0x69, 0x69, 0x6E));

				case 284: return String(CharArray::of(0x56, 0x65, 0x65, 0x74, 0x69, 0x6E, 0x61, 0x61, 0x6D));

				case 285: return String(CharArray::of(0x56, 0x61, 0x6E, 0x75, 0x77, 0x61, 0x61, 0x74, 0x75));

				case 286: return String(CharArray::of(0x57, 0x61, 0x61, 0x6C, 0x69, 0x73, 0x20, 0x66, 0x69, 0x20, 0x46, 0x75, 0x74, 0x74, 0x75, 0x75, 0x6E, 0x61));

				case 287: return String(CharArray::of(0x53, 0x61, 0x61, 0x6D, 0x6F, 0x77, 0x61));

				case 288: return String(CharArray::of(0x4C, 0x6F, 0x71, 0x6F, 0x64, 0x61, 0x20, 0x53, 0x6F, 0x62, 0x61, 0x61));

				case 289: return String(CharArray::of(0x42, 0x69, 0x69, 0x64, 0x69, 0x69, 0x20, 0x53, 0x6F, 0x62, 0x61, 0x61));

				case 290: return String(CharArray::of(0x4B, 0x6F, 0x73, 0x6F, 0x6F, 0x76, 0x6F, 0x6F));

				case 291: return String(CharArray::of(0x59, 0x65, 0x6D, 0x65, 0x6E));

				case 292: return String(CharArray::of(0x4D, 0x61, 0x61, 0x79, 0x6F, 0x6F, 0x74, 0x65, 0x65));

				case 294: return String(CharArray::of(0x41, 0x66, 0x72, 0x69, 0x6B, 0x61, 0x61, 0x20, 0x4B, 0x69, 0x62, 0x62, 0x61, 0x61));

				case 295: return String(CharArray::of(0x5A, 0x61, 0x61, 0x6D, 0x62, 0x69, 0x79, 0x61, 0x61));

				case 296: return String(CharArray::of(0x5A, 0x69, 0x6D, 0x62, 0x61, 0x61, 0x62, 0x75, 0x77, 0x65, 0x65));

				case 297: return String(CharArray::of(0x4E, 0x61, 0x61, 0x6E, 0x6E, 0x6F, 0x6F, 0x20, 0x48, 0x69, 0x6E, 0x20, 0x42, 0x65, 0x65, 0x6B, 0x61, 0x6D, 0x6E, 0x65));
            default: break;
            }
            return String();
        }
        
        String Om::displayVariant(gint variant) const {
            switch(variant) {
            default: break;
            }
            return String();
        }
            
        gbool Om::hasVariant() const {
            return false;
        }
        
        gbool Om::hasRegion() const {
            return false;
        }
        
        gbool Om::hasScript() const {
            return false;
        }
            
        String Om::displayCurrency(gint currency, gint count) const {
            switch(currency) { 
				case 36:
					if (count == -1) return String(CharArray::of(0x44, 0x6F, 0x6F, 0x6C, 0x61, 0x61, 0x72, 0x61, 0x20, 0x42, 0x65, 0x65, 0x72, 0x6D, 0x75, 0x64, 0x61, 0x61));
					if (count == 1) return String(CharArray::of(0x44, 0x6F, 0x6F, 0x6C, 0x61, 0x61, 0x72, 0x61, 0x20, 0x42, 0x65, 0x65, 0x72, 0x6D, 0x75, 0x64, 0x61, 0x61));
					if (count != 1) return String(CharArray::of(0x44, 0x6F, 0x6F, 0x6C, 0x61, 0x61, 0x72, 0x6F, 0x74, 0x61, 0x20, 0x42, 0x65, 0x65, 0x72, 0x6D, 0x75, 0x64, 0x61, 0x61));
					break;
				case 45:
					if (count == -1) return String(CharArray::of(0x42, 0x72, 0x61, 0x7A, 0x69, 0x6C, 0x69, 0x61, 0x6E, 0x20, 0x52, 0x65, 0x61, 0x6C));
					break;
				case 56:
					if (count == -1) return String(CharArray::of(0x44, 0x6F, 0x6F, 0x6C, 0x61, 0x61, 0x72, 0x61, 0x20, 0x42, 0x65, 0x6C, 0x69, 0x69, 0x7A, 0x65, 0x65));
					if (count == 1) return String(CharArray::of(0x44, 0x6F, 0x6F, 0x6C, 0x61, 0x61, 0x72, 0x61, 0x20, 0x42, 0x65, 0x6C, 0x69, 0x69, 0x7A, 0x65, 0x65));
					if (count != 1) return String(CharArray::of(0x44, 0x6F, 0x6F, 0x6C, 0x61, 0x61, 0x72, 0x6F, 0x74, 0x61, 0x20, 0x42, 0x65, 0x6C, 0x69, 0x69, 0x7A, 0x65, 0x65));
					break;
				case 57:
					if (count == -1) return String(CharArray::of(0x44, 0x6F, 0x6F, 0x6C, 0x61, 0x61, 0x72, 0x61, 0x20, 0x4B, 0x61, 0x6E, 0x61, 0x61, 0x64, 0x61, 0x61));
					if (count == 1) return String(CharArray::of(0x44, 0x6F, 0x6F, 0x6C, 0x61, 0x61, 0x72, 0x61, 0x20, 0x4B, 0x61, 0x6E, 0x61, 0x61, 0x64, 0x61, 0x61));
					if (count != 1) return String(CharArray::of(0x44, 0x6F, 0x6F, 0x6C, 0x61, 0x61, 0x72, 0x6F, 0x74, 0x61, 0x20, 0x4B, 0x61, 0x6E, 0x61, 0x61, 0x64, 0x61, 0x61));
					break;
				case 67:
					if (count == -1) return String(CharArray::of(0x43, 0x68, 0x69, 0x6E, 0x65, 0x73, 0x65, 0x20, 0x59, 0x75, 0x61, 0x6E, 0x20, 0x52, 0x65, 0x6E, 0x6D, 0x69, 0x6E, 0x62, 0x69));
					break;
				case 70:
					if (count == -1) return String(CharArray::of(0x4B, 0x6F, 0x6C, 0x6F, 0x6F, 0x6E, 0x69, 0x69, 0x20, 0x4B, 0x6F, 0x73, 0x74, 0x61, 0x61, 0x20, 0x52, 0x69, 0x6B, 0x61, 0x61));
					if (count == 1) return String(CharArray::of(0x4B, 0x6F, 0x6C, 0x6F, 0x6F, 0x6E, 0x69, 0x69, 0x20, 0x4B, 0x6F, 0x73, 0x74, 0x61, 0x61, 0x20, 0x52, 0x69, 0x6B, 0x61, 0x61));
					if (count != 1) return String(CharArray::of(0x4B, 0x6F, 0x6C, 0x6F, 0x6F, 0x6E, 0x6F, 0x74, 0x61, 0x20, 0x4B, 0x6F, 0x73, 0x74, 0x61, 0x61, 0x20, 0x52, 0x69, 0x6B, 0x61, 0x61));
					break;
				case 92:
					if (count == -1) return String(CharArray::of(0x49, 0x74, 0x6F, 0x6F, 0x70, 0x68, 0x69, 0x79, 0x61, 0x61, 0x20, 0x42, 0x69, 0x72, 0x72, 0x69, 0x69));
					break;
				case 93:
					if (count == -1) return String(CharArray::of(0x45, 0x75, 0x72, 0x6F));
					break;
				case 98:
					if (count == -1) return String(CharArray::of(0x42, 0x72, 0x69, 0x74, 0x69, 0x73, 0x68, 0x20, 0x50, 0x6F, 0x75, 0x6E, 0x64));
					break;
				case 124:
					if (count == -1) return String(CharArray::of(0x49, 0x6E, 0x64, 0x69, 0x61, 0x6E, 0x20, 0x52, 0x75, 0x70, 0x65, 0x65));
					break;
				case 132:
					if (count == -1) return String(CharArray::of(0x4A, 0x61, 0x70, 0x61, 0x6E, 0x65, 0x73, 0x65, 0x20, 0x59, 0x65, 0x6E));
					break;
				case 210:
					if (count == -1) return String(CharArray::of(0x52, 0x75, 0x73, 0x73, 0x69, 0x61, 0x6E, 0x20, 0x52, 0x75, 0x62, 0x6C, 0x65));
					break;
				case 253:
					if (count == -1) return String(CharArray::of(0x44, 0x6F, 0x6F, 0x6C, 0x61, 0x61, 0x72, 0x61, 0x20, 0x41, 0x6D, 0x65, 0x65, 0x72, 0x69, 0x6B, 0x61, 0x61));
					if (count == 1) return String(CharArray::of(0x44, 0x6F, 0x6F, 0x6C, 0x61, 0x61, 0x72, 0x61, 0x20, 0x41, 0x6D, 0x65, 0x65, 0x72, 0x69, 0x6B, 0x61, 0x61));
					if (count != 1) return String(CharArray::of(0x44, 0x6F, 0x6F, 0x6C, 0x61, 0x72, 0x6F, 0x74, 0x61, 0x20, 0x41, 0x6D, 0x65, 0x65, 0x72, 0x69, 0x6B, 0x61, 0x61));
					break;
            default: break;
            }
            return String();
        }
        
        String Om::displayUnit(gint unit, gint count) const {
            switch(unit) { 
            default: break;
            }
            return String();
        }
        
        String Om::displayShortUnit(gint unit, gint count) const {
            switch(unit) { 
            default: break;
            }
            return String();
        }
        
        String Om::displayNarrowUnit(gint unit, gint count) const {
            switch(unit) { 
            default: break;
            }
            return String();
        }
        
        String Om::displayCurrencySymbol(gint currency) const {
            switch(currency) { 
				case 92: return String(CharArray::of(0x42, 0x72));
            default: break;
            }
            return String();
        }
            
        String Om::quotationStart(gbool alt) const {
            return (alt) ? String() : String() ;
        }
            
        String Om::quotationEnd(gbool alt) const {
            return (alt) ? String() : String() ;
        }
            
        String Om::decimalSeparator() const {
            return String();
        }
            
        String Om::groupSeparator() const {
            return String();
        }
            
        String Om::listSeparator() const {
            return String();
        }
            
        String Om::plusSign() const {
            return String();
        }
            
        String Om::minusSign() const {
            return String();
        }
            
        String Om::exponential() const {
            return String();
        }
            
        String Om::perMill() const {
            return String();
        }
            
        String Om::percent() const {
            return String();
        }
            
        String Om::infinity() const {
            return String();
        }
            
        String Om::nan() const {
            return String();
        }
            
        String Om::superScriptingExponent() const {
            return String();
        }
           
        String Om::decimalPattern() const {
            return String();
        }
            
        String Om::scientificPattern() const {
            return String();
        }
            
        String Om::percentPattern() const {
            return String();
        }
            
        String Om::currencyPattern() const {
            return String(CharArray::of(0xA4, 0x23, 0x2C, 0x23, 0x23, 0x30, 0x2E, 0x30, 0x30));
        }

        String Om::listPattern(gint type, gint subType) const {
            switch(subType) {
            default: break;
            }
            return String();
        }
            
        String Om::posixMessage(gbool yesOrNo) const {
            return (yesOrNo) ? String() : String();
        }
        
        CharArray Om::digits() const {
            return CharArray::of(48, 49, 50, 51, 52, 53, 54, 55, 56, 57);
        }
        
        StringArray Om::displayDays(gint style, gbool stand_alone) const {
            if (!stand_alone) { // format
                switch(style) {
				case 1: return StringArray::of(String(CharArray::of(0x57, 0x69, 0x78)), String(CharArray::of(0x4B, 0x69, 0x62)), String(CharArray::of(0x52, 0x6F, 0x62)), String(CharArray::of(0x4B, 0x61, 0x6D)), String(CharArray::of(0x4A, 0x69, 0x6D)), String(CharArray::of(0x53, 0x61, 0x6E)), String(CharArray::of(0x44, 0x69, 0x6C)));
				case 2: return StringArray::of(String(CharArray::of(0x57)), String(CharArray::of(0x4B)), String(CharArray::of(0x52)), String(CharArray::of(0x4B)), String(CharArray::of(0x4A)), String(), String(CharArray::of(0x44)));
				case 3: return StringArray::of(String(), String(CharArray::of(0x4B, 0x69, 0x62)), String(), String(), String(), String(), String());
				case 0: return StringArray::of(String(CharArray::of(0x57, 0x69, 0x69, 0x78, 0x61, 0x74, 0x61)), String(CharArray::of(0x4B, 0x69, 0x62, 0x78, 0x61, 0x74, 0x61)), String(CharArray::of(0x52, 0x6F, 0x6F, 0x62, 0x69, 0x69)), String(CharArray::of(0x4B, 0x61, 0x6D, 0x69, 0x73, 0x61)), String(CharArray::of(0x4A, 0x69, 0x6D, 0x61, 0x61, 0x74, 0x61)), String(CharArray::of(0x53, 0x61, 0x6E, 0x62, 0x61, 0x74, 0x61)), String(CharArray::of(0x44, 0x69, 0x6C, 0x62, 0x61, 0x74, 0x61)));
                default: break;
                }
            } else {
                switch(style) {
				case 1: return StringArray::of(String(), String(CharArray::of(0x4B, 0x69, 0x62)), String(), String(), String(), String(), String());
				case 2: return StringArray::of(String(CharArray::of(0x57)), String(CharArray::of(0x4B)), String(CharArray::of(0x52)), String(CharArray::of(0x4B)), String(CharArray::of(0x4A)), String(), String(CharArray::of(0x44)));
				case 3: return StringArray::of(String(), String(CharArray::of(0x4B, 0x69, 0x62)), String(), String(), String(), String(), String());
				case 0: return StringArray::of(String(), String(CharArray::of(0x4B, 0x69, 0x62, 0x78, 0x61, 0x74, 0x61)), String(), String(CharArray::of(0x4B, 0x61, 0x6D, 0x69, 0x73, 0x61)), String(), String(), String());
                default: break;
                }
            }
            return StringArray();
        }
        
        StringArray Om::displayMonths(gint style, gbool stand_alone) const {
            if (!stand_alone) { // format
                switch(style) {
				case 1: return StringArray::of(String(CharArray::of(0x41, 0x6D, 0x61)), String(CharArray::of(0x47, 0x75, 0x72)), String(CharArray::of(0x42, 0x69, 0x74, 0x6F, 0x6F, 0x74, 0x65, 0x73, 0x73, 0x61)), String(CharArray::of(0x45, 0x6C, 0x62)), String(CharArray::of(0x43, 0x61, 0x6D)), String(CharArray::of(0x57, 0x61, 0x78)), String(CharArray::of(0x41, 0x64, 0x6F)), String(CharArray::of(0x48, 0x61, 0x67)), String(CharArray::of(0x46, 0x75, 0x6C)), String(CharArray::of(0x4F, 0x6E, 0x6B)), String(), String(CharArray::of(0x4D, 0x75, 0x64)));
				case 2: return StringArray::of(String(CharArray::of(0x41)), String(CharArray::of(0x47)), String(CharArray::of(0x42)), String(CharArray::of(0x45)), String(CharArray::of(0x43)), String(CharArray::of(0x57)), String(CharArray::of(0x41)), String(CharArray::of(0x48)), String(CharArray::of(0x46)), String(), String(CharArray::of(0x53)), String(CharArray::of(0x4D)));
				case 0: return StringArray::of(String(CharArray::of(0x41, 0x6D, 0x61, 0x6A, 0x6A, 0x69, 0x69)), String(CharArray::of(0x47, 0x75, 0x72, 0x61, 0x61, 0x6E, 0x64, 0x68, 0x61, 0x6C, 0x61)), String(CharArray::of(0x42, 0x69, 0x74, 0x6F, 0x6F, 0x74, 0x65, 0x73, 0x73, 0x61)), String(CharArray::of(0x45, 0x65, 0x62, 0x69, 0x6C, 0x61)), String(CharArray::of(0x43, 0x61, 0x61, 0x6D, 0x73, 0x61, 0x61)), String(CharArray::of(0x57, 0x61, 0x78, 0x61, 0x62, 0x61, 0x6A, 0x6A, 0x69, 0x69)), String(CharArray::of(0x41, 0x64, 0x6F, 0x6F, 0x6C, 0x65, 0x73, 0x73, 0x61)), String(CharArray::of(0x48, 0x61, 0x67, 0x61, 0x79, 0x79, 0x61)), String(CharArray::of(0x46, 0x75, 0x6C, 0x62, 0x61, 0x61, 0x6E, 0x61)), String(CharArray::of(0x4F, 0x6E, 0x6B, 0x6F, 0x6C, 0x6F, 0x6F, 0x6C, 0x65, 0x73, 0x73, 0x61)), String(CharArray::of(0x53, 0x61, 0x64, 0x61, 0x61, 0x73, 0x61)), String(CharArray::of(0x4D, 0x75, 0x64, 0x64, 0x65)));
                default: break;
                }
            } else {
                switch(style) {
				case 1: return StringArray::of(String(), String(), String(CharArray::of(0x42, 0x69, 0x74, 0x6F, 0x6F, 0x74, 0x65, 0x73, 0x73, 0x61)), String(), String(), String(), String(), String(), String(), String(), String(CharArray::of(0x53, 0x61, 0x64, 0x61, 0x61, 0x73, 0x61)), String());
				case 2: return StringArray::of(String(CharArray::of(0x41)), String(CharArray::of(0x47)), String(CharArray::of(0x42)), String(CharArray::of(0x45)), String(CharArray::of(0x43)), String(CharArray::of(0x57)), String(CharArray::of(0x41)), String(CharArray::of(0x48)), String(CharArray::of(0x46)), String(CharArray::of(0x4F)), String(CharArray::of(0x53)), String(CharArray::of(0x4D)));
				case 0: return StringArray::of(String(), String(), String(CharArray::of(0x42, 0x69, 0x74, 0x6F, 0x6F, 0x74, 0x65, 0x73, 0x73, 0x61)), String(CharArray::of(0x45, 0x65, 0x62, 0x69, 0x6C, 0x61)), String(CharArray::of(0x43, 0x61, 0x61, 0x6D, 0x73, 0x61, 0x61)), String(), String(CharArray::of(0x41, 0x64, 0x6F, 0x6F, 0x6C, 0x65, 0x73, 0x73, 0x61)), String(), String(CharArray::of(0x46, 0x75, 0x6C, 0x62, 0x61, 0x61, 0x6E, 0x61)), String(CharArray::of(0x4F, 0x6E, 0x6B, 0x6F, 0x6C, 0x6F, 0x6F, 0x6C, 0x65, 0x73, 0x73, 0x61)), String(), String(CharArray::of(0x4D, 0x75, 0x64, 0x64, 0x65)));
                default: break;
                }
            }
            return StringArray();
        }
        
        StringArray Om::displayQuarters(gint style, gbool stand_alone) const {
            if (!stand_alone) { // format
                switch(style) {
				case 1: return StringArray::of(String(CharArray::of(0x4B, 0x31)), String(CharArray::of(0x4B, 0x32)), String(CharArray::of(0x4B, 0x33)), String(CharArray::of(0x4B, 0x34)));
				case 0: return StringArray::of(String(CharArray::of(0x4B, 0x75, 0x72, 0x6D, 0x61, 0x61, 0x6E, 0x61, 0x20, 0x31, 0x66, 0x66, 0x61, 0x61)), String(CharArray::of(0x4B, 0x75, 0x72, 0x6D, 0x61, 0x61, 0x6E, 0x61, 0x20, 0x32, 0x66, 0x66, 0x61, 0x61)), String(CharArray::of(0x4B, 0x75, 0x72, 0x6D, 0x61, 0x61, 0x6E, 0x61, 0x20, 0x33, 0x66, 0x66, 0x61, 0x61)), String(CharArray::of(0x4B, 0x75, 0x72, 0x6D, 0x61, 0x61, 0x6E, 0x61, 0x20, 0x34, 0x66, 0x66, 0x61, 0x61)));
                default: break;
                }
            } else {
                switch(style) {
				case 1: return StringArray::of(String(CharArray::of(0x4B, 0x31)), String(CharArray::of(0x4B, 0x32)), String(CharArray::of(0x4B, 0x33)), String(CharArray::of(0x4B, 0x34)));
				case 0: return StringArray::of(String(CharArray::of(0x4B, 0x75, 0x72, 0x6D, 0x61, 0x61, 0x6E, 0x61, 0x20, 0x31, 0x66, 0x66, 0x61, 0x61)), String(CharArray::of(0x4B, 0x75, 0x72, 0x6D, 0x61, 0x61, 0x6E, 0x61, 0x20, 0x32, 0x66, 0x66, 0x61, 0x61)), String(CharArray::of(0x4B, 0x75, 0x72, 0x6D, 0x61, 0x61, 0x6E, 0x61, 0x20, 0x33, 0x66, 0x66, 0x61, 0x61)), String(CharArray::of(0x4B, 0x75, 0x72, 0x6D, 0x61, 0x61, 0x6E, 0x61, 0x20, 0x34, 0x66, 0x66, 0x61, 0x61)));
                default: break;
                }
            }
            return StringArray();
        }
        
        StringArray Om::displayDayPeriods(gint style, gbool stand_alone) const {
            if (!stand_alone) { // format
                switch(style) {
				case 1: return StringArray::of(String(), String(CharArray::of(0x57, 0x44)), String(), String(CharArray::of(0x57, 0x42)), String(), String(), String(), String());
                default: break;
                }
            } else {
                switch(style) {
                default: break;
                }
            }
            return StringArray();
        }
        
        StringArray Om::displayEras(gint style, gbool stand_alone) const {
            if (!stand_alone) { // format
                switch(style) {
				case 1: return StringArray::of(String(CharArray::of(0x44, 0x68, 0x4B, 0x44)), String(CharArray::of(0x42, 0x41)));
				case 2: return StringArray::of(String(CharArray::of(0x44, 0x68)), String(CharArray::of(0x42)));
                default: break;
                }
            } else {
                switch(style) {
				case 1: return StringArray::of(String(CharArray::of(0x44, 0x68, 0x4B, 0x44)), String(CharArray::of(0x42, 0x41)));
				case 2: return StringArray::of(String(CharArray::of(0x44, 0x68)), String(CharArray::of(0x42)));
                default: break;
                }
            }
            return StringArray();
        }
        
        String Om::datePattern(gint style) const {
            switch(style) {
				case 0: return String(CharArray::of(0x45, 0x45, 0x45, 0x45, 0x2C, 0x20, 0x4D, 0x4D, 0x4D, 0x4D, 0x20, 0x64, 0x2C, 0x20, 0x79));
				case 1: return String(CharArray::of(0x4D, 0x4D, 0x4D, 0x4D, 0x20, 0x64, 0x2C, 0x20, 0x79));
				case 2: return String(CharArray::of(0x4D, 0x4D, 0x4D, 0x20, 0x64, 0x2C, 0x20, 0x79));
				case 3: return String(CharArray::of(0x4D, 0x2F, 0x64, 0x2F, 0x79, 0x79));
            default: break;
            }
            return String();
        }
        
        String Om::timePattern(gint style) const {
            switch(style) {
				case 0: return String(CharArray::of(0x68, 0x3A, 0x6D, 0x6D, 0x3A, 0x73, 0x73, 0x202F, 0x61, 0x20, 0x7A, 0x7A, 0x7A, 0x7A));
				case 1: return String(CharArray::of(0x68, 0x3A, 0x6D, 0x6D, 0x3A, 0x73, 0x73, 0x202F, 0x61, 0x20, 0x7A));
				case 2: return String(CharArray::of(0x68, 0x3A, 0x6D, 0x6D, 0x3A, 0x73, 0x73, 0x202F, 0x61));
				case 3: return String(CharArray::of(0x68, 0x3A, 0x6D, 0x6D, 0x202F, 0x61));
            default: break;
            }
            return String();
        }
        
        String Om::datetimePattern(gint style) const {
            switch(style) {
				case 0: return String(CharArray::of(0x7B, 0x31, 0x7D, 0x2C, 0x20, 0x7B, 0x30, 0x7D));
				case 1: return String(CharArray::of(0x7B, 0x31, 0x7D, 0x2C, 0x20, 0x7B, 0x30, 0x7D));
				case 2: return String(CharArray::of(0x7B, 0x31, 0x7D, 0x2C, 0x20, 0x7B, 0x30, 0x7D));
				case 3: return String(CharArray::of(0x7B, 0x31, 0x7D, 0x2C, 0x20, 0x7B, 0x30, 0x7D));
            default: break;
            }
            return String();
        }
        
        String Om::displayTimezone(gint tz, gint style) const {
            switch(tz) {
				case 422: 
					if (style == 1) return String(CharArray::of(0x53, 0x61, 0x2019, 0x61, 0x61, 0x74, 0x69, 0x69, 0x20, 0x49, 0x64, 0x69, 0x6C, 0x2D, 0x41, 0x64, 0x64, 0x75, 0x6E, 0x79, 0x61, 0x61, 0x20, 0x51, 0x69, 0x6E, 0x64, 0x61, 0x61, 0x2019, 0x65));
					break;
				case 452: 
					if (style == 2) return String(CharArray::of(0x53, 0x61, 0x2019, 0x61, 0x61, 0x74, 0x69, 0x69, 0x20, 0x42, 0x6F, 0x6E, 0x61, 0x61, 0x20, 0x42, 0x69, 0x72, 0x69, 0x74, 0x69, 0x73, 0x68));
					break;
				case 439: 
					if (style == 2) return String(CharArray::of(0x53, 0x61, 0x2019, 0x61, 0x61, 0x74, 0x69, 0x69, 0x20, 0x49, 0x73, 0x74, 0x61, 0x61, 0x6E, 0x64, 0x61, 0x61, 0x72, 0x64, 0x69, 0x69, 0x20, 0x41, 0x61, 0x79, 0x69, 0x72, 0x69, 0x69, 0x73, 0x68));
					break;
            default: break;
            }
            return String();
        }
        
        String Om::displayGlobalTimezone(gint tz, gint style) const {
            switch(tz) {
				case 1: 
				if (style == 1) return String(CharArray::of(0x53, 0x61, 0x2019, 0x61, 0x61, 0x74, 0x69, 0x69, 0x20, 0x41, 0x66, 0x67, 0x61, 0x61, 0x6E, 0x69, 0x73, 0x74, 0x61, 0x61, 0x6E));
					break;
				case 2: 
				if (style == 1) return String(CharArray::of(0x53, 0x61, 0x2019, 0x61, 0x61, 0x74, 0x69, 0x69, 0x20, 0x41, 0x66, 0x72, 0x69, 0x6B, 0x61, 0x61, 0x20, 0x47, 0x69, 0x64, 0x64, 0x75, 0x75, 0x67, 0x61, 0x6C, 0x65, 0x65, 0x73, 0x73, 0x61, 0x61));
					break;
				case 3: 
				if (style == 1) return String(CharArray::of(0x53, 0x61, 0x2019, 0x61, 0x61, 0x74, 0x69, 0x69, 0x20, 0x42, 0x61, 0x68, 0x61, 0x20, 0x41, 0x66, 0x72, 0x69, 0x6B, 0x61, 0x61));
					break;
				case 4: 
				if (style == 1) return String(CharArray::of(0x53, 0x61, 0x2019, 0x61, 0x61, 0x74, 0x69, 0x69, 0x20, 0x49, 0x73, 0x74, 0x61, 0x61, 0x6E, 0x64, 0x61, 0x61, 0x72, 0x64, 0x69, 0x69, 0x20, 0x41, 0x66, 0x72, 0x69, 0x6B, 0x61, 0x61, 0x20, 0x4B, 0x69, 0x62, 0x62, 0x61, 0x61));
					break;
				case 5: 
				if (style == 0) return String(CharArray::of(0x53, 0x61, 0x2019, 0x61, 0x61, 0x74, 0x69, 0x69, 0x20, 0x41, 0x66, 0x72, 0x69, 0x6B, 0x61, 0x61, 0x20, 0x44, 0x68, 0x69, 0x68, 0x61, 0x61));
				if (style == 1) return String(CharArray::of(0x53, 0x61, 0x2019, 0x61, 0x61, 0x74, 0x69, 0x69, 0x20, 0x49, 0x73, 0x74, 0x61, 0x61, 0x6E, 0x64, 0x61, 0x61, 0x72, 0x64, 0x69, 0x69, 0x20, 0x41, 0x66, 0x72, 0x69, 0x6B, 0x61, 0x61, 0x20, 0x44, 0x68, 0x69, 0x68, 0x61, 0x61));
				if (style == 2) return String(CharArray::of(0x53, 0x61, 0x2019, 0x61, 0x61, 0x74, 0x69, 0x69, 0x20, 0x42, 0x6F, 0x6E, 0x61, 0x61, 0x20, 0x41, 0x66, 0x72, 0x69, 0x6B, 0x61, 0x61, 0x20, 0x44, 0x68, 0x69, 0x68, 0x61, 0x61));
					break;
				case 6: 
				if (style == 0) return String(CharArray::of(0x53, 0x61, 0x2019, 0x61, 0x61, 0x74, 0x69, 0x69, 0x20, 0x41, 0x6C, 0x61, 0x61, 0x73, 0x6B, 0x61, 0x61));
				if (style == 1) return String(CharArray::of(0x53, 0x61, 0x2019, 0x61, 0x61, 0x74, 0x69, 0x69, 0x20, 0x49, 0x73, 0x74, 0x61, 0x61, 0x6E, 0x64, 0x61, 0x61, 0x72, 0x64, 0x69, 0x69, 0x20, 0x41, 0x6C, 0x61, 0x61, 0x73, 0x6B, 0x61, 0x61));
				if (style == 2) return String(CharArray::of(0x53, 0x61, 0x2019, 0x61, 0x61, 0x74, 0x69, 0x69, 0x20, 0x47, 0x75, 0x79, 0x79, 0x61, 0x61, 0x20, 0x41, 0x6C, 0x61, 0x61, 0x73, 0x6B, 0x61, 0x61));
				if (style == 3) return String(CharArray::of(0x41, 0x4B, 0x54));
				if (style == 4) return String(CharArray::of(0x41, 0x4B, 0x53, 0x54));
				if (style == 5) return String(CharArray::of(0x41, 0x4B, 0x44, 0x54));
					break;
				case 8: 
				if (style == 0) return String(CharArray::of(0x53, 0x61, 0x2019, 0x61, 0x61, 0x74, 0x69, 0x69, 0x20, 0x41, 0x6D, 0x61, 0x7A, 0x6F, 0x6F, 0x6E));
				if (style == 1) return String(CharArray::of(0x53, 0x61, 0x2019, 0x61, 0x61, 0x74, 0x69, 0x69, 0x20, 0x49, 0x73, 0x74, 0x61, 0x61, 0x6E, 0x64, 0x61, 0x61, 0x72, 0x64, 0x69, 0x69, 0x20, 0x41, 0x6D, 0x61, 0x7A, 0x6F, 0x6F, 0x6E));
				if (style == 2) return String(CharArray::of(0x53, 0x61, 0x2019, 0x61, 0x61, 0x74, 0x69, 0x69, 0x20, 0x42, 0x6F, 0x6E, 0x61, 0x61, 0x20, 0x41, 0x6D, 0x61, 0x7A, 0x6F, 0x6F, 0x6E));
					break;
				case 9: 
				if (style == 0) return String(CharArray::of(0x53, 0x61, 0x2019, 0x61, 0x61, 0x74, 0x69, 0x69, 0x20, 0x47, 0x69, 0x64, 0x64, 0x75, 0x75, 0x67, 0x61, 0x6C, 0x65, 0x65, 0x73, 0x73, 0x61, 0x61));
				if (style == 1) return String(CharArray::of(0x53, 0x61, 0x2019, 0x61, 0x61, 0x74, 0x69, 0x69, 0x20, 0x49, 0x73, 0x74, 0x61, 0x61, 0x6E, 0x64, 0x61, 0x61, 0x72, 0x64, 0x69, 0x69, 0x20, 0x47, 0x69, 0x64, 0x64, 0x75, 0x75, 0x67, 0x61, 0x6C, 0x65, 0x65, 0x73, 0x73, 0x61, 0x61));
				if (style == 2) return String(CharArray::of(0x53, 0x61, 0x2019, 0x61, 0x61, 0x74, 0x69, 0x69, 0x20, 0x47, 0x75, 0x79, 0x79, 0x61, 0x61, 0x20, 0x47, 0x69, 0x64, 0x64, 0x75, 0x75, 0x67, 0x61, 0x6C, 0x65, 0x65, 0x73, 0x73, 0x61, 0x61));
				if (style == 3) return String(CharArray::of(0x43, 0x54));
				if (style == 4) return String(CharArray::of(0x43, 0x53, 0x54));
				if (style == 5) return String(CharArray::of(0x43, 0x44, 0x54));
					break;
				case 10: 
				if (style == 0) return String(CharArray::of(0x53, 0x61, 0x2019, 0x61, 0x61, 0x74, 0x69, 0x69, 0x20, 0x42, 0x61, 0x68, 0x61, 0x61));
				if (style == 1) return String(CharArray::of(0x53, 0x61, 0x2019, 0x61, 0x61, 0x74, 0x69, 0x69, 0x20, 0x49, 0x73, 0x74, 0x61, 0x61, 0x6E, 0x64, 0x61, 0x61, 0x72, 0x64, 0x69, 0x69, 0x20, 0x42, 0x61, 0x68, 0x61, 0x61));
				if (style == 2) return String(CharArray::of(0x53, 0x61, 0x2019, 0x61, 0x61, 0x74, 0x69, 0x69, 0x20, 0x47, 0x75, 0x79, 0x79, 0x61, 0x61, 0x20, 0x42, 0x61, 0x68, 0x61, 0x61));
				if (style == 3) return String(CharArray::of(0x45, 0x54));
				if (style == 4) return String(CharArray::of(0x45, 0x53, 0x54));
				if (style == 5) return String(CharArray::of(0x45, 0x44, 0x54));
					break;
				case 11: 
				if (style == 0) return String(CharArray::of(0x53, 0x61, 0x2019, 0x61, 0x61, 0x74, 0x69, 0x69, 0x20, 0x4D, 0x61, 0x61, 0x77, 0x6F, 0x6E, 0x74, 0x65, 0x65, 0x6E));
				if (style == 1) return String(CharArray::of(0x53, 0x61, 0x2019, 0x61, 0x61, 0x74, 0x69, 0x69, 0x20, 0x49, 0x73, 0x74, 0x61, 0x61, 0x6E, 0x64, 0x61, 0x61, 0x72, 0x64, 0x69, 0x69, 0x20, 0x4D, 0x61, 0x61, 0x77, 0x6F, 0x6E, 0x74, 0x65, 0x65, 0x6E));
				if (style == 2) return String(CharArray::of(0x53, 0x61, 0x2019, 0x61, 0x61, 0x74, 0x69, 0x69, 0x20, 0x47, 0x75, 0x79, 0x79, 0x61, 0x61, 0x20, 0x4D, 0x61, 0x61, 0x77, 0x6F, 0x6E, 0x74, 0x65, 0x65, 0x6E));
				if (style == 3) return String(CharArray::of(0x4D, 0x54));
				if (style == 4) return String(CharArray::of(0x4D, 0x53, 0x54));
				if (style == 5) return String(CharArray::of(0x4D, 0x44, 0x54));
					break;
				case 12: 
				if (style == 0) return String(CharArray::of(0x53, 0x61, 0x2019, 0x61, 0x61, 0x74, 0x69, 0x69, 0x20, 0x50, 0x61, 0x61, 0x73, 0x66, 0x69, 0x69, 0x6B));
				if (style == 1) return String(CharArray::of(0x53, 0x61, 0x2019, 0x61, 0x61, 0x74, 0x69, 0x69, 0x20, 0x49, 0x73, 0x74, 0x61, 0x61, 0x6E, 0x64, 0x61, 0x61, 0x72, 0x64, 0x69, 0x69, 0x20, 0x50, 0x61, 0x61, 0x73, 0x66, 0x69, 0x69, 0x6B));
				if (style == 2) return String(CharArray::of(0x53, 0x61, 0x2019, 0x61, 0x61, 0x74, 0x69, 0x69, 0x20, 0x47, 0x75, 0x79, 0x79, 0x61, 0x61, 0x20, 0x50, 0x61, 0x61, 0x73, 0x66, 0x69, 0x69, 0x6B));
				if (style == 3) return String(CharArray::of(0x50, 0x54));
				if (style == 4) return String(CharArray::of(0x50, 0x53, 0x54));
				if (style == 5) return String(CharArray::of(0x50, 0x44, 0x54));
					break;
				case 14: 
				if (style == 0) return String(CharArray::of(0x53, 0x61, 0x2019, 0x61, 0x61, 0x74, 0x69, 0x69, 0x20, 0x41, 0x70, 0x69, 0x61));
				if (style == 1) return String(CharArray::of(0x53, 0x61, 0x2019, 0x61, 0x61, 0x74, 0x69, 0x69, 0x20, 0x49, 0x73, 0x74, 0x61, 0x61, 0x6E, 0x64, 0x61, 0x61, 0x72, 0x64, 0x69, 0x69, 0x20, 0x41, 0x70, 0x69, 0x61));
				if (style == 2) return String(CharArray::of(0x53, 0x61, 0x2019, 0x61, 0x61, 0x74, 0x69, 0x69, 0x20, 0x47, 0x75, 0x79, 0x79, 0x61, 0x61, 0x20, 0x41, 0x70, 0x69, 0x61));
					break;
				case 17: 
				if (style == 0) return String(CharArray::of(0x53, 0x61, 0x2019, 0x61, 0x61, 0x74, 0x69, 0x69, 0x20, 0x41, 0x72, 0x61, 0x62, 0x61, 0x61));
				if (style == 1) return String(CharArray::of(0x53, 0x61, 0x2019, 0x61, 0x61, 0x74, 0x69, 0x69, 0x20, 0x49, 0x73, 0x74, 0x61, 0x61, 0x6E, 0x64, 0x61, 0x61, 0x72, 0x64, 0x69, 0x69, 0x20, 0x41, 0x72, 0x61, 0x62, 0x61, 0x61));
				if (style == 2) return String(CharArray::of(0x53, 0x61, 0x2019, 0x61, 0x61, 0x74, 0x69, 0x69, 0x20, 0x47, 0x75, 0x79, 0x79, 0x61, 0x61, 0x20, 0x41, 0x72, 0x61, 0x62, 0x61, 0x61));
					break;
				case 18: 
				if (style == 0) return String(CharArray::of(0x53, 0x61, 0x2019, 0x61, 0x61, 0x74, 0x69, 0x69, 0x20, 0x41, 0x72, 0x6A, 0x65, 0x6E, 0x74, 0x69, 0x69, 0x6E, 0x61, 0x61));
				if (style == 1) return String(CharArray::of(0x53, 0x61, 0x2019, 0x61, 0x61, 0x74, 0x69, 0x69, 0x20, 0x49, 0x73, 0x74, 0x61, 0x61, 0x6E, 0x64, 0x61, 0x61, 0x72, 0x64, 0x69, 0x69, 0x20, 0x41, 0x72, 0x6A, 0x65, 0x6E, 0x74, 0x69, 0x69, 0x6E, 0x61, 0x61));
				if (style == 2) return String(CharArray::of(0x53, 0x61, 0x2019, 0x61, 0x61, 0x74, 0x69, 0x69, 0x20, 0x42, 0x6F, 0x6E, 0x61, 0x61, 0x20, 0x41, 0x72, 0x6A, 0x65, 0x6E, 0x74, 0x69, 0x69, 0x6E, 0x61, 0x61));
					break;
				case 19: 
				if (style == 0) return String(CharArray::of(0x53, 0x61, 0x2019, 0x61, 0x61, 0x74, 0x69, 0x69, 0x20, 0x41, 0x72, 0x6A, 0x65, 0x6E, 0x74, 0x69, 0x69, 0x6E, 0x61, 0x61, 0x20, 0x44, 0x68, 0x69, 0x68, 0x61, 0x61));
				if (style == 1) return String(CharArray::of(0x53, 0x61, 0x2019, 0x61, 0x61, 0x74, 0x69, 0x69, 0x20, 0x49, 0x73, 0x74, 0x61, 0x61, 0x6E, 0x64, 0x61, 0x61, 0x72, 0x64, 0x69, 0x69, 0x20, 0x41, 0x72, 0x6A, 0x65, 0x6E, 0x74, 0x69, 0x69, 0x6E, 0x61, 0x61, 0x20, 0x44, 0x68, 0x69, 0x68, 0x61, 0x61));
				if (style == 2) return String(CharArray::of(0x53, 0x61, 0x2019, 0x61, 0x61, 0x74, 0x69, 0x69, 0x20, 0x42, 0x6F, 0x6E, 0x61, 0x61, 0x20, 0x41, 0x72, 0x6A, 0x65, 0x6E, 0x74, 0x69, 0x69, 0x6E, 0x61, 0x61, 0x20, 0x44, 0x68, 0x69, 0x68, 0x61, 0x61));
					break;
				case 20: 
				if (style == 0) return String(CharArray::of(0x53, 0x61, 0x2019, 0x61, 0x61, 0x74, 0x69, 0x69, 0x20, 0x41, 0x72, 0x6D, 0x61, 0x61, 0x6E, 0x69, 0x79, 0x61, 0x61));
				if (style == 1) return String(CharArray::of(0x53, 0x61, 0x2019, 0x61, 0x61, 0x74, 0x69, 0x69, 0x20, 0x49, 0x73, 0x74, 0x61, 0x61, 0x6E, 0x64, 0x61, 0x61, 0x72, 0x64, 0x69, 0x69, 0x20, 0x41, 0x72, 0x6D, 0x61, 0x61, 0x6E, 0x69, 0x79, 0x61, 0x61));
				if (style == 2) return String(CharArray::of(0x53, 0x61, 0x2019, 0x61, 0x61, 0x74, 0x69, 0x69, 0x20, 0x42, 0x6F, 0x6E, 0x61, 0x61, 0x20, 0x41, 0x72, 0x6D, 0x61, 0x61, 0x6E, 0x69, 0x79, 0x61, 0x61));
					break;
				case 21: 
				if (style == 0) return String(CharArray::of(0x53, 0x61, 0x2019, 0x61, 0x61, 0x74, 0x69, 0x69, 0x20, 0x41, 0x74, 0x69, 0x6C, 0x61, 0x61, 0x6E, 0x74, 0x69, 0x69, 0x6B));
				if (style == 1) return String(CharArray::of(0x53, 0x61, 0x2019, 0x61, 0x61, 0x74, 0x69, 0x69, 0x20, 0x49, 0x73, 0x74, 0x61, 0x61, 0x6E, 0x64, 0x61, 0x61, 0x72, 0x64, 0x69, 0x69, 0x20, 0x41, 0x74, 0x69, 0x6C, 0x61, 0x61, 0x6E, 0x74, 0x69, 0x69, 0x6B));
				if (style == 2) return String(CharArray::of(0x53, 0x61, 0x2019, 0x61, 0x61, 0x74, 0x69, 0x69, 0x20, 0x47, 0x75, 0x79, 0x79, 0x61, 0x61, 0x20, 0x41, 0x74, 0x69, 0x6C, 0x61, 0x61, 0x6E, 0x74, 0x69, 0x69, 0x6B));
				if (style == 3) return String(CharArray::of(0x41, 0x54));
				if (style == 4) return String(CharArray::of(0x41, 0x53, 0x54));
				if (style == 5) return String(CharArray::of(0x41, 0x44, 0x54));
					break;
				case 22: 
				if (style == 0) return String(CharArray::of(0x53, 0x61, 0x2019, 0x61, 0x61, 0x74, 0x69, 0x69, 0x20, 0x41, 0x77, 0x75, 0x73, 0x74, 0x69, 0x72, 0x61, 0x61, 0x6C, 0x69, 0x79, 0x61, 0x61, 0x20, 0x47, 0x69, 0x64, 0x64, 0x75, 0x75, 0x67, 0x61, 0x6C, 0x65, 0x65, 0x73, 0x73, 0x61, 0x61));
				if (style == 1) return String(CharArray::of(0x53, 0x61, 0x2019, 0x61, 0x61, 0x74, 0x69, 0x69, 0x20, 0x49, 0x73, 0x74, 0x61, 0x61, 0x6E, 0x64, 0x61, 0x61, 0x72, 0x64, 0x69, 0x69, 0x20, 0x41, 0x77, 0x75, 0x73, 0x74, 0x69, 0x72, 0x61, 0x61, 0x6C, 0x69, 0x79, 0x61, 0x61, 0x20, 0x47, 0x69, 0x64, 0x64, 0x75, 0x75, 0x67, 0x61, 0x6C, 0x65, 0x65, 0x73, 0x73, 0x61, 0x61));
				if (style == 2) return String(CharArray::of(0x53, 0x61, 0x2019, 0x61, 0x61, 0x74, 0x69, 0x69, 0x20, 0x47, 0x75, 0x79, 0x79, 0x61, 0x61, 0x20, 0x41, 0x77, 0x75, 0x73, 0x74, 0x69, 0x72, 0x61, 0x61, 0x6C, 0x69, 0x79, 0x61, 0x61, 0x20, 0x47, 0x69, 0x64, 0x64, 0x75, 0x75, 0x67, 0x61, 0x6C, 0x65, 0x65, 0x73, 0x73, 0x61, 0x61));
					break;
				case 23: 
				if (style == 0) return String(CharArray::of(0x53, 0x61, 0x2019, 0x61, 0x61, 0x74, 0x69, 0x69, 0x20, 0x44, 0x68, 0x69, 0x68, 0x61, 0x20, 0x41, 0x77, 0x75, 0x73, 0x74, 0x69, 0x72, 0x61, 0x61, 0x6C, 0x69, 0x79, 0x61, 0x61, 0x20, 0x47, 0x69, 0x64, 0x64, 0x75, 0x75, 0x67, 0x61, 0x6C, 0x65, 0x65, 0x73, 0x73, 0x61, 0x61));
				if (style == 1) return String(CharArray::of(0x53, 0x61, 0x2019, 0x61, 0x61, 0x74, 0x69, 0x69, 0x20, 0x49, 0x73, 0x74, 0x61, 0x61, 0x6E, 0x64, 0x61, 0x61, 0x72, 0x64, 0x69, 0x69, 0x20, 0x44, 0x68, 0x69, 0x68, 0x61, 0x20, 0x41, 0x77, 0x75, 0x73, 0x74, 0x69, 0x72, 0x61, 0x61, 0x6C, 0x69, 0x79, 0x61, 0x61, 0x20, 0x47, 0x69, 0x64, 0x64, 0x75, 0x75, 0x67, 0x61, 0x6C, 0x65, 0x65, 0x73, 0x73, 0x61, 0x61));
				if (style == 2) return String(CharArray::of(0x53, 0x61, 0x2019, 0x61, 0x61, 0x74, 0x69, 0x69, 0x20, 0x47, 0x75, 0x79, 0x79, 0x61, 0x61, 0x20, 0x44, 0x68, 0x69, 0x68, 0x61, 0x20, 0x41, 0x77, 0x75, 0x73, 0x74, 0x69, 0x72, 0x61, 0x61, 0x6C, 0x69, 0x79, 0x61, 0x61, 0x20, 0x47, 0x69, 0x64, 0x64, 0x75, 0x75, 0x67, 0x61, 0x6C, 0x65, 0x65, 0x73, 0x73, 0x61, 0x61));
					break;
				case 24: 
				if (style == 0) return String(CharArray::of(0x53, 0x61, 0x2019, 0x61, 0x61, 0x74, 0x69, 0x69, 0x20, 0x41, 0x77, 0x75, 0x73, 0x74, 0x69, 0x72, 0x61, 0x61, 0x6C, 0x69, 0x79, 0x61, 0x61, 0x20, 0x42, 0x61, 0x68, 0x61, 0x61));
				if (style == 1) return String(CharArray::of(0x53, 0x61, 0x2019, 0x61, 0x61, 0x74, 0x69, 0x69, 0x20, 0x49, 0x73, 0x74, 0x61, 0x61, 0x6E, 0x64, 0x61, 0x61, 0x72, 0x64, 0x69, 0x69, 0x20, 0x41, 0x77, 0x75, 0x73, 0x74, 0x69, 0x72, 0x61, 0x61, 0x6C, 0x69, 0x79, 0x61, 0x61, 0x20, 0x42, 0x61, 0x68, 0x61, 0x61));
				if (style == 2) return String(CharArray::of(0x53, 0x61, 0x2019, 0x61, 0x61, 0x74, 0x69, 0x69, 0x20, 0x47, 0x75, 0x79, 0x79, 0x61, 0x61, 0x20, 0x41, 0x77, 0x75, 0x73, 0x74, 0x69, 0x72, 0x61, 0x61, 0x6C, 0x69, 0x79, 0x61, 0x61, 0x20, 0x42, 0x61, 0x68, 0x61, 0x61));
					break;
				case 25: 
				if (style == 0) return String(CharArray::of(0x53, 0x61, 0x2019, 0x61, 0x61, 0x74, 0x69, 0x69, 0x20, 0x41, 0x77, 0x75, 0x73, 0x74, 0x69, 0x72, 0x61, 0x61, 0x6C, 0x69, 0x79, 0x61, 0x61, 0x20, 0x44, 0x68, 0x69, 0x68, 0x61, 0x61));
				if (style == 1) return String(CharArray::of(0x53, 0x61, 0x2019, 0x61, 0x61, 0x74, 0x69, 0x69, 0x20, 0x53, 0x61, 0x2019, 0x61, 0x61, 0x74, 0x69, 0x69, 0x20, 0x49, 0x73, 0x74, 0x61, 0x61, 0x6E, 0x64, 0x61, 0x61, 0x72, 0x64, 0x69, 0x69, 0x20, 0x41, 0x77, 0x75, 0x73, 0x74, 0x69, 0x72, 0x61, 0x61, 0x6C, 0x69, 0x79, 0x61, 0x61, 0x20, 0x44, 0x68, 0x69, 0x68, 0x61, 0x61, 0x44, 0x68, 0x69, 0x68, 0x61, 0x20, 0x41, 0x77, 0x75, 0x73, 0x74, 0x69, 0x72, 0x61, 0x61, 0x6C, 0x69, 0x79, 0x61, 0x61));
				if (style == 2) return String(CharArray::of(0x53, 0x61, 0x2019, 0x61, 0x61, 0x74, 0x69, 0x69, 0x20, 0x47, 0x75, 0x75, 0x79, 0x79, 0x61, 0x61, 0x20, 0x41, 0x77, 0x75, 0x73, 0x74, 0x69, 0x72, 0x61, 0x61, 0x6C, 0x69, 0x79, 0x61, 0x61, 0x20, 0x44, 0x68, 0x69, 0x68, 0x61, 0x61));
					break;
				case 26: 
				if (style == 0) return String(CharArray::of(0x53, 0x61, 0x2019, 0x61, 0x61, 0x74, 0x69, 0x69, 0x20, 0x41, 0x7A, 0x65, 0x72, 0x62, 0x61, 0x61, 0x6A, 0x69, 0x79, 0x61, 0x61, 0x6E));
				if (style == 1) return String(CharArray::of(0x53, 0x61, 0x2019, 0x61, 0x61, 0x74, 0x69, 0x69, 0x20, 0x49, 0x73, 0x74, 0x61, 0x61, 0x6E, 0x64, 0x61, 0x61, 0x72, 0x64, 0x69, 0x69, 0x20, 0x41, 0x7A, 0x65, 0x72, 0x62, 0x61, 0x61, 0x6A, 0x69, 0x79, 0x61, 0x61, 0x6E));
				if (style == 2) return String(CharArray::of(0x53, 0x61, 0x2019, 0x61, 0x61, 0x74, 0x69, 0x69, 0x20, 0x42, 0x6F, 0x6E, 0x61, 0x61, 0x20, 0x41, 0x7A, 0x65, 0x72, 0x62, 0x61, 0x61, 0x6A, 0x69, 0x79, 0x61, 0x61, 0x6E));
					break;
				case 27: 
				if (style == 0) return String(CharArray::of(0x53, 0x61, 0x2019, 0x61, 0x61, 0x74, 0x69, 0x69, 0x20, 0x41, 0x7A, 0x65, 0x65, 0x72, 0x6F, 0x6F, 0x73));
				if (style == 1) return String(CharArray::of(0x53, 0x61, 0x2019, 0x61, 0x61, 0x74, 0x69, 0x69, 0x20, 0x49, 0x73, 0x74, 0x61, 0x61, 0x6E, 0x64, 0x61, 0x61, 0x72, 0x64, 0x69, 0x69, 0x20, 0x41, 0x7A, 0x65, 0x65, 0x72, 0x6F, 0x6F, 0x73));
				if (style == 2) return String(CharArray::of(0x53, 0x61, 0x2019, 0x61, 0x61, 0x74, 0x69, 0x69, 0x20, 0x42, 0x6F, 0x6E, 0x61, 0x61, 0x20, 0x41, 0x7A, 0x65, 0x65, 0x72, 0x6F, 0x6F, 0x73));
					break;
				case 28: 
				if (style == 0) return String(CharArray::of(0x53, 0x61, 0x2019, 0x61, 0x61, 0x74, 0x69, 0x69, 0x20, 0x42, 0x61, 0x61, 0x6E, 0x67, 0x69, 0x6C, 0x61, 0x61, 0x64, 0x69, 0x73, 0x68));
				if (style == 1) return String(CharArray::of(0x53, 0x61, 0x2019, 0x61, 0x61, 0x74, 0x69, 0x69, 0x20, 0x49, 0x73, 0x74, 0x61, 0x61, 0x6E, 0x64, 0x61, 0x61, 0x72, 0x64, 0x69, 0x69, 0x20, 0x42, 0x61, 0x61, 0x6E, 0x67, 0x69, 0x6C, 0x61, 0x61, 0x64, 0x69, 0x73, 0x68));
				if (style == 2) return String(CharArray::of(0x53, 0x61, 0x2019, 0x61, 0x61, 0x74, 0x69, 0x69, 0x20, 0x42, 0x6F, 0x6E, 0x61, 0x61, 0x20, 0x42, 0x61, 0x61, 0x6E, 0x67, 0x69, 0x6C, 0x61, 0x61, 0x64, 0x69, 0x73, 0x68));
					break;
				case 29: 
				if (style == 1) return String(CharArray::of(0x53, 0x61, 0x2019, 0x61, 0x61, 0x74, 0x69, 0x69, 0x20, 0x42, 0x69, 0x68, 0x75, 0x74, 0x61, 0x61, 0x6E));
					break;
				case 30: 
				if (style == 1) return String(CharArray::of(0x53, 0x61, 0x2019, 0x61, 0x61, 0x74, 0x69, 0x69, 0x20, 0x42, 0x6F, 0x6C, 0x69, 0x69, 0x76, 0x69, 0x79, 0x61, 0x61));
					break;
				case 31: 
				if (style == 0) return String(CharArray::of(0x53, 0x61, 0x2019, 0x61, 0x61, 0x74, 0x69, 0x69, 0x20, 0x42, 0x69, 0x72, 0x61, 0x61, 0x7A, 0x69, 0x6C, 0x69, 0x79, 0x61, 0x61));
				if (style == 1) return String(CharArray::of(0x53, 0x61, 0x2019, 0x61, 0x61, 0x74, 0x69, 0x69, 0x20, 0x49, 0x73, 0x74, 0x61, 0x61, 0x6E, 0x64, 0x61, 0x61, 0x72, 0x64, 0x69, 0x69, 0x20, 0x42, 0x69, 0x72, 0x61, 0x61, 0x7A, 0x69, 0x6C, 0x69, 0x79, 0x61, 0x61));
				if (style == 2) return String(CharArray::of(0x53, 0x61, 0x2019, 0x61, 0x61, 0x74, 0x69, 0x69, 0x20, 0x42, 0x6F, 0x6E, 0x61, 0x61, 0x20, 0x42, 0x69, 0x72, 0x61, 0x61, 0x7A, 0x69, 0x6C, 0x69, 0x79, 0x61, 0x61));
					break;
				case 32: 
				if (style == 1) return String(CharArray::of(0x53, 0x61, 0x2019, 0x61, 0x61, 0x74, 0x69, 0x69, 0x20, 0x42, 0x72, 0x75, 0x75, 0x6E, 0x65, 0x65, 0x20, 0x44, 0x61, 0x72, 0x75, 0x73, 0x61, 0x6C, 0x61, 0x61, 0x6D));
					break;
				case 33: 
				if (style == 0) return String(CharArray::of(0x53, 0x61, 0x2019, 0x61, 0x61, 0x74, 0x69, 0x69, 0x20, 0x4B, 0x65, 0x65, 0x70, 0x20, 0x56, 0x65, 0x65, 0x72, 0x64, 0x65, 0x65));
				if (style == 1) return String(CharArray::of(0x53, 0x61, 0x2019, 0x61, 0x61, 0x74, 0x69, 0x69, 0x20, 0x49, 0x73, 0x74, 0x61, 0x61, 0x6E, 0x64, 0x61, 0x61, 0x72, 0x64, 0x69, 0x69, 0x20, 0x4B, 0x65, 0x65, 0x70, 0x20, 0x56, 0x65, 0x65, 0x72, 0x64, 0x65, 0x65));
				if (style == 2) return String(CharArray::of(0x53, 0x61, 0x2019, 0x61, 0x61, 0x74, 0x69, 0x69, 0x20, 0x42, 0x6F, 0x6E, 0x61, 0x61, 0x20, 0x4B, 0x65, 0x65, 0x70, 0x20, 0x56, 0x65, 0x65, 0x72, 0x64, 0x65, 0x65));
					break;
				case 35: 
				if (style == 1) return String(CharArray::of(0x53, 0x61, 0x2019, 0x61, 0x61, 0x74, 0x69, 0x69, 0x20, 0x49, 0x73, 0x74, 0x61, 0x61, 0x6E, 0x64, 0x61, 0x61, 0x72, 0x64, 0x69, 0x69, 0x20, 0x4B, 0x61, 0x6D, 0x6F, 0x72, 0x6F, 0x6F));
					break;
				case 36: 
				if (style == 0) return String(CharArray::of(0x53, 0x61, 0x2019, 0x61, 0x61, 0x74, 0x69, 0x69, 0x20, 0x43, 0x68, 0x61, 0x74, 0x68, 0x61, 0x6D));
				if (style == 1) return String(CharArray::of(0x53, 0x61, 0x2019, 0x61, 0x61, 0x74, 0x69, 0x69, 0x20, 0x49, 0x73, 0x74, 0x61, 0x61, 0x6E, 0x64, 0x61, 0x61, 0x72, 0x64, 0x69, 0x69, 0x20, 0x43, 0x68, 0x61, 0x74, 0x68, 0x61, 0x6D));
				if (style == 2) return String(CharArray::of(0x53, 0x61, 0x2019, 0x61, 0x61, 0x74, 0x69, 0x69, 0x20, 0x47, 0x75, 0x79, 0x79, 0x61, 0x61, 0x20, 0x43, 0x68, 0x61, 0x74, 0x68, 0x61, 0x6D));
					break;
				case 37: 
				if (style == 0) return String(CharArray::of(0x53, 0x61, 0x2019, 0x61, 0x61, 0x74, 0x69, 0x69, 0x20, 0x43, 0x68, 0x69, 0x69, 0x6C, 0x69, 0x69));
				if (style == 1) return String(CharArray::of(0x53, 0x61, 0x2019, 0x61, 0x61, 0x74, 0x69, 0x69, 0x20, 0x49, 0x73, 0x74, 0x61, 0x61, 0x6E, 0x64, 0x61, 0x61, 0x72, 0x64, 0x69, 0x69, 0x20, 0x43, 0x68, 0x69, 0x69, 0x6C, 0x69, 0x69));
				if (style == 2) return String(CharArray::of(0x53, 0x61, 0x2019, 0x61, 0x61, 0x74, 0x69, 0x69, 0x20, 0x42, 0x6F, 0x6E, 0x61, 0x61, 0x20, 0x43, 0x68, 0x69, 0x69, 0x6C, 0x69, 0x69));
					break;
				case 38: 
				if (style == 0) return String(CharArray::of(0x53, 0x61, 0x2019, 0x61, 0x61, 0x74, 0x69, 0x69, 0x20, 0x43, 0x68, 0x61, 0x61, 0x79, 0x69, 0x6E, 0x61, 0x61));
				if (style == 1) return String(CharArray::of(0x53, 0x61, 0x2019, 0x61, 0x61, 0x74, 0x69, 0x69, 0x20, 0x49, 0x73, 0x74, 0x61, 0x61, 0x6E, 0x64, 0x61, 0x61, 0x72, 0x64, 0x69, 0x69, 0x20, 0x43, 0x68, 0x61, 0x61, 0x79, 0x69, 0x6E, 0x61, 0x61));
				if (style == 2) return String(CharArray::of(0x53, 0x61, 0x2019, 0x61, 0x61, 0x74, 0x69, 0x69, 0x20, 0x47, 0x75, 0x79, 0x79, 0x61, 0x61, 0x20, 0x43, 0x68, 0x61, 0x61, 0x79, 0x69, 0x6E, 0x61, 0x61));
					break;
				case 39: 
				if (style == 0) return String(CharArray::of(0x53, 0x61, 0x2019, 0x61, 0x61, 0x74, 0x69, 0x69, 0x20, 0x43, 0x68, 0x6F, 0x79, 0x69, 0x62, 0x61, 0x61, 0x6C, 0x73, 0x61, 0x61, 0x6E));
				if (style == 1) return String(CharArray::of(0x53, 0x61, 0x2019, 0x61, 0x61, 0x74, 0x69, 0x69, 0x20, 0x49, 0x73, 0x74, 0x61, 0x61, 0x6E, 0x64, 0x61, 0x61, 0x72, 0x64, 0x69, 0x69, 0x20, 0x43, 0x68, 0x6F, 0x79, 0x69, 0x62, 0x61, 0x61, 0x6C, 0x73, 0x61, 0x61, 0x6E));
				if (style == 2) return String(CharArray::of(0x53, 0x61, 0x2019, 0x61, 0x61, 0x74, 0x69, 0x69, 0x20, 0x42, 0x6F, 0x6E, 0x61, 0x61, 0x20, 0x43, 0x68, 0x6F, 0x79, 0x69, 0x62, 0x61, 0x61, 0x6C, 0x73, 0x61, 0x61, 0x6E));
					break;
				case 40: 
				if (style == 1) return String(CharArray::of(0x53, 0x61, 0x2019, 0x61, 0x61, 0x74, 0x69, 0x69, 0x20, 0x4F, 0x64, 0x6F, 0x6C, 0x61, 0x20, 0x4B, 0x69, 0x72, 0x69, 0x73, 0x6D, 0x61, 0x61, 0x73));
					break;
				case 41: 
				if (style == 1) return String(CharArray::of(0x53, 0x61, 0x2019, 0x61, 0x61, 0x74, 0x69, 0x69, 0x20, 0x4F, 0x64, 0x6F, 0x6C, 0x6F, 0x6F, 0x74, 0x61, 0x20, 0x4B, 0x6F, 0x6B, 0x6F, 0x73));
					break;
				case 42: 
				if (style == 0) return String(CharArray::of(0x53, 0x61, 0x2019, 0x61, 0x61, 0x74, 0x69, 0x69, 0x20, 0x4B, 0x6F, 0x6C, 0x6F, 0x6D, 0x62, 0x69, 0x79, 0x61, 0x61));
				if (style == 1) return String(CharArray::of(0x53, 0x61, 0x2019, 0x61, 0x61, 0x74, 0x69, 0x69, 0x20, 0x49, 0x73, 0x74, 0x61, 0x61, 0x6E, 0x64, 0x61, 0x61, 0x72, 0x64, 0x69, 0x69, 0x20, 0x4B, 0x6F, 0x6C, 0x6F, 0x6D, 0x62, 0x69, 0x79, 0x61, 0x61));
				if (style == 2) return String(CharArray::of(0x53, 0x61, 0x2019, 0x61, 0x61, 0x74, 0x69, 0x69, 0x20, 0x42, 0x6F, 0x6E, 0x61, 0x61, 0x20, 0x4B, 0x6F, 0x6C, 0x6F, 0x6D, 0x62, 0x69, 0x79, 0x61, 0x61));
					break;
				case 43: 
				if (style == 0) return String(CharArray::of(0x53, 0x61, 0x2019, 0x61, 0x61, 0x74, 0x69, 0x69, 0x20, 0x4F, 0x64, 0x6F, 0x6C, 0x6F, 0x6F, 0x74, 0x61, 0x20, 0x4B, 0x75, 0x75, 0x6B));
				if (style == 1) return String(CharArray::of(0x53, 0x61, 0x2019, 0x61, 0x61, 0x74, 0x69, 0x69, 0x20, 0x49, 0x73, 0x74, 0x61, 0x61, 0x6E, 0x64, 0x61, 0x61, 0x72, 0x64, 0x69, 0x69, 0x20, 0x4F, 0x64, 0x6F, 0x6C, 0x6F, 0x6F, 0x74, 0x61, 0x20, 0x4B, 0x75, 0x75, 0x6B));
				if (style == 2) return String(CharArray::of(0x53, 0x61, 0x2019, 0x61, 0x61, 0x74, 0x69, 0x69, 0x20, 0x42, 0x6F, 0x6E, 0x61, 0x20, 0x57, 0x61, 0x6C, 0x61, 0x6B, 0x6B, 0x61, 0x61, 0x20, 0x4F, 0x64, 0x6F, 0x6C, 0x6F, 0x6F, 0x74, 0x61, 0x20, 0x4B, 0x75, 0x75, 0x6B));
					break;
				case 44: 
				if (style == 0) return String(CharArray::of(0x53, 0x61, 0x2019, 0x61, 0x61, 0x74, 0x69, 0x69, 0x20, 0x4B, 0x75, 0x75, 0x62, 0x61, 0x61));
				if (style == 1) return String(CharArray::of(0x53, 0x61, 0x2019, 0x61, 0x61, 0x74, 0x69, 0x69, 0x20, 0x49, 0x73, 0x74, 0x61, 0x61, 0x6E, 0x64, 0x61, 0x61, 0x72, 0x64, 0x69, 0x69, 0x20, 0x4B, 0x75, 0x75, 0x62, 0x61, 0x61));
				if (style == 2) return String(CharArray::of(0x53, 0x61, 0x2019, 0x61, 0x61, 0x74, 0x69, 0x69, 0x20, 0x47, 0x75, 0x79, 0x79, 0x61, 0x61, 0x20, 0x4B, 0x75, 0x75, 0x62, 0x61, 0x61));
					break;
				case 45: 
				if (style == 1) return String(CharArray::of(0x53, 0x61, 0x2019, 0x61, 0x61, 0x74, 0x69, 0x69, 0x20, 0x44, 0x61, 0x61, 0x76, 0x69, 0x69, 0x73));
					break;
				case 46: 
				if (style == 1) return String(CharArray::of(0x53, 0x61, 0x2019, 0x61, 0x61, 0x74, 0x69, 0x69, 0x20, 0x44, 0x75, 0x6D, 0x6F, 0x6E, 0x74, 0x2D, 0x64, 0x2019, 0x55, 0x72, 0x76, 0x69, 0x6C, 0x6C, 0x65));
					break;
				case 47: 
				if (style == 1) return String(CharArray::of(0x53, 0x61, 0x2019, 0x61, 0x61, 0x74, 0x69, 0x69, 0x20, 0x54, 0x69, 0x69, 0x6D, 0x6F, 0x6F, 0x72, 0x20, 0x42, 0x61, 0x68, 0x61, 0x61));
					break;
				case 48: 
				if (style == 0) return String(CharArray::of(0x53, 0x61, 0x2019, 0x61, 0x61, 0x74, 0x69, 0x69, 0x20, 0x4F, 0x64, 0x6F, 0x6C, 0x61, 0x20, 0x42, 0x61, 0x68, 0x61, 0x61));
				if (style == 1) return String(CharArray::of(0x53, 0x61, 0x2019, 0x61, 0x61, 0x74, 0x69, 0x69, 0x20, 0x49, 0x73, 0x74, 0x61, 0x61, 0x6E, 0x64, 0x61, 0x61, 0x72, 0x64, 0x69, 0x69, 0x20, 0x4F, 0x64, 0x6F, 0x6C, 0x61, 0x20, 0x42, 0x61, 0x68, 0x61, 0x61));
				if (style == 2) return String(CharArray::of(0x53, 0x61, 0x2019, 0x61, 0x61, 0x74, 0x69, 0x69, 0x20, 0x42, 0x6F, 0x6E, 0x61, 0x61, 0x20, 0x4F, 0x64, 0x6F, 0x6C, 0x61, 0x20, 0x42, 0x61, 0x68, 0x61, 0x61));
					break;
				case 49: 
				if (style == 1) return String(CharArray::of(0x53, 0x61, 0x2019, 0x61, 0x61, 0x74, 0x69, 0x69, 0x20, 0x49, 0x6B, 0x6B, 0x75, 0x77, 0x61, 0x61, 0x64, 0x6F, 0x6F, 0x72));
					break;
				case 50: 
				if (style == 0) return String(CharArray::of(0x53, 0x61, 0x2019, 0x61, 0x61, 0x74, 0x69, 0x69, 0x20, 0x41, 0x77, 0x75, 0x72, 0x6F, 0x6F, 0x70, 0x70, 0x61, 0x61, 0x20, 0x47, 0x69, 0x64, 0x64, 0x75, 0x75, 0x67, 0x61, 0x6C, 0x65, 0x65, 0x73, 0x73, 0x61, 0x61));
				if (style == 1) return String(CharArray::of(0x53, 0x61, 0x2019, 0x61, 0x61, 0x74, 0x69, 0x69, 0x20, 0x49, 0x73, 0x74, 0x61, 0x61, 0x6E, 0x64, 0x61, 0x61, 0x72, 0x64, 0x69, 0x69, 0x20, 0x41, 0x77, 0x75, 0x72, 0x6F, 0x6F, 0x70, 0x70, 0x61, 0x61, 0x20, 0x47, 0x69, 0x64, 0x64, 0x75, 0x75, 0x67, 0x61, 0x6C, 0x65, 0x65, 0x73, 0x73, 0x61, 0x61));
				if (style == 2) return String(CharArray::of(0x53, 0x61, 0x2019, 0x61, 0x61, 0x74, 0x69, 0x69, 0x20, 0x42, 0x6F, 0x6E, 0x61, 0x61, 0x20, 0x41, 0x77, 0x75, 0x72, 0x6F, 0x6F, 0x70, 0x70, 0x61, 0x61, 0x20, 0x47, 0x69, 0x64, 0x64, 0x75, 0x75, 0x67, 0x61, 0x6C, 0x65, 0x65, 0x73, 0x73, 0x61, 0x61));
					break;
				case 51: 
				if (style == 0) return String(CharArray::of(0x53, 0x61, 0x61, 0x61, 0x74, 0x69, 0x69, 0x20, 0x41, 0x77, 0x75, 0x72, 0x6F, 0x6F, 0x70, 0x70, 0x61, 0x61, 0x20, 0x42, 0x61, 0x68, 0x61, 0x61));
				if (style == 1) return String(CharArray::of(0x53, 0x61, 0x2019, 0x61, 0x61, 0x74, 0x69, 0x69, 0x20, 0x49, 0x73, 0x74, 0x61, 0x61, 0x6E, 0x64, 0x61, 0x61, 0x72, 0x64, 0x69, 0x69, 0x20, 0x41, 0x77, 0x75, 0x72, 0x6F, 0x6F, 0x70, 0x70, 0x61, 0x61, 0x20, 0x42, 0x61, 0x68, 0x61, 0x61));
				if (style == 2) return String(CharArray::of(0x53, 0x61, 0x2019, 0x61, 0x61, 0x74, 0x69, 0x69, 0x20, 0x42, 0x6F, 0x6E, 0x61, 0x61, 0x20, 0x41, 0x77, 0x75, 0x72, 0x6F, 0x6F, 0x70, 0x70, 0x61, 0x61, 0x20, 0x42, 0x61, 0x68, 0x61, 0x61));
					break;
				case 52: 
				if (style == 1) return String(CharArray::of(0x53, 0x61, 0x2019, 0x61, 0x61, 0x74, 0x69, 0x69, 0x20, 0x41, 0x77, 0x75, 0x72, 0x6F, 0x6F, 0x70, 0x70, 0x61, 0x61, 0x20, 0x42, 0x61, 0x68, 0x61, 0x61, 0x20, 0x44, 0x61, 0x62, 0x61, 0x6C, 0x61, 0x74, 0x61, 0x61));
					break;
				case 53: 
				if (style == 0) return String(CharArray::of(0x53, 0x61, 0x2019, 0x61, 0x61, 0x74, 0x69, 0x69, 0x20, 0x41, 0x77, 0x75, 0x72, 0x6F, 0x6F, 0x70, 0x70, 0x61, 0x61, 0x20, 0x44, 0x68, 0x69, 0x68, 0x61, 0x61));
				if (style == 1) return String(CharArray::of(0x53, 0x61, 0x2019, 0x61, 0x61, 0x74, 0x69, 0x69, 0x20, 0x49, 0x73, 0x74, 0x61, 0x61, 0x6E, 0x64, 0x61, 0x61, 0x72, 0x64, 0x69, 0x69, 0x20, 0x41, 0x77, 0x75, 0x72, 0x6F, 0x6F, 0x70, 0x70, 0x61, 0x61, 0x20, 0x44, 0x68, 0x69, 0x68, 0x61, 0x61));
				if (style == 2) return String(CharArray::of(0x53, 0x61, 0x2019, 0x61, 0x61, 0x74, 0x69, 0x69, 0x20, 0x42, 0x6F, 0x6E, 0x61, 0x61, 0x20, 0x41, 0x77, 0x75, 0x72, 0x6F, 0x6F, 0x70, 0x70, 0x61, 0x61, 0x20, 0x44, 0x68, 0x69, 0x68, 0x61, 0x61));
					break;
				case 54: 
				if (style == 0) return String(CharArray::of(0x53, 0x61, 0x2019, 0x61, 0x61, 0x74, 0x69, 0x69, 0x20, 0x4F, 0x64, 0x6F, 0x6C, 0x6F, 0x6F, 0x74, 0x61, 0x20, 0x46, 0x61, 0x61, 0x6C, 0x6B, 0x6C, 0x61, 0x61, 0x6E, 0x64));
				if (style == 1) return String(CharArray::of(0x53, 0x61, 0x2019, 0x61, 0x61, 0x74, 0x69, 0x69, 0x20, 0x49, 0x73, 0x74, 0x61, 0x61, 0x6E, 0x64, 0x61, 0x61, 0x72, 0x64, 0x69, 0x69, 0x20, 0x4F, 0x64, 0x6F, 0x6C, 0x6F, 0x6F, 0x74, 0x61, 0x20, 0x46, 0x61, 0x61, 0x6C, 0x6B, 0x6C, 0x61, 0x61, 0x6E, 0x64));
				if (style == 2) return String(CharArray::of(0x53, 0x61, 0x2019, 0x61, 0x61, 0x74, 0x69, 0x69, 0x20, 0x42, 0x6F, 0x6E, 0x61, 0x61, 0x20, 0x4F, 0x64, 0x6F, 0x6C, 0x6F, 0x6F, 0x74, 0x61, 0x20, 0x46, 0x61, 0x61, 0x6C, 0x6B, 0x6C, 0x61, 0x61, 0x6E, 0x64));
					break;
				case 55: 
				if (style == 0) return String(CharArray::of(0x53, 0x61, 0x2019, 0x61, 0x61, 0x74, 0x69, 0x69, 0x20, 0x46, 0x69, 0x69, 0x6A, 0x69, 0x69));
				if (style == 1) return String(CharArray::of(0x53, 0x61, 0x2019, 0x61, 0x61, 0x74, 0x69, 0x69, 0x20, 0x49, 0x73, 0x74, 0x61, 0x61, 0x6E, 0x64, 0x61, 0x61, 0x72, 0x64, 0x69, 0x69, 0x20, 0x46, 0x69, 0x69, 0x6A, 0x69, 0x69));
				if (style == 2) return String(CharArray::of(0x53, 0x61, 0x2019, 0x61, 0x61, 0x74, 0x69, 0x69, 0x20, 0x42, 0x6F, 0x6E, 0x61, 0x61, 0x20, 0x46, 0x69, 0x69, 0x6A, 0x69, 0x69));
					break;
				case 56: 
				if (style == 1) return String(CharArray::of(0x53, 0x61, 0x2019, 0x61, 0x61, 0x74, 0x69, 0x69, 0x20, 0x46, 0x69, 0x72, 0x65, 0x65, 0x6E, 0x63, 0x68, 0x20, 0x47, 0x75, 0x79, 0x69, 0x6E, 0x61, 0x61));
					break;
				case 57: 
				if (style == 1) return String(CharArray::of(0x53, 0x61, 0x2019, 0x61, 0x61, 0x74, 0x69, 0x69, 0x20, 0x46, 0x69, 0x72, 0x61, 0x61, 0x6E, 0x73, 0x20, 0x4B, 0x69, 0x62, 0x62, 0x61, 0x61, 0x20, 0x66, 0x69, 0x20, 0x41, 0x6E, 0x74, 0x61, 0x61, 0x72, 0x6B, 0x74, 0x69, 0x6B, 0x61, 0x61));
					break;
				case 59: 
				if (style == 1) return String(CharArray::of(0x53, 0x61, 0x2019, 0x61, 0x61, 0x74, 0x69, 0x69, 0x20, 0x47, 0x61, 0x6C, 0x61, 0x61, 0x70, 0x61, 0x67, 0x6F, 0x6F, 0x73));
					break;
				case 60: 
				if (style == 1) return String(CharArray::of(0x53, 0x61, 0x2019, 0x61, 0x61, 0x74, 0x69, 0x69, 0x20, 0x47, 0x61, 0x61, 0x6D, 0x62, 0x69, 0x79, 0x65, 0x65, 0x72));
					break;
				case 61: 
				if (style == 0) return String(CharArray::of(0x53, 0x61, 0x2019, 0x61, 0x61, 0x74, 0x69, 0x69, 0x20, 0x4A, 0x6F, 0x6F, 0x72, 0x6A, 0x69, 0x79, 0x61, 0x61));
				if (style == 1) return String(CharArray::of(0x53, 0x61, 0x2019, 0x61, 0x61, 0x74, 0x69, 0x69, 0x20, 0x49, 0x73, 0x74, 0x61, 0x61, 0x6E, 0x64, 0x61, 0x61, 0x72, 0x64, 0x69, 0x69, 0x20, 0x4A, 0x6F, 0x6F, 0x72, 0x6A, 0x69, 0x79, 0x61, 0x61));
				if (style == 2) return String(CharArray::of(0x53, 0x61, 0x2019, 0x61, 0x61, 0x74, 0x69, 0x69, 0x20, 0x42, 0x6F, 0x6E, 0x61, 0x61, 0x20, 0x4A, 0x6F, 0x6F, 0x72, 0x6A, 0x69, 0x79, 0x61, 0x61));
					break;
				case 62: 
				if (style == 1) return String(CharArray::of(0x53, 0x61, 0x2019, 0x61, 0x61, 0x74, 0x69, 0x69, 0x20, 0x4F, 0x64, 0x6F, 0x6C, 0x6F, 0x6F, 0x74, 0x61, 0x20, 0x47, 0x69, 0x69, 0x6C, 0x62, 0x65, 0x72, 0x74));
					break;
				case 58: 
				if (style == 1) return String(CharArray::of(0x53, 0x61, 0x2019, 0x61, 0x61, 0x74, 0x69, 0x69, 0x20, 0x47, 0x69, 0x72, 0x69, 0x69, 0x6E, 0x77, 0x69, 0x69, 0x63, 0x68, 0x20, 0x47, 0x69, 0x64, 0x64, 0x75, 0x75, 0x67, 0x61, 0x6C, 0x65, 0x65, 0x73, 0x73, 0x61, 0x61));
					break;
				case 64: 
				if (style == 0) return String(CharArray::of(0x53, 0x61, 0x2019, 0x61, 0x61, 0x74, 0x69, 0x69, 0x20, 0x47, 0x69, 0x72, 0x69, 0x69, 0x6E, 0x6C, 0x61, 0x61, 0x6E, 0x64, 0x20, 0x42, 0x61, 0x68, 0x61, 0x61));
				if (style == 1) return String(CharArray::of(0x53, 0x61, 0x2019, 0x61, 0x61, 0x74, 0x69, 0x69, 0x20, 0x49, 0x73, 0x74, 0x61, 0x61, 0x6E, 0x64, 0x61, 0x61, 0x72, 0x64, 0x69, 0x69, 0x20, 0x47, 0x69, 0x72, 0x69, 0x69, 0x6E, 0x6C, 0x61, 0x61, 0x6E, 0x64, 0x20, 0x42, 0x61, 0x68, 0x61, 0x61));
				if (style == 2) return String(CharArray::of(0x53, 0x61, 0x2019, 0x61, 0x61, 0x74, 0x69, 0x69, 0x20, 0x42, 0x6F, 0x6E, 0x61, 0x61, 0x20, 0x47, 0x69, 0x72, 0x69, 0x69, 0x6E, 0x6C, 0x61, 0x61, 0x6E, 0x64, 0x20, 0x42, 0x61, 0x68, 0x61, 0x61));
					break;
				case 65: 
				if (style == 0) return String(CharArray::of(0x53, 0x61, 0x2019, 0x61, 0x61, 0x74, 0x69, 0x69, 0x20, 0x47, 0x69, 0x72, 0x69, 0x69, 0x6E, 0x6C, 0x61, 0x61, 0x6E, 0x64, 0x20, 0x44, 0x68, 0x69, 0x68, 0x61, 0x61));
				if (style == 1) return String(CharArray::of(0x53, 0x61, 0x2019, 0x61, 0x61, 0x74, 0x69, 0x69, 0x20, 0x49, 0x73, 0x74, 0x61, 0x61, 0x6E, 0x64, 0x61, 0x61, 0x72, 0x64, 0x69, 0x69, 0x20, 0x47, 0x69, 0x72, 0x69, 0x69, 0x6E, 0x6C, 0x61, 0x61, 0x6E, 0x64, 0x20, 0x44, 0x68, 0x69, 0x68, 0x61, 0x61));
				if (style == 2) return String(CharArray::of(0x53, 0x61, 0x2019, 0x61, 0x61, 0x74, 0x69, 0x69, 0x20, 0x42, 0x6F, 0x6E, 0x61, 0x61, 0x20, 0x47, 0x69, 0x72, 0x69, 0x69, 0x6E, 0x6C, 0x61, 0x61, 0x6E, 0x64, 0x20, 0x44, 0x68, 0x69, 0x68, 0x61, 0x61));
					break;
				case 66: 
				if (style == 1) return String(CharArray::of(0x53, 0x61, 0x2019, 0x61, 0x61, 0x74, 0x69, 0x69, 0x20, 0x49, 0x73, 0x74, 0x61, 0x61, 0x6E, 0x64, 0x61, 0x61, 0x72, 0x64, 0x69, 0x69, 0x20, 0x47, 0x75, 0x77, 0x61, 0x61, 0x6D));
					break;
				case 67: 
				if (style == 1) return String(CharArray::of(0x53, 0x61, 0x2019, 0x61, 0x61, 0x74, 0x69, 0x69, 0x20, 0x49, 0x73, 0x74, 0x61, 0x61, 0x6E, 0x64, 0x61, 0x61, 0x72, 0x64, 0x69, 0x69, 0x20, 0x47, 0x61, 0x61, 0x6C, 0x66, 0x69, 0x69));
					break;
				case 68: 
				if (style == 1) return String(CharArray::of(0x53, 0x61, 0x2019, 0x61, 0x61, 0x74, 0x69, 0x69, 0x20, 0x47, 0x75, 0x79, 0x61, 0x61, 0x6E, 0x61, 0x61));
					break;
				case 69: 
				if (style == 0) return String(CharArray::of(0x53, 0x61, 0x2019, 0x61, 0x61, 0x74, 0x69, 0x69, 0x20, 0x48, 0x61, 0x61, 0x77, 0x61, 0x79, 0x69, 0x2D, 0x41, 0x6C, 0x65, 0x77, 0x75, 0x74, 0x69, 0x79, 0x61, 0x6E));
				if (style == 1) return String(CharArray::of(0x53, 0x61, 0x2019, 0x61, 0x61, 0x74, 0x69, 0x69, 0x20, 0x49, 0x73, 0x74, 0x61, 0x61, 0x6E, 0x64, 0x61, 0x61, 0x72, 0x64, 0x69, 0x69, 0x20, 0x48, 0x61, 0x61, 0x77, 0x61, 0x79, 0x69, 0x2D, 0x41, 0x6C, 0x65, 0x77, 0x75, 0x74, 0x69, 0x79, 0x61, 0x6E));
				if (style == 2) return String(CharArray::of(0x53, 0x61, 0x2019, 0x61, 0x61, 0x74, 0x69, 0x69, 0x20, 0x47, 0x75, 0x79, 0x79, 0x61, 0x61, 0x20, 0x48, 0x61, 0x61, 0x77, 0x61, 0x79, 0x69, 0x2D, 0x41, 0x6C, 0x65, 0x77, 0x75, 0x74, 0x69, 0x79, 0x61, 0x6E));
				if (style == 3) return String(CharArray::of(0x48, 0x41, 0x54));
				if (style == 4) return String(CharArray::of(0x48, 0x41, 0x53));
				if (style == 5) return String(CharArray::of(0x48, 0x41, 0x44, 0x54));
					break;
				case 70: 
				if (style == 0) return String(CharArray::of(0x53, 0x61, 0x2019, 0x61, 0x61, 0x74, 0x69, 0x69, 0x20, 0x48, 0x6F, 0x6F, 0x6E, 0x67, 0x20, 0x4B, 0x6F, 0x6F, 0x6E, 0x67));
				if (style == 1) return String(CharArray::of(0x53, 0x61, 0x2019, 0x61, 0x61, 0x74, 0x69, 0x69, 0x20, 0x49, 0x73, 0x74, 0x61, 0x61, 0x6E, 0x64, 0x61, 0x61, 0x72, 0x64, 0x69, 0x69, 0x20, 0x48, 0x6F, 0x6F, 0x6E, 0x67, 0x20, 0x4B, 0x6F, 0x6F, 0x6E, 0x67));
				if (style == 2) return String(CharArray::of(0x53, 0x61, 0x2019, 0x61, 0x61, 0x74, 0x69, 0x69, 0x20, 0x42, 0x6F, 0x6E, 0x61, 0x61, 0x20, 0x48, 0x6F, 0x6F, 0x6E, 0x67, 0x20, 0x4B, 0x6F, 0x6F, 0x6E, 0x67));
					break;
				case 71: 
				if (style == 0) return String(CharArray::of(0x53, 0x61, 0x2019, 0x61, 0x61, 0x74, 0x69, 0x69, 0x20, 0x48, 0x6F, 0x6F, 0x76, 0x64));
				if (style == 1) return String(CharArray::of(0x53, 0x61, 0x2019, 0x61, 0x61, 0x74, 0x69, 0x69, 0x20, 0x49, 0x73, 0x74, 0x61, 0x61, 0x6E, 0x64, 0x61, 0x61, 0x72, 0x64, 0x69, 0x69, 0x20, 0x48, 0x6F, 0x6F, 0x76, 0x64));
				if (style == 2) return String(CharArray::of(0x53, 0x61, 0x2019, 0x61, 0x61, 0x74, 0x69, 0x69, 0x20, 0x42, 0x6F, 0x6E, 0x61, 0x61, 0x20, 0x48, 0x6F, 0x6F, 0x76, 0x64));
					break;
				case 72: 
				if (style == 1) return String(CharArray::of(0x53, 0x61, 0x2019, 0x61, 0x61, 0x74, 0x69, 0x69, 0x20, 0x49, 0x73, 0x74, 0x61, 0x61, 0x6E, 0x64, 0x61, 0x61, 0x72, 0x64, 0x69, 0x69, 0x20, 0x48, 0x69, 0x6E, 0x64, 0x69, 0x69));
					break;
				case 73: 
				if (style == 1) return String(CharArray::of(0x53, 0x61, 0x2019, 0x61, 0x61, 0x74, 0x69, 0x69, 0x20, 0x47, 0x61, 0x6C, 0x61, 0x61, 0x6E, 0x61, 0x20, 0x48, 0x69, 0x6E, 0x64, 0x69, 0x69));
					break;
				case 74: 
				if (style == 1) return String(CharArray::of(0x53, 0x61, 0x2019, 0x61, 0x61, 0x74, 0x69, 0x69, 0x20, 0x49, 0x6E, 0x64, 0x6F, 0x6F, 0x43, 0x68, 0x61, 0x61, 0x79, 0x69, 0x6E, 0x61, 0x61));
					break;
				case 75: 
				if (style == 1) return String(CharArray::of(0x53, 0x61, 0x2019, 0x61, 0x61, 0x74, 0x69, 0x69, 0x20, 0x49, 0x6E, 0x64, 0x6F, 0x6F, 0x6E, 0x65, 0x65, 0x73, 0x68, 0x69, 0x79, 0x61, 0x61, 0x20, 0x47, 0x69, 0x64, 0x64, 0x75, 0x75, 0x67, 0x61, 0x6C, 0x65, 0x65, 0x73, 0x73, 0x61, 0x61));
					break;
				case 76: 
				if (style == 1) return String(CharArray::of(0x53, 0x61, 0x2019, 0x61, 0x61, 0x74, 0x69, 0x69, 0x20, 0x49, 0x6E, 0x64, 0x6F, 0x6F, 0x6E, 0x65, 0x73, 0x68, 0x69, 0x79, 0x61, 0x61, 0x20, 0x42, 0x61, 0x68, 0x61, 0x61));
					break;
				case 77: 
				if (style == 1) return String(CharArray::of(0x53, 0x61, 0x2019, 0x61, 0x61, 0x74, 0x69, 0x69, 0x20, 0x49, 0x6E, 0x64, 0x6F, 0x6F, 0x6E, 0x65, 0x65, 0x73, 0x68, 0x69, 0x79, 0x61, 0x61, 0x20, 0x44, 0x68, 0x69, 0x68, 0x61, 0x61));
					break;
				case 78: 
				if (style == 0) return String(CharArray::of(0x53, 0x61, 0x2019, 0x61, 0x61, 0x74, 0x69, 0x69, 0x20, 0x49, 0x72, 0x61, 0x61, 0x6E));
				if (style == 1) return String(CharArray::of(0x53, 0x61, 0x2019, 0x61, 0x61, 0x74, 0x69, 0x69, 0x20, 0x49, 0x73, 0x74, 0x61, 0x61, 0x6E, 0x64, 0x61, 0x61, 0x72, 0x64, 0x69, 0x69, 0x20, 0x49, 0x72, 0x61, 0x61, 0x6E));
				if (style == 2) return String(CharArray::of(0x53, 0x61, 0x2019, 0x61, 0x61, 0x74, 0x69, 0x69, 0x20, 0x47, 0x75, 0x79, 0x79, 0x61, 0x61, 0x20, 0x49, 0x72, 0x61, 0x61, 0x6E));
					break;
				case 79: 
				if (style == 0) return String(CharArray::of(0x53, 0x61, 0x2019, 0x61, 0x61, 0x74, 0x69, 0x69, 0x20, 0x49, 0x72, 0x6B, 0x75, 0x74, 0x73, 0x6B));
				if (style == 1) return String(CharArray::of(0x53, 0x61, 0x2019, 0x61, 0x61, 0x74, 0x69, 0x69, 0x20, 0x49, 0x73, 0x74, 0x61, 0x61, 0x6E, 0x64, 0x61, 0x61, 0x72, 0x64, 0x69, 0x69, 0x20, 0x49, 0x72, 0x6B, 0x75, 0x74, 0x73, 0x6B));
				if (style == 2) return String(CharArray::of(0x53, 0x61, 0x2019, 0x61, 0x61, 0x74, 0x69, 0x69, 0x20, 0x42, 0x6F, 0x6E, 0x61, 0x61, 0x20, 0x49, 0x72, 0x6B, 0x75, 0x74, 0x73, 0x6B));
					break;
				case 80: 
				if (style == 0) return String(CharArray::of(0x53, 0x61, 0x2019, 0x61, 0x61, 0x74, 0x69, 0x69, 0x20, 0x49, 0x73, 0x72, 0x61, 0x61, 0x2019, 0x65, 0x65, 0x6C));
				if (style == 1) return String(CharArray::of(0x53, 0x61, 0x2019, 0x61, 0x61, 0x74, 0x69, 0x69, 0x20, 0x49, 0x73, 0x74, 0x61, 0x61, 0x6E, 0x64, 0x61, 0x61, 0x72, 0x64, 0x69, 0x69, 0x20, 0x49, 0x73, 0x72, 0x61, 0x61, 0x2019, 0x65, 0x65, 0x6C));
				if (style == 2) return String(CharArray::of(0x53, 0x61, 0x2019, 0x61, 0x61, 0x74, 0x69, 0x69, 0x20, 0x47, 0x75, 0x79, 0x79, 0x61, 0x61, 0x20, 0x49, 0x73, 0x72, 0x61, 0x61, 0x2019, 0x65, 0x65, 0x6C));
					break;
				case 81: 
				if (style == 0) return String(CharArray::of(0x53, 0x61, 0x2019, 0x61, 0x61, 0x74, 0x69, 0x69, 0x20, 0x4A, 0x61, 0x61, 0x70, 0x70, 0x61, 0x61, 0x6E));
				if (style == 1) return String(CharArray::of(0x53, 0x61, 0x2019, 0x61, 0x61, 0x74, 0x69, 0x69, 0x20, 0x49, 0x73, 0x74, 0x61, 0x61, 0x6E, 0x64, 0x61, 0x61, 0x72, 0x64, 0x69, 0x69, 0x20, 0x4A, 0x61, 0x61, 0x70, 0x70, 0x61, 0x61, 0x6E));
				if (style == 2) return String(CharArray::of(0x53, 0x61, 0x2019, 0x61, 0x61, 0x74, 0x69, 0x69, 0x20, 0x47, 0x75, 0x79, 0x79, 0x61, 0x61, 0x20, 0x4A, 0x61, 0x61, 0x70, 0x70, 0x61, 0x61, 0x6E));
					break;
				case 83: 
				if (style == 1) return String(CharArray::of(0x53, 0x61, 0x2019, 0x61, 0x61, 0x74, 0x69, 0x69, 0x20, 0x4B, 0x61, 0x61, 0x7A, 0x61, 0x61, 0x6B, 0x69, 0x73, 0x74, 0x61, 0x61, 0x6E));
					break;
				case 84: 
				if (style == 1) return String(CharArray::of(0x53, 0x61, 0x2019, 0x61, 0x61, 0x74, 0x69, 0x69, 0x20, 0x4B, 0x61, 0x61, 0x7A, 0x61, 0x61, 0x6B, 0x69, 0x73, 0x74, 0x61, 0x61, 0x6E, 0x20, 0x42, 0x61, 0x68, 0x61, 0x61));
					break;
				case 85: 
				if (style == 1) return String(CharArray::of(0x53, 0x61, 0x2019, 0x61, 0x61, 0x74, 0x69, 0x69, 0x20, 0x4B, 0x61, 0x61, 0x7A, 0x61, 0x61, 0x6B, 0x69, 0x73, 0x74, 0x61, 0x61, 0x6E, 0x20, 0x44, 0x68, 0x69, 0x68, 0x61, 0x61));
					break;
				case 86: 
				if (style == 0) return String(CharArray::of(0x53, 0x61, 0x2019, 0x61, 0x61, 0x74, 0x69, 0x69, 0x20, 0x4B, 0x6F, 0x6F, 0x72, 0x69, 0x79, 0x61, 0x61));
				if (style == 1) return String(CharArray::of(0x53, 0x61, 0x2019, 0x61, 0x61, 0x74, 0x69, 0x69, 0x20, 0x49, 0x73, 0x74, 0x61, 0x61, 0x6E, 0x64, 0x61, 0x61, 0x72, 0x64, 0x69, 0x69, 0x20, 0x4B, 0x6F, 0x6F, 0x72, 0x69, 0x79, 0x61, 0x61));
				if (style == 2) return String(CharArray::of(0x53, 0x61, 0x2019, 0x61, 0x61, 0x74, 0x69, 0x69, 0x20, 0x47, 0x75, 0x79, 0x79, 0x61, 0x61, 0x20, 0x4B, 0x6F, 0x6F, 0x72, 0x69, 0x79, 0x61, 0x61));
					break;
				case 87: 
				if (style == 1) return String(CharArray::of(0x53, 0x61, 0x2019, 0x61, 0x61, 0x74, 0x69, 0x69, 0x20, 0x4B, 0x6F, 0x6F, 0x73, 0x72, 0x65, 0x79, 0x61, 0x61));
					break;
				case 88: 
				if (style == 0) return String(CharArray::of(0x53, 0x61, 0x2019, 0x61, 0x61, 0x74, 0x69, 0x69, 0x20, 0x4B, 0x72, 0x61, 0x73, 0x6E, 0x6F, 0x79, 0x61, 0x72, 0x73, 0x6B));
				if (style == 1) return String(CharArray::of(0x53, 0x61, 0x2019, 0x61, 0x61, 0x74, 0x69, 0x69, 0x20, 0x49, 0x73, 0x74, 0x61, 0x61, 0x6E, 0x64, 0x61, 0x61, 0x72, 0x64, 0x69, 0x69, 0x20, 0x4B, 0x72, 0x61, 0x73, 0x6E, 0x6F, 0x79, 0x61, 0x72, 0x73, 0x6B));
				if (style == 2) return String(CharArray::of(0x53, 0x61, 0x2019, 0x61, 0x61, 0x74, 0x69, 0x69, 0x20, 0x42, 0x6F, 0x6E, 0x61, 0x61, 0x20, 0x4B, 0x72, 0x61, 0x73, 0x6E, 0x6F, 0x79, 0x61, 0x72, 0x73, 0x6B));
					break;
				case 89: 
				if (style == 1) return String(CharArray::of(0x53, 0x61, 0x2019, 0x61, 0x61, 0x74, 0x69, 0x69, 0x20, 0x4B, 0x69, 0x79, 0x69, 0x72, 0x69, 0x67, 0x69, 0x79, 0x69, 0x73, 0x74, 0x61, 0x6E));
					break;
				case 90: 
				if (style == 1) return String(CharArray::of(0x53, 0x61, 0x2019, 0x61, 0x61, 0x74, 0x69, 0x69, 0x20, 0x4C, 0x61, 0x61, 0x6E, 0x6B, 0x61, 0x61));
					break;
				case 91: 
				if (style == 1) return String(CharArray::of(0x53, 0x61, 0x2019, 0x61, 0x61, 0x74, 0x69, 0x69, 0x20, 0x4F, 0x64, 0x6F, 0x6C, 0x6F, 0x6F, 0x74, 0x61, 0x20, 0x4C, 0x69, 0x6E, 0x65));
					break;
				case 92: 
				if (style == 0) return String(CharArray::of(0x53, 0x61, 0x2019, 0x61, 0x61, 0x74, 0x69, 0x69, 0x20, 0x4C, 0x6F, 0x72, 0x64, 0x20, 0x48, 0x6F, 0x77, 0x65));
				if (style == 1) return String(CharArray::of(0x53, 0x61, 0x2019, 0x61, 0x61, 0x74, 0x69, 0x69, 0x20, 0x49, 0x73, 0x74, 0x61, 0x61, 0x6E, 0x64, 0x61, 0x61, 0x72, 0x64, 0x69, 0x69, 0x20, 0x4C, 0x6F, 0x72, 0x64, 0x20, 0x48, 0x6F, 0x77, 0x65));
				if (style == 2) return String(CharArray::of(0x53, 0x61, 0x2019, 0x61, 0x61, 0x74, 0x69, 0x69, 0x20, 0x47, 0x75, 0x79, 0x79, 0x61, 0x61, 0x20, 0x4C, 0x6F, 0x72, 0x64, 0x20, 0x48, 0x6F, 0x77, 0x65));
					break;
				case 94: 
				if (style == 0) return String(CharArray::of(0x53, 0x61, 0x2019, 0x61, 0x61, 0x74, 0x69, 0x69, 0x20, 0x4D, 0x61, 0x67, 0x61, 0x64, 0x61, 0x6E));
				if (style == 1) return String(CharArray::of(0x53, 0x61, 0x2019, 0x61, 0x61, 0x74, 0x69, 0x69, 0x20, 0x49, 0x73, 0x74, 0x61, 0x61, 0x6E, 0x64, 0x61, 0x61, 0x72, 0x64, 0x69, 0x69, 0x20, 0x4D, 0x61, 0x67, 0x61, 0x64, 0x61, 0x6E));
				if (style == 2) return String(CharArray::of(0x53, 0x61, 0x2019, 0x61, 0x61, 0x74, 0x69, 0x69, 0x20, 0x42, 0x6F, 0x6E, 0x61, 0x61, 0x20, 0x4D, 0x61, 0x67, 0x61, 0x64, 0x61, 0x6E));
					break;
				case 95: 
				if (style == 1) return String(CharArray::of(0x53, 0x61, 0x2019, 0x61, 0x61, 0x74, 0x69, 0x69, 0x20, 0x4D, 0x61, 0x61, 0x6C, 0x65, 0x65, 0x73, 0x68, 0x69, 0x79, 0x61, 0x61));
					break;
				case 96: 
				if (style == 1) return String(CharArray::of(0x53, 0x61, 0x2019, 0x61, 0x61, 0x74, 0x69, 0x69, 0x20, 0x4D, 0x61, 0x61, 0x6C, 0x64, 0x69, 0x69, 0x76, 0x73));
					break;
				case 97: 
				if (style == 1) return String(CharArray::of(0x53, 0x61, 0x2019, 0x61, 0x61, 0x74, 0x69, 0x69, 0x20, 0x4D, 0x61, 0x72, 0x71, 0x75, 0x65, 0x73, 0x61, 0x73));
					break;
				case 98: 
				if (style == 1) return String(CharArray::of(0x53, 0x61, 0x2019, 0x61, 0x61, 0x74, 0x69, 0x69, 0x20, 0x4F, 0x64, 0x6F, 0x6C, 0x6F, 0x6F, 0x74, 0x61, 0x20, 0x4D, 0x61, 0x61, 0x72, 0x73, 0x68, 0x61, 0x61, 0x6C));
					break;
				case 99: 
				if (style == 0) return String(CharArray::of(0x53, 0x61, 0x2019, 0x61, 0x61, 0x74, 0x69, 0x69, 0x20, 0x4D, 0x6F, 0x6F, 0x72, 0x69, 0x69, 0x73, 0x68, 0x69, 0x79, 0x65, 0x65, 0x73));
				if (style == 1) return String(CharArray::of(0x53, 0x61, 0x2019, 0x61, 0x61, 0x74, 0x69, 0x69, 0x20, 0x49, 0x73, 0x74, 0x61, 0x61, 0x6E, 0x64, 0x61, 0x61, 0x72, 0x64, 0x69, 0x69, 0x20, 0x4D, 0x6F, 0x6F, 0x72, 0x69, 0x73, 0x68, 0x69, 0x79, 0x65, 0x65, 0x73));
				if (style == 2) return String(CharArray::of(0x53, 0x61, 0x2019, 0x61, 0x61, 0x74, 0x69, 0x69, 0x20, 0x42, 0x6F, 0x6E, 0x61, 0x61, 0x20, 0x4D, 0x6F, 0x6F, 0x72, 0x69, 0x73, 0x68, 0x69, 0x79, 0x65, 0x65, 0x73));
					break;
				case 100: 
				if (style == 1) return String(CharArray::of(0x53, 0x61, 0x2019, 0x61, 0x61, 0x74, 0x69, 0x69, 0x20, 0x4D, 0x61, 0x77, 0x73, 0x6F, 0x6E));
					break;
				case 101: 
				if (style == 0) return String(CharArray::of(0x53, 0x61, 0x2019, 0x61, 0x61, 0x74, 0x69, 0x69, 0x20, 0x50, 0x61, 0x61, 0x73, 0x66, 0x69, 0x69, 0x6B, 0x20, 0x4D, 0x65, 0x6B, 0x73, 0x69, 0x69, 0x6B, 0x61, 0x61, 0x6E));
				if (style == 1) return String(CharArray::of(0x53, 0x61, 0x2019, 0x61, 0x61, 0x74, 0x69, 0x69, 0x20, 0x49, 0x73, 0x74, 0x61, 0x61, 0x6E, 0x64, 0x61, 0x61, 0x72, 0x64, 0x69, 0x69, 0x20, 0x50, 0x61, 0x61, 0x73, 0x66, 0x69, 0x69, 0x6B, 0x20, 0x4D, 0x65, 0x6B, 0x73, 0x69, 0x69, 0x6B, 0x61, 0x61, 0x6E));
				if (style == 2) return String(CharArray::of(0x53, 0x61, 0x2019, 0x61, 0x61, 0x74, 0x69, 0x69, 0x20, 0x47, 0x75, 0x79, 0x79, 0x61, 0x61, 0x20, 0x50, 0x61, 0x61, 0x73, 0x66, 0x69, 0x69, 0x6B, 0x20, 0x4D, 0x65, 0x6B, 0x73, 0x69, 0x69, 0x6B, 0x61, 0x61, 0x6E));
					break;
				case 102: 
				if (style == 0) return String(CharArray::of(0x53, 0x61, 0x2019, 0x61, 0x61, 0x74, 0x69, 0x69, 0x20, 0x55, 0x6C, 0x61, 0x61, 0x6E, 0x62, 0x61, 0x61, 0x74, 0x61, 0x72));
				if (style == 1) return String(CharArray::of(0x53, 0x61, 0x2019, 0x61, 0x61, 0x74, 0x69, 0x69, 0x20, 0x49, 0x73, 0x74, 0x61, 0x61, 0x6E, 0x64, 0x61, 0x61, 0x72, 0x64, 0x69, 0x69, 0x20, 0x55, 0x6C, 0x61, 0x61, 0x6E, 0x62, 0x61, 0x61, 0x74, 0x61, 0x72));
				if (style == 2) return String(CharArray::of(0x53, 0x61, 0x2019, 0x61, 0x61, 0x74, 0x69, 0x69, 0x20, 0x42, 0x6F, 0x6E, 0x61, 0x61, 0x20, 0x55, 0x6C, 0x61, 0x61, 0x6E, 0x62, 0x61, 0x61, 0x74, 0x61, 0x72));
					break;
				case 103: 
				if (style == 0) return String(CharArray::of(0x53, 0x61, 0x2019, 0x61, 0x61, 0x74, 0x69, 0x69, 0x20, 0x4D, 0x6F, 0x6F, 0x73, 0x6B, 0x6F, 0x6F));
				if (style == 1) return String(CharArray::of(0x53, 0x61, 0x2019, 0x61, 0x61, 0x74, 0x69, 0x69, 0x20, 0x49, 0x73, 0x74, 0x61, 0x61, 0x6E, 0x64, 0x61, 0x61, 0x72, 0x64, 0x69, 0x69, 0x20, 0x4D, 0x6F, 0x6F, 0x73, 0x6B, 0x6F, 0x6F));
				if (style == 2) return String(CharArray::of(0x53, 0x61, 0x2019, 0x61, 0x61, 0x74, 0x69, 0x69, 0x20, 0x42, 0x6F, 0x6E, 0x61, 0x61, 0x20, 0x4D, 0x6F, 0x6F, 0x73, 0x6B, 0x6F, 0x6F));
					break;
				case 104: 
				if (style == 1) return String(CharArray::of(0x53, 0x61, 0x2019, 0x61, 0x61, 0x74, 0x69, 0x69, 0x20, 0x4D, 0x61, 0x61, 0x79, 0x69, 0x6E, 0x61, 0x61, 0x6D, 0x61, 0x61, 0x72));
					break;
				case 105: 
				if (style == 1) return String(CharArray::of(0x53, 0x61, 0x2019, 0x61, 0x61, 0x74, 0x69, 0x69, 0x20, 0x4E, 0x61, 0x61, 0x77, 0x75, 0x72, 0x75, 0x75));
					break;
				case 106: 
				if (style == 1) return String(CharArray::of(0x53, 0x61, 0x2019, 0x61, 0x61, 0x74, 0x69, 0x69, 0x20, 0x4E, 0x65, 0x65, 0x70, 0x70, 0x61, 0x61, 0x6C));
					break;
				case 107: 
				if (style == 0) return String(CharArray::of(0x53, 0x61, 0x2019, 0x61, 0x61, 0x74, 0x69, 0x69, 0x20, 0x4B, 0x61, 0x61, 0x6C, 0x65, 0x64, 0x6F, 0x6F, 0x6E, 0x69, 0x79, 0x61, 0x61, 0x20, 0x48, 0x61, 0x61, 0x72, 0x61, 0x61));
				if (style == 1) return String(CharArray::of(0x53, 0x61, 0x2019, 0x61, 0x61, 0x74, 0x69, 0x69, 0x20, 0x49, 0x73, 0x74, 0x61, 0x61, 0x6E, 0x64, 0x61, 0x61, 0x72, 0x64, 0x69, 0x69, 0x20, 0x4B, 0x61, 0x61, 0x6C, 0x65, 0x64, 0x6F, 0x6F, 0x6E, 0x69, 0x79, 0x61, 0x61, 0x20, 0x48, 0x61, 0x61, 0x72, 0x61, 0x61));
				if (style == 2) return String(CharArray::of(0x53, 0x61, 0x2019, 0x61, 0x61, 0x74, 0x69, 0x69, 0x20, 0x42, 0x6F, 0x6E, 0x61, 0x61, 0x20, 0x4B, 0x61, 0x61, 0x6C, 0x65, 0x64, 0x6F, 0x6F, 0x6E, 0x69, 0x79, 0x61, 0x61, 0x20, 0x48, 0x61, 0x61, 0x72, 0x61, 0x61));
					break;
				case 108: 
				if (style == 0) return String(CharArray::of(0x53, 0x61, 0x2019, 0x61, 0x61, 0x74, 0x69, 0x69, 0x20, 0x4E, 0x65, 0x77, 0x20, 0x5A, 0x65, 0x61, 0x6C, 0x61, 0x6E, 0x64));
				if (style == 1) return String(CharArray::of(0x53, 0x61, 0x2019, 0x61, 0x61, 0x74, 0x69, 0x69, 0x20, 0x49, 0x73, 0x74, 0x61, 0x61, 0x6E, 0x64, 0x61, 0x61, 0x72, 0x64, 0x69, 0x69, 0x20, 0x4E, 0x65, 0x77, 0x20, 0x5A, 0x65, 0x61, 0x6C, 0x61, 0x6E, 0x64));
				if (style == 2) return String(CharArray::of(0x53, 0x61, 0x2019, 0x61, 0x61, 0x74, 0x69, 0x69, 0x20, 0x47, 0x75, 0x79, 0x79, 0x61, 0x61, 0x20, 0x4E, 0x65, 0x77, 0x20, 0x5A, 0x65, 0x61, 0x6C, 0x61, 0x6E, 0x64));
					break;
				case 109: 
				if (style == 0) return String(CharArray::of(0x53, 0x61, 0x2019, 0x61, 0x61, 0x74, 0x69, 0x69, 0x20, 0x4E, 0x65, 0x77, 0x75, 0x66, 0x61, 0x61, 0x77, 0x6F, 0x6E, 0x64, 0x6C, 0x61, 0x61, 0x6E, 0x64));
				if (style == 1) return String(CharArray::of(0x53, 0x61, 0x2019, 0x61, 0x61, 0x74, 0x69, 0x69, 0x20, 0x49, 0x73, 0x74, 0x61, 0x61, 0x6E, 0x64, 0x61, 0x61, 0x72, 0x64, 0x69, 0x69, 0x20, 0x4E, 0x65, 0x77, 0x75, 0x66, 0x61, 0x61, 0x77, 0x6F, 0x6E, 0x64, 0x6C, 0x61, 0x61, 0x6E, 0x64));
				if (style == 2) return String(CharArray::of(0x53, 0x61, 0x2019, 0x61, 0x61, 0x74, 0x69, 0x69, 0x20, 0x47, 0x75, 0x79, 0x79, 0x61, 0x61, 0x20, 0x4E, 0x65, 0x77, 0x75, 0x66, 0x61, 0x61, 0x77, 0x6F, 0x6E, 0x64, 0x6C, 0x61, 0x61, 0x6E, 0x64));
					break;
				case 110: 
				if (style == 1) return String(CharArray::of(0x53, 0x61, 0x2019, 0x61, 0x61, 0x74, 0x69, 0x69, 0x20, 0x4E, 0x69, 0x75, 0x65));
					break;
				case 111: 
				if (style == 0) return String(CharArray::of(0x53, 0x61, 0x2019, 0x61, 0x61, 0x74, 0x69, 0x69, 0x20, 0x4E, 0x6F, 0x72, 0x66, 0x6F, 0x6C, 0x6B, 0x20, 0x49, 0x73, 0x6C, 0x61, 0x6E, 0x64));
				if (style == 1) return String(CharArray::of(0x53, 0x61, 0x2019, 0x61, 0x61, 0x74, 0x69, 0x69, 0x20, 0x49, 0x73, 0x74, 0x61, 0x61, 0x6E, 0x64, 0x61, 0x61, 0x72, 0x64, 0x69, 0x69, 0x20, 0x4E, 0x6F, 0x72, 0x66, 0x6F, 0x6C, 0x6B, 0x20, 0x49, 0x73, 0x6C, 0x61, 0x6E, 0x64));
				if (style == 2) return String(CharArray::of(0x53, 0x61, 0x2019, 0x61, 0x61, 0x74, 0x69, 0x69, 0x20, 0x47, 0x75, 0x79, 0x79, 0x61, 0x61, 0x20, 0x4E, 0x6F, 0x72, 0x66, 0x6F, 0x6C, 0x6B, 0x20, 0x49, 0x73, 0x6C, 0x61, 0x6E, 0x64));
					break;
				case 112: 
				if (style == 0) return String(CharArray::of(0x53, 0x61, 0x2019, 0x61, 0x61, 0x74, 0x69, 0x69, 0x20, 0x46, 0x65, 0x72, 0x6E, 0x61, 0x6E, 0x64, 0x6F, 0x20, 0x64, 0x65, 0x20, 0x4E, 0x6F, 0x72, 0x6F, 0x6E, 0x68, 0x61));
				if (style == 1) return String(CharArray::of(0x53, 0x61, 0x2019, 0x61, 0x61, 0x74, 0x69, 0x69, 0x20, 0x49, 0x73, 0x74, 0x61, 0x61, 0x6E, 0x64, 0x61, 0x61, 0x72, 0x64, 0x69, 0x69, 0x20, 0x46, 0x65, 0x72, 0x6E, 0x61, 0x6E, 0x64, 0x6F, 0x20, 0x64, 0x65, 0x20, 0x4E, 0x6F, 0x72, 0x6F, 0x6E, 0x68, 0x61));
				if (style == 2) return String(CharArray::of(0x53, 0x61, 0x2019, 0x61, 0x61, 0x74, 0x69, 0x69, 0x20, 0x42, 0x6F, 0x6E, 0x61, 0x61, 0x20, 0x46, 0x65, 0x72, 0x6E, 0x61, 0x6E, 0x64, 0x6F, 0x20, 0x64, 0x65, 0x20, 0x4E, 0x6F, 0x72, 0x6F, 0x6E, 0x68, 0x61));
					break;
				case 113: 
				if (style == 1) return String(CharArray::of(0x53, 0x61, 0x2019, 0x61, 0x61, 0x74, 0x69, 0x69, 0x20, 0x4F, 0x64, 0x6F, 0x6C, 0x6F, 0x6F, 0x74, 0x61, 0x20, 0x4D, 0x61, 0x61, 0x72, 0x69, 0x79, 0x61, 0x61, 0x6E, 0x61, 0x61, 0x20, 0x4B, 0x61, 0x61, 0x62, 0x61, 0x61));
					break;
				case 114: 
				if (style == 0) return String(CharArray::of(0x53, 0x61, 0x2019, 0x61, 0x61, 0x74, 0x69, 0x69, 0x20, 0x4E, 0x6F, 0x76, 0x6F, 0x73, 0x69, 0x62, 0x69, 0x72, 0x69, 0x73, 0x6B));
				if (style == 1) return String(CharArray::of(0x53, 0x61, 0x2019, 0x61, 0x61, 0x74, 0x69, 0x69, 0x20, 0x49, 0x73, 0x74, 0x61, 0x61, 0x6E, 0x64, 0x61, 0x61, 0x72, 0x64, 0x69, 0x69, 0x20, 0x4E, 0x6F, 0x76, 0x6F, 0x73, 0x69, 0x62, 0x69, 0x72, 0x69, 0x73, 0x6B));
				if (style == 2) return String(CharArray::of(0x53, 0x61, 0x2019, 0x61, 0x61, 0x74, 0x69, 0x69, 0x20, 0x42, 0x6F, 0x6E, 0x61, 0x61, 0x20, 0x4E, 0x6F, 0x76, 0x6F, 0x73, 0x69, 0x62, 0x69, 0x72, 0x69, 0x73, 0x6B));
					break;
				case 115: 
				if (style == 0) return String(CharArray::of(0x53, 0x61, 0x2019, 0x61, 0x61, 0x74, 0x69, 0x69, 0x20, 0x4F, 0x6D, 0x73, 0x6B));
				if (style == 1) return String(CharArray::of(0x53, 0x61, 0x2019, 0x61, 0x61, 0x74, 0x69, 0x69, 0x20, 0x49, 0x73, 0x74, 0x61, 0x61, 0x6E, 0x64, 0x61, 0x61, 0x72, 0x64, 0x69, 0x69, 0x20, 0x4F, 0x6D, 0x73, 0x6B));
				if (style == 2) return String(CharArray::of(0x53, 0x61, 0x2019, 0x61, 0x61, 0x74, 0x69, 0x69, 0x20, 0x42, 0x6F, 0x6E, 0x61, 0x61, 0x20, 0x4F, 0x6D, 0x73, 0x6B));
					break;
				case 116: 
				if (style == 0) return String(CharArray::of(0x53, 0x61, 0x2019, 0x61, 0x61, 0x74, 0x69, 0x69, 0x20, 0x50, 0x61, 0x61, 0x6B, 0x69, 0x73, 0x74, 0x61, 0x61, 0x6E));
				if (style == 1) return String(CharArray::of(0x53, 0x61, 0x2019, 0x61, 0x61, 0x74, 0x69, 0x69, 0x20, 0x49, 0x73, 0x74, 0x61, 0x61, 0x6E, 0x64, 0x61, 0x61, 0x72, 0x64, 0x69, 0x69, 0x20, 0x50, 0x61, 0x61, 0x6B, 0x69, 0x73, 0x74, 0x61, 0x61, 0x6E));
				if (style == 2) return String(CharArray::of(0x53, 0x61, 0x2019, 0x61, 0x61, 0x74, 0x69, 0x69, 0x20, 0x42, 0x6F, 0x6E, 0x61, 0x61, 0x20, 0x50, 0x61, 0x61, 0x6B, 0x69, 0x73, 0x74, 0x61, 0x61, 0x6E));
					break;
				case 117: 
				if (style == 1) return String(CharArray::of(0x53, 0x61, 0x2019, 0x61, 0x61, 0x74, 0x69, 0x69, 0x20, 0x50, 0x61, 0x6C, 0x61, 0x77, 0x75));
					break;
				case 118: 
				if (style == 1) return String(CharArray::of(0x53, 0x61, 0x2019, 0x61, 0x61, 0x74, 0x69, 0x69, 0x20, 0x50, 0x61, 0x61, 0x70, 0x75, 0x77, 0x61, 0x61, 0x20, 0x47, 0x69, 0x69, 0x6E, 0x69, 0x69, 0x20, 0x48, 0x61, 0x61, 0x72, 0x61, 0x61));
					break;
				case 119: 
				if (style == 0) return String(CharArray::of(0x53, 0x61, 0x2019, 0x61, 0x61, 0x74, 0x69, 0x69, 0x20, 0x50, 0x61, 0x61, 0x72, 0x61, 0x61, 0x67, 0x75, 0x77, 0x61, 0x61, 0x79, 0x69));
				if (style == 1) return String(CharArray::of(0x53, 0x61, 0x2019, 0x61, 0x61, 0x74, 0x69, 0x69, 0x20, 0x49, 0x73, 0x74, 0x61, 0x61, 0x6E, 0x64, 0x61, 0x61, 0x72, 0x64, 0x69, 0x69, 0x20, 0x50, 0x61, 0x61, 0x72, 0x61, 0x61, 0x67, 0x75, 0x77, 0x61, 0x61, 0x79, 0x69));
				if (style == 2) return String(CharArray::of(0x53, 0x61, 0x2019, 0x61, 0x61, 0x74, 0x69, 0x69, 0x20, 0x42, 0x6F, 0x6E, 0x61, 0x61, 0x20, 0x50, 0x61, 0x61, 0x72, 0x61, 0x61, 0x67, 0x75, 0x77, 0x61, 0x61, 0x79, 0x69));
					break;
				case 120: 
				if (style == 0) return String(CharArray::of(0x53, 0x61, 0x2019, 0x61, 0x61, 0x74, 0x69, 0x69, 0x20, 0x50, 0x65, 0x65, 0x72, 0x75, 0x75));
				if (style == 1) return String(CharArray::of(0x53, 0x61, 0x2019, 0x61, 0x61, 0x74, 0x69, 0x69, 0x20, 0x49, 0x73, 0x74, 0x61, 0x61, 0x6E, 0x64, 0x61, 0x61, 0x72, 0x64, 0x69, 0x69, 0x20, 0x50, 0x65, 0x65, 0x72, 0x75, 0x75));
				if (style == 2) return String(CharArray::of(0x53, 0x61, 0x2019, 0x61, 0x61, 0x74, 0x69, 0x69, 0x20, 0x42, 0x6F, 0x6E, 0x61, 0x61, 0x20, 0x50, 0x65, 0x65, 0x72, 0x75, 0x75));
					break;
				case 121: 
				if (style == 0) return String(CharArray::of(0x53, 0x61, 0x2019, 0x61, 0x61, 0x74, 0x69, 0x69, 0x20, 0x46, 0x69, 0x6C, 0x69, 0x70, 0x70, 0x69, 0x69, 0x6E, 0x73));
				if (style == 1) return String(CharArray::of(0x53, 0x61, 0x2019, 0x61, 0x61, 0x74, 0x69, 0x69, 0x20, 0x49, 0x73, 0x74, 0x61, 0x61, 0x6E, 0x64, 0x61, 0x61, 0x72, 0x64, 0x69, 0x69, 0x20, 0x46, 0x69, 0x6C, 0x69, 0x70, 0x70, 0x69, 0x69, 0x6E, 0x73));
				if (style == 2) return String(CharArray::of(0x53, 0x61, 0x2019, 0x61, 0x61, 0x74, 0x69, 0x69, 0x20, 0x42, 0x6F, 0x6E, 0x61, 0x61, 0x20, 0x46, 0x69, 0x6C, 0x69, 0x70, 0x70, 0x69, 0x69, 0x6E, 0x73));
					break;
				case 122: 
				if (style == 1) return String(CharArray::of(0x53, 0x61, 0x2019, 0x61, 0x61, 0x74, 0x69, 0x69, 0x20, 0x4F, 0x64, 0x6F, 0x6C, 0x6F, 0x6F, 0x74, 0x61, 0x20, 0x46, 0x6F, 0x6F, 0x6E, 0x65, 0x65, 0x6B, 0x73));
					break;
				case 123: 
				if (style == 0) return String(CharArray::of(0x53, 0x61, 0x2019, 0x61, 0x61, 0x74, 0x69, 0x69, 0x20, 0x51, 0x6C, 0x2E, 0x20, 0x50, 0x69, 0x79, 0x65, 0x65, 0x72, 0x65, 0x65, 0x20, 0x66, 0x69, 0x20, 0x4D, 0x69, 0x6B, 0x75, 0x79, 0x65, 0x6C, 0x6F));
				if (style == 1) return String(CharArray::of(0x53, 0x61, 0x2019, 0x61, 0x61, 0x74, 0x69, 0x69, 0x20, 0x49, 0x73, 0x74, 0x61, 0x61, 0x6E, 0x64, 0x61, 0x61, 0x72, 0x64, 0x69, 0x69, 0x20, 0x51, 0x6C, 0x2E, 0x20, 0x50, 0x69, 0x79, 0x65, 0x65, 0x72, 0x65, 0x65, 0x20, 0x66, 0x69, 0x20, 0x4D, 0x69, 0x6B, 0x75, 0x79, 0x65, 0x6C, 0x6F));
				if (style == 2) return String(CharArray::of(0x53, 0x61, 0x2019, 0x61, 0x61, 0x74, 0x69, 0x69, 0x20, 0x47, 0x75, 0x79, 0x79, 0x61, 0x61, 0x20, 0x51, 0x6C, 0x2E, 0x20, 0x50, 0x69, 0x79, 0x65, 0x65, 0x72, 0x65, 0x65, 0x20, 0x66, 0x69, 0x20, 0x4D, 0x69, 0x6B, 0x75, 0x79, 0x65, 0x6C, 0x6F));
					break;
				case 124: 
				if (style == 1) return String(CharArray::of(0x53, 0x61, 0x2019, 0x61, 0x61, 0x74, 0x69, 0x69, 0x20, 0x50, 0x69, 0x74, 0x63, 0x61, 0x69, 0x72, 0x6E));
					break;
				case 125: 
				if (style == 1) return String(CharArray::of(0x53, 0x61, 0x2019, 0x61, 0x61, 0x74, 0x69, 0x69, 0x20, 0x50, 0x6F, 0x6E, 0x61, 0x70, 0x65));
					break;
				case 126: 
				if (style == 1) return String(CharArray::of(0x53, 0x61, 0x2019, 0x61, 0x61, 0x74, 0x69, 0x69, 0x20, 0x50, 0x69, 0x79, 0x6F, 0x6F, 0x6E, 0x67, 0x79, 0x61, 0x61, 0x6E, 0x67));
					break;
				case 128: 
				if (style == 1) return String(CharArray::of(0x53, 0x61, 0x2019, 0x61, 0x61, 0x74, 0x69, 0x69, 0x20, 0x52, 0x69, 0x69, 0x79, 0x75, 0x75, 0x6E, 0x69, 0x79, 0x65, 0x65, 0x6E));
					break;
				case 129: 
				if (style == 1) return String(CharArray::of(0x53, 0x61, 0x2019, 0x61, 0x61, 0x74, 0x69, 0x69, 0x20, 0x52, 0x6F, 0x74, 0x68, 0x65, 0x72, 0x61));
					break;
				case 130: 
				if (style == 0) return String(CharArray::of(0x53, 0x61, 0x2019, 0x61, 0x61, 0x74, 0x69, 0x69, 0x20, 0x53, 0x61, 0x6B, 0x68, 0x61, 0x6C, 0x69, 0x6E));
				if (style == 1) return String(CharArray::of(0x53, 0x61, 0x2019, 0x61, 0x61, 0x74, 0x69, 0x69, 0x20, 0x49, 0x73, 0x74, 0x61, 0x61, 0x6E, 0x64, 0x61, 0x61, 0x72, 0x64, 0x69, 0x69, 0x20, 0x53, 0x61, 0x6B, 0x68, 0x61, 0x6C, 0x69, 0x6E));
				if (style == 2) return String(CharArray::of(0x53, 0x61, 0x2019, 0x61, 0x61, 0x74, 0x69, 0x69, 0x20, 0x42, 0x6F, 0x6E, 0x61, 0x61, 0x20, 0x53, 0x61, 0x6B, 0x68, 0x61, 0x6C, 0x69, 0x6E));
					break;
				case 132: 
				if (style == 0) return String(CharArray::of(0x53, 0x61, 0x2019, 0x61, 0x61, 0x74, 0x69, 0x69, 0x20, 0x53, 0x61, 0x61, 0x6D, 0x6F, 0x77, 0x61, 0x61));
				if (style == 1) return String(CharArray::of(0x53, 0x61, 0x2019, 0x61, 0x61, 0x74, 0x69, 0x69, 0x20, 0x49, 0x73, 0x74, 0x61, 0x61, 0x6E, 0x64, 0x61, 0x61, 0x72, 0x64, 0x69, 0x69, 0x20, 0x53, 0x61, 0x61, 0x6D, 0x6F, 0x77, 0x61, 0x61));
				if (style == 2) return String(CharArray::of(0x53, 0x61, 0x2019, 0x61, 0x61, 0x74, 0x69, 0x69, 0x20, 0x47, 0x75, 0x79, 0x79, 0x61, 0x61, 0x20, 0x53, 0x61, 0x61, 0x6D, 0x6F, 0x77, 0x61, 0x61));
					break;
				case 133: 
				if (style == 1) return String(CharArray::of(0x53, 0x61, 0x2019, 0x61, 0x61, 0x74, 0x69, 0x69, 0x20, 0x53, 0x69, 0x69, 0x73, 0x68, 0x65, 0x65, 0x6C, 0x73));
					break;
				case 134: 
				if (style == 1) return String(CharArray::of(0x53, 0x61, 0x2019, 0x61, 0x61, 0x74, 0x69, 0x69, 0x20, 0x49, 0x73, 0x74, 0x61, 0x61, 0x6E, 0x64, 0x61, 0x61, 0x72, 0x64, 0x69, 0x69, 0x20, 0x53, 0x69, 0x6E, 0x67, 0x61, 0x61, 0x70, 0x6F, 0x6F, 0x72));
					break;
				case 135: 
				if (style == 1) return String(CharArray::of(0x53, 0x61, 0x2019, 0x61, 0x61, 0x74, 0x69, 0x69, 0x20, 0x4F, 0x64, 0x6F, 0x6C, 0x6F, 0x6F, 0x74, 0x61, 0x20, 0x53, 0x6F, 0x6C, 0x6F, 0x6D, 0x6F, 0x6F, 0x6E));
					break;
				case 136: 
				if (style == 1) return String(CharArray::of(0x53, 0x61, 0x2019, 0x61, 0x61, 0x74, 0x69, 0x69, 0x20, 0x4A, 0x6F, 0x6F, 0x72, 0x6A, 0x69, 0x79, 0x61, 0x61, 0x20, 0x4B, 0x69, 0x62, 0x62, 0x61, 0x61));
					break;
				case 137: 
				if (style == 1) return String(CharArray::of(0x53, 0x61, 0x2019, 0x61, 0x61, 0x74, 0x69, 0x69, 0x20, 0x53, 0x75, 0x72, 0x69, 0x6E, 0x61, 0x61, 0x6D, 0x65));
					break;
				case 138: 
				if (style == 1) return String(CharArray::of(0x53, 0x61, 0x2019, 0x61, 0x61, 0x74, 0x69, 0x69, 0x20, 0x53, 0x79, 0x6F, 0x77, 0x61));
					break;
				case 139: 
				if (style == 1) return String(CharArray::of(0x53, 0x61, 0x2019, 0x61, 0x61, 0x74, 0x69, 0x69, 0x20, 0x54, 0x61, 0x68, 0x69, 0x74, 0x69));
					break;
				case 140: 
				if (style == 0) return String(CharArray::of(0x53, 0x61, 0x2019, 0x61, 0x61, 0x74, 0x69, 0x69, 0x20, 0x54, 0x61, 0x79, 0x69, 0x70, 0x65, 0x79, 0x69));
				if (style == 1) return String(CharArray::of(0x53, 0x61, 0x2019, 0x61, 0x61, 0x74, 0x69, 0x69, 0x20, 0x49, 0x73, 0x74, 0x61, 0x61, 0x6E, 0x64, 0x61, 0x61, 0x72, 0x64, 0x69, 0x69, 0x20, 0x54, 0x61, 0x79, 0x69, 0x70, 0x65, 0x79, 0x69));
				if (style == 2) return String(CharArray::of(0x53, 0x61, 0x2019, 0x61, 0x61, 0x74, 0x69, 0x69, 0x20, 0x47, 0x75, 0x79, 0x79, 0x61, 0x61, 0x20, 0x54, 0x61, 0x79, 0x69, 0x70, 0x65, 0x79, 0x69));
					break;
				case 141: 
				if (style == 1) return String(CharArray::of(0x53, 0x61, 0x2019, 0x61, 0x61, 0x74, 0x69, 0x69, 0x20, 0x54, 0x61, 0x6A, 0x69, 0x6B, 0x69, 0x73, 0x74, 0x61, 0x61, 0x6E));
					break;
				case 142: 
				if (style == 1) return String(CharArray::of(0x53, 0x61, 0x2019, 0x61, 0x61, 0x74, 0x69, 0x69, 0x20, 0x54, 0x61, 0x6B, 0x65, 0x6C, 0x61, 0x77, 0x75));
					break;
				case 143: 
				if (style == 0) return String(CharArray::of(0x53, 0x61, 0x2019, 0x61, 0x61, 0x74, 0x69, 0x69, 0x20, 0x54, 0x6F, 0x6E, 0x67, 0x61));
				if (style == 1) return String(CharArray::of(0x53, 0x61, 0x2019, 0x61, 0x61, 0x74, 0x69, 0x69, 0x20, 0x49, 0x73, 0x74, 0x61, 0x61, 0x6E, 0x64, 0x61, 0x61, 0x72, 0x64, 0x69, 0x69, 0x20, 0x54, 0x6F, 0x6E, 0x67, 0x61));
				if (style == 2) return String(CharArray::of(0x53, 0x61, 0x2019, 0x61, 0x61, 0x74, 0x69, 0x69, 0x20, 0x42, 0x6F, 0x6E, 0x61, 0x61, 0x20, 0x54, 0x6F, 0x6E, 0x67, 0x61));
					break;
				case 144: 
				if (style == 1) return String(CharArray::of(0x53, 0x61, 0x2019, 0x61, 0x61, 0x74, 0x69, 0x69, 0x20, 0x43, 0x68, 0x75, 0x75, 0x6B));
					break;
				case 145: 
				if (style == 0) return String(CharArray::of(0x53, 0x61, 0x2019, 0x61, 0x61, 0x74, 0x69, 0x69, 0x20, 0x54, 0x75, 0x72, 0x6B, 0x65, 0x6D, 0x65, 0x6E, 0x69, 0x73, 0x74, 0x61, 0x61, 0x6E));
				if (style == 1) return String(CharArray::of(0x53, 0x61, 0x2019, 0x61, 0x61, 0x74, 0x69, 0x69, 0x20, 0x49, 0x73, 0x74, 0x61, 0x61, 0x6E, 0x64, 0x61, 0x61, 0x72, 0x64, 0x69, 0x69, 0x20, 0x54, 0x75, 0x72, 0x6B, 0x65, 0x6D, 0x65, 0x6E, 0x69, 0x73, 0x74, 0x61, 0x61, 0x6E));
				if (style == 2) return String(CharArray::of(0x53, 0x61, 0x2019, 0x61, 0x61, 0x74, 0x69, 0x69, 0x20, 0x42, 0x6F, 0x6E, 0x61, 0x61, 0x20, 0x54, 0x75, 0x72, 0x6B, 0x65, 0x6D, 0x65, 0x6E, 0x69, 0x73, 0x74, 0x61, 0x61, 0x6E));
					break;
				case 146: 
				if (style == 1) return String(CharArray::of(0x53, 0x61, 0x2019, 0x61, 0x61, 0x74, 0x69, 0x69, 0x20, 0x54, 0x75, 0x76, 0x61, 0x6C, 0x75));
					break;
				case 147: 
				if (style == 0) return String(CharArray::of(0x53, 0x61, 0x2019, 0x61, 0x61, 0x74, 0x69, 0x69, 0x20, 0x59, 0x75, 0x72, 0x61, 0x61, 0x67, 0x61, 0x61, 0x79, 0x69));
				if (style == 1) return String(CharArray::of(0x53, 0x61, 0x2019, 0x61, 0x61, 0x74, 0x69, 0x69, 0x20, 0x49, 0x73, 0x74, 0x61, 0x61, 0x6E, 0x64, 0x61, 0x61, 0x72, 0x64, 0x69, 0x69, 0x20, 0x59, 0x75, 0x72, 0x61, 0x61, 0x67, 0x61, 0x61, 0x79, 0x69));
				if (style == 2) return String(CharArray::of(0x53, 0x61, 0x2019, 0x61, 0x61, 0x74, 0x69, 0x69, 0x20, 0x42, 0x6F, 0x6E, 0x61, 0x61, 0x20, 0x59, 0x75, 0x72, 0x61, 0x61, 0x67, 0x61, 0x61, 0x79, 0x69));
					break;
				case 148: 
				if (style == 0) return String(CharArray::of(0x53, 0x61, 0x2019, 0x61, 0x61, 0x74, 0x69, 0x69, 0x20, 0x55, 0x7A, 0x62, 0x65, 0x65, 0x6B, 0x69, 0x73, 0x74, 0x61, 0x61, 0x6E));
				if (style == 1) return String(CharArray::of(0x53, 0x61, 0x2019, 0x61, 0x61, 0x74, 0x69, 0x69, 0x20, 0x49, 0x73, 0x74, 0x61, 0x61, 0x6E, 0x64, 0x61, 0x61, 0x72, 0x64, 0x69, 0x69, 0x20, 0x55, 0x7A, 0x62, 0x65, 0x65, 0x6B, 0x69, 0x73, 0x74, 0x61, 0x61, 0x6E));
				if (style == 2) return String(CharArray::of(0x53, 0x61, 0x2019, 0x61, 0x61, 0x74, 0x69, 0x69, 0x20, 0x42, 0x6F, 0x6E, 0x61, 0x61, 0x20, 0x55, 0x7A, 0x62, 0x65, 0x65, 0x6B, 0x69, 0x73, 0x74, 0x61, 0x61, 0x6E));
					break;
				case 149: 
				if (style == 0) return String(CharArray::of(0x53, 0x61, 0x2019, 0x61, 0x61, 0x74, 0x69, 0x69, 0x20, 0x56, 0x61, 0x6E, 0x75, 0x77, 0x61, 0x74, 0x75));
				if (style == 1) return String(CharArray::of(0x53, 0x61, 0x2019, 0x61, 0x61, 0x74, 0x69, 0x69, 0x20, 0x49, 0x73, 0x74, 0x61, 0x61, 0x6E, 0x64, 0x61, 0x61, 0x72, 0x64, 0x69, 0x69, 0x20, 0x56, 0x61, 0x6E, 0x75, 0x77, 0x61, 0x74, 0x75));
				if (style == 2) return String(CharArray::of(0x53, 0x61, 0x2019, 0x61, 0x61, 0x74, 0x69, 0x69, 0x20, 0x42, 0x6F, 0x6E, 0x61, 0x61, 0x20, 0x56, 0x61, 0x6E, 0x75, 0x77, 0x61, 0x74, 0x75));
					break;
				case 150: 
				if (style == 1) return String(CharArray::of(0x53, 0x61, 0x2019, 0x61, 0x61, 0x74, 0x69, 0x69, 0x20, 0x56, 0x65, 0x65, 0x6E, 0x7A, 0x75, 0x77, 0x65, 0x65, 0x6C, 0x61, 0x61));
					break;
				case 151: 
				if (style == 0) return String(CharArray::of(0x53, 0x61, 0x2019, 0x61, 0x61, 0x74, 0x69, 0x69, 0x20, 0x56, 0x6C, 0x61, 0x64, 0x69, 0x76, 0x6F, 0x73, 0x74, 0x6F, 0x6B));
				if (style == 1) return String(CharArray::of(0x53, 0x61, 0x2019, 0x61, 0x61, 0x74, 0x69, 0x69, 0x20, 0x49, 0x73, 0x74, 0x61, 0x61, 0x6E, 0x64, 0x61, 0x61, 0x72, 0x64, 0x69, 0x69, 0x20, 0x56, 0x6C, 0x61, 0x64, 0x69, 0x76, 0x6F, 0x73, 0x74, 0x6F, 0x6B));
				if (style == 2) return String(CharArray::of(0x53, 0x61, 0x2019, 0x61, 0x61, 0x74, 0x69, 0x69, 0x20, 0x42, 0x6F, 0x6E, 0x61, 0x61, 0x20, 0x56, 0x6C, 0x61, 0x64, 0x69, 0x76, 0x6F, 0x73, 0x74, 0x6F, 0x6B));
					break;
				case 152: 
				if (style == 0) return String(CharArray::of(0x53, 0x61, 0x2019, 0x61, 0x61, 0x74, 0x69, 0x69, 0x20, 0x56, 0x6F, 0x6C, 0x67, 0x6F, 0x67, 0x72, 0x61, 0x64));
				if (style == 1) return String(CharArray::of(0x53, 0x61, 0x2019, 0x61, 0x61, 0x74, 0x69, 0x69, 0x20, 0x49, 0x73, 0x74, 0x61, 0x61, 0x6E, 0x64, 0x61, 0x61, 0x72, 0x64, 0x69, 0x69, 0x20, 0x56, 0x6F, 0x6C, 0x67, 0x6F, 0x67, 0x72, 0x61, 0x64));
				if (style == 2) return String(CharArray::of(0x53, 0x61, 0x2019, 0x61, 0x61, 0x74, 0x69, 0x69, 0x20, 0x42, 0x6F, 0x6E, 0x61, 0x61, 0x20, 0x56, 0x6F, 0x6C, 0x67, 0x6F, 0x67, 0x72, 0x61, 0x64));
					break;
				case 153: 
				if (style == 1) return String(CharArray::of(0x53, 0x61, 0x2019, 0x61, 0x61, 0x74, 0x69, 0x69, 0x20, 0x56, 0x6F, 0x73, 0x74, 0x6F, 0x6B));
					break;
				case 154: 
				if (style == 1) return String(CharArray::of(0x53, 0x61, 0x2019, 0x61, 0x61, 0x74, 0x69, 0x69, 0x20, 0x4F, 0x64, 0x6F, 0x6C, 0x61, 0x20, 0x57, 0x61, 0x6B, 0x65));
					break;
				case 155: 
				if (style == 1) return String(CharArray::of(0x53, 0x61, 0x2019, 0x61, 0x61, 0x74, 0x69, 0x69, 0x20, 0x57, 0x61, 0x6C, 0x6C, 0x69, 0x73, 0x20, 0x66, 0x69, 0x20, 0x46, 0x75, 0x74, 0x75, 0x6E, 0x61));
					break;
				case 156: 
				if (style == 0) return String(CharArray::of(0x53, 0x61, 0x2019, 0x61, 0x61, 0x74, 0x69, 0x69, 0x20, 0x59, 0x61, 0x6B, 0x75, 0x74, 0x73, 0x6B));
				if (style == 1) return String(CharArray::of(0x53, 0x61, 0x2019, 0x61, 0x61, 0x74, 0x69, 0x69, 0x20, 0x49, 0x73, 0x74, 0x61, 0x61, 0x6E, 0x64, 0x61, 0x72, 0x64, 0x69, 0x69, 0x20, 0x59, 0x61, 0x6B, 0x75, 0x74, 0x73, 0x6B));
				if (style == 2) return String(CharArray::of(0x53, 0x61, 0x2019, 0x61, 0x61, 0x74, 0x69, 0x69, 0x20, 0x42, 0x6F, 0x6E, 0x61, 0x61, 0x20, 0x59, 0x61, 0x6B, 0x75, 0x74, 0x73, 0x6B));
					break;
				case 157: 
				if (style == 0) return String(CharArray::of(0x53, 0x61, 0x2019, 0x61, 0x61, 0x74, 0x69, 0x69, 0x20, 0x59, 0x65, 0x6B, 0x61, 0x74, 0x65, 0x72, 0x69, 0x6E, 0x62, 0x75, 0x72, 0x67));
				if (style == 1) return String(CharArray::of(0x53, 0x61, 0x2019, 0x61, 0x61, 0x74, 0x69, 0x69, 0x20, 0x49, 0x73, 0x74, 0x61, 0x61, 0x6E, 0x64, 0x61, 0x61, 0x72, 0x64, 0x69, 0x69, 0x20, 0x59, 0x65, 0x6B, 0x61, 0x74, 0x65, 0x72, 0x69, 0x6E, 0x62, 0x75, 0x72, 0x67));
				if (style == 2) return String(CharArray::of(0x53, 0x61, 0x2019, 0x61, 0x61, 0x74, 0x69, 0x69, 0x20, 0x42, 0x6F, 0x6E, 0x61, 0x61, 0x20, 0x59, 0x65, 0x6B, 0x61, 0x74, 0x65, 0x72, 0x69, 0x6E, 0x62, 0x75, 0x72, 0x67));
					break;
				case 158: 
				if (style == 1) return String(CharArray::of(0x53, 0x61, 0x2019, 0x61, 0x61, 0x74, 0x69, 0x69, 0x20, 0x59, 0x75, 0x75, 0x6B, 0x6F, 0x6F, 0x6E));
					break;
            default: break;
            }
            return String();
        }
        
        String Om::timezonePattern(gint type) const {
            switch(type){
				case 3: return String(CharArray::of(0x53, 0x61, 0x2019, 0x61, 0x61, 0x74, 0x69, 0x69, 0x20, 0x7B, 0x30, 0x7D));
            default: break;
            }
            return String();
        }
    }
}
        