
#include "yo_BJ.h"
#include <core/lang/StringArray.h>


// :::::::::::::::::::::::::::::::::::::::::::::::::::::::::::::::::::::::::::::::::::::::::::::::::
// This file has been Generated by CldrGen.py
// :::::::::::::::::::::::::::::::::::::::::::::::::::::::::::::::::::::::::::::::::::::::::::::::::


namespace core {
    using namespace util;
    namespace locales {
        
        String Yo_Bj::displayLanguage(gint language, gint script, gint region) const {
            switch(language) {
				case 1: return String(CharArray::of(0xC8, 0x64, 0xE8, 0x20, 0x41, 0x62, 0x61, 0x73, 0x69, 0x61));
				case 2: return String(CharArray::of(0xC8, 0x64, 0xE8, 0x20, 0x41, 0x6B, 0x69, 0x6E, 0x69, 0x73, 0x69));
				case 4: return String(CharArray::of(0xC8, 0x64, 0xE8, 0x20, 0x41, 0x64, 0x61, 0x6D, 0x65));
				case 5: return String(CharArray::of(0xC8, 0x64, 0xE8, 0x20, 0x41, 0x64, 0x69, 0x6A, 0x69));
				case 8: return String(CharArray::of(0xC8, 0x64, 0xE8, 0x20, 0x41, 0x66, 0x72, 0x69, 0x6B, 0x61, 0x6E, 0x69));
				case 10: return String(CharArray::of(0xC8, 0x64, 0xE8, 0x20, 0xC1, 0x67, 0x025B, 0x0300, 0x025B, 0x0300, 0x6D, 0xF9));
				case 11: return String(CharArray::of(0xC8, 0x64, 0xE8, 0x20, 0x41, 0x69, 0x6E, 0x75));
				case 13: return String(CharArray::of(0xC8, 0x64, 0xE8, 0x20, 0x41, 0x6B, 0x61, 0x6E, 0x69));
				case 16: return String(CharArray::of(0xC8, 0x64, 0xE8, 0x20, 0x41, 0x6C, 0x65, 0x74, 0x69));
				case 18: return String(CharArray::of(0xC8, 0x64, 0xE8, 0x20, 0x47, 0x75, 0x73, 0x75, 0x20, 0x41, 0x74, 0x61));
				case 19: return String(CharArray::of(0xC8, 0x64, 0xE8, 0x20, 0x41, 0x6D, 0x61, 0x72, 0x69, 0x6B, 0x69));
				case 20: return String(CharArray::of(0xC8, 0x64, 0xE8, 0x20, 0x41, 0x72, 0x61, 0x67, 0x6F, 0x6E, 0x69));
				case 22: return String(CharArray::of(0xC8, 0x64, 0xE8, 0x20, 0x4F, 0x62, 0x6F, 0x6C, 0x6F));
				case 23: return String(CharArray::of(0xC8, 0x64, 0xE8, 0x20, 0x41, 0x6E, 0x67, 0x69, 0x6B, 0x61));
				case 25: 
					if (region == 0) return String(CharArray::of(0xC8, 0x64, 0xE8, 0x20, 0x4C, 0xE1, 0x72, 0xFA, 0x62, 0xE1, 0x77, 0xE1, 0x20, 0x28, 0x41, 0x67, 0x62, 0xE1, 0x79, 0xE9, 0x29));
					return String(CharArray::of(0xC8, 0x64, 0xE8, 0x20, 0x4C, 0xE1, 0x72, 0xFA, 0x62, 0xE1, 0x77, 0xE1));
				case 27: return String(CharArray::of(0xC8, 0x64, 0xE8, 0x20, 0x4D, 0x61, 0x70, 0x75, 0x73, 0x68, 0x65));
				case 29: return String(CharArray::of(0xC8, 0x64, 0xE8, 0x20, 0x41, 0x72, 0x61, 0x70, 0x61, 0x68, 0x6F));
				case 31: return String(CharArray::of(0xC8, 0x64, 0xE8, 0x20, 0x41, 0x72, 0x61, 0x62, 0x69, 0x6B, 0x69, 0x20, 0x74, 0x69, 0x20, 0x4E, 0x61, 0x6A, 0x69, 0x64, 0x69));
				case 35: return String(CharArray::of(0xC8, 0x64, 0xE8, 0x20, 0x41, 0x73, 0x73, 0x61, 0x6D));
				case 36: return String(CharArray::of(0xC8, 0x64, 0xE8, 0x20, 0x41, 0x73, 0x75));
				case 38: return String(CharArray::of(0xC8, 0x64, 0xE8, 0x20, 0x41, 0x73, 0x74, 0x75, 0x72, 0x69, 0x61, 0x6E));
				case 39: return String(CharArray::of(0xC8, 0x64, 0xE8, 0x20, 0x41, 0x74, 0x69, 0x6B, 0x61, 0x6D, 0x65, 0x6B, 0x69));
				case 40: return String(CharArray::of(0xC8, 0x64, 0xE8, 0x20, 0x41, 0x66, 0x61, 0x72, 0x69, 0x6B, 0x69));
				case 42: return String(CharArray::of(0xC8, 0x64, 0xE8, 0x20, 0x41, 0x77, 0x61, 0x64, 0x69));
				case 43: return String(CharArray::of(0xC8, 0x64, 0xE8, 0x20, 0x41, 0x6D, 0x61, 0x72, 0x61));
				case 44: return String(CharArray::of(0xC8, 0x64, 0xE8, 0x20, 0x41, 0x73, 0x61, 0x62, 0x61, 0x69, 0x6A, 0x61, 0x6E, 0x69));
				case 45: return String(CharArray::of(0xC8, 0x64, 0xE8, 0x20, 0x42, 0x61, 0x73, 0x68, 0x69, 0x72, 0x69));
				case 47: return String(CharArray::of(0xC8, 0x64, 0xE8, 0x20, 0x42, 0x61, 0x6C, 0x69, 0x6E, 0x69));
				case 49: return String(CharArray::of(0xC8, 0x64, 0xE8, 0x20, 0x42, 0x61, 0x73, 0x61, 0x61));
				case 53: return String(CharArray::of(0xC8, 0x64, 0xE8, 0x20, 0x42, 0x65, 0x6C, 0x61, 0x72, 0x75, 0x73, 0x69));
				case 55: return String(CharArray::of(0xC8, 0x64, 0xE8, 0x20, 0x42, 0xE9, 0x1E3F, 0x62, 0xE0));
				case 57: return String(CharArray::of(0xC8, 0x64, 0xE8, 0x20, 0x42, 0x025B, 0x0301, 0x6E, 0xE0));
				case 60: return String(CharArray::of(0xC8, 0x64, 0xE8, 0x20, 0x42, 0x75, 0x67, 0x61, 0x72, 0x69, 0x61));
				case 61: return String(CharArray::of(0xC8, 0x64, 0xE8, 0x20, 0x48, 0x61, 0x72, 0x79, 0x61, 0x6E, 0x76, 0x69));
				case 64: return String(CharArray::of(0xC8, 0x64, 0xE8, 0x20, 0x42, 0x6F, 0x6A, 0x75, 0x72, 0x69));
				case 65: return String(CharArray::of(0xC8, 0x64, 0xE8, 0x20, 0x42, 0x69, 0x73, 0x69, 0x6C, 0x61, 0x6D, 0x61));
				case 67: return String(CharArray::of(0xC8, 0x64, 0xE8, 0x20, 0x42, 0x69, 0x6E, 0x69));
				case 70: return String(CharArray::of(0xC8, 0x64, 0xE8, 0x20, 0x53, 0x69, 0x6B, 0x69, 0x73, 0x6B, 0x61));
				case 71: return String(CharArray::of(0x41, 0x6E, 0x69, 0x69));
				case 73: return String(CharArray::of(0xC8, 0x64, 0xE8, 0x20, 0x42, 0xE1, 0x1E3F, 0x62, 0xE0, 0x72, 0xE0));
				case 74: return String(CharArray::of(0xC8, 0x64, 0xE8, 0x20, 0x42, 0x65, 0x6E, 0x67, 0x61, 0x6C, 0x69));
				case 75: return String(CharArray::of(0x54, 0x69, 0x62, 0x65, 0x74, 0xE1, 0x6E));
				case 78: return String(CharArray::of(0xC8, 0x64, 0xE8, 0x20, 0x42, 0x72, 0x65, 0x74, 0x6F, 0x6E, 0x69));
				case 81: return String(CharArray::of(0xC8, 0x64, 0xE8, 0x20, 0x42, 0xF3, 0x64, 0xF2));
				case 82: return String(CharArray::of(0xC8, 0x64, 0xE8, 0x20, 0x42, 0x6F, 0x73, 0x6E, 0x69, 0x61));
				case 85: return String(CharArray::of(0xC8, 0x64, 0xE8, 0x20, 0x42, 0x75, 0x67, 0x69, 0x6E, 0x69));
				case 87: return String(CharArray::of(0xC8, 0x64, 0xE8, 0x20, 0x42, 0x69, 0x6C, 0x69, 0x6E, 0x69));
				case 89: return String(CharArray::of(0xC8, 0x64, 0xE8, 0x20, 0x4B, 0x61, 0x74, 0x61, 0x6C, 0x61));
				case 92: return String(CharArray::of(0xC8, 0x64, 0xE8, 0x20, 0x4B, 0x61, 0x79, 0x75, 0x67, 0x61));
				case 94: return String(CharArray::of(0xC8, 0x64, 0xE8, 0x20, 0x43, 0x68, 0x61, 0x6B, 0x6D, 0x61));
				case 95: return String(CharArray::of(0xC8, 0x64, 0xE8, 0x20, 0x43, 0x68, 0x65, 0x63, 0x68, 0x65, 0x6E));
				case 96: return String(CharArray::of(0xC8, 0x64, 0xE8, 0x20, 0x53, 0x65, 0x62, 0x75, 0x61, 0x6E, 0x6F));
				case 97: return String(CharArray::of(0xC8, 0x64, 0xE8, 0x20, 0x43, 0x68, 0x69, 0x67, 0x61));
				case 98: return String(CharArray::of(0xC8, 0x64, 0xE8, 0x20, 0x53, 0x0329, 0x61, 0x6D, 0x6F, 0x72, 0x6F));
				case 101: return String(CharArray::of(0xC8, 0x64, 0xE8, 0x20, 0x53, 0x68, 0x75, 0x6B, 0x69));
				case 102: return String(CharArray::of(0xC8, 0x64, 0xE8, 0x20, 0x4D, 0x61, 0x72, 0x69));
				case 104: return String(CharArray::of(0xC8, 0x64, 0xE8, 0x20, 0x53, 0x68, 0x6F, 0x6B, 0x69, 0x74, 0x61));
				case 105: return String(CharArray::of(0xC8, 0x64, 0xE8, 0x20, 0x53, 0x68, 0x69, 0x70, 0x65, 0x77, 0x61));
				case 106: return String(CharArray::of(0xC8, 0x64, 0xE8, 0x20, 0x53, 0x68, 0x025B, 0x0301, 0x72, 0xF3, 0x6B, 0x69, 0xEC));
				case 107: return String(CharArray::of(0xC8, 0x64, 0xE8, 0x20, 0x53, 0x68, 0x65, 0x79, 0x65, 0x6E, 0x69));
				case 109: return String(CharArray::of(0xC0, 0xE0, 0x72, 0x69, 0x6E, 0x20, 0x47, 0x62, 0xF9, 0x6E, 0x67, 0x62, 0xF9, 0x6E, 0x20, 0x4B, 0x75, 0x72, 0x64, 0x69, 0x73, 0x68));
				case 110: return String(CharArray::of(0xC8, 0x64, 0xE8, 0x20, 0x53, 0x68, 0x69, 0x6B, 0x6F, 0x74, 0x69));
				case 111: return String(CharArray::of(0xC8, 0x64, 0xE8, 0x20, 0x43, 0x6F, 0x72, 0x73, 0x69, 0x63, 0x61, 0x6E));
				case 115: return String(CharArray::of(0xC8, 0x64, 0xE8, 0x20, 0x4D, 0x69, 0x73, 0x69, 0x66, 0x75));
				case 117: return String(CharArray::of(0xC8, 0x64, 0xE8, 0x20, 0x47, 0x75, 0x73, 0x75, 0x20, 0x49, 0x6C, 0x61, 0x2D, 0x6F, 0x6F, 0x72, 0x75, 0x6E, 0x20, 0x4B, 0x72, 0x69));
				case 118: return String(CharArray::of(0xC8, 0x64, 0xE8, 0x20, 0x50, 0x61, 0x70, 0x61, 0x20, 0x4B, 0x72, 0x69));
				case 119: return String(CharArray::of(0xC8, 0x64, 0xE8, 0x20, 0x74, 0x69, 0x20, 0x49, 0x6C, 0x61, 0x20, 0x6F, 0x6F, 0x72, 0x75, 0x6E, 0x20, 0x41, 0x72, 0x69, 0x77, 0x61, 0x20, 0x4B, 0x72, 0x69));
				case 120: return String(CharArray::of(0xC8, 0x64, 0xE8, 0x20, 0x4D, 0x6F, 0x6F, 0x73, 0x65, 0x20, 0x4B, 0x72, 0x69));
				case 121: return String(CharArray::of(0xC8, 0x64, 0xE8, 0x20, 0x41, 0x6C, 0x6F, 0x6E, 0x6B, 0x75, 0x69, 0x61, 0x20, 0x74, 0x69, 0x20, 0x4B, 0x61, 0x72, 0x6F, 0x6C, 0x69, 0x6E, 0x61));
				case 123: return String(CharArray::of(0xC8, 0x64, 0xE8, 0x20, 0x53, 0x65, 0x65, 0x6B, 0x69));
				case 125: return String(CharArray::of(0xC8, 0x64, 0xE8, 0x20, 0x53, 0x77, 0x61, 0x6D, 0x70, 0x69, 0x20, 0x4B, 0x72, 0x69));
				case 126: return String(CharArray::of(0xC8, 0x64, 0xE8, 0x20, 0x53, 0xED, 0x6C, 0xE1, 0x66, 0xED, 0xED, 0x6B, 0xEC, 0x20, 0x49, 0x6C, 0xE9, 0x20, 0xCC, 0x6A, 0x0254, 0x0301, 0x73, 0xEC, 0x6E));
				case 127: return String(CharArray::of(0xC8, 0x64, 0xE8, 0x20, 0x53, 0x68, 0x75, 0x66, 0x61, 0x73, 0x69));
				case 129: return String(CharArray::of(0xC8, 0x64, 0xE8, 0x20, 0x57, 0x65, 0x6C, 0x73, 0x68, 0x69));
				case 130: return String(CharArray::of(0xC8, 0x64, 0xE8, 0x20, 0x44, 0x65, 0x6E, 0x6D, 0x61, 0x6B, 0x69));
				case 131: return String(CharArray::of(0xC8, 0x64, 0xE8, 0x20, 0x44, 0x61, 0x6B, 0x6F, 0x74, 0x61));
				case 132: return String(CharArray::of(0xC8, 0x64, 0xE8, 0x20, 0x44, 0x61, 0x67, 0x69, 0x77, 0x61));
				case 133: return String(CharArray::of(0x54, 0xE1, 0xED, 0x74, 0xE0));
				case 134: 
					if (region == 75) return String(CharArray::of(0xC8, 0x64, 0xE8, 0x20, 0x49, 0x6C, 0x025B, 0x0300, 0x20, 0x4A, 0xE1, 0x6D, 0xE1, 0x6E, 0xEC, 0x20, 0x28, 0x4F, 0x72, 0xED, 0x6C, 0x025B, 0x0301, 0xE8, 0x64, 0x65, 0x20, 0x73, 0x77, 0xED, 0x74, 0x73, 0xE0, 0x6C, 0x61, 0x6E, 0x64, 0xEC, 0x29));
					if (region == 43) return String(CharArray::of(0xC8, 0x64, 0xE8, 0x20, 0x4A, 0xE1, 0x6D, 0xE1, 0x6E, 0xEC, 0x20, 0x28, 0x0186, 0x0301, 0x73, 0xED, 0x72, 0xED, 0xE0, 0x20, 0x29));
					return String(CharArray::of(0xC8, 0x64, 0xE8, 0x20, 0x4A, 0xE1, 0x6D, 0xE1, 0x6E, 0xEC));
				case 137: return String(CharArray::of(0xC8, 0x64, 0xE8, 0x20, 0x44, 0x6F, 0x67, 0x72, 0x69, 0x62, 0x75));
				case 139: return String(CharArray::of(0x53, 0x68, 0xE1, 0x72, 0xFA, 0x6D, 0xE0));
				case 140: return String(CharArray::of(0xC8, 0x64, 0xE8, 0x20, 0x44, 0x6F, 0x67, 0x69, 0x72, 0x69));
				case 141: return String(CharArray::of(0x53, 0x68, 0xF3, 0x62, 0xED, 0xE1, 0x6E, 0xF9, 0x20, 0x41, 0x70, 0xE1, 0x20, 0xCC, 0x73, 0x68, 0xE0, 0x6C, 0x025B, 0x0300));
				case 143: return String(CharArray::of(0xC8, 0x64, 0xE8, 0x20, 0x44, 0x75, 0x61, 0x6C, 0x61));
				case 145: return String(CharArray::of(0xC8, 0x64, 0xE8, 0x20, 0x44, 0x69, 0x66, 0x65, 0x68, 0x69));
				case 146: return String(CharArray::of(0x4A, 0x6F, 0x6C, 0x61, 0x2D, 0x46, 0x6F, 0x6E, 0x79, 0x69));
				case 148: return String(CharArray::of(0xC8, 0x64, 0xE8, 0x20, 0x44, 0x7A, 0x6F, 0x6E, 0x67, 0x6B, 0x68, 0x61));
				case 149: return String(CharArray::of(0xC8, 0x64, 0xE8, 0x20, 0x44, 0x61, 0x73, 0x61, 0x67, 0x61));
				case 150: return String(CharArray::of(0xC8, 0x64, 0xE8, 0x20, 0x0190, 0x6D, 0x62, 0xF9));
				case 151: return String(CharArray::of(0xC8, 0x64, 0xE8, 0x20, 0x45, 0x77, 0xE8));
				case 152: return String(CharArray::of(0xC8, 0x64, 0xE8, 0x20, 0x45, 0x66, 0x69, 0x6B, 0x69));
				case 155: return String(CharArray::of(0xC8, 0x64, 0xE8, 0x20, 0x45, 0x6B, 0x61, 0x6A, 0x75));
				case 156: return String(CharArray::of(0xC8, 0x64, 0xE8, 0x20, 0x47, 0x69, 0x72, 0x69, 0x6B, 0x69));
				case 158: 
					if (region == 116) return String(CharArray::of(0xC8, 0x64, 0xE8, 0x20, 0xF2, 0x79, 0xEC, 0x6E, 0x62, 0xF3, 0x20, 0x47, 0x025B, 0x0300, 0x025B, 0x0301, 0x73, 0xEC));
					if (region == 70) return String(CharArray::of(0xC8, 0x64, 0xE8, 0x20, 0x47, 0x025B, 0x0300, 0x025B, 0x0301, 0x73, 0xEC, 0x20, 0x28, 0x4F, 0x72, 0xED, 0x6C, 0x025B, 0x0300, 0x2D, 0xE8, 0x64, 0xE8, 0x20, 0x4B, 0xE1, 0x6E, 0xE1, 0x64, 0xE0, 0x29));
					if (region == 44) return String(CharArray::of(0xC8, 0x64, 0xE8, 0x20, 0x47, 0x025B, 0x0300, 0x025B, 0x0301, 0x73, 0xEC, 0x20, 0x28, 0xF3, 0x72, 0xED, 0x6C, 0x025B, 0x0300, 0x2D, 0xE8, 0x64, 0xE8, 0x20, 0x0186, 0x73, 0x69, 0x72, 0xE9, 0x6C, 0xED, 0xE0, 0x29));
					return String(CharArray::of(0xC8, 0x64, 0xE8, 0x20, 0x47, 0x025B, 0x0300, 0x025B, 0x0301, 0x73, 0xEC));
				case 160: return String(CharArray::of(0xC8, 0x64, 0xE8, 0x20, 0x45, 0x73, 0x70, 0x65, 0x72, 0x61, 0x6E, 0x74, 0x6F));
				case 161: 
					if (region == 197) return String(CharArray::of(0xC8, 0x64, 0xE8, 0x20, 0x53, 0xED, 0x70, 0xE1, 0x6E, 0xED, 0xEC, 0x73, 0x68, 0xEC, 0x20, 0x28, 0x6F, 0x72, 0xED, 0x6C, 0x025B, 0x0300, 0x2D, 0xE8, 0x64, 0xE8, 0x20, 0x4D, 0x025B, 0x0301, 0x73, 0xED, 0x6B, 0xF2, 0x29));
					if (region == 105) return String(CharArray::of(0xC8, 0x64, 0xE8, 0x20, 0x53, 0xED, 0x70, 0xE1, 0x6E, 0xED, 0xEC, 0x73, 0x68, 0xEC, 0x20, 0x28, 0x6F, 0x72, 0xED, 0x6C, 0x025B, 0x0300, 0x2D, 0xE8, 0x64, 0xE8, 0x20, 0x59, 0xFA, 0x72, 0xF3, 0xF2, 0x70, 0xF9, 0x29));
					if (region == 30) return String(CharArray::of(0xC8, 0x64, 0xE8, 0x20, 0x53, 0xED, 0x70, 0xE1, 0x6E, 0xED, 0xEC, 0x73, 0x68, 0xEC, 0x20, 0x28, 0x6F, 0x72, 0xED, 0x6C, 0x025B, 0x0300, 0x2D, 0xE8, 0x64, 0xE8, 0x20, 0x4C, 0xE1, 0x74, 0xEC, 0x6E, 0x2D, 0x41, 0x6D, 0x025B, 0x0301, 0x72, 0xED, 0x6B, 0xE0, 0x29));
					return String(CharArray::of(0xC8, 0x64, 0xE8, 0x20, 0x53, 0xED, 0x70, 0xE1, 0x6E, 0xED, 0xEC, 0x73, 0x68, 0xEC));
				case 163: return String(CharArray::of(0xC8, 0x64, 0xE8, 0x20, 0x45, 0x73, 0x74, 0x6F, 0x6E, 0x69, 0x61));
				case 164: return String(CharArray::of(0xC8, 0x64, 0xE8, 0x20, 0x42, 0x61, 0x73, 0x6B, 0x69));
				case 165: return String(CharArray::of(0xC8, 0x64, 0xE8, 0x20, 0xC8, 0x77, 0xF3, 0x01F9, 0x64, 0xF2));
				case 167: return String(CharArray::of(0xC8, 0x64, 0xE8, 0x20, 0x50, 0x61, 0x73, 0x69, 0x61));
				case 170: return String(CharArray::of(0xC8, 0x64, 0xE8, 0x20, 0x46, 0xFA, 0x6C, 0xE0, 0x6E, 0xED));
				case 171: return String(CharArray::of(0xC8, 0x64, 0xE8, 0x20, 0x46, 0x69, 0x6E, 0x69, 0x73, 0x69));
				case 172: return String(CharArray::of(0xC8, 0x64, 0xE8, 0x20, 0x46, 0x69, 0x6C, 0x69, 0x70, 0x69, 0x6E, 0x6F));
				case 174: return String(CharArray::of(0xC8, 0x64, 0xE8, 0x20, 0x46, 0x69, 0x6A, 0x69));
				case 175: return String(CharArray::of(0xC8, 0x64, 0xE8, 0x20, 0x46, 0x61, 0x72, 0x6F, 0x65, 0x73, 0x69));
				case 176: return String(CharArray::of(0xC8, 0x64, 0xE8, 0x20, 0x46, 0x6F, 0x6E));
				case 177: 
					if (region == 75) return String(CharArray::of(0xC8, 0x64, 0xE8, 0x20, 0x46, 0x61, 0x72, 0x61, 0x6E, 0x73, 0x68, 0xE9, 0x20, 0x28, 0x53, 0xFA, 0x77, 0xED, 0x73, 0xE0, 0x6C, 0x61, 0x01F9, 0x64, 0xEC, 0x29));
					if (region == 70) return String(CharArray::of(0xC8, 0x64, 0xE8, 0x20, 0x46, 0x61, 0x72, 0x61, 0x6E, 0x73, 0xE9, 0x20, 0x28, 0x6F, 0x72, 0xED, 0x6C, 0x025B, 0x0300, 0x2D, 0xE8, 0x64, 0xE8, 0x20, 0x4B, 0xE1, 0x6E, 0xE1, 0x64, 0xE0, 0x29));
					return String(CharArray::of(0xC8, 0x64, 0xE8, 0x20, 0x46, 0x61, 0x72, 0x61, 0x6E, 0x73, 0xE9));
				case 178: return String(CharArray::of(0xC8, 0x64, 0xE8, 0x20, 0x46, 0x61, 0x72, 0x61, 0x6E, 0x73, 0x65, 0x20, 0x74, 0x69, 0x20, 0x4B, 0x61, 0x6A, 0x75, 0x6E));
				case 182: return String(CharArray::of(0xC8, 0x64, 0xE8, 0x20, 0x41, 0x72, 0x69, 0x77, 0x61, 0x20, 0x46, 0x72, 0x69, 0x73, 0x61));
				case 184: return String(CharArray::of(0x46, 0x69, 0x72, 0x69, 0xFA, 0x6C, 0xED, 0xE0, 0x6E, 0xEC));
				case 185: return String(CharArray::of(0xC8, 0x64, 0xE8, 0x20, 0x46, 0x72, 0x69, 0x73, 0x69, 0x61));
				case 186: return String(CharArray::of(0xC8, 0x64, 0xE8, 0x20, 0x49, 0x72, 0x65, 0x6C, 0x61, 0x6E, 0x64));
				case 187: return String(CharArray::of(0xC8, 0x64, 0xE8, 0x20, 0x47, 0x61, 0x61));
				case 193: return String(CharArray::of(0xC8, 0x64, 0xE8, 0x20, 0x47, 0x61, 0x65, 0x6C, 0x69, 0x6B, 0x20, 0x74, 0x69, 0x20, 0x49, 0x6C, 0x75, 0x20, 0x53, 0x63, 0x6F, 0x74, 0x6C, 0x61, 0x6E, 0x64));
				case 194: return String(CharArray::of(0x45, 0x64, 0x65, 0x20, 0x47, 0x025B, 0x0301, 0x73, 0xEC));
				case 195: return String(CharArray::of(0xC8, 0x64, 0xE8, 0x20, 0x47, 0x69, 0x62, 0x61, 0x61, 0x74, 0x69));
				case 196: return String(CharArray::of(0xC8, 0x64, 0xE8, 0x20, 0x47, 0x61, 0x6C, 0x69, 0x63, 0x69, 0x61));
				case 199: return String(CharArray::of(0xC8, 0x64, 0xE8, 0x20, 0x47, 0x75, 0x61, 0x72, 0x61, 0x6E, 0x69));
				case 202: return String(CharArray::of(0xC8, 0x64, 0xE8, 0x20, 0x47, 0x6F, 0x72, 0x6F, 0x6E, 0x74, 0x61, 0x6C, 0x6F));
				case 206: return String(CharArray::of(0x53, 0xFA, 0x77, 0xED, 0x73, 0xEC, 0x20, 0x74, 0x69, 0x20, 0x4A, 0xE1, 0x6D, 0xE1, 0x6E, 0xEC));
				case 207: return String(CharArray::of(0xC8, 0x64, 0xE8, 0x20, 0x47, 0x75, 0x6A, 0x61, 0x72, 0x61, 0x74, 0x69));
				case 210: return String(CharArray::of(0x47, 0x75, 0x73, 0x69, 0x69));
				case 211: return String(CharArray::of(0x4D, 0xE1, 0x01F9, 0x6B, 0xEC));
				case 212: return String(CharArray::of(0xC8, 0x64, 0xE8, 0x20, 0x67, 0x69, 0x77, 0x69, 0x73, 0x69));
				case 213: return String(CharArray::of(0xC8, 0x64, 0xE8, 0x20, 0x48, 0x61, 0x75, 0x73, 0x61));
				case 214: return String(CharArray::of(0xC8, 0x64, 0xE8, 0x20, 0x48, 0x61, 0x69, 0x64, 0x61));
				case 216: return String(CharArray::of(0x48, 0x61, 0x77, 0x61, 0x69, 0x69, 0x61, 0x6E));
				case 217: return String(CharArray::of(0xC8, 0x64, 0xE8, 0x20, 0x47, 0x75, 0x73, 0x75, 0x20, 0x48, 0x61, 0x69, 0x64, 0x61));
				case 219: return String(CharArray::of(0xC8, 0x64, 0xE8, 0x20, 0x48, 0x65, 0x62, 0x65, 0x72, 0x75));
				case 220: 
					if (script == 92) return String(CharArray::of(0xC8, 0x64, 0xE8, 0x20, 0x48, 0xED, 0x6E, 0x64, 0xEC, 0x20, 0x28, 0x4C, 0xE1, 0x74, 0xEC, 0x6E, 0xEC, 0x29));
					return String(CharArray::of(0xC8, 0x64, 0xE8, 0x20, 0x48, 0xED, 0x0144, 0x64, 0xEC));
				case 222: return String(CharArray::of(0xC8, 0x64, 0xE8, 0x20, 0x48, 0x69, 0x6C, 0x67, 0x61, 0x79, 0x6F));
				case 224: return String(CharArray::of(0x48, 0x6D, 0x6F, 0x6E, 0x67));
				case 227: return String(CharArray::of(0xC8, 0x64, 0xE8, 0x20, 0x4B, 0x72, 0x6F, 0x61, 0x74, 0x69, 0x61));
				case 228: return String(CharArray::of(0x53, 0x6F, 0x72, 0x62, 0x69, 0x61, 0x6E, 0x20, 0x41, 0x70, 0xE1, 0x20, 0xD2, 0x6B, 0xE8));
				case 230: return String(CharArray::of(0x48, 0x61, 0x69, 0x74, 0x69, 0x61, 0x6E, 0x20, 0x43, 0x72, 0x65, 0x6F, 0x6C, 0x65));
				case 231: return String(CharArray::of(0xC8, 0x64, 0xE8, 0x20, 0x48, 0x75, 0x6E, 0x67, 0x61, 0x72, 0x69, 0x61));
				case 232: return String(CharArray::of(0xC8, 0x64, 0xE8, 0x20, 0x48, 0x75, 0x70, 0x61));
				case 233: return String(CharArray::of(0xC8, 0x64, 0xE8, 0x20, 0x48, 0x61, 0x6B, 0x6F, 0x6D, 0x65, 0x6C, 0x65, 0x6D, 0x69));
				case 234: return String(CharArray::of(0xC8, 0x64, 0xE8, 0x20, 0x41, 0x72, 0x6D, 0x65, 0x6E, 0x69, 0x61));
				case 235: return String(CharArray::of(0xC8, 0x64, 0xE8, 0x20, 0x48, 0x65, 0x72, 0x65, 0x72, 0x6F));
				case 236: return String(CharArray::of(0xC8, 0x64, 0xE8, 0x20, 0x70, 0x69, 0x70, 0x6F));
				case 237: return String(CharArray::of(0xC8, 0x64, 0xE8, 0x20, 0x49, 0x62, 0x61));
				case 238: return String(CharArray::of(0xC8, 0x64, 0xE8, 0x20, 0x49, 0x62, 0x69, 0x62, 0x69, 0x6F));
				case 239: return String(CharArray::of(0xC8, 0x64, 0xE8, 0x20, 0x49, 0x6E, 0x64, 0x6F, 0x6E, 0xE9, 0x73, 0x68, 0xED, 0xE0));
				case 240: return String(CharArray::of(0xC8, 0x64, 0xE8, 0x20, 0xE0, 0x74, 0x0254, 0x77, 0x0254, 0x0301, 0x64, 0xE1));
				case 241: return String(CharArray::of(0xC8, 0x64, 0xE8, 0x20, 0x59, 0xED, 0x62, 0xF2));
				case 242: return String(CharArray::of(0x53, 0x68, 0xED, 0x6B, 0x75, 0xE1, 0x6E, 0x20, 0x59, 0xEC));
				case 245: return String(CharArray::of(0xC8, 0x64, 0xE8, 0x20, 0x49, 0x77, 0x6F, 0x6F, 0x72, 0x75, 0x6E, 0x20, 0x49, 0x6E, 0x75, 0x74, 0x69, 0x74, 0x75, 0x20, 0x74, 0x69, 0x20, 0x4B, 0x61, 0x6E, 0x61, 0x64, 0x61));
				case 246: return String(CharArray::of(0xC8, 0x64, 0xE8, 0x20, 0x49, 0x6C, 0x6F, 0x6B, 0x6F));
				case 248: return String(CharArray::of(0xC8, 0x64, 0xE8, 0x20, 0x49, 0x6E, 0x67, 0x75, 0x73, 0x69));
				case 249: return String(CharArray::of(0xC8, 0x64, 0xE8, 0x20, 0x49, 0x64, 0x6F));
				case 250: return String(CharArray::of(0xC8, 0x64, 0xE8, 0x20, 0x49, 0x63, 0x65, 0x6C, 0x61, 0x6E, 0x64, 0x69, 0x63));
				case 251: return String(CharArray::of(0xC8, 0x64, 0xE8, 0x20, 0xCD, 0x74, 0xE1, 0x6C, 0xEC));
				case 252: return String(CharArray::of(0xC8, 0x64, 0xE8, 0x20, 0x49, 0x6E, 0x75, 0x6B, 0x69, 0x74, 0x75));
				case 255: return String(CharArray::of(0xC8, 0x64, 0xE8, 0x20, 0x4A, 0xE0, 0x70, 0xE1, 0xE0, 0x6E, 0xF9));
				case 257: return String(CharArray::of(0xC8, 0x64, 0xE8, 0x20, 0x4C, 0x6F, 0x62, 0x61, 0x6E, 0x69));
				case 258: return String(CharArray::of(0x0143, 0x67, 0xF2, 0x6D, 0x62, 0xE0));
				case 260: return String(CharArray::of(0x4D, 0xE1, 0x73, 0x68, 0xE1, 0x6D, 0xE8));
				case 264: return String(CharArray::of(0xC8, 0x64, 0xE8, 0x20, 0x4A, 0x61, 0x76, 0x61, 0x6E, 0x61, 0x73, 0x69));
				case 265: return String(CharArray::of(0xC8, 0x64, 0xE8, 0x20, 0x47, 0x65, 0x6F, 0x72, 0x67, 0x69, 0x61));
				case 267: return String(CharArray::of(0x4B, 0x61, 0x62, 0x69, 0x6C, 0xE8));
				case 268: return String(CharArray::of(0xC8, 0x64, 0xE8, 0x20, 0x4B, 0x61, 0x73, 0x68, 0x69, 0x6E, 0x69));
				case 269: return String(CharArray::of(0xC8, 0x64, 0xE8, 0x20, 0x4A, 0x75));
				case 270: return String(CharArray::of(0x4B, 0xE1, 0x0144, 0x62, 0xE0));
				case 272: return String(CharArray::of(0xC8, 0x64, 0xE8, 0x20, 0x4B, 0x61, 0x62, 0x61, 0x64, 0x69, 0x61));
				case 274: return String(CharArray::of(0xC8, 0x64, 0xE8, 0x20, 0x54, 0x69, 0x79, 0x61, 0x70, 0x75));
				case 275: return String(CharArray::of(0x4D, 0xE1, 0x6B, 0x6F, 0x6E, 0x64, 0xE9));
				case 276: return String(CharArray::of(0x4B, 0x61, 0x62, 0x75, 0x66, 0x61, 0x64, 0xED, 0xE1, 0x6E, 0xF9));
				case 278: return String(CharArray::of(0xC8, 0x64, 0xE8, 0x20, 0x4B, 0x6F, 0x72, 0x6F));
				case 280: return String(CharArray::of(0xC8, 0x64, 0xE8, 0x20, 0x4B, 0x61, 0x69, 0x67, 0x61, 0x6E, 0x69));
				case 281: return String(CharArray::of(0xC8, 0x64, 0xE8, 0x20, 0x4B, 0x61, 0x73, 0x69));
				case 283: return String(CharArray::of(0x4B, 0x6F, 0x69, 0x72, 0x61, 0x20, 0x53, 0x68, 0xED, 0xED, 0x6E, 0xEC));
				case 285: return String(CharArray::of(0x4B, 0xED, 0x6B, 0xFA, 0x79, 0xF9));
				case 287: return String(CharArray::of(0xC8, 0x64, 0xE8, 0x20, 0x4B, 0x75, 0x61, 0x79, 0x61, 0x6D, 0x61));
				case 288: return String(CharArray::of(0x4B, 0x61, 0x73, 0x68, 0x61, 0x6B, 0xEC));
				case 289: return String(CharArray::of(0x4B, 0xE0, 0x6B, 0xF3));
				case 290: return String(CharArray::of(0x4B, 0x61, 0x6C, 0x61, 0x61, 0x6C, 0xED, 0x73, 0xF9, 0x74, 0xEC));
				case 291: return String(CharArray::of(0x4B, 0xE1, 0x6C, 0x025B, 0x6E, 0x6A, 0xED, 0x6E));
				case 292: return String(CharArray::of(0xC8, 0x64, 0xE8, 0x20, 0x6B, 0x61, 0x6D, 0x65, 0x72, 0x69));
				case 293: return String(CharArray::of(0xC8, 0x64, 0xE8, 0x20, 0x4B, 0x69, 0x6D, 0x62, 0x75, 0x6E, 0x64, 0x75));
				case 294: return String(CharArray::of(0xC8, 0x64, 0xE8, 0x20, 0x4B, 0x61, 0x6E, 0x6E, 0x61, 0x64, 0x61));
				case 295: return String(CharArray::of(0xC8, 0x64, 0xE8, 0x20, 0x4B, 0xF2, 0x72, 0xED, 0xE0));
				case 297: return String(CharArray::of(0x4B, 0xF3, 0x6E, 0x6B, 0xE1, 0x6E, 0xEC));
				case 299: return String(CharArray::of(0xC8, 0x64, 0xE8, 0x20, 0x50, 0x65, 0x6C, 0x65));
				case 300: return String(CharArray::of(0xC8, 0x64, 0xE8, 0x20, 0x4B, 0x61, 0x6E, 0x75, 0x72, 0x69));
				case 301: return String(CharArray::of(0xC8, 0x64, 0xE8, 0x20, 0x4B, 0x61, 0x72, 0x61, 0x73, 0x68, 0x61, 0x2D, 0x42, 0x61, 0x6B, 0x61));
				case 304: return String(CharArray::of(0xC8, 0x64, 0xE8, 0x20, 0x4B, 0x61, 0x72, 0x65, 0x6C, 0x69, 0x61));
				case 305: return String(CharArray::of(0xC8, 0x64, 0xE8, 0x20, 0x4B, 0x75, 0x72, 0x75, 0x6B, 0x69));
				case 306: return String(CharArray::of(0x4B, 0x61, 0x73, 0x68, 0xED, 0x6D, 0x69, 0x72, 0xEC));
				case 307: return String(CharArray::of(0x53, 0x68, 0xE1, 0x0144, 0x62, 0xE1, 0x6C, 0xE0));
				case 308: return String(CharArray::of(0xC8, 0x64, 0xE8, 0x20, 0x42, 0xE1, 0x66, 0xED, 0xE0));
				case 309: return String(CharArray::of(0xC8, 0x64, 0xE8, 0x20, 0x43, 0x6F, 0x6C, 0x6F, 0x67, 0x6E, 0x69, 0x61, 0x6E));
				case 310: return String(CharArray::of(0x4B, 0x0254, 0x64, 0x69, 0x73, 0x68, 0xEC));
				case 311: return String(CharArray::of(0xC8, 0x64, 0xE8, 0x20, 0x4B, 0x75, 0x6D, 0x69, 0x6B, 0x69));
				case 313: return String(CharArray::of(0xC8, 0x64, 0xE8, 0x20, 0x4B, 0x6F, 0x6D, 0x69));
				case 314: return String(CharArray::of(0xC8, 0x64, 0xE8, 0x20, 0x4B, 0x0254, 0x0301, 0x6E, 0xEC, 0xEC, 0x73, 0x68, 0xEC));
				case 315: return String(CharArray::of(0xC8, 0x64, 0xE8, 0x20, 0x4B, 0x77, 0x61, 0x77, 0x61, 0x6C, 0x61));
				case 316: return String(CharArray::of(0x4B, 0x75, 0x66, 0x69));
				case 317: return String(CharArray::of(0x4B, 0xED, 0x72, 0xED, 0x67, 0xED, 0xEC, 0x73, 0xEC));
				case 318: return String(CharArray::of(0xC8, 0x64, 0xE8, 0x20, 0x4C, 0x61, 0x74, 0x69, 0x6E, 0x69));
				case 319: return String(CharArray::of(0xC8, 0x64, 0xE8, 0x20, 0x4C, 0x61, 0x64, 0x69, 0x6E, 0x6F));
				case 320: return String(CharArray::of(0x4C, 0xE1, 0x0144, 0x67, 0xEC));
				case 323: return String(CharArray::of(0x4C, 0xF9, 0x73, 0x68, 0x025B, 0x0301, 0x6D, 0x62, 0x0254, 0x0301, 0x0254, 0x0300, 0x67, 0xEC));
				case 324: return String(CharArray::of(0xC8, 0x64, 0xE8, 0x20, 0x4C, 0x65, 0x73, 0x67, 0x69, 0x6E, 0x61));
				case 326: return String(CharArray::of(0x47, 0x61, 0x6E, 0x64, 0x61));
				case 327: return String(CharArray::of(0xC8, 0x64, 0xE8, 0x20, 0x4C, 0x69, 0x6D, 0x62, 0x6F, 0x67, 0x69, 0x73, 0x68, 0x69));
				case 328: return String(CharArray::of(0x4C, 0x69, 0x67, 0x75, 0x72, 0x69, 0x61, 0x6E, 0x69));
				case 329: return String(CharArray::of(0xC8, 0x64, 0xE8, 0x20, 0x4C, 0x69, 0x6C, 0x6F, 0x65, 0x74, 0x69));
				case 331: return String(CharArray::of(0x4C, 0xE1, 0x6B, 0x6F, 0x74, 0x61));
				case 333: return String(CharArray::of(0x4C, 0x6F, 0x6D, 0x62, 0x61, 0x72, 0x64, 0x69));
				case 334: return String(CharArray::of(0x4C, 0xEC, 0x01F9, 0x67, 0xE1, 0x6C, 0xE0));
				case 335: return String(CharArray::of(0x4C, 0xE1, 0xF2));
				case 337: return String(CharArray::of(0xC8, 0x64, 0xE8, 0x20, 0x4B, 0x72, 0x65, 0x6F, 0x6C, 0x69, 0x20, 0x74, 0x69, 0x20, 0x4C, 0x6F, 0x75, 0x69, 0x73, 0x69, 0x61, 0x6E, 0x61));
				case 338: return String(CharArray::of(0xC8, 0x64, 0xE8, 0x20, 0x4C, 0x6F, 0x7A, 0x69));
				case 339: return String(CharArray::of(0x41, 0x70, 0xE1, 0xE0, 0x72, 0xED, 0x77, 0xE1, 0x20, 0x4C, 0xFA, 0x72, 0xEC));
				case 340: return String(CharArray::of(0xC8, 0x64, 0xE8, 0x20, 0x53, 0x61, 0x6D, 0x69, 0x61));
				case 341: return String(CharArray::of(0xC8, 0x64, 0xE8, 0x20, 0x4C, 0x69, 0x74, 0x68, 0x75, 0x61, 0x6E, 0x69, 0x61));
				case 343: return String(CharArray::of(0x4C, 0xFA, 0x62, 0xE0, 0x2D, 0x4B, 0x61, 0x74, 0x61, 0x6E, 0x67, 0x61));
				case 344: return String(CharArray::of(0xC8, 0x64, 0xE8, 0x20, 0x4C, 0x75, 0x62, 0x61, 0x20, 0x4C, 0x75, 0x6C, 0x75, 0x61));
				case 346: return String(CharArray::of(0xC8, 0x64, 0xE8, 0x20, 0x4C, 0x75, 0x6E, 0x64, 0x61));
				case 348: return String(CharArray::of(0xC8, 0x64, 0xE8, 0x20, 0x4D, 0x69, 0x73, 0x6F));
				case 349: return String(CharArray::of(0x4C, 0x75, 0x79, 0xED, 0xE0));
				case 350: return String(CharArray::of(0xC8, 0x64, 0xE8, 0x20, 0x6C, 0xE1, 0x74, 0xED, 0x66, 0xED, 0xE0, 0x6E, 0xEC));
				case 353: return String(CharArray::of(0xC8, 0x64, 0xE8, 0x20, 0x4D, 0x61, 0x64, 0x75, 0x72, 0x69));
				case 355: return String(CharArray::of(0xC8, 0x64, 0xE8, 0x20, 0x4D, 0x61, 0x67, 0x61, 0x68, 0x69));
				case 356: return String(CharArray::of(0xC8, 0x64, 0xE8, 0x20, 0x4D, 0x61, 0x74, 0x69, 0x68, 0x69));
				case 357: return String(CharArray::of(0xC8, 0x64, 0xE8, 0x20, 0x4D, 0x61, 0x6B, 0x61, 0x73, 0x61));
				case 359: return String(CharArray::of(0x4D, 0xE1, 0x73, 0xE1, 0xEC));
				case 361: return String(CharArray::of(0xC8, 0x64, 0xE8, 0x20, 0x4D, 0x6F, 0x6B, 0x69, 0x73, 0x61));
				case 363: return String(CharArray::of(0xC8, 0x64, 0xE8, 0x20, 0x4D, 0x65, 0x6E, 0x64, 0x65));
				case 364: return String(CharArray::of(0x4D, 0xE9, 0x72, 0xF9));
				case 365: return String(CharArray::of(0x4D, 0x6F, 0x72, 0x69, 0x73, 0x69, 0x79, 0x65, 0x6E));
				case 366: return String(CharArray::of(0x4D, 0x61, 0x6C, 0x61, 0x67, 0x61, 0x73, 0xEC));
				case 368: return String(CharArray::of(0x4D, 0x61, 0x6B, 0x68, 0x75, 0x77, 0x61, 0x2D, 0x4D, 0x65, 0x65, 0x74, 0x6F));
				case 369: return String(CharArray::of(0x4D, 0xE9, 0x74, 0xE0));
				case 370: return String(CharArray::of(0xC8, 0x64, 0xE8, 0x20, 0x4D, 0x61, 0x73, 0x68, 0x61, 0x6C, 0x69));
				case 372: return String(CharArray::of(0x4D, 0xE0, 0xF3, 0x72, 0xEC));
				case 373: return String(CharArray::of(0xC8, 0x64, 0xE8, 0x20, 0x4D, 0x69, 0x6B, 0x6D, 0x61, 0x6B, 0x69));
				case 374: return String(CharArray::of(0xC8, 0x64, 0xE8, 0x20, 0x4D, 0x69, 0x6E, 0x61, 0x6B, 0x61, 0x62, 0x61, 0x75));
				case 375: return String(CharArray::of(0xC8, 0x64, 0xE8, 0x20, 0x4D, 0x61, 0x73, 0x69, 0x64, 0x6F, 0x6E, 0x69, 0x61));
				case 376: return String(CharArray::of(0x4D, 0xE1, 0x6C, 0xE0, 0x79, 0xE1, 0x6C, 0xE1, 0x6D, 0xF9));
				case 377: return String(CharArray::of(0x4D, 0xF2, 0x6E, 0x67, 0xF3, 0x6C, 0xED, 0xE0));
				case 379: return String(CharArray::of(0xC8, 0x64, 0xE8, 0x20, 0x4D, 0x61, 0x6E, 0x69, 0x70, 0x75, 0x72, 0x69));
				case 380: return String(CharArray::of(0xC8, 0x64, 0xE8, 0x20, 0x49, 0x6E, 0x75, 0x61, 0x6D, 0x75));
				case 381: return String(CharArray::of(0xC8, 0x64, 0xE8, 0x20, 0x4D, 0x6F, 0x68, 0x61, 0x6B, 0x69));
				case 382: return String(CharArray::of(0xC8, 0x64, 0xE8, 0x20, 0x4D, 0x6F, 0x73, 0x69));
				case 383: return String(CharArray::of(0xC8, 0x64, 0xE8, 0x20, 0x6D, 0x61, 0x72, 0x61, 0x74, 0x68, 0x69));
				case 385: return String(CharArray::of(0xC8, 0x64, 0xE8, 0x20, 0x4D, 0x61, 0x6C, 0x61, 0x79, 0x61));
				case 386: return String(CharArray::of(0xC8, 0x64, 0xE8, 0x20, 0x4D, 0x61, 0x6C, 0x74, 0x61));
				case 387: return String(CharArray::of(0x4D, 0xFA, 0x6E, 0x64, 0xE0, 0x6E, 0x67, 0xEC));
				case 388: return String(CharArray::of(0x0186, 0x6C, 0x0254, 0x0301, 0x70, 0x0254, 0x0300, 0x20, 0xE8, 0x64, 0xE8));
				case 389: return String(CharArray::of(0xC8, 0x64, 0xE8, 0x20, 0x4D, 0x75, 0x73, 0x6B, 0x6F, 0x67, 0x69));
				case 390: return String(CharArray::of(0xC8, 0x64, 0xE8, 0x20, 0x4D, 0x69, 0x72, 0x61, 0x6E, 0x64, 0x69, 0x73, 0x69));
				case 393: return String(CharArray::of(0xC8, 0x64, 0xE8, 0x20, 0x42, 0x75, 0x6D, 0x69, 0x69, 0x73, 0x69));
				case 395: return String(CharArray::of(0xC8, 0x64, 0xE8, 0x20, 0x45, 0x73, 0x69, 0x79, 0x61));
				case 396: return String(CharArray::of(0x4D, 0x61, 0x73, 0x61, 0x6E, 0x64, 0x65, 0x72, 0x61, 0x6E, 0x69));
				case 397: return String(CharArray::of(0xC8, 0x64, 0xE8, 0x20, 0x4E, 0x61, 0x75, 0x72, 0x75));
				case 399: return String(CharArray::of(0xC8, 0x64, 0xE8, 0x20, 0x4E, 0x65, 0x61, 0x70, 0x6F, 0x6C, 0x69, 0x74, 0x61));
				case 400: return String(CharArray::of(0x4E, 0xE1, 0x6D, 0xE0));
				case 401: return String(CharArray::of(0x4E, 0x0254, 0x0301, 0x0254, 0x0301, 0x77, 0xE8, 0x20, 0x42, 0x6F, 0x6B, 0xED, 0x6D, 0xE0, 0x6C));
				case 402: return String(CharArray::of(0xC0, 0x72, 0xED, 0x77, 0xE1, 0x20, 0x4E, 0x64, 0x65, 0x62, 0x65, 0x6C, 0x65));
				case 403: return String(CharArray::of(0x4A, 0xE1, 0x6D, 0xE1, 0x6E, 0xEC, 0x20, 0xEC, 0x70, 0xEC, 0x6C, 0x025B, 0x0300));
				case 404: return String(CharArray::of(0xC8, 0x64, 0xE8, 0x20, 0x4E, 0x65, 0x70, 0x61, 0x6C, 0x69));
				case 405: return String(CharArray::of(0xC8, 0x64, 0xE8, 0x20, 0x4E, 0x65, 0x77, 0x61, 0x72, 0x69));
				case 406: return String(CharArray::of(0xC8, 0x64, 0xE8, 0x20, 0x4E, 0x64, 0x6F, 0x6E, 0x67, 0x61));
				case 407: return String(CharArray::of(0xC8, 0x64, 0xE8, 0x20, 0x4E, 0x69, 0x61));
				case 408: return String(CharArray::of(0xC8, 0x64, 0xE8, 0x20, 0x4E, 0x69, 0x75));
				case 410: 
					if (region == 51) return String(CharArray::of(0xC8, 0x64, 0xE8, 0x20, 0x46, 0x6C, 0x65, 0x6D, 0x69, 0x73, 0x68, 0x69));
					return String(CharArray::of(0xC8, 0x64, 0xE8, 0x20, 0x44, 0x0254, 0x0301, 0x0254, 0x0300, 0x73, 0x68, 0xEC));
				case 411: return String(CharArray::of(0x4B, 0xED, 0x77, 0xE1, 0x73, 0x68, 0xED, 0xF2));
				case 412: return String(CharArray::of(0x4E, 0x0254, 0x0301, 0x0254, 0x0301, 0x77, 0xE8, 0x20, 0x4E, 0xED, 0x6E, 0x0254, 0x0300, 0x73, 0xEC, 0x6B, 0xEC));
				case 413: return String(CharArray::of(0x4E, 0x67, 0x69, 0x65, 0x6D, 0x62, 0xF9, 0x6E, 0xF9));
				case 414: return String(CharArray::of(0xC8, 0x64, 0xE8, 0x20, 0x4E, 0x6F, 0x72, 0x77, 0x61, 0x79));
				case 415: return String(CharArray::of(0xC8, 0x64, 0xE8, 0x20, 0x4E, 0x6F, 0x67, 0x61, 0x69));
				case 418: return String(CharArray::of(0xC8, 0x64, 0xE8, 0x20, 0x4E, 0x6B, 0x6F));
				case 419: return String(CharArray::of(0xC8, 0x64, 0xE8, 0x20, 0x47, 0x75, 0x73, 0x75, 0x20, 0x4E, 0x64, 0x65, 0x62, 0x65, 0x6C, 0x65));
				case 420: return String(CharArray::of(0xC8, 0x64, 0xE8, 0x20, 0x41, 0x72, 0x69, 0x77, 0x61, 0x20, 0x53, 0x6F, 0x74, 0x6F));
				case 421: return String(CharArray::of(0x4E, 0xFA, 0x025B, 0x0300));
				case 422: return String(CharArray::of(0xC8, 0x64, 0xE8, 0x20, 0x4E, 0x61, 0x66, 0x61, 0x6A, 0x6F));
				case 424: return String(CharArray::of(0x0143, 0x79, 0xE1, 0x6A, 0xE0));
				case 426: return String(CharArray::of(0x0143, 0x79, 0xE1, 0x6B, 0x0254, 0x0301, 0x6C, 0xE8));
				case 429: return String(CharArray::of(0xC8, 0x64, 0xE8, 0x20, 0x0186, 0x0300, 0x6B, 0xED, 0x73, 0xED, 0x74, 0xE1, 0xE0, 0x6E, 0xEC));
				case 431: return String(CharArray::of(0xC8, 0x64, 0xE8, 0x20, 0x41, 0x72, 0x69, 0x77, 0x61, 0x2D, 0x69, 0x77, 0x6F, 0x6F, 0x72, 0x75, 0x6E, 0x20, 0x4F, 0x6A, 0x69, 0x62, 0x77, 0x61));
				case 432: return String(CharArray::of(0xC8, 0x64, 0xE8, 0x20, 0x4F, 0x6A, 0x69, 0x62, 0x77, 0x61, 0x20, 0x41, 0x61, 0x72, 0x69, 0x6E));
				case 434: return String(CharArray::of(0xC8, 0x64, 0xE8, 0x20, 0x4F, 0x6A, 0x69, 0x20, 0x4B, 0x72, 0x69));
				case 435: return String(CharArray::of(0xC8, 0x64, 0xE8, 0x20, 0x49, 0x77, 0x6F, 0x6F, 0x72, 0x75, 0x6E, 0x20, 0x4F, 0x6A, 0x69, 0x62, 0x77, 0x61));
				case 436: return String(CharArray::of(0xC8, 0x64, 0xE8, 0x20, 0x4F, 0x6B, 0x61, 0x6E, 0x61, 0x67, 0x61));
				case 437: return String(CharArray::of(0xD2, 0x72, 0xF2, 0x6D, 0x0254, 0x0301));
				case 438: return String(CharArray::of(0xC8, 0x64, 0xE8, 0x20, 0xD2, 0x64, 0xED, 0xE0));
				case 439: return String(CharArray::of(0x0186, 0x73, 0x68, 0x025B, 0x0301, 0x74, 0xED, 0xEC, 0x6B, 0xEC));
				case 442: return String(CharArray::of(0xC8, 0x64, 0xE8, 0x20, 0x50, 0x75, 0x6E, 0x6A, 0x61, 0x62, 0x69));
				case 443: return String(CharArray::of(0xC8, 0x64, 0xE8, 0x20, 0x50, 0x61, 0x6E, 0x67, 0x61, 0x73, 0x69, 0x6E, 0x61));
				case 445: return String(CharArray::of(0xC8, 0x64, 0xE8, 0x20, 0x50, 0x61, 0x6D, 0x70, 0x61, 0x6E, 0x67, 0x61));
				case 446: return String(CharArray::of(0xC8, 0x64, 0xE8, 0x20, 0x50, 0x61, 0x70, 0x69, 0x61, 0x6D, 0x65, 0x6E, 0x74, 0x6F));
				case 447: return String(CharArray::of(0xC8, 0x64, 0xE8, 0x20, 0x50, 0x61, 0x6C, 0x61));
				case 449: return String(CharArray::of(0xC8, 0x64, 0xE8, 0x20, 0x50, 0x69, 0x6A, 0x69, 0x6E, 0x69, 0x20, 0x74, 0x69, 0x20, 0x4E, 0x61, 0x69, 0x6A, 0x69, 0x72, 0x69, 0x79, 0x61));
				case 456: return String(CharArray::of(0xC8, 0x64, 0xE8, 0x20, 0x50, 0x69, 0x6A, 0x69));
				case 457: return String(CharArray::of(0xC8, 0x64, 0xE8, 0x20, 0x50, 0xF3, 0x6C, 0xE1, 0x01F9, 0x64, 0xEC));
				case 461: return String(CharArray::of(0xC8, 0x64, 0xE8, 0x20, 0x4D, 0x61, 0x6C, 0x69, 0x73, 0x65, 0x74, 0x69, 0x2D, 0x50, 0x61, 0x73, 0x61, 0x6D, 0x6B, 0x6F, 0x64, 0x69));
				case 462: return String(CharArray::of(0x50, 0xFA, 0x72, 0xFA, 0x73, 0x68, 0xED, 0xE0, 0x6E, 0xF9));
				case 464: return String(CharArray::of(0x50, 0xE1, 0x73, 0x68, 0xED, 0x74, 0xF2));
				case 465: 
					if (region == 224) return String(CharArray::of(0xC8, 0x64, 0xE8, 0x20, 0x50, 0x0254, 0x74, 0x6F, 0x67, 0xED, 0x20, 0x28, 0x6F, 0x72, 0xED, 0x6C, 0x025B, 0x0300, 0x2D, 0xE8, 0x64, 0xE8, 0x20, 0x59, 0xFA, 0x72, 0xF3, 0xF2, 0x70, 0xF9, 0x29));
					if (region == 62) return String(CharArray::of(0xC8, 0x64, 0xE8, 0x20, 0x50, 0x0254, 0x74, 0x6F, 0x67, 0xED, 0x20, 0x28, 0x4F, 0x72, 0x69, 0x6C, 0x025B, 0x0300, 0x2D, 0xE8, 0x64, 0xE8, 0x20, 0x42, 0x72, 0xE0, 0x73, 0xED, 0x6C, 0x29));
					return String(CharArray::of(0xC8, 0x64, 0xE8, 0x20, 0x50, 0x0254, 0x74, 0x6F, 0x67, 0xED));
				case 466: return String(CharArray::of(0x4B, 0xFA, 0x025B, 0x0301, 0x0144, 0x6A, 0xF9, 0xE0));
				case 469: return String(CharArray::of(0x52, 0x61, 0x6A, 0x61, 0x73, 0x74, 0xE1, 0x6E, 0xEC));
				case 470: return String(CharArray::of(0xC8, 0x64, 0xE8, 0x20, 0x52, 0x61, 0x70, 0x61, 0x6E, 0x75));
				case 471: return String(CharArray::of(0xC8, 0x64, 0xE8, 0x20, 0x52, 0x61, 0x72, 0x6F, 0x74, 0x6F, 0x6E, 0x67, 0x61));
				case 473: return String(CharArray::of(0xC8, 0x64, 0xE8, 0x20, 0x52, 0x6F, 0x68, 0x69, 0x6E, 0x67, 0x61));
				case 475: return String(CharArray::of(0x52, 0xF3, 0x6D, 0xE1, 0x01F9, 0x73, 0x68, 0xEC));
				case 476: return String(CharArray::of(0x52, 0xFA, 0x0144, 0x64, 0xEC));
				case 477: return String(CharArray::of(0xC8, 0x64, 0xE8, 0x20, 0x52, 0x6F, 0x6D, 0x61, 0x6E, 0x69, 0x61));
				case 478: return String(CharArray::of(0x52, 0xF3, 0x0144, 0x62, 0xF2));
				case 482: return String(CharArray::of(0xC8, 0x64, 0xE8, 0x20, 0x52, 0x0254, 0x0301, 0x73, 0x68, 0xED, 0xE0));
				case 485: return String(CharArray::of(0xC8, 0x64, 0xE8, 0x20, 0x41, 0x72, 0x6F, 0x6D, 0x61, 0x6E, 0x69));
				case 486: return String(CharArray::of(0xC8, 0x64, 0xE8, 0x20, 0x52, 0x75, 0x77, 0x61, 0x6E, 0x64, 0x61));
				case 487: return String(CharArray::of(0x52, 0x69, 0x77, 0x61));
				case 488: return String(CharArray::of(0xC8, 0x64, 0xE8, 0x20, 0x61, 0x77, 0x6F, 0x6E, 0x20, 0x61, 0x72, 0x61, 0x20, 0x49, 0x6E, 0x64, 0x6F));
				case 489: return String(CharArray::of(0xC8, 0x64, 0xE8, 0x20, 0x53, 0x61, 0x6E, 0x64, 0x61, 0x77, 0x65));
				case 490: return String(CharArray::of(0x53, 0xE0, 0x6B, 0xED, 0x68, 0xE0));
				case 492: return String(CharArray::of(0x53, 0x61, 0x6D, 0x62, 0x75, 0x72, 0x75));
				case 494: return String(CharArray::of(0xC8, 0x64, 0xE8, 0x20, 0x53, 0x61, 0x6E, 0x74, 0x61, 0x6C, 0x69));
				case 496: return String(CharArray::of(0xC8, 0x64, 0xE8, 0x20, 0x4E, 0x67, 0x61, 0x6D, 0x62, 0x61, 0x79, 0x69));
				case 497: return String(CharArray::of(0x53, 0x61, 0x6E, 0x67, 0x75));
				case 498: return String(CharArray::of(0xC8, 0x64, 0xE8, 0x20, 0x53, 0x61, 0x64, 0x69, 0x6E, 0x69));
				case 499: return String(CharArray::of(0xC8, 0x64, 0xE8, 0x20, 0x53, 0x69, 0x6B, 0x69, 0x6C, 0x61));
				case 500: return String(CharArray::of(0xC8, 0x64, 0xE8, 0x20, 0x53, 0x69, 0x6B, 0x6F, 0x74, 0x69));
				case 501: return String(CharArray::of(0xC8, 0x64, 0xE8, 0x20, 0x53, 0x69, 0x6E, 0x64, 0x68, 0x69));
				case 504: return String(CharArray::of(0x41, 0x70, 0xE1, 0xE0, 0x72, 0xED, 0x77, 0xE1, 0x20, 0x53, 0x61, 0x6D, 0x69));
				case 506: return String(CharArray::of(0x53, 0x68, 0x025B, 0x6E, 0xE0));
				case 509: return String(CharArray::of(0x4B, 0x6F, 0x69, 0x72, 0x61, 0x62, 0x6F, 0x72, 0x6F, 0x20, 0x53, 0x65, 0x6E, 0x69));
				case 510: return String(CharArray::of(0x53, 0x61, 0x6E, 0x67, 0x6F));
				case 513: return String(CharArray::of(0xC8, 0x64, 0xE8, 0x20, 0x53, 0x65, 0x72, 0x62, 0x6F, 0x2D, 0x43, 0x72, 0x6F, 0x61, 0x74, 0x69, 0x61, 0x6E, 0x69));
				case 514: return String(CharArray::of(0x54, 0x61, 0x73, 0x68, 0x65, 0x6C, 0xED, 0xEC, 0x74, 0xEC));
				case 515: return String(CharArray::of(0xC8, 0x64, 0xE8, 0x20, 0x53, 0x68, 0x61, 0x6E, 0x69));
				case 517: return String(CharArray::of(0xC8, 0x64, 0xE8, 0x20, 0x53, 0x69, 0x6E, 0x68, 0x61, 0x6C, 0x65, 0x73, 0x65));
				case 519: return String(CharArray::of(0xC8, 0x64, 0xE8, 0x20, 0x53, 0x6C, 0x6F, 0x76, 0x61, 0x6B, 0x69));
				case 521: return String(CharArray::of(0xC8, 0x64, 0xE8, 0x20, 0x53, 0x6C, 0x6F, 0x76, 0x65, 0x6E, 0x69, 0x61));
				case 522: return String(CharArray::of(0xC8, 0x64, 0xE8, 0x20, 0x47, 0x75, 0x73, 0x75, 0x20, 0x4C, 0x75, 0x73, 0x68, 0x6F, 0x6F, 0x74, 0x73, 0x65, 0x65, 0x64));
				case 525: return String(CharArray::of(0x53, 0xE1, 0x6D, 0xF3, 0xE1, 0x6E, 0xF9));
				case 528: return String(CharArray::of(0x49, 0x6E, 0x61, 0x72, 0x69, 0x20, 0x53, 0x61, 0x6D, 0x69));
				case 529: return String(CharArray::of(0xC8, 0x64, 0xE8, 0x20, 0x53, 0x69, 0x6B, 0x6F, 0x74, 0x69, 0x20, 0x53, 0x6D, 0x69));
				case 530: return String(CharArray::of(0x53, 0x68, 0x0254, 0x6E, 0xE0));
				case 531: return String(CharArray::of(0xC8, 0x64, 0xE8, 0x20, 0x53, 0x6F, 0x6E, 0x69, 0x6B, 0x65));
				case 532: return String(CharArray::of(0xC8, 0x64, 0xE8, 0x20, 0x61, 0x72, 0x61, 0x20, 0x53, 0x6F, 0x6D, 0x61, 0x6C, 0x69, 0x61));
				case 534: return String(CharArray::of(0xC8, 0x64, 0xE8, 0x20, 0x41, 0x6C, 0x62, 0x61, 0x6E, 0x69, 0x61));
				case 535: return String(CharArray::of(0xC8, 0x64, 0xE8, 0x20, 0x53, 0x65, 0x72, 0x62, 0x69, 0x61));
				case 536: return String(CharArray::of(0xC8, 0x64, 0xE8, 0x20, 0x53, 0x69, 0x72, 0x61, 0x6E, 0x61, 0x20, 0x54, 0x6F, 0x6E, 0x67, 0x6F));
				case 538: return String(CharArray::of(0xC8, 0x64, 0xE8, 0x20, 0x53, 0x75, 0x77, 0x61, 0x74, 0x69));
				case 540: return String(CharArray::of(0xC8, 0x64, 0xE8, 0x20, 0x53, 0x65, 0x73, 0x6F, 0x74, 0x6F));
				case 542: return String(CharArray::of(0xC8, 0x64, 0xE8, 0x20, 0x53, 0x69, 0x74, 0x69, 0x72, 0x61, 0x74, 0x69, 0x20, 0x53, 0x61, 0x6C, 0x69, 0x73, 0x69));
				case 543: return String(CharArray::of(0xC8, 0x64, 0xE8, 0x20, 0x53, 0x75, 0x64, 0x61, 0x6E, 0xED, 0x73, 0xEC));
				case 544: return String(CharArray::of(0xC8, 0x64, 0xE8, 0x20, 0x53, 0x75, 0x6B, 0x75, 0x6D, 0x61));
				case 547: return String(CharArray::of(0xC8, 0x64, 0xE8, 0x20, 0x53, 0x75, 0x77, 0x69, 0x64, 0x69, 0x69, 0x73, 0x69));
				case 548: return String(CharArray::of(0xC8, 0x64, 0xE8, 0x20, 0x53, 0x77, 0x61, 0x68, 0x69, 0x6C, 0x69));
				case 549: return String(CharArray::of(0xC8, 0x64, 0xE8, 0x20, 0x4B, 0x6F, 0x6D, 0x6F, 0x72, 0x61));
				case 551: return String(CharArray::of(0xC8, 0x64, 0xE8, 0x20, 0x53, 0x69, 0x72, 0x69, 0x61, 0x6B, 0x69));
				case 552: return String(CharArray::of(0x53, 0x69, 0x6C, 0xEC, 0x73, 0x68, 0xED, 0xE0, 0x6E, 0xEC));
				case 553: return String(CharArray::of(0xC8, 0x64, 0xE8, 0x20, 0x54, 0x61, 0x6D, 0x69, 0x6C, 0x69));
				case 554: return String(CharArray::of(0xC8, 0x64, 0xE8, 0x20, 0x47, 0x75, 0x73, 0x75, 0x20, 0x54, 0x75, 0x73, 0x68, 0x6F, 0x6E, 0x69));
				case 556: return String(CharArray::of(0xC8, 0x64, 0xE8, 0x20, 0x54, 0x65, 0x6C, 0x75, 0x67, 0x75));
				case 557: return String(CharArray::of(0xC8, 0x64, 0xE8, 0x20, 0x54, 0x69, 0x6D, 0x6E, 0x65));
				case 558: return String(CharArray::of(0x54, 0x025B, 0x0301, 0x73, 0xF2));
				case 560: return String(CharArray::of(0xC8, 0x64, 0xE8, 0x20, 0x54, 0x65, 0x74, 0x75, 0x6D));
				case 561: return String(CharArray::of(0xC8, 0x64, 0xE8, 0x20, 0x54, 0xE0, 0x6A, 0xED, 0xEC, 0x6B, 0xEC));
				case 562: return String(CharArray::of(0xC8, 0x64, 0xE8, 0x20, 0x54, 0x61, 0x67, 0x69, 0x73, 0x69));
				case 563: return String(CharArray::of(0xC8, 0x64, 0xE8, 0x20, 0x54, 0x61, 0x69));
				case 564: return String(CharArray::of(0xC8, 0x64, 0xE8, 0x20, 0x54, 0x61, 0x6A, 0x69, 0x74, 0x69));
				case 565: return String(CharArray::of(0xC8, 0x64, 0xE8, 0x20, 0x54, 0x69, 0x67, 0x72, 0x69, 0x6E, 0x79, 0x61));
				case 566: return String(CharArray::of(0xC8, 0x64, 0xE8, 0x20, 0x54, 0x69, 0x67, 0x72, 0x65));
				case 568: return String(CharArray::of(0xC8, 0x64, 0xE8, 0x20, 0x54, 0x75, 0x72, 0x6B, 0x6D, 0x65, 0x6E));
				case 572: return String(CharArray::of(0xC8, 0x64, 0xE8, 0x20, 0x4B, 0x6C, 0x69, 0x6E, 0x67, 0x6F, 0x6E, 0x69));
				case 573: return String(CharArray::of(0xC8, 0x64, 0xE8, 0x20, 0x54, 0x6C, 0x69, 0x6E, 0x67, 0x69, 0x74, 0x69));
				case 576: return String(CharArray::of(0xC8, 0x64, 0xE8, 0x20, 0x53, 0x75, 0x77, 0x61, 0x6E, 0x61));
				case 577: return String(CharArray::of(0x54, 0xF3, 0x0144, 0x67, 0xE0, 0x6E));
				case 579: return String(CharArray::of(0xC8, 0x64, 0xE8, 0x20, 0x54, 0x6F, 0x6B, 0x69, 0x20, 0x50, 0x6F, 0x6E, 0x61));
				case 580: return String(CharArray::of(0xC8, 0x64, 0xE8, 0x20, 0x54, 0x6F, 0x6B, 0x20, 0x50, 0x69, 0x73, 0x69, 0x6E, 0x69));
				case 581: return String(CharArray::of(0xC8, 0x64, 0xE8, 0x20, 0x54, 0x0254, 0x0254, 0x6B, 0x69, 0x73, 0x69));
				case 583: return String(CharArray::of(0xC8, 0x64, 0xE8, 0x20, 0x54, 0x61, 0x72, 0x6F, 0x6B, 0x6F));
				case 585: return String(CharArray::of(0xC8, 0x64, 0xE8, 0x20, 0x53, 0x6F, 0x6E, 0x67, 0x61));
				case 588: return String(CharArray::of(0x54, 0xE1, 0x74, 0xE1, 0x72, 0xEC));
				case 589: return String(CharArray::of(0xC8, 0x64, 0xE8, 0x20, 0x41, 0x72, 0x69, 0x77, 0x61, 0x20, 0x54, 0x75, 0x73, 0x6F, 0x6E, 0x69));
				case 591: return String(CharArray::of(0xC8, 0x64, 0xE8, 0x20, 0x54, 0x75, 0x6D, 0x62, 0x75, 0x6B, 0x61));
				case 592: return String(CharArray::of(0xC8, 0x64, 0xE8, 0x20, 0x54, 0x69, 0x66, 0x61, 0x6C, 0x75));
				case 594: return String(CharArray::of(0x54, 0x61, 0x73, 0x61, 0x77, 0x61, 0x6B));
				case 595: return String(CharArray::of(0xC8, 0x64, 0xE8, 0x20, 0x54, 0x61, 0x68, 0x69, 0x74, 0x69));
				case 596: return String(CharArray::of(0xC8, 0x64, 0xE8, 0x20, 0x54, 0x75, 0x76, 0x69, 0x6E, 0x69));
				case 597: return String(CharArray::of(0xC0, 0xE0, 0x72, 0x69, 0x6E, 0x20, 0x47, 0x62, 0xF9, 0x6E, 0x67, 0x62, 0xF9, 0x6E, 0x20, 0x41, 0x74, 0x6C, 0x61, 0x73, 0x20, 0x54, 0x61, 0x6D, 0x61, 0x7A, 0x69, 0x67, 0x68, 0x74));
				case 598: return String(CharArray::of(0xC8, 0x64, 0xE8, 0x20, 0x55, 0x64, 0x6D, 0x75, 0x74, 0x69));
				case 599: return String(CharArray::of(0x59, 0xFA, 0x67, 0x0254, 0x0300));
				case 601: return String(CharArray::of(0xC8, 0x64, 0xE8, 0x20, 0x55, 0x6B, 0x61, 0x6E, 0x69, 0x61));
				case 602: return String(CharArray::of(0xC8, 0x64, 0xE8, 0x20, 0x55, 0x6D, 0x62, 0x75, 0x6E, 0x64, 0x75));
				case 603: return String(CharArray::of(0xC8, 0x64, 0xE8, 0x20, 0xE0, 0xEC, 0x6D, 0x0254, 0x0300));
				case 604: return String(CharArray::of(0xC8, 0x64, 0xE8, 0x20, 0x55, 0x64, 0x75));
				case 605: return String(CharArray::of(0xC8, 0x64, 0xE8, 0x20, 0x55, 0x7A, 0x62, 0x65, 0x6B));
				case 607: return String(CharArray::of(0xC8, 0x64, 0xE8, 0x20, 0x46, 0x65, 0x6E, 0x64, 0x61));
				case 608: return String(CharArray::of(0x46, 0xE8, 0x6E, 0xE9, 0x73, 0x68, 0xEC, 0xE0, 0x6E, 0xEC));
				case 610: return String(CharArray::of(0xC8, 0x64, 0xE8, 0x20, 0x4A, 0x65, 0x74, 0x69, 0x6E, 0x61, 0x6D, 0x75));
				case 613: return String(CharArray::of(0x4D, 0xE0, 0x6B, 0xFA, 0x77, 0xE0));
				case 614: return String(CharArray::of(0x46, 0x0254, 0x0301, 0x6C, 0xE1, 0x70, 0xF9, 0xF9, 0x6B, 0xF9));
				case 617: return String(CharArray::of(0x46, 0x75, 0x6E, 0x6A, 0x6F));
				case 618: return String(CharArray::of(0xC8, 0x64, 0xE8, 0x20, 0x57, 0x61, 0x6C, 0x75, 0x6E, 0x69));
				case 619: return String(CharArray::of(0x57, 0x0254, 0x73, 0xE0));
				case 620: return String(CharArray::of(0xC8, 0x64, 0xE8, 0x20, 0x57, 0x6F, 0x6C, 0x61, 0x74, 0x61));
				case 621: return String(CharArray::of(0xC8, 0x64, 0xE8, 0x20, 0x57, 0x61, 0x72, 0x61));
				case 624: return String(CharArray::of(0x57, 0x0254, 0x0301, 0x6C, 0x0254, 0x0301, 0x0254, 0x0300, 0x66, 0xF9));
				case 625: return String(CharArray::of(0xC8, 0x64, 0xE8, 0x20, 0x57, 0x75, 0x20, 0x74, 0x69, 0x20, 0x53, 0x61, 0x69, 0x6E, 0x61));
				case 626: return String(CharArray::of(0xC8, 0x64, 0xE8, 0x20, 0x4B, 0x61, 0x6C, 0x69, 0x6D, 0x69));
				case 627: return String(CharArray::of(0xC8, 0x64, 0xE8, 0x20, 0x58, 0x68, 0x6F, 0x73, 0x61));
				case 629: return String(CharArray::of(0x4B, 0x61, 0x6E, 0x67, 0x69, 0x72, 0x69));
				case 630: return String(CharArray::of(0x53, 0x68, 0xF3, 0x67, 0xE0));
				case 633: return String(CharArray::of(0x59, 0x61, 0x6E, 0x67, 0x62, 0x025B, 0x6E));
				case 634: return String(CharArray::of(0xC8, 0x64, 0xE8, 0x20, 0x59, 0x65, 0x6D, 0x62, 0x61));
				case 635: return String(CharArray::of(0xC8, 0x64, 0xE8, 0x20, 0x59, 0x69, 0x64, 0x64, 0x69, 0x73, 0x68, 0x69));
				case 636: return String(CharArray::of(0xC8, 0x64, 0xE8, 0x20, 0x59, 0x6F, 0x72, 0xF9, 0x62, 0xE1));
				case 637: return String(CharArray::of(0xC8, 0x64, 0xE8, 0x20, 0x4E, 0x69, 0x6E, 0x67, 0x61, 0x74, 0x75));
				case 638: return String(CharArray::of(0xC8, 0x64, 0xE8, 0x20, 0x4B, 0x61, 0x6E, 0x74, 0x6F, 0x6E, 0x65, 0x73, 0x65));
				case 639: return String(CharArray::of(0x53, 0x68, 0xFA, 0x77, 0xE1, 0xE0, 0x6E, 0xF9));
				case 644: return String(CharArray::of(0xC0, 0x66, 0x025B, 0x6E, 0xF9, 0x6B, 0xF2, 0x20, 0x54, 0xE1, 0x6D, 0xE1, 0x73, 0xE1, 0xEC, 0x74, 0xEC, 0x20, 0x74, 0x69, 0x20, 0x4D, 0xF2, 0x72, 0xF3, 0x6B, 0xF2));
				case 645: 
					if (script == 61) return String(CharArray::of(0xC8, 0x64, 0xE8, 0x20, 0x53, 0x68, 0xE1, 0xED, 0x6E, 0xE0, 0x20, 0xCC, 0x62, 0xED, 0x6C, 0x025B, 0x0300));
					if (script == 60) return String(CharArray::of(0x0190, 0x64, 0xE8, 0x20, 0x53, 0x68, 0xE1, 0xED, 0x6E, 0xE0, 0x20, 0x4F, 0x6E, 0xED, 0x72, 0x0254, 0x0300, 0x72, 0xF9, 0x6E));
					return String(CharArray::of(0x45, 0x64, 0xE8, 0x20, 0x53, 0x68, 0xE1, 0xED, 0x6E, 0xE0));
				case 646: return String(CharArray::of(0xC8, 0x64, 0xE8, 0x20, 0x53, 0x68, 0x75, 0x6C, 0x75));
				case 647: return String(CharArray::of(0xC8, 0x64, 0xE8, 0x20, 0x53, 0x75, 0x6E, 0x69));
				case 648: return String(CharArray::of(0x4B, 0xF2, 0x20, 0x73, 0xED, 0x20, 0xE0, 0x6B, 0xF3, 0xF2, 0x6E, 0xFA, 0x20, 0x65, 0x6C, 0xE9, 0x64, 0xE8));
				case 649: return String(CharArray::of(0xC8, 0x64, 0xE8, 0x20, 0x53, 0x61, 0x73, 0x61));
            default: break;
            }
            return String();
        }
        
        String Yo_Bj::displayScript(gint script) const {
            switch(script) {
				case 0: return String(CharArray::of(0xC8, 0x64, 0xE8, 0x20, 0x41, 0x64, 0x61, 0x6D));
				case 4: return String(CharArray::of(0xE8, 0x64, 0xE8, 0x20, 0x4C, 0xE1, 0x72, 0xFA, 0x62, 0xE1, 0x77, 0xE1));
				case 5: return String(CharArray::of(0xC8, 0x64, 0xE8, 0x20, 0x41, 0x72, 0x61, 0x6E));
				case 7: return String(CharArray::of(0xC0, 0x6D, 0x025B, 0x0301, 0x6E, 0xED, 0xE0));
				case 10: return String(CharArray::of(0x42, 0x61, 0x6D, 0x75, 0x6D, 0x75));
				case 12: return String(CharArray::of(0x42, 0x61, 0x74, 0x61, 0x6B, 0x69));
				case 13: return String(CharArray::of(0x42, 0xE1, 0x0144, 0x67, 0xED, 0x6C, 0xE0));
				case 16: return String(CharArray::of(0x42, 0x6F, 0x70, 0x6F, 0x6D, 0xF3, 0x66, 0xF2));
				case 18: return String(CharArray::of(0x42, 0xED, 0x72, 0xE1, 0xEC, 0x6C, 0xE8));
				case 21: return String(CharArray::of(0x4B, 0x61, 0x6D, 0x69));
				case 22: return String(CharArray::of(0xC8, 0x64, 0xE8, 0x20, 0x41, 0x70, 0x61, 0x70, 0x6F, 0x20, 0x4F, 0x6E, 0x69, 0x6C, 0x65, 0x20, 0x4F, 0x6E, 0x69, 0x73, 0x69, 0x6C, 0x65, 0x62, 0x75, 0x20, 0x74, 0x69, 0x20, 0x4B, 0x61, 0x6E, 0x61, 0x64, 0x61));
				case 25: return String(CharArray::of(0xC8, 0x64, 0xE8, 0x20, 0x53, 0x68, 0x65, 0x72, 0x6F, 0x6B, 0x69));
				case 31: return String(CharArray::of(0xE8, 0x64, 0xE8, 0x20, 0x69, 0x6C, 0x025B, 0x0300, 0x20, 0x52, 0x0254, 0x0301, 0x73, 0x68, 0xED, 0xE0));
				case 33: return String(CharArray::of(0x44, 0x025B, 0x66, 0x61, 0x6E, 0x61, 0x67, 0xE1, 0x72, 0xEC));
				case 43: return String(CharArray::of(0x0190, 0x74, 0x69, 0xF3, 0x70, 0xED, 0xEC, 0x6B, 0xEC));
				case 46: return String(CharArray::of(0x4A, 0x0254, 0x0301, 0x6A, 0xED, 0xE0, 0x6E, 0xF9));
				case 48: return String(CharArray::of(0x47, 0x75, 0x6E, 0x6A, 0x61, 0x6C, 0x61, 0x20, 0x47, 0x6F, 0x6E, 0x64, 0x69));
				case 52: return String(CharArray::of(0x47, 0xED, 0x72, 0xED, 0x6B, 0xEC));
				case 53: return String(CharArray::of(0x47, 0x75, 0x6A, 0x61, 0x72, 0xE1, 0x74, 0x69));
				case 55: return String(CharArray::of(0x47, 0x75, 0x72, 0x75, 0x6D, 0xFA, 0x6B, 0x68, 0xEC));
				case 56: return String(CharArray::of(0x48, 0x61, 0x6E, 0x20, 0x70, 0x025B, 0x0300, 0x6C, 0xFA, 0x20, 0x42, 0x6F, 0x70, 0x6F, 0x6D, 0xF3, 0x66, 0xF2));
				case 57: return String(CharArray::of(0x48, 0xE1, 0x0144, 0x67, 0xF9, 0x6C, 0xF9));
				case 58: return String(CharArray::of(0x48, 0xE1, 0xE0, 0x6E, 0xF9));
				case 60: return String(CharArray::of(0x74, 0xED, 0x20, 0x77, 0x0254, 0x0301, 0x6E, 0x20, 0x6D, 0xFA, 0x20, 0x72, 0x0254, 0x72, 0xF9, 0x6E, 0x2E));
				case 61: return String(CharArray::of(0xC0, 0x62, 0xE1, 0x6C, 0xE1, 0x79, 0xE9));
				case 63: return String(CharArray::of(0x48, 0xE9, 0x62, 0xE9, 0x72, 0xF9));
				case 64: return String(CharArray::of(0x48, 0x69, 0x72, 0x61, 0x67, 0xE1, 0x6E, 0xE0));
				case 67: return String(CharArray::of(0x4E, 0x79, 0x69, 0x61, 0x6B, 0x65, 0x6E, 0x67, 0x69, 0x20, 0x50, 0x75, 0x61, 0x73, 0x65, 0x20, 0x48, 0x69, 0x6D, 0x6F, 0x6E, 0x67, 0x69));
				case 68: return String(CharArray::of(0xEC, 0x6C, 0xE0, 0x6E, 0xE0, 0x20, 0xE0, 0x66, 0x0254, 0x77, 0x0254, 0x0301, 0x6B, 0x0254, 0x20, 0x61, 0x72, 0xE1, 0x20, 0x4A, 0xE0, 0x70, 0xE1, 0x6E, 0xF9));
				case 73: return String(CharArray::of(0xC8, 0x64, 0xE8, 0x20, 0x4A, 0x61, 0x66, 0x61, 0x6E, 0x69, 0x69, 0x73, 0x69));
				case 74: return String(CharArray::of(0xE8, 0x64, 0xE8, 0x20, 0x6A, 0xE0, 0x70, 0xE1, 0xE0, 0x6E, 0xF9));
				case 76: return String(CharArray::of(0xC8, 0x64, 0xE8, 0x20, 0x4B, 0x61, 0x79, 0x61, 0x20, 0x4C, 0x69));
				case 77: return String(CharArray::of(0x4B, 0x61, 0x74, 0x61, 0x6B, 0xE1, 0x6E, 0xE0));
				case 80: return String(CharArray::of(0x4B, 0x025B, 0x6D, 0x025B, 0x0300));
				case 83: return String(CharArray::of(0x4B, 0x61, 0x6E, 0x61, 0x64, 0x61));
				case 84: return String(CharArray::of(0x4B, 0xF3, 0x72, 0xED, 0xE0));
				case 88: return String(CharArray::of(0xC8, 0x64, 0xE8, 0x20, 0x4C, 0x61, 0x6E, 0x61));
				case 89: return String(CharArray::of(0x4C, 0xE1, 0xF2));
				case 92: return String(CharArray::of(0xC8, 0x64, 0xE8, 0x20, 0x4C, 0xE1, 0x74, 0xEC, 0x6E));
				case 93: return String(CharArray::of(0xC8, 0x64, 0xE8, 0x20, 0x4C, 0x65, 0x70, 0x69, 0x6B, 0x61));
				case 94: return String(CharArray::of(0xC8, 0x64, 0xE8, 0x20, 0x4C, 0x69, 0x6D, 0x62, 0x75));
				case 97: return String(CharArray::of(0x46, 0x75, 0x72, 0x61, 0x73, 0x61));
				case 103: return String(CharArray::of(0xC8, 0x64, 0xE8, 0x20, 0x4D, 0x61, 0x6E, 0x64, 0x61, 0x69, 0x61, 0x6E, 0x69));
				case 111: return String(CharArray::of(0x4D, 0xE1, 0x6C, 0xE0, 0x79, 0xE1, 0x6C, 0xE1, 0x6D, 0xF9));
				case 113: return String(CharArray::of(0xC8, 0x64, 0xE8, 0x20, 0x4D, 0xF2, 0x6E, 0x67, 0xF3, 0x6C, 0xED, 0xE0));
				case 116: return String(CharArray::of(0xC8, 0x64, 0xE8, 0x20, 0x4D, 0x65, 0x69, 0x74, 0x65, 0x69, 0x20, 0x4D, 0x61, 0x79, 0x65, 0x6B, 0x69));
				case 118: return String(CharArray::of(0x4D, 0x79, 0xE1, 0x6E, 0x6D, 0x61, 0x72, 0xE0));
				case 123: return String(CharArray::of(0xC8, 0x64, 0xE8, 0x20, 0x4E, 0x65, 0x77, 0x61));
				case 125: return String(CharArray::of(0xC8, 0x64, 0xE8, 0x20, 0x4E, 0x6B, 0x6F, 0x6F));
				case 128: return String(CharArray::of(0xC8, 0x64, 0xE8, 0x20, 0x4F, 0x6C, 0x20, 0x53, 0x69, 0x6B, 0x69));
				case 131: return String(CharArray::of(0xD2, 0x64, 0xED, 0xE0));
				case 132: return String(CharArray::of(0xC8, 0x64, 0xE8, 0x20, 0x4F, 0x73, 0x61, 0x67, 0x65));
				case 143: return String(CharArray::of(0x46, 0x6F, 0x6E, 0x025B, 0x74, 0x69, 0x69, 0x6B, 0x69, 0x20, 0x50, 0x6F, 0x6C, 0x61, 0x61, 0x64, 0x69));
				case 147: return String(CharArray::of(0xC8, 0x64, 0xE8, 0x20, 0x48, 0x61, 0x6E, 0x69, 0x66, 0x69));
				case 153: return String(CharArray::of(0xC8, 0x64, 0xE8, 0x20, 0x53, 0x61, 0x75, 0x72, 0x61, 0x73, 0x69, 0x74, 0x69, 0x72, 0x61));
				case 159: return String(CharArray::of(0x53, 0xEC, 0x6E, 0x68, 0xE1, 0x6C, 0xE0));
				case 164: return String(CharArray::of(0xC8, 0x64, 0xE8, 0x20, 0x53, 0x75, 0x6E, 0x64, 0x61, 0x6E, 0x69));
				case 167: return String(CharArray::of(0xC8, 0x64, 0xE8, 0x20, 0x53, 0x69, 0x72, 0x69, 0x61, 0x6B, 0x69));
				case 175: return String(CharArray::of(0x54, 0xE1, 0x6D, 0xED, 0x6C, 0xEC));
				case 178: return String(CharArray::of(0x54, 0xE9, 0x6C, 0xFA, 0x67, 0xF9));
				case 180: return String(CharArray::of(0xC8, 0x64, 0xE8, 0x20, 0x54, 0x69, 0x66, 0x69, 0x6E, 0x61));
				case 182: return String(CharArray::of(0x54, 0x61, 0x61, 0x6E, 0x61));
				case 184: return String(CharArray::of(0x54, 0xED, 0x62, 0xE9, 0x74, 0xE1, 0x6E));
				case 191: return String(CharArray::of(0xC8, 0x64, 0xE8, 0x20, 0x46, 0x61, 0x69));
				case 200: return String(CharArray::of(0xC8, 0x64, 0xE8, 0x20, 0x59, 0x69));
				case 202: return String(CharArray::of(0x54, 0xED, 0x20, 0x61, 0x20, 0x6A, 0x6F, 0x67, 0xFA, 0x6E));
				case 203: return String(CharArray::of(0xC0, 0x6D, 0xEC, 0x20, 0xCC, 0x73, 0x68, 0xE8, 0x73, 0xEC, 0x72, 0xF2));
				case 204: return String(CharArray::of(0xC9, 0x6D, 0xF3, 0x6A, 0xEC));
				case 205: return String(CharArray::of(0xC0, 0x77, 0x0254, 0x6E, 0x20, 0xE0, 0x6D, 0xEC));
				case 206: return String(CharArray::of(0x41, 0x69, 0x6B, 0x0254, 0x73, 0x69, 0x6C, 0x025B));
				case 207: return String(CharArray::of(0x57, 0x0254, 0x0301, 0x70, 0x0254, 0x0300));
				case 208: return String(CharArray::of(0xCC, 0x73, 0x68, 0x0254, 0x77, 0x0254, 0x0301, 0x6B, 0x0254, 0x0300, 0x77, 0xE9, 0x20, 0xE0, 0xEC, 0x6D, 0x0254, 0x0300));
            default: break;
            }
            return String();
        }
        
        String Yo_Bj::displayCountry(gint region) const {
            switch(region) {

				case 0: return String(CharArray::of(0x41, 0x67, 0x62, 0xE1, 0x79, 0xE9));

				case 1: return String(CharArray::of(0xC1, 0x66, 0xED, 0x72, 0xED, 0x6B, 0xE0));

				case 2: return String(CharArray::of(0xC0, 0x72, 0xED, 0x77, 0xE1, 0x20, 0x41, 0x6D, 0x025B, 0x0301, 0x72, 0xED, 0x6B, 0xE0));

				case 3: return String(CharArray::of(0x47, 0xFA, 0xFA, 0x73, 0x68, 0xF9, 0x20, 0x41, 0x6D, 0x025B, 0x0301, 0x72, 0xED, 0x6B, 0xE0));

				case 4: return String(CharArray::of(0xD2, 0x73, 0x0254, 0x0301, 0x0254, 0x0301, 0x6E, 0xED, 0xE0));

				case 5: return String(CharArray::of(0xCC, 0x77, 0x0254, 0x0300, 0x20, 0x6F, 0x6F, 0x72, 0xF9, 0x6E, 0x20, 0x41, 0x66, 0xED, 0x72, 0xED, 0x6B, 0xE0));

				case 6: return String(CharArray::of(0xC0, 0xE0, 0x72, 0x69, 0x6E, 0x20, 0x47, 0x62, 0xF9, 0x67, 0x62, 0xF9, 0x6E, 0x20, 0xC0, 0x6D, 0x025B, 0x0301, 0x72, 0xED, 0x6B, 0xE0));

				case 7: return String(CharArray::of(0xCC, 0x6C, 0xE0, 0x20, 0x4F, 0x6F, 0x72, 0xF9, 0x6E, 0x20, 0xC1, 0x66, 0xED, 0x72, 0xED, 0x6B, 0xE0));

				case 8: return String(CharArray::of(0xC0, 0x72, 0xED, 0x77, 0xE1, 0x20, 0x41, 0x66, 0xED, 0x72, 0xED, 0x6B, 0xE0));

				case 9: return String(CharArray::of(0xC0, 0xE0, 0x72, 0xED, 0x6E, 0x20, 0x67, 0x62, 0xF9, 0x6E, 0x67, 0x62, 0xF9, 0x6E, 0x20, 0x41, 0x66, 0xED, 0x72, 0xED, 0x6B, 0xE0));

				case 10: return String(CharArray::of(0x41, 0x70, 0xE1, 0x67, 0xFA, 0xFA, 0x73, 0xF9, 0x20, 0xC1, 0x66, 0xED, 0x72, 0xED, 0x6B, 0xE0));

				case 11: return String(CharArray::of(0x41, 0x6D, 0x025B, 0x0301, 0x72, 0xED, 0x6B, 0xE0));

				case 12: return String(CharArray::of(0x41, 0x70, 0xE1, 0xE0, 0x72, 0xED, 0x77, 0xE1, 0x20, 0x41, 0x6D, 0x025B, 0x0301, 0x72, 0xED, 0x6B, 0xE0));

				case 13: return String(CharArray::of(0x4B, 0xE1, 0x72, 0xED, 0x62, 0xED, 0xE0, 0x6E, 0xF9));

				case 14: return String(CharArray::of(0xCC, 0x6C, 0xE0, 0x20, 0xD2, 0xF2, 0x72, 0xF9, 0x6E, 0x20, 0x45, 0x73, 0x68, 0xED, 0xE0));

				case 15: return String(CharArray::of(0x47, 0xFA, 0xFA, 0x73, 0x68, 0xF9, 0x20, 0x45, 0x73, 0x68, 0xED, 0xE0));

				case 16: return String(CharArray::of(0x47, 0xFA, 0xFA, 0x73, 0x68, 0xF9, 0x20, 0xEC, 0x6C, 0xE0, 0x20, 0xF2, 0xF2, 0x72, 0xF9, 0x6E, 0x20, 0xC9, 0x73, 0x68, 0xED, 0xE0));

				case 17: return String(CharArray::of(0x47, 0xFA, 0xFA, 0x73, 0x68, 0xF9, 0x20, 0x59, 0xFA, 0x72, 0xF3, 0xF2, 0x70, 0xF9));

				case 18: return String(CharArray::of(0x0186, 0x73, 0x68, 0x69, 0x72, 0xE9, 0x6C, 0x61, 0x73, 0x68, 0xED, 0xE0));

				case 19: return String(CharArray::of(0x4D, 0x025B, 0x6C, 0x61, 0x6E, 0xE9, 0x73, 0x68, 0xED, 0xE0));

				case 20: return String(CharArray::of(0x41, 0x67, 0x62, 0xE8, 0x67, 0x62, 0xE8, 0x20, 0x4D, 0x61, 0x69, 0x6B, 0x69, 0x72, 0x6F, 0x6E, 0xE9, 0x73, 0x68, 0xED, 0xE0));

				case 21: return String(CharArray::of(0x50, 0x6F, 0x6C, 0x69, 0x6E, 0x65, 0x73, 0x68, 0xED, 0xE0));

				case 22: return String(CharArray::of(0xC1, 0x73, 0x68, 0xED, 0xE0));

				case 23: return String(CharArray::of(0xC0, 0xE0, 0x72, 0x69, 0x6E, 0x20, 0x47, 0x62, 0xF9, 0x6E, 0x67, 0x62, 0xF9, 0x6E, 0x20, 0xC9, 0x73, 0x68, 0xED, 0xE0));

				case 24: return String(CharArray::of(0xCC, 0x77, 0x0254, 0x0300, 0x20, 0xD2, 0xF2, 0x72, 0xF9, 0x6E, 0x20, 0x45, 0x73, 0x68, 0xED, 0xE0));

				case 25: return String(CharArray::of(0x59, 0xFA, 0x72, 0xF3, 0xF2, 0x70, 0xF9));

				case 26: return String(CharArray::of(0xCC, 0x6C, 0xE0, 0x20, 0xD2, 0x72, 0xF9, 0x6E, 0x20, 0x59, 0xFA, 0x72, 0xF3, 0x70, 0xF9));

				case 27: return String(CharArray::of(0xC0, 0x72, 0xED, 0x77, 0xE1, 0x20, 0x59, 0xFA, 0x72, 0xF3, 0xF2, 0x70, 0xF9));

				case 28: return String(CharArray::of(0xCC, 0x77, 0x0254, 0x0300, 0x20, 0xD2, 0xF2, 0x72, 0xF9, 0x6E, 0x20, 0x59, 0xFA, 0x72, 0xF3, 0x70, 0xF9));

				case 29: return String(CharArray::of(0x41, 0x70, 0xE1, 0x20, 0x53, 0xE0, 0x68, 0xE1, 0x72, 0xE0, 0x20, 0xC1, 0x66, 0xED, 0x72, 0xED, 0x6B, 0xE0));

				case 30: return String(CharArray::of(0x4C, 0xE1, 0x74, 0xED, 0x6E, 0x20, 0x41, 0x6D, 0x025B, 0x0301, 0x72, 0xED, 0x6B, 0xE0));

				case 31: return String(CharArray::of(0x45, 0x72, 0xE9, 0x6B, 0xF9, 0x73, 0xF9, 0x20, 0x41, 0x73, 0x63, 0x65, 0x6E, 0x73, 0x69, 0x6F, 0x6E));

				case 32: return String(CharArray::of(0xC0, 0xE0, 0x6E, 0x64, 0xF3, 0x72, 0xE0));

				case 33: return String(CharArray::of(0x0190, 0x6D, 0x69, 0x72, 0x61, 0x74, 0x65, 0x20, 0x74, 0x69, 0x20, 0x41, 0x77, 0x0254, 0x6E, 0x20, 0x41, 0x72, 0x61, 0x62, 0x75));

				case 34: return String(CharArray::of(0xC0, 0x66, 0xF9, 0x67, 0xE0, 0x6E, 0xED, 0x73, 0x74, 0xE1, 0x6E, 0xEC));

				case 35: return String(CharArray::of(0xC0, 0xE0, 0x6E, 0x74, 0xED, 0x67, 0xFA, 0xE0, 0x20, 0xE0, 0x74, 0x69, 0x20, 0x42, 0xE1, 0x72, 0xED, 0x62, 0xFA, 0x64, 0xE0));

				case 36: return String(CharArray::of(0xC0, 0xE0, 0x6E, 0x67, 0xFA, 0x6C, 0xED, 0x6C, 0xE0));

				case 37: return String(CharArray::of(0xC0, 0x6C, 0xF9, 0x62, 0xE0, 0x6E, 0xED, 0xE1, 0x6E, 0xEC));

				case 38: return String(CharArray::of(0x41, 0x6D, 0xE9, 0x6E, 0xED, 0xE0));

				case 39: return String(CharArray::of(0xC0, 0xE0, 0x6E, 0x67, 0xF3, 0x6C, 0xE0));

				case 40: return String(CharArray::of(0x41, 0x6E, 0x74, 0x61, 0x6B, 0xED, 0x74, 0xED, 0x6B, 0xE0));

				case 41: return String(CharArray::of(0x41, 0x67, 0x65, 0x6E, 0x74, 0xED, 0x6E, 0xE0));

				case 42: return String(CharArray::of(0x53, 0xE1, 0x6D, 0xF3, 0xE1, 0x6E, 0xEC, 0x20, 0x74, 0x69, 0x20, 0x4F, 0x72, 0xED, 0x6C, 0x025B, 0x0301, 0xE8, 0x64, 0x65, 0x20, 0xC0, 0x6D, 0xE9, 0x72, 0xED, 0x6B, 0xE0));

				case 43: return String(CharArray::of(0x41, 0x73, 0xED, 0x74, 0xED, 0x72, 0xED, 0xE0));

				case 44: return String(CharArray::of(0x41, 0x75, 0x73, 0x74, 0x72, 0xE1, 0x6C, 0xED, 0xE0));

				case 45: return String(CharArray::of(0xC1, 0x72, 0xFA, 0x62, 0xE0));

				case 46: return String(CharArray::of(0xC0, 0x77, 0x0254, 0x6E, 0x20, 0x45, 0x72, 0xE9, 0x6B, 0xF9, 0x73, 0xF9, 0x20, 0x74, 0x69, 0x20, 0x41, 0x6C, 0x61, 0x6E, 0x64));

				case 47: return String(CharArray::of(0x41, 0x73, 0x025B, 0x0301, 0x62, 0xE1, 0x6A, 0xE1, 0x6E, 0xEC));

				case 48: return String(CharArray::of(0x42, 0x0254, 0x0300, 0x73, 0xED, 0x6E, 0xED, 0xE0, 0x20, 0xE0, 0x74, 0x69, 0x20, 0x0190, 0x74, 0x69, 0x73, 0x025B, 0x67, 0xF3, 0x66, 0xED, 0x6E, 0xE0));

				case 49: return String(CharArray::of(0x42, 0xE1, 0x62, 0xE1, 0x64, 0xF3, 0x73, 0xEC));

				case 50: return String(CharArray::of(0x42, 0xE1, 0x6E, 0x67, 0xE1, 0x6C, 0xE1, 0x64, 0xE9, 0x73, 0xEC));

				case 51: return String(CharArray::of(0x42, 0xE9, 0x67, 0xED, 0x0254, 0x0301, 0x6D, 0xF9));

				case 52: return String(CharArray::of(0x42, 0xF9, 0xF9, 0x6B, 0xED, 0x6E, 0xE1, 0x20, 0x46, 0x61, 0x73, 0xF2));

				case 53: return String(CharArray::of(0x42, 0xF9, 0xF9, 0x67, 0xE1, 0x72, 0xED, 0xE0));

				case 54: return String(CharArray::of(0x42, 0xE1, 0x72, 0xE1, 0x6E, 0xEC));

				case 55: return String(CharArray::of(0x42, 0xF9, 0xF9, 0x72, 0xFA, 0x6E, 0x64, 0xEC));

				case 56: return String(CharArray::of(0x42, 0x025B, 0x0300, 0x6E, 0x025B, 0x0300));

				case 57: return String(CharArray::of(0xCC, 0x6C, 0xFA, 0x20, 0x42, 0xE1, 0x74, 0xED, 0x6C, 0x025B, 0x0301, 0x6D, 0xEC));

				case 58: return String(CharArray::of(0x42, 0xE9, 0x6D, 0xFA, 0x64, 0xE0));

				case 59: return String(CharArray::of(0x42, 0xFA, 0x72, 0xFA, 0x6E, 0x025B, 0x0301, 0x6C, 0xEC));

				case 60: return String(CharArray::of(0x42, 0x0254, 0x0300, 0x6C, 0xED, 0x66, 0xED, 0x79, 0xE0));

				case 61: return String(CharArray::of(0x4B, 0xE0, 0x72, 0xED, 0x62, 0xED, 0xE1, 0x6E, 0xEC, 0x20, 0x74, 0x69, 0x20, 0x4E, 0x025B, 0x0301, 0x64, 0xE1, 0x6C, 0xE1, 0x6E, 0x64, 0xEC));

				case 62: return String(CharArray::of(0x42, 0xE0, 0x72, 0xE0, 0x73, 0xED, 0x6C, 0xEC));

				case 63: return String(CharArray::of(0x42, 0xE0, 0x68, 0xE1, 0x6D, 0xE1, 0x73, 0xEC));

				case 64: return String(CharArray::of(0x42, 0xFA, 0x74, 0xE1, 0x6E, 0xEC));

				case 66: return String(CharArray::of(0x45, 0x72, 0xE9, 0x6B, 0xF9, 0x73, 0xF9, 0x20, 0x42, 0x6F, 0x75, 0x76, 0x65, 0x74));

				case 67: return String(CharArray::of(0x42, 0x0254, 0x0300, 0x74, 0xEC, 0x73, 0xFA, 0x77, 0xE1, 0x6E, 0xE0));

				case 68: return String(CharArray::of(0x42, 0xE9, 0x6C, 0xE1, 0x72, 0xFA, 0x73, 0xEC));

				case 69: return String(CharArray::of(0x42, 0xE8, 0x6C, 0xED, 0x73, 0x025B, 0x0300));

				case 70: return String(CharArray::of(0x4B, 0xE1, 0x6E, 0xE1, 0x64, 0xE0));

				case 71: return String(CharArray::of(0x45, 0x72, 0xE9, 0x6B, 0xF9, 0x73, 0xF9, 0x20, 0x43, 0x6F, 0x63, 0x6F, 0x73, 0x20, 0x28, 0x4B, 0x65, 0x65, 0x6C, 0x69, 0x6E, 0x67, 0x29));

				case 72: return String(CharArray::of(0x4B, 0xF3, 0x0144, 0x67, 0xF2, 0x20, 0x2013, 0x20, 0x4B, 0x69, 0x6E, 0x73, 0x68, 0x61, 0x73, 0x61));

				case 73: return String(CharArray::of(0xC0, 0x72, 0x69, 0x6E, 0x20, 0x67, 0xF9, 0x6E, 0x67, 0x75, 0x6E, 0x20, 0xC1, 0x66, 0xED, 0x72, 0xED, 0x6B, 0xE0));

				case 74: return String(CharArray::of(0x4B, 0xF3, 0x0144, 0x67, 0xF2, 0x20, 0x2013, 0x20, 0x42, 0x72, 0x61, 0x7A, 0x61, 0x76, 0x69, 0x6C, 0x6C, 0x65));

				case 75: return String(CharArray::of(0x73, 0x77, 0x69, 0x74, 0x69, 0x73, 0x68, 0x69, 0x6C, 0x61, 0x6E, 0x64, 0x69));

				case 76: return String(CharArray::of(0x4B, 0xF3, 0xFA, 0x74, 0xE8, 0x20, 0x66, 0x6F, 0x72, 0xE0));

				case 77: return String(CharArray::of(0x45, 0x74, 0xED, 0x6F, 0x6B, 0x75, 0x6E, 0x20, 0x4B, 0xF9, 0xFA, 0x6B, 0xF9));

				case 78: return String(CharArray::of(0x53, 0x68, 0xED, 0x6C, 0xE8));

				case 79: return String(CharArray::of(0x4B, 0x61, 0x6D, 0x65, 0x72, 0xFA, 0xFA, 0x6E, 0xEC));

				case 80: return String(CharArray::of(0x53, 0x68, 0xE1, 0xED, 0x6E, 0xE0));

				case 81: return String(CharArray::of(0x4B, 0xF2, 0x6C, 0xF3, 0x6D, 0xED, 0x62, 0xEC, 0x61));

				case 82: return String(CharArray::of(0x45, 0x72, 0xE9, 0x6B, 0xF9, 0x73, 0xF9, 0x20, 0x43, 0x6C, 0x69, 0x70, 0x70, 0x65, 0x72, 0x73, 0x74, 0x6F, 0x6E));

				case 84: return String(CharArray::of(0x4B, 0x75, 0x75, 0x73, 0x69, 0x74, 0x61, 0x20, 0x52, 0xED, 0x6B, 0xE0));

				case 85: return String(CharArray::of(0x4B, 0xFA, 0x62, 0xE0));

				case 86: return String(CharArray::of(0x45, 0x74, 0xED, 0x6F, 0x6B, 0x75, 0x6E, 0x20, 0x4B, 0xE1, 0x70, 0xE9, 0x20, 0x66, 0xE9, 0x6E, 0x64, 0xE8));

				case 87: return String(CharArray::of(0x43, 0x75, 0x72, 0x61, 0xE7, 0x61, 0x6F));

				case 88: return String(CharArray::of(0x45, 0x72, 0xE9, 0x6B, 0xF9, 0x73, 0xF9, 0x20, 0x43, 0x68, 0x72, 0x69, 0x73, 0x74, 0x6D, 0x61, 0x73));

				case 89: return String(CharArray::of(0x4B, 0xFA, 0x72, 0xFA, 0x73, 0xEC));

				case 90: return String(CharArray::of(0x53, 0x68, 0x025B, 0x0301, 0x025B, 0x0301, 0x6B, 0xEC));

				case 92: return String(CharArray::of(0x4A, 0xE1, 0x6D, 0xE1, 0x6E, 0xEC));

				case 93: return String(CharArray::of(0x44, 0x69, 0x65, 0x67, 0x6F, 0x20, 0x47, 0x61, 0x73, 0x68, 0x69, 0x61));

				case 94: return String(CharArray::of(0x44, 0xED, 0x62, 0x0254, 0x0301, 0xF3, 0x74, 0xEC));

				case 95: return String(CharArray::of(0x44, 0x025B, 0x0301, 0x6D, 0xE1, 0x6B, 0xEC));

				case 96: return String(CharArray::of(0x44, 0xF2, 0x6D, 0xED, 0x6E, 0xED, 0x6B, 0xE0));

				case 97: return String(CharArray::of(0x44, 0xF2, 0x6D, 0xED, 0x6E, 0xED, 0x6B, 0xE1, 0x6E, 0xEC));

				case 98: return String(CharArray::of(0xC0, 0x6C, 0xF9, 0x67, 0xE8, 0x72, 0xED, 0xE1, 0x6E, 0xEC));

				case 99: return String(CharArray::of(0x53, 0x65, 0x75, 0x74, 0x61, 0x20, 0xE0, 0x74, 0x69, 0x20, 0x4D, 0x65, 0x6C, 0x69, 0x6C, 0x6C, 0x61));

				case 100: return String(CharArray::of(0x45, 0x6B, 0x75, 0xE1, 0x64, 0xF2));

				case 101: return String(CharArray::of(0x45, 0x73, 0x69, 0x74, 0x6F, 0x6E, 0x69, 0x61));

				case 102: return String(CharArray::of(0xC9, 0x67, 0xED, 0x70, 0xED, 0x74, 0xEC));

				case 103: return String(CharArray::of(0xCC, 0x77, 0x0254, 0x0300, 0xF2, 0xF2, 0x72, 0xF9, 0x6E, 0x20, 0x53, 0xE0, 0x68, 0xE1, 0x72, 0xE0));

				case 104: return String(CharArray::of(0x45, 0x72, 0x69, 0x74, 0x69, 0x72, 0x61));

				case 105: return String(CharArray::of(0x53, 0xED, 0x70, 0xE9, 0xEC, 0x6E, 0xEC));

				case 106: return String(CharArray::of(0x45, 0x74, 0x6F, 0x70, 0x69, 0x61));

				case 107: return String(CharArray::of(0xC0, 0x70, 0x61, 0x70, 0x0254, 0x0300, 0x20, 0x59, 0xFA, 0x72, 0xF3, 0xF2, 0x70, 0xF9));

				case 108: return String(CharArray::of(0x41, 0x67, 0x62, 0xE8, 0x67, 0x62, 0xE8, 0x20, 0x59, 0xFA, 0x72, 0xF2));

				case 109: return String(CharArray::of(0x46, 0x69, 0x6C, 0x61, 0x6E, 0x64, 0x69));

				case 110: return String(CharArray::of(0x46, 0xED, 0x6A, 0xEC));

				case 111: return String(CharArray::of(0x45, 0x74, 0x69, 0x6B, 0x75, 0x6E, 0x20, 0x46, 0x61, 0x6B, 0x61, 0x6C, 0x61, 0x6E, 0x64, 0x69));

				case 112: return String(CharArray::of(0x4D, 0x61, 0x6B, 0x6F, 0x72, 0x6F, 0x6E, 0x65, 0x73, 0x69, 0x61));

				case 113: return String(CharArray::of(0xC0, 0x77, 0x0254, 0x6E, 0x20, 0x45, 0x72, 0xE9, 0x6B, 0xF9, 0x73, 0xF9, 0x20, 0x74, 0x69, 0x20, 0x46, 0x61, 0x72, 0x6F, 0x65));

				case 114: return String(CharArray::of(0x46, 0x61, 0x72, 0x61, 0x6E, 0x73, 0x65));

				case 115: return String(CharArray::of(0x47, 0x61, 0x62, 0x6F, 0x6E));

				case 116: return String(CharArray::of(0x47, 0x025B, 0x0300, 0x025B, 0x0301, 0x73, 0xEC));

				case 117: return String(CharArray::of(0x47, 0x65, 0x6E, 0x61, 0x64, 0x61));

				case 118: return String(CharArray::of(0x47, 0x0254, 0x67, 0x69, 0x61));

				case 119: return String(CharArray::of(0x46, 0x69, 0x72, 0x65, 0x6E, 0x73, 0x68, 0x69, 0x20, 0x47, 0x75, 0x61, 0x6E, 0x61));

				case 120: return String(CharArray::of(0x47, 0x75, 0x65, 0x72, 0x6E, 0x73, 0x65, 0x79));

				case 121: return String(CharArray::of(0x47, 0x61, 0x6E, 0x61));

				case 122: return String(CharArray::of(0x47, 0x69, 0x62, 0x61, 0x72, 0x61, 0x74, 0x61, 0x72, 0x61));

				case 123: return String(CharArray::of(0x47, 0x65, 0x72, 0x65, 0x6C, 0x61, 0x6E, 0x64, 0x69));

				case 124: return String(CharArray::of(0x47, 0x61, 0x6D, 0x62, 0x69, 0x61));

				case 125: return String(CharArray::of(0x47, 0x65, 0x6E, 0x65));

				case 126: return String(CharArray::of(0x47, 0x61, 0x64, 0x65, 0x6C, 0x6F, 0x70, 0x65));

				case 127: return String(CharArray::of(0x45, 0x6B, 0x75, 0x74, 0x6F, 0x72, 0x69, 0x61, 0x20, 0x47, 0x69, 0x6E, 0x69));

				case 128: return String(CharArray::of(0x47, 0xED, 0x72, 0xED, 0xEC, 0x73, 0xEC));

				case 129: return String(CharArray::of(0x47, 0xFA, 0xFA, 0x73, 0xF9, 0x20, 0x47, 0x65, 0x6F, 0x72, 0x67, 0x69, 0x61, 0x20, 0xE0, 0x74, 0x69, 0x20, 0x47, 0xFA, 0xFA, 0x73, 0xF9, 0x20, 0xC0, 0x77, 0x0254, 0x6E, 0x20, 0x45, 0x72, 0xE9, 0x6B, 0xF9, 0x73, 0xF9, 0x20, 0x53, 0x61, 0x6E, 0x64, 0x77, 0x69, 0x63, 0x68));

				case 130: return String(CharArray::of(0x47, 0x75, 0x61, 0x74, 0x65, 0x6D, 0xE1, 0x6C, 0xE0));

				case 131: return String(CharArray::of(0x47, 0x75, 0x61, 0x6D, 0x75));

				case 132: return String(CharArray::of(0x47, 0x65, 0x6E, 0x65, 0x2D, 0x42, 0x75, 0x73, 0x61, 0x75));

				case 133: return String(CharArray::of(0x47, 0x75, 0x79, 0x61, 0x6E, 0x61));

				case 134: return String(CharArray::of(0x41, 0x67, 0x62, 0xE8, 0x67, 0x62, 0xE8, 0x20, 0xCC, 0x73, 0x68, 0xE0, 0x6B, 0xF3, 0x73, 0x6F, 0x20, 0xCC, 0x73, 0x68, 0xFA, 0x6E, 0xE1, 0x20, 0x48, 0x6F, 0x6E, 0x67, 0x20, 0x4B, 0x6F, 0x6E, 0x67, 0x20, 0x54, 0xED, 0x20, 0x53, 0x68, 0xE1, 0x6E, 0xE0, 0x20, 0x0143, 0x20, 0x44, 0x61, 0x72, 0xED));

				case 135: return String(CharArray::of(0x45, 0x72, 0xE9, 0x6B, 0xF9, 0x73, 0xF9, 0x20, 0x48, 0x65, 0x61, 0x72, 0x64, 0x20, 0xE0, 0x74, 0x69, 0x20, 0x45, 0x72, 0xE9, 0x6B, 0xF9, 0x73, 0xF9, 0x20, 0x4D, 0x63, 0x44, 0x6F, 0x6E, 0x61, 0x6C, 0x64));

				case 136: return String(CharArray::of(0x48, 0x6F, 0x6E, 0x64, 0x75, 0x72, 0x61, 0x73, 0x69));

				case 137: return String(CharArray::of(0x4B, 0xF2, 0x72, 0xF3, 0xE1, 0x74, 0xED, 0xE0));

				case 138: return String(CharArray::of(0x48, 0x61, 0x61, 0x74, 0x69));

				case 139: return String(CharArray::of(0x48, 0x75, 0x6E, 0x67, 0x61, 0x72, 0x69));

				case 140: return String(CharArray::of(0x0190, 0x72, 0xE9, 0x6B, 0xF9, 0x73, 0xF9, 0x20, 0x4B, 0xE1, 0x6E, 0xE1, 0x72, 0xEC));

				case 141: return String(CharArray::of(0x49, 0x6E, 0x64, 0x6F, 0x6E, 0xE9, 0x73, 0x68, 0xED, 0xE0));

				case 142: return String(CharArray::of(0x41, 0x69, 0x6C, 0x61, 0x6E, 0x64, 0x69));

				case 143: return String(CharArray::of(0x49, 0x73, 0x65, 0x72, 0x025B, 0x6C, 0x69));

				case 144: return String(CharArray::of(0x45, 0x72, 0xE9, 0x6B, 0xF9, 0x73, 0x68, 0xF9, 0x20, 0x69, 0x6C, 0x025B, 0x0300, 0x20, 0x4D, 0x61, 0x6E));

				case 145: return String(CharArray::of(0xCD, 0x0144, 0x64, 0xED, 0xE0));

				case 146: return String(CharArray::of(0x45, 0x74, 0xED, 0x6B, 0x75, 0x6E, 0x20, 0xCD, 0x6E, 0x64, 0xED, 0xE1, 0x6E, 0xEC, 0x20, 0x74, 0x69, 0x20, 0xCC, 0x6C, 0xFA, 0x20, 0x42, 0xED, 0x72, 0xED, 0x74, 0xED, 0x73, 0xEC));

				case 147: return String(CharArray::of(0x49, 0x72, 0x61, 0x6B, 0x69));

				case 148: return String(CharArray::of(0x49, 0x72, 0x61, 0x6E, 0x69));

				case 149: return String(CharArray::of(0x41, 0x73, 0x68, 0x69, 0x6C, 0x61, 0x6E, 0x64, 0x69));

				case 150: return String(CharArray::of(0x49, 0x74, 0xE1, 0x6C, 0x69));

				case 151: return String(CharArray::of(0x4A, 0x025B, 0x73, 0xEC));

				case 152: return String(CharArray::of(0x4A, 0x61, 0x6D, 0x61, 0x69, 0x6B, 0x61));

				case 153: return String(CharArray::of(0x4A, 0x0254, 0x64, 0x61, 0x6E, 0x69));

				case 154: return String(CharArray::of(0x4A, 0x61, 0x70, 0x61, 0x6E, 0x69));

				case 155: return String(CharArray::of(0x4B, 0x65, 0x6E, 0x79, 0x61));

				case 156: return String(CharArray::of(0x4B, 0x75, 0x72, 0x69, 0x73, 0x68, 0x69, 0x73, 0x69, 0x74, 0x61, 0x6E, 0x69));

				case 157: return String(CharArray::of(0x4B, 0xE0, 0x6D, 0xF9, 0x62, 0xF3, 0x64, 0xED, 0xE0));

				case 158: return String(CharArray::of(0x4B, 0x69, 0x72, 0x69, 0x62, 0x61, 0x74, 0x69));

				case 159: return String(CharArray::of(0x4B, 0xF2, 0x6D, 0xF2, 0x72, 0xF3, 0x73, 0xEC));

				case 160: return String(CharArray::of(0x4B, 0x69, 0x69, 0x74, 0x69, 0x20, 0x61, 0x74, 0x69, 0x20, 0x4E, 0x65, 0x65, 0x66, 0x69));

				case 161: return String(CharArray::of(0x47, 0x75, 0x75, 0x73, 0x75, 0x20, 0x4B, 0x0254, 0x72, 0x69, 0x61));

				case 162: return String(CharArray::of(0x41, 0x72, 0x69, 0x77, 0x61, 0x20, 0x4B, 0x0254, 0x72, 0x69, 0x61));

				case 163: return String(CharArray::of(0x4B, 0x75, 0x77, 0x65, 0x74, 0x69));

				case 164: return String(CharArray::of(0x45, 0x74, 0xED, 0x6F, 0x6B, 0x75, 0x6E, 0x20, 0x4B, 0xE1, 0x6D, 0xE1, 0x6E, 0xEC));

				case 165: return String(CharArray::of(0x4B, 0x61, 0x73, 0x68, 0x61, 0x73, 0x68, 0x61, 0x74, 0x61, 0x6E, 0x69));

				case 166: return String(CharArray::of(0x4C, 0x61, 0x6F, 0x73, 0x69));

				case 167: return String(CharArray::of(0x4C, 0x65, 0x62, 0x61, 0x6E, 0x6F, 0x6E, 0x69));

				case 168: return String(CharArray::of(0x4C, 0x75, 0x73, 0x68, 0x69, 0x61));

				case 169: return String(CharArray::of(0x4C, 0x025B, 0x73, 0x68, 0x69, 0x74, 0x025B, 0x6E, 0x69, 0x73, 0x69, 0x74, 0x65, 0x6E, 0x69));

				case 170: return String(CharArray::of(0x53, 0x69, 0x72, 0x69, 0x20, 0x4C, 0x61, 0x6E, 0x6B, 0x61));

				case 171: return String(CharArray::of(0x4C, 0x61, 0x62, 0x65, 0x72, 0x69, 0x61));

				case 172: return String(CharArray::of(0x4C, 0x65, 0x73, 0x6F, 0x74, 0x6F));

				case 173: return String(CharArray::of(0x4C, 0x69, 0x74, 0x75, 0x61, 0x6E, 0x69, 0x61));

				case 174: return String(CharArray::of(0x4C, 0x75, 0x73, 0x65, 0x6D, 0x6F, 0x67, 0x69));

				case 175: return String(CharArray::of(0x4C, 0x61, 0x74, 0x69, 0x66, 0x69, 0x61));

				case 176: return String(CharArray::of(0x4C, 0x69, 0x62, 0x69, 0x79, 0x61));

				case 177: return String(CharArray::of(0x4D, 0x6F, 0x72, 0x6F, 0x6B, 0x6F));

				case 178: return String(CharArray::of(0x4D, 0x6F, 0x6E, 0x61, 0x6B, 0x6F));

				case 179: return String(CharArray::of(0x4D, 0x6F, 0x64, 0x6F, 0x66, 0x69, 0x61));

				case 180: return String(CharArray::of(0x4D, 0x6F, 0x6E, 0x74, 0x65, 0x6E, 0xE9, 0x67, 0x72, 0xF2));

				case 181: return String(CharArray::of(0xCC, 0x6C, 0xFA, 0x20, 0x4D, 0xE0, 0x74, 0xEC, 0x6E, 0xEC));

				case 182: return String(CharArray::of(0x4D, 0x61, 0x64, 0x61, 0x73, 0x69, 0x6B, 0x61));

				case 183: return String(CharArray::of(0x45, 0x74, 0x69, 0x6B, 0x75, 0x6E, 0x20, 0x4D, 0xE1, 0x73, 0x68, 0x61, 0x6C, 0x69));

				case 184: return String(CharArray::of(0xC0, 0x72, 0xED, 0x77, 0xE1, 0x20, 0x4D, 0x61, 0x63, 0x65, 0x64, 0x6F, 0x6E, 0x69, 0x61));

				case 185: return String(CharArray::of(0x4D, 0x61, 0x6C, 0x69));

				case 186: return String(CharArray::of(0x4D, 0x61, 0x6E, 0x61, 0x6D, 0x61, 0x72, 0x69));

				case 187: return String(CharArray::of(0x4D, 0x6F, 0x67, 0x6F, 0x6C, 0x69, 0x61));

				case 188: return String(CharArray::of(0x41, 0x67, 0x62, 0xE8, 0x67, 0x62, 0xE8, 0x20, 0xCC, 0x73, 0x68, 0xE0, 0x6B, 0xF3, 0x73, 0x6F, 0x20, 0x50, 0xE0, 0x74, 0xE0, 0x6B, 0xEC, 0x20, 0x4D, 0x61, 0x63, 0x61, 0x6F));

				case 189: return String(CharArray::of(0x45, 0x74, 0x69, 0x6B, 0x75, 0x6E, 0x20, 0x47, 0x75, 0x75, 0x73, 0x75, 0x20, 0x4D, 0x61, 0x72, 0x69, 0x61, 0x6E, 0x61));

				case 190: return String(CharArray::of(0x4D, 0x61, 0x74, 0x69, 0x6E, 0x69, 0x6B, 0x75, 0x77, 0x69));

				case 191: return String(CharArray::of(0x4D, 0x61, 0x72, 0x69, 0x74, 0x61, 0x6E, 0x69, 0x61));

				case 192: return String(CharArray::of(0x4D, 0x6F, 0x74, 0x73, 0x65, 0x72, 0x61, 0x74, 0x69));

				case 193: return String(CharArray::of(0x4D, 0x61, 0x6C, 0x61, 0x74, 0x61));

				case 194: return String(CharArray::of(0x4D, 0x61, 0x72, 0x69, 0x74, 0x69, 0x75, 0x73, 0x69));

				case 195: return String(CharArray::of(0x4D, 0x61, 0x6C, 0x61, 0x64, 0x69, 0x66, 0x69));

				case 196: return String(CharArray::of(0x4D, 0x61, 0x6C, 0x61, 0x77, 0x69));

				case 197: return String(CharArray::of(0x4D, 0x65, 0x73, 0x69, 0x6B, 0x6F));

				case 198: return String(CharArray::of(0x4D, 0x61, 0x6C, 0x61, 0x73, 0x69, 0x61));

				case 199: return String(CharArray::of(0x4D, 0x6F, 0x73, 0x68, 0x61, 0x6D, 0x69, 0x62, 0x69, 0x6B, 0x75));

				case 200: return String(CharArray::of(0x4E, 0x61, 0x6D, 0x69, 0x62, 0x69, 0x61));

				case 201: return String(CharArray::of(0x4B, 0x61, 0x6C, 0x65, 0x64, 0x6F, 0x6E, 0x69, 0x61, 0x20, 0x54, 0x69, 0x74, 0x75, 0x6E));

				case 202: return String(CharArray::of(0x4E, 0xE0, 0xEC, 0x6A, 0xE1));

				case 203: return String(CharArray::of(0x45, 0x72, 0xE9, 0x6B, 0xF9, 0x73, 0xF9, 0x20, 0x4E, 0x0254, 0x0301, 0xFA, 0x66, 0xF3, 0x6B, 0xEC));

				case 204: return String(CharArray::of(0x4E, 0xE0, 0xEC, 0x6A, 0xED, 0x72, 0xED, 0xE0));

				case 205: return String(CharArray::of(0x4E, 0x69, 0x6B, 0x61, 0x72, 0x61, 0x67, 0x75, 0x61));

				case 206: return String(CharArray::of(0x4E, 0x65, 0x64, 0x61, 0x6C, 0x61, 0x6E, 0x64, 0x69));

				case 207: return String(CharArray::of(0x4E, 0x0254, 0x0254, 0x77, 0x69, 0x69));

				case 208: return String(CharArray::of(0x4E, 0x65, 0x70, 0x61));

				case 209: return String(CharArray::of(0x4E, 0x61, 0x75, 0x72, 0x75));

				case 210: return String(CharArray::of(0x4E, 0x69, 0x75, 0x65));

				case 211: return String(CharArray::of(0x53, 0x68, 0x69, 0x6C, 0x61, 0x6E, 0x64, 0x69, 0x20, 0x54, 0x69, 0x74, 0x75, 0x6E));

				case 212: return String(CharArray::of(0x0186, 0x0254, 0x6D, 0x61));

				case 213: return String(CharArray::of(0x50, 0x61, 0x72, 0x61, 0x6D, 0xE1));

				case 214: return String(CharArray::of(0x50, 0xE8, 0xE9, 0x72, 0xF9));

				case 215: return String(CharArray::of(0x46, 0x69, 0x72, 0x65, 0x6E, 0x73, 0x68, 0x69, 0x20, 0x50, 0x6F, 0x6C, 0x69, 0x6E, 0x65, 0x73, 0x69, 0x61));

				case 216: return String(CharArray::of(0x50, 0x61, 0x61, 0x70, 0x75, 0x20, 0x74, 0x69, 0x20, 0x47, 0x69, 0x69, 0x6E, 0x69));

				case 217: return String(CharArray::of(0x46, 0x69, 0x6C, 0x69, 0x70, 0x69, 0x6E, 0x69));

				case 218: return String(CharArray::of(0x50, 0x61, 0x6B, 0x69, 0x73, 0x69, 0x74, 0x61, 0x6E));

				case 219: return String(CharArray::of(0x50, 0x6F, 0x6C, 0x61, 0x6E, 0x64, 0x69));

				case 220: return String(CharArray::of(0x50, 0x025B, 0x025B, 0x72, 0x69, 0x20, 0x61, 0x74, 0x69, 0x20, 0x6D, 0x69, 0x6B, 0x75, 0x6C, 0x6F, 0x6E, 0x69));

				case 221: return String(CharArray::of(0x50, 0x69, 0x6B, 0x61, 0x72, 0x69, 0x6E, 0x69));

				case 222: return String(CharArray::of(0x50, 0x0254, 0x74, 0x6F, 0x20, 0x52, 0x69, 0x6B, 0x6F));

				case 223: return String(CharArray::of(0x41, 0x67, 0x62, 0xE8, 0x67, 0x62, 0xE8, 0x20, 0x61, 0x72, 0x61, 0x20, 0x50, 0x61, 0x6C, 0x025B, 0x73, 0xED, 0x74, 0xED, 0x6E, 0xEC));

				case 224: return String(CharArray::of(0x50, 0x0254, 0x0301, 0x74, 0xFA, 0x67, 0xE0));

				case 225: return String(CharArray::of(0x50, 0x61, 0x61, 0x6C, 0x75));

				case 226: return String(CharArray::of(0x50, 0x61, 0x72, 0x61, 0x67, 0x75, 0x79, 0x65));

				case 227: return String(CharArray::of(0x4B, 0x6F, 0x74, 0x61));

				case 228: return String(CharArray::of(0x41, 0x67, 0x62, 0xE8, 0x67, 0x62, 0xE8, 0x20, 0xD2, 0x73, 0x68, 0x0254, 0x0301, 0x0254, 0x0301, 0x6E, 0xED, 0xE0));

				case 229: return String(CharArray::of(0x52, 0x69, 0x75, 0x6E, 0x69, 0x79, 0x61, 0x6E));

				case 230: return String(CharArray::of(0x52, 0x6F, 0x6D, 0x61, 0x6E, 0x69, 0x79, 0x61));

				case 231: return String(CharArray::of(0x53, 0x025B, 0x0301, 0x62, 0xED, 0xE0));

				case 232: return String(CharArray::of(0x52, 0x0254, 0x73, 0x68, 0x69, 0x61));

				case 233: return String(CharArray::of(0x52, 0x75, 0x77, 0x61, 0x6E, 0x64, 0x61));

				case 234: return String(CharArray::of(0x53, 0x61, 0x75, 0x64, 0x69, 0x20, 0x41, 0x72, 0x61, 0x62, 0x69, 0x61));

				case 235: return String(CharArray::of(0x45, 0x74, 0x69, 0x6B, 0x75, 0x6E, 0x20, 0x53, 0x6F, 0x6C, 0x6F, 0x6D, 0x6F, 0x6E, 0x69));

				case 236: return String(CharArray::of(0x53, 0x68, 0x65, 0x73, 0x68, 0x025B, 0x6C, 0x025B, 0x73, 0x69));

				case 237: return String(CharArray::of(0x53, 0x75, 0x64, 0x61, 0x6E, 0x69));

				case 238: return String(CharArray::of(0x53, 0x77, 0x69, 0x64, 0x69, 0x6E, 0x69));

				case 239: return String(CharArray::of(0x53, 0x69, 0x6E, 0x67, 0x61, 0x70, 0x6F));

				case 240: return String(CharArray::of(0x48, 0x025B, 0x6C, 0x65, 0x6E, 0x61));

				case 241: return String(CharArray::of(0x53, 0x69, 0x6C, 0x6F, 0x66, 0x61, 0x6E, 0x69, 0x61));

				case 242: return String(CharArray::of(0x53, 0xED, 0x66, 0xE1, 0x62, 0xE1, 0xE0, 0x64, 0xEC, 0x20, 0xE0, 0x74, 0x69, 0x20, 0x4A, 0xE1, 0x6E, 0xEC, 0x20, 0x4D, 0xE1, 0x79, 0x025B, 0x0300, 0x6E, 0xEC));

				case 243: return String(CharArray::of(0x53, 0x69, 0x6C, 0x6F, 0x66, 0x61, 0x6B, 0x69, 0x61));

				case 244: return String(CharArray::of(0x53, 0x69, 0x72, 0x69, 0x61, 0x20, 0x6C, 0x6F, 0x6F, 0x6E, 0x69));

				case 245: return String(CharArray::of(0x53, 0x61, 0x6E, 0x69, 0x20, 0x4D, 0x61, 0x72, 0x69, 0x6E, 0x6F));

				case 246: return String(CharArray::of(0x53, 0x025B, 0x6E, 0x025B, 0x67, 0x61));

				case 247: return String(CharArray::of(0x53, 0x6F, 0x6D, 0x61, 0x6C, 0x69, 0x61));

				case 248: return String(CharArray::of(0x53, 0x75, 0x72, 0x69, 0x6E, 0x61, 0x6D, 0x69));

				case 249: return String(CharArray::of(0x47, 0xFA, 0xFA, 0x73, 0xF9, 0x20, 0x53, 0x75, 0x64, 0x61, 0x6E));

				case 250: return String(CharArray::of(0x53, 0x61, 0x6F, 0x20, 0x74, 0x6F, 0x6D, 0x69, 0x20, 0x61, 0x74, 0x69, 0x20, 0x70, 0x69, 0x72, 0x69, 0x69, 0x73, 0x68, 0x69, 0x70, 0x69));

				case 251: return String(CharArray::of(0x0190, 0x025B, 0x73, 0xE1, 0x66, 0xE1, 0x64, 0xF2));

				case 252: return String(CharArray::of(0x53, 0xED, 0x6E, 0x74, 0xEC, 0x20, 0x4D, 0xE1, 0x74, 0x025B, 0x0301, 0x025B, 0x0300, 0x6E, 0xEC));

				case 253: return String(CharArray::of(0x53, 0x69, 0x72, 0x69, 0x61));

				case 254: return String(CharArray::of(0x53, 0x61, 0x73, 0x68, 0x69, 0x6C, 0x61, 0x6E, 0x64));

				case 255: return String(CharArray::of(0x54, 0x72, 0x69, 0x73, 0x74, 0x61, 0x6E, 0x20, 0x64, 0x61, 0x20, 0x4B, 0x75, 0x6E, 0x68, 0x61));

				case 256: return String(CharArray::of(0x54, 0x0254, 0x0254, 0x6B, 0x69, 0x20, 0x61, 0x74, 0x69, 0x20, 0x45, 0x74, 0x69, 0x6B, 0x75, 0x6E, 0x20, 0x4B, 0x61, 0x6B, 0x0254, 0x73, 0x69));

				case 257: return String(CharArray::of(0x53, 0x68, 0xE0, 0xE0, 0x64, 0xEC));

				case 258: return String(CharArray::of(0x41, 0x67, 0x62, 0xE8, 0x67, 0x62, 0xE8, 0x20, 0x47, 0xFA, 0xFA, 0x73, 0xF9, 0x20, 0x46, 0x61, 0x72, 0x61, 0x6E, 0x73, 0x68, 0xE9));

				case 259: return String(CharArray::of(0x54, 0x6F, 0x67, 0x6F));

				case 260: return String(CharArray::of(0x54, 0x61, 0x69, 0x6C, 0x61, 0x6E, 0x64, 0x69));

				case 261: return String(CharArray::of(0x54, 0x61, 0x6B, 0x69, 0x73, 0x69, 0x74, 0x61, 0x6E, 0x69));

				case 262: return String(CharArray::of(0x54, 0x6F, 0x6B, 0x65, 0x6C, 0x61, 0x75));

				case 263: return String(CharArray::of(0x54, 0xED, 0x6D, 0x0254, 0x0300, 0x20, 0x4C, 0x025B, 0x73, 0x69, 0x74, 0x69));

				case 264: return String(CharArray::of(0x54, 0x0254, 0x0301, 0x6B, 0xEC, 0x6D, 0x025B, 0x0301, 0x6E, 0xED, 0x73, 0xED, 0x74, 0xE0, 0x6E, 0xEC));

				case 265: return String(CharArray::of(0x54, 0x75, 0x6E, 0x69, 0x73, 0x68, 0x69, 0x61));

				case 266: return String(CharArray::of(0x54, 0x6F, 0x6E, 0x67, 0x61));

				case 267: return String(CharArray::of(0x54, 0x0254, 0x0254, 0x6B, 0x69));

				case 268: return String(CharArray::of(0x54, 0x69, 0x72, 0x69, 0x6E, 0x69, 0x64, 0x61, 0x20, 0x61, 0x74, 0x69, 0x20, 0x54, 0x6F, 0x62, 0x61, 0x67, 0x61));

				case 269: return String(CharArray::of(0x54, 0x75, 0x66, 0x61, 0x6C, 0x75));

				case 270: return String(CharArray::of(0x54, 0x61, 0x69, 0x77, 0x61, 0x6E, 0x69));

				case 271: return String(CharArray::of(0x54, 0xE0, 0x01F9, 0x73, 0xE1, 0x6E, 0xED, 0xE0));

				case 272: return String(CharArray::of(0x55, 0x6B, 0x61, 0x72, 0x69, 0x6E, 0x69));

				case 273: return String(CharArray::of(0x55, 0x67, 0x61, 0x6E, 0x64, 0x61));

				case 274: return String(CharArray::of(0xC0, 0x77, 0x0254, 0x6E, 0x20, 0x45, 0x72, 0xE9, 0x6B, 0xF9, 0x73, 0xF9, 0x20, 0x4B, 0xE9, 0x6B, 0xE8, 0x6B, 0xE9, 0x20, 0x41, 0x67, 0x62, 0xE8, 0x67, 0x62, 0xE8, 0x20, 0x55, 0x53));

				case 275: return String(CharArray::of(0xCC, 0x73, 0x68, 0x0254, 0x0300, 0x6B, 0x61, 0x6E, 0x20, 0xE0, 0x67, 0x62, 0xE1, 0x79, 0xE9));

				case 276: return String(CharArray::of(0x41, 0x6D, 0x025B, 0x72, 0x69, 0x6B, 0xE0));

				case 277: return String(CharArray::of(0xDA, 0x72, 0xFA, 0x67, 0xFA, 0x77, 0xE8));

				case 278: return String(CharArray::of(0x4E, 0x73, 0x68, 0x69, 0x62, 0x025B, 0x6B, 0x69, 0x73, 0x69, 0x74, 0x61, 0x6E, 0x69));

				case 279: return String(CharArray::of(0xCC, 0x6C, 0xFA, 0x20, 0x56, 0x61, 0x74, 0x69, 0x63, 0x61, 0x6E));

				case 280: return String(CharArray::of(0x46, 0x69, 0x73, 0x025B, 0x6E, 0x6E, 0x74, 0x69, 0x20, 0x61, 0x74, 0x69, 0x20, 0x47, 0x65, 0x6E, 0x61, 0x64, 0x69, 0x6E, 0x61));

				case 281: return String(CharArray::of(0x46, 0x025B, 0x6E, 0x025B, 0x73, 0x68, 0x75, 0x025B, 0x6C, 0x61));

				case 282: return String(CharArray::of(0x45, 0x74, 0xED, 0x6B, 0x75, 0x6E, 0x20, 0x46, 0xE1, 0x67, 0xED, 0x6E, 0xEC, 0x20, 0x74, 0x69, 0x20, 0xEC, 0x6C, 0xFA, 0x20, 0x42, 0xED, 0x72, 0xED, 0x74, 0xED, 0x73, 0xEC));

				case 283: return String(CharArray::of(0x45, 0x74, 0x69, 0x6B, 0x75, 0x6E, 0x20, 0x46, 0x61, 0x67, 0x69, 0x6E, 0x69, 0x20, 0x74, 0x69, 0x20, 0x41, 0x6D, 0x025B, 0x72, 0x69, 0x6B, 0x61));

				case 284: return String(CharArray::of(0x46, 0x025B, 0x74, 0x69, 0x6E, 0x61, 0x6D, 0x69));

				case 285: return String(CharArray::of(0x46, 0x61, 0x6E, 0x69, 0x61, 0x74, 0x75));

				case 286: return String(CharArray::of(0x57, 0x61, 0x6C, 0x69, 0x20, 0x61, 0x74, 0x69, 0x20, 0x66, 0x75, 0x74, 0x75, 0x6E, 0x61));

				case 287: return String(CharArray::of(0x53, 0x61, 0x6D, 0x0254));

				case 288: return String(CharArray::of(0xEC, 0x73, 0x0254, 0x0300, 0x72, 0x0254, 0x0300, 0x73, 0xED, 0x20, 0x69, 0x72, 0x0254, 0x0301));

				case 289: return String(CharArray::of(0x41, 0x67, 0x62, 0xE8, 0x67, 0x62, 0xE8, 0x20, 0x69, 0x72, 0x0254, 0x0301));

				case 290: return String(CharArray::of(0x4B, 0xF2, 0x73, 0xF3, 0x66, 0xF2));

				case 291: return String(CharArray::of(0x59, 0x65, 0x6D, 0x65, 0x6E, 0x69));

				case 292: return String(CharArray::of(0x4D, 0x61, 0x79, 0x6F, 0x74, 0x65));

				case 294: return String(CharArray::of(0x47, 0xFA, 0xFA, 0x73, 0x68, 0xF9, 0x20, 0xC1, 0x66, 0xED, 0x72, 0xED, 0x6B, 0xE0));

				case 295: return String(CharArray::of(0x53, 0x68, 0x61, 0x6D, 0x69, 0x62, 0x69, 0x61));

				case 296: return String(CharArray::of(0x53, 0x68, 0x69, 0x6D, 0x69, 0x62, 0x61, 0x62, 0x65));

				case 297: return String(CharArray::of(0xC0, 0x67, 0x62, 0xE8, 0x67, 0x62, 0xE8, 0x20, 0xE0, 0xEC, 0x6D, 0x0254, 0x0300));
            default: break;
            }
            return String();
        }
        
        String Yo_Bj::displayVariant(gint variant) const {
            switch(variant) {
            default: break;
            }
            return String();
        }
            
        gbool Yo_Bj::hasVariant() const {
            return false;
        }
        
        gbool Yo_Bj::hasRegion() const {
            return true;
        }
        
        gbool Yo_Bj::hasScript() const {
            return false;
        }
            
        String Yo_Bj::displayCurrency(gint currency, gint count) const {
            switch(currency) { 
				case 1:
					if (count == -1) return String(CharArray::of(0x44, 0x69, 0x61, 0x6D, 0x69, 0x20, 0x74, 0x69, 0x20, 0x41, 0x77, 0x6F, 0x6E, 0x20, 0x4F, 0x72, 0xED, 0x6C, 0x025B, 0x0301, 0xE8, 0x64, 0x65, 0x20, 0x41, 0x72, 0x61, 0x62, 0x75));
					break;
				case 3:
					if (count == -1) return String(CharArray::of(0x41, 0x66, 0x75, 0x67, 0xE1, 0x6E, 0xEC, 0x20, 0x41, 0x66, 0x75, 0x67, 0x61, 0x6E, 0xED, 0x73, 0xED, 0x74, 0xE0, 0xE0, 0x6E, 0xEC));
					break;
				case 5:
					if (count == -1) return String(CharArray::of(0x4C, 0x025B, 0x0301, 0x025B, 0x0300, 0x6B, 0xEC, 0x20, 0xC0, 0x6C, 0xEC, 0x62, 0xE1, 0x6E, 0xED, 0xE0));
					if (count != 1) return String(CharArray::of(0x6C, 0x025B, 0x0301, 0x6B, 0xE8, 0x20, 0xC0, 0x6C, 0xEC, 0x62, 0xE9, 0x6E, 0xED, 0xE0));
					break;
				case 6:
					if (count == -1) return String(CharArray::of(0x44, 0xED, 0x72, 0xE0, 0xE0, 0x6D, 0xF9, 0x20, 0xC0, 0x6D, 0x025B, 0x0301, 0x6E, 0xED, 0xE0));
					break;
				case 7:
					if (count == -1) return String(CharArray::of(0x47, 0xED, 0x6C, 0xED, 0x64, 0xE0, 0x20, 0x4E, 0x65, 0x74, 0x68, 0x65, 0x72, 0x6C, 0x61, 0x6E, 0x64, 0x73, 0x20, 0x41, 0x6E, 0x74, 0x69, 0x6C, 0x6C, 0x65, 0x61, 0x6E));
					if (count != 1) return String(CharArray::of(0xE0, 0x77, 0x0254, 0x6E, 0x20, 0x67, 0xED, 0x6C, 0xED, 0x64, 0xE0, 0x20, 0x4E, 0x65, 0x74, 0x68, 0x65, 0x72, 0x6C, 0x61, 0x6E, 0x64, 0x73, 0x20, 0x41, 0x6E, 0x74, 0x69, 0x6C, 0x6C, 0x65, 0x61, 0x6E));
					break;
				case 8:
					if (count == -1) return String(CharArray::of(0x6B, 0xED, 0x77, 0xE1, 0x6E, 0x73, 0xE0, 0x20, 0x41, 0x6E, 0x67, 0x6F, 0x6C, 0x61));
					if (count != 1) return String(CharArray::of(0xE0, 0x77, 0x0254, 0x6E, 0x20, 0x6B, 0xED, 0x77, 0xE1, 0x6E, 0x73, 0xE0, 0x20, 0x41, 0x6E, 0x67, 0x6F, 0x6C, 0x61));
					break;
				case 16:
					if (count == -1) return String(CharArray::of(0x50, 0x025B, 0x0301, 0x73, 0xF2, 0x20, 0x41, 0x67, 0x025B, 0x6E, 0x74, 0xED, 0x6E, 0xE0));
					if (count != 1) return String(CharArray::of(0xE0, 0x77, 0x0254, 0x6E, 0x20, 0x70, 0x025B, 0x0301, 0x73, 0xF2, 0x20, 0x41, 0x67, 0x025B, 0x6E, 0x74, 0xED, 0x6E, 0xE0));
					break;
				case 18:
					if (count == -1) return String(CharArray::of(0x44, 0x0254, 0x6C, 0x61, 0x20, 0x74, 0x69, 0x20, 0x4F, 0x72, 0xED, 0x6C, 0x025B, 0x0301, 0xE8, 0x64, 0x65, 0x20, 0xC1, 0x73, 0x74, 0x72, 0xE0, 0x6C, 0xEC, 0xE1));
					break;
				case 19:
					if (count == -1) return String(CharArray::of(0x46, 0x75, 0x6C, 0x6F, 0x72, 0xED, 0xEC, 0x6E, 0xEC, 0x20, 0xC0, 0x72, 0xFA, 0x62, 0xE0));
					if (count != 1) return String(CharArray::of(0xE0, 0x77, 0x0254, 0x6E, 0x20, 0x66, 0x75, 0x6C, 0x6F, 0x72, 0xED, 0xEC, 0x6E, 0xEC, 0x20, 0xC0, 0x72, 0xFA, 0x62, 0xE0));
					break;
				case 21:
					if (count == -1) return String(CharArray::of(0x4D, 0xE1, 0x6E, 0xE0, 0xE0, 0x74, 0xEC, 0x20, 0xC0, 0x73, 0xE0, 0x62, 0xE1, 0xED, 0x6A, 0xE1, 0xEC));
					break;
				case 23:
					if (count == -1) return String(CharArray::of(0xC0, 0x6D, 0x69, 0x20, 0x59, 0xED, 0x79, 0xED, 0x70, 0x61, 0x64, 0xE0, 0x20, 0x42, 0x6F, 0x73, 0x6E, 0x69, 0x61, 0x2D, 0x48, 0x65, 0x72, 0x7A, 0x65, 0x67, 0x6F, 0x76, 0x69, 0x6E, 0x61));
					if (count != 1) return String(CharArray::of(0xE0, 0x77, 0x0254, 0x6E, 0x20, 0xE0, 0x6D, 0x69, 0x20, 0x59, 0xED, 0x79, 0xED, 0x70, 0x61, 0x64, 0xE0, 0x20, 0x42, 0x6F, 0x73, 0x6E, 0x69, 0x61, 0x2D, 0x48, 0x65, 0x72, 0x7A, 0x65, 0x67, 0x6F, 0x76, 0x69, 0x6E, 0x61));
					break;
				case 25:
					if (count == -1) return String(CharArray::of(0x44, 0x0254, 0x0301, 0x6C, 0xE0, 0x20, 0x42, 0xE1, 0x62, 0xE1, 0x64, 0x0254, 0x0300, 0x0254, 0x0300, 0x73, 0xEC));
					if (count != 1) return String(CharArray::of(0xE0, 0x77, 0x0254, 0x6E, 0x20, 0x64, 0x0254, 0x0301, 0x6C, 0xE0, 0x20, 0x42, 0xE1, 0x62, 0xE1, 0x64, 0x0254, 0x0300, 0x0254, 0x0300, 0x73, 0xEC));
					break;
				case 26:
					if (count == -1) return String(CharArray::of(0x54, 0xE1, 0x6B, 0xE0, 0x20, 0x42, 0xE1, 0x0144, 0x67, 0xED, 0x6C, 0xE1, 0x64, 0x025B, 0x0300, 0x025B, 0x0300, 0x73, 0x68, 0xEC));
					break;
				case 32:
					if (count == -1) return String(CharArray::of(0x4F, 0x77, 0xF3, 0x20, 0x4C, 0x025B, 0x0301, 0x66, 0xEC, 0x20, 0x42, 0x0254, 0x0300, 0x6C, 0xEC, 0x67, 0xE9, 0x72, 0xED, 0xE0));
					if (count != 1) return String(CharArray::of(0x4C, 0x025B, 0x0301, 0x66, 0xE0, 0x20, 0x42, 0x0254, 0x0300, 0x6C, 0xEC, 0x67, 0xE9, 0x72, 0xED, 0xE0));
					break;
				case 34:
					if (count == -1) return String(CharArray::of(0x44, 0x69, 0x6E, 0x61, 0x20, 0x74, 0x69, 0x20, 0x4F, 0x72, 0xED, 0x6C, 0x025B, 0x0301, 0xE8, 0x64, 0x65, 0x20, 0x42, 0xE1, 0x72, 0xE1, 0x6E, 0xEC));
					break;
				case 35:
					if (count == -1) return String(CharArray::of(0x46, 0x61, 0x72, 0x61, 0x6E, 0x73, 0x69, 0x20, 0x42, 0xF9, 0xF9, 0x72, 0xFA, 0x6E, 0x64, 0xEC));
					if (count != 1) return String(CharArray::of(0xE0, 0x77, 0x0254, 0x6E, 0x20, 0x66, 0x61, 0x72, 0x61, 0x6E, 0x73, 0x69, 0x20, 0x42, 0xF9, 0xF9, 0x72, 0xFA, 0x6E, 0x64, 0xEC));
					break;
				case 36:
					if (count == -1) return String(CharArray::of(0x44, 0x0254, 0x0301, 0x6C, 0xE0, 0x20, 0x42, 0x025B, 0x0300, 0x6D, 0xFA, 0x64, 0xE0));
					if (count != 1) return String(CharArray::of(0xE0, 0x77, 0x0254, 0x0301, 0x6E, 0x20, 0x64, 0x0254, 0x0301, 0x6C, 0xE0, 0x20, 0x42, 0x025B, 0x0300, 0x6D, 0xFA, 0x64, 0xE0));
					break;
				case 37:
					if (count == -1) return String(CharArray::of(0x44, 0x0254, 0x0301, 0x6C, 0xE0, 0x20, 0x42, 0xF9, 0x72, 0xF9, 0x6E, 0xE9, 0xEC));
					break;
				case 38:
					if (count == -1) return String(CharArray::of(0x42, 0x0254, 0x6C, 0x69, 0x66, 0x69, 0xE1, 0x6E, 0xF2, 0x20, 0x42, 0x0254, 0x0300, 0x6C, 0xED, 0x66, 0xED, 0xE0));
					if (count != 1) return String(CharArray::of(0xE0, 0x77, 0x0254, 0x6E, 0x20, 0x62, 0x0254, 0x6C, 0x69, 0x66, 0x69, 0xE1, 0x6E, 0xF2, 0x20, 0x42, 0x0254, 0x0300, 0x6C, 0xED, 0x66, 0xED, 0xE0));
					break;
				case 45:
					if (count == -1) return String(CharArray::of(0x4F, 0x77, 0xF3, 0x20, 0x74, 0x69, 0x20, 0x4F, 0x72, 0xED, 0x6C, 0x025B, 0x0300, 0x2D, 0xE8, 0x64, 0xE8, 0x20, 0x42, 0x72, 0x61, 0x7A, 0x69, 0x6C));
					if (count != 1) return String(CharArray::of(0x41, 0x77, 0x6F, 0x6E, 0x20, 0x6F, 0x77, 0xF3, 0x20, 0x74, 0x69, 0x20, 0x4F, 0x72, 0xED, 0x6C, 0x025B, 0x0300, 0x2D, 0xE8, 0x64, 0xE8, 0x20, 0x42, 0x72, 0x61, 0x7A, 0x69, 0x6C));
					break;
				case 49:
					if (count == -1) return String(CharArray::of(0x44, 0x0254, 0x0301, 0x6C, 0xE0, 0x20, 0x42, 0xE0, 0x68, 0xE1, 0x6D, 0xE0));
					if (count != 1) return String(CharArray::of(0xE0, 0x77, 0x0254, 0x6E, 0x20, 0x64, 0x0254, 0x0301, 0x6C, 0xE0, 0x20, 0x42, 0xE0, 0x68, 0xE1, 0x6D, 0xE0));
					break;
				case 50:
					if (count == -1) return String(CharArray::of(0xCC, 0x6E, 0x67, 0x0254, 0x0301, 0x74, 0xED, 0x72, 0x0254, 0x0300, 0x6D, 0xF9, 0x20, 0x42, 0xFA, 0x74, 0xE0, 0xE0, 0x6E, 0xEC));
					break;
				case 52:
					if (count == -1) return String(CharArray::of(0x50, 0x75, 0x6C, 0x61, 0x20, 0x42, 0x0254, 0x0300, 0x74, 0xEC, 0x73, 0xFA, 0x77, 0xE1, 0x6E, 0xE0));
					if (count != 1) return String(CharArray::of(0xE0, 0x77, 0x0254, 0x6E, 0x20, 0x70, 0x75, 0x6C, 0x61, 0x20, 0x42, 0x0254, 0x0300, 0x74, 0xEC, 0x73, 0xFA, 0x77, 0xE1, 0x6E, 0xE0));
					break;
				case 54:
					if (count == -1) return String(CharArray::of(0x52, 0x0254, 0x0301, 0x62, 0xF9, 0x20, 0x42, 0x025B, 0x0300, 0x6C, 0xE1, 0x72, 0xF9, 0xF9, 0x73, 0xEC));
					if (count != 1) return String(CharArray::of(0xE0, 0x77, 0x0254, 0x6E, 0x20, 0x72, 0x0254, 0x0301, 0x62, 0xF9, 0x20, 0x42, 0x025B, 0x0300, 0x6C, 0xE1, 0x72, 0xF9, 0xF9, 0x73, 0xEC));
					break;
				case 56:
					if (count == -1) return String(CharArray::of(0x44, 0x0254, 0x0301, 0x6C, 0xE0, 0x20, 0x42, 0x025B, 0x0300, 0x6C, 0xED, 0x73, 0xE8));
					if (count != 1) return String(CharArray::of(0xE0, 0x77, 0x0254, 0x6E, 0x20, 0x44, 0x0254, 0x0301, 0x6C, 0xE0, 0x20, 0x42, 0x025B, 0x0301, 0x6C, 0xEC, 0x73, 0xE8));
					break;
				case 57:
					if (count == -1) return String(CharArray::of(0x44, 0x0254, 0x0301, 0x6C, 0xE0, 0x20, 0x4B, 0xE1, 0x6E, 0xE1, 0x64, 0xE0));
					if (count != 1) return String(CharArray::of(0xE0, 0x77, 0x0254, 0x6E, 0x20, 0x64, 0x0254, 0x0301, 0x6C, 0xE0, 0x20, 0x4B, 0xE1, 0x6E, 0xE1, 0x64, 0xE0));
					break;
				case 58:
					if (count == -1) return String(CharArray::of(0x46, 0x69, 0x72, 0x61, 0x6E, 0x6B, 0x69, 0x20, 0x4B, 0x6F, 0x6E, 0x67, 0x6F));
					if (count != 1) return String(CharArray::of(0xE0, 0x77, 0x0254, 0x6E, 0x20, 0x66, 0x69, 0x72, 0x61, 0x6E, 0x6B, 0x69, 0x20, 0x4B, 0x6F, 0x6E, 0x67, 0x6F));
					break;
				case 60:
					if (count == -1) return String(CharArray::of(0x46, 0x61, 0x72, 0x61, 0x6E, 0x73, 0xED, 0x20, 0x53, 0xED, 0x77, 0xED, 0xEC, 0x73, 0xEC));
					if (count != 1) return String(CharArray::of(0x46, 0x61, 0x72, 0x61, 0x6E, 0x73, 0x69, 0x20, 0x53, 0x69, 0x77, 0x69, 0x73, 0x69));
					break;
				case 64:
					if (count == -1) return String(CharArray::of(0x50, 0x025B, 0x0301, 0x73, 0xF2, 0x20, 0x53, 0x68, 0xED, 0x6C, 0xE8));
					if (count != 1) return String(CharArray::of(0xE0, 0x77, 0x0254, 0x6E, 0x20, 0x70, 0x025B, 0x0301, 0x73, 0xF2, 0x20, 0x53, 0x68, 0xED, 0x6C, 0xE8));
					break;
				case 65:
					if (count == -1) return String(CharArray::of(0x59, 0xFA, 0xE0, 0x6E, 0xEC, 0x20, 0x53, 0x68, 0xE1, 0xED, 0x6E, 0xE0));
					break;
				case 67:
					if (count == -1) return String(CharArray::of(0x52, 0x65, 0x6D, 0x69, 0x6E, 0x69, 0x62, 0x69, 0x20, 0x74, 0x69, 0x20, 0x4F, 0x72, 0xED, 0x6C, 0x025B, 0x0301, 0xE8, 0x64, 0x65, 0x20, 0x73, 0x68, 0xE1, 0xED, 0x6E, 0xE0));
					break;
				case 68:
					if (count == -1) return String(CharArray::of(0x50, 0x025B, 0x0301, 0x73, 0xF2, 0x20, 0x4B, 0xF2, 0x6C, 0xF3, 0x1E3F, 0x62, 0xED, 0xE0));
					if (count != 1) return String(CharArray::of(0xE0, 0x77, 0x0254, 0x6E, 0x20, 0x70, 0x025B, 0x0301, 0x73, 0xF2, 0x20, 0x4B, 0xF2, 0x6C, 0xF3, 0x1E3F, 0x62, 0xED, 0xE0));
					break;
				case 70:
					if (count == -1) return String(CharArray::of(0x4B, 0xF3, 0x6C, 0x0254, 0x0301, 0x0254, 0x0300, 0x6E, 0xEC, 0x20, 0x4B, 0x6F, 0x73, 0x69, 0x74, 0x61, 0x20, 0x52, 0xED, 0x6B, 0xE0));
					if (count != 1) return String(CharArray::of(0xE0, 0x77, 0x0254, 0x0301, 0x6E, 0x20, 0x6B, 0xF3, 0x6C, 0x0254, 0x0301, 0x0254, 0x0300, 0x6E, 0xEC, 0x20, 0x4B, 0x6F, 0x73, 0x69, 0x74, 0x61, 0x20, 0x52, 0xED, 0x6B, 0xE0));
					break;
				case 73:
					if (count == -1) return String(CharArray::of(0x50, 0x025B, 0x0301, 0x73, 0xF2, 0x20, 0x59, 0xED, 0x79, 0xED, 0x70, 0x61, 0x64, 0xE0, 0x20, 0x4B, 0xFA, 0x62, 0xE0));
					if (count != 1) return String(CharArray::of(0xE0, 0x77, 0x0254, 0x6E, 0x20, 0x70, 0x025B, 0x0301, 0x73, 0xF2, 0x20, 0x79, 0xED, 0x79, 0xED, 0x70, 0x61, 0x64, 0xE0, 0x20, 0x4B, 0xFA, 0x62, 0xE0));
					break;
				case 74:
					if (count == -1) return String(CharArray::of(0x50, 0x025B, 0x0301, 0x73, 0xF2, 0x20, 0x4B, 0xFA, 0x62, 0xE0));
					break;
				case 75:
					if (count == -1) return String(CharArray::of(0xC8, 0x73, 0xEC, 0x6B, 0xFA, 0x64, 0xF2, 0x20, 0x4B, 0x61, 0x70, 0xFA, 0x20, 0x46, 0x61, 0x61, 0x64, 0xEC));
					if (count != 1) return String(CharArray::of(0xE0, 0x77, 0x0254, 0x6E, 0x20, 0xE8, 0x73, 0xEC, 0x6B, 0xFA, 0x64, 0xF2, 0x20, 0x4B, 0x61, 0x70, 0xFA, 0x20, 0x46, 0x61, 0x61, 0x64, 0xEC));
					break;
				case 77:
					if (count == -1) return String(CharArray::of(0x4B, 0x6F, 0x72, 0x75, 0x6E, 0x61, 0x20, 0x53, 0x68, 0x025B, 0x0301, 0x025B, 0x0300, 0x6B, 0xEC));
					if (count != 1) return String(CharArray::of(0xE0, 0x77, 0x0254, 0x6E, 0x20, 0x6B, 0x6F, 0x72, 0x75, 0x6E, 0x61, 0x20, 0x53, 0x68, 0x025B, 0x0301, 0x025B, 0x0300, 0x6B, 0xEC));
					break;
				case 80:
					if (count == -1) return String(CharArray::of(0x46, 0x61, 0x72, 0x61, 0x6E, 0x73, 0x69, 0x20, 0x44, 0x69, 0x62, 0x6F, 0x75, 0x74, 0x69));
					if (count != 1) return String(CharArray::of(0xE0, 0x77, 0x0254, 0x6E, 0x20, 0x66, 0x61, 0x72, 0x61, 0x6E, 0x73, 0x69, 0x20, 0x44, 0x69, 0x62, 0x6F, 0x75, 0x74, 0x69));
					break;
				case 81:
					if (count == -1) return String(CharArray::of(0x4B, 0xED, 0x72, 0xF3, 0x6E, 0xEC, 0x20, 0x44, 0xE1, 0x6E, 0xED, 0x73, 0x68, 0xEC));
					if (count != 1) return String(CharArray::of(0x4B, 0xED, 0x72, 0xF2, 0x6E, 0xE0, 0x20, 0x44, 0xE1, 0x6E, 0xED, 0xEC, 0x73, 0x68, 0xEC));
					break;
				case 82:
					if (count == -1) return String(CharArray::of(0x50, 0x025B, 0x0301, 0x73, 0xF2, 0x20, 0x44, 0xF2, 0x6E, 0xED, 0x6E, 0xED, 0x6B, 0xE0));
					if (count != 1) return String(CharArray::of(0xE0, 0x77, 0x0254, 0x6E, 0x20, 0x70, 0x025B, 0x0301, 0x73, 0xF2, 0x20, 0x44, 0xF2, 0x6E, 0xED, 0x6E, 0xED, 0x6B, 0xE0));
					break;
				case 83:
					if (count == -1) return String(CharArray::of(0x44, 0x69, 0x6E, 0x61, 0x20, 0x74, 0x69, 0x20, 0x4F, 0x72, 0xED, 0x6C, 0x025B, 0x0301, 0xE8, 0x64, 0x65, 0x20, 0xC0, 0x6C, 0xF9, 0x67, 0xE8, 0x72, 0xED, 0xE1, 0x6E, 0xEC));
					if (count != 1) return String(CharArray::of(0xE0, 0x77, 0x0254, 0x6E, 0x20, 0x64, 0xED, 0x6E, 0xE0, 0x20, 0xC0, 0x6C, 0xF9, 0x67, 0xE8, 0x72, 0xED, 0xE1, 0x6E, 0xEC));
					break;
				case 87:
					if (count == -1) return String(CharArray::of(0x70, 0x0254, 0x0254, 0x6E, 0x20, 0x74, 0x69, 0x20, 0x4F, 0x72, 0xED, 0x6C, 0x025B, 0x0301, 0xE8, 0x64, 0x65, 0x20, 0x45, 0x67, 0x69, 0x70, 0x69, 0x74, 0x69));
					if (count != 1) return String(CharArray::of(0xE0, 0x77, 0x0254, 0x6E, 0x20, 0x70, 0x0254, 0x0301, 0x6E, 0x2D, 0xFA, 0x6E, 0x20, 0x45, 0x6A, 0x69, 0x70, 0xED, 0x74, 0xEC));
					break;
				case 88:
					if (count == -1) return String(CharArray::of(0x4E, 0x61, 0x6B, 0x69, 0x66, 0x61, 0x73, 0xEC, 0x20, 0x45, 0x72, 0x69, 0x74, 0x69, 0x72, 0x61));
					if (count != 1) return String(CharArray::of(0xE0, 0x77, 0x0254, 0x6E, 0x20, 0x6E, 0x61, 0x6B, 0x69, 0x66, 0x61, 0x73, 0xEC, 0x20, 0x45, 0x72, 0x69, 0x74, 0x69, 0x72, 0x61));
					break;
				case 92:
					if (count == -1) return String(CharArray::of(0x42, 0xE1, 0xE0, 0x20, 0x45, 0x74, 0xF3, 0x70, 0xED, 0xE0));
					if (count != 1) return String(CharArray::of(0xE0, 0x77, 0x0254, 0x6E, 0x20, 0x62, 0xE1, 0xE0, 0x20, 0x45, 0x74, 0xF3, 0x70, 0xED, 0xE0));
					break;
				case 93:
					if (count == -1) return String(CharArray::of(0x6F, 0x77, 0xF3, 0x20, 0x59, 0xFA, 0x72, 0xF2));
					if (count != 1) return String(CharArray::of(0x41, 0x77, 0x6F, 0x6E, 0x20, 0x6F, 0x77, 0xF3, 0x20, 0x59, 0xFA, 0x72, 0xF2));
					break;
				case 95:
					if (count == -1) return String(CharArray::of(0x44, 0x0254, 0x0301, 0x6C, 0xE0, 0x20, 0x46, 0xED, 0x6A, 0xEC));
					break;
				case 96:
					if (count == -1) return String(CharArray::of(0x50, 0x0254, 0x0301, 0x6E, 0x2D, 0xF9, 0x6E, 0x20, 0x45, 0x72, 0xE9, 0x6B, 0xF9, 0x73, 0xF9, 0x20, 0x46, 0x61, 0x6C, 0x6B, 0x6C, 0x61, 0x6E, 0x64));
					if (count != 1) return String(CharArray::of(0xE0, 0x77, 0x0254, 0x6E, 0x20, 0x50, 0x0254, 0x0301, 0x6E, 0x2D, 0xF9, 0x6E, 0x20, 0x45, 0x72, 0xE9, 0x6B, 0xF9, 0x73, 0xF9, 0x20, 0x46, 0x61, 0x6C, 0x6B, 0x6C, 0x61, 0x6E, 0x64, 0x20, 0x5B, 0x20, 0x50, 0x0254, 0x0301, 0x6E, 0x2D, 0xF9, 0x6E, 0x20, 0x45, 0x72, 0xE9, 0x6B, 0xF9, 0x73, 0xF9, 0x20, 0x46, 0x61, 0x6C, 0x6B, 0x6C, 0x61, 0x6E, 0x64, 0x20, 0x5D, 0x20, 0x31, 0x2E, 0x32, 0x33, 0x20, 0x50, 0x0254, 0x0301, 0x6E, 0x2D, 0xF9, 0x6E, 0x20, 0x45, 0x72, 0xE9, 0x6B, 0xF9, 0x73, 0xF9, 0x20, 0x46, 0x61, 0x6C, 0x6B, 0x6C, 0x61, 0x6E, 0x64, 0x20, 0x30, 0x2E, 0x30, 0x30, 0x20, 0x70, 0x0254, 0x0301, 0x6E, 0x2D, 0xF9, 0x6E, 0x20, 0x45, 0x72, 0xE9, 0x6B, 0xF9, 0x73, 0xF9, 0x20, 0x46, 0x61, 0x6C, 0x6B, 0x6C, 0x61, 0x6E, 0x64));
					break;
				case 98:
					if (count == -1) return String(CharArray::of(0x50, 0x0254, 0x0301, 0x6E, 0x2D, 0xF9, 0x6E, 0x20, 0x74, 0x69, 0x20, 0x4F, 0x72, 0x69, 0x6C, 0x025B, 0x0300, 0x2D, 0xE8, 0x64, 0xE8, 0x20, 0x47, 0x025B, 0x0300, 0x025B, 0x0301, 0x73, 0xEC));
					break;
				case 100:
					if (count == -1) return String(CharArray::of(0x4C, 0xE1, 0x72, 0xEC, 0x20, 0x4A, 0x0254, 0x0301, 0x6A, 0xED, 0xE0));
					break;
				case 101:
					if (count == -1) return String(CharArray::of(0x73, 0x68, 0x69, 0x64, 0x69, 0x20, 0x74, 0x69, 0x20, 0x4F, 0x72, 0xED, 0x6C, 0x025B, 0x0301, 0xE8, 0x64, 0x65, 0x20, 0x47, 0x61, 0x6E, 0x61));
					break;
				case 102:
					if (count == -1) return String(CharArray::of(0x73, 0xED, 0x64, 0xEC, 0x20, 0x47, 0x61, 0x6E, 0x61));
					if (count != 1) return String(CharArray::of(0xE0, 0x77, 0x0254, 0x6E, 0x20, 0x73, 0xED, 0x64, 0xEC, 0x20, 0x47, 0x61, 0x6E, 0x61));
					break;
				case 103:
					if (count == -1) return String(CharArray::of(0x50, 0x0254, 0x0301, 0x6E, 0x2D, 0xF9, 0x6E, 0x20, 0x47, 0x69, 0x62, 0xFA, 0x72, 0xE1, 0x74, 0xE0));
					if (count != 1) return String(CharArray::of(0xE0, 0x77, 0x0254, 0x6E, 0x20, 0x70, 0x0254, 0x0301, 0x6E, 0x2D, 0xF9, 0x6E, 0x20, 0x47, 0x69, 0x62, 0xFA, 0x72, 0xE1, 0x74, 0xE0));
					break;
				case 104:
					if (count == -1) return String(CharArray::of(0x44, 0x61, 0x6C, 0x61, 0x73, 0x69, 0x20, 0x47, 0x61, 0x6D, 0x69, 0x62, 0x69, 0x61));
					if (count != 1) return String(CharArray::of(0xE0, 0x77, 0x0254, 0x6E, 0x20, 0x64, 0x61, 0x6C, 0x61, 0x73, 0x69, 0x20, 0x47, 0x61, 0x6D, 0x69, 0x62, 0x69, 0x61));
					break;
				case 105:
					if (count == -1) return String(CharArray::of(0x46, 0xED, 0x72, 0xE0, 0x6E, 0x6B, 0xEC, 0x20, 0x47, 0xED, 0x6E, 0xEC));
					if (count != 1) return String(CharArray::of(0xE0, 0x77, 0x0254, 0x6E, 0x20, 0x66, 0xED, 0x72, 0xE0, 0x6E, 0x6B, 0xEC, 0x20, 0x47, 0xED, 0x6E, 0xEC));
					break;
				case 106:
					if (count == -1) return String(CharArray::of(0x46, 0x61, 0x72, 0x61, 0x6E, 0x73, 0x69, 0x20, 0x74, 0x69, 0x20, 0x4F, 0x72, 0xED, 0x6C, 0x025B, 0x0301, 0xE8, 0x64, 0x65, 0x20, 0x47, 0x69, 0x6E, 0x69));
					break;
				case 109:
					if (count == -1) return String(CharArray::of(0x4B, 0xFA, 0x025B, 0x0301, 0x74, 0xED, 0x73, 0xE0, 0xE0, 0x6C, 0xEC, 0x20, 0x47, 0x75, 0x61, 0x74, 0x69, 0x6D, 0xED, 0x6C, 0xE0));
					if (count != 1) return String(CharArray::of(0xE0, 0x77, 0x0254, 0x6E, 0x20, 0x6B, 0xFA, 0x025B, 0x0301, 0x74, 0xED, 0x73, 0xE0, 0xE0, 0x6C, 0xEC, 0x20, 0x47, 0x75, 0x61, 0x74, 0x69, 0x6D, 0xED, 0x6C, 0xE0));
					break;
				case 112:
					if (count == -1) return String(CharArray::of(0x44, 0x0254, 0x0301, 0x6C, 0xE0, 0x20, 0x47, 0xF9, 0x79, 0xE1, 0x6E, 0xE0));
					if (count != 1) return String(CharArray::of(0xE0, 0x77, 0x0254, 0x6E, 0x20, 0x64, 0x0254, 0x0301, 0x6C, 0xE0, 0x20, 0x47, 0xF9, 0x79, 0xE1, 0x6E, 0xE0));
					break;
				case 113:
					if (count == -1) return String(CharArray::of(0x44, 0x0254, 0x0301, 0x6C, 0xE0, 0x20, 0x48, 0x6F, 0x6E, 0x67, 0x20, 0x4B, 0x6F, 0x6E, 0x67));
					break;
				case 114:
					if (count == -1) return String(CharArray::of(0x4C, 0x025B, 0x6D, 0x69, 0x70, 0xED, 0x72, 0xE0, 0x20, 0x0186, 0x0301, 0x0144, 0x64, 0xFA, 0x72, 0xE0));
					if (count != 1) return String(CharArray::of(0xE0, 0x77, 0x0254, 0x6E, 0x20, 0x4C, 0x025B, 0x6D, 0x69, 0x70, 0xED, 0x72, 0xE0, 0x20, 0x0186, 0x0301, 0x0144, 0x64, 0xFA, 0x72, 0xE0));
					break;
				case 116:
					if (count == -1) return String(CharArray::of(0x4B, 0xFA, 0x6E, 0xE0, 0x20, 0x4B, 0xFA, 0x72, 0xF3, 0x73, 0x68, 0xED, 0xE0));
					if (count != 1) return String(CharArray::of(0xE0, 0x77, 0x0254, 0x6E, 0x20, 0x6B, 0xFA, 0x6E, 0xE0, 0x20, 0x4B, 0xFA, 0x72, 0xF3, 0x73, 0x68, 0xED, 0xE0));
					break;
				case 117:
					if (count == -1) return String(CharArray::of(0x47, 0x0254, 0x0301, 0x64, 0xEC, 0x20, 0xC0, 0xED, 0x74, 0xEC));
					if (count != 1) return String(CharArray::of(0xE0, 0x77, 0x0254, 0x6E, 0x20, 0x67, 0x0254, 0x0301, 0x64, 0xEC, 0x20, 0xC0, 0xED, 0x74, 0xEC));
					break;
				case 118:
					if (count == -1) return String(CharArray::of(0x46, 0x0254, 0x0301, 0x72, 0xED, 0x01F9, 0x74, 0xEC, 0x20, 0x48, 0x0254, 0x0300, 0x6E, 0x67, 0xE9, 0x72, 0xED));
					if (count != 1) return String(CharArray::of(0xE0, 0x77, 0x0254, 0x6E, 0x20, 0x66, 0x0254, 0x0301, 0x72, 0xED, 0x01F9, 0x74, 0xEC, 0x20, 0x48, 0x0254, 0x0300, 0x6E, 0x67, 0xE9, 0x72, 0xED));
					break;
				case 119:
					if (count == -1) return String(CharArray::of(0x52, 0xFA, 0x70, 0xEC, 0x79, 0xE1, 0x20, 0x49, 0x6E, 0x64, 0x6F, 0x6E, 0xE9, 0x73, 0xED, 0xE0));
					break;
				case 123:
					if (count == -1) return String(CharArray::of(0x53, 0x68, 0xE9, 0x6B, 0xE9, 0x6C, 0xEC, 0x20, 0x54, 0x75, 0x6E, 0x74, 0x75, 0x6E, 0x20, 0xCD, 0x73, 0xED, 0x72, 0x025B, 0x0300, 0x025B, 0x0300, 0x6C, 0xEC));
					break;
				case 124:
					if (count == -1) return String(CharArray::of(0x52, 0x75, 0x70, 0x69, 0x20, 0x74, 0x69, 0x20, 0x4F, 0x72, 0xED, 0x6C, 0x025B, 0x0301, 0xE8, 0x64, 0x65, 0x20, 0x49, 0x6E, 0x64, 0x69, 0x6E, 0x61));
					break;
				case 125:
					if (count == -1) return String(CharArray::of(0x44, 0xED, 0x6E, 0xE1, 0x72, 0xEC, 0x20, 0xCC, 0x72, 0xE1, 0xE1, 0x6B, 0xEC));
					break;
				case 126:
					if (count == -1) return String(CharArray::of(0x52, 0x69, 0x61, 0x6C, 0x20, 0x49, 0x72, 0x61, 0x6E, 0x69, 0x61, 0x6E));
					break;
				case 128:
					if (count == -1) return String(CharArray::of(0x4B, 0xF2, 0x72, 0xF3, 0x6E, 0xE0, 0x20, 0x49, 0x63, 0x65, 0x6C, 0x61, 0x6E, 0x64, 0x69, 0x63));
					if (count != 1) return String(CharArray::of(0x6B, 0xF3, 0x72, 0xF3, 0x6E, 0x0254, 0x0300, 0x20, 0xC1, 0xED, 0x6C, 0xE1, 0x6E, 0x64, 0xED, 0xEC, 0x6B, 0xEC));
					break;
				case 130:
					if (count == -1) return String(CharArray::of(0x44, 0x0254, 0x0301, 0x6C, 0xE0, 0x20, 0x4A, 0xE0, 0x6D, 0xE1, 0xED, 0x6B, 0xE0));
					if (count != 1) return String(CharArray::of(0xE0, 0x77, 0x0254, 0x6E, 0x20, 0x64, 0x0254, 0x0301, 0x6C, 0xE0, 0x20, 0x4A, 0xE0, 0x6D, 0xE1, 0xED, 0x6B, 0xE0));
					break;
				case 131:
					if (count == -1) return String(CharArray::of(0x44, 0xED, 0x6E, 0xE1, 0x72, 0xEC, 0x20, 0x4A, 0x0254, 0x0301, 0x64, 0xE0, 0xE0, 0x6E, 0xEC));
					break;
				case 132:
					if (count == -1) return String(CharArray::of(0x59, 0x65, 0x6E, 0x69, 0x20, 0x74, 0x69, 0x20, 0x4F, 0x72, 0xED, 0x6C, 0x025B, 0x0301, 0xE8, 0x64, 0x65, 0x20, 0x4A, 0x61, 0x70, 0x61, 0x6E, 0x69));
					break;
				case 133:
					if (count == -1) return String(CharArray::of(0x53, 0x68, 0x69, 0x69, 0x6C, 0x69, 0x20, 0x4B, 0x65, 0x6E, 0x79, 0x61));
					if (count != 1) return String(CharArray::of(0xE0, 0x77, 0x0254, 0x0301, 0x6E, 0x20, 0x73, 0x68, 0x69, 0x69, 0x6C, 0x69, 0x20, 0x4B, 0x65, 0x6E, 0x79, 0x61));
					break;
				case 134:
					if (count == -1) return String(CharArray::of(0x53, 0xF3, 0x6D, 0xFA, 0x20, 0x4B, 0x69, 0x72, 0x69, 0x6A, 0xED, 0x73, 0xED, 0x74, 0xE0, 0xE0, 0x6E, 0xEC));
					break;
				case 135:
					if (count == -1) return String(CharArray::of(0x52, 0xE1, 0x79, 0xF2, 0x20, 0x4B, 0xE0, 0x6D, 0x0300, 0x62, 0x0254, 0x0301, 0x64, 0xED, 0xE0));
					break;
				case 136:
					if (count == -1) return String(CharArray::of(0x46, 0x61, 0x72, 0x61, 0x6E, 0x73, 0x69, 0x20, 0x4B, 0x6F, 0x6D, 0x6F, 0x72, 0x69));
					if (count != 1) return String(CharArray::of(0xE0, 0x77, 0x0254, 0x6E, 0x20, 0x66, 0x61, 0x72, 0x61, 0x6E, 0x73, 0x69, 0x20, 0x4B, 0x6F, 0x6D, 0x6F, 0x72, 0x69));
					break;
				case 137:
					if (count == -1) return String(CharArray::of(0x57, 0x0254, 0x0301, 0x0254, 0x0300, 0x6E, 0xF9, 0x20, 0xC0, 0x72, 0xED, 0x77, 0xE1, 0x20, 0x4B, 0xF2, 0x72, 0xED, 0xE0));
					break;
				case 140:
					if (count == -1) return String(CharArray::of(0x57, 0x0254, 0x0301, 0x0254, 0x0300, 0x6E, 0xF9, 0x20, 0x47, 0xFA, 0xFA, 0x73, 0xF9, 0x20, 0x4B, 0xF2, 0x72, 0xED, 0xE0));
					break;
				case 141:
					if (count == -1) return String(CharArray::of(0x44, 0xED, 0x6E, 0xE1, 0x72, 0xEC, 0x20, 0x4B, 0x75, 0x77, 0x61, 0x69, 0x74, 0x69));
					break;
				case 142:
					if (count == -1) return String(CharArray::of(0x44, 0x0254, 0x0301, 0x6C, 0xE0, 0x20, 0x45, 0x72, 0xE9, 0x6B, 0xF9, 0x73, 0xF9, 0x20, 0x43, 0x61, 0x79, 0x6D, 0x61, 0x6E));
					if (count != 1) return String(CharArray::of(0xE0, 0x77, 0x0254, 0x6E, 0x20, 0x64, 0x0254, 0x0301, 0x6C, 0xE0, 0x20, 0x45, 0x72, 0xE9, 0x6B, 0xF9, 0x73, 0xF9, 0x20, 0x43, 0x61, 0x79, 0x6D, 0x61, 0x6E));
					break;
				case 143:
					if (count == -1) return String(CharArray::of(0x54, 0x025B, 0x6E, 0x67, 0xE9, 0x20, 0x4B, 0x61, 0x73, 0x61, 0x6B, 0xED, 0x73, 0xED, 0x74, 0xE0, 0xE0, 0x6E, 0xEC));
					break;
				case 144:
					if (count == -1) return String(CharArray::of(0x4B, 0xED, 0xEC, 0xEC, 0x70, 0xF9, 0x20, 0x4C, 0xE0, 0xF3, 0x74, 0xEC));
					break;
				case 145:
					if (count == -1) return String(CharArray::of(0x50, 0x0254, 0x0301, 0x6E, 0x2D, 0xF9, 0x6E, 0x20, 0x4C, 0x65, 0x62, 0x61, 0x6E, 0x65, 0x73, 0x65));
					break;
				case 146:
					if (count == -1) return String(CharArray::of(0x52, 0xFA, 0x70, 0xEC, 0xEC, 0x20, 0x53, 0x69, 0x72, 0x69, 0x20, 0x4C, 0xE1, 0x0144, 0x6B, 0xE0));
					break;
				case 147:
					if (count == -1) return String(CharArray::of(0x44, 0x0254, 0x6C, 0x61, 0x20, 0x4C, 0x69, 0x62, 0x65, 0x72, 0x69, 0x61));
					if (count != 1) return String(CharArray::of(0xE0, 0x77, 0x0254, 0x6E, 0x20, 0x64, 0x0254, 0x6C, 0x61, 0x20, 0x4C, 0x69, 0x62, 0x65, 0x72, 0x69, 0x61));
					break;
				case 148:
					if (count == -1) return String(CharArray::of(0x4C, 0x6F, 0x74, 0x69, 0x20, 0x74, 0x69, 0x20, 0x4F, 0x72, 0xED, 0x6C, 0x025B, 0x0301, 0xE8, 0x64, 0x65, 0x20, 0x4C, 0x65, 0x73, 0x6F, 0x74, 0x6F));
					if (count != 1) return String(CharArray::of(0x4C, 0xF3, 0x74, 0xEC, 0x20, 0x74, 0x69, 0x20, 0x4C, 0x025B, 0x0300, 0x73, 0xF3, 0x74, 0xF2));
					break;
				case 156:
					if (count == -1) return String(CharArray::of(0x44, 0xED, 0x6E, 0xE0, 0x20, 0x4C, 0xED, 0x62, 0xED, 0x79, 0xE0));
					if (count != 1) return String(CharArray::of(0xE0, 0x77, 0x0254, 0x6E, 0x20, 0x64, 0xED, 0x6E, 0xE0, 0x20, 0x4C, 0xED, 0x62, 0xED, 0x79, 0xE0));
					break;
				case 157:
					if (count == -1) return String(CharArray::of(0x44, 0xED, 0x72, 0xE1, 0x6D, 0xEC, 0x20, 0x4D, 0x6F, 0x72, 0x6F, 0x6B, 0xF2));
					if (count != 1) return String(CharArray::of(0xE0, 0x77, 0x0254, 0x6E, 0x20, 0x64, 0xED, 0x72, 0xE1, 0x6D, 0xEC, 0x20, 0x4D, 0x6F, 0x72, 0x6F, 0x6B, 0xF2));
					break;
				case 161:
					if (count == -1) return String(CharArray::of(0x4F, 0x77, 0xF3, 0x20, 0x4C, 0xE9, 0x68, 0xF9, 0x20, 0x4D, 0x6F, 0x6C, 0x64, 0x6F, 0x76, 0x61, 0x6E));
					if (count != 1) return String(CharArray::of(0x4C, 0xE9, 0x68, 0xEC, 0x20, 0x4D, 0x6F, 0x6C, 0x64, 0x6F, 0x76, 0x61, 0x6E));
					break;
				case 162:
					if (count == -1) return String(CharArray::of(0x46, 0x61, 0x72, 0x61, 0x6E, 0x73, 0x69, 0x20, 0x4D, 0x61, 0x6C, 0x61, 0x67, 0x61, 0x73, 0x69));
					if (count != 1) return String(CharArray::of(0xE0, 0x77, 0x0254, 0x6E, 0x20, 0x66, 0x61, 0x72, 0x61, 0x6E, 0x73, 0x69, 0x20, 0x4D, 0x61, 0x6C, 0x61, 0x67, 0x61, 0x73, 0x69));
					break;
				case 164:
					if (count == -1) return String(CharArray::of(0x44, 0x025B, 0x0301, 0x6E, 0xE0, 0x20, 0x4D, 0x61, 0x73, 0x69, 0x64, 0xF3, 0x6E, 0xED, 0xE0));
					if (count != 1) return String(CharArray::of(0x64, 0x025B, 0x0301, 0x6E, 0xE0, 0x72, 0xEC, 0x20, 0x4D, 0x61, 0x73, 0x69, 0x64, 0xF3, 0x6E, 0xED, 0xE0));
					break;
				case 167:
					if (count == -1) return String(CharArray::of(0x4B, 0xED, 0x79, 0xE0, 0x74, 0xEC, 0x20, 0x4D, 0x79, 0x61, 0x6E, 0x6D, 0x61, 0x72));
					break;
				case 168:
					if (count == -1) return String(CharArray::of(0x54, 0xFA, 0x67, 0xFA, 0x72, 0xEC, 0xEC, 0x6B, 0xEC, 0x20, 0x4D, 0xF2, 0x01F9, 0x67, 0xF3, 0x6C, 0xED, 0xE0));
					break;
				case 169:
					if (count == -1) return String(CharArray::of(0x50, 0xE0, 0x74, 0xE1, 0x6B, 0xE0, 0x20, 0x4D, 0xE0, 0x6B, 0xE1, 0xF2));
					break;
				case 170:
					if (count == -1) return String(CharArray::of(0x4F, 0x75, 0x67, 0x75, 0x69, 0x79, 0x61, 0x20, 0x74, 0x69, 0x20, 0x4F, 0x72, 0xED, 0x6C, 0x025B, 0x0301, 0xE8, 0x64, 0x65, 0x20, 0x4D, 0x61, 0x72, 0x69, 0x74, 0x61, 0x6E, 0x69, 0x61, 0x20, 0x28, 0x31, 0x39, 0x37, 0x33, 0x2013, 0x32, 0x30, 0x31, 0x37, 0x29));
					break;
				case 171:
					if (count == -1) return String(CharArray::of(0x4F, 0x75, 0x67, 0x75, 0x69, 0x79, 0x61, 0x20, 0x74, 0x69, 0x20, 0x4F, 0x72, 0xED, 0x6C, 0x025B, 0x0301, 0xE8, 0x64, 0x65, 0x20, 0x4D, 0x61, 0x72, 0x69, 0x74, 0x61, 0x6E, 0x69, 0x61));
					break;
				case 174:
					if (count == -1) return String(CharArray::of(0x52, 0x75, 0x70, 0x69, 0x20, 0x4D, 0x61, 0x72, 0x69, 0x74, 0x75, 0x73, 0x69));
					if (count != 1) return String(CharArray::of(0xE0, 0x77, 0x0254, 0x6E, 0x20, 0x72, 0x75, 0x70, 0x69, 0x20, 0x4D, 0x61, 0x72, 0x69, 0x74, 0x75, 0x73, 0x69));
					break;
				case 176:
					if (count == -1) return String(CharArray::of(0x52, 0xFA, 0x66, 0xEC, 0x79, 0xE1, 0x20, 0x4D, 0x0254, 0x0300, 0x6C, 0xEC, 0x64, 0xED, 0x66, 0xE0));
					break;
				case 177:
					if (count == -1) return String(CharArray::of(0x4B, 0xE1, 0x73, 0xE0, 0x20, 0x4D, 0xE0, 0x6C, 0xE1, 0x77, 0xEC));
					if (count != 1) return String(CharArray::of(0xE0, 0x77, 0x0254, 0x6E, 0x20, 0x6B, 0xE1, 0x73, 0xE0, 0x20, 0x4D, 0xE0, 0x6C, 0xE1, 0x77, 0xEC));
					break;
				case 178:
					if (count == -1) return String(CharArray::of(0x50, 0x025B, 0x0301, 0x73, 0xF2, 0x20, 0x4D, 0x025B, 0x0301, 0x73, 0xED, 0x6B, 0xF2));
					if (count != 1) return String(CharArray::of(0xE0, 0x77, 0x0254, 0x6E, 0x20, 0x70, 0x025B, 0x0301, 0x73, 0xF2, 0x20, 0x4D, 0x025B, 0x0301, 0x73, 0xED, 0x6B, 0xF2));
					break;
				case 181:
					if (count == -1) return String(CharArray::of(0x52, 0xED, 0x6E, 0x67, 0xEC, 0x74, 0xEC, 0x20, 0x4D, 0xE0, 0x6C, 0xE9, 0x73, 0x68, 0xED, 0xE0));
					break;
				case 183:
					if (count == -1) return String(CharArray::of(0x4D, 0x65, 0x74, 0x69, 0x6B, 0x61, 0x20, 0x74, 0x69, 0x20, 0x4F, 0x72, 0xED, 0x6C, 0x025B, 0x0301, 0xE8, 0x64, 0x65, 0x20, 0x4D, 0x6F, 0x73, 0x61, 0x6D, 0x69, 0x62, 0x69, 0x6B, 0x69));
					break;
				case 184:
					if (count == -1) return String(CharArray::of(0x4D, 0x025B, 0x0301, 0x74, 0xED, 0x6B, 0xE0, 0xE0, 0x6C, 0xEC, 0x20, 0x4D, 0xF2, 0x73, 0xE1, 0x1E3F, 0x62, 0xED, 0xEC, 0x6B, 0xEC));
					if (count != 1) return String(CharArray::of(0xE0, 0x77, 0x0254, 0x6E, 0x20, 0x6D, 0x025B, 0x0301, 0x74, 0xED, 0x6B, 0xE0, 0xE0, 0x6C, 0xEC, 0x20, 0x4D, 0xF2, 0x73, 0xE1, 0x1E3F, 0x62, 0xED, 0xEC, 0x6B, 0xEC));
					break;
				case 185:
					if (count == -1) return String(CharArray::of(0x44, 0x0254, 0x6C, 0x61, 0x20, 0x4E, 0x61, 0x6D, 0x69, 0x62, 0xED, 0xE0));
					if (count != 1) return String(CharArray::of(0xE0, 0x77, 0x0254, 0x6E, 0x20, 0x64, 0x0254, 0x6C, 0x61, 0x20, 0x4E, 0x61, 0x6D, 0x69, 0x62, 0xED, 0xE0));
					break;
				case 186:
					if (count == -1) return String(CharArray::of(0x4E, 0xE1, 0xED, 0x72, 0xE0, 0x20, 0x4E, 0xE0, 0xEC, 0x6A, 0xED, 0x72, 0xED, 0xE0));
					break;
				case 188:
					if (count == -1) return String(CharArray::of(0x4B, 0x0254, 0x0300, 0x64, 0xF3, 0x62, 0xE0, 0x20, 0x4E, 0x61, 0x69, 0x6B, 0x61, 0x72, 0xE1, 0x67, 0xFA, 0xE0));
					if (count != 1) return String(CharArray::of(0xE0, 0x77, 0x0254, 0x6E, 0x20, 0x6B, 0x0254, 0x0300, 0x64, 0xF3, 0x62, 0xE0, 0x20, 0x4E, 0x61, 0x69, 0x6B, 0x61, 0x72, 0xE1, 0x67, 0xFA, 0xE0));
					break;
				case 190:
					if (count == -1) return String(CharArray::of(0x6B, 0xF3, 0x72, 0xF3, 0x6E, 0xEC, 0x20, 0x4E, 0x0254, 0x0301, 0x77, 0xE8));
					if (count != 1) return String(CharArray::of(0x6B, 0xF3, 0x72, 0xF3, 0x6E, 0xE0, 0x20, 0x4E, 0x0254, 0x0301, 0x77, 0xE8));
					break;
				case 191:
					if (count == -1) return String(CharArray::of(0x52, 0xFA, 0x70, 0xEC, 0xEC, 0x20, 0x4E, 0x025B, 0x0335, 0x0301, 0x70, 0xE0, 0xE0, 0x6C, 0xEC));
					break;
				case 192:
					if (count == -1) return String(CharArray::of(0x44, 0x0254, 0x0301, 0x6C, 0xE0, 0x20, 0x4E, 0x65, 0x77, 0x20, 0x5A, 0x65, 0x61, 0x6C, 0x61, 0x6E, 0x64));
					break;
				case 193:
					if (count == -1) return String(CharArray::of(0x52, 0xE1, 0x79, 0xF2, 0x20, 0x4F, 0x6D, 0x61, 0x6E, 0x69));
					break;
				case 194:
					if (count == -1) return String(CharArray::of(0x42, 0xE1, 0x6C, 0xED, 0x62, 0xF3, 0xE0, 0x20, 0x50, 0xE0, 0x6E, 0xE1, 0x6D, 0xE0));
					if (count != 1) return String(CharArray::of(0xE0, 0x77, 0x0254, 0x6E, 0x20, 0x62, 0xE1, 0x6C, 0xED, 0x62, 0xF3, 0xE0, 0x20, 0x50, 0xE0, 0x6E, 0xE1, 0x6D, 0xE0));
					break;
				case 196:
					if (count == -1) return String(CharArray::of(0x53, 0xF3, 0x6C, 0xEC, 0x20, 0x50, 0xE8, 0x72, 0xFA, 0xF9));
					if (count != 1) return String(CharArray::of(0xE0, 0x77, 0x0254, 0x6E, 0x20, 0x73, 0xF3, 0x6C, 0xEC, 0x20, 0x50, 0xE8, 0x72, 0xFA, 0xF9));
					break;
				case 198:
					if (count == -1) return String(CharArray::of(0x4B, 0xED, 0x6E, 0xE0, 0x20, 0x50, 0x61, 0x70, 0x75, 0x61, 0x20, 0x47, 0x75, 0x69, 0x6E, 0x65, 0x61, 0x20, 0x54, 0x75, 0x6E, 0x74, 0x75, 0x6E));
					break;
				case 199:
					if (count == -1) return String(CharArray::of(0x50, 0xED, 0x73, 0xF2, 0x20, 0x46, 0xED, 0x6C, 0xED, 0x70, 0xEC, 0x6E, 0xEC));
					break;
				case 200:
					if (count == -1) return String(CharArray::of(0x52, 0xFA, 0x70, 0xEC, 0xEC, 0x20, 0x50, 0x61, 0x6B, 0x69, 0x73, 0x69, 0x74, 0xE1, 0x6E, 0xEC));
					break;
				case 201:
					if (count == -1) return String(CharArray::of(0x53, 0xED, 0x6C, 0x0254, 0x0300, 0x74, 0xEC, 0x20, 0x50, 0x0254, 0x0301, 0x6C, 0xED, 0x73, 0x68, 0xEC));
					if (count != 1) return String(CharArray::of(0xE0, 0x77, 0x0254, 0x6E, 0x20, 0x73, 0xED, 0x6C, 0x0254, 0x0300, 0x74, 0xEC, 0x20, 0x50, 0x0254, 0x0301, 0x6C, 0xED, 0x73, 0x68, 0xEC));
					break;
				case 204:
					if (count == -1) return String(CharArray::of(0x47, 0xFA, 0xE1, 0x72, 0xE1, 0x6E, 0xEC, 0x20, 0x50, 0xE1, 0x72, 0xE1, 0x67, 0xFA, 0x77, 0xE8));
					if (count != 1) return String(CharArray::of(0xE0, 0x77, 0x0254, 0x6E, 0x20, 0x67, 0xFA, 0xE1, 0x72, 0xE1, 0x6E, 0xEC, 0x20, 0x50, 0xE1, 0x72, 0xE1, 0x67, 0xFA, 0x77, 0xE8));
					break;
				case 205:
					if (count == -1) return String(CharArray::of(0x52, 0xE1, 0x79, 0xF2, 0x20, 0x4B, 0xE0, 0x74, 0xE1, 0x72, 0xEC));
					break;
				case 208:
					if (count == -1) return String(CharArray::of(0x4C, 0xE9, 0x68, 0xF9, 0x20, 0x52, 0xF2, 0x6D, 0xE9, 0x6E, 0xED, 0xE0));
					if (count != 1) return String(CharArray::of(0x4C, 0xE9, 0x68, 0xEC, 0x20, 0x52, 0xF2, 0x6D, 0xE9, 0x6E, 0xED, 0xE0));
					break;
				case 209:
					if (count == -1) return String(CharArray::of(0x44, 0xED, 0x6E, 0xE1, 0x72, 0xEC, 0x20, 0x53, 0xE0, 0x62, 0xED, 0xE0));
					if (count != 1) return String(CharArray::of(0xE0, 0x77, 0x0254, 0x6E, 0x20, 0x64, 0xED, 0x6E, 0xE1, 0x72, 0xEC, 0x20, 0x53, 0xE0, 0x62, 0xED, 0xE0));
					break;
				case 210:
					if (count == -1) return String(CharArray::of(0x4F, 0x77, 0xF3, 0x20, 0x72, 0x75, 0x62, 0x6C, 0x65, 0x20, 0x74, 0x69, 0x20, 0x69, 0x6C, 0x025B, 0x0300, 0x20, 0x52, 0x0254, 0x0301, 0x73, 0x68, 0xED, 0xE0));
					break;
				case 212:
					if (count == -1) return String(CharArray::of(0x46, 0x61, 0x72, 0x61, 0x6E, 0x73, 0x69, 0x20, 0x52, 0x75, 0x77, 0x61, 0x6E, 0x64, 0x61));
					if (count != 1) return String(CharArray::of(0xE0, 0x77, 0x0254, 0x6E, 0x20, 0x66, 0x61, 0x72, 0x61, 0x6E, 0x73, 0x69, 0x20, 0x52, 0x75, 0x77, 0x61, 0x6E, 0x64, 0x61));
					break;
				case 213:
					if (count == -1) return String(CharArray::of(0x52, 0x69, 0x79, 0x61, 0x20, 0x74, 0x69, 0x20, 0x4F, 0x72, 0xED, 0x6C, 0x025B, 0x0301, 0xE8, 0x64, 0x65, 0x20, 0x53, 0x61, 0x75, 0x64, 0x69));
					break;
				case 214:
					if (count == -1) return String(CharArray::of(0x44, 0x0254, 0x0301, 0x6C, 0xE0, 0x20, 0x45, 0x72, 0xE9, 0x6B, 0xF9, 0x73, 0xF9, 0x20, 0x53, 0x0254, 0x0301, 0x6C, 0xF3, 0x6D, 0x0254, 0x0301, 0x6E, 0xEC));
					break;
				case 215:
					if (count == -1) return String(CharArray::of(0x52, 0xFA, 0x70, 0xEC, 0x20, 0x53, 0x61, 0x79, 0x69, 0x73, 0x65, 0x6C, 0x65, 0x73, 0x69));
					if (count != 1) return String(CharArray::of(0xE0, 0x77, 0x0254, 0x0301, 0x6E, 0x20, 0x72, 0xFA, 0x70, 0xEC, 0x20, 0x53, 0x61, 0x79, 0x69, 0x73, 0x65, 0x6C, 0x65, 0x73, 0x69));
					break;
				case 217:
					if (count == -1) return String(CharArray::of(0x50, 0x0254, 0x0301, 0x6E, 0x2D, 0xF9, 0x6E, 0x20, 0x53, 0xF9, 0x64, 0xE1, 0xE0, 0x6E, 0xEC));
					if (count != 1) return String(CharArray::of(0xE0, 0x77, 0x0254, 0x6E, 0x20, 0x70, 0x0254, 0x0301, 0x6E, 0x2D, 0xF9, 0x6E, 0x20, 0x53, 0xF9, 0x64, 0xE1, 0xE0, 0x6E, 0xEC));
					break;
				case 218:
					if (count == -1) return String(CharArray::of(0x50, 0x0254, 0x0254, 0x75, 0x6E, 0x20, 0x74, 0x69, 0x20, 0x4F, 0x72, 0xED, 0x6C, 0x025B, 0x0301, 0xE8, 0x64, 0x65, 0x20, 0x53, 0x75, 0x64, 0x61, 0x6E, 0x69));
					break;
				case 219:
					if (count == -1) return String(CharArray::of(0x4B, 0xF2, 0x72, 0xF3, 0x6E, 0xE0, 0x20, 0x53, 0xFA, 0x77, 0xED, 0x64, 0xEC, 0x6E));
					if (count != 1) return String(CharArray::of(0x4B, 0xF2, 0x72, 0xF3, 0x6E, 0x0254, 0x0300, 0x20, 0x53, 0xFA, 0x77, 0xED, 0x64, 0xEC, 0x6E));
					break;
				case 220:
					if (count == -1) return String(CharArray::of(0x44, 0x0254, 0x0301, 0x6C, 0xE0, 0x20, 0x53, 0xED, 0x6E, 0x67, 0xE1, 0x70, 0x0254, 0x0300));
					break;
				case 221:
					if (count == -1) return String(CharArray::of(0x50, 0x0254, 0x0301, 0x6E, 0x2D, 0x75, 0x6E, 0x20, 0x45, 0x6C, 0x65, 0x6E, 0x61));
					if (count != 1) return String(CharArray::of(0xE0, 0x77, 0x0254, 0x6E, 0x20, 0x70, 0x0254, 0x0301, 0x6E, 0x2D, 0x75, 0x6E, 0x20, 0x45, 0x6C, 0x65, 0x6E, 0x61));
					break;
				case 224:
					if (count == -1) return String(CharArray::of(0x4C, 0xED, 0xF3, 0x6E, 0xEC, 0x20, 0x53, 0x69, 0x72, 0x61, 0x20, 0x4C, 0xED, 0x6F, 0x6E, 0xEC));
					if (count != 1) return String(CharArray::of(0xE0, 0x77, 0x0254, 0x6E, 0x20, 0x6C, 0xED, 0xF3, 0x6E, 0xEC, 0x20, 0x53, 0x69, 0x72, 0x61, 0x20, 0x4C, 0xED, 0x6F, 0x6E, 0xEC));
					break;
				case 225:
					if (count == -1) return String(CharArray::of(0x4C, 0xED, 0xF3, 0x6E, 0xEC, 0x20, 0x53, 0x69, 0x72, 0x61, 0x20, 0x4C, 0xED, 0x6F, 0x6E, 0xEC, 0x20, 0x28, 0x31, 0x39, 0x36, 0x34, 0x2014, 0x32, 0x30, 0x32, 0x32, 0x29));
					if (count != 1) return String(CharArray::of(0xE0, 0x77, 0x0254, 0x6E, 0x20, 0x6C, 0xED, 0xF3, 0x6E, 0xEC, 0x20, 0x53, 0x69, 0x72, 0x61, 0x20, 0x4C, 0xED, 0x6F, 0x6E, 0xEC, 0x20, 0x28, 0x31, 0x39, 0x36, 0x34, 0x2014, 0x32, 0x30, 0x32, 0x32, 0x29));
					break;
				case 226:
					if (count == -1) return String(CharArray::of(0x53, 0x68, 0xED, 0x6C, 0xE8, 0x20, 0x53, 0x6F, 0x6D, 0x61, 0x6C, 0x69));
					if (count != 1) return String(CharArray::of(0xE0, 0x77, 0x0254, 0x0301, 0x6E, 0x20, 0x73, 0x68, 0xED, 0x6C, 0xE8, 0x20, 0x53, 0x6F, 0x6D, 0x61, 0x6C, 0x69));
					break;
				case 227:
					if (count == -1) return String(CharArray::of(0x44, 0x0254, 0x0301, 0x6C, 0xE0, 0x20, 0x53, 0xFA, 0x72, 0xED, 0x6E, 0xE1, 0x6D, 0xEC));
					if (count != 1) return String(CharArray::of(0xE0, 0x77, 0x0254, 0x6E, 0x20, 0x44, 0x0254, 0x0301, 0x6C, 0xE0, 0x20, 0x53, 0xFA, 0x72, 0xED, 0x6E, 0xE1, 0x6D, 0xEC));
					break;
				case 229:
					if (count == -1) return String(CharArray::of(0x50, 0x0254, 0x0301, 0x6E, 0x2D, 0x75, 0x6E, 0x20, 0x47, 0xFA, 0xFA, 0x73, 0xF9, 0x20, 0x53, 0xF9, 0x64, 0xE1, 0xE0, 0x6E, 0xEC));
					if (count != 1) return String(CharArray::of(0xE0, 0x77, 0x0254, 0x6E, 0x20, 0x70, 0x0254, 0x0301, 0x6E, 0x2D, 0x75, 0x6E, 0x20, 0x47, 0xFA, 0xFA, 0x73, 0xF9, 0x20, 0x53, 0xF9, 0x64, 0xE1, 0xE0, 0x6E, 0xEC));
					break;
				case 230:
					if (count == -1) return String(CharArray::of(0x44, 0x6F, 0x62, 0x69, 0x72, 0x61, 0x20, 0x74, 0x69, 0x20, 0x4F, 0x72, 0xED, 0x6C, 0x025B, 0x0301, 0xE8, 0x64, 0x65, 0x20, 0x53, 0x61, 0x6F, 0x20, 0x74, 0x6F, 0x6D, 0x65, 0x20, 0x41, 0x74, 0x69, 0x20, 0x50, 0x69, 0x72, 0x69, 0x73, 0x69, 0x70, 0x65, 0x20, 0x28, 0x31, 0x39, 0x37, 0x37, 0x2013, 0x32, 0x30, 0x31, 0x37, 0x29));
					break;
				case 231:
					if (count == -1) return String(CharArray::of(0x44, 0x0254, 0x62, 0xED, 0x72, 0x61, 0x20, 0x53, 0x61, 0x6F, 0x20, 0x74, 0x6F, 0x6D, 0x65, 0x20, 0xE0, 0x74, 0x69, 0x20, 0x50, 0x69, 0x72, 0x69, 0x73, 0x69, 0x70, 0x69));
					break;
				case 234:
					if (count == -1) return String(CharArray::of(0x50, 0x0254, 0x0301, 0x6E, 0x2D, 0xF9, 0x6E, 0x20, 0x53, 0xED, 0x72, 0xEC, 0xE0));
					break;
				case 235:
					if (count == -1) return String(CharArray::of(0x4C, 0x69, 0x6C, 0x61, 0x6E, 0x67, 0x65, 0x6E, 0x69, 0x20, 0x53, 0x75, 0x77, 0x61, 0x73, 0x69));
					if (count != 1) return String(CharArray::of(0x65, 0x6D, 0x61, 0x6C, 0x61, 0x6E, 0x67, 0x65, 0x6E, 0x69, 0x20, 0x53, 0x75, 0x77, 0x61, 0x73, 0x69));
					break;
				case 236:
					if (count == -1) return String(CharArray::of(0x42, 0xE1, 0xE0, 0x74, 0xEC, 0x20, 0x54, 0x68, 0xE1, 0xEC));
					break;
				case 238:
					if (count == -1) return String(CharArray::of(0x53, 0xF3, 0x6D, 0xF3, 0x6E, 0xEC, 0x20, 0x54, 0x61, 0x6A, 0x69, 0x6B, 0xED, 0x73, 0x74, 0xE0, 0xE0, 0x6E, 0xEC));
					break;
				case 240:
					if (count == -1) return String(CharArray::of(0x4D, 0xE1, 0x6E, 0xE0, 0xE0, 0x74, 0xEC, 0x20, 0x54, 0x0254, 0x6B, 0x69, 0x6D, 0x025B, 0x6E, 0xED, 0x73, 0x74, 0xE0, 0xE0, 0x6E, 0xEC));
					break;
				case 241:
					if (count == -1) return String(CharArray::of(0x44, 0xED, 0x6E, 0xE0, 0x20, 0x54, 0x75, 0x6E, 0x69, 0x73, 0x68, 0xED, 0xE0));
					if (count != 1) return String(CharArray::of(0xE0, 0x77, 0x0254, 0x6E, 0x20, 0x64, 0xED, 0x6E, 0xE0, 0x20, 0x54, 0x75, 0x6E, 0x69, 0x73, 0x68, 0xED, 0xE0));
					break;
				case 242:
					if (count == -1) return String(CharArray::of(0x50, 0xE0, 0xE1, 0x6E, 0x67, 0xE0, 0x20, 0x54, 0xF3, 0x0144, 0x67, 0xE0));
					break;
				case 245:
					if (count == -1) return String(CharArray::of(0x4C, 0xED, 0x72, 0xE0, 0x20, 0x54, 0x0254, 0x0301, 0x6B, 0xEC));
					break;
				case 246:
					if (count == -1) return String(CharArray::of(0x44, 0x0254, 0x0301, 0x6C, 0xE0, 0x20, 0x54, 0x72, 0x69, 0x6E, 0x69, 0x64, 0x61, 0x64, 0x20, 0x26, 0x20, 0x54, 0x6F, 0x62, 0x61, 0x67, 0x6F));
					if (count != 1) return String(CharArray::of(0xE0, 0x77, 0x0254, 0x6E, 0x20, 0x64, 0x0254, 0x0301, 0x6C, 0xE0, 0x20, 0x54, 0x72, 0x69, 0x6E, 0x69, 0x64, 0x61, 0x64, 0x20, 0xE0, 0x74, 0x69, 0x20, 0x54, 0x6F, 0x62, 0x61, 0x67, 0x6F));
					break;
				case 247:
					if (count == -1) return String(CharArray::of(0x44, 0x0254, 0x0301, 0x6C, 0xE0, 0x20, 0x54, 0xE0, 0xEC, 0x77, 0xE1, 0x6E, 0xEC, 0x20, 0x54, 0x75, 0x6E, 0x74, 0x75, 0x6E));
					break;
				case 248:
					if (count == -1) return String(CharArray::of(0x53, 0x69, 0x6C, 0x65, 0x20, 0x54, 0x61, 0x6E, 0x73, 0x61, 0x6E, 0x69, 0x61));
					if (count != 1) return String(CharArray::of(0xE0, 0x77, 0x0254, 0x6E, 0x20, 0x73, 0x68, 0x69, 0x6C, 0x65, 0x20, 0x54, 0x61, 0x6E, 0x73, 0x61, 0x6E, 0x69, 0x61));
					break;
				case 249:
					if (count == -1) return String(CharArray::of(0x0186, 0x72, 0x69, 0x66, 0x69, 0x6E, 0xED, 0x79, 0xE0, 0x20, 0x59, 0x75, 0x6B, 0x69, 0x72, 0xE9, 0x6E, 0xED, 0xE0));
					break;
				case 252:
					if (count == -1) return String(CharArray::of(0x53, 0x68, 0x69, 0x6C, 0x65, 0x20, 0x55, 0x67, 0x61, 0x6E, 0x64, 0x61));
					if (count != 1) return String(CharArray::of(0xE0, 0x77, 0x0254, 0x6E, 0x20, 0x73, 0x68, 0x69, 0x6C, 0x65, 0x20, 0x55, 0x67, 0x61, 0x6E, 0x64, 0x61));
					break;
				case 253:
					if (count == -1) return String(CharArray::of(0x44, 0x0254, 0x0301, 0x6C, 0xE0));
					break;
				case 258:
					if (count == -1) return String(CharArray::of(0x50, 0x025B, 0x0301, 0x73, 0xF2, 0x20, 0xDA, 0x72, 0xFA, 0x67, 0xFA, 0x77, 0xE8));
					if (count != 1) return String(CharArray::of(0xE0, 0x77, 0x0254, 0x6E, 0x20, 0x70, 0x025B, 0x0301, 0x73, 0xF2, 0x20, 0xDA, 0x72, 0xFA, 0x67, 0xFA, 0x77, 0xE8));
					break;
				case 260:
					if (count == -1) return String(CharArray::of(0x53, 0xF3, 0x6D, 0xFA, 0x20, 0x55, 0x73, 0x69, 0x62, 0x025B, 0x6B, 0xED, 0x73, 0xED, 0x74, 0xE0, 0xE0, 0x6E, 0xEC));
					break;
				case 264:
					if (count == -1) return String(CharArray::of(0x42, 0x0254, 0x0300, 0x6C, 0xED, 0x66, 0xE0, 0x20, 0x46, 0x025B, 0x6E, 0x025B, 0x73, 0x75, 0x025B, 0x0301, 0x6C, 0xE0));
					if (count != 1) return String(CharArray::of(0xE0, 0x77, 0x0254, 0x6E, 0x20, 0x62, 0x0254, 0x0300, 0x6C, 0xED, 0x66, 0xE0, 0x20, 0x46, 0x025B, 0x6E, 0x025B, 0x73, 0x75, 0x025B, 0x0301, 0x6C, 0xE0));
					break;
				case 265:
					if (count == -1) return String(CharArray::of(0x44, 0xE1, 0x68, 0xF9, 0x6E, 0x20, 0x56, 0x69, 0x65, 0x74, 0x6E, 0x61, 0x6D, 0x65, 0x73, 0x65));
					break;
				case 267:
					if (count == -1) return String(CharArray::of(0x46, 0xE1, 0x74, 0xF9, 0x20, 0x56, 0x61, 0x6E, 0x75, 0x61, 0x74, 0x75));
					break;
				case 268:
					if (count == -1) return String(CharArray::of(0x54, 0xE1, 0x6C, 0xE0, 0x20, 0x53, 0xE0, 0x6D, 0xF3, 0xE0));
					break;
				case 269:
					if (count == -1) return String(CharArray::of(0x46, 0x69, 0x72, 0x61, 0x6E, 0x6B, 0x69, 0x20, 0xE0, 0xE1, 0x72, 0xED, 0x6E, 0x20, 0x41, 0x66, 0xED, 0x72, 0xED, 0x6B, 0xE0));
					if (count != 1) return String(CharArray::of(0xE0, 0x77, 0x0254, 0x6E, 0x20, 0x66, 0x69, 0x72, 0x61, 0x6E, 0x6B, 0x69, 0x20, 0xE0, 0xE1, 0x72, 0xED, 0x6E, 0x20, 0x41, 0x66, 0xED, 0x72, 0xED, 0x6B, 0xE0));
					break;
				case 276:
					if (count == -1) return String(CharArray::of(0x44, 0x0254, 0x0301, 0x6C, 0xE0, 0x20, 0x49, 0x6C, 0xE0, 0x20, 0x4F, 0xF2, 0x72, 0xF9, 0x6E, 0x20, 0x4B, 0x61, 0x72, 0xED, 0x62, 0xED, 0xE0));
					if (count != 1) return String(CharArray::of(0xE0, 0x77, 0x0254, 0x6E, 0x20, 0x64, 0x0254, 0x0301, 0x6C, 0xE0, 0x20, 0x49, 0x6C, 0xE0, 0x20, 0x4F, 0xF2, 0x72, 0xF9, 0x6E, 0x20, 0x4B, 0x61, 0x72, 0xED, 0x62, 0xED, 0xE0));
					break;
				case 282:
					if (count == -1) return String(CharArray::of(0x46, 0x61, 0x72, 0x61, 0x6E, 0x73, 0xEC, 0x20, 0xEC, 0x77, 0x0254, 0x0300, 0x2D, 0x6F, 0x6F, 0x72, 0xF9, 0x6E, 0x20, 0x41, 0x66, 0xED, 0x72, 0xED, 0x6B, 0xE0));
					if (count != 1) return String(CharArray::of(0xE0, 0x77, 0x0254, 0x6E, 0x20, 0x66, 0x61, 0x72, 0x61, 0x6E, 0x73, 0xEC, 0x20, 0xEC, 0x77, 0x0254, 0x0300, 0x2D, 0x6F, 0x6F, 0x72, 0xF9, 0x6E, 0x20, 0x41, 0x66, 0xED, 0x72, 0xED, 0x6B, 0xE0));
					break;
				case 284:
					if (count == -1) return String(CharArray::of(0x46, 0xED, 0x72, 0xE0, 0x6E, 0x6B, 0xEC, 0x20, 0x43, 0x46, 0x50));
					break;
				case 290:
					if (count == -1) return String(CharArray::of(0x6F, 0x77, 0xF3, 0x6E, 0xED, 0x6E, 0xE1, 0x20, 0xE0, 0xEC, 0x6D, 0x0254, 0x0300));
					break;
				case 292:
					if (count == -1) return String(CharArray::of(0x52, 0xE1, 0x79, 0xF2, 0x20, 0x59, 0x025B, 0x0301, 0x6D, 0x025B, 0x0300, 0x6E, 0xEC));
					break;
				case 298:
					if (count == -1) return String(CharArray::of(0x52, 0xE1, 0x6E, 0x64, 0xEC, 0x20, 0x47, 0xFA, 0xFA, 0x73, 0xF9, 0x20, 0x41, 0x66, 0xED, 0x72, 0xED, 0x6B, 0xE0));
					if (count != 1) return String(CharArray::of(0x72, 0xE1, 0x6E, 0x64, 0xEC, 0x20, 0x47, 0xFA, 0xFA, 0x73, 0xF9, 0x20, 0x41, 0x66, 0xED, 0x72, 0xED, 0x6B, 0xE0));
					break;
				case 299:
					if (count == -1) return String(CharArray::of(0x4B, 0x61, 0x77, 0x61, 0x73, 0x68, 0x61, 0x20, 0x74, 0x69, 0x20, 0x4F, 0x72, 0xED, 0x6C, 0x025B, 0x0301, 0xE8, 0x64, 0x65, 0x20, 0x53, 0x61, 0x61, 0x62, 0x69, 0x61, 0x20, 0x28, 0x31, 0x39, 0x36, 0x38, 0x2013, 0x32, 0x30, 0x31, 0x32, 0x29));
					break;
				case 300:
					if (count == -1) return String(CharArray::of(0x4B, 0xE0, 0x77, 0x61, 0x73, 0xE0, 0x20, 0x53, 0xE1, 0x6D, 0x62, 0xED, 0xE0));
					if (count != 1) return String(CharArray::of(0xE0, 0x77, 0x0254, 0x6E, 0x20, 0x6B, 0xE0, 0x77, 0x61, 0x73, 0xE0, 0x20, 0x53, 0xE1, 0x6D, 0x62, 0xED, 0xE0));
					break;
				case 303:
					if (count == -1) return String(CharArray::of(0x44, 0x0254, 0x6C, 0x61, 0x20, 0x74, 0x69, 0x20, 0x4F, 0x72, 0xED, 0x6C, 0x025B, 0x0301, 0xE8, 0x64, 0x65, 0x20, 0x53, 0x69, 0x69, 0x62, 0x61, 0x62, 0x75, 0x77, 0x65));
					break;
            default: break;
            }
            return String();
        }
        
        String Yo_Bj::displayUnit(gint unit, gint count) const {
            switch(unit) { 
				case 11: return String(CharArray::of(0x68, 0x65, 0x6B, 0x69, 0x74, 0x61));
				case 7: return String(CharArray::of(0x73, 0x61, 0x72, 0x65));
				case 20: return String(CharArray::of(0xE0, 0x77, 0x0254, 0x0301, 0x6E, 0x20, 0x6F, 0x68, 0x75, 0x6E));
				case 33: return String(CharArray::of(0x6D, 0x61, 0x69, 0x6C, 0x69, 0x20, 0x6E, 0x69, 0x6E, 0x75, 0x20, 0x61, 0x6D, 0x69, 0x20, 0x67, 0x61, 0x6C, 0x0254, 0x0254, 0x6E, 0x75, 0x20, 0x6B, 0x61, 0x6E));
				case 42: return String(CharArray::of(0xE0, 0x77, 0x0254, 0x6E, 0x20, 0x70, 0x025B, 0x0301, 0x74, 0xE1, 0x62, 0xE1, 0xEC, 0x74, 0xEC));
				case 44: return String(CharArray::of(0xE0, 0x77, 0x0254, 0x6E, 0x20, 0x74, 0x025B, 0x0301, 0x72, 0xE1, 0x62, 0xE1, 0xEC, 0x74, 0xEC));
				case 43: return String(CharArray::of(0xE0, 0x77, 0x0254, 0x6E, 0x20, 0x74, 0x025B, 0x0301, 0x72, 0xE1, 0x62, 0xED, 0xEC, 0x74, 0xEC));
				case 37: return String(CharArray::of(0xE0, 0x77, 0x0254, 0x6E, 0x20, 0x67, 0xED, 0x67, 0xE1, 0x62, 0xE1, 0xEC, 0x74, 0xEC));
				case 36: return String(CharArray::of(0xE0, 0x77, 0x0254, 0x6E, 0x20, 0x67, 0xED, 0x67, 0xE1, 0x62, 0xED, 0xEC, 0x74, 0xEC));
				case 41: return String(CharArray::of(0xE0, 0x77, 0x0254, 0x6E, 0x20, 0x6D, 0xE9, 0x67, 0xE1, 0x62, 0xE1, 0xEC, 0x74, 0xEC));
				case 40: return String(CharArray::of(0xE0, 0x77, 0x0254, 0x6E, 0x20, 0x6D, 0xE9, 0x67, 0xE1, 0x62, 0xED, 0xEC, 0x74, 0xEC));
				case 39: return String(CharArray::of(0xE0, 0x77, 0x0254, 0x6E, 0x20, 0x6B, 0xED, 0x6C, 0xF3, 0x62, 0xE1, 0xEC, 0x74, 0xEC));
				case 38: return String(CharArray::of(0xE0, 0x77, 0x0254, 0x6E, 0x20, 0x6B, 0xED, 0x6C, 0xF3, 0x62, 0xED, 0xEC, 0x74, 0xEC));
				case 35: return String(CharArray::of(0xE0, 0x77, 0x0254, 0x0301, 0x6E, 0x20, 0x62, 0xE1, 0xEC, 0x74, 0xEC));
				case 34: return String(CharArray::of(0xE0, 0x77, 0x0254, 0x0301, 0x6E, 0x20, 0x62, 0xED, 0xEC, 0x74, 0xEC));
				case 45: return String(CharArray::of(0x0254, 0x0300, 0x72, 0xFA, 0x6E, 0x64, 0xFA, 0x6E));
				case 61: return String(CharArray::of(0x0254, 0x0300, 0x64, 0xFA, 0x6E));
				case 57: return String(CharArray::of(0x69, 0x64, 0x61, 0x6D, 0x65, 0x72, 0x69, 0x6E));
				case 50: return String(CharArray::of(0x69, 0x73, 0x65, 0x6A, 0x75, 0x20, 0x61, 0x79, 0x61, 0x20, 0x6B, 0x65, 0x6B, 0x65, 0x72, 0x65));
				case 76: return String(CharArray::of(0xE0, 0x77, 0x0254, 0x0301, 0x6E, 0x20, 0x77, 0xE1, 0x6B, 0xE0, 0x74, 0xED, 0x20, 0x6B, 0xED, 0x6C, 0xF3, 0x77, 0xE1, 0xE0, 0x74, 0xEC, 0x20, 0x6E, 0xED, 0x20, 0x6B, 0xEC, 0x6C, 0xF3, 0x6D, 0xED, 0x74, 0xE0, 0x20, 0x0254, 0x67, 0x0254, 0x0301, 0x72, 0xF9, 0x6E));
				case 94: return String(CharArray::of(0xEC, 0x64, 0x69, 0x6E, 0x77, 0x0254, 0x0300, 0x6E, 0x20, 0x61, 0x79, 0xE9));
				case 103: return String(CharArray::of(0x6D, 0x69, 0x74, 0x61));
				case 97: return String(CharArray::of(0xE0, 0x77, 0x0254, 0x6E, 0x20, 0x66, 0x0254, 0x0301, 0x6C, 0x0254, 0x0301, 0x0254, 0x0300, 0x6E, 0x67, 0xEC));
				case 95: return String(CharArray::of(0x66, 0xE1, 0x74, 0x0254, 0x0301, 0x0254, 0x0300, 0x6D, 0x75));
				case 120: return String(CharArray::of(0x6B, 0x61, 0x6E, 0x64, 0x025B, 0x0301, 0x6C, 0xE0));
				case 121: return String(CharArray::of(0x6C, 0x75, 0x6D, 0x025B, 0x0301, 0x025B, 0x0300, 0x6E, 0xEC));
				case 139: return String(CharArray::of(0x6D, 0x025B, 0x74, 0x69, 0x72, 0x69, 0x6B, 0x69, 0x20, 0x74, 0x0254, 0x0254, 0x6E, 0x75));
				case 128: return String(CharArray::of(0x67, 0x69, 0x72, 0xE9, 0xE8, 0x6E, 0xEC));
				case 154: return String(CharArray::of(0x6D, 0x69, 0x6C, 0x69, 0x6D, 0x69, 0x74, 0x61, 0x20, 0x74, 0x69, 0x20, 0x6D, 0x61, 0x6B, 0x75, 0x69, 0x72, 0x69));
				case 157: return String(CharArray::of(0x42, 0x65, 0x61, 0x75, 0x66, 0x6F, 0x72, 0x74));
				case 196: return String(CharArray::of(0x6C, 0x69, 0x74, 0x61));
				case 171: return String(CharArray::of(0x62, 0xFA, 0x73, 0x025B, 0x0301, 0x025B, 0x0300, 0x6C, 0x69));
				case 180: return String(CharArray::of(0xE0, 0x77, 0x0254, 0x6E, 0x20, 0x69, 0x66, 0x65));
				case 184: return String(CharArray::of(0xE0, 0x77, 0x0254, 0x6E, 0x20, 0x73, 0x68, 0xED, 0x62, 0xED, 0x20, 0x6F, 0xFA, 0x6E, 0x6A, 0x025B, 0x0301, 0x20, 0x6B, 0xE9, 0x6B, 0x65, 0x72, 0xE9));
				case 185: return String(CharArray::of(0x73, 0x68, 0xED, 0x62, 0xED, 0x20, 0x6F, 0xFA, 0x6E, 0x6A, 0x025B, 0x20, 0x6B, 0xE9, 0x6B, 0x65, 0x72, 0xE9));
				case 204: return String(CharArray::of(0xEC, 0x64, 0xE1, 0x73, 0xED, 0x6D, 0xE9, 0x72, 0x69, 0x6E));
				case 160: return String(CharArray::of(0xEC, 0x6D, 0x0254, 0x0301, 0x6C, 0x025B, 0x0300));
				case 29: return String(CharArray::of(0x025B, 0x0300, 0x79, 0xE0, 0x20, 0x6E, 0xED, 0x6E, 0xFA, 0x20, 0xEC, 0x64, 0xE1, 0x20, 0x62, 0x6C, 0xED, 0x0254, 0x0300, 0x6E, 0xF9));
				case 56: return String(CharArray::of(0xE0, 0x77, 0x0254, 0x6E, 0x20, 0x61, 0x6C, 0x025B, 0x0301));
            default: break;
            }
            return String();
        }
        
        String Yo_Bj::displayShortUnit(gint unit, gint count) const {
            switch(unit) { 
				case 11: return String(CharArray::of(0x68, 0x65, 0x6B, 0x69, 0x74, 0x61));
				case 7: return String(CharArray::of(0x73, 0x61, 0x72, 0x65));
				case 20: return String(CharArray::of(0x6F, 0x68, 0x75, 0x6E));
				case 27: return String(CharArray::of(0x61, 0x72, 0x61, 0x2F, 0x6D, 0x69, 0x6C, 0xED, 0x0254, 0x0300, 0x6E, 0xF9));
				case 26: return String(CharArray::of(0xEC, 0x64, 0xE1, 0x6B, 0x61, 0x6E, 0x20, 0x6E, 0xED, 0x6E, 0xFA, 0x20, 0x025B, 0x67, 0x62, 0x025B, 0x0300, 0x72, 0xFA, 0x6E));
				case 42: return String(CharArray::of(0x50, 0xED, 0x62, 0xE1, 0xEC, 0x74, 0xEC));
				case 44: return String(CharArray::of(0x54, 0xED, 0x62, 0xE1, 0xEC, 0x74, 0xEC));
				case 37: return String(CharArray::of(0x6A, 0xED, 0x62, 0xE1, 0xEC, 0x74, 0xEC));
				case 36: return String(CharArray::of(0x6A, 0xED, 0x62, 0xED, 0xEC, 0x74, 0xEC));
				case 41: return String(CharArray::of(0x025B, 0x0301, 0x6D, 0x62, 0xE1, 0xEC, 0x74, 0xEC));
				case 40: return String(CharArray::of(0x025B, 0x0301, 0x6D, 0x62, 0xED, 0xEC, 0x74, 0xEC));
				case 39: return String(CharArray::of(0x6B, 0xE9, 0x62, 0xE1, 0xEC, 0x74, 0xEC));
				case 38: return String(CharArray::of(0x6B, 0xE9, 0x62, 0x69, 0xEC));
				case 35: return String(CharArray::of(0x62, 0xE1, 0xEC, 0x74, 0xEC));
				case 34: return String(CharArray::of(0x62, 0xED, 0xEC, 0x74, 0xEC));
				case 48: return String(CharArray::of(0x025B, 0x0300, 0x77, 0xE1, 0x64, 0xF9, 0x6E));
				case 61: return String(CharArray::of(0x0254, 0x64));
				case 57: return String(CharArray::of(0x69, 0x64, 0x61, 0x6D, 0x65));
				case 53: return String(CharArray::of(0x6F, 0x73, 0x68, 0xF9));
				case 59: return String(CharArray::of(0x0254, 0x73, 0x68));
				case 46: return String(CharArray::of(0x0254, 0x6A, 0x0254, 0x0301));
				case 49: return String(CharArray::of(0x77, 0x6B, 0x74));
				case 52: return String(CharArray::of(0xEC, 0x73, 0x68));
				case 58: return String(CharArray::of(0xEC, 0x73, 0x68, 0x20, 0xE0, 0xE1, 0x79));
				case 76: return String(CharArray::of(0x4B, 0x57, 0x68, 0x20, 0x6C, 0x0254, 0x0301, 0x72, 0xED, 0x20, 0x31, 0x30, 0x30, 0x6B, 0x6D));
				case 83: return String(CharArray::of(0x64, 0x0254, 0x0301, 0x0254, 0x0300, 0x74, 0xEC));
				case 94: return String(CharArray::of(0xE0, 0x6D, 0xEC, 0x20, 0xEC, 0x64, 0xED, 0x6E, 0x77, 0x0254, 0x0300, 0x6E, 0x20, 0x61, 0x79, 0xE9));
				case 103: return String(CharArray::of(0x6D, 0x69, 0x74, 0x61));
				case 97: return String(CharArray::of(0x66, 0x0254, 0x0301, 0x6C, 0x0254, 0x0301, 0x0254, 0x0300, 0x6E, 0x67, 0xEC));
				case 95: return String(CharArray::of(0x66, 0xE1, 0x74, 0x0254, 0x0301, 0x6D, 0xF9));
				case 120: return String(CharArray::of(0x6B, 0x61, 0x6E, 0x64, 0x025B, 0x0301, 0x6C, 0xE0));
				case 121: return String(CharArray::of(0xE0, 0x6D, 0xEC, 0x20, 0x6C, 0x75, 0x6D, 0x025B, 0x0301, 0x025B, 0x0300, 0x6E, 0xEC));
				case 137: return String(CharArray::of(0xE0, 0x77, 0x6F, 0x6E, 0x20, 0x6F, 0x6B, 0xF9, 0x74, 0x61));
				case 128: return String(CharArray::of(0x67, 0xED, 0x72, 0xE9, 0xE8, 0x6E, 0xEC));
				case 196: return String(CharArray::of(0x6C, 0x69, 0x74, 0x61));
				case 171: return String(CharArray::of(0x42, 0xFA, 0x73, 0x025B, 0x0301, 0x025B, 0x0300, 0x6C, 0x69));
				case 180: return String(CharArray::of(0x69, 0x66, 0x65));
				case 184: return String(CharArray::of(0x73, 0x68, 0xED, 0x62, 0xED, 0x20, 0x6F, 0xFA, 0x6E, 0x6A, 0x025B, 0x0301, 0x20, 0x6B, 0xE9, 0x6B, 0x65, 0x72, 0xE9));
				case 185: return String(CharArray::of(0xE0, 0x6D, 0xEC, 0x20, 0x6F, 0xFA, 0x6E, 0x6A, 0x025B, 0x20, 0x6B, 0xE9, 0x6B, 0x65, 0x72, 0xE9));
				case 187: return String(CharArray::of(0x64, 0xED, 0x72, 0x0254, 0x0301, 0x70, 0xF9));
				case 186: return String(CharArray::of(0x6F, 0x6D, 0x69, 0x20, 0x64, 0xED, 0x72, 0xE1, 0x6D, 0xF9));
				case 193: return String(CharArray::of(0x6A, 0xED, 0x67, 0xE0));
				case 200: return String(CharArray::of(0x70, 0xED, 0x0144, 0x73, 0x68, 0xEC));
				case 204: return String(CharArray::of(0xE0, 0x6D, 0xEC, 0x20, 0xEC, 0x64, 0xE1, 0x73, 0xED, 0x6D, 0xE9, 0x72, 0x69, 0x6E));
				case 160: return String(CharArray::of(0xEC, 0x6D, 0x0254, 0x0301, 0x6C, 0x025B, 0x0300));
				case 56: return String(CharArray::of(0xE0, 0x77, 0x0254, 0x6E, 0x20, 0x61, 0x6C, 0x025B, 0x0301));
            default: break;
            }
            return String();
        }
        
        String Yo_Bj::displayNarrowUnit(gint unit, gint count) const {
            switch(unit) { 
				case 11: return String(CharArray::of(0x68, 0x65, 0x6B, 0x69, 0x74, 0x61));
				case 7: return String(CharArray::of(0x73, 0x61, 0x72, 0x65));
				case 32: return String(CharArray::of(0x6D, 0x70, 0x67));
				case 33: return String(CharArray::of(0x6D, 0x70, 0x67, 0x20, 0x55, 0x4B));
				case 42: return String(CharArray::of(0x50, 0x42));
				case 44: return String(CharArray::of(0x54, 0x42));
				case 37: return String(CharArray::of(0x47, 0x42));
				case 36: return String(CharArray::of(0x47, 0x62));
				case 41: return String(CharArray::of(0x4D, 0x42));
				case 40: return String(CharArray::of(0x4D, 0x62));
				case 39: return String(CharArray::of(0x6B, 0x42));
				case 38: return String(CharArray::of(0x6B, 0x62));
				case 35: return String(CharArray::of(0x42));
				case 34: return String(CharArray::of(0x62, 0x69, 0x74));
				case 59: return String(CharArray::of(0x0254, 0x73, 0x68, 0x025B, 0x0301));
				case 67: return String(CharArray::of(0x42, 0x54, 0x55));
				case 76: return String(CharArray::of(0x4B, 0x57, 0x68, 0x20, 0x6E, 0xED, 0x20, 0x31, 0x30, 0x30, 0x6B, 0x6D));
				case 84: return String(CharArray::of(0x64, 0x70, 0x63, 0x6D));
				case 85: return String(CharArray::of(0x64, 0x70, 0x69));
				case 94: return String(CharArray::of(0x52, 0x2295));
				case 103: return String(CharArray::of(0x6D, 0x69, 0x74, 0x61));
				case 95: return String(CharArray::of(0x66, 0x61, 0x74, 0x0254, 0x0301));
				case 122: return String(CharArray::of(0x6C, 0x0254, 0x0301, 0x73));
				case 120: return String(CharArray::of(0x63, 0x64));
				case 121: return String(CharArray::of(0x6C, 0x6D));
				case 137: return String(CharArray::of(0x6F, 0x6B, 0xF9, 0x74, 0x61));
				case 128: return String(CharArray::of(0x67, 0x72));
				case 154: return String(CharArray::of(0x6D, 0x6D, 0x48, 0x67));
				case 150: return String(CharArray::of(0x2033, 0x20, 0x48, 0x67));
				case 196: return String(CharArray::of(0x6C, 0x69, 0x74, 0x61));
				case 169: return String(CharArray::of(0x61, 0x63, 0x72, 0x65, 0x20, 0x66, 0x74));
				case 171: return String(CharArray::of(0x62, 0xFA, 0x73, 0x025B, 0x0301, 0x6C, 0x69));
				case 190: return String(CharArray::of(0x67, 0x61, 0x6C));
				case 191: return String(CharArray::of(0x49, 0x6D, 0x70, 0x20, 0x67, 0x61, 0x6C));
				case 180: return String(CharArray::of(0x69, 0x66, 0x65));
				case 188: return String(CharArray::of(0x66, 0x6C, 0x20, 0x6F, 0x7A));
				case 189: return String(CharArray::of(0x49, 0x6D, 0x70, 0x20, 0x66, 0x6C, 0x20, 0x6F, 0x7A));
				case 186: return String(CharArray::of(0x66, 0x6C, 0x2E, 0x64, 0x72, 0x2E));
				case 193: return String(CharArray::of(0x6A, 0xEC, 0x67, 0xE1));
				case 200: return String(CharArray::of(0x70, 0x6E));
				case 160: return String(CharArray::of(0xEC, 0x6D, 0x0254, 0x0301, 0x6C, 0x025B, 0x0300));
				case 56: return String(CharArray::of(0xE0, 0x77, 0x0254, 0x6E, 0x20, 0x61, 0x6C, 0x025B, 0x0301));
            default: break;
            }
            return String();
        }
        
        String Yo_Bj::displayCurrencySymbol(gint currency) const {
            switch(currency) { 
				case 186: return String(CharArray::of(0x20A6));
				case 210: return String(CharArray::of(0x20BD));
				case 253: return String(CharArray::of(0x24));
            default: break;
            }
            return String();
        }
            
        String Yo_Bj::quotationStart(gbool alt) const {
            return (alt) ? String() : String() ;
        }
            
        String Yo_Bj::quotationEnd(gbool alt) const {
            return (alt) ? String() : String() ;
        }
            
        String Yo_Bj::decimalSeparator() const {
            return String();
        }
            
        String Yo_Bj::groupSeparator() const {
            return String();
        }
            
        String Yo_Bj::listSeparator() const {
            return String();
        }
            
        String Yo_Bj::plusSign() const {
            return String();
        }
            
        String Yo_Bj::minusSign() const {
            return String();
        }
            
        String Yo_Bj::exponential() const {
            return String();
        }
            
        String Yo_Bj::perMill() const {
            return String();
        }
            
        String Yo_Bj::percent() const {
            return String();
        }
            
        String Yo_Bj::infinity() const {
            return String();
        }
            
        String Yo_Bj::nan() const {
            return String();
        }
            
        String Yo_Bj::superScriptingExponent() const {
            return String();
        }
           
        String Yo_Bj::decimalPattern() const {
            return String();
        }
            
        String Yo_Bj::scientificPattern() const {
            return String();
        }
            
        String Yo_Bj::percentPattern() const {
            return String();
        }
            
        String Yo_Bj::currencyPattern() const {
            return String(CharArray::of(0xA4, 0x23, 0x2C, 0x23, 0x23, 0x30, 0x2E, 0x30, 0x30));
        }

        String Yo_Bj::listPattern(gint type, gint subType) const {
            switch(subType) {

				case 10: 
					if(type == 2) return String(CharArray::of(0x7B, 0x30, 0x7D, 0x20, 0xE0, 0x74, 0x69, 0x7B, 0x31, 0x7D));
					break;

				case 11: 
					if(type == 1) return String(CharArray::of(0x7B, 0x30, 0x7D, 0x2C, 0x20, 0x74, 0x61, 0x62, 0x69, 0x20, 0x7B, 0x31, 0x7D));
					if(type == 2) return String(CharArray::of(0x7B, 0x30, 0x7D, 0x20, 0x74, 0xE0, 0x62, 0xED, 0x20, 0x7B, 0x31, 0x7D));
					break;

				case 13: 
					if(type == -1) return String(CharArray::of(0x7B, 0x30, 0x7D, 0x2C, 0x20, 0x7B, 0x31, 0x7D));
					break;

				case 15: 
					if(type == 1) return String(CharArray::of(0x7B, 0x30, 0x7D, 0x20, 0xE0, 0x74, 0x69, 0x20, 0x7B, 0x31, 0x7D));
					break;

				case 17: 
					if(type == -1) return String(CharArray::of(0x7B, 0x30, 0x7D, 0x20, 0x7B, 0x31, 0x7D));
					if(type == 0) return String(CharArray::of(0x7B, 0x30, 0x7D, 0x20, 0x7B, 0x31, 0x7D));
					if(type == 1) return String(CharArray::of(0x7B, 0x30, 0x7D, 0x20, 0x7B, 0x31, 0x7D));
					break;
            default: break;
            }
            return String();
        }
            
        String Yo_Bj::posixMessage(gbool yesOrNo) const {
            return (yesOrNo) ? String(CharArray::of(0x42, 0x025B, 0x0301, 0x025B, 0x0300, 0x6E, 0x69, 0x20, 0x3A, 0x4E)) : String(CharArray::of(0x42, 0x025B, 0x0301, 0x025B, 0x0300, 0x6B, 0x0254, 0x0301, 0x3A, 0x4B));
        }
        
        CharArray Yo_Bj::digits() const {
            return CharArray::of(48, 49, 50, 51, 52, 53, 54, 55, 56, 57);
        }
        
        StringArray Yo_Bj::displayDays(gint style, gbool stand_alone) const {
            if (!stand_alone) { // format
                switch(style) {
				case 1: return StringArray::of(String(CharArray::of(0x41, 0x6A, 0xE9)), String(CharArray::of(0xCC, 0x73, 0x025B, 0x0301, 0x67, 0x75, 0x6E)), String(), String(), String(CharArray::of(0x0190, 0x74, 0xEC)), String(CharArray::of(0xC0, 0x62, 0xE1, 0x6D, 0x025B, 0x0301, 0x74, 0x61)), String(CharArray::of(0xC0, 0xEC, 0x6B, 0xFA)));
				case 3: return StringArray::of(String(CharArray::of(0x41, 0x6A, 0xE9)), String(CharArray::of(0xCC, 0x73, 0x025B, 0x0301, 0x67, 0x75, 0x6E)), String(CharArray::of(0x0186, 0x6A, 0x0254, 0x0301, 0x72, 0xFA)), String(CharArray::of(0x0186, 0x6A, 0x0254, 0x0301, 0x62, 0x0254)), String(CharArray::of(0x0190, 0x74, 0xEC)), String(CharArray::of(0xC0, 0x62, 0xE1, 0x6D, 0x025B, 0x0301, 0x74, 0x61)), String(CharArray::of(0xC0, 0xEC, 0x6B, 0xFA)));
				case 0: return StringArray::of(String(CharArray::of(0x0186, 0x6A, 0x0254, 0x0301, 0x20, 0x41, 0x6A, 0xE9)), String(CharArray::of(0x0186, 0x6A, 0x0254, 0x0301, 0x20, 0xCC, 0x73, 0x025B, 0x0301, 0x67, 0x75, 0x6E)), String(CharArray::of(0x0186, 0x6A, 0x0254, 0x0301, 0x72, 0xFA)), String(CharArray::of(0x0186, 0x6A, 0x0254, 0x0301, 0x62, 0x0254)), String(CharArray::of(0x0186, 0x6A, 0x0254, 0x0301, 0x20, 0x0190, 0x74, 0xEC)), String(CharArray::of(0x0186, 0x6A, 0x0254, 0x0301, 0x20, 0xC0, 0x62, 0xE1, 0x6D, 0x025B, 0x0301, 0x74, 0x61)), String(CharArray::of(0x0186, 0x6A, 0x0254, 0x0301, 0x20, 0xC0, 0xEC, 0x6B, 0xFA)));
                default: break;
                }
            } else {
                switch(style) {
				case 1: return StringArray::of(String(CharArray::of(0x41, 0x6A, 0xE9)), String(CharArray::of(0xCC, 0x73, 0x025B, 0x0301, 0x67, 0x75, 0x6E)), String(CharArray::of(0x0186, 0x6A, 0x0254, 0x0301, 0x72, 0xFA)), String(CharArray::of(0x0186, 0x6A, 0x0254, 0x0301, 0x62, 0x0254)), String(CharArray::of(0x0190, 0x74, 0xEC)), String(CharArray::of(0xC0, 0x62, 0xE1, 0x6D, 0x025B, 0x0301, 0x74, 0x61)), String(CharArray::of(0xC0, 0xEC, 0x6B, 0xFA)));
				case 2: return StringArray::of(String(CharArray::of(0x41)), String(CharArray::of(0xCC)), String(CharArray::of(0x0186)), String(CharArray::of(0x0186)), String(CharArray::of(0x0190)), String(CharArray::of(0xC0)), String(CharArray::of(0xC0)));
				case 3: return StringArray::of(String(CharArray::of(0x41, 0x6A, 0xE9)), String(CharArray::of(0xCC, 0x73, 0x025B, 0x0301, 0x67, 0x75, 0x6E)), String(), String(), String(CharArray::of(0x0190, 0x74, 0xEC)), String(CharArray::of(0xC0, 0x62, 0xE1, 0x6D, 0x025B, 0x0301, 0x74, 0x61)), String(CharArray::of(0xC0, 0xEC, 0x6B, 0xFA)));
				case 0: return StringArray::of(String(CharArray::of(0x41, 0x6A, 0xE9)), String(CharArray::of(0xCC, 0x73, 0x025B, 0x0301, 0x67, 0x75, 0x6E)), String(), String(), String(CharArray::of(0x0190, 0x74, 0xEC)), String(CharArray::of(0xC0, 0x62, 0xE1, 0x6D, 0x025B, 0x0301, 0x74, 0x61)), String(CharArray::of(0xC0, 0xEC, 0x6B, 0xFA)));
                default: break;
                }
            }
            return StringArray();
        }
        
        StringArray Yo_Bj::displayMonths(gint style, gbool stand_alone) const {
            if (!stand_alone) { // format
                switch(style) {
				case 0: return StringArray::of(String(CharArray::of(0x4F, 0x73, 0x68, 0xF9, 0x20, 0x53, 0x68, 0x025B, 0x0301, 0x72, 0x025B, 0x0301)), String(CharArray::of(0x4F, 0x73, 0x68, 0xF9, 0x20, 0xC8, 0x72, 0xE8, 0x6C, 0xE8)), String(CharArray::of(0x4F, 0x73, 0x68, 0xF9, 0x20, 0x0190, 0x72, 0x025B, 0x0300, 0x6E, 0xE0)), String(CharArray::of(0x4F, 0x73, 0x68, 0xF9, 0x20, 0xCC, 0x67, 0x62, 0xE9)), String(CharArray::of(0x4F, 0x73, 0x68, 0xF9, 0x20, 0x0190, 0x0300, 0x62, 0x69, 0x62, 0x69)), String(CharArray::of(0x4F, 0x73, 0x68, 0xF9, 0x20, 0xD2, 0x6B, 0xFA, 0x64, 0x75)), String(CharArray::of(0x4F, 0x73, 0x68, 0xF9, 0x20, 0x41, 0x67, 0x025B, 0x6D, 0x0254)), String(CharArray::of(0x4F, 0x73, 0x68, 0xF9, 0x20, 0xD2, 0x67, 0xFA, 0x6E)), String(CharArray::of(0x4F, 0x73, 0x68, 0xF9, 0x20, 0x4F, 0x77, 0x65, 0x77, 0x65)), String(CharArray::of(0x4F, 0x73, 0x68, 0xF9, 0x20, 0x0186, 0x0300, 0x77, 0xE0, 0x72, 0xE0)), String(CharArray::of(0x4F, 0x73, 0x68, 0xF9, 0x20, 0x42, 0xE9, 0x6C, 0xFA)), String(CharArray::of(0x4F, 0x73, 0x68, 0xF9, 0x20, 0x0186, 0x0300, 0x70, 0x025B, 0x0300)));
                default: break;
                }
            } else {
                switch(style) {
				case 1: return StringArray::of(String(CharArray::of(0x4F, 0x73, 0x68, 0xF9, 0x20, 0x53, 0x68, 0x025B, 0x0301, 0x72, 0x025B, 0x0301)), String(CharArray::of(0x4F, 0x73, 0x68, 0xF9, 0x20, 0xC8, 0x72, 0xE8, 0x6C, 0xE8)), String(CharArray::of(0x4F, 0x73, 0x68, 0xF9, 0x20, 0x0190, 0x72, 0x025B, 0x0300, 0x6E, 0xE0)), String(CharArray::of(0x4F, 0x73, 0x68, 0xF9, 0x20, 0xCC, 0x67, 0x62, 0xE9)), String(CharArray::of(0x4F, 0x73, 0x68, 0xF9, 0x20, 0x0190, 0x0300, 0x62, 0x69, 0x62, 0x69)), String(CharArray::of(0x4F, 0x73, 0x68, 0xF9, 0x20, 0xD2, 0x6B, 0xFA, 0x64, 0x75)), String(CharArray::of(0x4F, 0x73, 0x68, 0xF9, 0x20, 0x41, 0x67, 0x025B, 0x6D, 0x0254)), String(CharArray::of(0x4F, 0x73, 0x68, 0xF9, 0x20, 0xD2, 0x67, 0xFA, 0x6E)), String(CharArray::of(0x4F, 0x73, 0x68, 0xF9, 0x20, 0x4F, 0x77, 0x65, 0x77, 0x65)), String(CharArray::of(0x4F, 0x73, 0x68, 0xF9, 0x20, 0x0186, 0x0300, 0x77, 0xE0, 0x72, 0xE0)), String(CharArray::of(0x4F, 0x73, 0x68, 0xF9, 0x20, 0x42, 0xE9, 0x6C, 0xFA)), String(CharArray::of(0x4F, 0x73, 0x68, 0xF9, 0x20, 0x0186, 0x0300, 0x70, 0x025B, 0x0300)));
				case 2: return StringArray::of(String(CharArray::of(0x53)), String(CharArray::of(0xC8)), String(CharArray::of(0x0190)), String(CharArray::of(0xCC)), String(CharArray::of(0x0190, 0x0300)), String(CharArray::of(0xD2)), String(CharArray::of(0x41)), String(CharArray::of(0xD2)), String(CharArray::of(0x4F)), String(CharArray::of(0x0186, 0x0300)), String(CharArray::of(0x42)), String(CharArray::of(0x0186, 0x0300)));
                default: break;
                }
            }
            return StringArray();
        }
        
        StringArray Yo_Bj::displayQuarters(gint style, gbool stand_alone) const {
            if (!stand_alone) { // format
                switch(style) {
				case 2: return StringArray::of(String(CharArray::of(0x6B, 0xED, 0x6E, 0xED)), String(CharArray::of(0x4B, 0x65, 0x6A, 0xEC)), String(CharArray::of(0x4B, 0x025B, 0x74, 0x61)), String(CharArray::of(0x4B, 0x025B, 0x69, 0x6E)));
				case 0: return StringArray::of(String(CharArray::of(0xCC, 0x64, 0xE1, 0x6D, 0x025B, 0x0301, 0x72, 0x69, 0x6E, 0x20, 0x6B, 0xED, 0x6E, 0xED)), String(CharArray::of(0xCC, 0x64, 0xE1, 0x6D, 0x025B, 0x0301, 0x72, 0x69, 0x6E, 0x20, 0x4B, 0x65, 0x6A, 0xEC)), String(CharArray::of(0xCC, 0x64, 0xE1, 0x6D, 0x025B, 0x0301, 0x72, 0x69, 0x6E, 0x20, 0x4B, 0x025B, 0x74, 0x61)), String(CharArray::of(0xCC, 0x64, 0xE1, 0x6D, 0x025B, 0x0301, 0x72, 0x69, 0x6E, 0x20, 0x4B, 0x025B, 0x72, 0x69, 0x6E)));
                default: break;
                }
            } else {
                switch(style) {
                default: break;
                }
            }
            return StringArray();
        }
        
        StringArray Yo_Bj::displayDayPeriods(gint style, gbool stand_alone) const {
            if (!stand_alone) { // format
                switch(style) {
				case 1: return StringArray::of(String(), String(CharArray::of(0xC0, 0xE1, 0x72, 0x0254, 0x0300)), String(), String(CharArray::of(0x0186, 0x0300, 0x73, 0xE1, 0x6E)), String(), String(), String(), String());
                default: break;
                }
            } else {
                switch(style) {
                default: break;
                }
            }
            return StringArray();
        }
        
        StringArray Yo_Bj::displayEras(gint style, gbool stand_alone) const {
            if (!stand_alone) { // format
                switch(style) {
				case 1: return StringArray::of(String(), String(CharArray::of(0x41, 0x44)));
                default: break;
                }
            } else {
                switch(style) {
				case 1: return StringArray::of(String(), String(CharArray::of(0x41, 0x44)));
                default: break;
                }
            }
            return StringArray();
        }
        
        String Yo_Bj::datePattern(gint style) const {
            switch(style) {
				case 0: return String(CharArray::of(0x45, 0x45, 0x45, 0x45, 0x2C, 0x20, 0x64, 0x20, 0x4D, 0x4D, 0x4D, 0x20, 0x79));
				case 1: return String(CharArray::of(0x64, 0x20, 0x4D, 0x4D, 0x4D, 0x20, 0x79));
				case 2: return String(CharArray::of(0x64, 0x20, 0x4D, 0x4D, 0x20, 0x79));
				case 3: return String(CharArray::of(0x64, 0x2F, 0x4D, 0x2F, 0x79));
            default: break;
            }
            return String();
        }
        
        String Yo_Bj::timePattern(gint style) const {
            switch(style) {
				case 1: return String(CharArray::of(0x48, 0x3A, 0x6D, 0x6D, 0x3A, 0x73, 0x73, 0x20, 0x7A));
				case 2: return String(CharArray::of(0x48, 0x3A, 0x6D, 0x3A, 0x73));
				case 3: return String(CharArray::of(0x48, 0x3A, 0x6D));
            default: break;
            }
            return String();
        }
        
        String Yo_Bj::datetimePattern(gint style) const {
            switch(style) {
            default: break;
            }
            return String();
        }
        
        String Yo_Bj::displayTimezone(gint tz, gint style) const {
            switch(tz) {
				case 422: 
					if (style == 1) return String(CharArray::of(0xC0, 0x70, 0x61, 0x70, 0x0254, 0x0300, 0x20, 0xC0, 0x6B, 0xF3, 0x6B, 0xF2, 0x20, 0xC0, 0x67, 0x62, 0xE1, 0x79, 0xE9));
					break;
				case 57: 
					if (style == 6) return String(CharArray::of(0xEC, 0x6C, 0xFA, 0x20, 0x41, 0x6E, 0x74, 0xED, 0x67, 0xF9, 0xE0));
					break;
				case 56: 
					if (style == 6) return String(CharArray::of(0xEC, 0x6C, 0xFA, 0x20, 0x41, 0x6E, 0x67, 0xFA, 0xED, 0x6C, 0xE0));
					break;
				case 72: 
					if (style == 6) return String(CharArray::of(0xEC, 0x6C, 0xFA, 0x20, 0x41, 0x72, 0xFA, 0x62, 0xE1));
					break;
				case 78: 
					if (style == 6) return String(CharArray::of(0xEC, 0x6C, 0xFA, 0x20, 0x42, 0xE1, 0x62, 0xE1, 0x64, 0x0254, 0x0301, 0x0254, 0x0300, 0x73, 0xEC));
					break;
				case 203: 
					if (style == 6) return String(CharArray::of(0xEC, 0x6C, 0xFA, 0x20, 0x42, 0x61, 0x74, 0x69, 0x6C, 0x65, 0x6D, 0xEC));
					break;
				case 335: 
					if (style == 6) return String(CharArray::of(0xEC, 0x6C, 0xFA, 0x20, 0x42, 0x025B, 0x0300, 0x6D, 0xFA, 0x64, 0xE0));
					break;
				case 144: 
					if (style == 6) return String(CharArray::of(0xEC, 0x6C, 0xFA, 0x20, 0x4B, 0xED, 0x72, 0x61, 0x6C, 0x025B, 0x0301, 0x6E, 0x64, 0xE1, 0x69, 0x6B, 0xEC));
					break;
				case 168: 
					if (style == 6) return String(CharArray::of(0xEC, 0x6C, 0xFA, 0x20, 0x4E, 0x61, 0x73, 0x61, 0xF2));
					break;
				case 80: 
					if (style == 6) return String(CharArray::of(0xEC, 0x6C, 0xFA, 0x20, 0x42, 0x025B, 0x0300, 0x6C, 0xED, 0xEC, 0x73, 0xEC));
					break;
				case 103: 
					if (style == 6) return String(CharArray::of(0xEC, 0x6C, 0xFA, 0x20, 0x44, 0x61, 0x77, 0x73, 0x6F, 0x6E));
					break;
				case 218: 
					if (style == 6) return String(CharArray::of(0xEC, 0x6C, 0xFA, 0x20, 0x57, 0x68, 0x69, 0x74, 0x65, 0x68, 0x6F, 0x73, 0xEC));
					break;
				case 136: 
					if (style == 6) return String(CharArray::of(0xEC, 0x6C, 0xFA, 0x20, 0x49, 0x6E, 0x75, 0x76, 0x69, 0x6B));
					break;
				case 216: 
					if (style == 6) return String(CharArray::of(0xEC, 0x6C, 0xFA, 0x20, 0x56, 0x61, 0x6E, 0x6B, 0x75, 0x76, 0x61));
					break;
				case 112: 
					if (style == 6) return String(CharArray::of(0xEC, 0x6C, 0xFA, 0x20, 0x46, 0x6F, 0x72, 0x74, 0x20, 0x4E, 0x65, 0x6C, 0x73, 0x6F, 0x6E));
					break;
				case 104: 
					if (style == 6) return String(CharArray::of(0xEC, 0x6C, 0xFA, 0x20, 0x44, 0x61, 0x77, 0x73, 0x6F, 0x6E, 0x20, 0x43, 0x72, 0x65, 0x65, 0x6B));
					break;
				case 99: 
					if (style == 6) return String(CharArray::of(0xEC, 0x6C, 0xFA, 0x20, 0x4B, 0xED, 0x72, 0x025B, 0x73, 0x74, 0x0254, 0x0301, 0x0254, 0x0300, 0x6E, 0xF9));
					break;
				case 108: 
					if (style == 6) return String(CharArray::of(0xEC, 0x6C, 0xFA, 0x20, 0x45, 0x64, 0x6D, 0x6F, 0x6E, 0x74, 0x6F, 0x6E));
					break;
				case 209: 
					if (style == 6) return String(CharArray::of(0xEC, 0x6C, 0xFA, 0x20, 0x53, 0xFA, 0x66, 0xED, 0x74, 0xF9, 0x20, 0x4B, 0x0254, 0x0300, 0x72, 0x65, 0x6E, 0x74, 0xEC));
					break;
				case 86: 
					if (style == 6) return String(CharArray::of(0xEC, 0x6C, 0xFA, 0x20, 0xF2, 0x6B, 0x75, 0x6E, 0x20, 0x6B, 0x61, 0x6D, 0x62, 0xED, 0x72, 0xED, 0xEC, 0x6A, 0xEC));
					break;
				case 191: 
					if (style == 6) return String(CharArray::of(0xEC, 0x6C, 0xFA, 0x20, 0x52, 0x65, 0x67, 0x69, 0x6E, 0x61));
					break;
				case 219: 
					if (style == 6) return String(CharArray::of(0xEC, 0x6C, 0xFA, 0x20, 0x57, 0x69, 0x6E, 0x69, 0x70, 0x65, 0x67, 0xEC));
					break;
				case 192: 
					if (style == 6) return String(CharArray::of(0xEC, 0x6C, 0xFA, 0x20, 0x52, 0x65, 0x73, 0x6F, 0x6C, 0xFA, 0x74, 0xEC));
					break;
				case 189: 
					if (style == 6) return String(CharArray::of(0xEC, 0x6C, 0xFA, 0x20, 0x52, 0x61, 0x6E, 0x6B, 0x69, 0x6E, 0x20, 0x49, 0x6E, 0x6C, 0x65, 0x74));
					break;
				case 96: 
					if (style == 6) return String(CharArray::of(0xEC, 0x6C, 0xFA, 0x20, 0xE0, 0x74, 0x69, 0x6B, 0x0254, 0x6B, 0xE0, 0x6E));
					break;
				case 214: 
					if (style == 6) return String(CharArray::of(0xEC, 0x6C, 0xFA, 0x20, 0x54, 0x6F, 0x72, 0x6F, 0x6E, 0x74, 0x6F));
					break;
				case 137: 
					if (style == 6) return String(CharArray::of(0xEC, 0x6C, 0xFA, 0x20, 0x49, 0x71, 0x61, 0x6C, 0x75, 0x69, 0x74));
					break;
				case 163: 
					if (style == 6) return String(CharArray::of(0xEC, 0x6C, 0xFA, 0x20, 0x4D, 0x6F, 0x6E, 0x74, 0x6F, 0x6E, 0x69));
					break;
				case 124: 
					if (style == 6) return String(CharArray::of(0xEC, 0x6C, 0xFA, 0x20, 0x48, 0x61, 0x6C, 0x69, 0x66, 0xE1, 0x73, 0xEC));
					break;
				case 117: 
					if (style == 6) return String(CharArray::of(0xEC, 0x6C, 0xFA, 0x20, 0x6F, 0x6D, 0x69, 0x20, 0x47, 0x6F, 0x6F, 0x73, 0xF9));
					break;
				case 115: 
					if (style == 6) return String(CharArray::of(0xEC, 0x6C, 0xFA, 0x20, 0x6F, 0x6D, 0x69, 0x20, 0x47, 0x6C, 0x61, 0x63, 0x65));
					break;
				case 81: 
					if (style == 6) return String(CharArray::of(0xEC, 0x6C, 0xFA, 0x20, 0x42, 0x6C, 0x61, 0x6E, 0x6B, 0x20, 0x53, 0x61, 0x62, 0x75, 0x6C, 0x0254, 0x0301, 0x0254, 0x0300, 0x6E, 0xEC));
					break;
				case 204: 
					if (style == 6) return String(CharArray::of(0xEC, 0x6C, 0xFA, 0x20, 0x53, 0x74, 0x20, 0x4A, 0x0254, 0x0301, 0x0254, 0x0300, 0x6E, 0xF9));
					break;
				case 98: 
					if (style == 6) return String(CharArray::of(0xEC, 0x6C, 0xFA, 0x20, 0x4B, 0x6F, 0x73, 0x74, 0x61, 0x20, 0x52, 0xED, 0x6B, 0xE0));
					break;
				case 125: 
					if (style == 6) return String(CharArray::of(0xEC, 0x6C, 0xFA, 0x20, 0x48, 0x61, 0x76, 0x61, 0x6E, 0x61));
					break;
				case 101: 
					if (style == 6) return String(CharArray::of(0xEC, 0x6C, 0xFA, 0x20, 0x4B, 0x75, 0x72, 0x61, 0x73, 0x68, 0x61, 0x6F));
					break;
				case 107: 
					if (style == 6) return String(CharArray::of(0xEC, 0x6C, 0xFA, 0x20, 0x44, 0x6F, 0x6D, 0x69, 0x6E, 0x69, 0x6B, 0x61));
					break;
				case 198: 
					if (style == 6) return String(CharArray::of(0xEC, 0x6C, 0xFA, 0x20, 0x53, 0x61, 0x6E, 0x74, 0x6F, 0x20, 0x44, 0x6F, 0x6D, 0x69, 0x67, 0x6F));
					break;
				case 452: 
					if (style == 2) return String(CharArray::of(0xC0, 0x6B, 0xF3, 0x6B, 0xF2, 0x20, 0x53, 0x0254, 0x6D, 0xE0, 0x20, 0x47, 0x025B, 0x025B, 0x73, 0x69));
					break;
				case 119: 
					if (style == 6) return String(CharArray::of(0xEC, 0x6C, 0xFA, 0x20, 0x47, 0x72, 0x65, 0x6E, 0x61, 0x64, 0x61));
					break;
				case 211: 
					if (style == 6) return String(CharArray::of(0xEC, 0x6C, 0xFA, 0x20, 0x54, 0x75, 0x6C, 0xE8));
					break;
				case 116: 
					if (style == 6) return String(CharArray::of(0xEC, 0x6C, 0xFA, 0x20, 0x4E, 0x75, 0x75, 0x6B));
					break;
				case 200: 
					if (style == 6) return String(CharArray::of(0xEC, 0x6C, 0xFA, 0x20, 0x49, 0x74, 0x6F, 0x6B, 0x6F, 0x74, 0x6F, 0x6D, 0x69, 0x74, 0x69));
					break;
				case 102: 
					if (style == 6) return String(CharArray::of(0xEC, 0x6C, 0xFA, 0x20, 0x42, 0x61, 0x6E, 0x6D, 0x61, 0x72, 0x6B, 0x73, 0x68, 0x61, 0x6E));
					break;
				case 120: 
					if (style == 6) return String(CharArray::of(0xEC, 0x6C, 0xFA, 0x20, 0x47, 0x75, 0x61, 0x64, 0x65, 0x6C, 0x6F, 0x75, 0x70, 0x65));
					break;
				case 121: 
					if (style == 6) return String(CharArray::of(0xEC, 0x6C, 0xFA, 0x20, 0x47, 0x75, 0x61, 0x74, 0x65, 0x6D, 0x61, 0x6C, 0x61));
					break;
				case 210: 
					if (style == 6) return String(CharArray::of(0xEC, 0x6C, 0xFA, 0x20, 0x54, 0x65, 0x67, 0x75, 0x73, 0x69, 0x67, 0x61, 0x70, 0xE0));
					break;
				case 182: 
					if (style == 6) return String(CharArray::of(0xEC, 0x6C, 0xFA, 0x20, 0x50, 0x6F, 0x72, 0x74, 0x2D, 0x61, 0x75, 0x2D, 0x50, 0x72, 0x69, 0x6E, 0x63, 0x65));
					break;
				case 439: 
					if (style == 2) return String(CharArray::of(0xC0, 0x6B, 0xF3, 0x6B, 0xF2, 0x20, 0xC0, 0x66, 0x025B, 0x6E, 0x75, 0x6B, 0xF2, 0x20, 0x41, 0x69, 0x72, 0x69, 0x69, 0x73, 0x69));
					break;
				case 138: 
					if (style == 6) return String(CharArray::of(0xEC, 0x6C, 0xFA, 0x20, 0x4A, 0x61, 0x6D, 0x61, 0x69, 0x6B, 0xE0));
					break;
				case 205: 
					if (style == 6) return String(CharArray::of(0xEC, 0x6C, 0xFA, 0x20, 0x53, 0x74, 0x20, 0x6B, 0x69, 0x74, 0x69, 0x73, 0xEC));
					break;
				case 92: 
					if (style == 6) return String(CharArray::of(0x69, 0x6C, 0xFA, 0x20, 0x4B, 0x61, 0x79, 0x6D, 0x61, 0x6E));
					break;
				case 206: 
					if (style == 6) return String(CharArray::of(0xEC, 0x6C, 0xFA, 0x20, 0x53, 0x74, 0x20, 0x4C, 0x75, 0x73, 0x69, 0x61));
					break;
				case 153: 
					if (style == 6) return String(CharArray::of(0xEC, 0x6C, 0xFA, 0x20, 0x4D, 0x61, 0x72, 0x69, 0x67, 0x0254, 0x0301, 0x0254, 0x0300, 0x74, 0xEC));
					break;
				case 154: 
					if (style == 6) return String(CharArray::of(0xEC, 0x6C, 0xFA, 0x20, 0x4D, 0xE1, 0x74, 0xED, 0x6E, 0xED, 0x6B, 0xEC));
					break;
				case 167: 
					if (style == 6) return String(CharArray::of(0xEC, 0x6C, 0xFA, 0x20, 0x4D, 0x6F, 0x6E, 0x73, 0x65, 0x72, 0x61, 0x74, 0xEC));
					break;
				case 213: 
					if (style == 6) return String(CharArray::of(0xEC, 0x6C, 0xFA, 0x20, 0x54, 0xED, 0x6A, 0xFA, 0x61, 0x6E, 0x61));
					break;
				case 126: 
					if (style == 6) return String(CharArray::of(0xEC, 0x6C, 0xFA, 0x20, 0x48, 0x65, 0x72, 0x6D, 0x6F, 0x73, 0x69, 0x6C, 0x6F));
					break;
				case 156: 
					if (style == 6) return String(CharArray::of(0xEC, 0x6C, 0xFA, 0x20, 0x4D, 0x61, 0x73, 0x61, 0x74, 0x69, 0x61, 0x6E, 0x69));
					break;
				case 94: 
					if (style == 6) return String(CharArray::of(0xEC, 0x6C, 0xFA, 0x20, 0x53, 0x68, 0x69, 0x68, 0x75, 0x61, 0x68, 0x75, 0x61));
					break;
				case 77: 
					if (style == 6) return String(CharArray::of(0xEC, 0x6C, 0xFA, 0x20, 0x42, 0xE1, 0x68, 0xEC, 0x20, 0x42, 0xE1, 0x6E, 0x64, 0x025B, 0x0301, 0x72, 0xE1, 0x73, 0xEC));
					break;
				case 177: 
					if (style == 6) return String(CharArray::of(0xEC, 0x6C, 0xFA, 0x20, 0x4F, 0x6A, 0x69, 0x6E, 0x61, 0x67, 0x61));
					break;
				case 164: 
					if (style == 6) return String(CharArray::of(0xEC, 0x6C, 0xFA, 0x20, 0x4D, 0x6F, 0x6E, 0x74, 0x65, 0x72, 0x69));
					break;
				case 161: 
					if (style == 6) return String(CharArray::of(0xEC, 0x6C, 0xFA, 0x20, 0x4D, 0x025B, 0x0301, 0x73, 0xED, 0x6B, 0xF2));
					break;
				case 155: 
					if (style == 6) return String(CharArray::of(0xEC, 0x6C, 0xFA, 0x20, 0x4D, 0x61, 0x74, 0x61, 0x6D, 0x6F, 0x72, 0x6F, 0x73, 0xEC));
					break;
				case 159: 
					if (style == 6) return String(CharArray::of(0xEC, 0x6C, 0xFA, 0x20, 0x4D, 0x65, 0x72, 0x69, 0x64, 0x61));
					break;
				case 88: 
					if (style == 6) return String(CharArray::of(0xEC, 0x6C, 0xFA, 0x20, 0x4B, 0x61, 0x6E, 0x63, 0x75, 0x6E));
					break;
				case 151: 
					if (style == 6) return String(CharArray::of(0xEC, 0x6C, 0xFA, 0x20, 0x4D, 0x61, 0x6E, 0x61, 0x67, 0x75, 0x61));
					break;
				case 178: 
					if (style == 6) return String(CharArray::of(0xEC, 0x6C, 0xFA, 0x20, 0x50, 0x61, 0x6E, 0x61, 0x6D, 0x61));
					break;
				case 162: 
					if (style == 6) return String(CharArray::of(0xEC, 0x6C, 0xFA, 0x20, 0x4D, 0x69, 0x6B, 0x75, 0x6C, 0x0254, 0x0301, 0x6E, 0xEC));
					break;
				case 186: 
					if (style == 6) return String(CharArray::of(0xEC, 0x6C, 0xFA, 0x20, 0x50, 0x75, 0x65, 0x72, 0x74, 0x6F, 0x20, 0x52, 0x69, 0x6B, 0x6F));
					break;
				case 110: 
					if (style == 6) return String(CharArray::of(0xEC, 0x6C, 0xFA, 0x20, 0x45, 0x6C, 0x20, 0x53, 0x61, 0x76, 0x61, 0x64, 0x6F, 0x72));
					break;
				case 149: 
					if (style == 6) return String(CharArray::of(0xEC, 0x6C, 0xFA, 0x20, 0x4C, 0x6F, 0x77, 0x65, 0x72, 0x20, 0x50, 0x72, 0x69, 0x6E, 0x63, 0x65, 0x2019, 0x73, 0x20, 0x51, 0x75, 0x61, 0x72, 0x74, 0x65, 0x72));
					break;
				case 118: 
					if (style == 6) return String(CharArray::of(0xEC, 0x6C, 0xFA, 0x20, 0x47, 0x72, 0x61, 0x6E, 0x64, 0x20, 0x54, 0x75, 0x72, 0x6B));
					break;
				case 183: 
					if (style == 6) return String(CharArray::of(0xEC, 0x6C, 0xFA, 0x20, 0x65, 0x74, 0xED, 0x20, 0x6F, 0x6D, 0x69, 0x20, 0x53, 0xED, 0x70, 0xE9, 0xE8, 0x6E, 0xEC));
					break;
				case 54: 
					if (style == 6) return String(CharArray::of(0xEC, 0x6C, 0xFA, 0x20, 0x41, 0x64, 0xE1, 0x6B, 0xEC));
					break;
				case 171: 
					if (style == 6) return String(CharArray::of(0xEC, 0x6C, 0xFA, 0x20, 0x4E, 0x6F, 0x6D, 0x69));
					break;
				case 55: 
					if (style == 6) return String(CharArray::of(0xEC, 0x6C, 0xFA, 0x20, 0x41, 0x6E, 0x6B, 0x0254, 0x0301, 0x72, 0xE9, 0xE8, 0x6A, 0xEC));
					break;
				case 220: 
					if (style == 6) return String(CharArray::of(0xEC, 0x6C, 0xFA, 0x20, 0x59, 0x61, 0x6B, 0x75, 0x74, 0x61));
					break;
				case 202: 
					if (style == 6) return String(CharArray::of(0xEC, 0x6C, 0xFA, 0x20, 0x53, 0x69, 0x6B, 0x61));
					break;
				case 140: 
					if (style == 6) return String(CharArray::of(0xEC, 0x6C, 0xFA, 0x20, 0x4A, 0x75, 0x6E, 0x75));
					break;
				case 160: 
					if (style == 6) return String(CharArray::of(0xEC, 0x6C, 0xFA, 0x20, 0x4D, 0x65, 0x74, 0x69, 0x6C, 0x61, 0x6B, 0x61, 0x74, 0x69, 0x6C, 0x61));
					break;
				case 147: 
					if (style == 6) return String(CharArray::of(0xEC, 0x6C, 0xFA, 0x20, 0x4C, 0x6F, 0x73, 0x20, 0x41, 0x6E, 0x67, 0x65, 0x6C, 0x65, 0x73));
					break;
				case 84: 
					if (style == 6) return String(CharArray::of(0xEC, 0x6C, 0xFA, 0x20, 0x42, 0x0254, 0x0301, 0x69, 0x73, 0xE8));
					break;
				case 181: 
					if (style == 6) return String(CharArray::of(0xEC, 0x6C, 0xFA, 0x20, 0x46, 0xED, 0x6E, 0xED, 0x73, 0xEC));
					break;
				case 105: 
					if (style == 6) return String(CharArray::of(0xEC, 0x6C, 0xFA, 0x20, 0x44, 0x65, 0x6E, 0x76, 0x65, 0x72));
					break;
				case 173: 
					if (style == 6) return String(CharArray::of(0xEC, 0x6C, 0xFA, 0x20, 0x42, 0x65, 0x75, 0x6C, 0xE0, 0x20, 0x6E, 0xED, 0x20, 0x4E, 0x6F, 0x72, 0x74, 0x68, 0x20, 0x44, 0x61, 0x6B, 0x6F, 0x74, 0x61));
					break;
				case 175: 
					if (style == 6) return String(CharArray::of(0xEC, 0x6C, 0xFA, 0x20, 0x4E, 0x65, 0x77, 0x20, 0x53, 0x61, 0x6C, 0x65, 0x6D, 0x20, 0x6E, 0x69, 0x20, 0x4E, 0x6F, 0x72, 0x74, 0x68, 0x20, 0x44, 0x61, 0x6B, 0x6F, 0x74, 0x61));
					break;
				case 174: 
					if (style == 6) return String(CharArray::of(0xEC, 0x6C, 0xFA, 0x20, 0x53, 0x65, 0x6E, 0x74, 0x61, 0x20, 0x4E, 0x6F, 0x72, 0x74, 0x68, 0x20, 0x44, 0x61, 0x6B, 0x6F, 0x74, 0x61));
					break;
				case 93: 
					if (style == 6) return String(CharArray::of(0xEC, 0x6C, 0xFA, 0x20, 0x43, 0x68, 0x69, 0x63, 0x61, 0x67, 0x6F));
					break;
				case 158: 
					if (style == 6) return String(CharArray::of(0xEC, 0x6C, 0xFA, 0x20, 0x4D, 0x65, 0x6E, 0x6F, 0x6D, 0x69, 0x6E, 0xEC));
					break;
				case 133: 
					if (style == 6) return String(CharArray::of(0xEC, 0x6C, 0xFA, 0x20, 0x56, 0x69, 0x6E, 0x63, 0x65, 0x6E, 0x6E, 0x65, 0x73, 0x20, 0x6E, 0xED, 0x20, 0x49, 0x6E, 0x64, 0x69, 0x61, 0x6E, 0x61));
					break;
				case 130: 
					if (style == 6) return String(CharArray::of(0xEC, 0x6C, 0xFA, 0x20, 0x50, 0x65, 0x74, 0x65, 0x72, 0x73, 0x62, 0x75, 0x72, 0x67));
					break;
				case 131: 
					if (style == 6) return String(CharArray::of(0xEC, 0x6C, 0xFA, 0x20, 0x54, 0x65, 0x6C, 0x6C, 0x20, 0x43, 0x69, 0x74, 0x79));
					break;
				case 128: 
					if (style == 6) return String(CharArray::of(0xEC, 0x6C, 0xFA, 0x20, 0x6E, 0x0254, 0x0301, 0x73, 0xEC));
					break;
				case 134: 
					if (style == 6) return String(CharArray::of(0xEC, 0x6C, 0xFA, 0x20, 0x57, 0x69, 0x6E, 0x61, 0x6D, 0x61, 0x6B, 0x20, 0x6E, 0xED, 0x20, 0x49, 0x6E, 0x64, 0x69, 0x61, 0x6E, 0x61));
					break;
				case 129: 
					if (style == 6) return String(CharArray::of(0xEC, 0x6C, 0xFA, 0x20, 0x4D, 0x61, 0x72, 0x025B, 0x0301, 0x6E, 0x67, 0x6F));
					break;
				case 135: 
					if (style == 6) return String(CharArray::of(0xEC, 0x6C, 0xFA, 0x20, 0x49, 0x6E, 0x64, 0x69, 0x61, 0x6E, 0x61, 0x70, 0x6F, 0x6C, 0x69, 0x73));
					break;
				case 148: 
					if (style == 6) return String(CharArray::of(0xEC, 0x6C, 0xFA, 0x20, 0x4C, 0xFA, 0xED, 0x66, 0xED, 0xEC, 0x6C, 0xEC));
					break;
				case 132: 
					if (style == 6) return String(CharArray::of(0xEC, 0x6C, 0xFA, 0x20, 0x56, 0x65, 0x76, 0x61, 0x79));
					break;
				case 142: 
					if (style == 6) return String(CharArray::of(0xEC, 0x6C, 0xFA, 0x20, 0x4D, 0x6F, 0x6E, 0x74, 0x69, 0x73, 0x025B, 0x0301, 0x6C, 0xF2));
					break;
				case 106: 
					if (style == 6) return String(CharArray::of(0xEC, 0x6C, 0xFA, 0x20, 0x44, 0x65, 0x74, 0x72, 0x6F, 0x69, 0x74));
					break;
				case 169: 
					if (style == 6) return String(CharArray::of(0xEC, 0x6C, 0xFA, 0x20, 0x4E, 0x65, 0x77, 0x20, 0x59, 0x6F, 0x72, 0x6B));
					break;
				case 208: 
					if (style == 6) return String(CharArray::of(0xEC, 0x6C, 0xFA, 0x20, 0x46, 0x69, 0x6E, 0x73, 0x65, 0x6E, 0x74, 0xEC));
					break;
				case 215: 
					if (style == 6) return String(CharArray::of(0xEC, 0x6C, 0xFA, 0x20, 0x54, 0x6F, 0x74, 0x6F, 0x6C, 0x61));
					break;
				case 207: 
					if (style == 6) return String(CharArray::of(0xEC, 0x6C, 0xFA, 0x20, 0x53, 0x74, 0x20, 0x54, 0x0254, 0x0301, 0x6D, 0xE0, 0x73, 0xEC));
					break;
				case 307: 
					if (style == 6) return String(CharArray::of(0x49, 0x6C, 0x75, 0x20, 0x48, 0x6F, 0x20, 0x43, 0x68, 0x69, 0x20, 0x4D, 0x69, 0x6E, 0x68));
					break;
            default: break;
            }
            return String();
        }
        
        String Yo_Bj::displayGlobalTimezone(gint tz, gint style) const {
            switch(tz) {
				case 1: 
				if (style == 1) return String(CharArray::of(0xC0, 0x6B, 0xF3, 0x6B, 0xF2, 0x20, 0x41, 0x66, 0x67, 0x68, 0x61, 0x6E, 0x69, 0x73, 0x74, 0x61, 0x6E));
					break;
				case 2: 
				if (style == 1) return String(CharArray::of(0xC0, 0x6B, 0xF3, 0x6B, 0xF2, 0x20, 0xC0, 0xE1, 0x72, 0xED, 0x6E, 0x20, 0x41, 0x66, 0xED, 0x72, 0x69, 0x6B, 0xE0));
					break;
				case 3: 
				if (style == 1) return String(CharArray::of(0xC0, 0x6B, 0xF3, 0x6B, 0xF2, 0x20, 0xCC, 0x6C, 0xE0, 0x2D, 0x4F, 0xF2, 0x72, 0xF9, 0x6E, 0x20, 0x41, 0x66, 0xED, 0x72, 0x69, 0x6B, 0xE0));
					break;
				case 4: 
				if (style == 1) return String(CharArray::of(0x53, 0x6F, 0x75, 0x74, 0x68, 0x20, 0x41, 0x66, 0x72, 0x69, 0x63, 0x61, 0x20, 0x53, 0x74, 0x61, 0x6E, 0x64, 0x61, 0x72, 0x64, 0x20, 0x54, 0x69, 0x6D, 0x65));
					break;
				case 5: 
				if (style == 0) return String(CharArray::of(0xC0, 0x6B, 0xF3, 0x6B, 0xF2, 0x20, 0xCC, 0x77, 0x0254, 0x0300, 0x2D, 0x4F, 0xF2, 0x72, 0xF9, 0x6E, 0x20, 0x41, 0x66, 0xED, 0x72, 0x69, 0x6B, 0xE0));
				if (style == 1) return String(CharArray::of(0xC0, 0x6B, 0xF3, 0x6B, 0xF2, 0x20, 0xCC, 0x77, 0x0254, 0x0300, 0x2D, 0x4F, 0xF2, 0x72, 0xF9, 0x6E, 0x20, 0xC0, 0x66, 0x025B, 0x6E, 0x75, 0x6B, 0xF2, 0x20, 0x41, 0x66, 0xED, 0x72, 0x69, 0x6B, 0xE0));
				if (style == 2) return String(CharArray::of(0xC0, 0x6B, 0xF3, 0x6B, 0xF2, 0x20, 0xCC, 0x77, 0x0254, 0x0300, 0x2D, 0x4F, 0xF2, 0x72, 0xF9, 0x6E, 0x20, 0x4F, 0x6F, 0x72, 0x75, 0x20, 0x41, 0x66, 0xED, 0x72, 0x69, 0x6B, 0xE0));
					break;
				case 6: 
				if (style == 0) return String(CharArray::of(0xC0, 0x6B, 0xF3, 0x6B, 0xF2, 0x20, 0x41, 0x6C, 0xE1, 0x73, 0xED, 0x6B, 0xE0));
				if (style == 1) return String(CharArray::of(0xC0, 0x6B, 0xF3, 0x6B, 0xF2, 0x20, 0xC0, 0x66, 0x025B, 0x6E, 0x75, 0x6B, 0xF2, 0x20, 0x41, 0x6C, 0xE1, 0x73, 0xED, 0x6B, 0xE0));
				if (style == 2) return String(CharArray::of(0xC0, 0x6B, 0xF3, 0x6B, 0xF2, 0x20, 0x4F, 0x6A, 0xFA, 0x6D, 0x0254, 0x0301, 0x20, 0x41, 0x6C, 0xE1, 0x73, 0xED, 0x6B, 0xE0));
					break;
				case 8: 
				if (style == 0) return String(CharArray::of(0xC0, 0x6B, 0xF3, 0x6B, 0xF2, 0x20, 0x41, 0x6D, 0xE1, 0x73, 0x0254, 0x0301, 0x6E, 0xEC));
				if (style == 1) return String(CharArray::of(0xC0, 0x6B, 0xF3, 0x6B, 0xF2, 0x20, 0x41, 0x66, 0x025B, 0x6E, 0x75, 0x6B, 0xF2, 0x20, 0x41, 0x6D, 0xE1, 0x73, 0x0254, 0x0301, 0x6E, 0xEC));
				if (style == 2) return String(CharArray::of(0xC0, 0x6B, 0xF3, 0x6B, 0xF2, 0x20, 0x4F, 0x72, 0x75, 0x20, 0x41, 0x6D, 0xE1, 0x73, 0x0254, 0x0301, 0x6E, 0xEC));
					break;
				case 9: 
				if (style == 0) return String(CharArray::of(0xE0, 0x6B, 0xF3, 0x6B, 0xF2, 0x20, 0xE0, 0xE1, 0x72, 0xED, 0x6E, 0x20, 0x67, 0x62, 0xF9, 0x6E, 0x67, 0x62, 0xF9, 0x6E));
				if (style == 1) return String(CharArray::of(0xE0, 0x6B, 0xF3, 0x6B, 0xF2, 0x20, 0x61, 0x73, 0x69, 0x6B, 0x6F, 0x20, 0xE0, 0xE1, 0x72, 0xED, 0x6E, 0x20, 0x67, 0x62, 0xF9, 0x6E, 0x67, 0x62, 0xF9, 0x6E));
				if (style == 2) return String(CharArray::of(0x41, 0x6B, 0xF3, 0x6B, 0xF2, 0x20, 0xE0, 0xE1, 0x72, 0xED, 0x6E, 0x20, 0x67, 0x62, 0xF9, 0x6E, 0x67, 0x62, 0xF9, 0x6E, 0x20, 0x6F, 0x6A, 0xFA, 0x6D, 0x0254, 0x6D, 0x0254));
					break;
				case 10: 
				if (style == 0) return String(CharArray::of(0xC0, 0x6B, 0xF3, 0x6B, 0xF2, 0x20, 0xEC, 0x68, 0xE0, 0x20, 0xEC, 0x6C, 0xE0, 0x20, 0x6F, 0xF2, 0x72, 0xF9, 0x6E));
				if (style == 1) return String(CharArray::of(0x41, 0x6B, 0xF3, 0x6B, 0xF2, 0x20, 0xC0, 0x73, 0x69, 0x6B, 0xF2, 0x20, 0xCC, 0x68, 0x61, 0x20, 0xCC, 0x6C, 0x61, 0x20, 0x4F, 0xF2, 0x72, 0xF9, 0x6E));
				if (style == 2) return String(CharArray::of(0xC0, 0x6B, 0xF3, 0x6B, 0xF2, 0x20, 0x6F, 0x6A, 0xFA, 0x6D, 0x0254, 0x6D, 0x0254, 0x20, 0xCC, 0x68, 0xE0, 0x20, 0xCC, 0x6C, 0xE0, 0x20, 0x4F, 0xF2, 0x72, 0x75, 0x6E));
					break;
				case 11: 
				if (style == 0) return String(CharArray::of(0xC0, 0x6B, 0xF3, 0x6B, 0xF2, 0x20, 0xF2, 0x6B, 0xE8));
				if (style == 1) return String(CharArray::of(0xC0, 0x6B, 0xF3, 0x6B, 0xF2, 0x20, 0x61, 0x73, 0x69, 0x6B, 0x6F, 0x20, 0xF2, 0x6B, 0xE8));
				if (style == 2) return String(CharArray::of(0xC0, 0x6B, 0xF3, 0x6B, 0xF2, 0x20, 0x6F, 0x6A, 0xFA, 0x6D, 0x0254, 0x6D, 0x0254, 0x20, 0x4F, 0x72, 0x69, 0x2D, 0xF2, 0x6B, 0xE8));
					break;
				case 12: 
				if (style == 0) return String(CharArray::of(0xC0, 0x6B, 0xF3, 0x6B, 0xF2, 0x20, 0x50, 0xE0, 0x73, 0xED, 0x66, 0xED, 0xEC, 0x6B, 0xEC));
				if (style == 1) return String(CharArray::of(0xC0, 0x6B, 0xF3, 0x6B, 0xF2, 0x20, 0xE0, 0x73, 0x69, 0x6B, 0xF2, 0x20, 0x50, 0xE0, 0x73, 0xED, 0x66, 0xED, 0xEC, 0x6B, 0xEC));
				if (style == 2) return String(CharArray::of(0xC0, 0x6B, 0xF3, 0x6B, 0xF2, 0x20, 0xCC, 0x79, 0xE1, 0x6C, 0x025B, 0x74, 0x61, 0x20, 0x50, 0xE0, 0x73, 0xED, 0x66, 0xED, 0xEC, 0x6B, 0xEC));
					break;
				case 14: 
				if (style == 0) return String(CharArray::of(0xC0, 0x6B, 0xF3, 0x6B, 0xF2, 0x20, 0x41, 0x70, 0x69, 0x61));
				if (style == 1) return String(CharArray::of(0xC0, 0x6B, 0xF3, 0x6B, 0xF2, 0x20, 0xC0, 0x66, 0x025B, 0x6E, 0x75, 0x6B, 0xF2, 0x20, 0x41, 0x70, 0x69, 0x61));
				if (style == 2) return String(CharArray::of(0xC0, 0x6B, 0xF3, 0x6B, 0xF2, 0x20, 0x4F, 0x6A, 0xFA, 0x6D, 0x0254, 0x6D, 0x0254, 0x20, 0x41, 0x70, 0x69, 0x61));
					break;
				case 17: 
				if (style == 0) return String(CharArray::of(0xC0, 0x6B, 0xF3, 0x6B, 0xF2, 0x20, 0x41, 0x72, 0x61, 0x62, 0x69, 0x61));
				if (style == 1) return String(CharArray::of(0xC0, 0x6B, 0xF3, 0x6B, 0xF2, 0x20, 0xC0, 0x66, 0x025B, 0x6E, 0x75, 0x6B, 0xF2, 0x20, 0x41, 0x72, 0x61, 0x62, 0x69, 0x61));
				if (style == 2) return String(CharArray::of(0xC0, 0x6B, 0xF3, 0x6B, 0xF2, 0x20, 0x4F, 0x6A, 0xFA, 0x6D, 0x0254, 0x6D, 0x0254, 0x20, 0x41, 0x72, 0x61, 0x62, 0x69, 0x61));
					break;
				case 18: 
				if (style == 0) return String(CharArray::of(0x41, 0x61, 0x67, 0x6F, 0x20, 0x41, 0x6A, 0x025B, 0x6E, 0x74, 0xEC, 0x6E, 0xE0));
				if (style == 1) return String(CharArray::of(0x41, 0x61, 0x67, 0x6F, 0x20, 0xE0, 0x73, 0xEC, 0x6B, 0xF2, 0x20, 0x41, 0x72, 0x67, 0x65, 0x6E, 0x74, 0x69, 0x6E, 0x61));
				if (style == 2) return String(CharArray::of(0x41, 0x61, 0x67, 0x6F, 0x20, 0x53, 0x6F, 0x6D, 0x61, 0x20, 0x41, 0x72, 0x67, 0x65, 0x6E, 0x74, 0x69, 0x6E, 0x61));
					break;
				case 19: 
				if (style == 0) return String(CharArray::of(0xC0, 0x6B, 0xF3, 0x6B, 0xF2, 0x20, 0x49, 0x77, 0x0254, 0x0301, 0x2D, 0x6F, 0xF2, 0x72, 0xF9, 0x6E, 0x20, 0x41, 0x6A, 0x025B, 0x0301, 0x6E, 0x74, 0xED, 0x6E, 0xE0));
				if (style == 1) return String(CharArray::of(0xC0, 0x6B, 0xF3, 0x6B, 0xF2, 0x20, 0x49, 0x77, 0x0254, 0x0301, 0x2D, 0x6F, 0xF2, 0x72, 0xF9, 0x6E, 0x20, 0xC0, 0x66, 0x025B, 0x6E, 0x75, 0x6B, 0xF2, 0x20, 0x41, 0x6A, 0x025B, 0x0301, 0x6E, 0x74, 0xED, 0x6E, 0xE0));
				if (style == 2) return String(CharArray::of(0xC0, 0x6B, 0xF3, 0x6B, 0xF2, 0x20, 0x4F, 0x72, 0x75, 0x20, 0x49, 0x77, 0x0254, 0x0301, 0x2D, 0x6F, 0xF2, 0x72, 0xF9, 0x6E, 0x20, 0x41, 0x6A, 0x025B, 0x0301, 0x6E, 0x74, 0xED, 0x6E, 0xE0));
					break;
				case 20: 
				if (style == 0) return String(CharArray::of(0xC0, 0x6B, 0xF3, 0x6B, 0xF2, 0x20, 0x41, 0x72, 0x6D, 0x65, 0x6E, 0x69, 0x61));
				if (style == 1) return String(CharArray::of(0xC0, 0x6B, 0xF3, 0x6B, 0xF2, 0x20, 0xC0, 0x66, 0x025B, 0x6E, 0x75, 0x6B, 0xF2, 0x20, 0x41, 0x72, 0x6D, 0x65, 0x6E, 0x69, 0x61));
				if (style == 2) return String(CharArray::of(0xC0, 0x6B, 0xF3, 0x6B, 0xF2, 0x20, 0x53, 0x0254, 0x6D, 0xE0, 0x20, 0x41, 0x72, 0x61, 0x62, 0x69, 0x61));
					break;
				case 21: 
				if (style == 0) return String(CharArray::of(0xC0, 0x6B, 0xF3, 0x6B, 0xF2, 0x20, 0xC0, 0x74, 0xEC, 0x6C, 0xE1, 0x0144, 0x74, 0xED, 0xEC, 0x6B, 0xEC));
				if (style == 1) return String(CharArray::of(0xC0, 0x6B, 0xF3, 0x6B, 0xF2, 0x20, 0xE0, 0x73, 0x69, 0x6B, 0xF2, 0x20, 0xC0, 0x74, 0xEC, 0x6C, 0xE1, 0x0144, 0x74, 0xED, 0xEC, 0x6B, 0xEC));
				if (style == 2) return String(CharArray::of(0xC0, 0x6B, 0xF3, 0x6B, 0xF2, 0x20, 0xCC, 0x79, 0xE1, 0x6C, 0x025B, 0x74, 0x61, 0x20, 0xC0, 0x74, 0xEC, 0x6C, 0xE1, 0x0144, 0x74, 0xED, 0xEC, 0x6B, 0xEC));
					break;
				case 22: 
				if (style == 0) return String(CharArray::of(0xC0, 0x6B, 0xF3, 0x6B, 0xF2, 0x20, 0xC0, 0xE0, 0x72, 0x69, 0x6E, 0x20, 0x47, 0xF9, 0x6E, 0x67, 0xF9, 0x6E, 0x20, 0x41, 0x75, 0x73, 0x74, 0x72, 0x61, 0x6C, 0x69, 0x61));
				if (style == 1) return String(CharArray::of(0xC0, 0x6B, 0xF3, 0x6B, 0xF2, 0x20, 0xC0, 0x66, 0x025B, 0x6E, 0x75, 0x6B, 0xF2, 0x20, 0xC0, 0xE0, 0x72, 0x69, 0x6E, 0x20, 0x47, 0xF9, 0x6E, 0x67, 0xF9, 0x6E, 0x20, 0x41, 0x75, 0x73, 0x74, 0x72, 0x61, 0x6C, 0x69, 0x61));
				if (style == 2) return String(CharArray::of(0xC0, 0x6B, 0xF3, 0x6B, 0xF2, 0x20, 0x4F, 0x6A, 0xFA, 0x6D, 0x0254, 0x6D, 0x0254, 0x20, 0xC0, 0xE0, 0x72, 0x69, 0x6E, 0x20, 0x47, 0xF9, 0x6E, 0x67, 0xF9, 0x6E, 0x20, 0x41, 0x75, 0x73, 0x74, 0x72, 0x61, 0x6C, 0x69, 0x61));
					break;
				case 23: 
				if (style == 0) return String(CharArray::of(0xC0, 0x6B, 0xF3, 0x6B, 0xF2, 0x20, 0xC0, 0xE0, 0x72, 0x69, 0x6E, 0x20, 0x47, 0xF9, 0x6E, 0x67, 0xF9, 0x6E, 0x20, 0xCC, 0x77, 0x0254, 0x0300, 0x2D, 0x4F, 0xF2, 0x72, 0xF9, 0x6E, 0x20, 0x41, 0x75, 0x73, 0x74, 0x72, 0x61, 0x6C, 0x69, 0x61));
				if (style == 1) return String(CharArray::of(0xC0, 0x6B, 0xF3, 0x6B, 0xF2, 0x20, 0xC0, 0x66, 0x025B, 0x6E, 0x75, 0x6B, 0xF2, 0x20, 0xC0, 0xE0, 0x72, 0x69, 0x6E, 0x20, 0x47, 0xF9, 0x6E, 0x67, 0xF9, 0x6E, 0x20, 0xCC, 0x77, 0x0254, 0x0300, 0x2D, 0x4F, 0xF2, 0x72, 0xF9, 0x6E, 0x20, 0x41, 0x75, 0x73, 0x74, 0x72, 0x61, 0x6C, 0x69, 0x61));
				if (style == 2) return String(CharArray::of(0xC0, 0x6B, 0xF3, 0x6B, 0xF2, 0x20, 0x4F, 0x6A, 0xFA, 0x6D, 0x0254, 0x6D, 0x0254, 0x20, 0xC0, 0xE0, 0x72, 0x69, 0x6E, 0x20, 0x47, 0xF9, 0x6E, 0x67, 0xF9, 0x6E, 0x20, 0xCC, 0x77, 0x0254, 0x0300, 0x2D, 0x4F, 0xF2, 0x72, 0xF9, 0x6E, 0x20, 0x41, 0x75, 0x73, 0x74, 0x72, 0x61, 0x6C, 0x69, 0x61));
					break;
				case 24: 
				if (style == 0) return String(CharArray::of(0xC0, 0x6B, 0xF3, 0x6B, 0xF2, 0x20, 0xCC, 0x6C, 0xE0, 0x2D, 0x4F, 0xF2, 0x72, 0xF9, 0x6E, 0x20, 0x41, 0x75, 0x73, 0x74, 0x72, 0x61, 0x6C, 0x69, 0x61));
				if (style == 1) return String(CharArray::of(0xC0, 0x6B, 0xF3, 0x6B, 0xF2, 0x20, 0xC0, 0x66, 0x025B, 0x6E, 0x75, 0x6B, 0xF2, 0x20, 0xCC, 0x6C, 0xE0, 0x2D, 0x4F, 0xF2, 0x72, 0xF9, 0x6E, 0x20, 0x41, 0x75, 0x73, 0x74, 0x72, 0x61, 0x6C, 0x69, 0x61));
				if (style == 2) return String(CharArray::of(0xC0, 0x6B, 0xF3, 0x6B, 0xF2, 0x20, 0x4F, 0x6A, 0xFA, 0x6D, 0x0254, 0x6D, 0x0254, 0x20, 0xCC, 0x6C, 0xE0, 0x2D, 0x4F, 0xF2, 0x72, 0xF9, 0x6E, 0x20, 0x41, 0x75, 0x73, 0x74, 0x72, 0x61, 0x6C, 0x69, 0x61));
					break;
				case 25: 
				if (style == 0) return String(CharArray::of(0xC0, 0x6B, 0xF3, 0x6B, 0xF2, 0x20, 0xCC, 0x77, 0x0254, 0x0300, 0x2D, 0x4F, 0xF2, 0x72, 0xF9, 0x6E, 0x20, 0x41, 0x75, 0x73, 0x74, 0x72, 0x61, 0x6C, 0x69, 0x61));
				if (style == 1) return String(CharArray::of(0xC0, 0x6B, 0xF3, 0x6B, 0xF2, 0x20, 0xC0, 0x66, 0x025B, 0x6E, 0x75, 0x6B, 0xF2, 0x20, 0xCC, 0x77, 0x0254, 0x0300, 0x2D, 0x4F, 0xF2, 0x72, 0xF9, 0x6E, 0x20, 0x41, 0x75, 0x73, 0x74, 0x72, 0x61, 0x6C, 0x69, 0x61));
				if (style == 2) return String(CharArray::of(0xC0, 0x6B, 0xF3, 0x6B, 0xF2, 0x20, 0x4F, 0x6A, 0xFA, 0x6D, 0x0254, 0x6D, 0x0254, 0x20, 0xCC, 0x77, 0x0254, 0x0300, 0x2D, 0x4F, 0xF2, 0x72, 0xF9, 0x6E, 0x20, 0x41, 0x75, 0x73, 0x74, 0x72, 0x61, 0x6C, 0x69, 0x61));
					break;
				case 26: 
				if (style == 0) return String(CharArray::of(0xC0, 0x6B, 0xF3, 0x6B, 0xF2, 0x20, 0x41, 0x7A, 0x65, 0x72, 0x62, 0x61, 0x69, 0x6A, 0x61, 0x6E));
				if (style == 1) return String(CharArray::of(0xC0, 0x6B, 0xF3, 0x6B, 0xF2, 0x20, 0xC0, 0x66, 0x025B, 0x6E, 0x75, 0x6B, 0xF2, 0x20, 0x41, 0x7A, 0x65, 0x72, 0x62, 0x61, 0x69, 0x6A, 0x61, 0x6E));
				if (style == 2) return String(CharArray::of(0xC0, 0x6B, 0xF3, 0x6B, 0xF2, 0x20, 0x53, 0x0254, 0x6D, 0xE0, 0x20, 0x41, 0x7A, 0x65, 0x72, 0x62, 0x61, 0x69, 0x6A, 0x61, 0x6E));
					break;
				case 27: 
				if (style == 0) return String(CharArray::of(0xC0, 0x6B, 0xF3, 0x6B, 0xF2, 0x20, 0xC1, 0x73, 0x0254, 0x0301, 0x73, 0xEC));
				if (style == 1) return String(CharArray::of(0xC0, 0x6B, 0xF3, 0x6B, 0xF2, 0x20, 0xC0, 0x66, 0x025B, 0x6E, 0x75, 0x6B, 0xF2, 0x20, 0xC1, 0x73, 0x0254, 0x0301, 0x73, 0xEC));
				if (style == 2) return String(CharArray::of(0xC0, 0x6B, 0xF3, 0x6B, 0xF2, 0x20, 0x4F, 0x6F, 0x72, 0x75, 0x20, 0xC1, 0x73, 0x0254, 0x0301, 0x73, 0xEC));
					break;
				case 28: 
				if (style == 0) return String(CharArray::of(0xC0, 0x6B, 0xF3, 0x6B, 0xF2, 0x20, 0x42, 0x61, 0x6E, 0x67, 0x6C, 0x61, 0x64, 0x65, 0x73, 0x68));
				if (style == 1) return String(CharArray::of(0xC0, 0x6B, 0xF3, 0x6B, 0xF2, 0x20, 0xC0, 0x66, 0x025B, 0x6E, 0x75, 0x6B, 0xF2, 0x20, 0x42, 0x61, 0x6E, 0x67, 0x6C, 0x61, 0x64, 0x65, 0x73, 0x68));
				if (style == 2) return String(CharArray::of(0xC0, 0x6B, 0xF3, 0x6B, 0xF2, 0x20, 0x53, 0x0254, 0x6D, 0xE0, 0x20, 0x42, 0x61, 0x6E, 0x67, 0x6C, 0x61, 0x64, 0x65, 0x73, 0x68));
					break;
				case 29: 
				if (style == 1) return String(CharArray::of(0xC0, 0x6B, 0xF3, 0x6B, 0xF2, 0x20, 0x42, 0x68, 0x75, 0x74, 0x61, 0x6E));
					break;
				case 30: 
				if (style == 1) return String(CharArray::of(0x41, 0x61, 0x67, 0x6F, 0x20, 0x42, 0x6F, 0x6C, 0x69, 0x76, 0x69, 0x61));
					break;
				case 31: 
				if (style == 0) return String(CharArray::of(0x41, 0x61, 0x67, 0x6F, 0x20, 0x42, 0xF9, 0x72, 0xE0, 0x73, 0xED, 0x6C, 0xED, 0xE0));
				if (style == 1) return String(CharArray::of(0x41, 0x61, 0x67, 0x6F, 0x20, 0xE0, 0x73, 0xEC, 0x6B, 0xF2, 0x20, 0x42, 0xF9, 0x72, 0xE0, 0x73, 0xED, 0x6C, 0xED, 0xE0));
				if (style == 2) return String(CharArray::of(0x41, 0x61, 0x67, 0x6F, 0x20, 0x53, 0x6F, 0x6D, 0x61, 0x20, 0x42, 0x72, 0x61, 0x73, 0x69, 0x6C, 0x69, 0x61));
					break;
				case 32: 
				if (style == 1) return String(CharArray::of(0x42, 0x72, 0x75, 0x6E, 0x65, 0x69, 0x20, 0x44, 0x61, 0x72, 0x75, 0x73, 0x73, 0x61, 0x6C, 0x61, 0x6D, 0x20, 0x54, 0x69, 0x6D, 0x65));
					break;
				case 33: 
				if (style == 0) return String(CharArray::of(0xC0, 0x6B, 0xF3, 0x6B, 0xF2, 0x20, 0x4B, 0xE9, 0x70, 0xFA, 0x20, 0x46, 0xE1, 0xE0, 0x64, 0xEC));
				if (style == 1) return String(CharArray::of(0xC0, 0x6B, 0xF3, 0x6B, 0xF2, 0x20, 0xC0, 0x66, 0x025B, 0x6E, 0x75, 0x6B, 0xF2, 0x20, 0x4B, 0xE9, 0x70, 0xFA, 0x20, 0x46, 0xE1, 0xE0, 0x64, 0xEC));
				if (style == 2) return String(CharArray::of(0xC0, 0x6B, 0xF3, 0x6B, 0xF2, 0x20, 0x0190, 0x0300, 0x72, 0xFA, 0x6E, 0x20, 0x4B, 0xE9, 0x70, 0xFA, 0x20, 0x46, 0xE1, 0xE0, 0x64, 0xEC));
					break;
				case 35: 
				if (style == 1) return String(CharArray::of(0xC0, 0x6B, 0xF3, 0x6B, 0xF2, 0x20, 0xC0, 0x66, 0x025B, 0x6E, 0x75, 0x6B, 0xF2, 0x20, 0x43, 0x68, 0x61, 0x6D, 0x6F, 0x72, 0x72, 0x6F));
					break;
				case 36: 
				if (style == 0) return String(CharArray::of(0xC0, 0x6B, 0xF3, 0x6B, 0xF2, 0x20, 0x43, 0x68, 0x61, 0x74, 0x61, 0x6D));
				if (style == 1) return String(CharArray::of(0xC0, 0x6B, 0xF3, 0x6B, 0xF2, 0x20, 0xC0, 0x66, 0x025B, 0x6E, 0x75, 0x6B, 0xF2, 0x20, 0x43, 0x68, 0x61, 0x74, 0x61, 0x6D));
				if (style == 2) return String(CharArray::of(0xC0, 0x6B, 0xF3, 0x6B, 0xF2, 0x20, 0x4F, 0x6A, 0xFA, 0x6D, 0x0254, 0x6D, 0x0254, 0x20, 0x43, 0x68, 0x61, 0x74, 0x61, 0x6D));
					break;
				case 37: 
				if (style == 0) return String(CharArray::of(0xC0, 0x6B, 0xF3, 0x6B, 0xF2, 0x20, 0x53, 0x68, 0xED, 0x6C, 0xE8));
				if (style == 1) return String(CharArray::of(0xC0, 0x6B, 0xF3, 0x6B, 0xF2, 0x20, 0xC0, 0x66, 0x025B, 0x6E, 0x75, 0x6B, 0xF2, 0x20, 0x53, 0x68, 0xED, 0x6C, 0xE8));
				if (style == 2) return String(CharArray::of(0xC0, 0x6B, 0xF3, 0x6B, 0xF2, 0x20, 0x4F, 0x72, 0x75, 0x20, 0x53, 0x68, 0xED, 0x6C, 0xE8));
					break;
				case 38: 
				if (style == 0) return String(CharArray::of(0xC0, 0x6B, 0xF3, 0x6B, 0xF2, 0x20, 0x53, 0x68, 0xE1, 0xED, 0x6E, 0xE0));
				if (style == 1) return String(CharArray::of(0xC0, 0x6B, 0xF3, 0x6B, 0xF2, 0x20, 0xCC, 0x66, 0x025B, 0x6E, 0x75, 0x6B, 0xF2, 0x73, 0xED, 0x20, 0x53, 0x68, 0xE1, 0xED, 0x6E, 0xE0));
				if (style == 2) return String(CharArray::of(0xC0, 0x6B, 0xF3, 0x6B, 0xF2, 0x20, 0x4F, 0x6A, 0xFA, 0x6D, 0x0254, 0x6D, 0x0254, 0x20, 0x53, 0x68, 0xE1, 0xED, 0x6E, 0xE0));
					break;
				case 39: 
				if (style == 0) return String(CharArray::of(0xC0, 0x6B, 0xF3, 0x6B, 0xF2, 0x20, 0x43, 0x68, 0x6F, 0x69, 0x62, 0x61, 0x6C, 0x73, 0x61, 0x6E));
				if (style == 1) return String(CharArray::of(0xC0, 0x6B, 0xF3, 0x6B, 0xF2, 0x20, 0xCC, 0x66, 0x025B, 0x6E, 0x75, 0x6B, 0xF2, 0x73, 0xED, 0x20, 0x43, 0x68, 0x6F, 0x69, 0x62, 0x61, 0x6C, 0x73, 0x61, 0x6E));
				if (style == 2) return String(CharArray::of(0xC0, 0x6B, 0xF3, 0x6B, 0xF2, 0x20, 0x53, 0x0254, 0x6D, 0xE0, 0x20, 0x43, 0x68, 0x6F, 0x69, 0x62, 0x61, 0x6C, 0x73, 0x61, 0x6E));
					break;
				case 40: 
				if (style == 1) return String(CharArray::of(0xC0, 0x6B, 0xF3, 0x6B, 0xF2, 0x20, 0x45, 0x72, 0xE9, 0x6B, 0xF9, 0x73, 0xF9, 0x20, 0x43, 0x68, 0x72, 0x69, 0x73, 0x74, 0x6D, 0x61, 0x73));
					break;
				case 41: 
				if (style == 1) return String(CharArray::of(0xC0, 0x6B, 0xF3, 0x6B, 0xF2, 0x20, 0xC0, 0x77, 0x0254, 0x6E, 0x20, 0x45, 0x72, 0xE9, 0x6B, 0xF9, 0x73, 0xF9, 0x20, 0x43, 0x6F, 0x63, 0x6F, 0x73));
					break;
				case 42: 
				if (style == 0) return String(CharArray::of(0x41, 0x61, 0x67, 0x6F, 0x20, 0x4B, 0x6F, 0x6C, 0x6F, 0x6D, 0x62, 0x69, 0x61));
				if (style == 1) return String(CharArray::of(0x41, 0x61, 0x67, 0x6F, 0x20, 0xE0, 0x73, 0xEC, 0x6B, 0xF2, 0x20, 0x4B, 0x6F, 0x6C, 0x6F, 0x6D, 0x62, 0x69, 0x61));
				if (style == 2) return String(CharArray::of(0x41, 0x61, 0x67, 0x6F, 0x20, 0x53, 0x6F, 0x6D, 0x61, 0x20, 0x43, 0x6F, 0x6C, 0x6F, 0x6D, 0x62, 0x69, 0x61));
					break;
				case 43: 
				if (style == 0) return String(CharArray::of(0xC0, 0x6B, 0xF3, 0x6B, 0xF2, 0x20, 0xC0, 0x77, 0x0254, 0x6E, 0x20, 0x45, 0x72, 0x65, 0x6B, 0x75, 0x73, 0x75, 0x20, 0x4B, 0x75, 0x75, 0x6B, 0x75));
				if (style == 1) return String(CharArray::of(0xC0, 0x6B, 0xF3, 0x6B, 0xF2, 0x20, 0xC0, 0x66, 0x025B, 0x6E, 0x75, 0x6B, 0xF2, 0x20, 0xC0, 0x77, 0x0254, 0x6E, 0x20, 0x45, 0x72, 0x65, 0x6B, 0x75, 0x73, 0x75, 0x20, 0x4B, 0x75, 0x75, 0x6B, 0x75));
				if (style == 2) return String(CharArray::of(0xC0, 0x6B, 0xF3, 0x6B, 0xF2, 0x20, 0x49, 0x6C, 0x61, 0x6A, 0x69, 0x20, 0x53, 0x0254, 0x6D, 0x61, 0x20, 0xC0, 0x77, 0x0254, 0x6E, 0x20, 0x45, 0x72, 0x65, 0x6B, 0x75, 0x73, 0x75, 0x20, 0x4B, 0x75, 0x75, 0x6B, 0x75));
					break;
				case 44: 
				if (style == 0) return String(CharArray::of(0xC0, 0x6B, 0xF3, 0x6B, 0xF2, 0x20, 0x4B, 0xFA, 0x62, 0xE0));
				if (style == 1) return String(CharArray::of(0xC0, 0x6B, 0xF3, 0x6B, 0xF2, 0x20, 0xC0, 0x66, 0x025B, 0x6E, 0x75, 0x6B, 0xF2, 0x20, 0x4B, 0xFA, 0x62, 0xE0));
				if (style == 2) return String(CharArray::of(0xC0, 0x6B, 0xF3, 0x6B, 0xF2, 0x20, 0x4F, 0x6A, 0xFA, 0x6D, 0x0254, 0x6D, 0x0254, 0x20, 0x4B, 0xFA, 0x62, 0xE0));
					break;
				case 45: 
				if (style == 1) return String(CharArray::of(0xC0, 0x6B, 0xF3, 0x6B, 0xF2, 0x20, 0x44, 0x61, 0x76, 0x69, 0x73));
					break;
				case 46: 
				if (style == 1) return String(CharArray::of(0xC0, 0x6B, 0xF3, 0x6B, 0xF2, 0x20, 0x44, 0x75, 0x6D, 0x6F, 0x6E, 0x74, 0x2D, 0x64, 0x2019, 0x55, 0x72, 0x76, 0x69, 0x6C, 0x6C, 0x65));
					break;
				case 47: 
				if (style == 1) return String(CharArray::of(0xC0, 0x6B, 0xF3, 0x6B, 0xF2, 0x20, 0xCC, 0x6C, 0xE0, 0x20, 0x6F, 0x6F, 0x72, 0xF9, 0x6E, 0x20, 0x54, 0x69, 0x6D, 0x6F, 0x72));
					break;
				case 48: 
				if (style == 0) return String(CharArray::of(0x41, 0x61, 0x67, 0x6F, 0x20, 0x41, 0x6A, 0x6E, 0x64, 0x65, 0x20, 0x49, 0x62, 0xF9, 0x67, 0x62, 0xE9, 0x20, 0x4F, 0x6D, 0x69));
				if (style == 1) return String(CharArray::of(0x41, 0x61, 0x67, 0x6F, 0x20, 0xE0, 0x73, 0xEC, 0x6B, 0xF2, 0x20, 0x45, 0x61, 0x73, 0x74, 0x65, 0x72, 0x20, 0x49, 0x73, 0x6C, 0x61, 0x6E, 0x64));
				if (style == 2) return String(CharArray::of(0x41, 0x61, 0x67, 0x6F, 0x20, 0x53, 0x6F, 0x6D, 0x61, 0x20, 0x45, 0x61, 0x73, 0x74, 0x65, 0x72, 0x20, 0x49, 0x73, 0x6C, 0x61, 0x6E, 0x64));
					break;
				case 49: 
				if (style == 1) return String(CharArray::of(0x41, 0x61, 0x67, 0x6F, 0x20, 0x45, 0x63, 0x75, 0x61, 0x64, 0x6F, 0x72));
					break;
				case 50: 
				if (style == 0) return String(CharArray::of(0xC0, 0x6B, 0xF3, 0x6B, 0xF2, 0x20, 0xC0, 0xE1, 0x72, 0x69, 0x6E, 0x20, 0x45, 0x75, 0x72, 0x6F, 0x70, 0x65));
				if (style == 1) return String(CharArray::of(0xC0, 0x6B, 0xF3, 0x6B, 0xF2, 0x20, 0xC0, 0xE1, 0x72, 0x69, 0x6E, 0x20, 0xE0, 0x73, 0x69, 0x6B, 0xF2, 0x20, 0x45, 0x75, 0x72, 0x6F, 0x70, 0x65));
				if (style == 2) return String(CharArray::of(0xC0, 0x6B, 0xF3, 0x6B, 0xF2, 0x20, 0xC0, 0xE1, 0x72, 0x69, 0x6E, 0x20, 0x53, 0x0254, 0x6D, 0xE0, 0x20, 0x45, 0x75, 0x72, 0x6F, 0x70, 0x65));
					break;
				case 51: 
				if (style == 0) return String(CharArray::of(0xC0, 0x6B, 0xF3, 0x6B, 0xF2, 0x20, 0xCC, 0x68, 0xE0, 0x20, 0xCC, 0x6C, 0xE0, 0x20, 0x4F, 0xF2, 0x72, 0xF9, 0x6E, 0x20, 0x45, 0x75, 0x72, 0x6F, 0x70, 0x65));
				if (style == 1) return String(CharArray::of(0xC0, 0x6B, 0xF3, 0x6B, 0xF2, 0x20, 0xE0, 0x73, 0x69, 0x6B, 0xF2, 0x20, 0xCC, 0x68, 0xE0, 0x20, 0xCC, 0x6C, 0xE0, 0x20, 0x4F, 0xF2, 0x72, 0xF9, 0x6E, 0x20, 0x45, 0x75, 0x72, 0x6F, 0x70, 0x65));
				if (style == 2) return String(CharArray::of(0xC0, 0x6B, 0xF3, 0x6B, 0xF2, 0x20, 0x53, 0x0254, 0x6D, 0xE0, 0x20, 0xCC, 0x68, 0x61, 0x20, 0xCC, 0x6C, 0xE0, 0x20, 0x4F, 0xF2, 0x72, 0xF9, 0x6E, 0x20, 0x45, 0x75, 0x72, 0x6F, 0x70, 0x65));
					break;
				case 52: 
				if (style == 1) return String(CharArray::of(0xC0, 0x6B, 0xF3, 0x6B, 0xF2, 0x20, 0x49, 0x77, 0xE1, 0x6A, 0xFA, 0x20, 0xCC, 0x6C, 0xE0, 0x20, 0x4F, 0xF2, 0x72, 0xF9, 0x6E, 0x20, 0x59, 0xFA, 0x72, 0xF3, 0xF2, 0x70, 0xF9));
					break;
				case 53: 
				if (style == 0) return String(CharArray::of(0xC0, 0x6B, 0xF3, 0x6B, 0xF2, 0x20, 0xCC, 0x77, 0x0254, 0x20, 0x4F, 0xF2, 0x72, 0xF9, 0x6E, 0x20, 0x45, 0x75, 0x72, 0x6F, 0x70, 0x65));
				if (style == 1) return String(CharArray::of(0xC0, 0x6B, 0xF3, 0x6B, 0xF2, 0x20, 0xE0, 0x73, 0x69, 0x6B, 0xF2, 0x20, 0xCC, 0x77, 0x0254, 0x20, 0x4F, 0xF2, 0x72, 0xF9, 0x6E, 0x20, 0x45, 0x75, 0x72, 0x6F, 0x70, 0x65));
				if (style == 2) return String(CharArray::of(0xC0, 0x6B, 0xF3, 0x6B, 0xF2, 0x20, 0x53, 0x0254, 0x6D, 0xE0, 0x20, 0xCC, 0x68, 0xE0, 0x20, 0xCC, 0x77, 0x0254, 0x20, 0x4F, 0xF2, 0x72, 0xF9, 0x6E, 0x20, 0x45, 0x75, 0x72, 0x6F, 0x70, 0x65));
					break;
				case 54: 
				if (style == 0) return String(CharArray::of(0xC0, 0x6B, 0xF3, 0x6B, 0xF2, 0x20, 0x46, 0xF3, 0x6B, 0xED, 0x6C, 0xE1, 0x6E, 0x64, 0xEC));
				if (style == 1) return String(CharArray::of(0xC0, 0x6B, 0xF3, 0x6B, 0xF2, 0x20, 0xC0, 0x66, 0x025B, 0x6E, 0x75, 0x6B, 0xF2, 0x20, 0x45, 0x74, 0xED, 0x6B, 0x75, 0x6E, 0x20, 0x46, 0xF3, 0x6B, 0xED, 0x6C, 0xE1, 0x6E, 0x64, 0xEC));
				if (style == 2) return String(CharArray::of(0xC0, 0x6B, 0xF3, 0x6B, 0xF2, 0x20, 0x4F, 0x6F, 0x72, 0x75, 0x20, 0x45, 0x74, 0xED, 0x6B, 0x75, 0x6E, 0x20, 0x46, 0xF3, 0x6B, 0xED, 0x6C, 0xE1, 0x6E, 0x64, 0xEC));
					break;
				case 55: 
				if (style == 0) return String(CharArray::of(0xC0, 0x6B, 0xF3, 0x6B, 0xF2, 0x20, 0x46, 0x69, 0x6A, 0x69));
				if (style == 1) return String(CharArray::of(0xC0, 0x6B, 0xF3, 0x6B, 0xF2, 0x20, 0xC0, 0x66, 0x025B, 0x6E, 0x75, 0x6B, 0xF2, 0x20, 0x46, 0x69, 0x6A, 0x69));
				if (style == 2) return String(CharArray::of(0xC0, 0x6B, 0xF3, 0x6B, 0xF2, 0x20, 0x53, 0x0254, 0x6D, 0x61, 0x20, 0x46, 0x69, 0x6A, 0x69));
					break;
				case 56: 
				if (style == 1) return String(CharArray::of(0xC0, 0x6B, 0xF3, 0x6B, 0xF2, 0x20, 0x47, 0xFA, 0x79, 0xE1, 0x6E, 0xE0, 0x20, 0x46, 0xE1, 0x72, 0xE1, 0x6E, 0x73, 0xE8));
					break;
				case 57: 
				if (style == 1) return String(CharArray::of(0xC0, 0x6B, 0xF3, 0x6B, 0xF2, 0x20, 0x47, 0xFA, 0x73, 0xF9, 0x20, 0x46, 0xE1, 0x72, 0x61, 0x6E, 0x73, 0xE9, 0x20, 0xE0, 0x74, 0x69, 0x20, 0xC0, 0x6E, 0x74, 0xE1, 0x74, 0xED, 0xEC, 0x6B, 0xEC));
					break;
				case 59: 
				if (style == 1) return String(CharArray::of(0x41, 0x61, 0x67, 0x6F, 0x20, 0x47, 0x61, 0x6C, 0x61, 0x70, 0x61, 0x67, 0x6F));
					break;
				case 60: 
				if (style == 1) return String(CharArray::of(0xC0, 0x6B, 0xF3, 0x6B, 0xF2, 0x20, 0x47, 0x61, 0x6D, 0x62, 0x69, 0x61));
					break;
				case 61: 
				if (style == 0) return String(CharArray::of(0xC0, 0x6B, 0xF3, 0x6B, 0xF2, 0x20, 0x47, 0x65, 0x6F, 0x72, 0x67, 0x69, 0x61));
				if (style == 1) return String(CharArray::of(0xC0, 0x6B, 0xF3, 0x6B, 0xF2, 0x20, 0xC0, 0x66, 0x025B, 0x6E, 0x75, 0x6B, 0xF2, 0x20, 0x47, 0x65, 0x6F, 0x72, 0x67, 0x69, 0x61));
				if (style == 2) return String(CharArray::of(0xC0, 0x6B, 0xF3, 0x6B, 0xF2, 0x20, 0x53, 0x0254, 0x6D, 0xE0, 0x20, 0x47, 0x65, 0x6F, 0x72, 0x67, 0x69, 0x61));
					break;
				case 62: 
				if (style == 1) return String(CharArray::of(0xC0, 0x6B, 0xF3, 0x6B, 0xF2, 0x20, 0xC0, 0x77, 0x0254, 0x6E, 0x20, 0x45, 0x72, 0x65, 0x6B, 0x75, 0x73, 0x75, 0x20, 0x47, 0x69, 0x6C, 0x69, 0x62, 0x61, 0x74, 0x69));
					break;
				case 58: 
				if (style == 1) return String(CharArray::of(0x47, 0x72, 0x65, 0x65, 0x6E, 0x77, 0x69, 0x63, 0x68, 0x20, 0x4D, 0x65, 0x61, 0x6E, 0x20, 0x54, 0x69, 0x6D, 0x65));
					break;
				case 64: 
				if (style == 0) return String(CharArray::of(0xC0, 0x6B, 0xF3, 0x6B, 0xF2, 0x20, 0xCC, 0x6C, 0xE0, 0x20, 0x6F, 0x6F, 0x72, 0xF9, 0x6E, 0x20, 0x47, 0x72, 0x65, 0x65, 0x6E, 0x6C, 0x61, 0x6E, 0x64));
				if (style == 1) return String(CharArray::of(0xC0, 0x6B, 0xF3, 0x6B, 0xF2, 0x20, 0xCC, 0x77, 0x0254, 0x0300, 0x20, 0xCC, 0x66, 0x025B, 0x6E, 0x75, 0x6B, 0xF2, 0x20, 0x6F, 0x6F, 0x72, 0xF9, 0x6E, 0x20, 0x47, 0x72, 0x65, 0x65, 0x6E, 0x6C, 0x61, 0x6E, 0x64));
				if (style == 2) return String(CharArray::of(0xC0, 0x6B, 0xF3, 0x6B, 0xF2, 0x20, 0xEC, 0x67, 0x62, 0xE0, 0x20, 0x4F, 0x6F, 0x72, 0x75, 0x20, 0x47, 0x72, 0x65, 0x65, 0x6E, 0x6C, 0x61, 0x6E, 0x64));
					break;
				case 65: 
				if (style == 0) return String(CharArray::of(0xC0, 0x6B, 0xF3, 0x6B, 0xF2, 0x20, 0xCC, 0x77, 0x0254, 0x0300, 0x20, 0x6F, 0x6F, 0x72, 0xF9, 0x6E, 0x20, 0x47, 0x72, 0x65, 0x65, 0x6E, 0x6C, 0x61, 0x6E, 0x64));
				if (style == 1) return String(CharArray::of(0xC0, 0x6B, 0xF3, 0x6B, 0xF2, 0x20, 0xC0, 0x66, 0x025B, 0x6E, 0x75, 0x6B, 0xF2, 0x20, 0xCC, 0x77, 0x0254, 0x0300, 0x20, 0x4F, 0xF2, 0x72, 0xF9, 0x6E, 0x20, 0x47, 0x72, 0x65, 0x65, 0x6E, 0x6C, 0x61, 0x6E, 0x64));
				if (style == 2) return String(CharArray::of(0xC0, 0x6B, 0xF3, 0x6B, 0xF2, 0x20, 0xC0, 0x66, 0x025B, 0x6E, 0x75, 0x6B, 0xF2, 0x20, 0xCC, 0x67, 0x62, 0x61, 0x20, 0x4F, 0xF2, 0x72, 0x75, 0x20, 0x47, 0x72, 0x65, 0x65, 0x6E, 0x6C, 0x61, 0x6E, 0x64));
					break;
				case 67: 
				if (style == 1) return String(CharArray::of(0xC0, 0x6B, 0xF3, 0x6B, 0xF2, 0x20, 0xC0, 0x66, 0x025B, 0x6E, 0x75, 0x6B, 0xF2, 0x20, 0x47, 0x75, 0x6C, 0x66));
					break;
				case 68: 
				if (style == 1) return String(CharArray::of(0xC0, 0x6B, 0xF3, 0x6B, 0xF2, 0x20, 0x47, 0xFA, 0x79, 0xE0, 0x6E, 0xE0));
					break;
				case 69: 
				if (style == 0) return String(CharArray::of(0xC0, 0x6B, 0xF3, 0x6B, 0xF2, 0x20, 0x48, 0x61, 0x77, 0x61, 0x69, 0x69, 0x2D, 0x41, 0x6C, 0x65, 0x75, 0x74, 0x69, 0x61, 0x6E));
				if (style == 1) return String(CharArray::of(0xC0, 0x6B, 0xF3, 0x6B, 0xF2, 0x20, 0xC0, 0x66, 0x025B, 0x6E, 0x75, 0x6B, 0xF2, 0x20, 0x48, 0x61, 0x77, 0x61, 0x69, 0x69, 0x2D, 0x41, 0x6C, 0x65, 0x75, 0x74, 0x69, 0x61, 0x6E));
				if (style == 2) return String(CharArray::of(0xC0, 0x6B, 0xF3, 0x6B, 0xF2, 0x20, 0x4F, 0x6A, 0xFA, 0x6D, 0x0254, 0x6D, 0x0254, 0x20, 0x48, 0x61, 0x77, 0x61, 0x69, 0x69, 0x2D, 0x41, 0x6C, 0x65, 0x75, 0x74, 0x69, 0x61, 0x6E));
					break;
				case 70: 
				if (style == 0) return String(CharArray::of(0xC0, 0x6B, 0xF3, 0x6B, 0xF2, 0x20, 0x48, 0x6F, 0x6E, 0x67, 0x20, 0x4B, 0x6F, 0x6E, 0x67));
				if (style == 1) return String(CharArray::of(0xC0, 0x6B, 0xF3, 0x6B, 0xF2, 0x20, 0xCC, 0x66, 0x025B, 0x6E, 0x75, 0x6B, 0xF2, 0x73, 0xED, 0x20, 0x48, 0x6F, 0x6E, 0x67, 0x20, 0x4B, 0x6F, 0x6E, 0x67));
				if (style == 2) return String(CharArray::of(0xC0, 0x6B, 0xF3, 0x6B, 0xF2, 0x20, 0x53, 0x0254, 0x6D, 0xE0, 0x20, 0x48, 0x6F, 0x6E, 0x67, 0x20, 0x4B, 0x6F, 0x6E, 0x67));
					break;
				case 71: 
				if (style == 0) return String(CharArray::of(0xC0, 0x6B, 0xF3, 0x6B, 0xF2, 0x20, 0x48, 0x6F, 0x66, 0x69, 0x64, 0x69));
				if (style == 1) return String(CharArray::of(0xC0, 0x6B, 0xF3, 0x6B, 0xF2, 0x20, 0xCC, 0x66, 0x025B, 0x6E, 0x75, 0x6B, 0xF2, 0x73, 0xED, 0x20, 0x48, 0x6F, 0x66, 0x69, 0x64, 0x69));
				if (style == 2) return String(CharArray::of(0xC0, 0x6B, 0xF3, 0x6B, 0xF2, 0x20, 0x53, 0x0254, 0x6D, 0xE0, 0x20, 0x48, 0x6F, 0x66, 0x69, 0x64, 0x69));
					break;
				case 72: 
				if (style == 1) return String(CharArray::of(0xC0, 0x6B, 0xF3, 0x6B, 0xF2, 0x20, 0xC0, 0x66, 0x025B, 0x6E, 0x75, 0x6B, 0xF2, 0x20, 0x49, 0x6E, 0x64, 0x69, 0x61));
					break;
				case 73: 
				if (style == 1) return String(CharArray::of(0xC0, 0x6B, 0xF3, 0x6B, 0xF2, 0x20, 0x45, 0x74, 0xED, 0x6B, 0x75, 0x6E, 0x20, 0xCD, 0x6E, 0x64, 0xED, 0xE0));
					break;
				case 74: 
				if (style == 1) return String(CharArray::of(0xC0, 0x6B, 0xF3, 0x6B, 0xF2, 0x20, 0x49, 0x6E, 0x64, 0x6F, 0x63, 0x68, 0x69, 0x6E, 0x61));
					break;
				case 75: 
				if (style == 1) return String(CharArray::of(0xC0, 0x6B, 0xF3, 0x6B, 0xF2, 0x20, 0xC0, 0xE0, 0x72, 0x69, 0x6E, 0x20, 0x47, 0x62, 0xF9, 0x6E, 0x67, 0x62, 0xF9, 0x6E, 0x20, 0x49, 0x6E, 0x64, 0x6F, 0x6E, 0x65, 0x73, 0x69, 0x61));
					break;
				case 76: 
				if (style == 1) return String(CharArray::of(0xC0, 0x6B, 0xF3, 0x6B, 0xF2, 0x20, 0xCC, 0x6C, 0xE0, 0x20, 0x6F, 0x6F, 0x72, 0xF9, 0x6E, 0x20, 0x49, 0x6E, 0x64, 0x6F, 0x6E, 0x65, 0x73, 0x69, 0x61));
					break;
				case 77: 
				if (style == 1) return String(CharArray::of(0xC0, 0x6B, 0xF3, 0x6B, 0xF2, 0x20, 0xCC, 0x77, 0x0254, 0x0300, 0x20, 0x6F, 0x6F, 0x72, 0xF9, 0x6E, 0x20, 0x49, 0x6E, 0x64, 0x6F, 0x6E, 0x65, 0x73, 0x69, 0x61));
					break;
				case 78: 
				if (style == 0) return String(CharArray::of(0xC0, 0x6B, 0xF3, 0x6B, 0xF2, 0x20, 0x49, 0x72, 0x61, 0x6E, 0x69));
				if (style == 1) return String(CharArray::of(0xC0, 0x6B, 0xF3, 0x6B, 0xF2, 0x20, 0xC0, 0x66, 0x025B, 0x6E, 0x75, 0x6B, 0xF2, 0x20, 0x49, 0x72, 0x61, 0x6E, 0x69));
				if (style == 2) return String(CharArray::of(0xC0, 0x6B, 0xF3, 0x6B, 0xF2, 0x20, 0x4F, 0x6A, 0xFA, 0x6D, 0x0254, 0x6D, 0x0254, 0x20, 0x49, 0x72, 0x61, 0x6E, 0x69));
					break;
				case 79: 
				if (style == 0) return String(CharArray::of(0xC0, 0x6B, 0xF3, 0x6B, 0xF2, 0x20, 0xCD, 0x6B, 0xF3, 0x73, 0xED, 0x6B, 0xEC));
				if (style == 1) return String(CharArray::of(0xC0, 0x6B, 0xF3, 0x6B, 0xF2, 0x20, 0xC0, 0x66, 0x025B, 0x6E, 0x75, 0x6B, 0xF2, 0x20, 0xCD, 0x6B, 0xF3, 0x73, 0xED, 0x6B, 0xEC));
				if (style == 2) return String(CharArray::of(0xC0, 0x6B, 0xF3, 0x6B, 0xF2, 0x20, 0x53, 0x0254, 0x6D, 0xE0, 0x20, 0xCD, 0x6B, 0xFA, 0x73, 0xED, 0x6B, 0xEC));
					break;
				case 80: 
				if (style == 0) return String(CharArray::of(0xC0, 0x6B, 0xF3, 0x6B, 0xF2, 0x20, 0x49, 0x73, 0x72, 0x61, 0x65, 0x6C));
				if (style == 1) return String(CharArray::of(0xC0, 0x6B, 0xF3, 0x6B, 0xF2, 0x20, 0xC0, 0x66, 0x025B, 0x6E, 0x75, 0x6B, 0xF2, 0x20, 0x49, 0x73, 0x72, 0x61, 0x65, 0x6C));
				if (style == 2) return String(CharArray::of(0xC0, 0x6B, 0xF3, 0x6B, 0xF2, 0x20, 0x4F, 0x6A, 0xFA, 0x6D, 0x0254, 0x6D, 0x0254, 0x20, 0x49, 0x73, 0x72, 0x61, 0x65, 0x6C));
					break;
				case 81: 
				if (style == 0) return String(CharArray::of(0xC0, 0x6B, 0xF3, 0x6B, 0xF2, 0x20, 0x4A, 0x61, 0x70, 0x61, 0x6E));
				if (style == 1) return String(CharArray::of(0xC0, 0x6B, 0xF3, 0x6B, 0xF2, 0x20, 0xCC, 0x66, 0x025B, 0x6E, 0x75, 0x6B, 0xF2, 0x73, 0xED, 0x20, 0x4A, 0x61, 0x70, 0x61, 0x6E));
				if (style == 2) return String(CharArray::of(0xC0, 0x6B, 0xF3, 0x6B, 0xF2, 0x20, 0x53, 0x0254, 0x6D, 0xE0, 0x20, 0x4A, 0x61, 0x70, 0x61, 0x6E));
					break;
				case 83: 
				if (style == 1) return String(CharArray::of(0x41, 0x61, 0x67, 0x6F, 0x20, 0x4B, 0x61, 0x73, 0x61, 0x73, 0x69, 0x74, 0xE1, 0xE0, 0x6E, 0xEC));
					break;
				case 84: 
				if (style == 1) return String(CharArray::of(0xC0, 0x6B, 0xF3, 0x6B, 0xF2, 0x20, 0xCC, 0x6C, 0xE0, 0x2D, 0x4F, 0xF2, 0x72, 0xF9, 0x6E, 0x20, 0x4B, 0x61, 0x73, 0x61, 0x73, 0x69, 0x74, 0xE1, 0xE0, 0x6E, 0xEC));
					break;
				case 85: 
				if (style == 1) return String(CharArray::of(0xC0, 0x6B, 0xF3, 0x6B, 0xF2, 0x20, 0xCC, 0x77, 0x0254, 0x0300, 0x2D, 0x4F, 0xF2, 0x72, 0xF9, 0x6E, 0x20, 0x4B, 0x61, 0x73, 0x61, 0x73, 0x69, 0x74, 0xE1, 0xE0, 0x6E, 0xEC));
					break;
				case 86: 
				if (style == 0) return String(CharArray::of(0xC0, 0x6B, 0xF3, 0x6B, 0xF2, 0x20, 0x4B, 0x6F, 0x72, 0x69, 0x61));
				if (style == 1) return String(CharArray::of(0xC0, 0x6B, 0xF3, 0x6B, 0xF2, 0x20, 0xCC, 0x66, 0x025B, 0x6E, 0x75, 0x6B, 0xF2, 0x73, 0xED, 0x20, 0x4B, 0x6F, 0x72, 0x69, 0x61));
				if (style == 2) return String(CharArray::of(0xC0, 0x6B, 0xF3, 0x6B, 0xF2, 0x20, 0x4F, 0x6A, 0xFA, 0x6D, 0x0254, 0x6D, 0x0254, 0x20, 0x4B, 0x6F, 0x72, 0x69, 0x61));
					break;
				case 87: 
				if (style == 1) return String(CharArray::of(0xC0, 0x6B, 0xF3, 0x6B, 0xF2, 0x20, 0x4B, 0x6F, 0x73, 0x69, 0x72, 0x61, 0x69));
					break;
				case 88: 
				if (style == 0) return String(CharArray::of(0xC0, 0x6B, 0xF3, 0x6B, 0xF2, 0x20, 0x4B, 0x72, 0x61, 0x73, 0x69, 0x6E, 0x6F, 0x79, 0x61, 0x73, 0x69, 0x6B, 0x69));
				if (style == 1) return String(CharArray::of(0xC0, 0x6B, 0xF3, 0x6B, 0xF2, 0x20, 0xC0, 0x66, 0x025B, 0x6E, 0x75, 0x6B, 0xF2, 0x20, 0x4B, 0x72, 0x61, 0x73, 0x69, 0x6E, 0x6F, 0x79, 0x61, 0x73, 0x69, 0x6B, 0x69));
				if (style == 2) return String(CharArray::of(0xC0, 0x6B, 0xF3, 0x6B, 0xF2, 0x20, 0x53, 0x0254, 0x6D, 0xE0, 0x20, 0x4B, 0x72, 0x61, 0x73, 0x69, 0x6E, 0x6F, 0x79, 0x61, 0x73, 0x69, 0x6B, 0x69));
					break;
				case 89: 
				if (style == 1) return String(CharArray::of(0xC0, 0x6B, 0xF3, 0x6B, 0xF2, 0x20, 0x4B, 0x69, 0x72, 0x69, 0x67, 0x69, 0x73, 0x69, 0x74, 0x61, 0x61, 0x6E, 0x69));
					break;
				case 91: 
				if (style == 1) return String(CharArray::of(0xC0, 0x6B, 0xF3, 0x6B, 0xF2, 0x20, 0xC0, 0x77, 0x0254, 0x6E, 0x20, 0x45, 0x72, 0x65, 0x6B, 0x75, 0x73, 0x75, 0x20, 0x4C, 0x61, 0x69, 0x6E, 0x69));
					break;
				case 92: 
				if (style == 0) return String(CharArray::of(0xC0, 0x6B, 0xF3, 0x6B, 0xF2, 0x20, 0x4C, 0x6F, 0x72, 0x64, 0x20, 0x48, 0x6F, 0x77, 0x65));
				if (style == 1) return String(CharArray::of(0xC0, 0x6B, 0xF3, 0x6B, 0xF2, 0x20, 0xC0, 0x66, 0x025B, 0x6E, 0x75, 0x6B, 0xF2, 0x20, 0x4C, 0x6F, 0x72, 0x64, 0x20, 0x48, 0x6F, 0x77, 0x65));
				if (style == 2) return String(CharArray::of(0xC0, 0x6B, 0xF3, 0x6B, 0xF2, 0x20, 0x4F, 0x6A, 0xFA, 0x6D, 0x0254, 0x6D, 0x0254, 0x20, 0x4C, 0x6F, 0x72, 0x64, 0x20, 0x48, 0x6F, 0x77, 0x65));
					break;
				case 94: 
				if (style == 0) return String(CharArray::of(0xC0, 0x6B, 0xF3, 0x6B, 0xF2, 0x20, 0x4D, 0x61, 0x67, 0x61, 0x64, 0x61, 0x6E, 0x69));
				if (style == 1) return String(CharArray::of(0xC0, 0x6B, 0xF3, 0x6B, 0xF2, 0x20, 0xC0, 0x66, 0x025B, 0x6E, 0x75, 0x6B, 0xF2, 0x20, 0x4D, 0x61, 0x67, 0x61, 0x64, 0x61, 0x6E, 0x69));
				if (style == 2) return String(CharArray::of(0xC0, 0x6B, 0xF3, 0x6B, 0xF2, 0x20, 0x53, 0x0254, 0x6D, 0xE0, 0x20, 0x4D, 0x61, 0x67, 0x61, 0x64, 0x61, 0x6E, 0x69));
					break;
				case 95: 
				if (style == 1) return String(CharArray::of(0xC0, 0x6B, 0xF3, 0x6B, 0xF2, 0x20, 0x4D, 0x61, 0x6C, 0x61, 0x79, 0x73, 0x69, 0x61));
					break;
				case 96: 
				if (style == 1) return String(CharArray::of(0xC0, 0x6B, 0xF3, 0x6B, 0xF2, 0x20, 0x4D, 0x61, 0x6C, 0x64, 0x69, 0x76, 0x65, 0x73));
					break;
				case 97: 
				if (style == 1) return String(CharArray::of(0xC0, 0x6B, 0xF3, 0x6B, 0xF2, 0x20, 0x4D, 0x61, 0x6B, 0x75, 0x65, 0x73, 0x61, 0x73, 0x69));
					break;
				case 98: 
				if (style == 1) return String(CharArray::of(0xC0, 0x6B, 0xF3, 0x6B, 0xF2, 0x20, 0xC0, 0x77, 0x0254, 0x6E, 0x20, 0x45, 0x72, 0x65, 0x6B, 0x75, 0x73, 0x75, 0x20, 0x4D, 0x61, 0x73, 0x61, 0x61, 0x6C, 0x69));
					break;
				case 99: 
				if (style == 0) return String(CharArray::of(0xC0, 0x6B, 0xF3, 0x6B, 0xF2, 0x20, 0x4D, 0xE1, 0x72, 0xED, 0x73, 0x68, 0xFA, 0x73, 0x68, 0xEC));
				if (style == 1) return String(CharArray::of(0xC0, 0x6B, 0xF3, 0x6B, 0xF2, 0x20, 0xC0, 0x66, 0x025B, 0x6E, 0x75, 0x6B, 0xF2, 0x20, 0x4D, 0xE1, 0x72, 0xED, 0x73, 0x68, 0xFA, 0x73, 0x68, 0xEC));
				if (style == 2) return String(CharArray::of(0xC0, 0x6B, 0xF3, 0x6B, 0xF2, 0x20, 0x4F, 0x6F, 0x72, 0x75, 0x20, 0x4D, 0xE1, 0x72, 0xED, 0x73, 0x68, 0xFA, 0x73, 0x68, 0xEC));
					break;
				case 100: 
				if (style == 1) return String(CharArray::of(0xC0, 0x6B, 0xF3, 0x6B, 0xF2, 0x20, 0x4D, 0x61, 0x77, 0x73, 0x6F, 0x6E));
					break;
				case 101: 
				if (style == 0) return String(CharArray::of(0xC0, 0x6B, 0xF3, 0x6B, 0xF2, 0x20, 0x50, 0xE1, 0x73, 0xED, 0x66, 0xED, 0xEC, 0x6B, 0xEC, 0x20, 0x4D, 0x025B, 0x0301, 0x73, 0x68, 0xED, 0x6B, 0xF2));
				if (style == 1) return String(CharArray::of(0xC0, 0x6B, 0xF3, 0x6B, 0xF2, 0x20, 0xC0, 0x66, 0x025B, 0x6E, 0x75, 0x6B, 0xF2, 0x20, 0x50, 0xE1, 0x73, 0xED, 0x66, 0xED, 0xEC, 0x6B, 0xEC, 0x20, 0x4D, 0x025B, 0x0301, 0x73, 0xED, 0x6B, 0xF2));
				if (style == 2) return String(CharArray::of(0xC0, 0x6B, 0xF3, 0x6B, 0xF2, 0x20, 0x4F, 0x6A, 0xFA, 0x6D, 0x0254, 0x6D, 0x0254, 0x20, 0x50, 0xE1, 0x73, 0xED, 0x66, 0xED, 0xEC, 0x6B, 0xEC, 0x20, 0x4D, 0x025B, 0x0301, 0x73, 0xED, 0x6B, 0xF2));
					break;
				case 102: 
				if (style == 0) return String(CharArray::of(0xC0, 0x6B, 0xF3, 0x6B, 0xF2, 0x20, 0x55, 0x6C, 0x61, 0x61, 0x6E, 0x62, 0x61, 0x61, 0x74, 0x61, 0x72));
				if (style == 1) return String(CharArray::of(0xC0, 0x6B, 0xF3, 0x6B, 0xF2, 0x20, 0xCC, 0x66, 0x025B, 0x6E, 0x75, 0x6B, 0xF2, 0x73, 0xED, 0x20, 0x55, 0x6C, 0x61, 0x61, 0x6E, 0x62, 0x61, 0x61, 0x74, 0x61, 0x72));
				if (style == 2) return String(CharArray::of(0xC0, 0x6B, 0xF3, 0x6B, 0xF2, 0x20, 0x53, 0x0254, 0x6D, 0xE0, 0x20, 0x55, 0x6C, 0x61, 0x61, 0x6E, 0x62, 0x61, 0x61, 0x74, 0x61, 0x72));
					break;
				case 103: 
				if (style == 0) return String(CharArray::of(0xC0, 0x6B, 0xF3, 0x6B, 0xF2, 0x20, 0x4D, 0x6F, 0x73, 0x69, 0x6B, 0x6F));
				if (style == 1) return String(CharArray::of(0xC0, 0x6B, 0xF3, 0x6B, 0xF2, 0x20, 0xC0, 0x66, 0x025B, 0x6E, 0x75, 0x6B, 0xF2, 0x20, 0x4D, 0x6F, 0x73, 0x69, 0x6B, 0x6F));
				if (style == 2) return String(CharArray::of(0xC0, 0x6B, 0xF3, 0x6B, 0xF2, 0x20, 0x53, 0x0254, 0x6D, 0xE0, 0x20, 0x4D, 0x6F, 0x73, 0x69, 0x6B, 0x6F));
					break;
				case 104: 
				if (style == 1) return String(CharArray::of(0xC0, 0x6B, 0xF3, 0x6B, 0xF2, 0x20, 0xCC, 0x6C, 0xE0, 0x20, 0x4D, 0x79, 0x61, 0x6E, 0x6D, 0x61, 0x72));
					break;
				case 105: 
				if (style == 1) return String(CharArray::of(0xC0, 0x6B, 0xF3, 0x6B, 0xF2, 0x20, 0x4E, 0x61, 0x75, 0x72, 0x75));
					break;
				case 106: 
				if (style == 1) return String(CharArray::of(0xC0, 0x6B, 0xF3, 0x6B, 0xF2, 0x20, 0x4E, 0x65, 0x70, 0x61, 0x6C, 0x69));
					break;
				case 107: 
				if (style == 0) return String(CharArray::of(0xC0, 0x6B, 0xF3, 0x6B, 0xF2, 0x20, 0x4B, 0x61, 0x6C, 0x69, 0x64, 0x6F, 0x6E, 0x69, 0x61, 0x20, 0x54, 0x75, 0x6E, 0x74, 0x75, 0x6E));
				if (style == 1) return String(CharArray::of(0xC0, 0x6B, 0xF3, 0x6B, 0xF2, 0x20, 0xC0, 0x66, 0x025B, 0x6E, 0x75, 0x6B, 0xF2, 0x20, 0x4B, 0x61, 0x6C, 0x69, 0x64, 0x6F, 0x6E, 0x69, 0x61, 0x20, 0x54, 0x75, 0x6E, 0x74, 0x75, 0x6E));
				if (style == 2) return String(CharArray::of(0xC0, 0x6B, 0xF3, 0x6B, 0xF2, 0x20, 0x53, 0x0254, 0x6D, 0x61, 0x20, 0x4B, 0x61, 0x6C, 0x69, 0x64, 0x6F, 0x6E, 0x69, 0x61, 0x20, 0x54, 0x75, 0x6E, 0x74, 0x75, 0x6E));
					break;
				case 108: 
				if (style == 0) return String(CharArray::of(0xC0, 0x6B, 0xF3, 0x6B, 0xF2, 0x20, 0x4E, 0x65, 0x77, 0x20, 0x5A, 0x65, 0x61, 0x6C, 0x61, 0x6E, 0x64));
				if (style == 1) return String(CharArray::of(0xC0, 0x6B, 0xF3, 0x6B, 0xF2, 0x20, 0xC0, 0x66, 0x025B, 0x6E, 0x75, 0x6B, 0xF2, 0x20, 0x4E, 0x65, 0x77, 0x20, 0x7A, 0x65, 0x61, 0x6C, 0x61, 0x6E, 0x64));
				if (style == 2) return String(CharArray::of(0xC0, 0x6B, 0xF3, 0x6B, 0xF2, 0x20, 0x4F, 0x6A, 0xFA, 0x6D, 0x0254, 0x6D, 0x0254, 0x20, 0x4E, 0x65, 0x77, 0x20, 0x5A, 0x65, 0x61, 0x6C, 0x61, 0x6E, 0x64));
					break;
				case 109: 
				if (style == 0) return String(CharArray::of(0xC0, 0x6B, 0xF3, 0x6B, 0xF2, 0x20, 0x4E, 0x65, 0x77, 0x66, 0x6F, 0x75, 0x6E, 0x64, 0x6C, 0x61, 0x6E, 0x64));
				if (style == 1) return String(CharArray::of(0xC0, 0x6B, 0xF3, 0x6B, 0xF2, 0x20, 0xC0, 0x66, 0x025B, 0x6E, 0x75, 0x6B, 0xF2, 0x20, 0x4E, 0x65, 0x77, 0x66, 0x6F, 0x75, 0x6E, 0x64, 0x6C, 0x61, 0x6E, 0x64));
				if (style == 2) return String(CharArray::of(0xC0, 0x6B, 0xF3, 0x6B, 0xF2, 0x20, 0x4F, 0x6A, 0xFA, 0x6D, 0x0254, 0x6D, 0x0254, 0x20, 0x4E, 0x65, 0x77, 0x66, 0x6F, 0x75, 0x6E, 0x64, 0x6C, 0x61, 0x6E, 0x64));
					break;
				case 110: 
				if (style == 1) return String(CharArray::of(0xC0, 0x6B, 0xF3, 0x6B, 0xF2, 0x20, 0x4E, 0x69, 0x75, 0x65));
					break;
				case 111: 
				if (style == 0) return String(CharArray::of(0xC0, 0x6B, 0xF3, 0x6B, 0xF2, 0x20, 0x45, 0x72, 0xE9, 0x6B, 0xF9, 0x73, 0xF9, 0x20, 0x4E, 0x6F, 0x72, 0x66, 0x6F, 0x6C, 0x6B));
				if (style == 1) return String(CharArray::of(0xC0, 0x6B, 0xF3, 0x6B, 0xF2, 0x20, 0xC0, 0x66, 0x025B, 0x6E, 0x75, 0x6B, 0xF2, 0x20, 0x45, 0x72, 0xE9, 0x6B, 0xF9, 0x73, 0xF9, 0x20, 0x4E, 0x6F, 0x72, 0x66, 0x6F, 0x6C, 0x6B));
				if (style == 2) return String(CharArray::of(0xC0, 0x6B, 0xF3, 0x6B, 0xF2, 0x20, 0x4F, 0x6A, 0xFA, 0x6D, 0x0254, 0x6D, 0x0254, 0x20, 0x45, 0x72, 0xE9, 0x6B, 0xF9, 0x73, 0xF9, 0x20, 0x4E, 0x6F, 0x72, 0x66, 0x6F, 0x6C, 0x6B));
					break;
				case 112: 
				if (style == 0) return String(CharArray::of(0x41, 0x61, 0x67, 0x6F, 0x20, 0x46, 0x65, 0x6E, 0x61, 0x6E, 0x64, 0x6F, 0x20, 0x64, 0x65, 0x20, 0x4E, 0x6F, 0x72, 0x6F, 0x6E, 0x61));
				if (style == 1) return String(CharArray::of(0x41, 0x61, 0x67, 0x6F, 0x20, 0xE0, 0x73, 0xEC, 0x6B, 0xF2, 0x20, 0x46, 0x65, 0x6E, 0x61, 0x6E, 0x64, 0x6F, 0x20, 0x64, 0x65, 0x20, 0x4E, 0x6F, 0x72, 0x6F, 0x6E, 0x61));
				if (style == 2) return String(CharArray::of(0x41, 0x61, 0x67, 0x6F, 0x20, 0x53, 0x6F, 0x6D, 0x61, 0x20, 0x46, 0x65, 0x72, 0x6E, 0x61, 0x6E, 0x64, 0x6F, 0x20, 0x64, 0x65, 0x20, 0x4E, 0x6F, 0x72, 0x6F, 0x6E, 0x68, 0x61));
					break;
				case 114: 
				if (style == 0) return String(CharArray::of(0xC0, 0x6B, 0xF3, 0x6B, 0xF2, 0x20, 0x4E, 0x6F, 0x66, 0x6F, 0x73, 0x69, 0x62, 0x69, 0x72, 0x69, 0x73, 0x6B, 0x69));
				if (style == 1) return String(CharArray::of(0xC0, 0x6B, 0xF3, 0x6B, 0xF2, 0x20, 0xC0, 0x66, 0x025B, 0x6E, 0x75, 0x6B, 0xF2, 0x20, 0x4E, 0x6F, 0x66, 0x6F, 0x73, 0x69, 0x62, 0x69, 0x72, 0x69, 0x6B, 0x69));
				if (style == 2) return String(CharArray::of(0xC0, 0x6B, 0xF3, 0x6B, 0xF2, 0x20, 0x53, 0x0254, 0x6D, 0xE0, 0x20, 0x4E, 0x6F, 0x66, 0x6F, 0x72, 0x69, 0x62, 0x69, 0x73, 0x69, 0x6B, 0x69));
					break;
				case 115: 
				if (style == 0) return String(CharArray::of(0xC0, 0x6B, 0xF3, 0x6B, 0xF2, 0x20, 0x4F, 0x6D, 0x69, 0x73, 0x69, 0x6B, 0x69));
				if (style == 1) return String(CharArray::of(0xC0, 0x6B, 0xF3, 0x6B, 0xF2, 0x20, 0xC0, 0x66, 0x025B, 0x6E, 0x75, 0x6B, 0xF2, 0x20, 0x4F, 0x6D, 0x69, 0x73, 0x69, 0x6B, 0x69));
				if (style == 2) return String(CharArray::of(0xC0, 0x6B, 0xF3, 0x6B, 0xF2, 0x20, 0x53, 0x0254, 0x6D, 0xE0, 0x20, 0x4F, 0x6D, 0x69, 0x73, 0x69, 0x6B, 0x69));
					break;
				case 116: 
				if (style == 0) return String(CharArray::of(0xC0, 0x6B, 0xF3, 0x6B, 0xF2, 0x20, 0x50, 0x61, 0x6B, 0x69, 0x73, 0x74, 0x61, 0x6E, 0x69));
				if (style == 1) return String(CharArray::of(0xC0, 0x6B, 0xF3, 0x6B, 0xF2, 0x20, 0xC0, 0x66, 0x025B, 0x6E, 0x75, 0x6B, 0xF2, 0x20, 0x50, 0x61, 0x6B, 0x69, 0x73, 0x74, 0x61, 0x6E, 0x69));
				if (style == 2) return String(CharArray::of(0xC0, 0x6B, 0xF3, 0x6B, 0xF2, 0x20, 0x53, 0x0254, 0x6D, 0xE0, 0x20, 0x50, 0x61, 0x6B, 0x69, 0x73, 0x74, 0x61, 0x6E, 0x69));
					break;
				case 117: 
				if (style == 1) return String(CharArray::of(0xC0, 0x6B, 0xF3, 0x6B, 0xF2, 0x20, 0x50, 0x61, 0x6C, 0x61, 0x75));
					break;
				case 118: 
				if (style == 1) return String(CharArray::of(0xC0, 0x6B, 0xF3, 0x6B, 0xF2, 0x20, 0x50, 0x61, 0x70, 0x75, 0x61, 0x20, 0x4E, 0x65, 0x77, 0x20, 0x47, 0x75, 0x69, 0x6E, 0x65, 0x61));
					break;
				case 119: 
				if (style == 0) return String(CharArray::of(0xC0, 0x6B, 0xF3, 0x6B, 0xF2, 0x20, 0x50, 0xE1, 0x72, 0xE1, 0x67, 0xFA, 0x77, 0xE8));
				if (style == 1) return String(CharArray::of(0xC0, 0x6B, 0xF3, 0x6B, 0xF2, 0x20, 0xC0, 0x66, 0x025B, 0x6E, 0x75, 0x6B, 0xF2, 0x20, 0x50, 0xE1, 0x72, 0xE1, 0x67, 0xFA, 0x77, 0xE8));
				if (style == 2) return String(CharArray::of(0xC0, 0x6B, 0xF3, 0x6B, 0xF2, 0x20, 0x4F, 0x6F, 0x72, 0x75, 0x20, 0x50, 0xE1, 0x72, 0xE1, 0x67, 0xFA, 0x77, 0xE8));
					break;
				case 120: 
				if (style == 0) return String(CharArray::of(0xC0, 0x6B, 0xF3, 0x6B, 0xF2, 0x20, 0x50, 0xE9, 0x72, 0xF9));
				if (style == 1) return String(CharArray::of(0xC0, 0x6B, 0xF3, 0x6B, 0xF2, 0x20, 0xC0, 0x66, 0x025B, 0x6E, 0x75, 0x6B, 0xF2, 0x20, 0x50, 0xE9, 0x72, 0xF9));
				if (style == 2) return String(CharArray::of(0xC0, 0x6B, 0xF3, 0x6B, 0xF2, 0x20, 0x4F, 0x6F, 0x72, 0x75, 0x20, 0x50, 0xE9, 0x72, 0xF9));
					break;
				case 121: 
				if (style == 0) return String(CharArray::of(0xC0, 0x6B, 0xF3, 0x6B, 0xF2, 0x20, 0x46, 0x69, 0x6C, 0x69, 0x70, 0x69, 0x6E, 0x69, 0x6E, 0x6E, 0x69));
				if (style == 1) return String(CharArray::of(0xC0, 0x6B, 0xF3, 0x6B, 0xF2, 0x20, 0xC0, 0x66, 0x025B, 0x6E, 0x75, 0x6B, 0xF2, 0x20, 0x46, 0x69, 0x6C, 0x69, 0x70, 0x69, 0x6E, 0x69, 0x6E, 0x6E, 0x69));
				if (style == 2) return String(CharArray::of(0xC0, 0x6B, 0xF3, 0x6B, 0xF2, 0x20, 0x53, 0x0254, 0x6D, 0xE0, 0x20, 0x46, 0x69, 0x6C, 0x69, 0x70, 0x69, 0x6E, 0x69, 0x6E, 0x6E, 0x69));
					break;
				case 122: 
				if (style == 1) return String(CharArray::of(0xC0, 0x6B, 0xF3, 0x6B, 0xF2, 0x20, 0xC0, 0x77, 0x0254, 0x6E, 0x20, 0x45, 0x72, 0xE9, 0x6B, 0xF9, 0x73, 0xF9, 0x20, 0x50, 0x68, 0x6F, 0x65, 0x6E, 0x69, 0x78));
					break;
				case 123: 
				if (style == 0) return String(CharArray::of(0xC0, 0x6B, 0xF3, 0x6B, 0xF2, 0x20, 0x50, 0x69, 0x65, 0x72, 0x72, 0x65, 0x20, 0x26, 0x20, 0x4D, 0x69, 0x71, 0x75, 0x65, 0x6C, 0x6F, 0x6E));
				if (style == 1) return String(CharArray::of(0xC0, 0x6B, 0xF3, 0x6B, 0xF2, 0x20, 0xC0, 0x66, 0x025B, 0x6E, 0x75, 0x6B, 0xF2, 0x20, 0x50, 0x69, 0x65, 0x72, 0x72, 0x65, 0x20, 0x26, 0x20, 0x4D, 0x69, 0x71, 0x75, 0x65, 0x6C, 0x6F, 0x6E));
				if (style == 2) return String(CharArray::of(0xC0, 0x6B, 0xF3, 0x6B, 0xF2, 0x20, 0x4F, 0x6A, 0xFA, 0x6D, 0x0254, 0x6D, 0x0254, 0x20, 0x50, 0x69, 0x65, 0x72, 0x72, 0x65, 0x20, 0x26, 0x20, 0x4D, 0x69, 0x71, 0x75, 0x65, 0x6C, 0x6F, 0x6E));
					break;
				case 124: 
				if (style == 1) return String(CharArray::of(0xC0, 0x6B, 0xF3, 0x6B, 0xF2, 0x20, 0x50, 0x69, 0x74, 0x63, 0x61, 0x69, 0x72, 0x6E));
					break;
				case 125: 
				if (style == 1) return String(CharArray::of(0xC0, 0x6B, 0xF3, 0x6B, 0xF2, 0x20, 0x50, 0x6F, 0x6E, 0x61, 0x70, 0x65));
					break;
				case 126: 
				if (style == 1) return String(CharArray::of(0xC0, 0x6B, 0xF3, 0x6B, 0xF2, 0x20, 0x50, 0x79, 0x6F, 0x6E, 0x67, 0x79, 0x61, 0x6E, 0x67, 0x69));
					break;
				case 128: 
				if (style == 1) return String(CharArray::of(0xC0, 0x6B, 0xF3, 0x6B, 0xF2, 0x20, 0x52, 0x025B, 0x0301, 0x79, 0xFA, 0x6E, 0xED, 0x0254, 0x0301, 0x6E, 0xEC));
					break;
				case 129: 
				if (style == 1) return String(CharArray::of(0xC0, 0x6B, 0xF3, 0x6B, 0xF2, 0x20, 0x52, 0x6F, 0x74, 0x68, 0x65, 0x72, 0x61));
					break;
				case 130: 
				if (style == 0) return String(CharArray::of(0xC0, 0x6B, 0xF3, 0x6B, 0xF2, 0x20, 0x53, 0x61, 0x6B, 0x68, 0x61, 0x6C, 0x69, 0x6E));
				if (style == 1) return String(CharArray::of(0xC0, 0x6B, 0xF3, 0x6B, 0xF2, 0x20, 0xC0, 0x66, 0x025B, 0x6E, 0x75, 0x6B, 0xF2, 0x20, 0x53, 0x61, 0x6B, 0x68, 0x61, 0x6C, 0x69, 0x6E));
				if (style == 2) return String(CharArray::of(0xC0, 0x6B, 0xF3, 0x6B, 0xF2, 0x20, 0x53, 0x0254, 0x6D, 0xE0, 0x20, 0x53, 0x61, 0x6B, 0x68, 0x61, 0x6C, 0x69, 0x6E));
					break;
				case 132: 
				if (style == 0) return String(CharArray::of(0xC0, 0x6B, 0xF3, 0x6B, 0xF2, 0x20, 0x53, 0x61, 0x6D, 0x6F, 0x61));
				if (style == 1) return String(CharArray::of(0xC0, 0x6B, 0xF3, 0x6B, 0xF2, 0x20, 0xC0, 0x66, 0x025B, 0x6E, 0x75, 0x6B, 0xF2, 0x20, 0x53, 0x61, 0x6D, 0x6F, 0x61));
				if (style == 2) return String(CharArray::of(0xC0, 0x6B, 0xF3, 0x6B, 0xF2, 0x20, 0x4F, 0x6A, 0xFA, 0x6D, 0x0254, 0x6D, 0x0254, 0x20, 0x53, 0x61, 0x6D, 0x6F, 0x61));
					break;
				case 133: 
				if (style == 1) return String(CharArray::of(0xC0, 0x6B, 0xF3, 0x6B, 0xF2, 0x20, 0x53, 0xE8, 0x73, 0x68, 0x025B, 0x0301, 0x025B, 0x0300, 0x6C, 0xEC));
					break;
				case 134: 
				if (style == 1) return String(CharArray::of(0xC0, 0x6B, 0xF3, 0x6B, 0xF2, 0x20, 0xC0, 0x66, 0x025B, 0x6E, 0x75, 0x6B, 0xF2, 0x20, 0x53, 0x69, 0x6E, 0x67, 0x61, 0x70, 0x6F, 0x72, 0x65));
					break;
				case 135: 
				if (style == 1) return String(CharArray::of(0xC0, 0x6B, 0xF3, 0x6B, 0xF2, 0x20, 0xC0, 0x77, 0x0254, 0x6E, 0x20, 0x45, 0x72, 0x65, 0x6B, 0x75, 0x73, 0x75, 0x20, 0x53, 0x6F, 0x6C, 0x6F, 0x6D, 0x6F, 0x6E));
					break;
				case 136: 
				if (style == 1) return String(CharArray::of(0xC0, 0x6B, 0xF3, 0x6B, 0xF2, 0x20, 0x47, 0xFA, 0x73, 0xF9, 0x20, 0x4A, 0x0254, 0x0301, 0x6A, 0xED, 0xE0));
					break;
				case 137: 
				if (style == 1) return String(CharArray::of(0xC0, 0x6B, 0xF3, 0x6B, 0xF2, 0x20, 0x53, 0xFA, 0x72, 0xED, 0x6E, 0xE1, 0x6D, 0xF9));
					break;
				case 138: 
				if (style == 1) return String(CharArray::of(0xC0, 0x6B, 0xF3, 0x6B, 0xF2, 0x20, 0x53, 0x79, 0x6F, 0x77, 0x61));
					break;
				case 139: 
				if (style == 1) return String(CharArray::of(0xC0, 0x6B, 0xF3, 0x6B, 0xF2, 0x20, 0x54, 0x61, 0x68, 0x69, 0x74, 0x69));
					break;
				case 140: 
				if (style == 0) return String(CharArray::of(0xC0, 0x6B, 0xF3, 0x6B, 0xF2, 0x20, 0x54, 0x61, 0x69, 0x70, 0x65, 0x69));
				if (style == 1) return String(CharArray::of(0xC0, 0x6B, 0xF3, 0x6B, 0xF2, 0x20, 0xCC, 0x66, 0x025B, 0x6E, 0x75, 0x6B, 0xF2, 0x73, 0xED, 0x20, 0x54, 0x61, 0x69, 0x70, 0x65, 0x69));
				if (style == 2) return String(CharArray::of(0xC0, 0x6B, 0xF3, 0x6B, 0xF2, 0x20, 0x4F, 0x6A, 0xFA, 0x6D, 0x0254, 0x6D, 0x0254, 0x20, 0x54, 0x61, 0x69, 0x70, 0x65, 0x69));
					break;
				case 141: 
				if (style == 1) return String(CharArray::of(0xC0, 0x6B, 0xF3, 0x6B, 0xF2, 0x20, 0x54, 0x61, 0x6A, 0x69, 0x6B, 0x69, 0x73, 0x69, 0x74, 0x61, 0x61, 0x6E, 0x69));
					break;
				case 142: 
				if (style == 1) return String(CharArray::of(0xC0, 0x6B, 0xF3, 0x6B, 0xF2, 0x20, 0x54, 0x6F, 0x6B, 0x65, 0x6C, 0x61, 0x75));
					break;
				case 143: 
				if (style == 0) return String(CharArray::of(0xC0, 0x6B, 0xF3, 0x6B, 0xF2, 0x20, 0x54, 0x6F, 0x6E, 0x67, 0x61));
				if (style == 1) return String(CharArray::of(0xC0, 0x6B, 0xF3, 0x6B, 0xF2, 0x20, 0xC0, 0x66, 0x025B, 0x6E, 0x75, 0x6B, 0xF2, 0x20, 0x54, 0x6F, 0x6E, 0x67, 0x61));
				if (style == 2) return String(CharArray::of(0xC0, 0x6B, 0xF3, 0x6B, 0xF2, 0x20, 0x53, 0x0254, 0x6D, 0xE0, 0x20, 0x54, 0x6F, 0x6E, 0x67, 0x61));
					break;
				case 144: 
				if (style == 1) return String(CharArray::of(0xC0, 0x6B, 0xF3, 0x6B, 0xF2, 0x20, 0x43, 0x68, 0x75, 0x75, 0x6B));
					break;
				case 145: 
				if (style == 0) return String(CharArray::of(0xC0, 0x6B, 0xF3, 0x6B, 0xF2, 0x20, 0x54, 0x75, 0x72, 0x6B, 0x69, 0x6D, 0x65, 0x6E, 0x69, 0x73, 0x74, 0x61, 0x6E, 0x69));
				if (style == 1) return String(CharArray::of(0xC0, 0x6B, 0xF3, 0x6B, 0xF2, 0x20, 0xC0, 0x66, 0x025B, 0x6E, 0x75, 0x6B, 0xF2, 0x20, 0x54, 0x75, 0x72, 0x6B, 0x69, 0x6D, 0x65, 0x6E, 0x69, 0x73, 0x74, 0x61, 0x6E, 0x69));
				if (style == 2) return String(CharArray::of(0xC0, 0x6B, 0xF3, 0x6B, 0xF2, 0x20, 0x53, 0x0254, 0x6D, 0xE0, 0x20, 0x54, 0x75, 0x72, 0x6B, 0x6D, 0x65, 0x6E, 0x69, 0x73, 0x74, 0x61, 0x6E, 0x69));
					break;
				case 146: 
				if (style == 1) return String(CharArray::of(0xC0, 0x6B, 0xF3, 0x6B, 0xF2, 0x20, 0x54, 0x75, 0x66, 0x61, 0x6C, 0x75));
					break;
				case 147: 
				if (style == 0) return String(CharArray::of(0x41, 0x61, 0x67, 0x6F, 0x20, 0x55, 0x72, 0x75, 0x67, 0x75, 0x61, 0x79));
				if (style == 1) return String(CharArray::of(0xC0, 0x6B, 0xF3, 0x6B, 0xF2, 0x20, 0xC0, 0x66, 0x025B, 0x6E, 0x75, 0x6B, 0xF2, 0x20, 0xDA, 0x72, 0xFA, 0x67, 0xFA, 0x77, 0xE8));
				if (style == 2) return String(CharArray::of(0x41, 0x61, 0x67, 0x6F, 0x20, 0x53, 0x6F, 0x6D, 0x61, 0x20, 0x55, 0x72, 0x75, 0x67, 0x75, 0x61, 0x79));
					break;
				case 148: 
				if (style == 0) return String(CharArray::of(0xC0, 0x6B, 0xF3, 0x6B, 0xF2, 0x20, 0x55, 0x73, 0x69, 0x62, 0x65, 0x6B, 0x69, 0x73, 0x74, 0x61, 0x6E, 0x69));
				if (style == 1) return String(CharArray::of(0xC0, 0x6B, 0xF3, 0x6B, 0xF2, 0x20, 0xC0, 0x66, 0x025B, 0x6E, 0x75, 0x6B, 0xF2, 0x20, 0x55, 0x73, 0x69, 0x62, 0x65, 0x6B, 0x69, 0x73, 0x74, 0x61, 0x6E, 0x69));
				if (style == 2) return String(CharArray::of(0xC0, 0x6B, 0xF3, 0x6B, 0xF2, 0x20, 0x53, 0x0254, 0x6D, 0xE0, 0x20, 0x55, 0x73, 0x69, 0x62, 0x65, 0x6B, 0x69, 0x73, 0x74, 0x61, 0x6E, 0x69));
					break;
				case 149: 
				if (style == 0) return String(CharArray::of(0xC0, 0x6B, 0xF3, 0x6B, 0xF2, 0x20, 0x46, 0x61, 0x6E, 0x75, 0x61, 0x74, 0x75));
				if (style == 1) return String(CharArray::of(0xC0, 0x6B, 0xF3, 0x6B, 0xF2, 0x20, 0xC0, 0x66, 0x025B, 0x6E, 0x75, 0x6B, 0xF2, 0x20, 0x46, 0x61, 0x6E, 0x75, 0x61, 0x74, 0x75));
				if (style == 2) return String(CharArray::of(0xC0, 0x6B, 0xF3, 0x6B, 0xF2, 0x20, 0x53, 0x0254, 0x6D, 0xE0, 0x20, 0x46, 0x61, 0x6E, 0x75, 0x61, 0x74, 0x75));
					break;
				case 150: 
				if (style == 1) return String(CharArray::of(0x41, 0x61, 0x67, 0x6F, 0x20, 0x56, 0x65, 0x6E, 0x65, 0x7A, 0x75, 0x65, 0x6C, 0x61));
					break;
				case 151: 
				if (style == 0) return String(CharArray::of(0xC0, 0x6B, 0xF3, 0x6B, 0xF2, 0x20, 0x46, 0x69, 0x6C, 0x61, 0x64, 0x69, 0x66, 0x6F, 0x73, 0x69, 0x74, 0x6F, 0x6B, 0x69));
				if (style == 1) return String(CharArray::of(0xC0, 0x6B, 0xF3, 0x6B, 0xF2, 0x20, 0xC0, 0x66, 0x025B, 0x6E, 0x75, 0x6B, 0xF2, 0x20, 0x46, 0x69, 0x6C, 0x61, 0x64, 0x69, 0x66, 0x6F, 0x73, 0x69, 0x74, 0x6F, 0x6B, 0x69));
				if (style == 2) return String(CharArray::of(0xC0, 0x6B, 0xF3, 0x6B, 0xF2, 0x20, 0x53, 0x0254, 0x6D, 0xE0, 0x20, 0x46, 0x69, 0x6C, 0x61, 0x64, 0x69, 0x66, 0x6F, 0x73, 0x69, 0x74, 0x6F, 0x6B, 0x69));
					break;
				case 152: 
				if (style == 0) return String(CharArray::of(0xC0, 0x6B, 0xF3, 0x6B, 0xF2, 0x20, 0x46, 0x6F, 0x6C, 0x69, 0x67, 0x6F, 0x67, 0x69, 0x72, 0x61, 0x64, 0x69));
				if (style == 1) return String(CharArray::of(0xC0, 0x6B, 0xF3, 0x6B, 0xF2, 0x20, 0xC0, 0x66, 0x025B, 0x6E, 0x75, 0x6B, 0xF2, 0x20, 0x46, 0x6F, 0x6C, 0x69, 0x67, 0x6F, 0x67, 0x69, 0x72, 0x61, 0x64, 0x69));
				if (style == 2) return String(CharArray::of(0xC0, 0x6B, 0xF3, 0x6B, 0xF2, 0x20, 0x53, 0x0254, 0x6D, 0xE0, 0x20, 0x46, 0x6F, 0x6C, 0x69, 0x67, 0x6F, 0x67, 0x69, 0x72, 0x61, 0x64, 0x69));
					break;
				case 153: 
				if (style == 1) return String(CharArray::of(0xC0, 0x6B, 0xF3, 0x6B, 0xF2, 0x20, 0x56, 0x6F, 0x73, 0x74, 0x6F, 0x6B));
					break;
				case 154: 
				if (style == 1) return String(CharArray::of(0xC0, 0x6B, 0xF3, 0x6B, 0xF2, 0x20, 0x45, 0x72, 0xE9, 0x6B, 0xF9, 0x73, 0xF9, 0x20, 0x57, 0x61, 0x6B, 0x65));
					break;
				case 155: 
				if (style == 1) return String(CharArray::of(0xC0, 0x6B, 0xF3, 0x6B, 0xF2, 0x20, 0x57, 0x61, 0x6C, 0x6C, 0x69, 0x73, 0x20, 0x26, 0x20, 0x46, 0x75, 0x74, 0x75, 0x69, 0x6E, 0x61));
					break;
				case 156: 
				if (style == 0) return String(CharArray::of(0xC0, 0x6B, 0xF3, 0x6B, 0xF2, 0x20, 0x59, 0x61, 0x74, 0x75, 0x74, 0x73, 0x6B));
				if (style == 1) return String(CharArray::of(0xC0, 0x6B, 0xF3, 0x6B, 0xF2, 0x20, 0xC0, 0x66, 0x025B, 0x6E, 0x75, 0x6B, 0xF2, 0x20, 0x59, 0x61, 0x74, 0x75, 0x74, 0x73, 0x6B));
				if (style == 2) return String(CharArray::of(0xC0, 0x6B, 0xF3, 0x6B, 0xF2, 0x20, 0x53, 0x0254, 0x6D, 0xE0, 0x20, 0x59, 0x61, 0x74, 0x75, 0x74, 0x73, 0x6B));
					break;
				case 157: 
				if (style == 0) return String(CharArray::of(0xC0, 0x6B, 0xF3, 0x6B, 0xF2, 0x20, 0x59, 0x65, 0x6B, 0x61, 0x74, 0x65, 0x72, 0x69, 0x6E, 0x62, 0x75, 0x72, 0x67));
				if (style == 1) return String(CharArray::of(0xC0, 0x6B, 0xF3, 0x6B, 0xF2, 0x20, 0xC0, 0x66, 0x025B, 0x6E, 0x75, 0x6B, 0xF2, 0x20, 0x59, 0x65, 0x6B, 0x61, 0x74, 0x65, 0x72, 0x69, 0x6E, 0x62, 0x75, 0x72, 0x67));
				if (style == 2) return String(CharArray::of(0xC0, 0x6B, 0xF3, 0x6B, 0xF2, 0x20, 0x53, 0x0254, 0x6D, 0xE0, 0x20, 0x59, 0x65, 0x6B, 0x61, 0x74, 0x65, 0x72, 0x69, 0x6E, 0x62, 0x75, 0x72, 0x67));
					break;
				case 158: 
				if (style == 1) return String(CharArray::of(0xC0, 0x6B, 0xF3, 0x6B, 0xF2, 0x20, 0x59, 0xFA, 0x6B, 0x0254, 0x0301, 0x6E, 0xEC));
					break;
            default: break;
            }
            return String();
        }
        
        String Yo_Bj::timezonePattern(gint type) const {
            switch(type){
				case 1: return String(CharArray::of(0x57, 0x41, 0x54, 0x7B, 0x30, 0x7D));
				case 2: return String(CharArray::of(0x57, 0x41, 0x54));
				case 3: return String(CharArray::of(0xCC, 0x67, 0x62, 0xE0, 0x20, 0x7B, 0x30, 0x7D));
            default: break;
            }
            return String();
        }
    }
}
        