
#include "yrl.h"
#include <core/StringArray.h>


// :::::::::::::::::::::::::::::::::::::::::::::::::::::::::::::::::::::::::::::::::::::::::::::::::
// This file has been Generated by CldrGen.py
// :::::::::::::::::::::::::::::::::::::::::::::::::::::::::::::::::::::::::::::::::::::::::::::::::


namespace core {
    using namespace util;
    namespace locales {
        
        String Yrl::displayLanguage(gint language, gint script, gint region) const {
            switch(language) {
				case 0: return String(CharArray::of(0x61, 0x66, 0x61, 0x72, 0x69));
				case 1: return String(CharArray::of(0x61, 0x62, 0x69, 0x6B, 0x61, 0x73, 0x69, 0x79, 0x75));
				case 2: return String(CharArray::of(0x61, 0x78, 0x65, 0x6D, 0x69));
				case 3: return String(CharArray::of(0x61, 0x6B, 0x75, 0x72, 0x69));
				case 4: return String(CharArray::of(0x61, 0x64, 0xE3, 0x67, 0x69, 0x6D, 0x65));
				case 5: return String(CharArray::of(0x61, 0x64, 0x69, 0x67, 0x65));
				case 6: return String(CharArray::of(0x61, 0x77, 0x65, 0x73, 0x69, 0x74, 0x69, 0x6B, 0x75));
				case 8: return String(CharArray::of(0x61, 0x66, 0x69, 0x72, 0x69, 0x0137, 0xE3, 0x6E, 0x65, 0x72));
				case 9: return String(CharArray::of(0x61, 0x66, 0x69, 0x72, 0x69, 0x68, 0x69, 0x72, 0x69));
				case 10: return String(CharArray::of(0x61, 0x67, 0x1EBD));
				case 11: return String(CharArray::of(0x61, 0x69, 0x6E, 0xFA));
				case 13: return String(CharArray::of(0x61, 0x6B, 0xE3));
				case 14: return String(CharArray::of(0x61, 0x6B, 0x61, 0x64, 0x69, 0xE3, 0x6E, 0x75));
				case 16: return String(CharArray::of(0x61, 0x72, 0x65, 0xFA, 0x74, 0x69));
				case 18: return String(CharArray::of(0x61, 0x75, 0x74, 0x61, 0x69, 0x20, 0x6D, 0x65, 0x72, 0x69, 0x64, 0x69, 0x75, 0x6E, 0x61, 0x75));
				case 19: return String(CharArray::of(0x61, 0x6D, 0xE1, 0x72, 0x69, 0x6B, 0x75));
				case 20: return String(CharArray::of(0x61, 0x72, 0x61, 0x67, 0x75, 0x6E, 0x1EBD, 0x69));
				case 21: return String(CharArray::of(0x1EBD, 0x67, 0x69, 0x72, 0x69, 0x78, 0x69, 0x20, 0x61, 0x72, 0x6B, 0x61, 0x69, 0x6B, 0x75));
				case 23: return String(CharArray::of(0xE3, 0x79, 0x69, 0x6B, 0x61));
				case 25: 
					if (region == 0) return String(CharArray::of(0x61, 0x72, 0x61, 0x62, 0x69, 0x20, 0x6D, 0x75, 0x64, 0x65, 0x72, 0x6E, 0x75));
					return String(CharArray::of(0x61, 0x72, 0x61, 0x62, 0x69));
				case 26: return String(CharArray::of(0x61, 0x72, 0x61, 0x6D, 0x61, 0x69, 0x6B, 0x75));
				case 27: return String(CharArray::of(0x6D, 0x61, 0x70, 0x75, 0x64, 0x0169, 0x67, 0x0169));
				case 29: return String(CharArray::of(0x61, 0x72, 0x61, 0x70, 0x61, 0x72, 0x75));
				case 31: return String(CharArray::of(0x61, 0x72, 0x61, 0x62, 0x69, 0x20, 0x6E, 0x65, 0x67, 0x65, 0x64, 0x65));
				case 32: return String(CharArray::of(0x61, 0x72, 0x61, 0x77, 0x61, 0x6B, 0x69));
				case 35: return String(CharArray::of(0x61, 0x73, 0x61, 0x6D, 0x65, 0x69));
				case 36: return String(CharArray::of(0x61, 0x73, 0x75));
				case 38: return String(CharArray::of(0x61, 0x73, 0x69, 0x74, 0x75, 0x72, 0x69, 0x61, 0x6E, 0x75));
				case 40: return String(CharArray::of(0x61, 0x77, 0x61, 0x72, 0x69, 0x6B, 0x75));
				case 42: return String(CharArray::of(0x61, 0x77, 0x61, 0x64, 0x69));
				case 43: return String(CharArray::of(0x61, 0x69, 0x6D, 0x61, 0x72, 0xE1));
				case 44: 
					if (script == 4) return String(CharArray::of(0x61, 0x73, 0x65, 0x72, 0x69, 0x20, 0x73, 0xFA));
					return String(CharArray::of(0x61, 0x73, 0x65, 0x72, 0x62, 0x61, 0x79, 0x61, 0x6E, 0x75));
				case 45: return String(CharArray::of(0x62, 0x61, 0x78, 0x69, 0x6B, 0x69, 0x72, 0x69));
				case 46: return String(CharArray::of(0x62, 0x61, 0x72, 0xFA, 0x78, 0x69));
				case 47: return String(CharArray::of(0x62, 0x61, 0x72, 0x69, 0x6E, 0x65, 0x69));
				case 49: return String(CharArray::of(0x62, 0x61, 0x73, 0x61));
				case 50: return String(CharArray::of(0x62, 0x61, 0x6D, 0x0169));
				case 52: return String(CharArray::of(0x67, 0x75, 0x6D, 0x61, 0x72, 0x61));
				case 53: return String(CharArray::of(0x62, 0x69, 0x65, 0x72, 0x75, 0x72, 0x75, 0x73, 0x75));
				case 54: return String(CharArray::of(0x62, 0x65, 0x79, 0x61));
				case 55: return String(CharArray::of(0x62, 0x1EBD, 0x62, 0x61));
				case 57: return String(CharArray::of(0x62, 0x65, 0x6E, 0x61));
				case 58: return String(CharArray::of(0x62, 0x61, 0x66, 0x75, 0x74, 0x69));
				case 60: return String(CharArray::of(0x62, 0xFA, 0x67, 0x61, 0x72, 0x75));
				case 62: return String(CharArray::of(0x62, 0x61, 0x72, 0x75, 0x78, 0x69, 0x20, 0x75, 0x73, 0x69, 0x64, 0x1EBD, 0x74, 0x61, 0x77, 0x61, 0x72, 0x61));
				case 64: return String(CharArray::of(0x62, 0x75, 0x79, 0x69, 0x70, 0x75, 0x72, 0x69));
				case 65: return String(CharArray::of(0x62, 0x69, 0x73, 0x69, 0x72, 0x61, 0x6D, 0xE1));
				case 66: return String(CharArray::of(0x62, 0x69, 0x6B, 0xFA));
				case 67: return String(CharArray::of(0x62, 0x69, 0x6E, 0xED));
				case 69: return String(CharArray::of(0x6B, 0x0169));
				case 70: return String(CharArray::of(0x73, 0x69, 0x6B, 0x69, 0x73, 0x69, 0x6B, 0x61));
				case 73: return String(CharArray::of(0x62, 0xE3, 0x62, 0x61, 0x72, 0x61));
				case 74: return String(CharArray::of(0x62, 0x1EBD, 0x67, 0x61, 0x72, 0x69));
				case 75: return String(CharArray::of(0x74, 0x69, 0x62, 0x65, 0x74, 0x61, 0x6E, 0x75));
				case 78: return String(CharArray::of(0x62, 0x65, 0x72, 0x65, 0x74, 0xE3, 0x75));
				case 79: return String(CharArray::of(0x62, 0x61, 0x72, 0x61, 0x79, 0x69));
				case 81: return String(CharArray::of(0x62, 0x75, 0x64, 0x75));
				case 82: return String(CharArray::of(0x62, 0x75, 0x73, 0x69, 0x6E, 0x69, 0x75));
				case 83: return String(CharArray::of(0x61, 0x6B, 0x75, 0x73, 0x69));
				case 84: return String(CharArray::of(0x62, 0x75, 0x72, 0x69, 0x61, 0x74, 0x75));
				case 85: return String(CharArray::of(0x62, 0x75, 0x67, 0x69, 0x6E, 0x65, 0x69));
				case 86: return String(CharArray::of(0x62, 0x75, 0x72, 0x75));
				case 87: return String(CharArray::of(0x62, 0x69, 0x72, 0x0129));
				case 88: return String(CharArray::of(0x6D, 0x65, 0x64, 0x0169, 0x62, 0x61));
				case 89: return String(CharArray::of(0x6B, 0x61, 0x74, 0x61, 0x72, 0xE1));
				case 90: return String(CharArray::of(0x63, 0x61, 0x64, 0x75));
				case 91: return String(CharArray::of(0x6B, 0x61, 0x72, 0x69, 0x62, 0x69));
				case 92: return String(CharArray::of(0x6B, 0x61, 0x79, 0x75, 0x67, 0x61));
				case 93: return String(CharArray::of(0x61, 0x74, 0x69, 0x73, 0xE3));
				case 94: return String(CharArray::of(0x78, 0x61, 0x6B, 0x69, 0x6D, 0x61));
				case 95: return String(CharArray::of(0x78, 0x65, 0x78, 0x65, 0x6E, 0x75));
				case 96: return String(CharArray::of(0x73, 0x65, 0x62, 0x75, 0x61, 0x6E, 0x75));
				case 97: return String(CharArray::of(0x78, 0x69, 0x67, 0x61));
				case 98: return String(CharArray::of(0x78, 0x61, 0x6D, 0x75, 0x72, 0x75));
				case 99: return String(CharArray::of(0x78, 0x69, 0x62, 0x69, 0x78, 0x61));
				case 100: return String(CharArray::of(0x78, 0x61, 0x67, 0x61, 0x74, 0x61, 0x69));
				case 101: return String(CharArray::of(0x78, 0x75, 0x6B, 0x69, 0x73, 0x69));
				case 102: return String(CharArray::of(0x6D, 0x61, 0x72, 0x69));
				case 103: return String(CharArray::of(0x79, 0x61, 0x72, 0x69, 0x67, 0xE3, 0x75, 0x20, 0x78, 0x69, 0x6E, 0x6F, 0x6B, 0x69));
				case 104: return String(CharArray::of(0x78, 0x6F, 0x6B, 0x69, 0x74, 0x61, 0x75));
				case 105: return String(CharArray::of(0x78, 0x69, 0x70, 0x65, 0x77, 0x69, 0x79, 0xE3));
				case 106: return String(CharArray::of(0x78, 0x65, 0x72, 0x6F, 0x6B, 0xED));
				case 107: return String(CharArray::of(0x78, 0x65, 0x79, 0x65, 0x6E, 0x69));
				case 109: return String(CharArray::of(0x6B, 0x75, 0x72, 0x64, 0x75, 0x20, 0x70, 0x69, 0x74, 0x65, 0x72, 0x61, 0x70, 0x75, 0x72, 0x61));
				case 111: return String(CharArray::of(0x63, 0x75, 0x72, 0x69, 0x73, 0x75));
				case 112: return String(CharArray::of(0x6B, 0x75, 0x70, 0x69, 0x74, 0x61));
				case 114: return String(CharArray::of(0x6B, 0x69, 0x72, 0x69));
				case 116: return String(CharArray::of(0x4B, 0x69, 0x72, 0x69, 0x6D, 0x65, 0x79, 0x61, 0x20, 0x74, 0x75, 0x72, 0x69, 0x6B, 0x75));
				case 122: return String(CharArray::of(0x6B, 0x69, 0x72, 0x69, 0x75, 0x72, 0x75, 0x20, 0x66, 0x72, 0xE3, 0x73, 0x65, 0x69, 0x20, 0x73, 0x65, 0x69, 0x78, 0x65, 0x72, 0x69, 0x77, 0x61, 0x72, 0x61));
				case 123: return String(CharArray::of(0x74, 0x69, 0x65, 0x6B, 0x75));
				case 124: return String(CharArray::of(0x6B, 0x61, 0x78, 0x75, 0x62, 0x69, 0xE3));
				case 126: return String(CharArray::of(0x69, 0x73, 0x69, 0x72, 0x61, 0x77, 0x75, 0x20, 0x65, 0x6B, 0x65, 0x72, 0x65, 0x73, 0x69, 0x61, 0x74, 0x69, 0x6B, 0x75));
				case 127: return String(CharArray::of(0x74, 0x69, 0x75, 0x77, 0x61, 0x78, 0x69));
				case 129: return String(CharArray::of(0x67, 0x61, 0x72, 0x65, 0x69));
				case 130: return String(CharArray::of(0x64, 0x69, 0x6E, 0x61, 0x6D, 0x61, 0x72, 0x69, 0x6B, 0x65, 0x69));
				case 131: return String(CharArray::of(0x64, 0x61, 0x6B, 0x75, 0x74, 0x61));
				case 132: return String(CharArray::of(0x64, 0x61, 0x72, 0x69, 0x67, 0x69, 0x77, 0x61));
				case 133: return String(CharArray::of(0x74, 0x61, 0x69, 0x74, 0x61));
				case 134: 
					if (region == 75) return String(CharArray::of(0x61, 0x72, 0x65, 0x6D, 0xE3, 0x75, 0x20, 0x69, 0x77, 0x61, 0x74, 0xE9, 0x20, 0x28, 0x53, 0x75, 0x69, 0x73, 0x61, 0x29));
					return String(CharArray::of(0x61, 0x72, 0x65, 0x6D, 0xE3, 0x75));
				case 135: return String(CharArray::of(0x64, 0x65, 0x72, 0x61, 0x77, 0x61, 0x72, 0x65));
				case 136: return String(CharArray::of(0x69, 0x73, 0x69, 0x72, 0x65, 0x69, 0x76, 0x65, 0x69));
				case 137: return String(CharArray::of(0x64, 0x6F, 0x67, 0x69, 0x72, 0x69));
				case 138: return String(CharArray::of(0x64, 0x0129, 0x6B, 0x61));
				case 139: return String(CharArray::of(0x73, 0x61, 0x72, 0x69, 0x6D, 0x61));
				case 140: return String(CharArray::of(0x64, 0x6F, 0x67, 0x69, 0x72, 0x69, 0x62, 0x69));
				case 141: return String(CharArray::of(0x73, 0x75, 0x72, 0xE1, 0x62, 0x69, 0x75, 0x20, 0x79, 0x61, 0x74, 0x75, 0x6B, 0x61));
				case 143: return String(CharArray::of(0x64, 0x75, 0x61, 0x72, 0x61));
				case 144: return String(CharArray::of(0x68, 0x75, 0x72, 0xE3, 0x64, 0x65, 0x69, 0x20, 0x6D, 0xE9, 0x64, 0x69, 0x75));
				case 145: return String(CharArray::of(0x64, 0x69, 0x77, 0x65, 0xED));
				case 146: return String(CharArray::of(0x79, 0x6F, 0x72, 0x61, 0x2D, 0x66, 0x75, 0x6E, 0x69, 0x79, 0x69));
				case 147: return String(CharArray::of(0x64, 0x69, 0x75, 0x72, 0x61));
				case 148: return String(CharArray::of(0x64, 0x69, 0x73, 0x0169, 0x67, 0x61));
				case 149: return String(CharArray::of(0x64, 0x61, 0x73, 0x61, 0x67, 0x61));
				case 150: return String(CharArray::of(0x1EBD, 0x62, 0x75));
				case 151: return String(CharArray::of(0x65, 0x77, 0x65));
				case 152: return String(CharArray::of(0x65, 0x66, 0x69, 0x6B, 0x69));
				case 154: return String(CharArray::of(0x65, 0x67, 0x69, 0x70, 0x69, 0x73, 0x69, 0x75, 0x20, 0x61, 0x72, 0x6B, 0x61, 0x69, 0x6B, 0x75));
				case 155: return String(CharArray::of(0x65, 0x6B, 0x61, 0x79, 0x75, 0x6B, 0x69));
				case 156: return String(CharArray::of(0x67, 0x65, 0x72, 0x65, 0x67, 0x75));
				case 157: return String(CharArray::of(0x65, 0x72, 0x61, 0x6D, 0x69, 0x74, 0x65));
				case 158: return String(CharArray::of(0x1EBD, 0x67, 0x69, 0x72, 0x69, 0x78, 0x69));
				case 159: return String(CharArray::of(0x1EBD, 0x67, 0x69, 0x72, 0x69, 0x78, 0x69, 0x20, 0x6D, 0xE9, 0x64, 0x69, 0x75));
				case 160: return String(CharArray::of(0x65, 0x73, 0x69, 0x70, 0x65, 0x72, 0xE3, 0x74, 0x75));
				case 161: return String(CharArray::of(0x69, 0x73, 0x69, 0x70, 0xE3, 0x79, 0x75));
				case 163: return String(CharArray::of(0x65, 0x69, 0x74, 0x75, 0x6E, 0x69, 0x79, 0x61, 0x6E, 0x75));
				case 164: return String(CharArray::of(0x62, 0x61, 0x73, 0x69, 0x6B, 0x75));
				case 165: return String(CharArray::of(0x65, 0x77, 0x0169, 0x64, 0x75));
				case 167: return String(CharArray::of(0x70, 0x65, 0x72, 0x69, 0x73, 0x61));
				case 168: return String(CharArray::of(0x66, 0xE3, 0x67, 0x65));
				case 169: return String(CharArray::of(0x66, 0xE3, 0x74, 0x69));
				case 170: return String(CharArray::of(0x66, 0x75, 0x72, 0x61));
				case 171: return String(CharArray::of(0x66, 0x69, 0x72, 0xE3, 0x64, 0x65, 0x73));
				case 172: return String(CharArray::of(0x66, 0x69, 0x72, 0x69, 0x70, 0x69, 0x6E, 0x75));
				case 174: return String(CharArray::of(0x66, 0x69, 0x79, 0x69, 0x61, 0x6E, 0x75));
				case 175: return String(CharArray::of(0x66, 0x61, 0x72, 0x75, 0x77, 0x65, 0x73, 0x69));
				case 176: return String(CharArray::of(0x66, 0x0169, 0x6D, 0x75));
				case 177: return String(CharArray::of(0x66, 0x72, 0xE3, 0x73, 0x65, 0x69));
				case 178: return String(CharArray::of(0x66, 0x72, 0xE3, 0x73, 0x65, 0x69, 0x20, 0x6B, 0x61, 0x79, 0x0169));
				case 179: return String(CharArray::of(0x66, 0x72, 0xE3, 0x73, 0x65, 0x69, 0x20, 0x6D, 0xE9, 0x64, 0x69, 0x75));
				case 180: return String(CharArray::of(0x66, 0x72, 0xE3, 0x73, 0x65, 0x69, 0x20, 0x61, 0x72, 0x6B, 0x61, 0x69, 0x6B, 0x75));
				case 182: return String(CharArray::of(0x66, 0x69, 0x72, 0xED, 0x73, 0x69, 0x75, 0x20, 0x73, 0x65, 0x74, 0x1EBD, 0x74, 0x69, 0x72, 0x69, 0x75, 0x6E, 0x61, 0x75));
				case 183: return String(CharArray::of(0x66, 0x69, 0x72, 0xED, 0x73, 0x69, 0x75, 0x20, 0x75, 0x73, 0x69, 0x64, 0x1EBD, 0x74, 0x61, 0x77, 0x61, 0x72, 0x61));
				case 184: return String(CharArray::of(0x66, 0x72, 0x69, 0x75, 0x72, 0x61, 0x6E, 0x75));
				case 185: return String(CharArray::of(0x66, 0x72, 0xED, 0x73, 0x69, 0x75, 0x20, 0x75, 0x73, 0x69, 0x64, 0x1EBD, 0x74, 0x61, 0x77, 0x61, 0x72, 0x61));
				case 186: return String(CharArray::of(0x69, 0x72, 0xE3, 0x64, 0x65, 0x69, 0x78, 0x69, 0x20, 0x6D, 0xE9, 0x64, 0x69, 0x75));
				case 187: return String(CharArray::of(0x67, 0x61));
				case 188: return String(CharArray::of(0x67, 0x61, 0x67, 0x61, 0x75, 0x73, 0x69));
				case 189: return String(CharArray::of(0x67, 0xE3));
				case 190: return String(CharArray::of(0x67, 0x61, 0x79, 0x75));
				case 191: return String(CharArray::of(0x67, 0x69, 0x62, 0x61, 0x79, 0x61));
				case 193: return String(CharArray::of(0x67, 0x61, 0xE9, 0x72, 0x69, 0x6B, 0x75, 0x20, 0x65, 0x6B, 0x75, 0x73, 0x65, 0x69));
				case 194: return String(CharArray::of(0x67, 0x69, 0x69, 0x78, 0x69));
				case 195: return String(CharArray::of(0x67, 0x69, 0x75, 0x62, 0x65, 0x74, 0x65, 0x69));
				case 196: return String(CharArray::of(0x67, 0x61, 0x72, 0x65, 0x67, 0x75));
				case 198: return String(CharArray::of(0x61, 0x72, 0x65, 0x6D, 0xE3, 0x75, 0x20, 0x69, 0x77, 0x61, 0x74, 0xE9, 0x20, 0x6D, 0xE9, 0x64, 0x69, 0x75));
				case 199: return String(CharArray::of(0x67, 0x75, 0x77, 0x61, 0x72, 0x61, 0x6E, 0x69));
				case 200: return String(CharArray::of(0x61, 0x72, 0x65, 0x6D, 0xE3, 0x75, 0x20, 0x61, 0x72, 0x6B, 0x61, 0x69, 0x6B, 0x75, 0x20, 0x69, 0x77, 0x61, 0x74, 0xE9));
				case 201: return String(CharArray::of(0x67, 0x0169, 0x64, 0x69));
				case 202: return String(CharArray::of(0x67, 0x75, 0x72, 0x0169, 0x74, 0x61, 0x72, 0x75));
				case 203: return String(CharArray::of(0x67, 0xFA, 0x74, 0x69, 0x6B, 0x75));
				case 204: return String(CharArray::of(0x67, 0x65, 0x72, 0x65, 0x62, 0x75));
				case 205: return String(CharArray::of(0x67, 0x65, 0x72, 0x65, 0x67, 0x75, 0x20, 0x61, 0x72, 0x6B, 0x61, 0x69, 0x6B, 0x75));
				case 206: return String(CharArray::of(0x61, 0x72, 0x65, 0x6D, 0xE3, 0x75, 0x20, 0x28, 0x53, 0x75, 0x69, 0x73, 0x61, 0x29));
				case 207: return String(CharArray::of(0x67, 0x75, 0x73, 0x65, 0x72, 0x61, 0x74, 0x65));
				case 210: return String(CharArray::of(0x67, 0x75, 0x73, 0x69, 0x79, 0x69));
				case 211: return String(CharArray::of(0x6D, 0xE3, 0x6B, 0x69, 0x73, 0x69));
				case 212: return String(CharArray::of(0x67, 0x75, 0x77, 0x69, 0x78, 0x69, 0x2D, 0x0129));
				case 213: return String(CharArray::of(0x68, 0x61, 0x75, 0x73, 0xE1));
				case 214: return String(CharArray::of(0x68, 0x61, 0x69, 0x64, 0x61));
				case 215: return String(CharArray::of(0x68, 0x61, 0x6B, 0xE1));
				case 216: return String(CharArray::of(0x68, 0x61, 0x77, 0x61, 0x79, 0x61, 0x6E, 0x75));
				case 219: return String(CharArray::of(0x68, 0x65, 0x62, 0x75, 0x72, 0x61, 0x69, 0x6B, 0x75));
				case 220: return String(CharArray::of(0x68, 0x0129, 0x64, 0x69));
				case 222: return String(CharArray::of(0x69, 0x72, 0x69, 0x67, 0x61, 0x69, 0x6E, 0x0169));
				case 223: return String(CharArray::of(0x68, 0x69, 0x74, 0x69, 0x74, 0x61));
				case 224: return String(CharArray::of(0x68, 0x69, 0x6D, 0x0169, 0x67, 0x69));
				case 226: return String(CharArray::of(0x68, 0x69, 0x72, 0x69, 0x20, 0x6D, 0x75, 0x74, 0x75));
				case 227: return String(CharArray::of(0x6B, 0x75, 0x72, 0x75, 0x61, 0x74, 0x61));
				case 228: return String(CharArray::of(0x73, 0x75, 0x72, 0xE1, 0x62, 0x69, 0x75, 0x20, 0x69, 0x77, 0x61, 0x74, 0xE9));
				case 229: return String(CharArray::of(0x78, 0x69, 0xE3, 0x67, 0x69));
				case 230: return String(CharArray::of(0x68, 0x61, 0x69, 0x74, 0x69, 0x61, 0x6E, 0x75));
				case 231: return String(CharArray::of(0x0169, 0x67, 0x61, 0x72, 0x75));
				case 232: return String(CharArray::of(0x68, 0x75, 0x70, 0x61));
				case 234: return String(CharArray::of(0x61, 0x72, 0x69, 0x6D, 0x1EBD, 0x6E, 0x69, 0x75));
				case 235: return String(CharArray::of(0x68, 0x65, 0x72, 0x65, 0x72, 0x75));
				case 236: return String(CharArray::of(0x6E, 0x65, 0x1EBD, 0x67, 0x61, 0x73, 0x75, 0xED));
				case 237: return String(CharArray::of(0x69, 0x62, 0xE3));
				case 238: return String(CharArray::of(0x69, 0x62, 0x69, 0x62, 0x69, 0x75));
				case 239: return String(CharArray::of(0x0129, 0x64, 0x75, 0x6E, 0xE9, 0x73, 0x69, 0x75));
				case 240: return String(CharArray::of(0x6E, 0x65, 0x1EBD, 0x67, 0x61, 0x70, 0x69, 0x74, 0x65, 0x72, 0x61));
				case 241: return String(CharArray::of(0x69, 0x67, 0x69, 0x62, 0x75));
				case 242: return String(CharArray::of(0x73, 0x69, 0x78, 0x75, 0xE3, 0x20, 0x79, 0x69));
				case 243: return String(CharArray::of(0x69, 0x6E, 0x75, 0x70, 0x69, 0x61, 0x6B, 0x69));
				case 246: return String(CharArray::of(0x69, 0x72, 0x75, 0x6B, 0x61, 0x6E, 0x75));
				case 248: return String(CharArray::of(0x0129, 0x67, 0x75, 0x78, 0x69));
				case 249: return String(CharArray::of(0x69, 0x64, 0x75));
				case 250: return String(CharArray::of(0x69, 0x73, 0x69, 0x72, 0xE3, 0x64, 0x65, 0x69));
				case 251: return String(CharArray::of(0x69, 0x74, 0x61, 0x72, 0x69, 0x61, 0x6E, 0x75));
				case 252: return String(CharArray::of(0x69, 0x6E, 0x75, 0x6B, 0x69, 0x74, 0x69, 0x74, 0x75, 0x74, 0x69));
				case 255: return String(CharArray::of(0x79, 0x61, 0x70, 0x75, 0x6E, 0x65, 0x69));
				case 257: return String(CharArray::of(0x72, 0x75, 0x79, 0x69, 0x62, 0xE3));
				case 258: return String(CharArray::of(0x0129, 0x67, 0x1EBD, 0x62, 0x61));
				case 260: return String(CharArray::of(0x6D, 0x61, 0x78, 0x61, 0x6D, 0x69));
				case 261: return String(CharArray::of(0x79, 0x75, 0x64, 0x61, 0x69, 0x6B, 0x75, 0x2D, 0x70, 0x65, 0x72, 0x69, 0x73, 0x61));
				case 262: return String(CharArray::of(0x79, 0x75, 0x64, 0x61, 0x69, 0x6B, 0x75, 0x2D, 0x61, 0x72, 0x61, 0x62, 0x69, 0x6B, 0x75));
				case 264: return String(CharArray::of(0x79, 0x61, 0x77, 0x61, 0x6E, 0x65, 0x69));
				case 265: return String(CharArray::of(0x67, 0x65, 0x75, 0x72, 0x67, 0x69, 0x61, 0x6E, 0x75));
				case 266: return String(CharArray::of(0x6B, 0x61, 0x72, 0x61, 0x2D, 0x6B, 0x61, 0x75, 0x70, 0x61, 0x6B, 0x69));
				case 267: return String(CharArray::of(0x6B, 0x61, 0x62, 0x69, 0x72, 0x65));
				case 268: return String(CharArray::of(0x6B, 0x61, 0x78, 0x0129));
				case 269: return String(CharArray::of(0x69, 0x79, 0x75));
				case 270: return String(CharArray::of(0x6B, 0xE3, 0x62, 0x61));
				case 271: return String(CharArray::of(0x6B, 0x61, 0x77, 0x69));
				case 272: return String(CharArray::of(0x6B, 0x61, 0x62, 0x61, 0x72, 0x69, 0x64, 0x69, 0x61, 0x6E, 0x75));
				case 273: return String(CharArray::of(0x6B, 0x61, 0x6E, 0x1EBD, 0x62, 0x75));
				case 274: return String(CharArray::of(0x74, 0x69, 0x79, 0x61, 0x70, 0x69));
				case 275: return String(CharArray::of(0x6D, 0x61, 0x6B, 0x0169, 0x64, 0x69));
				case 276: return String(CharArray::of(0x6B, 0x69, 0x72, 0x69, 0x75, 0x72, 0x75, 0x20, 0x6B, 0x61, 0x62, 0x75, 0x2D, 0x73, 0x75, 0x69, 0x6B, 0x69, 0x72, 0x69, 0x77, 0x61, 0x72, 0x61));
				case 278: return String(CharArray::of(0x6B, 0x75, 0x72, 0x75));
				case 279: return String(CharArray::of(0x6B, 0x0169, 0x67, 0x75, 0x72, 0x65, 0x69));
				case 280: return String(CharArray::of(0x6B, 0x61, 0x0129, 0x67, 0xE3, 0x67, 0x69));
				case 281: return String(CharArray::of(0x6B, 0x61, 0x73, 0x69));
				case 282: return String(CharArray::of(0x6B, 0x75, 0x74, 0x61, 0x6E, 0x65, 0x69));
				case 283: return String(CharArray::of(0x6B, 0x75, 0x79, 0x69, 0x72, 0x61, 0x20, 0x78, 0x69, 0x6E, 0x69));
				case 285: return String(CharArray::of(0x6B, 0x69, 0x6B, 0x75, 0x79, 0x75));
				case 287: return String(CharArray::of(0x6B, 0x75, 0xE3, 0x79, 0x61, 0x6D, 0x61));
				case 288: return String(CharArray::of(0x6B, 0x61, 0x73, 0x61, 0x6B, 0x69));
				case 289: return String(CharArray::of(0x6B, 0x61, 0x6B, 0x75));
				case 290: return String(CharArray::of(0x67, 0x75, 0x72, 0x75, 0x1EBD, 0x72, 0xE3, 0x64, 0x65, 0x69));
				case 291: return String(CharArray::of(0x6B, 0x61, 0x72, 0x1EBD, 0x79, 0x0129));
				case 292: return String(CharArray::of(0x6B, 0x69, 0x6D, 0xE9));
				case 293: return String(CharArray::of(0x6B, 0x0129, 0x62, 0x0169, 0x64, 0x75));
				case 294: return String(CharArray::of(0x6B, 0x61, 0x6E, 0x61, 0x72, 0x0129));
				case 295: return String(CharArray::of(0x6B, 0x75, 0x72, 0x69, 0x61, 0x6E, 0x75));
				case 296: return String(CharArray::of(0x6B, 0x75, 0x6D, 0x69, 0x2D, 0x70, 0x65, 0x72, 0x69, 0x6D, 0x69, 0x61, 0x6B, 0x69));
				case 297: return String(CharArray::of(0x6B, 0x0169, 0x6B, 0x61, 0x6E, 0x69));
				case 298: return String(CharArray::of(0x6B, 0x75, 0x73, 0x69, 0x72, 0x61, 0x79, 0xE3));
				case 299: return String(CharArray::of(0x6B, 0x69, 0x70, 0x65, 0x72, 0x65));
				case 300: return String(CharArray::of(0x6B, 0x61, 0x6E, 0xFA, 0x72, 0x69));
				case 301: return String(CharArray::of(0x6B, 0x61, 0x72, 0x61, 0x78, 0x61, 0x69, 0x2D, 0x62, 0x61, 0x75, 0x6B, 0xE1));
				case 304: return String(CharArray::of(0x6B, 0x61, 0x72, 0xE9, 0x72, 0x69, 0x75));
				case 305: return String(CharArray::of(0x6B, 0x75, 0x72, 0x75, 0x6B, 0x69));
				case 306: return String(CharArray::of(0x6B, 0x61, 0x78, 0x65, 0x6D, 0x69, 0x72, 0x61));
				case 307: return String(CharArray::of(0x78, 0xE3, 0x62, 0x61, 0x72, 0x61));
				case 308: return String(CharArray::of(0x62, 0x61, 0x66, 0x69, 0x61));
				case 309: return String(CharArray::of(0x6B, 0x75, 0x72, 0x69, 0x78, 0x69));
				case 310: return String(CharArray::of(0x6B, 0x75, 0x72, 0x64, 0x75));
				case 311: return String(CharArray::of(0x6B, 0x75, 0x6D, 0x69, 0x6B, 0x69));
				case 312: return String(CharArray::of(0x6B, 0x75, 0x74, 0x65, 0x6E, 0x61, 0x69));
				case 313: return String(CharArray::of(0x6B, 0x75, 0x6D, 0x69));
				case 314: return String(CharArray::of(0x6B, 0xFA, 0x72, 0x69, 0x6E, 0x69, 0x6B, 0x75));
				case 317: return String(CharArray::of(0x6B, 0x69, 0x72, 0x69, 0x67, 0x69, 0x78, 0x69));
				case 318: return String(CharArray::of(0x72, 0x61, 0x74, 0x0129));
				case 319: return String(CharArray::of(0x72, 0x61, 0x64, 0x69, 0x6E, 0x75));
				case 320: return String(CharArray::of(0x72, 0xE3, 0x67, 0x69));
				case 321: return String(CharArray::of(0x72, 0xE3, 0x64, 0x61));
				case 322: return String(CharArray::of(0x72, 0xE3, 0x62, 0x61));
				case 323: return String(CharArray::of(0x72, 0x75, 0x78, 0x1EBD, 0x62, 0x75, 0x67, 0x65, 0x69));
				case 324: return String(CharArray::of(0x72, 0x65, 0x73, 0x69, 0x67, 0x69));
				case 326: return String(CharArray::of(0x72, 0x75, 0x67, 0xE3, 0x64, 0x61));
				case 327: return String(CharArray::of(0x72, 0x0129, 0x62, 0x75, 0x72, 0x67, 0x65, 0x69));
				case 331: return String(CharArray::of(0x72, 0x61, 0x6B, 0x75, 0x74, 0x61));
				case 334: return String(CharArray::of(0x72, 0x0129, 0x67, 0x61, 0x6E, 0x61));
				case 335: return String(CharArray::of(0x72, 0x61, 0x75, 0x73, 0x69, 0x61, 0x6E, 0x75));
				case 336: return String(CharArray::of(0x6D, 0x0169, 0x67, 0x75));
				case 337: return String(CharArray::of(0x6B, 0x69, 0x72, 0x69, 0x75, 0x72, 0x75, 0x20, 0x72, 0x75, 0x69, 0x73, 0x69, 0x61, 0x6E, 0x61, 0x77, 0x61, 0x72, 0x61));
				case 338: return String(CharArray::of(0x72, 0x75, 0x73, 0x69));
				case 339: return String(CharArray::of(0x72, 0x75, 0x72, 0x69, 0x20, 0x73, 0x65, 0x74, 0x1EBD, 0x74, 0x69, 0x72, 0x69, 0x75, 0x6E, 0x61, 0x75));
				case 341: return String(CharArray::of(0x72, 0x69, 0x74, 0x75, 0x61, 0x6E, 0x75));
				case 343: return String(CharArray::of(0x72, 0x75, 0x62, 0x61, 0x2D, 0x6B, 0x61, 0x74, 0xE3, 0x67, 0x61));
				case 344: return String(CharArray::of(0x72, 0x75, 0x62, 0x61, 0x2D, 0x72, 0x75, 0x72, 0x75, 0x61));
				case 345: return String(CharArray::of(0x72, 0x75, 0x69, 0x73, 0x65, 0x6E, 0x75));
				case 346: return String(CharArray::of(0x72, 0x0169, 0x64, 0x61));
				case 347: return String(CharArray::of(0x72, 0x75, 0x77, 0x75));
				case 348: return String(CharArray::of(0x72, 0x75, 0x78, 0x61, 0x69));
				case 349: return String(CharArray::of(0x72, 0x75, 0x69, 0x79, 0x61));
				case 350: return String(CharArray::of(0x72, 0x65, 0x74, 0xE3, 0x75));
				case 353: return String(CharArray::of(0x6D, 0x61, 0x64, 0x75, 0x72, 0x65, 0x69));
				case 354: return String(CharArray::of(0x6D, 0x61, 0x66, 0x61));
				case 355: return String(CharArray::of(0x6D, 0x61, 0x67, 0x61, 0x72, 0xED));
				case 356: return String(CharArray::of(0x6D, 0x61, 0x69, 0x74, 0x69, 0x72, 0x69));
				case 357: return String(CharArray::of(0x6D, 0x61, 0x6B, 0x61, 0x73, 0xE1));
				case 358: return String(CharArray::of(0x6D, 0xE3, 0x64, 0x0129, 0x67, 0x61));
				case 359: return String(CharArray::of(0x6D, 0x61, 0x73, 0x61, 0x69));
				case 360: return String(CharArray::of(0x6D, 0x61, 0x62, 0x61));
				case 361: return String(CharArray::of(0x6D, 0x75, 0x6B, 0x69, 0x73, 0x61));
				case 362: return String(CharArray::of(0x6D, 0xE3, 0x64, 0x61, 0x72, 0x69));
				case 363: return String(CharArray::of(0x6D, 0x1EBD, 0x64, 0x65));
				case 364: return String(CharArray::of(0x6D, 0x65, 0x72, 0x75));
				case 365: return String(CharArray::of(0x6D, 0x75, 0x72, 0x69, 0x73, 0x69, 0x1EBD));
				case 366: return String(CharArray::of(0x6D, 0x61, 0x75, 0x67, 0x61, 0x78, 0x65));
				case 367: return String(CharArray::of(0x69, 0x72, 0xE3, 0x64, 0x65, 0x69, 0x20, 0x6D, 0xE9, 0x64, 0x69, 0x75));
				case 368: return String(CharArray::of(0x6D, 0x61, 0x6B, 0x75, 0x61));
				case 369: return String(CharArray::of(0x6D, 0x65, 0x74, 0xE1));
				case 370: return String(CharArray::of(0x6D, 0x61, 0x72, 0x69, 0x78, 0x61, 0x72, 0x65, 0x69));
				case 372: return String(CharArray::of(0x6D, 0x61, 0x75, 0x72, 0x69));
				case 373: return String(CharArray::of(0x6D, 0x69, 0x6B, 0x65, 0x6D, 0x61, 0x6B, 0x65));
				case 374: return String(CharArray::of(0x6D, 0x69, 0x6E, 0xE3, 0x67, 0x69, 0x6B, 0x61, 0x62, 0x61, 0x75));
				case 375: return String(CharArray::of(0x6D, 0x61, 0x73, 0x65, 0x64, 0x0169, 0x6E, 0x69, 0x75));
				case 376: return String(CharArray::of(0x6D, 0x61, 0x72, 0x61, 0x79, 0x61, 0x72, 0x61));
				case 377: return String(CharArray::of(0x6D, 0x0169, 0x67, 0xFA));
				case 378: return String(CharArray::of(0x6D, 0xE3, 0x78, 0x75));
				case 379: return String(CharArray::of(0x6D, 0x61, 0x6E, 0x69, 0x70, 0x75, 0x72, 0x69));
				case 381: return String(CharArray::of(0x6D, 0x75, 0x69, 0x6B, 0x61, 0x6E, 0x75));
				case 382: return String(CharArray::of(0x6D, 0x75, 0x73, 0x69));
				case 383: return String(CharArray::of(0x6D, 0x61, 0x72, 0x61, 0x74, 0x69));
				case 385: return String(CharArray::of(0x6D, 0x61, 0x72, 0x61, 0x79, 0x75));
				case 386: return String(CharArray::of(0x6D, 0x61, 0x75, 0x74, 0x65, 0x69));
				case 387: return String(CharArray::of(0x6D, 0x0169, 0x64, 0xE3, 0x67, 0x69));
				case 388: return String(CharArray::of(0x73, 0x69, 0xED, 0x61, 0x20, 0x6E, 0x68, 0x65, 0x1EBD, 0x67, 0x61));
				case 389: return String(CharArray::of(0x6B, 0x69, 0x72, 0x69, 0x6B));
				case 390: return String(CharArray::of(0x6D, 0x69, 0x72, 0xE3, 0x64, 0x65, 0x69));
				case 391: return String(CharArray::of(0x6D, 0x61, 0x72, 0x69, 0x77, 0x61, 0x72, 0x69));
				case 393: return String(CharArray::of(0x62, 0x69, 0x72, 0x69, 0x6D, 0x61, 0x6E, 0x65, 0x69));
				case 394: return String(CharArray::of(0x6D, 0x69, 0x79, 0x65, 0x6E, 0x65));
				case 395: return String(CharArray::of(0x65, 0x72, 0x69, 0x73, 0x69, 0x61));
				case 396: return String(CharArray::of(0x6D, 0x61, 0x73, 0xE3, 0x64, 0x61, 0x72, 0x61, 0x6E, 0x69));
				case 397: return String(CharArray::of(0x6E, 0x61, 0x75, 0x72, 0x75, 0x61, 0x6E, 0x75));
				case 398: return String(CharArray::of(0x6D, 0x0129, 0x20, 0x6E, 0xE3));
				case 399: return String(CharArray::of(0x6E, 0x61, 0x70, 0x75, 0x72, 0x69, 0x74, 0x61, 0x6E, 0x75));
				case 400: return String(CharArray::of(0x6E, 0x61, 0x6D, 0x61));
				case 401: return String(CharArray::of(0x62, 0x75, 0x6B, 0x69, 0x6D, 0x61, 0x75, 0x20, 0x6E, 0x75, 0x72, 0x75, 0x65, 0x67, 0x65, 0x69));
				case 402: return String(CharArray::of(0x0129, 0x64, 0x65, 0x62, 0x65, 0x72, 0x65, 0x20, 0x6E, 0x75, 0x74, 0x69, 0x77, 0x61, 0x72, 0x61));
				case 403: 
					if (region == 206) return String(CharArray::of(0x73, 0x61, 0x6B, 0x69, 0x73, 0xE3, 0x75, 0x20, 0x79, 0x61, 0x74, 0x75, 0x6B, 0x61));
					return String(CharArray::of(0x61, 0x72, 0x65, 0x6D, 0x61, 0x0169, 0x20, 0x79, 0x61, 0x74, 0x75, 0x6B, 0x61));
				case 404: return String(CharArray::of(0x6E, 0x65, 0x70, 0x61, 0x72, 0x65, 0x69));
				case 405: return String(CharArray::of(0x6E, 0x65, 0x77, 0x61, 0x72, 0x69));
				case 406: return String(CharArray::of(0x64, 0x0169, 0x67, 0x75));
				case 407: return String(CharArray::of(0x6E, 0x69, 0x79, 0x61, 0x73, 0x69));
				case 408: return String(CharArray::of(0x6E, 0x69, 0x77, 0x65, 0x61, 0x6E, 0x75));
				case 410: 
					if (region == 51) return String(CharArray::of(0x66, 0x61, 0x72, 0x61, 0x6D, 0x1EBD, 0x67, 0x75));
					return String(CharArray::of(0x68, 0x75, 0x72, 0xE3, 0x64, 0x65, 0x69));
				case 411: return String(CharArray::of(0x6B, 0x75, 0x77, 0x61, 0x73, 0x69, 0x75));
				case 412: return String(CharArray::of(0x6E, 0x69, 0x6E, 0x6F, 0x72, 0x69, 0x73, 0x69, 0x6B, 0x69, 0x20, 0x6E, 0x75, 0x72, 0x75, 0x65, 0x67, 0x65, 0x69));
				case 413: return String(CharArray::of(0x0129, 0x67, 0x69, 0x1EBD, 0x62, 0x0169));
				case 414: return String(CharArray::of(0x6E, 0x75, 0x72, 0x75, 0x65, 0x67, 0x65, 0x69));
				case 415: return String(CharArray::of(0x6E, 0x75, 0x67, 0x61, 0x69));
				case 416: return String(CharArray::of(0x6E, 0xFA, 0x72, 0x69, 0x64, 0x69, 0x6B, 0x75, 0x20, 0x61, 0x72, 0x6B, 0x61, 0x69, 0x6B, 0x75));
				case 418: return String(CharArray::of(0x6E, 0x69, 0x6B, 0xFA));
				case 419: return String(CharArray::of(0x0129, 0x64, 0x65, 0x62, 0x65, 0x72, 0x65, 0x20, 0x73, 0x75, 0x77, 0x61, 0x72, 0x61));
				case 420: return String(CharArray::of(0x73, 0x75, 0x74, 0x75, 0x20, 0x73, 0x65, 0x74, 0x1EBD, 0x74, 0x69, 0x72, 0x69, 0x75, 0x6E, 0x61, 0x75));
				case 421: return String(CharArray::of(0x6E, 0x75, 0x69, 0x72, 0x69));
				case 422: return String(CharArray::of(0x6E, 0x61, 0x77, 0x61, 0x79, 0x75));
				case 423: return String(CharArray::of(0x6E, 0x65, 0x77, 0x61, 0x72, 0x69, 0x20, 0x6B, 0x61, 0x74, 0x75, 0x77, 0x61));
				case 424: return String(CharArray::of(0x6E, 0x69, 0xE3, 0x79, 0x61));
				case 425: return String(CharArray::of(0x6E, 0x69, 0xE3, 0x6D, 0x75, 0x77, 0x65, 0x73, 0x69));
				case 426: return String(CharArray::of(0x6E, 0x69, 0xE3, 0x6B, 0x75, 0x72, 0x69));
				case 427: return String(CharArray::of(0x6E, 0x69, 0x79, 0x75, 0x72, 0x75));
				case 428: return String(CharArray::of(0x0129, 0x73, 0x69, 0x6D, 0x61));
				case 429: return String(CharArray::of(0x75, 0x73, 0x69, 0x74, 0xE3, 0x6E, 0x69, 0x6B, 0x75));
				case 430: return String(CharArray::of(0x75, 0x79, 0x69, 0x62, 0x75, 0x61));
				case 437: return String(CharArray::of(0x75, 0x72, 0x75, 0x6D, 0x75));
				case 438: return String(CharArray::of(0x75, 0x72, 0x69, 0xE1));
				case 439: return String(CharArray::of(0x75, 0x73, 0x65, 0x74, 0x75));
				case 440: return String(CharArray::of(0x75, 0x73, 0x61, 0x79, 0x69));
				case 441: return String(CharArray::of(0x74, 0x75, 0x72, 0x69, 0x6B, 0x75, 0x20, 0x75, 0x74, 0x75, 0x6D, 0x61, 0x6E, 0x75));
				case 442: return String(CharArray::of(0x70, 0xE3, 0x79, 0x61, 0x62, 0x69));
				case 443: return String(CharArray::of(0x70, 0xE3, 0x67, 0x61, 0x73, 0x69, 0x6E, 0xE3));
				case 444: return String(CharArray::of(0x70, 0x61, 0x72, 0x61, 0x77, 0x69));
				case 445: return String(CharArray::of(0x70, 0xE3, 0x70, 0xE3, 0x67, 0x61));
				case 446: return String(CharArray::of(0x70, 0x61, 0x70, 0x69, 0x61, 0x6D, 0x1EBD, 0x74, 0x75));
				case 447: return String(CharArray::of(0x70, 0x61, 0x72, 0x61, 0x75, 0x61, 0x6E, 0x75));
				case 449: return String(CharArray::of(0x70, 0x69, 0x64, 0x69, 0x67, 0x0129, 0x20, 0x6E, 0x69, 0x79, 0x65, 0x72, 0x69, 0x61, 0x6E, 0x75));
				case 452: return String(CharArray::of(0x70, 0x65, 0x72, 0x73, 0x61, 0x20, 0x61, 0x72, 0x6B, 0x61, 0x69, 0x6B, 0x75));
				case 454: return String(CharArray::of(0x66, 0x69, 0x6E, 0xED, 0x73, 0x69, 0x75));
				case 455: return String(CharArray::of(0x70, 0xE1, 0x72, 0x69));
				case 457: return String(CharArray::of(0x70, 0x75, 0x72, 0x75, 0x6E, 0x65, 0x69));
				case 460: return String(CharArray::of(0x70, 0x0169, 0x70, 0x65, 0x69, 0x61, 0x6E, 0x75));
				case 462: return String(CharArray::of(0x70, 0x75, 0x72, 0x75, 0x73, 0x69, 0x61, 0x6E, 0x75));
				case 463: return String(CharArray::of(0x70, 0x75, 0x72, 0x75, 0x77, 0x1EBD, 0x73, 0x61, 0x75, 0x20, 0x61, 0x72, 0x6B, 0x61, 0x69, 0x6B, 0x75));
				case 464: return String(CharArray::of(0x70, 0x61, 0x78, 0x69, 0x74, 0x75));
				case 465: return String(CharArray::of(0x70, 0x75, 0x74, 0x75, 0x67, 0x65, 0x69));
				case 466: return String(CharArray::of(0x6B, 0xED, 0x78, 0x75, 0x61));
				case 467: return String(CharArray::of(0x6B, 0x69, 0x78, 0xE9));
				case 469: return String(CharArray::of(0x72, 0x61, 0x79, 0x61, 0x73, 0x69, 0x74, 0x61, 0x6E, 0x69));
				case 470: return String(CharArray::of(0x72, 0x61, 0x70, 0x61, 0x6E, 0x75, 0x69));
				case 471: return String(CharArray::of(0x72, 0x75, 0x72, 0x75, 0x74, 0x0169, 0x67, 0x61, 0x6E, 0x75));
				case 475: return String(CharArray::of(0x72, 0x75, 0x6D, 0xE3, 0x78, 0x69));
				case 476: return String(CharArray::of(0x72, 0x0169, 0x64, 0x69));
				case 477: 
					if (region == 179) return String(CharArray::of(0x6D, 0x75, 0x64, 0xE1, 0x77, 0x69, 0x75));
					return String(CharArray::of(0x72, 0x75, 0x6D, 0x65, 0x6E, 0x75));
				case 478: return String(CharArray::of(0x72, 0x0169, 0x62, 0x75));
				case 479: return String(CharArray::of(0x72, 0x75, 0x6D, 0x61, 0x6E, 0x69));
				case -1: return String(CharArray::of(0x72, 0x61, 0x69, 0x73, 0x69));
				case 482: return String(CharArray::of(0x72, 0x75, 0x73, 0x75));
				case 485: return String(CharArray::of(0x61, 0x72, 0x75, 0x6D, 0x65, 0x6E, 0x75));
				case 486: return String(CharArray::of(0x6B, 0x69, 0x6E, 0x69, 0x61, 0x72, 0x75, 0xE3, 0x64, 0x61));
				case 487: return String(CharArray::of(0x72, 0x75, 0x77, 0x61));
				case 488: return String(CharArray::of(0x73, 0xE3, 0x73, 0x69, 0x6B, 0x69, 0x72, 0x69, 0x74, 0x75));
				case 489: return String(CharArray::of(0x73, 0xE3, 0x64, 0x61, 0x77, 0x65));
				case 490: return String(CharArray::of(0x73, 0x61, 0x6B, 0x61));
				case 491: return String(CharArray::of(0x61, 0x72, 0x61, 0x6D, 0x61, 0x69, 0x6B, 0x75, 0x20, 0x73, 0x61, 0x6D, 0x61, 0x72, 0x69, 0x74, 0x61, 0x6E, 0x75));
				case 492: return String(CharArray::of(0x73, 0xE3, 0x62, 0x75, 0x72, 0x75));
				case 493: return String(CharArray::of(0x73, 0x61, 0x73, 0x61, 0x6B));
				case 494: return String(CharArray::of(0x73, 0xE3, 0x74, 0x61, 0x72, 0x69));
				case 496: return String(CharArray::of(0x0129, 0x67, 0xE3, 0x62, 0x61, 0x69));
				case 497: return String(CharArray::of(0x73, 0xE3, 0x67, 0x75));
				case 498: return String(CharArray::of(0x73, 0x61, 0x72, 0x69, 0x64, 0xFA));
				case 499: return String(CharArray::of(0x73, 0x69, 0x73, 0x69, 0x72, 0x69, 0x61, 0x6E, 0x75));
				case 500: return String(CharArray::of(0x69, 0x73, 0x69, 0x75, 0x74, 0x69, 0x73));
				case 501: return String(CharArray::of(0x73, 0x0129, 0x64, 0x69));
				case 503: return String(CharArray::of(0x6B, 0x75, 0x72, 0x69, 0x64, 0x75, 0x20, 0x6D, 0x65, 0x72, 0x69, 0x64, 0x69, 0x75, 0x6E, 0x61, 0x75));
				case 504: return String(CharArray::of(0x73, 0x61, 0x6D, 0x69, 0x20, 0x73, 0x65, 0x74, 0x1EBD, 0x74, 0x69, 0x72, 0x69, 0x75, 0x6E, 0x61, 0x75));
				case 505: return String(CharArray::of(0x73, 0x65, 0x6E, 0x65, 0x6B, 0x61));
				case 506: return String(CharArray::of(0x73, 0x65, 0x6E, 0x61));
				case 508: return String(CharArray::of(0x73, 0x65, 0x75, 0x6B, 0x75, 0x70, 0x69));
				case 509: return String(CharArray::of(0x6B, 0x75, 0x69, 0x72, 0x61, 0x62, 0x75, 0x72, 0x75, 0x20, 0x73, 0x65, 0x6E, 0x69));
				case 510: return String(CharArray::of(0x73, 0xE3, 0x67, 0xFA));
				case 511: return String(CharArray::of(0x69, 0x72, 0xE3, 0x64, 0x65, 0x73, 0x69, 0x61, 0x72, 0x6B, 0x61, 0x69, 0x6B, 0x75));
				case 513: return String(CharArray::of(0x73, 0x65, 0x72, 0x69, 0x77, 0x75, 0x2D, 0x6B, 0x72, 0x75, 0x61, 0x74, 0x61));
				case 514: return String(CharArray::of(0x74, 0x61, 0x78, 0x65, 0x72, 0x69, 0x74, 0x69));
				case 515: return String(CharArray::of(0x78, 0xE3, 0x6E, 0x69));
				case 516: return String(CharArray::of(0x61, 0x72, 0x61, 0x62, 0x69, 0x20, 0x78, 0x61, 0x64, 0x69, 0x61, 0x6E, 0x75));
				case 517: return String(CharArray::of(0x73, 0x0129, 0x67, 0x61, 0x72, 0x65, 0x69));
				case 518: return String(CharArray::of(0x73, 0x69, 0x64, 0x61, 0x6D, 0x75));
				case 519: return String(CharArray::of(0x65, 0x73, 0x69, 0x72, 0x75, 0x77, 0x61, 0x6B, 0x75));
				case 521: return String(CharArray::of(0x65, 0x73, 0x69, 0x72, 0x75, 0x77, 0x65, 0x6E, 0x75));
				case 525: return String(CharArray::of(0x73, 0x61, 0x6D, 0x75, 0x61, 0x6E, 0x75));
				case 526: return String(CharArray::of(0x73, 0x61, 0x6D, 0x69, 0x20, 0x6D, 0x65, 0x72, 0x69, 0x64, 0x69, 0x75, 0x6E, 0x61, 0x75));
				case 527: return String(CharArray::of(0x73, 0x61, 0x6D, 0x69, 0x20, 0x4C, 0x75, 0x6C, 0x65, 0x77, 0x61, 0x72, 0x61));
				case 528: return String(CharArray::of(0x73, 0x61, 0x6D, 0x69, 0x20, 0x49, 0x6E, 0x61, 0x72, 0x69, 0x77, 0x61, 0x72, 0x61));
				case 529: return String(CharArray::of(0x73, 0x61, 0x6D, 0x69, 0x20, 0x53, 0x6B, 0x6F, 0x6C, 0x74, 0x77, 0x61, 0x72, 0x61));
				case 530: return String(CharArray::of(0x78, 0x75, 0x6E, 0x61));
				case 531: return String(CharArray::of(0x73, 0x75, 0x6E, 0x0129, 0x6B, 0xEA));
				case 532: return String(CharArray::of(0x73, 0x75, 0x6D, 0x61, 0x72, 0x69));
				case 533: return String(CharArray::of(0x73, 0x75, 0x67, 0x69, 0x64, 0x69, 0x61, 0x6E, 0x75));
				case 534: return String(CharArray::of(0x61, 0x75, 0x62, 0x61, 0x6E, 0x65, 0x69));
				case 535: return String(CharArray::of(0x73, 0xE9, 0x72, 0x69, 0x77, 0x69, 0x75));
				case 536: return String(CharArray::of(0x73, 0x75, 0x72, 0x69, 0x6E, 0x61, 0x6D, 0x65, 0x69));
				case 537: return String(CharArray::of(0x73, 0x65, 0x72, 0x65, 0x72, 0x65));
				case 538: return String(CharArray::of(0x73, 0x75, 0xE1, 0x73, 0x69));
				case 539: return String(CharArray::of(0x73, 0x61, 0x72, 0x75));
				case 540: return String(CharArray::of(0x73, 0x75, 0x74, 0x75, 0x20, 0x73, 0x75, 0x77, 0x61, 0x72, 0x61));
				case 543: return String(CharArray::of(0x73, 0x0169, 0x64, 0x61, 0x6E, 0x65, 0x69));
				case 544: return String(CharArray::of(0x73, 0x75, 0x6B, 0x75, 0x6D, 0x61));
				case 545: return String(CharArray::of(0x73, 0x75, 0x73, 0x75));
				case 546: return String(CharArray::of(0x73, 0x75, 0x6D, 0x65, 0x72, 0x69, 0x75));
				case 547: return String(CharArray::of(0x73, 0x75, 0x65, 0x6B, 0x75));
				case 548: 
					if (region == 72) return String(CharArray::of(0x73, 0x75, 0x61, 0x69, 0x72, 0x69, 0x20, 0x6B, 0x0169, 0x67, 0x75, 0x77, 0x61, 0x72, 0x61));
					return String(CharArray::of(0x73, 0x75, 0x61, 0xED, 0x72, 0x69));
				case 549: return String(CharArray::of(0x6B, 0x75, 0x6D, 0x75, 0x72, 0x69, 0x61, 0x6E, 0x75));
				case 550: return String(CharArray::of(0x73, 0x69, 0x72, 0x69, 0x61, 0x6B, 0x75, 0x20, 0x6B, 0x61, 0x74, 0x75, 0x77, 0x61));
				case 551: return String(CharArray::of(0x73, 0x69, 0x72, 0x69, 0x61, 0x6B, 0x75));
				case 553: return String(CharArray::of(0x74, 0x61, 0x6D, 0x69, 0x75));
				case 556: return String(CharArray::of(0x74, 0xE9, 0x72, 0x75, 0x67, 0x75));
				case 557: return String(CharArray::of(0x74, 0x69, 0x6D, 0x69, 0x6E, 0x65));
				case 558: return String(CharArray::of(0x74, 0x65, 0x73, 0x6F));
				case 559: return String(CharArray::of(0x74, 0x65, 0x72, 0x65, 0x6E, 0x75));
				case 560: return String(CharArray::of(0x74, 0x65, 0x74, 0x0169));
				case 561: return String(CharArray::of(0x74, 0x61, 0x64, 0x69, 0x79, 0x69, 0x6B, 0x65));
				case 563: return String(CharArray::of(0x74, 0x61, 0x69, 0x72, 0xE3, 0x64, 0x65, 0x69));
				case 565: return String(CharArray::of(0x74, 0x69, 0x67, 0x69, 0x72, 0xED, 0x6E, 0x69, 0x61));
				case 566: return String(CharArray::of(0x74, 0x69, 0x67, 0x69, 0x72, 0xE9));
				case 567: return String(CharArray::of(0x74, 0x69, 0x76, 0x69));
				case 568: return String(CharArray::of(0x74, 0x75, 0x72, 0x69, 0x6B, 0x75, 0x6D, 0x65, 0x6E, 0x75));
				case 569: return String(CharArray::of(0x74, 0x75, 0x6B, 0x65, 0x72, 0x61, 0x75, 0x61, 0x6E, 0x75));
				case 571: return String(CharArray::of(0x74, 0x61, 0x67, 0x61, 0x72, 0x75));
				case 572: return String(CharArray::of(0x6B, 0x69, 0x72, 0x0129, 0x67, 0x0169));
				case 573: return String(CharArray::of(0x74, 0x69, 0x72, 0x0129, 0x67, 0x69, 0x74, 0x69));
				case 575: return String(CharArray::of(0x74, 0x61, 0x6D, 0x61, 0x78, 0x65, 0x6B, 0x69));
				case 576: return String(CharArray::of(0x74, 0x69, 0x73, 0x75, 0x61, 0x6E, 0x61));
				case 577: return String(CharArray::of(0x74, 0x0169, 0x67, 0x61, 0x6E, 0x65, 0x69));
				case 578: return String(CharArray::of(0x74, 0x0169, 0x67, 0x61, 0x6E, 0x65, 0x69, 0x20, 0x4E, 0x69, 0x61, 0x73, 0x61, 0x77, 0x61, 0x72, 0x61));
				case 580: return String(CharArray::of(0x74, 0x75, 0x6B, 0x69, 0x20, 0x70, 0x69, 0x73, 0x0129));
				case 581: return String(CharArray::of(0x74, 0x75, 0x72, 0x6B, 0x75));
				case 583: return String(CharArray::of(0x74, 0x61, 0x72, 0x75, 0x6B, 0x75));
				case 585: return String(CharArray::of(0x74, 0x65, 0x73, 0x0169, 0x67, 0x61));
				case 587: return String(CharArray::of(0x74, 0x65, 0x73, 0x0129, 0x6D, 0x0129, 0x78, 0x69, 0x61, 0x6E, 0x75));
				case 588: return String(CharArray::of(0x74, 0xE1, 0x72, 0x69, 0x74, 0x61, 0x72, 0x75));
				case 591: return String(CharArray::of(0x74, 0x0169, 0x62, 0x75, 0x6B, 0x61));
				case 592: return String(CharArray::of(0x74, 0x75, 0x77, 0x61, 0x72, 0x75, 0x61, 0x6E, 0x75));
				case 593: return String(CharArray::of(0x74, 0x75, 0x69));
				case 594: return String(CharArray::of(0x74, 0x61, 0x73, 0x61, 0x77, 0x61, 0x6B, 0x65));
				case 595: return String(CharArray::of(0x74, 0x61, 0x69, 0x74, 0x69, 0x61, 0x6E, 0x75));
				case 596: return String(CharArray::of(0x74, 0x75, 0x77, 0x69, 0x6E, 0x69, 0x61, 0x6E, 0x75));
				case 597: return String(CharArray::of(0x74, 0x61, 0x6D, 0x61, 0x73, 0x69, 0x72, 0x69, 0x74, 0x69, 0x20, 0xC1, 0x74, 0x72, 0x61, 0x73, 0x20, 0x6B, 0x61, 0x74, 0x75, 0x77, 0x61));
				case 598: return String(CharArray::of(0x75, 0x64, 0x69, 0x6D, 0x75, 0x72, 0x69, 0x74, 0x65));
				case 599: return String(CharArray::of(0x77, 0x69, 0x67, 0x75, 0x72, 0x69));
				case 600: return String(CharArray::of(0x75, 0x67, 0x61, 0x72, 0xED, 0x74, 0x69, 0x6B, 0x75));
				case 601: return String(CharArray::of(0x75, 0x6B, 0x61, 0x72, 0x61, 0x6E, 0x69, 0x61, 0x6E, 0x75));
				case 602: return String(CharArray::of(0x0169, 0x62, 0x0169, 0x64, 0x75));
				case 603: return String(CharArray::of(0x0169, 0x62, 0x61, 0x20, 0x75, 0x79, 0x75, 0x6B, 0x75, 0x61, 0x75, 0x20, 0x6E, 0x68, 0x65, 0x1EBD, 0x67, 0x61));
				case 604: return String(CharArray::of(0x75, 0x72, 0x64, 0x75));
				case 605: return String(CharArray::of(0x75, 0x73, 0x69, 0x62, 0x65, 0x6B, 0x69));
				case 606: return String(CharArray::of(0x77, 0x61, 0x69));
				case 607: return String(CharArray::of(0x77, 0x1EBD, 0x64, 0x61));
				case 610: return String(CharArray::of(0x77, 0x69, 0x65, 0x74, 0x69, 0x6E, 0x61, 0x6D, 0x69, 0x74, 0x61));
				case 614: return String(CharArray::of(0x77, 0x75, 0x72, 0x61, 0x70, 0x75, 0x6B, 0x65));
				case 615: return String(CharArray::of(0x77, 0xFA, 0x74, 0x69, 0x6B, 0x75));
				case 617: return String(CharArray::of(0x77, 0x0169, 0x79, 0x75));
				case 618: return String(CharArray::of(0x77, 0x61, 0x72, 0xE3, 0x75));
				case 619: return String(CharArray::of(0x77, 0x61, 0x75, 0x73, 0x65, 0x72, 0x69));
				case 620: return String(CharArray::of(0x77, 0x6F, 0x72, 0x61, 0x69, 0x74, 0x61));
				case 621: return String(CharArray::of(0x77, 0x61, 0x72, 0x61, 0x69));
				case 622: return String(CharArray::of(0x77, 0x61, 0x78, 0x75));
				case 623: return String(CharArray::of(0x77, 0x61, 0x72, 0x69, 0x70, 0x69, 0x72, 0x69));
				case 624: return String(CharArray::of(0x77, 0x6F, 0x72, 0x6F, 0x66, 0x69));
				case 625: return String(CharArray::of(0x77, 0x75, 0x72, 0x61, 0x70, 0x75, 0x6B, 0x69));
				case 626: return String(CharArray::of(0x6B, 0x61, 0x75, 0x6D, 0x69, 0x6B, 0x69));
				case 627: return String(CharArray::of(0x78, 0x6F, 0x73, 0x61));
				case 630: return String(CharArray::of(0x72, 0x75, 0x73, 0x6F, 0x67, 0x61));
				case 631: return String(CharArray::of(0x79, 0x61, 0x75));
				case 632: return String(CharArray::of(0x79, 0x61, 0x70, 0x65, 0x73, 0x65));
				case 633: return String(CharArray::of(0x79, 0xE3, 0x67, 0x69, 0x62, 0x1EBD));
				case 634: return String(CharArray::of(0x79, 0x1EBD, 0x62, 0x61));
				case 635: return String(CharArray::of(0x79, 0xED, 0x64, 0x69, 0x78, 0x69));
				case 636: return String(CharArray::of(0x79, 0x75, 0x72, 0x75, 0x62, 0xE1));
				case 637: return String(CharArray::of(0x6E, 0x68, 0x65, 0x1EBD, 0x67, 0x61, 0x74, 0x75));
				case 638: return String(CharArray::of(0x6B, 0xE3, 0x74, 0x75, 0x6E, 0x65, 0x69));
				case 639: return String(CharArray::of(0x73, 0x75, 0xE3, 0x67, 0x69));
				case 640: return String(CharArray::of(0x73, 0x61, 0x70, 0x75, 0x74, 0x65, 0x6B, 0x75));
				case 641: return String(CharArray::of(0x72, 0xE3, 0x67, 0x61, 0x73, 0x61, 0x69, 0x74, 0xE1, 0x20, 0x62, 0x72, 0x69, 0x73, 0x69));
				case 643: return String(CharArray::of(0x73, 0x65, 0x6E, 0x61, 0x67, 0x61));
				case 644: return String(CharArray::of(0x74, 0x61, 0x6D, 0x61, 0x73, 0x69, 0x72, 0x69, 0x74, 0x69, 0x20, 0x6D, 0x61, 0x72, 0x75, 0x6B, 0x69, 0x6E, 0x75, 0x20, 0x70, 0x61, 0x64, 0x72, 0xE3, 0x75));
				case 645: 
					if (script == 61) return String(CharArray::of(0x78, 0x69, 0x6E, 0x61, 0x6E, 0x68, 0x65, 0x1EBD, 0x67, 0x61, 0x20, 0x6B, 0x61, 0x74, 0x75, 0x77, 0x61));
					if (script == 60) return String(CharArray::of(0x78, 0x69, 0x6E, 0x61, 0x6E, 0x68, 0x65, 0x1EBD, 0x67, 0x61, 0x20, 0x69, 0x77, 0x61, 0x73, 0x75, 0x0129, 0x6D, 0x61));
					return String(CharArray::of(0x78, 0x69, 0x6E, 0x61, 0x6E, 0x68, 0x65, 0x1EBD, 0x67, 0x61));
				case 646: return String(CharArray::of(0x73, 0x75, 0x72, 0x75));
				case 647: return String(CharArray::of(0x73, 0x0169, 0x79, 0x69));
				case 648: return String(CharArray::of(0x0169, 0x62, 0x61, 0x20, 0x61, 0x79, 0x6B, 0x75, 0xE9, 0x20, 0x6E, 0x68, 0x65, 0x1EBD, 0x67, 0x61, 0x20, 0x73, 0x65, 0x73, 0x65, 0x77, 0x61, 0x72, 0x61, 0x69, 0x74, 0xE1));
				case 649: return String(CharArray::of(0x73, 0x61, 0x73, 0x61, 0x6B, 0x69));
            default: break;
            }
            return String();
        }
        
        String Yrl::displayScript(gint script) const {
            switch(script) {
				case 4: return String(CharArray::of(0x61, 0x72, 0x61, 0x62, 0x69, 0x6B, 0x61));
				case 6: return String(CharArray::of(0x61, 0x72, 0x69, 0x6D, 0x69));
				case 7: return String(CharArray::of(0x61, 0x72, 0x69, 0x6D, 0x1EBD, 0x6E, 0x69, 0x75));
				case 8: return String(CharArray::of(0x61, 0x77, 0xE9, 0x74, 0x69, 0x6B, 0x75));
				case 9: return String(CharArray::of(0x62, 0x61, 0x72, 0x69, 0x6E, 0x65, 0x69, 0x73, 0x69));
				case 10: return String(CharArray::of(0x62, 0x61, 0x6D, 0x0169));
				case 12: return String(CharArray::of(0x62, 0x61, 0x74, 0x61, 0x6B, 0x69));
				case 13: return String(CharArray::of(0x62, 0x1EBD, 0x67, 0x61, 0x72, 0x69));
				case 15: return String(CharArray::of(0x72, 0xE3, 0x67, 0x61, 0x73, 0x61, 0x69, 0x74, 0xE1, 0x20, 0x62, 0x6C, 0x69, 0x73, 0x73));
				case 16: return String(CharArray::of(0x62, 0x75, 0x70, 0x75, 0x6D, 0x75, 0x66, 0x75));
				case 17: return String(CharArray::of(0x62, 0x72, 0x61, 0x6D, 0x69));
				case 18: return String(CharArray::of(0x62, 0x72, 0x61, 0x69, 0x72, 0x65));
				case 19: return String(CharArray::of(0x62, 0x75, 0x67, 0x69, 0x6E, 0x65, 0x69));
				case 20: return String(CharArray::of(0x62, 0x75, 0x77, 0x69, 0x64, 0x69));
				case 21: return String(CharArray::of(0x6B, 0x61, 0x6B, 0x69, 0x6D, 0x69));
				case 22: return String(CharArray::of(0x79, 0x0169, 0x70, 0x69, 0x6E, 0x69, 0x6D, 0x61, 0x73, 0xE1, 0x20, 0x73, 0xED, 0x72, 0x61, 0x62, 0x61, 0x20, 0x69, 0x72, 0x0169, 0x20, 0x61, 0x62, 0x75, 0x72, 0xED, 0x6A, 0x69, 0x6E, 0x69, 0x20, 0x6B, 0x61, 0x6E, 0x61, 0x64, 0xE1, 0x77, 0x61, 0x72, 0x61, 0x20, 0x73, 0x75, 0xED));
				case 23: return String(CharArray::of(0x6B, 0x61, 0x72, 0x69, 0x61, 0x6E, 0x75));
				case 24: return String(CharArray::of(0x78, 0xE3, 0x6D, 0x69));
				case 25: return String(CharArray::of(0x78, 0x65, 0x72, 0x6F, 0x6B, 0xED));
				case 27: return String(CharArray::of(0x72, 0x75, 0x6E, 0x69, 0x6B, 0x61, 0x72, 0x61, 0x6E, 0x61));
				case 28: return String(CharArray::of(0x6B, 0x75, 0x70, 0x69, 0x74, 0x69, 0x6B, 0x75));
				case 30: return String(CharArray::of(0x73, 0x69, 0x70, 0x69, 0x72, 0x69, 0x75, 0x74, 0x61));
				case 31: return String(CharArray::of(0x73, 0x69, 0x72, 0xED, 0x72, 0x69, 0x6B, 0x75));
				case 32: return String(CharArray::of(0x73, 0x69, 0x72, 0xED, 0x72, 0x69, 0x6B, 0x75, 0x20, 0x69, 0x73, 0x69, 0x72, 0x61, 0x77, 0x75, 0x20, 0x65, 0x6B, 0x65, 0x72, 0x65, 0x73, 0x69, 0x61, 0x74, 0x69, 0x6B, 0x75));
				case 33: return String(CharArray::of(0x64, 0x65, 0x77, 0x61, 0x6E, 0x61, 0x67, 0x61, 0x72, 0x69));
				case 36: return String(CharArray::of(0x64, 0x65, 0x73, 0x65, 0x72, 0x65, 0x74, 0x69));
				case 38: return String(CharArray::of(0x64, 0x65, 0x6D, 0xFA, 0x74, 0x69, 0x6B, 0x75, 0x20, 0x65, 0x67, 0x69, 0x70, 0x69, 0x73, 0x69, 0x75));
				case 39: return String(CharArray::of(0x69, 0x65, 0x72, 0xE1, 0x74, 0x69, 0x6B, 0x75, 0x20, 0x65, 0x67, 0x69, 0x70, 0x69, 0x73, 0x69, 0x75));
				case 40: return String(CharArray::of(0x65, 0x67, 0x69, 0x70, 0x73, 0x69, 0x75, 0x2D, 0x69, 0x74, 0x61, 0x20, 0x6B, 0x75, 0x61, 0x74, 0x69, 0x61, 0x72, 0x61, 0x20, 0x6B, 0x75, 0x78, 0x69, 0xED, 0x6D, 0x61, 0x77, 0x61, 0x72, 0x61));
				case 43: return String(CharArray::of(0x65, 0x74, 0x69, 0xFA, 0x70, 0x69, 0x6B, 0x75));
				case 45: return String(CharArray::of(0x6B, 0x75, 0x74, 0x69, 0x73, 0x75, 0x72, 0x69, 0x20, 0x67, 0x65, 0x75, 0x72, 0x67, 0x69, 0x61, 0x6E, 0x75));
				case 46: return String(CharArray::of(0x67, 0x65, 0x75, 0x72, 0x67, 0x69, 0x61, 0x6E, 0x75));
				case 47: return String(CharArray::of(0x67, 0x61, 0x72, 0x61, 0x67, 0x75, 0x72, 0xED, 0x74, 0x69, 0x6B, 0x75));
				case 50: return String(CharArray::of(0x67, 0xFA, 0x74, 0x69, 0x6B, 0x75));
				case 52: return String(CharArray::of(0x67, 0x65, 0x72, 0x65, 0x67, 0x75));
				case 53: return String(CharArray::of(0x67, 0x75, 0x73, 0x65, 0x72, 0x61, 0x74, 0x69));
				case 55: return String(CharArray::of(0x67, 0x75, 0x6D, 0x75, 0x6B, 0x69));
				case 56: return String(CharArray::of(0x68, 0xE3, 0x62, 0x69));
				case 57: return String(CharArray::of(0x68, 0xE3, 0x67, 0x75));
				case 58: return String(CharArray::of(0x68, 0xE3));
				case 59: return String(CharArray::of(0x68, 0x61, 0x6E, 0x75, 0x6E, 0x75));
				case 60: return String(CharArray::of(0x69, 0x77, 0x61, 0x73, 0x75, 0x0129, 0x6D, 0x61));
				case 61: return String(CharArray::of(0x6B, 0x61, 0x74, 0x75, 0x77, 0x61));
				case 63: return String(CharArray::of(0x68, 0x65, 0x62, 0x75, 0x72, 0x61, 0x69, 0x6B, 0x75));
				case 64: return String(CharArray::of(0x68, 0x69, 0x72, 0x61, 0x67, 0x61, 0x6E, 0x61));
				case 66: return String(CharArray::of(0x70, 0x61, 0x72, 0x61, 0x75, 0x20, 0x68, 0x69, 0x6D, 0x0169, 0x67, 0x69));
				case 68: return String(CharArray::of(0x79, 0x61, 0x70, 0x75, 0x6E, 0x65, 0x69, 0x20, 0x73, 0xED, 0x72, 0x61, 0x62, 0x61, 0x20, 0x69, 0x72, 0x0169));
				case 69: return String(CharArray::of(0x0169, 0x67, 0x61, 0x72, 0x75, 0x20, 0x6B, 0x75, 0x78, 0x69, 0xED, 0x6D, 0x61, 0x77, 0x61, 0x72, 0x61));
				case 70: return String(CharArray::of(0x0129, 0x64, 0x75));
				case 71: return String(CharArray::of(0x69, 0x74, 0xE1, 0x72, 0x69, 0x6B, 0x75, 0x20, 0x6B, 0x75, 0x78, 0x69, 0xED, 0x6D, 0x61, 0x77, 0x61, 0x72, 0x61));
				case 72: return String(CharArray::of(0x79, 0x61, 0x6D, 0x75));
				case 73: return String(CharArray::of(0x79, 0x61, 0x77, 0x61, 0x6E, 0x65, 0x69));
				case 74: return String(CharArray::of(0x79, 0x61, 0x70, 0x75, 0x6E, 0x65, 0x69));
				case 76: return String(CharArray::of(0x6B, 0x61, 0x79, 0x61, 0x20, 0x72, 0x69));
				case 77: return String(CharArray::of(0x6B, 0x61, 0x74, 0x61, 0x6B, 0x61, 0x6E, 0xE1));
				case 79: return String(CharArray::of(0x6B, 0x61, 0x72, 0x75, 0x78, 0x69, 0x74, 0x69));
				case 80: return String(CharArray::of(0x6B, 0x69, 0x6D, 0xE9));
				case 83: return String(CharArray::of(0x6B, 0xE3, 0x6E, 0x61, 0x72, 0xE1));
				case 84: return String(CharArray::of(0x6B, 0x75, 0x72, 0x65, 0x61, 0x6E, 0x75));
				case 87: return String(CharArray::of(0x6B, 0x69, 0x74, 0x69));
				case 88: return String(CharArray::of(0x72, 0x61, 0x6E, 0x61));
				case 89: return String(CharArray::of(0x72, 0x61, 0x75));
				case 90: return String(CharArray::of(0x72, 0x61, 0x74, 0x0129, 0x20, 0x66, 0x61, 0x72, 0x61, 0x6B, 0x69, 0x74, 0xFA));
				case 91: return String(CharArray::of(0x72, 0x61, 0x74, 0x0129, 0x20, 0x67, 0x61, 0xE9, 0x72, 0x69, 0x6B, 0x75));
				case 92: return String(CharArray::of(0x72, 0x61, 0x74, 0x0129));
				case 93: return String(CharArray::of(0x72, 0x65, 0x70, 0x69, 0x78, 0x61));
				case 94: return String(CharArray::of(0x72, 0x0129, 0x62, 0x75));
				case 95: return String(CharArray::of(0x73, 0x61, 0x74, 0xE3, 0x62, 0x69, 0x6B, 0x61, 0x20, 0x41));
				case 96: return String(CharArray::of(0x73, 0x61, 0x74, 0xE3, 0x62, 0x69, 0x6B, 0x61, 0x20, 0x42));
				case 97: return String(CharArray::of(0x72, 0x69, 0x73, 0x75));
				case 99: return String(CharArray::of(0x72, 0xED, 0x73, 0x69, 0x75));
				case 100: return String(CharArray::of(0x72, 0xED, 0x64, 0x69, 0x75));
				case 103: return String(CharArray::of(0x6D, 0xE3, 0x64, 0x61, 0x69, 0x6B, 0x75));
				case 104: return String(CharArray::of(0x6D, 0x61, 0x6E, 0x69, 0x6B, 0x65, 0x61, 0x6E, 0x75));
				case 106: return String(CharArray::of(0x6D, 0x61, 0x79, 0x61, 0x2D, 0x69, 0x74, 0x61, 0x20, 0x6B, 0x75, 0x61, 0x74, 0x69, 0x61, 0x72, 0x61, 0x20, 0x6B, 0x75, 0x78, 0x69, 0xED, 0x6D, 0x61, 0x77, 0x61, 0x72, 0x61));
				case 109: return String(CharArray::of(0x6D, 0x65, 0x72, 0x75, 0xED, 0x74, 0x69, 0x6B, 0x75, 0x20, 0x6B, 0x75, 0x73, 0x69, 0x77, 0x75));
				case 110: return String(CharArray::of(0x6D, 0x65, 0x72, 0x75, 0xED, 0x74, 0x69, 0x6B, 0x75));
				case 111: return String(CharArray::of(0x6D, 0x61, 0x72, 0x61, 0x79, 0x61, 0x72, 0x61));
				case 113: return String(CharArray::of(0x6D, 0x0169, 0x67, 0xFA));
				case 114: return String(CharArray::of(0x4D, 0x6F, 0x6F, 0x6E, 0x20, 0x6B, 0x75, 0x61, 0x74, 0x69, 0x61, 0x72, 0x61));
				case 116: return String(CharArray::of(0x6D, 0x61, 0x6E, 0x69, 0x70, 0x75, 0x72, 0x69, 0x20, 0x6B, 0x75, 0x61, 0x74, 0x69, 0x61, 0x72, 0x61));
				case 118: return String(CharArray::of(0x62, 0x69, 0x72, 0x69, 0x6D, 0x61, 0x6E, 0x65, 0x69));
				case 125: return String(CharArray::of(0x0129, 0x6B, 0x75));
				case 127: return String(CharArray::of(0x75, 0x67, 0xE3, 0x6D, 0x69, 0x6B, 0x75));
				case 128: return String(CharArray::of(0x75, 0x78, 0x69, 0x6B, 0x69));
				case 130: return String(CharArray::of(0x75, 0x72, 0x69, 0x6B, 0x0169));
				case 131: return String(CharArray::of(0x75, 0x72, 0x69, 0xE1));
				case 133: return String(CharArray::of(0x75, 0x73, 0x6D, 0x61, 0x6E, 0x69, 0x61));
				case 137: return String(CharArray::of(0x70, 0xE9, 0x72, 0x69, 0x6D, 0x69, 0x6B, 0x75, 0x20, 0x6B, 0x75, 0x78, 0x69, 0xED, 0x6D, 0x61, 0x77, 0x61, 0x72, 0x61));
				case 138: return String(CharArray::of(0x70, 0x68, 0x61, 0x67, 0x69, 0x70, 0x61));
				case 139: return String(CharArray::of(0x70, 0x68, 0x6C, 0x69));
				case 140: return String(CharArray::of(0x70, 0x68, 0x6C, 0x70));
				case 141: return String(CharArray::of(0x70, 0x61, 0x72, 0x61, 0x76, 0x69, 0x20, 0x6B, 0x75, 0x78, 0x69, 0xED, 0x6D, 0x61, 0x77, 0x61, 0x72, 0x61));
				case 142: return String(CharArray::of(0x66, 0x69, 0x6E, 0xED, 0x73, 0x69, 0x75));
				case 143: return String(CharArray::of(0x66, 0x75, 0x6E, 0xE9, 0x74, 0x69, 0x6B, 0x75, 0x20, 0x6D, 0x69, 0x61, 0x75));
				case 144: return String(CharArray::of(0x70, 0x72, 0x74, 0x69));
				case 146: return String(CharArray::of(0x72, 0x65, 0x79, 0xE3, 0x67, 0x69));
				case 148: return String(CharArray::of(0x72, 0x0169, 0x67, 0x75, 0x72, 0x0169, 0x67, 0x75));
				case 149: return String(CharArray::of(0x72, 0xFA, 0x6E, 0x69, 0x6B, 0x75));
				case 150: return String(CharArray::of(0x73, 0x61, 0x6D, 0x61, 0x72, 0x69, 0x74, 0x61, 0x6E, 0x75));
				case 151: return String(CharArray::of(0x73, 0x61, 0x72, 0x61, 0x74, 0x69));
				case 153: return String(CharArray::of(0x73, 0x61, 0x75, 0x72, 0x61, 0x78, 0x69, 0x74, 0x61, 0x72, 0x61));
				case 154: return String(CharArray::of(0x73, 0xE3, 0x67, 0x61, 0x77, 0x61, 0x20, 0x6B, 0x75, 0x61, 0x74, 0x69, 0x61, 0x72, 0x61));
				case 155: return String(CharArray::of(0x78, 0x61, 0x77, 0x69, 0x61, 0x6E, 0x75));
				case 159: return String(CharArray::of(0x73, 0x0129, 0x67, 0x61, 0x72, 0x65, 0x69));
				case 164: return String(CharArray::of(0x73, 0x75, 0x64, 0xE3, 0x6E, 0x65, 0x69));
				case 166: return String(CharArray::of(0x73, 0x69, 0x72, 0x75, 0x74, 0x69, 0x20, 0x6E, 0x61, 0x67, 0x69, 0x72, 0x69));
				case 167: return String(CharArray::of(0x73, 0x69, 0x72, 0xED, 0x61, 0x6B, 0x75));
				case 168: return String(CharArray::of(0x73, 0x69, 0x72, 0xED, 0x61, 0x6B, 0x75, 0x20, 0x65, 0x73, 0x69, 0x74, 0x61, 0x72, 0xE3, 0x67, 0x65, 0x72, 0x75));
				case 169: return String(CharArray::of(0x73, 0x69, 0x72, 0x69, 0x61, 0x6B, 0x75, 0x20, 0x75, 0x73, 0x69, 0x64, 0x1EBD, 0x74, 0x61, 0x77, 0x61, 0x72, 0x61));
				case 170: return String(CharArray::of(0x73, 0x69, 0x72, 0x69, 0x61, 0x6B, 0x75, 0x20, 0x75, 0x72, 0x69, 0x1EBD, 0x74, 0x61, 0x77, 0x61, 0x72, 0x61));
				case 171: return String(CharArray::of(0x74, 0x61, 0x67, 0x69, 0x62, 0x61, 0x6E, 0x75, 0x61));
				case 173: return String(CharArray::of(0x74, 0x61, 0x69, 0x20, 0x72, 0x65));
				case 174: return String(CharArray::of(0x74, 0x61, 0x69, 0x20, 0x72, 0x75, 0x65, 0x20, 0x70, 0x69, 0x73, 0x61, 0x73, 0xFA));
				case 175: return String(CharArray::of(0x74, 0xE3, 0x6D, 0x69, 0x75));
				case 177: return String(CharArray::of(0x74, 0x61, 0x77, 0x69, 0x74, 0x69));
				case 178: return String(CharArray::of(0x74, 0xE9, 0x72, 0x75, 0x67, 0x75));
				case 179: return String(CharArray::of(0x74, 0x1EBD, 0x67, 0x75, 0x77, 0x61, 0x72, 0x69));
				case 180: return String(CharArray::of(0x74, 0x69, 0x66, 0x69, 0x6E, 0x61, 0x67, 0x69));
				case 181: return String(CharArray::of(0x74, 0x61, 0x67, 0x61, 0x72, 0x75));
				case 182: return String(CharArray::of(0x74, 0x61, 0x2D, 0x61, 0x6E, 0x61));
				case 183: return String(CharArray::of(0x74, 0x61, 0x69, 0x72, 0xE3, 0x64, 0x65, 0x69));
				case 184: return String(CharArray::of(0x74, 0x69, 0x62, 0x65, 0x74, 0x61, 0x6E, 0x75));
				case 190: return String(CharArray::of(0x75, 0x67, 0x61, 0x72, 0xED, 0x74, 0x69, 0x6B, 0x75));
				case 191: return String(CharArray::of(0x77, 0x61, 0x69));
				case 192: return String(CharArray::of(0x6E, 0x68, 0x65, 0x1EBD, 0x67, 0x61, 0x20, 0x78, 0x69, 0x70, 0x69, 0x61, 0x77, 0x65, 0x72, 0x61));
				case 197: return String(CharArray::of(0x70, 0x65, 0x72, 0x69, 0x73, 0x61, 0x20, 0x6B, 0x75, 0x78, 0x69, 0xED, 0x6D, 0x61, 0x77, 0x61, 0x72, 0x61));
				case 198: return String(CharArray::of(0x73, 0x75, 0x6D, 0xE9, 0x72, 0x69, 0x75, 0x2D, 0x61, 0x6B, 0x61, 0x64, 0x69, 0x61, 0x6E, 0x75, 0x20, 0x6B, 0x75, 0x6E, 0x65, 0x2D, 0x73, 0xE3, 0x67, 0x61, 0x77, 0x61));
				case 200: return String(CharArray::of(0x79, 0x69));
				case 202: return String(CharArray::of(0x74, 0x61, 0x75, 0x78, 0x61, 0x72, 0x69, 0x77, 0x61));
				case 203: return String(CharArray::of(0x6D, 0x61, 0x74, 0x65, 0x6D, 0xE1, 0x74, 0x69, 0x6B, 0x61, 0x20, 0x6B, 0x75, 0x61, 0x74, 0x69, 0x61, 0x72, 0x61));
				case 204: return String(CharArray::of(0x45, 0x6D, 0x75, 0x79, 0x69));
				case 205: return String(CharArray::of(0x7A, 0x73, 0x79, 0x6D));
				case 206: return String(CharArray::of(0x79, 0x0169, 0x70, 0x69, 0x6E, 0x69, 0x6D, 0x61, 0x73, 0xE1, 0x0129, 0x6D, 0x61));
				case 207: return String(CharArray::of(0x6D, 0x61, 0x79, 0x65, 0x77, 0x65, 0x72, 0x61));
				case 208: return String(CharArray::of(0x79, 0x0169, 0x70, 0x69, 0x6E, 0x69, 0x6D, 0x61, 0x73, 0xE1, 0x20, 0x0169, 0x62, 0x61, 0x77, 0x61, 0x20, 0x75, 0x79, 0x75, 0x6B, 0x75, 0x61, 0x75));
            default: break;
            }
            return String();
        }
        
        String Yrl::displayCountry(gint region) const {
            switch(region) {

				case 0: return String(CharArray::of(0x49, 0x77, 0x69));

				case 1: return String(CharArray::of(0x41, 0x66, 0x69, 0x72, 0x69, 0x6B, 0x61));

				case 2: return String(CharArray::of(0x41, 0x6D, 0x65, 0x72, 0x69, 0x6B, 0x61, 0x20, 0x4E, 0x75, 0x74, 0x69, 0x20, 0x73, 0x75, 0xED));

				case 3: return String(CharArray::of(0x41, 0x6D, 0x65, 0x72, 0x69, 0x6B, 0x61, 0x20, 0x53, 0x75, 0x20, 0x73, 0x75, 0xED));

				case 4: return String(CharArray::of(0x55, 0x73, 0x65, 0xE3, 0x6E, 0x69, 0x79, 0x61));

				case 5: return String(CharArray::of(0x41, 0x66, 0x69, 0x72, 0x69, 0x6B, 0x61, 0x20, 0x55, 0x73, 0x69, 0x64, 0x1EBD, 0x74, 0x61, 0x77, 0x61, 0x72, 0x61));

				case 6: return String(CharArray::of(0x41, 0x6D, 0x65, 0x72, 0x69, 0x6B, 0x61, 0x20, 0x50, 0x69, 0x74, 0x65, 0x72, 0x61, 0x70, 0x75, 0x72, 0x61));

				case 7: return String(CharArray::of(0x41, 0x66, 0x69, 0x72, 0x69, 0x6B, 0x61, 0x20, 0x55, 0x72, 0x69, 0x1EBD, 0x74, 0x61, 0x77, 0x61, 0x72, 0x61));

				case 8: return String(CharArray::of(0x41, 0x66, 0x69, 0x72, 0x69, 0x6B, 0x61, 0x20, 0x4E, 0x75, 0x74, 0x69, 0x20, 0x73, 0x75, 0xED));

				case 9: return String(CharArray::of(0x41, 0x66, 0x69, 0x72, 0x69, 0x6B, 0x61, 0x20, 0x50, 0x69, 0x74, 0x65, 0x72, 0x61, 0x70, 0x75, 0x72, 0x61));

				case 10: return String(CharArray::of(0x41, 0x66, 0x69, 0x72, 0x69, 0x6B, 0x61, 0x20, 0x4D, 0x65, 0x72, 0x69, 0x64, 0x69, 0x79, 0x75, 0x6E, 0x61, 0x75));

				case 11: return String(CharArray::of(0x41, 0x6D, 0x65, 0x72, 0x69, 0x63, 0x61, 0x2D, 0x69, 0x74, 0x61));

				case 12: return String(CharArray::of(0x41, 0x6D, 0x65, 0x72, 0x69, 0x6B, 0x61, 0x20, 0x53, 0x65, 0x74, 0x1EBD, 0x74, 0x69, 0x72, 0x69, 0x75, 0x6E, 0x61, 0x75));

				case 13: return String(CharArray::of(0x4B, 0x61, 0x72, 0xED, 0x62, 0x69));

				case 14: return String(CharArray::of(0xC1, 0x73, 0x69, 0x79, 0x61, 0x20, 0x55, 0x72, 0x69, 0x1EBD, 0x74, 0x61, 0x77, 0x61, 0x72, 0x61));

				case 15: return String(CharArray::of(0xC1, 0x73, 0x69, 0x79, 0x61, 0x20, 0x4D, 0x65, 0x72, 0x69, 0x64, 0x69, 0x79, 0x75, 0x6E, 0x61, 0x75));

				case 16: return String(CharArray::of(0x53, 0x75, 0x64, 0x65, 0x74, 0x69, 0x20, 0xC1, 0x73, 0x69, 0x79, 0x61, 0x74, 0x69, 0x6B, 0x75));

				case 17: return String(CharArray::of(0x45, 0x75, 0x72, 0x75, 0x70, 0x61, 0x20, 0x4D, 0x65, 0x72, 0x69, 0x64, 0x69, 0x79, 0x75, 0x6E, 0x61, 0x75));

				case 18: return String(CharArray::of(0x41, 0x75, 0x73, 0x69, 0x74, 0x61, 0x72, 0x61, 0x73, 0x69, 0x61));

				case 19: return String(CharArray::of(0x4D, 0x65, 0x72, 0x61, 0x6E, 0xE9, 0x73, 0x69, 0x79, 0x61));

				case 20: return String(CharArray::of(0x4D, 0x69, 0x63, 0x75, 0x72, 0x6F, 0x6E, 0x65, 0x73, 0x69, 0x79, 0x61, 0x20, 0x54, 0x65, 0x74, 0xE3, 0x6D, 0x61));

				case 21: return String(CharArray::of(0x50, 0x75, 0x6C, 0x69, 0x6E, 0x65, 0x73, 0x69, 0x79, 0x61));

				case 22: return String(CharArray::of(0xC1, 0x73, 0x69, 0x79, 0x61));

				case 23: return String(CharArray::of(0xC1, 0x73, 0x69, 0x79, 0x61, 0x20, 0x50, 0x69, 0x74, 0x65, 0x72, 0x61, 0x70, 0x75, 0x72, 0x61));

				case 24: return String(CharArray::of(0xC1, 0x73, 0x69, 0x79, 0x61, 0x20, 0x55, 0x73, 0x69, 0x64, 0x1EBD, 0x74, 0x61, 0x77, 0x61, 0x72, 0x61));

				case 25: return String(CharArray::of(0x45, 0x75, 0x72, 0x75, 0x70, 0x61));

				case 26: return String(CharArray::of(0x45, 0x75, 0x72, 0x75, 0x70, 0x61, 0x20, 0x55, 0x72, 0x69, 0x1EBD, 0x74, 0x61, 0x77, 0x61, 0x72, 0x61));

				case 27: return String(CharArray::of(0x45, 0x75, 0x72, 0x75, 0x70, 0x61, 0x20, 0x53, 0x65, 0x74, 0x1EBD, 0x74, 0x69, 0x72, 0x69, 0x75, 0x6E, 0x61, 0x75));

				case 28: return String(CharArray::of(0x45, 0x75, 0x72, 0x75, 0x70, 0x61, 0x20, 0x55, 0x73, 0x69, 0x64, 0x1EBD, 0x74, 0x61, 0x77, 0x61, 0x72, 0x61));

				case 29: return String(CharArray::of(0x41, 0x66, 0x69, 0x72, 0x69, 0x6B, 0x61, 0x20, 0x53, 0x75, 0x62, 0x69, 0x73, 0x61, 0x72, 0x69, 0x61, 0x6E, 0x61));

				case 30: return String(CharArray::of(0x41, 0x6D, 0x65, 0x72, 0x69, 0x6B, 0x61, 0x20, 0x4C, 0x61, 0x74, 0x69, 0x6E, 0x61));

				case 31: return String(CharArray::of(0x41, 0x73, 0x65, 0x73, 0xE3, 0x75, 0x20, 0x4B, 0x61, 0x70, 0x75, 0xE3, 0x6D, 0x61));

				case 32: return String(CharArray::of(0xC3, 0x64, 0x75, 0x72, 0x61));

				case 33: return String(CharArray::of(0x45, 0x6D, 0x69, 0x72, 0x61, 0x64, 0x75, 0x20, 0xC1, 0x72, 0x61, 0x62, 0x69, 0x20, 0x59, 0x65, 0x70, 0x65, 0x77, 0x61, 0x73, 0x75, 0x77, 0x61, 0x69, 0x74, 0xE1));

				case 34: return String(CharArray::of(0x41, 0x66, 0x65, 0x67, 0xE3, 0x6E, 0x69, 0x72, 0x65, 0x74, 0xE3, 0x6D, 0x61));

				case 35: return String(CharArray::of(0xC3, 0x74, 0x69, 0x67, 0x75, 0x61, 0x20, 0x61, 0x73, 0x75, 0xED, 0x20, 0x42, 0x61, 0x62, 0x75, 0x64, 0x61));

				case 36: return String(CharArray::of(0xC3, 0x67, 0x69, 0x72, 0x61));

				case 37: return String(CharArray::of(0x41, 0x75, 0x62, 0xE3, 0x6E, 0x69, 0x79, 0x61));

				case 38: return String(CharArray::of(0x41, 0x72, 0x69, 0x6D, 0x1EBD, 0x6E, 0x69, 0x79, 0x61));

				case 39: return String(CharArray::of(0xC3, 0x67, 0x75, 0x72, 0x61));

				case 40: return String(CharArray::of(0xC3, 0x74, 0x61, 0x72, 0x74, 0x69, 0x64, 0x61));

				case 41: return String(CharArray::of(0x41, 0x72, 0x67, 0x1EBD, 0x74, 0x69, 0x6E, 0x61));

				case 42: return String(CharArray::of(0x53, 0x61, 0x6D, 0x75, 0x61, 0x20, 0x41, 0x6D, 0x65, 0x72, 0x69, 0x6B, 0x69, 0x77, 0x61, 0x72, 0x61));

				case 43: return String(CharArray::of(0x41, 0x75, 0x73, 0x69, 0x74, 0x69, 0x72, 0x69, 0x79, 0x61));

				case 44: return String(CharArray::of(0x41, 0x75, 0x73, 0x69, 0x74, 0x61, 0x72, 0x61, 0x6C, 0x69, 0x79, 0x61));

				case 45: return String(CharArray::of(0x41, 0x72, 0x75, 0x62, 0x61));

				case 46: return String(CharArray::of(0x4B, 0x61, 0x70, 0x75, 0xE3, 0x6D, 0x61, 0x2D, 0x69, 0x74, 0x61, 0x20, 0x41, 0x72, 0xE3, 0x64, 0x69));

				case 47: return String(CharArray::of(0x41, 0x73, 0x65, 0x72, 0x69, 0x72, 0x65, 0x74, 0xE3, 0x6D, 0x61));

				case 48: return String(CharArray::of(0x42, 0x75, 0x73, 0x69, 0x6E, 0x69, 0x79, 0x61, 0x20, 0x61, 0x73, 0x75, 0xED, 0x20, 0x45, 0x73, 0x65, 0x67, 0x75, 0x77, 0x69, 0x6E, 0x61));

				case 49: return String(CharArray::of(0x42, 0x61, 0x62, 0x61, 0x64, 0x75));

				case 50: return String(CharArray::of(0x42, 0xE3, 0x67, 0x61, 0x72, 0x61, 0x64, 0x65, 0x78, 0x69));

				case 51: return String(CharArray::of(0x42, 0x65, 0x75, 0x6A, 0x69, 0x6B, 0x61));

				case 52: return String(CharArray::of(0x42, 0x75, 0x6B, 0x69, 0x6E, 0x61, 0x20, 0x46, 0x61, 0x73, 0x75));

				case 53: return String(CharArray::of(0x42, 0x75, 0x67, 0xE1, 0x72, 0x69, 0x79, 0x61));

				case 54: return String(CharArray::of(0x42, 0x61, 0x72, 0x1EBD, 0x69));

				case 55: return String(CharArray::of(0x42, 0x75, 0x72, 0x0169, 0x64, 0x69));

				case 56: return String(CharArray::of(0x42, 0x65, 0x6E, 0x0129));

				case 57: return String(CharArray::of(0x53, 0xE3, 0x20, 0x42, 0x61, 0x74, 0x75, 0x6C, 0x75, 0x6D, 0x65, 0x75));

				case 58: return String(CharArray::of(0x42, 0x65, 0x6D, 0x75, 0x64, 0x61));

				case 59: return String(CharArray::of(0x42, 0x75, 0x72, 0x75, 0x6E, 0x65, 0x69));

				case 60: return String(CharArray::of(0x42, 0x75, 0x72, 0xED, 0x77, 0x69, 0x61));

				case 61: return String(CharArray::of(0x54, 0x65, 0x74, 0xE3, 0x6D, 0x61, 0x20, 0x49, 0x77, 0x69, 0x62, 0x6F, 0xED, 0x2D, 0x69, 0x74, 0x61, 0x20, 0x4B, 0x61, 0x72, 0xED, 0x62, 0x69, 0x20, 0x73, 0x75, 0xED));

				case 62: return String(CharArray::of(0x42, 0x72, 0x61, 0x73, 0x69, 0x75));

				case 63: return String(CharArray::of(0x42, 0x61, 0x79, 0x61, 0x6D, 0x61));

				case 64: return String(CharArray::of(0x42, 0x75, 0x74, 0xE3, 0x75));

				case 66: return String(CharArray::of(0x4B, 0x61, 0x70, 0x75, 0xE3, 0x6D, 0x61, 0x20, 0x42, 0x75, 0x77, 0x65, 0x74, 0x69));

				case 67: return String(CharArray::of(0x42, 0x75, 0x74, 0x69, 0x73, 0x75, 0x77, 0x61, 0x6E, 0x61));

				case 68: return String(CharArray::of(0x42, 0x69, 0x65, 0x72, 0x75, 0x2D, 0x72, 0xFA, 0x73, 0x69, 0x79, 0x61));

				case 69: return String(CharArray::of(0x42, 0x65, 0x6C, 0x69, 0x73, 0x69));

				case 70: return String(CharArray::of(0x4B, 0x61, 0x6E, 0x61, 0x64, 0xE1));

				case 71: return String(CharArray::of(0x4B, 0x61, 0x70, 0x75, 0xE3, 0x6D, 0x61, 0x2D, 0x69, 0x74, 0x61, 0x20, 0x4B, 0x75, 0x6B, 0x75, 0x20, 0x28, 0x4B, 0x65, 0x65, 0x72, 0x69, 0x6E, 0x67, 0x29));

				case 72: return String(CharArray::of(0x4B, 0x0169, 0x67, 0x75, 0x20, 0x2D, 0x20, 0x4B, 0x0129, 0x78, 0x61, 0x73, 0x61));

				case 73: return String(CharArray::of(0x52, 0x65, 0x70, 0x75, 0x62, 0x69, 0x72, 0x69, 0x6B, 0x61, 0x20, 0x41, 0x66, 0x69, 0x72, 0x69, 0x6B, 0x61, 0x2D, 0x50, 0x69, 0x74, 0x65, 0x72, 0x61, 0x70, 0x75, 0x72, 0x61));

				case 74: return String(CharArray::of(0x52, 0x65, 0x70, 0x75, 0x62, 0x69, 0x72, 0x69, 0x6B, 0x61, 0x20, 0x4B, 0x0169, 0x67, 0x75, 0x79, 0x61, 0x72, 0x61));

				case 75: return String(CharArray::of(0x53, 0x75, 0x77, 0x69, 0x73, 0x61));

				case 76: return String(CharArray::of(0x4D, 0x61, 0x66, 0x69, 0x6D, 0x20, 0x4B, 0x75, 0x70, 0xE9));

				case 77: return String(CharArray::of(0x4B, 0x61, 0x70, 0x75, 0xE3, 0x6D, 0x61, 0x2D, 0x69, 0x74, 0x61, 0x20, 0x4B, 0x6F, 0x6F, 0x6B, 0x69));

				case 78: return String(CharArray::of(0x58, 0x69, 0x72, 0x69));

				case 79: return String(CharArray::of(0x50, 0x75, 0x74, 0x79, 0x2D, 0x69, 0x74, 0x61));

				case 80: return String(CharArray::of(0x58, 0x69, 0x6E, 0x61));

				case 81: return String(CharArray::of(0x4B, 0x75, 0x72, 0x0169, 0x62, 0x69, 0x79, 0x61));

				case 82: return String(CharArray::of(0x4B, 0x69, 0x72, 0x69, 0x70, 0x65, 0x74, 0x0169, 0x20, 0x4B, 0x61, 0x70, 0x75, 0xE3, 0x6D, 0x61));

				case 84: return String(CharArray::of(0x4B, 0x75, 0x70, 0xE9, 0x20, 0x52, 0x69, 0x6B, 0x61));

				case 85: return String(CharArray::of(0x4B, 0x75, 0x62, 0x61));

				case 86: return String(CharArray::of(0x4B, 0x61, 0x62, 0x75, 0x20, 0x53, 0x75, 0x69, 0x6B, 0x69, 0x72, 0x69));

				case 87: return String(CharArray::of(0x4B, 0x75, 0x72, 0x61, 0x73, 0x61, 0x75));

				case 88: return String(CharArray::of(0x4B, 0x61, 0x70, 0x75, 0xE3, 0x6D, 0x61, 0x20, 0x4B, 0x69, 0x72, 0x69, 0x74, 0x69, 0x6D, 0x61));

				case 89: return String(CharArray::of(0x58, 0x69, 0x70, 0x69, 0x72, 0x69));

				case 90: return String(CharArray::of(0x58, 0x65, 0x6B, 0x69, 0x79, 0x61));

				case 92: return String(CharArray::of(0x41, 0x72, 0x65, 0x6D, 0xE3, 0x79, 0x61));

				case 93: return String(CharArray::of(0x44, 0x69, 0x79, 0x65, 0x67, 0x75, 0x20, 0x47, 0x61, 0x72, 0x61, 0x73, 0x69, 0x79, 0x61));

				case 94: return String(CharArray::of(0x44, 0x69, 0x6A, 0x69, 0x62, 0x75, 0x74, 0x69));

				case 95: return String(CharArray::of(0x44, 0x69, 0x6E, 0x61, 0x6D, 0x61, 0x6B, 0x61));

				case 96: return String(CharArray::of(0x44, 0x6F, 0x6D, 0x69, 0x6E, 0x69, 0x6B, 0x61));

				case 97: return String(CharArray::of(0x52, 0x65, 0x70, 0x75, 0x62, 0x69, 0x72, 0x69, 0x6B, 0x61, 0x20, 0x44, 0x75, 0x6D, 0x69, 0x6E, 0x69, 0x6B, 0x61, 0x6E, 0x61));

				case 98: return String(CharArray::of(0x41, 0x72, 0x67, 0x65, 0x72, 0x69, 0x79, 0x61));

				case 99: return String(CharArray::of(0x53, 0x65, 0x75, 0x74, 0x61, 0x20, 0x61, 0x73, 0x75, 0xED, 0x20, 0x4D, 0x65, 0x72, 0x69, 0x72, 0x61));

				case 100: return String(CharArray::of(0x45, 0x6B, 0x75, 0x61, 0x64, 0xFA));

				case 101: return String(CharArray::of(0x49, 0x73, 0x69, 0x74, 0x75, 0x6E, 0x69, 0x79, 0x61));

				case 102: return String(CharArray::of(0x45, 0x67, 0x69, 0x74, 0x75));

				case 103: return String(CharArray::of(0x53, 0x61, 0x61, 0x72, 0x61, 0x20, 0x55, 0x73, 0x69, 0x64, 0x1EBD, 0x74, 0x61, 0x77, 0x61, 0x72, 0x61));

				case 104: return String(CharArray::of(0x45, 0x72, 0x69, 0x74, 0x69, 0x72, 0x65, 0x79, 0x61));

				case 105: return String(CharArray::of(0x49, 0x73, 0x69, 0x70, 0xE3, 0x79, 0x61));

				case 106: return String(CharArray::of(0x45, 0x74, 0x69, 0x75, 0x70, 0x69, 0x79, 0x61));

				case 107: return String(CharArray::of(0x45, 0x75, 0x72, 0x75, 0x70, 0x61, 0x20, 0x59, 0x65, 0x70, 0x65, 0x77, 0x61, 0x73, 0x75, 0x73, 0x61, 0x77, 0x61));

				case 108: return String(CharArray::of(0x65, 0x75, 0x72, 0x75, 0x20, 0x73, 0x75, 0x6E, 0x61));

				case 109: return String(CharArray::of(0x46, 0x69, 0x72, 0xE3, 0x64, 0x69, 0x79, 0x61));

				case 110: return String(CharArray::of(0x46, 0x69, 0x79, 0x69));

				case 111: return String(CharArray::of(0x4B, 0x61, 0x70, 0x75, 0xE3, 0x6D, 0x61, 0x2D, 0x69, 0x74, 0x61, 0x20, 0x4D, 0x61, 0x77, 0x69, 0x6E, 0x61));

				case 112: return String(CharArray::of(0x4D, 0x69, 0x6B, 0x75, 0x72, 0x75, 0x6E, 0x65, 0x7A, 0x69, 0x79, 0x61));

				case 113: return String(CharArray::of(0x4B, 0x61, 0x70, 0x75, 0xE3, 0x6D, 0x61, 0x2D, 0x69, 0x74, 0x61, 0x20, 0x46, 0x61, 0x72, 0x75, 0x77, 0x65));

				case 114: return String(CharArray::of(0x46, 0x72, 0xE3, 0x73, 0x61));

				case 115: return String(CharArray::of(0x47, 0x61, 0x62, 0xE3, 0x75));

				case 116: return String(CharArray::of(0x52, 0x65, 0x79, 0x69, 0x6E, 0x75, 0x20, 0x59, 0x65, 0x70, 0x65, 0x77, 0x61, 0x73, 0xFA));

				case 117: return String(CharArray::of(0x47, 0x61, 0x72, 0x61, 0x6E, 0x61, 0x64, 0x61));

				case 118: return String(CharArray::of(0x47, 0x65, 0x75, 0x67, 0x69, 0x79, 0x61));

				case 119: return String(CharArray::of(0x47, 0x69, 0x79, 0x61, 0x6E, 0x61, 0x20, 0x46, 0x72, 0xE3, 0x73, 0x61, 0x20, 0x79, 0x61, 0x72, 0x61));

				case 120: return String(CharArray::of(0x47, 0x75, 0x77, 0x1EBD, 0x6E, 0x69, 0x73, 0x65, 0x69));

				case 121: return String(CharArray::of(0x47, 0x61, 0x6E, 0x61));

				case 122: return String(CharArray::of(0x47, 0x69, 0x62, 0x61, 0x72, 0x61, 0x75, 0x74, 0xE1));

				case 123: return String(CharArray::of(0x47, 0x75, 0x72, 0x75, 0x1EBD, 0x72, 0xE3, 0x64, 0x69, 0x79, 0x61));

				case 124: return String(CharArray::of(0x47, 0xE3, 0x62, 0x69, 0x79, 0x61));

				case 125: return String(CharArray::of(0x47, 0x69, 0x6E, 0xE9));

				case 126: return String(CharArray::of(0x47, 0x75, 0x61, 0x64, 0x61, 0x72, 0x75, 0x70, 0x69));

				case 127: return String(CharArray::of(0x47, 0x69, 0x6E, 0xE9, 0x20, 0x45, 0x6B, 0x75, 0x61, 0x74, 0x75, 0x72, 0x69, 0x79, 0x61, 0x75));

				case 128: return String(CharArray::of(0x47, 0x65, 0x72, 0x65, 0x73, 0x69, 0x79, 0x61));

				case 129: return String(CharArray::of(0x4B, 0x61, 0x70, 0x75, 0xE3, 0x6D, 0x61, 0x2D, 0x69, 0x74, 0x61, 0x20, 0x47, 0x65, 0x75, 0x67, 0x69, 0x79, 0x61, 0x20, 0x53, 0x75, 0x20, 0x61, 0x73, 0x75, 0xED, 0x20, 0x53, 0xE3, 0x64, 0x75, 0x77, 0x69, 0x78, 0x69, 0x20, 0x53, 0x75));

				case 130: return String(CharArray::of(0x47, 0x75, 0x61, 0x74, 0x65, 0x6D, 0x61, 0x72, 0x61));

				case 131: return String(CharArray::of(0x47, 0x75, 0x77, 0xE3));

				case 132: return String(CharArray::of(0x47, 0x69, 0x6E, 0xE9, 0x20, 0x42, 0x69, 0x73, 0x61, 0x75));

				case 133: return String(CharArray::of(0x47, 0x69, 0x79, 0x61, 0x6E, 0x61));

				case 134: return String(CharArray::of(0x48, 0x0169, 0x67, 0x69, 0x20, 0x4B, 0x0169, 0x67, 0x69, 0x2C, 0x20, 0x52, 0x41, 0x45, 0x20, 0x58, 0x69, 0x6E, 0x61, 0x20, 0x79, 0x61, 0x72, 0x61));

				case 135: return String(CharArray::of(0x4B, 0x61, 0x70, 0x75, 0xE3, 0x6D, 0x61, 0x2D, 0x69, 0x74, 0x61, 0x20, 0x48, 0x65, 0x61, 0x72, 0x64, 0x20, 0x61, 0x73, 0x75, 0xED, 0x20, 0x4D, 0x63, 0x44, 0x6F, 0x6E, 0x61, 0x6C, 0x64));

				case 136: return String(CharArray::of(0x0168, 0x64, 0x75, 0x72, 0x61));

				case 137: return String(CharArray::of(0x4B, 0x75, 0x72, 0x75, 0x77, 0x61, 0x73, 0x69, 0x79, 0x61));

				case 138: return String(CharArray::of(0x41, 0x69, 0x74, 0xED));

				case 139: return String(CharArray::of(0x0168, 0x67, 0x69, 0x72, 0x69, 0x79, 0x61));

				case 140: return String(CharArray::of(0x4B, 0x61, 0x70, 0x75, 0xE3, 0x6D, 0x61, 0x2D, 0x69, 0x74, 0x61, 0x20, 0x4B, 0x61, 0x6E, 0x61, 0x72, 0x69, 0x79, 0x61));

				case 141: return String(CharArray::of(0x0128, 0x64, 0x75, 0x6E, 0x65, 0x73, 0x69, 0x79, 0x61));

				case 142: return String(CharArray::of(0x49, 0x72, 0xE3, 0x64, 0x61));

				case 143: return String(CharArray::of(0x49, 0x73, 0x69, 0x72, 0x61, 0x79, 0x65, 0x75));

				case 144: return String(CharArray::of(0x4D, 0xE3, 0x20, 0x4B, 0x61, 0x70, 0x75, 0xE3, 0x6D, 0x61));

				case 145: return String(CharArray::of(0x0128, 0x64, 0x69, 0x79, 0x61));

				case 146: return String(CharArray::of(0x42, 0x69, 0x72, 0x69, 0x74, 0xE3, 0x6E, 0x69, 0x6B, 0x75, 0x20, 0x55, 0x73, 0x75, 0x61, 0x73, 0x61, 0x77, 0x61, 0x20, 0x55, 0x73, 0x65, 0x79, 0x61, 0x6E, 0x75, 0x20, 0x0128, 0x64, 0x69, 0x6B, 0x75));

				case 147: return String(CharArray::of(0x49, 0x72, 0x61, 0x6B, 0x69));

				case 148: return String(CharArray::of(0x49, 0x72, 0xE3));

				case 149: return String(CharArray::of(0x49, 0x73, 0x69, 0x72, 0xE3, 0x64, 0x69, 0x79, 0x61));

				case 150: return String(CharArray::of(0x49, 0x74, 0x61, 0x72, 0x69, 0x79, 0x61));

				case 151: return String(CharArray::of(0x59, 0x65, 0x73, 0x65, 0x69));

				case 152: return String(CharArray::of(0x59, 0x61, 0x6D, 0x61, 0x69, 0x6B, 0x61));

				case 153: return String(CharArray::of(0x59, 0x75, 0x64, 0xE3, 0x6E, 0x69, 0x79, 0x61));

				case 154: return String(CharArray::of(0x4E, 0x69, 0x70, 0xF5));

				case 155: return String(CharArray::of(0x4B, 0x1EBD, 0x6E, 0x69, 0x79, 0x61));

				case 156: return String(CharArray::of(0x4B, 0x69, 0x72, 0x69, 0x67, 0x69, 0x72, 0x65, 0x74, 0xE3, 0x6D, 0x61));

				case 157: return String(CharArray::of(0x4B, 0xE3, 0x62, 0x75, 0x79, 0x61));

				case 158: return String(CharArray::of(0x4B, 0x69, 0x72, 0x69, 0x62, 0x61, 0x74, 0x69));

				case 159: return String(CharArray::of(0x4B, 0x75, 0x6D, 0x75, 0x72, 0x65, 0x2D, 0x69, 0x74, 0x61));

				case 160: return String(CharArray::of(0x53, 0xE3, 0x20, 0x4B, 0x69, 0x72, 0x69, 0x74, 0x75, 0x77, 0xE3, 0x75, 0x20, 0x73, 0x75, 0xED, 0x20, 0x4E, 0x65, 0x77, 0x69));

				case 161: return String(CharArray::of(0x4B, 0x75, 0x72, 0x65, 0x79, 0x61, 0x20, 0x4E, 0x75, 0x74, 0x69, 0x20, 0x73, 0x75, 0xED));

				case 162: return String(CharArray::of(0x4B, 0x75, 0x72, 0x65, 0x79, 0x61, 0x20, 0x53, 0x75, 0x20, 0x73, 0x75, 0xED));

				case 163: return String(CharArray::of(0x4B, 0x75, 0x77, 0x61, 0x69, 0x74, 0x69));

				case 164: return String(CharArray::of(0x4B, 0x61, 0x70, 0x75, 0xE3, 0x6D, 0x61, 0x2D, 0x69, 0x74, 0x61, 0x20, 0x4B, 0x61, 0x69, 0x6D, 0xE3));

				case 165: return String(CharArray::of(0x4B, 0x61, 0x73, 0x61, 0x6B, 0x69, 0x72, 0x65, 0x74, 0xE3, 0x6D, 0x61));

				case 166: return String(CharArray::of(0x52, 0x61, 0x77, 0x6F));

				case 167: return String(CharArray::of(0x52, 0x69, 0x62, 0x61, 0x6E, 0x75));

				case 168: return String(CharArray::of(0x53, 0xE3, 0x74, 0x61, 0x20, 0x4C, 0x75, 0x73, 0x69, 0x79, 0x61));

				case 169: return String(CharArray::of(0x52, 0x69, 0x78, 0x69, 0x74, 0x1EBD, 0x78, 0x69, 0x74, 0x61, 0x0129));

				case 170: return String(CharArray::of(0x53, 0x69, 0x72, 0x69, 0x20, 0x52, 0xE3, 0x6B, 0x61));

				case 171: return String(CharArray::of(0x52, 0x69, 0x62, 0xE9, 0x72, 0x69, 0x79, 0x61));

				case 172: return String(CharArray::of(0x52, 0x65, 0x73, 0x75, 0x74, 0x75));

				case 173: return String(CharArray::of(0x52, 0x69, 0x74, 0x75, 0x77, 0xE3, 0x6E, 0x69, 0x79, 0x61));

				case 174: return String(CharArray::of(0x52, 0x75, 0x78, 0x1EBD, 0x62, 0x75, 0x67, 0x75));

				case 175: return String(CharArray::of(0x52, 0x65, 0x74, 0x75, 0x6E, 0x69, 0x79, 0x61));

				case 176: return String(CharArray::of(0x52, 0x69, 0x62, 0x69, 0x79, 0x61));

				case 177: return String(CharArray::of(0x4D, 0x61, 0x72, 0x75, 0x6B, 0x75));

				case 178: return String(CharArray::of(0x4D, 0x0169, 0x6E, 0x61, 0x6B, 0x75));

				case 179: return String(CharArray::of(0x4D, 0x0169, 0x64, 0x75, 0x77, 0x61));

				case 180: return String(CharArray::of(0x4D, 0x0169, 0x74, 0x65, 0x6E, 0x65, 0x67, 0x75, 0x72, 0x75));

				case 181: return String(CharArray::of(0x53, 0xE3, 0x20, 0x4D, 0x61, 0x74, 0x69, 0x79, 0x0169));

				case 182: return String(CharArray::of(0x4D, 0x61, 0x64, 0x61, 0x67, 0x61, 0x73, 0x69, 0x6B, 0xE1));

				case 183: return String(CharArray::of(0x4B, 0x61, 0x70, 0x75, 0xE3, 0x6D, 0x61, 0x2D, 0x69, 0x74, 0x61, 0x20, 0x4D, 0x61, 0x72, 0x73, 0x68, 0x61, 0x6C, 0x6C));

				case 184: return String(CharArray::of(0x4D, 0x61, 0x73, 0x65, 0x64, 0x0169, 0x6E, 0x69, 0x79, 0x61));

				case 185: return String(CharArray::of(0x4D, 0x61, 0x72, 0x69));

				case 186: return String(CharArray::of(0x4D, 0x69, 0x79, 0x61, 0x6D, 0xE1, 0x20, 0x28, 0x42, 0x69, 0x6D, 0xE3, 0x6E, 0x69, 0x79, 0x61, 0x29));

				case 187: return String(CharArray::of(0x4D, 0x0169, 0x67, 0x75, 0x72, 0x69, 0x79, 0x61));

				case 188: return String(CharArray::of(0x4D, 0x61, 0x6B, 0x61, 0x75, 0x2C, 0x20, 0x52, 0x41, 0x45, 0x20, 0x58, 0x69, 0x6E, 0x61, 0x20, 0x79, 0x61, 0x72, 0x61));

				case 189: return String(CharArray::of(0x4B, 0x61, 0x70, 0x75, 0xE3, 0x6D, 0x61, 0x2D, 0x69, 0x74, 0x61, 0x20, 0x4D, 0x61, 0x72, 0x69, 0x79, 0xE3, 0x6E, 0x61, 0x20, 0x4E, 0x75, 0x74, 0x69, 0x20, 0x73, 0x75, 0xED));

				case 190: return String(CharArray::of(0x4D, 0x61, 0x74, 0x69, 0x6E, 0x69, 0x6B, 0x61));

				case 191: return String(CharArray::of(0x4D, 0x61, 0x75, 0x72, 0x69, 0x74, 0x61, 0x6E, 0x69, 0x79, 0x61));

				case 192: return String(CharArray::of(0x4D, 0x0169, 0x74, 0x69, 0x73, 0x65, 0x72, 0x61, 0x74, 0x69));

				case 193: return String(CharArray::of(0x4D, 0x61, 0x75, 0x74, 0x61));

				case 194: return String(CharArray::of(0x4D, 0x61, 0x75, 0x72, 0x69, 0x73, 0x69, 0x79, 0x75));

				case 195: return String(CharArray::of(0x4D, 0x61, 0x75, 0x64, 0x69, 0x77, 0x61, 0x2D, 0x69, 0x74, 0x61));

				case 196: return String(CharArray::of(0x4D, 0x61, 0x72, 0x61, 0x77, 0x69));

				case 197: return String(CharArray::of(0x4D, 0x1EBD, 0x73, 0x69, 0x6B, 0x75));

				case 198: return String(CharArray::of(0x4D, 0x61, 0x6C, 0x61, 0x73, 0x69, 0x79, 0x61));

				case 199: return String(CharArray::of(0x4D, 0x75, 0x73, 0xE3, 0x62, 0x69, 0x6B, 0x69));

				case 200: return String(CharArray::of(0x4E, 0x61, 0x6D, 0xED, 0x62, 0x69, 0x79, 0x61));

				case 201: return String(CharArray::of(0x4B, 0x61, 0x72, 0x65, 0x64, 0x0169, 0x6E, 0x69, 0x79, 0x61, 0x20, 0x50, 0x69, 0x73, 0x61, 0x73, 0xFA));

				case 202: return String(CharArray::of(0x4E, 0x69, 0x67, 0x65));

				case 203: return String(CharArray::of(0x4B, 0x61, 0x70, 0x75, 0xE3, 0x6D, 0x61, 0x20, 0x4E, 0x6F, 0x72, 0x66, 0x6F, 0x6C, 0x6B));

				case 204: return String(CharArray::of(0x4E, 0x69, 0x67, 0x65, 0x72, 0x69, 0x79, 0x61));

				case 205: return String(CharArray::of(0x4E, 0x69, 0x63, 0x61, 0x72, 0x61, 0x67, 0x75, 0x77, 0x61));

				case 206: return String(CharArray::of(0x54, 0x65, 0x74, 0xE3, 0x6D, 0x61, 0x20, 0x49, 0x77, 0x69, 0x62, 0x6F, 0xED, 0x2D, 0x69, 0x74, 0x61));

				case 207: return String(CharArray::of(0x4E, 0x75, 0x72, 0x75, 0x77, 0x65, 0x67, 0x61));

				case 208: return String(CharArray::of(0x4E, 0x65, 0x70, 0x61, 0x75));

				case 209: return String(CharArray::of(0x4E, 0x61, 0x75, 0x72, 0x75));

				case 210: return String(CharArray::of(0x4E, 0x69, 0x77, 0x65));

				case 211: return String(CharArray::of(0x53, 0x65, 0x72, 0xE3, 0x64, 0x69, 0x79, 0x61, 0x20, 0x50, 0x69, 0x73, 0x61, 0x73, 0xFA));

				case 212: return String(CharArray::of(0x55, 0x6D, 0xE3));

				case 213: return String(CharArray::of(0x50, 0x61, 0x6E, 0x61, 0x6D, 0xE3));

				case 214: return String(CharArray::of(0x50, 0x65, 0x72, 0x75));

				case 215: return String(CharArray::of(0x50, 0x75, 0x6C, 0x69, 0x6E, 0x65, 0x73, 0x69, 0x79, 0x61, 0x20, 0x46, 0x72, 0xE3, 0x73, 0x61, 0x20, 0x79, 0x61, 0x72, 0x61));

				case 216: return String(CharArray::of(0x50, 0x61, 0x70, 0x75, 0x77, 0x61, 0x2D, 0x47, 0x69, 0x6E, 0xE9, 0x20, 0x50, 0x69, 0x73, 0x61, 0x73, 0xFA));

				case 217: return String(CharArray::of(0x46, 0x69, 0x72, 0x69, 0x70, 0x69, 0x6E, 0x61));

				case 218: return String(CharArray::of(0x50, 0x61, 0x6B, 0x69, 0x72, 0x65, 0x74, 0xE3, 0x6D, 0x61));

				case 219: return String(CharArray::of(0x50, 0x75, 0x6C, 0x75, 0x6E, 0x69, 0x79, 0x61));

				case 220: return String(CharArray::of(0x53, 0xE3, 0x20, 0x50, 0x65, 0x64, 0x75, 0x72, 0x75, 0x20, 0x61, 0x73, 0x75, 0xED, 0x20, 0x4D, 0x69, 0x6B, 0x65, 0x6C, 0xE3, 0x75));

				case 221: return String(CharArray::of(0x4B, 0x61, 0x70, 0x75, 0xE3, 0x6D, 0x61, 0x2D, 0x69, 0x74, 0x61, 0x20, 0x50, 0x69, 0x74, 0x63, 0x61, 0x69, 0x72, 0x6E));

				case 222: return String(CharArray::of(0x49, 0x67, 0x61, 0x72, 0x61, 0x70, 0x61, 0x77, 0x61, 0x20, 0x52, 0x69, 0x6B, 0x75));

				case 223: return String(CharArray::of(0x54, 0x65, 0x74, 0xE3, 0x6D, 0x61, 0x20, 0x50, 0x61, 0x72, 0x65, 0x74, 0x69, 0x6E, 0x75, 0x2D, 0x69, 0x74, 0x61, 0x20, 0x79, 0x61, 0x72, 0x61));

				case 224: return String(CharArray::of(0x50, 0x75, 0x74, 0x75, 0x67, 0x61, 0x75));

				case 225: return String(CharArray::of(0x50, 0x61, 0x72, 0x61, 0x75));

				case 226: return String(CharArray::of(0x50, 0x61, 0x72, 0x61, 0x67, 0x75, 0x77, 0x61, 0x69));

				case 227: return String(CharArray::of(0x4B, 0x61, 0x74, 0x61, 0x72, 0x61));

				case 228: return String(CharArray::of(0x55, 0x73, 0x65, 0xE3, 0x6E, 0x69, 0x79, 0x61, 0x20, 0x28, 0x52, 0x29));

				case 229: return String(CharArray::of(0x59, 0x75, 0x6D, 0x75, 0x61, 0x74, 0x69, 0x72, 0x69, 0x73, 0x61, 0x77, 0x61));

				case 230: return String(CharArray::of(0x52, 0x6F, 0x6D, 0x1EBD, 0x6E, 0x69, 0x79, 0x61));

				case 231: return String(CharArray::of(0x53, 0x65, 0x77, 0x69, 0x79, 0x61));

				case 232: return String(CharArray::of(0x52, 0x75, 0x73, 0x69, 0x79, 0x61));

				case 233: return String(CharArray::of(0x48, 0x75, 0xE3, 0x64, 0x61));

				case 234: return String(CharArray::of(0x41, 0x72, 0x61, 0x77, 0x69, 0x61, 0x20, 0x53, 0x61, 0x75, 0x64, 0x69, 0x74, 0x61));

				case 235: return String(CharArray::of(0x4B, 0x61, 0x70, 0x75, 0xE3, 0x6D, 0x61, 0x2D, 0x69, 0x74, 0x61, 0x20, 0x53, 0x61, 0x72, 0x75, 0x6D, 0x0169));

				case 236: return String(CharArray::of(0x53, 0x65, 0x69, 0x78, 0x65, 0x72, 0x69));

				case 237: return String(CharArray::of(0x41, 0x75, 0x73, 0x75, 0x64, 0xE3));

				case 238: return String(CharArray::of(0x53, 0x75, 0x77, 0x65, 0x73, 0x69, 0x79, 0x61));

				case 239: return String(CharArray::of(0x53, 0x0129, 0x67, 0x61, 0x70, 0x75, 0x72, 0x61));

				case 240: return String(CharArray::of(0x53, 0xE3, 0x74, 0x61, 0x20, 0x45, 0x72, 0x65, 0x6E, 0x61));

				case 241: return String(CharArray::of(0x45, 0x73, 0x69, 0x72, 0x75, 0x77, 0x1EBD, 0x6E, 0x69, 0x79, 0x61));

				case 242: return String(CharArray::of(0x53, 0x69, 0x77, 0x61, 0x75, 0x62, 0x61, 0x74, 0x69, 0x20, 0x61, 0x73, 0x75, 0xED, 0x20, 0x59, 0xE3, 0x20, 0x4D, 0x61, 0x79, 0x65, 0x6E, 0x69));

				case 243: return String(CharArray::of(0x45, 0x73, 0x69, 0x72, 0x75, 0x77, 0x61, 0x6B, 0x69, 0x79, 0x61));

				case 244: return String(CharArray::of(0x49, 0x77, 0x69, 0x74, 0x65, 0x72, 0x61, 0x20, 0x4C, 0x65, 0x6F, 0x77, 0x61));

				case 245: return String(CharArray::of(0x53, 0xE3, 0x20, 0x4D, 0x61, 0x72, 0x69, 0x6E, 0x6F));

				case 246: return String(CharArray::of(0x53, 0x65, 0x6E, 0x65, 0x67, 0x61, 0x75));

				case 247: return String(CharArray::of(0x53, 0x6F, 0x6D, 0x61, 0x72, 0x69, 0x79, 0x61));

				case 248: return String(CharArray::of(0x53, 0x75, 0x72, 0x69, 0x6E, 0x61, 0x6D, 0x65));

				case 249: return String(CharArray::of(0x41, 0x75, 0x73, 0x75, 0x64, 0xE3, 0x20, 0x53, 0x75, 0x20, 0x73, 0x75, 0xED));

				case 250: return String(CharArray::of(0x53, 0xE3, 0x20, 0x54, 0x75, 0x6D, 0xE9, 0x20, 0x61, 0x73, 0x75, 0xED, 0x20, 0x50, 0x69, 0x72, 0x0129, 0x73, 0x69, 0x70, 0x65));

				case 251: return String(CharArray::of(0x45, 0x72, 0x75, 0x20, 0x53, 0x61, 0x77, 0x61, 0x64, 0x75));

				case 252: return String(CharArray::of(0x53, 0x0129, 0x74, 0x69, 0x20, 0x4D, 0x61, 0x61, 0x74, 0x1EBD));

				case 253: return String(CharArray::of(0x53, 0x69, 0x72, 0x69, 0x79, 0x61));

				case 254: return String(CharArray::of(0x45, 0x73, 0x75, 0x61, 0x74, 0xED, 0x6E, 0x69));

				case 255: return String(CharArray::of(0x54, 0x69, 0x72, 0x69, 0x74, 0xE3, 0x75, 0x20, 0x4B, 0x0169, 0x79, 0x61));

				case 256: return String(CharArray::of(0x4B, 0x61, 0x70, 0x75, 0xE3, 0x6D, 0x61, 0x2D, 0x69, 0x74, 0x61, 0x20, 0x54, 0x75, 0x6B, 0x61, 0x2D, 0x69, 0x74, 0x61, 0x20, 0x61, 0x73, 0x75, 0xED, 0x20, 0x4B, 0x61, 0x69, 0x6B, 0x6F, 0x2D, 0x69, 0x74, 0x61));

				case 257: return String(CharArray::of(0x58, 0x61, 0x64, 0x65));

				case 258: return String(CharArray::of(0x54, 0x65, 0x74, 0xE3, 0x6D, 0x61, 0x20, 0x53, 0x75, 0x2D, 0x69, 0x74, 0x61, 0x20, 0x46, 0x72, 0xE3, 0x73, 0x61, 0x20, 0x73, 0x75, 0xED));

				case 259: return String(CharArray::of(0x54, 0x6F, 0x67, 0x75));

				case 260: return String(CharArray::of(0x54, 0x61, 0x69, 0x72, 0x65, 0x74, 0xE3, 0x6D, 0x61));

				case 261: return String(CharArray::of(0x54, 0x61, 0x79, 0x69, 0x6B, 0x69, 0x72, 0x65, 0x74, 0xE3, 0x6D, 0x61));

				case 262: return String(CharArray::of(0x54, 0x75, 0x6B, 0x65, 0x72, 0x61, 0x75));

				case 263: return String(CharArray::of(0x54, 0x69, 0x6D, 0x75, 0x2D, 0x53, 0x65, 0x6D, 0x75, 0x73, 0x61, 0x77, 0x61));

				case 264: return String(CharArray::of(0x54, 0x75, 0x72, 0x6B, 0x75, 0x72, 0x61, 0x6E, 0x61, 0x72, 0x65, 0x74, 0xE3, 0x6D, 0x61));

				case 265: return String(CharArray::of(0x54, 0x75, 0x6E, 0x69, 0x73, 0x69, 0x79, 0x61));

				case 266: return String(CharArray::of(0x54, 0xF5, 0x67, 0x61));

				case 267: return String(CharArray::of(0x54, 0x75, 0x6B, 0xED, 0x79, 0x61));

				case 268: return String(CharArray::of(0x54, 0x69, 0x72, 0x69, 0x6E, 0x69, 0x64, 0x61, 0x64, 0x69, 0x20, 0x61, 0x73, 0x75, 0xED, 0x20, 0x54, 0x6F, 0x62, 0x61, 0x67, 0x75));

				case 269: return String(CharArray::of(0x54, 0x75, 0x77, 0x61, 0x72, 0x75));

				case 270: return String(CharArray::of(0x54, 0x61, 0x69, 0x77, 0xE3));

				case 271: return String(CharArray::of(0x54, 0xE3, 0x73, 0x61, 0x6E, 0x69, 0x79, 0x61));

				case 272: return String(CharArray::of(0x55, 0x6B, 0x61, 0x72, 0xE3, 0x6E, 0x69, 0x79, 0x61));

				case 273: return String(CharArray::of(0x55, 0x67, 0xE3, 0x64, 0x61));

				case 274: return String(CharArray::of(0x4B, 0x61, 0x70, 0x75, 0xE3, 0x6D, 0x61, 0x20, 0x4B, 0x75, 0x69, 0x72, 0x69, 0x77, 0x61, 0x69, 0x74, 0x61, 0x20, 0x41, 0x70, 0x65, 0x6B, 0x61, 0x74, 0x75, 0x20, 0x45, 0x55, 0x41, 0x20, 0x73, 0x75, 0xED));

				case 275: return String(CharArray::of(0x4E, 0x61, 0x73, 0xE3, 0x75, 0x20, 0x59, 0x65, 0x70, 0x65, 0x77, 0x61, 0x73, 0x75, 0x77, 0x61, 0x69, 0x74, 0xE1));

				case 276: return String(CharArray::of(0x54, 0x65, 0x74, 0xE3, 0x6D, 0x61, 0x2D, 0x69, 0x74, 0x61, 0x20, 0x59, 0x65, 0x70, 0x65, 0x77, 0x61, 0x73, 0xFA));

				case 277: return String(CharArray::of(0x55, 0x72, 0x75, 0x67, 0x75, 0x77, 0x61, 0x69));

				case 278: return String(CharArray::of(0x59, 0x0169, 0x62, 0x75, 0x65, 0x73, 0x61, 0x72, 0x61, 0x2D, 0x72, 0x65, 0x74, 0xE3, 0x6D, 0x61));

				case 279: return String(CharArray::of(0x57, 0x61, 0x74, 0x69, 0x6B, 0x61, 0x6E, 0x75, 0x20, 0x54, 0x61, 0x77, 0x61, 0x2D, 0x77, 0x61, 0x73, 0x75));

				case 280: return String(CharArray::of(0x53, 0xE3, 0x20, 0x57, 0x69, 0x73, 0x1EBD, 0x74, 0x69, 0x20, 0x61, 0x73, 0x75, 0xED, 0x20, 0x47, 0x61, 0x72, 0x61, 0x6E, 0x61, 0x64, 0x0129, 0x6E, 0x61, 0x2D, 0x69, 0x74, 0x61));

				case 281: return String(CharArray::of(0x57, 0x65, 0x6E, 0x65, 0x73, 0x75, 0x65, 0x72, 0x61));

				case 282: return String(CharArray::of(0x4B, 0x61, 0x70, 0x75, 0xE3, 0x2D, 0x69, 0x74, 0x61, 0x20, 0x56, 0x69, 0x79, 0x1EBD, 0x2D, 0x69, 0x74, 0x61, 0x20, 0x42, 0x69, 0x72, 0x69, 0x74, 0xE3, 0x6E, 0x69, 0x6B, 0x61, 0x2D, 0x69, 0x74, 0x61));

				case 283: return String(CharArray::of(0x4B, 0x61, 0x70, 0x75, 0xE3, 0x2D, 0x69, 0x72, 0x61, 0x20, 0x56, 0x69, 0x79, 0x1EBD, 0x2D, 0x69, 0x74, 0x61, 0x20, 0x41, 0x6D, 0x65, 0x72, 0x69, 0x6B, 0x61, 0x6E, 0x61, 0x2D, 0x69, 0x74, 0x61));

				case 284: return String(CharArray::of(0x57, 0x69, 0x79, 0x65, 0x74, 0x69, 0x6E, 0xE3));

				case 285: return String(CharArray::of(0x57, 0x61, 0x6E, 0x75, 0x61, 0x74, 0x75));

				case 286: return String(CharArray::of(0x57, 0x61, 0x72, 0x69, 0x20, 0x61, 0x73, 0x75, 0xED, 0x20, 0x46, 0x75, 0x74, 0x75, 0x6E, 0x61));

				case 287: return String(CharArray::of(0x53, 0x61, 0x6D, 0x6F, 0x77, 0x61));

				case 288: return String(CharArray::of(0x53, 0x75, 0x74, 0x61, 0x6B, 0x69, 0x72, 0x61, 0x6E, 0x61, 0x2D, 0x69, 0x74, 0x61));

				case 289: return String(CharArray::of(0x42, 0x69, 0x64, 0x69, 0x72, 0x65, 0x73, 0x69, 0x75, 0x6E, 0x61, 0x75, 0x72, 0x61, 0x6E, 0x61));

				case 290: return String(CharArray::of(0x4B, 0x75, 0x73, 0x75, 0x77, 0x75));

				case 291: return String(CharArray::of(0x59, 0x65, 0x6D, 0x1EBD));

				case 292: return String(CharArray::of(0x4D, 0x61, 0x79, 0x75, 0x74, 0x69));

				case 294: return String(CharArray::of(0x41, 0x66, 0x69, 0x72, 0x69, 0x6B, 0x61, 0x20, 0x53, 0x75, 0x20, 0x73, 0x75, 0xED));

				case 295: return String(CharArray::of(0x53, 0xE3, 0x62, 0x69, 0x79, 0x61));

				case 296: return String(CharArray::of(0x53, 0x0129, 0x62, 0x61, 0x62, 0x75, 0x77, 0x65));

				case 297: return String(CharArray::of(0x54, 0x65, 0x74, 0xE3, 0x6D, 0x61, 0x20, 0x0168, 0x62, 0x61, 0x77, 0x61, 0x75, 0x6B, 0x75, 0x61, 0x6D, 0x61, 0x6D, 0x1EBD));
            default: break;
            }
            return String();
        }
        
        String Yrl::displayVariant(gint variant) const {
            switch(variant) {
				case 2: return String(CharArray::of(0x6B, 0x75, 0x61, 0x74, 0x69, 0x61, 0x73, 0x61, 0x77, 0x61, 0x73, 0x75, 0x70, 0xED, 0x20, 0x61, 0x72, 0x69, 0x6D, 0xE3, 0x20, 0x72, 0x69, 0x6B, 0x75, 0x73, 0x61, 0x77, 0x61, 0x72, 0x75, 0x70, 0xED));
				case 4: return String(CharArray::of(0x6B, 0x75, 0x61, 0x74, 0x69, 0x61, 0x73, 0x61, 0x77, 0x61, 0x73, 0x75, 0x70, 0xED, 0x20, 0x72, 0x65, 0x73, 0x69, 0x61, 0x77, 0x61, 0x72, 0x61, 0x20, 0x6D, 0x75, 0x72, 0x65, 0x74, 0x65, 0x77, 0x61));
				case 5: return String(CharArray::of(0x6B, 0x75, 0x61, 0x74, 0x69, 0x61, 0x73, 0x61, 0x77, 0x61, 0x73, 0x75, 0x70, 0xED, 0x20, 0x61, 0x72, 0x69, 0x6D, 0xE3, 0x20, 0x31, 0x39, 0x39, 0x36, 0x20, 0x75, 0x70, 0xE9));
				case 0: return String(CharArray::of(0x66, 0x72, 0xE3, 0x73, 0x61, 0x6E, 0x68, 0x65, 0x1EBD, 0x67, 0x61, 0x20, 0x6B, 0x61, 0x78, 0x69, 0xED, 0x6D, 0x61, 0x77, 0x61, 0x72, 0x61, 0x20, 0x31, 0x36, 0x30, 0x36, 0x20, 0x75, 0x70, 0xE9));
				case 1: return String(CharArray::of(0x66, 0x72, 0xE3, 0x73, 0x61, 0x6E, 0x68, 0x65, 0x1EBD, 0x67, 0x61, 0x20, 0x6B, 0x75, 0x69, 0x72, 0x69, 0x77, 0x61, 0x72, 0x61));
				case 3: return String(CharArray::of(0x61, 0x6B, 0x61, 0x64, 0x65, 0x6D, 0x69, 0x6B, 0x75));
				case 6: return String(CharArray::of(0x50, 0x61, 0x70, 0x69, 0x72, 0x61, 0x20, 0x70, 0x75, 0x72, 0x61, 0x6B, 0x61, 0x72, 0x69, 0x2D, 0x72, 0x65, 0x73, 0xE9, 0x20, 0x6B, 0x75, 0x61, 0x74, 0x69, 0x61, 0x73, 0x61, 0x77, 0x61, 0x73, 0x75, 0x70, 0xED, 0x20, 0x31, 0x39, 0x34, 0x33, 0x20, 0x73, 0x75, 0xED));
				case 11: return String(CharArray::of(0x4B, 0x75, 0x61, 0x74, 0x69, 0x61, 0x73, 0x61, 0x77, 0x61, 0x73, 0x75, 0x70, 0xED, 0x20, 0x45, 0x77, 0x61, 0x6B, 0x69, 0x73, 0x61, 0x77, 0x61, 0x20, 0x4E, 0x68, 0x65, 0x1EBD, 0x67, 0x61, 0x20, 0x50, 0x75, 0x74, 0x75, 0x67, 0x65, 0x77, 0x61, 0x72, 0x61, 0x20, 0x31, 0x39, 0x39, 0x30));
				case 13: return String(CharArray::of(0x61, 0x72, 0x69, 0x6D, 0x1EBD, 0x6E, 0x69, 0x79, 0x75, 0x20, 0x75, 0x72, 0x69, 0x1EBD, 0x74, 0x61, 0x77, 0x61, 0x72, 0x61));
				case 14: return String(CharArray::of(0x61, 0x72, 0x69, 0x6D, 0x1EBD, 0x6E, 0x69, 0x79, 0x75, 0x20, 0x75, 0x73, 0x69, 0x64, 0x1EBD, 0x74, 0x61, 0x77, 0x61, 0x72, 0x61));
				case 18: return String(CharArray::of(0x61, 0x75, 0x66, 0x61, 0x62, 0x65, 0x74, 0x75, 0x20, 0x72, 0x61, 0x74, 0x69, 0x6E, 0x75, 0x20, 0x74, 0x75, 0x72, 0x6B, 0x75, 0x20, 0x79, 0x65, 0x70, 0x65, 0x77, 0x61, 0x73, 0xFA));
				case 25: return String(CharArray::of(0x62, 0x69, 0x73, 0x69, 0x6B, 0x61, 0x79, 0x61, 0x77, 0x61, 0x72, 0x61));
				case 26: return String(CharArray::of(0x64, 0x69, 0x79, 0x61, 0x72, 0x65, 0x74, 0x75, 0x20, 0x73, 0xE3, 0x20, 0x67, 0x69, 0x6F, 0x72, 0x67, 0x69, 0x75, 0x2F, 0x62, 0x69, 0x72, 0x61));
				case 29: return String(CharArray::of(0x62, 0x6F, 0x6F, 0x6E, 0x74, 0x6C, 0x69, 0x6E, 0x67));
				case 32: return String(CharArray::of(0x4B, 0xF5, 0x76, 0x1EBD, 0x73, 0xE3, 0x75, 0x20, 0x6B, 0x75, 0x61, 0x74, 0x69, 0x61, 0x73, 0x61, 0x77, 0x61, 0x73, 0x75, 0x70, 0xED, 0x20, 0x42, 0x72, 0x61, 0x73, 0x69, 0x75, 0x2D, 0x50, 0x75, 0x74, 0x75, 0x67, 0x61, 0x75, 0x20, 0x31, 0x39, 0x34, 0x35));
				case 40: return String(CharArray::of(0x66, 0x75, 0x6E, 0xE9, 0x74, 0x69, 0x6B, 0x61, 0x20, 0x41, 0x75, 0x66, 0x61, 0x62, 0x65, 0x74, 0x75, 0x20, 0x46, 0x75, 0x6E, 0xE9, 0x74, 0x69, 0x6B, 0x75, 0x20, 0x0128, 0x74, 0x65, 0x72, 0x74, 0x65, 0x74, 0xE3, 0x6D, 0x61, 0x2D, 0x69, 0x74, 0x61));
				case 43: return String(CharArray::of(0x66, 0x75, 0x6E, 0xE9, 0x74, 0x69, 0x6B, 0x61, 0x20, 0x41, 0x75, 0x66, 0x61, 0x62, 0x65, 0x74, 0x75, 0x20, 0x46, 0x75, 0x6E, 0xE9, 0x74, 0x69, 0x6B, 0x75, 0x20, 0x55, 0x72, 0x61, 0x72, 0x69, 0x6B, 0x75));
				case 51: return String(CharArray::of(0x72, 0x6F, 0x6D, 0x61, 0x6E, 0x69, 0x73, 0x61, 0x73, 0x61, 0x77, 0x61, 0x20, 0x68, 0x65, 0x70, 0x62, 0x75, 0x72, 0x6E));
				case 52: return String(CharArray::of(0x6E, 0x75, 0x72, 0x75, 0x77, 0x65, 0x67, 0x75, 0x20, 0x69, 0x77, 0x61, 0x74, 0xE9));
				case 59: return String(CharArray::of(0x6B, 0x75, 0x61, 0x74, 0x69, 0x61, 0x73, 0x61, 0x77, 0x61, 0x73, 0x75, 0x70, 0xED, 0x20, 0x70, 0x61, 0x6E, 0x68, 0xE9, 0x2D, 0x79, 0x61, 0x72, 0x61));
				case 65: return String(CharArray::of(0x64, 0x69, 0x79, 0x61, 0x72, 0x65, 0x74, 0x75, 0x20, 0x72, 0x69, 0x70, 0x6F, 0x76, 0x61, 0x69, 0x20, 0x52, 0x65, 0x73, 0x69, 0x61, 0x6E, 0x20, 0x79, 0x61, 0x72, 0x61));
				case 70: return String(CharArray::of(0x79, 0x65, 0x70, 0x65, 0x74, 0x0169, 0x6E, 0x69, 0x6B, 0x75));
				case 71: return String(CharArray::of(0x64, 0x69, 0x79, 0x61, 0x72, 0x65, 0x74, 0x75, 0x20, 0x0129, 0x64, 0x69, 0x79, 0x75, 0x6B, 0x61));
				case 72: return String(CharArray::of(0x64, 0x69, 0x79, 0x61, 0x72, 0x65, 0x74, 0x75, 0x20, 0x6E, 0x61, 0x74, 0x69, 0x73, 0x75, 0x6E, 0x69));
				case 75: return String(CharArray::of(0x64, 0x69, 0x79, 0x61, 0x72, 0x65, 0x74, 0x75, 0x20, 0x67, 0x69, 0x6E, 0x69, 0x77, 0x61, 0x2F, 0x6E, 0x69, 0x79, 0x69, 0x77, 0x61));
				case 77: return String(CharArray::of(0x64, 0x69, 0x79, 0x61, 0x72, 0x65, 0x74, 0x75, 0x20, 0x75, 0x73, 0x69, 0x61, 0x6B, 0x75, 0x2F, 0x75, 0x73, 0x75, 0x79, 0x61, 0x6E, 0x69));
				case 82: return String(CharArray::of(0x64, 0x69, 0x79, 0x61, 0x72, 0x65, 0x74, 0x75, 0x20, 0x70, 0x61, 0x6D, 0x61, 0x6B, 0x61));
				case 86: return String(CharArray::of(0x72, 0x6F, 0x6D, 0x61, 0x6E, 0x69, 0x73, 0x61, 0x73, 0x61, 0x77, 0x61, 0x20, 0x50, 0x69, 0x6E, 0x69, 0x79, 0x0129));
				case 87: return String(CharArray::of(0x74, 0x0169, 0x6E, 0x69, 0x6B, 0x75, 0x2D, 0x69, 0x74, 0x61));
				case 88: return String(CharArray::of(0x6B, 0x0169, 0x70, 0x75, 0x74, 0x61, 0x72, 0x61, 0x77, 0x61));
				case 91: return String(CharArray::of(0x6B, 0x75, 0x61, 0x74, 0x69, 0x61, 0x73, 0x61, 0x77, 0x61, 0x73, 0x75, 0x70, 0xED, 0x20, 0x6D, 0x75, 0x73, 0x61, 0x74, 0xE3, 0x62, 0x69, 0x6B, 0x61, 0x77, 0x61));
				case 93: return String(CharArray::of(0x72, 0x65, 0x73, 0x69, 0x61, 0x77, 0x61, 0x72, 0x61));
				case 95: return String(CharArray::of(0x73, 0x61, 0x68, 0x6F));
				case 96: return String(CharArray::of(0x1EBD, 0x67, 0x69, 0x72, 0x69, 0x78, 0x69, 0x20, 0x72, 0x65, 0x74, 0x65, 0x77, 0x61, 0x20, 0x65, 0x73, 0x69, 0x6B, 0x75, 0x73, 0x69, 0x79, 0x65, 0x69));
				case 97: return String(CharArray::of(0x69, 0x73, 0x69, 0x6B, 0x75, 0x73, 0x65));
				case 99: return String(CharArray::of(0x64, 0x69, 0x79, 0x61, 0x72, 0x65, 0x74, 0x75, 0x20, 0x73, 0x69, 0x74, 0x75, 0x77, 0x69, 0x73, 0x61, 0x2F, 0x73, 0x75, 0x62, 0x69, 0x6B, 0x61));
				case 107: return String(CharArray::of(0x6B, 0x75, 0x61, 0x74, 0x69, 0x61, 0x73, 0x61, 0x77, 0x61, 0x73, 0x75, 0x70, 0xED, 0x20, 0x74, 0x61, 0x72, 0x61, 0x73, 0x69, 0x6B, 0x69, 0x65, 0x77, 0x69, 0x6B, 0x61));
				case 110: return String(CharArray::of(0x6B, 0x75, 0x61, 0x74, 0x69, 0x61, 0x73, 0x61, 0x77, 0x61, 0x73, 0x75, 0x70, 0xED, 0x20, 0x79, 0x65, 0x70, 0x65, 0x77, 0x61, 0x73, 0xFA));
				case 111: return String(CharArray::of(0x6B, 0x75, 0x61, 0x74, 0x69, 0x61, 0x73, 0x61, 0x77, 0x61, 0x73, 0x75, 0x70, 0xED, 0x20, 0x6D, 0x75, 0x73, 0x61, 0x74, 0xE3, 0x62, 0x69, 0x6B, 0x61, 0x77, 0x61, 0x20, 0x73, 0x75, 0xED, 0x20, 0x79, 0x65, 0x73, 0x70, 0x65, 0x77, 0x61, 0x73, 0xFA));
				case 116: return String(CharArray::of(0x77, 0x61, 0x72, 0x1EBD, 0x73, 0x69, 0x77, 0x61, 0x72, 0x61));
				case 120: return String(CharArray::of(0x72, 0x6F, 0x6D, 0x61, 0x6E, 0x69, 0x73, 0x61, 0x73, 0x61, 0x77, 0x61, 0x20, 0x57, 0x61, 0x64, 0x65, 0x2D, 0x47, 0x69, 0x6C, 0x65, 0x73));
            default: break;
            }
            return String();
        }
            
        gbool Yrl::hasVariant() const {
            return false;
        }
        
        gbool Yrl::hasRegion() const {
            return false;
        }
        
        gbool Yrl::hasScript() const {
            return false;
        }
            
        String Yrl::displayCurrency(gint currency, gint count) const {
            switch(currency) { 
				case 0:
					if (count == -1) return String(CharArray::of(0x50, 0x65, 0x73, 0x65, 0x74, 0x61, 0x20, 0xC3, 0x64, 0x75, 0x72, 0x61, 0x77, 0x61, 0x72, 0x61));
					if (count == 1) return String(CharArray::of(0x50, 0x65, 0x73, 0x65, 0x74, 0x61, 0x20, 0xC3, 0x64, 0x75, 0x72, 0x61, 0x77, 0x61, 0x72, 0x61));
					if (count != 1) return String(CharArray::of(0x50, 0x65, 0x73, 0x65, 0x74, 0x61, 0x2D, 0x69, 0x74, 0x61, 0x20, 0xC3, 0x64, 0x75, 0x72, 0x61, 0x77, 0x61, 0x72, 0x61));
					break;
				case 1:
					if (count == -1) return String(CharArray::of(0x44, 0x69, 0x72, 0x68, 0xE3, 0x20, 0x45, 0x6D, 0x69, 0x72, 0x61, 0x64, 0x75, 0x2D, 0x69, 0x74, 0x61, 0x20, 0xC1, 0x72, 0x61, 0x62, 0x65, 0x20, 0x59, 0x65, 0x70, 0x65, 0x77, 0x61, 0x73, 0xFA));
					if (count == 1) return String(CharArray::of(0x44, 0x69, 0x72, 0x68, 0xE3, 0x20, 0x45, 0x41, 0x55, 0x20, 0x73, 0x75, 0xED));
					if (count != 1) return String(CharArray::of(0x44, 0x69, 0x72, 0x68, 0xE3, 0x2D, 0x69, 0x74, 0x61, 0x20, 0x45, 0x41, 0x55, 0x20, 0x73, 0x75, 0xED));
					break;
				case 2:
					if (count == -1) return String(CharArray::of(0x41, 0x66, 0x65, 0x67, 0x61, 0x6E, 0x69, 0x20, 0x28, 0x31, 0x39, 0x32, 0x37, 0x2013, 0x32, 0x30, 0x30, 0x32, 0x29));
					if (count == 1) return String(CharArray::of(0x41, 0x66, 0x65, 0x67, 0x61, 0x6E, 0x69, 0x20, 0x41, 0x66, 0x65, 0x67, 0xE3, 0x6E, 0x69, 0x72, 0x65, 0x74, 0xE3, 0x6D, 0x61, 0x20, 0x73, 0x75, 0xED, 0x20, 0x28, 0x41, 0x46, 0x41, 0x29));
					if (count != 1) return String(CharArray::of(0x41, 0x66, 0x65, 0x67, 0x61, 0x6E, 0x69, 0x2D, 0x69, 0x74, 0x61, 0x20, 0x41, 0x66, 0x65, 0x67, 0xE3, 0x6E, 0x69, 0x72, 0x65, 0x74, 0xE3, 0x6D, 0x61, 0x20, 0x73, 0x75, 0xED, 0x20, 0x28, 0x41, 0x46, 0x41, 0x29));
					break;
				case 3:
					if (count == -1) return String(CharArray::of(0x41, 0x66, 0x65, 0x67, 0x61, 0x6E, 0x69, 0x20, 0x61, 0x66, 0x65, 0x67, 0x61, 0x77, 0x61, 0x72, 0x61));
					if (count == 1) return String(CharArray::of(0x41, 0x66, 0x65, 0x67, 0x61, 0x6E, 0x69, 0x20, 0x61, 0x66, 0x65, 0x67, 0x61, 0x77, 0x61, 0x72, 0x61));
					if (count != 1) return String(CharArray::of(0x41, 0x66, 0x65, 0x67, 0x61, 0x6E, 0x69, 0x2D, 0x69, 0x74, 0x61, 0x20, 0x61, 0x66, 0x65, 0x67, 0x61, 0x77, 0x61, 0x72, 0x61));
					break;
				case 4:
					if (count == -1) return String(CharArray::of(0x52, 0x65, 0x6B, 0x69, 0x20, 0x41, 0x75, 0x62, 0x61, 0x6E, 0x69, 0x61, 0x77, 0x61, 0x72, 0x61, 0x20, 0x28, 0x31, 0x39, 0x34, 0x36, 0x2013, 0x31, 0x39, 0x36, 0x35, 0x29));
					if (count == 1) return String(CharArray::of(0x52, 0x65, 0x6B, 0x69, 0x20, 0x41, 0x75, 0x62, 0x61, 0x6E, 0x69, 0x61, 0x77, 0x61, 0x72, 0x61, 0x20, 0x28, 0x31, 0x39, 0x34, 0x36, 0x2013, 0x31, 0x39, 0x36, 0x35, 0x29));
					if (count != 1) return String(CharArray::of(0x52, 0x65, 0x6B, 0x69, 0x2D, 0x69, 0x74, 0x61, 0x20, 0x41, 0x75, 0x62, 0x61, 0x6E, 0x69, 0x61, 0x77, 0x61, 0x72, 0x61, 0x20, 0x28, 0x31, 0x39, 0x34, 0x36, 0x2013, 0x31, 0x39, 0x36, 0x35, 0x29));
					break;
				case 5:
					if (count == -1) return String(CharArray::of(0x52, 0x65, 0x6B, 0x69, 0x20, 0x61, 0x75, 0x62, 0x61, 0x6E, 0x65, 0x69));
					if (count == 1) return String(CharArray::of(0x52, 0x65, 0x6B, 0x69, 0x20, 0x61, 0x75, 0x62, 0x61, 0x6E, 0x65, 0x69));
					if (count != 1) return String(CharArray::of(0x52, 0x65, 0x6B, 0x69, 0x2D, 0x69, 0x74, 0x61, 0x20, 0x61, 0x75, 0x62, 0x61, 0x6E, 0x65, 0x69));
					break;
				case 6:
					if (count == -1) return String(CharArray::of(0x44, 0x61, 0x72, 0xE3, 0x20, 0x61, 0x72, 0x69, 0x6D, 0x65, 0x6E, 0x69, 0x61, 0x77, 0x61, 0x72, 0x61));
					if (count == 1) return String(CharArray::of(0x44, 0x61, 0x72, 0xE3, 0x20, 0x61, 0x72, 0x69, 0x6D, 0x65, 0x6E, 0x69, 0x61, 0x77, 0x61, 0x72, 0x61));
					if (count != 1) return String(CharArray::of(0x44, 0x61, 0x72, 0xE3, 0x2D, 0x69, 0x74, 0x61, 0x20, 0x61, 0x72, 0x69, 0x6D, 0x65, 0x6E, 0x69, 0x61, 0x77, 0x61, 0x72, 0x61));
					break;
				case 7:
					if (count == -1) return String(CharArray::of(0x46, 0x75, 0x6C, 0x75, 0x72, 0x0129, 0x20, 0xC3, 0x74, 0xED, 0x72, 0x69, 0x61, 0x20, 0x48, 0x75, 0x72, 0xE3, 0x64, 0x61, 0x77, 0x61, 0x72, 0x61));
					if (count == 1) return String(CharArray::of(0x46, 0x75, 0x6C, 0x75, 0x72, 0x0129, 0x20, 0xC3, 0x74, 0xED, 0x72, 0x69, 0x61, 0x20, 0x48, 0x75, 0x72, 0xE3, 0x64, 0x61, 0x77, 0x61, 0x72, 0x61));
					if (count != 1) return String(CharArray::of(0x46, 0x75, 0x6C, 0x75, 0x72, 0x0129, 0x2D, 0x69, 0x74, 0x61, 0x20, 0xC3, 0x74, 0xED, 0x72, 0x69, 0x61, 0x20, 0x48, 0x75, 0x72, 0xE3, 0x64, 0x61, 0x77, 0x61, 0x72, 0x61));
					break;
				case 8:
					if (count == -1) return String(CharArray::of(0x4B, 0x75, 0xE3, 0x73, 0x61, 0x20, 0xE3, 0x67, 0x75, 0x6C, 0x61, 0x77, 0x61, 0x72, 0x61));
					if (count == 1) return String(CharArray::of(0x4B, 0x75, 0xE3, 0x73, 0x61, 0x20, 0xE3, 0x67, 0x75, 0x6C, 0x61, 0x77, 0x61, 0x72, 0x61));
					if (count != 1) return String(CharArray::of(0x4B, 0x75, 0xE3, 0x73, 0x61, 0x2D, 0x69, 0x74, 0x61, 0x20, 0xE3, 0x67, 0x75, 0x6C, 0x61, 0x77, 0x61, 0x72, 0x61));
					break;
				case 9:
					if (count == -1) return String(CharArray::of(0x4B, 0x75, 0xE3, 0x73, 0x61, 0x20, 0xE3, 0x67, 0x75, 0x6C, 0x61, 0x77, 0x61, 0x72, 0x61, 0x20, 0x28, 0x31, 0x39, 0x37, 0x37, 0x2013, 0x31, 0x39, 0x39, 0x30, 0x29));
					if (count == 1) return String(CharArray::of(0x4B, 0x75, 0xE3, 0x73, 0x61, 0x20, 0xE3, 0x67, 0x75, 0x6C, 0x61, 0x77, 0x61, 0x72, 0x61, 0x20, 0x28, 0x41, 0x4F, 0x4B, 0x29));
					if (count != 1) return String(CharArray::of(0x4B, 0x75, 0xE3, 0x73, 0x61, 0x2D, 0x69, 0x74, 0x61, 0x20, 0xE3, 0x67, 0x75, 0x6C, 0x61, 0x77, 0x61, 0x72, 0x61, 0x20, 0x28, 0x41, 0x4F, 0x4B, 0x29));
					break;
				case 10:
					if (count == -1) return String(CharArray::of(0x4B, 0x75, 0xE3, 0x73, 0x61, 0x20, 0xE3, 0x67, 0x75, 0x6C, 0x61, 0x77, 0x61, 0x72, 0x61, 0x20, 0x70, 0x69, 0x73, 0x61, 0x73, 0x75, 0x77, 0x61, 0x20, 0x28, 0x31, 0x39, 0x39, 0x30, 0x2013, 0x32, 0x30, 0x30, 0x30, 0x29));
					if (count == 1) return String(CharArray::of(0x4B, 0x75, 0xE3, 0x73, 0x61, 0x20, 0xE3, 0x67, 0x75, 0x6C, 0x61, 0x77, 0x61, 0x72, 0x61, 0x20, 0x70, 0x69, 0x73, 0x61, 0x73, 0x75, 0x77, 0x61, 0x20, 0x28, 0x41, 0x4F, 0x4E, 0x29));
					if (count != 1) return String(CharArray::of(0x4B, 0x75, 0xE3, 0x73, 0x61, 0x2D, 0x69, 0x74, 0x61, 0x20, 0xE3, 0x67, 0x75, 0x6C, 0x61, 0x77, 0x61, 0x72, 0x61, 0x20, 0x70, 0x69, 0x73, 0x61, 0x73, 0x75, 0x77, 0x61, 0x2D, 0x69, 0x74, 0x61, 0x20, 0x28, 0x41, 0x4F, 0x4E, 0x29));
					break;
				case 11:
					if (count == -1) return String(CharArray::of(0x4B, 0x75, 0xE3, 0x73, 0x61, 0x20, 0xE3, 0x67, 0x75, 0x6C, 0x61, 0x77, 0x61, 0x72, 0x61, 0x20, 0x79, 0x75, 0x6D, 0x0169, 0x6E, 0x68, 0xE3, 0x77, 0x61, 0x20, 0x79, 0x75, 0x69, 0x72, 0x69, 0x20, 0x28, 0x31, 0x39, 0x39, 0x35, 0x2013, 0x31, 0x39, 0x39, 0x39, 0x29));
					if (count == 1) return String(CharArray::of(0x4B, 0x75, 0xE3, 0x73, 0x61, 0x20, 0xE3, 0x67, 0x75, 0x6C, 0x61, 0x77, 0x61, 0x72, 0x61, 0x20, 0x79, 0x75, 0x6D, 0x75, 0x6E, 0x68, 0xE3, 0x77, 0x61, 0x20, 0x79, 0x75, 0x69, 0x72, 0x69, 0x20, 0x28, 0x41, 0x4F, 0x52, 0x29));
					if (count != 1) return String(CharArray::of(0x4B, 0x75, 0xE3, 0x73, 0x61, 0x2D, 0x69, 0x74, 0x61, 0x20, 0xE3, 0x67, 0x75, 0x6C, 0x61, 0x77, 0x61, 0x72, 0x61, 0x20, 0x79, 0x75, 0x6D, 0x75, 0x6E, 0x68, 0xE3, 0x77, 0x61, 0x2D, 0x69, 0x74, 0x61, 0x20, 0x79, 0x75, 0x69, 0x72, 0x69, 0x20, 0x28, 0x41, 0x4F, 0x52, 0x29));
					break;
				case 12:
					if (count == -1) return String(CharArray::of(0x41, 0x75, 0x73, 0x74, 0x61, 0x72, 0x61, 0x75, 0x20, 0x41, 0x72, 0x67, 0x1EBD, 0x74, 0x69, 0x6E, 0x61, 0x77, 0x61, 0x72, 0x61));
					if (count == 1) return String(CharArray::of(0x41, 0x75, 0x73, 0x74, 0x61, 0x72, 0x61, 0x75, 0x20, 0x41, 0x72, 0x67, 0x1EBD, 0x74, 0x69, 0x6E, 0x61, 0x77, 0x61, 0x72, 0x61));
					if (count != 1) return String(CharArray::of(0x41, 0x75, 0x73, 0x74, 0x61, 0x72, 0x61, 0x75, 0x2D, 0x69, 0x74, 0x61, 0x20, 0x41, 0x72, 0x67, 0x1EBD, 0x74, 0x69, 0x6E, 0x61, 0x77, 0x61, 0x72, 0x61));
					break;
				case 13:
					if (count == -1) return String(CharArray::of(0x50, 0x75, 0x73, 0x65, 0x77, 0x61, 0x20, 0x74, 0x65, 0x6B, 0xFA, 0x20, 0x41, 0x72, 0x67, 0x1EBD, 0x74, 0x69, 0x6E, 0x61, 0x77, 0x61, 0x72, 0x61, 0x20, 0x28, 0x31, 0x39, 0x37, 0x30, 0x2013, 0x31, 0x39, 0x38, 0x33, 0x29));
					if (count == 1) return String(CharArray::of(0x50, 0x75, 0x73, 0x65, 0x77, 0x61, 0x20, 0x74, 0x65, 0x6B, 0xFA, 0x20, 0x41, 0x72, 0x67, 0x1EBD, 0x74, 0x69, 0x6E, 0x61, 0x77, 0x61, 0x72, 0x61, 0x20, 0x28, 0x31, 0x39, 0x37, 0x30, 0x2013, 0x31, 0x39, 0x38, 0x33, 0x29));
					if (count != 1) return String(CharArray::of(0x50, 0x75, 0x73, 0x65, 0x77, 0x61, 0x2D, 0x69, 0x74, 0x61, 0x20, 0x74, 0x65, 0x6B, 0xFA, 0x20, 0x41, 0x72, 0x67, 0x1EBD, 0x74, 0x69, 0x6E, 0x61, 0x77, 0x61, 0x72, 0x61, 0x20, 0x28, 0x31, 0x39, 0x37, 0x30, 0x2013, 0x31, 0x39, 0x38, 0x33, 0x29));
					break;
				case 14:
					if (count == -1) return String(CharArray::of(0x50, 0x75, 0x73, 0x65, 0x77, 0x61, 0x20, 0x61, 0x72, 0x67, 0x1EBD, 0x74, 0x69, 0x6E, 0x75, 0x20, 0x28, 0x31, 0x39, 0x38, 0x31, 0x2013, 0x31, 0x39, 0x37, 0x30, 0x29));
					if (count == 1) return String(CharArray::of(0x50, 0x75, 0x73, 0x65, 0x77, 0x61, 0x20, 0x61, 0x72, 0x67, 0x1EBD, 0x74, 0x69, 0x6E, 0x75, 0x20, 0x28, 0x31, 0x39, 0x38, 0x31, 0x2013, 0x31, 0x39, 0x37, 0x30, 0x29));
					if (count != 1) return String(CharArray::of(0x50, 0x75, 0x73, 0x65, 0x77, 0x61, 0x2D, 0x69, 0x74, 0x61, 0x20, 0x61, 0x72, 0x67, 0x1EBD, 0x74, 0x69, 0x6E, 0x75, 0x2D, 0x69, 0x74, 0x61, 0x20, 0x28, 0x31, 0x39, 0x38, 0x31, 0x2013, 0x31, 0x39, 0x37, 0x30, 0x29));
					break;
				case 15:
					if (count == -1) return String(CharArray::of(0x50, 0x75, 0x73, 0x65, 0x77, 0x61, 0x20, 0x61, 0x72, 0x67, 0x1EBD, 0x74, 0x69, 0x6E, 0x75, 0x20, 0x28, 0x31, 0x39, 0x38, 0x33, 0x2013, 0x31, 0x39, 0x38, 0x35, 0x29));
					if (count == 1) return String(CharArray::of(0x50, 0x75, 0x73, 0x65, 0x77, 0x61, 0x20, 0x61, 0x72, 0x67, 0x1EBD, 0x74, 0x69, 0x6E, 0x75, 0x20, 0x28, 0x31, 0x39, 0x38, 0x33, 0x2013, 0x31, 0x39, 0x38, 0x35, 0x29));
					if (count != 1) return String(CharArray::of(0x50, 0x75, 0x73, 0x65, 0x77, 0x61, 0x2D, 0x69, 0x74, 0x61, 0x20, 0x61, 0x72, 0x67, 0x1EBD, 0x74, 0x69, 0x6E, 0x75, 0x2D, 0x69, 0x74, 0x61, 0x20, 0x28, 0x31, 0x39, 0x38, 0x33, 0x2013, 0x31, 0x39, 0x38, 0x35, 0x29));
					break;
				case 16:
					if (count == -1) return String(CharArray::of(0x50, 0x75, 0x73, 0x65, 0x77, 0x61, 0x20, 0x61, 0x72, 0x67, 0x1EBD, 0x74, 0x69, 0x6E, 0x75));
					if (count == 1) return String(CharArray::of(0x50, 0x75, 0x73, 0x65, 0x77, 0x61, 0x20, 0x61, 0x72, 0x67, 0x1EBD, 0x74, 0x69, 0x6E, 0x75));
					if (count != 1) return String(CharArray::of(0x50, 0x75, 0x73, 0x65, 0x77, 0x61, 0x2D, 0x69, 0x74, 0x61, 0x20, 0x61, 0x72, 0x67, 0x1EBD, 0x74, 0x69, 0x6E, 0x75, 0x2D, 0x69, 0x74, 0x61));
					break;
				case 17:
					if (count == -1) return String(CharArray::of(0x58, 0x69, 0x72, 0x0129, 0x20, 0x61, 0x75, 0x73, 0x69, 0x74, 0xED, 0x72, 0x69, 0x61, 0x6B, 0x75));
					if (count == 1) return String(CharArray::of(0x58, 0x69, 0x72, 0x0129, 0x20, 0x61, 0x75, 0x73, 0x69, 0x74, 0xED, 0x72, 0x69, 0x61, 0x6B, 0x75));
					if (count != 1) return String(CharArray::of(0x58, 0x69, 0x72, 0x0129, 0x2D, 0x69, 0x74, 0x61, 0x20, 0x61, 0x75, 0x73, 0x69, 0x74, 0xED, 0x72, 0x69, 0x61, 0x6B, 0x75, 0x2D, 0x69, 0x74, 0x61));
					break;
				case 18:
					if (count == -1) return String(CharArray::of(0x44, 0xF3, 0x72, 0x61, 0x20, 0x41, 0x75, 0x73, 0x69, 0x74, 0x61, 0x72, 0x61, 0x6C, 0x69, 0x77, 0x61, 0x72, 0x61));
					if (count == 1) return String(CharArray::of(0x44, 0xF3, 0x72, 0x61, 0x20, 0x41, 0x75, 0x73, 0x69, 0x74, 0x61, 0x72, 0x61, 0x6C, 0x69, 0x77, 0x61, 0x72, 0x61));
					if (count != 1) return String(CharArray::of(0x44, 0xF3, 0x72, 0x61, 0x2D, 0x69, 0x74, 0x61, 0x20, 0x41, 0x75, 0x73, 0x69, 0x74, 0x61, 0x72, 0x61, 0x6C, 0x69, 0x77, 0x61, 0x72, 0x61));
					break;
				case 19:
					if (count == -1) return String(CharArray::of(0x46, 0x75, 0x6C, 0x75, 0x72, 0x0129, 0x20, 0x41, 0x72, 0x75, 0x62, 0x61, 0x77, 0x61, 0x72, 0x61));
					if (count == 1) return String(CharArray::of(0x46, 0x75, 0x6C, 0x75, 0x72, 0x0129, 0x20, 0x41, 0x72, 0x75, 0x62, 0x61, 0x77, 0x61, 0x72, 0x61));
					if (count != 1) return String(CharArray::of(0x46, 0x75, 0x6C, 0x75, 0x72, 0x0129, 0x2D, 0x69, 0x74, 0x61, 0x20, 0x41, 0x72, 0x75, 0x62, 0x61, 0x77, 0x61, 0x72, 0x61));
					break;
				case 20:
					if (count == -1) return String(CharArray::of(0x4D, 0x61, 0x6E, 0x61, 0x74, 0x69, 0x20, 0x41, 0x73, 0x65, 0x72, 0x69, 0x72, 0x65, 0x74, 0xE3, 0x6D, 0x61, 0x77, 0x61, 0x72, 0x61, 0x20, 0x28, 0x31, 0x39, 0x39, 0x33, 0x2013, 0x32, 0x30, 0x30, 0x36, 0x29));
					if (count == 1) return String(CharArray::of(0x4D, 0x61, 0x6E, 0x61, 0x74, 0x69, 0x20, 0x41, 0x73, 0x65, 0x72, 0x69, 0x72, 0x65, 0x74, 0xE3, 0x6D, 0x61, 0x77, 0x61, 0x72, 0x61, 0x20, 0x28, 0x31, 0x39, 0x39, 0x33, 0x2013, 0x32, 0x30, 0x30, 0x36, 0x29));
					if (count != 1) return String(CharArray::of(0x4D, 0x61, 0x6E, 0x61, 0x74, 0x69, 0x2D, 0x69, 0x74, 0x61, 0x20, 0x41, 0x73, 0x65, 0x72, 0x69, 0x72, 0x65, 0x74, 0xE3, 0x6D, 0x61, 0x77, 0x61, 0x72, 0x61, 0x20, 0x28, 0x31, 0x39, 0x39, 0x33, 0x2013, 0x32, 0x30, 0x30, 0x36, 0x29));
					break;
				case 21:
					if (count == -1) return String(CharArray::of(0x4D, 0x61, 0x6E, 0x61, 0x74, 0x69, 0x20, 0x61, 0x73, 0x65, 0x72, 0x69));
					if (count == 1) return String(CharArray::of(0x4D, 0x61, 0x6E, 0x61, 0x74, 0x69, 0x20, 0x61, 0x73, 0x65, 0x72, 0x69));
					if (count != 1) return String(CharArray::of(0x4D, 0x61, 0x6E, 0x61, 0x74, 0x69, 0x2D, 0x69, 0x74, 0x61, 0x20, 0x61, 0x73, 0x65, 0x72, 0x69, 0x2D, 0x69, 0x74, 0x61));
					break;
				case 22:
					if (count == -1) return String(CharArray::of(0x44, 0x69, 0x6E, 0x61, 0x72, 0x69, 0x20, 0x42, 0x75, 0x73, 0x69, 0x6E, 0x69, 0x79, 0x61, 0x2D, 0x45, 0x73, 0x65, 0x67, 0x75, 0x77, 0x69, 0x6E, 0x61, 0x77, 0x61, 0x72, 0x61, 0x20, 0x28, 0x31, 0x39, 0x39, 0x32, 0x2013, 0x31, 0x39, 0x39, 0x34, 0x29));
					if (count == 1) return String(CharArray::of(0x44, 0x69, 0x6E, 0x61, 0x72, 0x69, 0x20, 0x42, 0x75, 0x73, 0x69, 0x6E, 0x69, 0x79, 0x61, 0x2D, 0x45, 0x73, 0x65, 0x67, 0x75, 0x77, 0x69, 0x6E, 0x61, 0x77, 0x61, 0x72, 0x61));
					if (count != 1) return String(CharArray::of(0x44, 0x69, 0x6E, 0x61, 0x72, 0x69, 0x2D, 0x69, 0x74, 0x61, 0x20, 0x42, 0x75, 0x73, 0x69, 0x6E, 0x69, 0x79, 0x61, 0x2D, 0x45, 0x73, 0x65, 0x67, 0x75, 0x77, 0x69, 0x6E, 0x61, 0x77, 0x61, 0x72, 0x61));
					break;
				case 23:
					if (count == -1) return String(CharArray::of(0x4D, 0x61, 0x72, 0x6B, 0x75, 0x20, 0x79, 0x75, 0x6D, 0x75, 0x79, 0x65, 0x72, 0x65, 0x77, 0x61, 0x20, 0x42, 0x75, 0x73, 0x69, 0x6E, 0x69, 0x79, 0x61, 0x2D, 0x45, 0x73, 0x65, 0x67, 0x75, 0x77, 0x69, 0x6E, 0x61, 0x77, 0x61, 0x72, 0x61));
					if (count == 1) return String(CharArray::of(0x4D, 0x61, 0x72, 0x6B, 0x75, 0x20, 0x79, 0x75, 0x6D, 0x75, 0x79, 0x65, 0x72, 0x65, 0x77, 0x61, 0x20, 0x42, 0x75, 0x73, 0x69, 0x6E, 0x69, 0x79, 0x61, 0x2D, 0x45, 0x73, 0x65, 0x67, 0x75, 0x77, 0x69, 0x6E, 0x61, 0x77, 0x61, 0x72, 0x61));
					if (count != 1) return String(CharArray::of(0x4D, 0x61, 0x72, 0x6B, 0x75, 0x20, 0x79, 0x75, 0x6D, 0x75, 0x79, 0x65, 0x72, 0x65, 0x77, 0x61, 0x2D, 0x69, 0x74, 0x61, 0x20, 0x42, 0x75, 0x73, 0x69, 0x6E, 0x69, 0x79, 0x61, 0x2D, 0x45, 0x73, 0x65, 0x67, 0x75, 0x77, 0x69, 0x6E, 0x61, 0x77, 0x61, 0x72, 0x61));
					break;
				case 24:
					if (count == -1) return String(CharArray::of(0x44, 0x69, 0x6E, 0x61, 0x72, 0x69, 0x20, 0x50, 0x69, 0x73, 0x61, 0x73, 0x75, 0x77, 0x61, 0x20, 0x42, 0x75, 0x73, 0x69, 0x6E, 0x69, 0x79, 0x61, 0x2D, 0x45, 0x73, 0x65, 0x67, 0x75, 0x77, 0x69, 0x6E, 0x61, 0x77, 0x61, 0x72, 0x61, 0x20, 0x28, 0x31, 0x39, 0x39, 0x34, 0x2013, 0x31, 0x39, 0x39, 0x37, 0x29));
					if (count == 1) return String(CharArray::of(0x44, 0x69, 0x6E, 0x61, 0x72, 0x69, 0x20, 0x50, 0x69, 0x73, 0x61, 0x73, 0x75, 0x77, 0x61, 0x20, 0x42, 0x75, 0x73, 0x69, 0x6E, 0x69, 0x79, 0x61, 0x2D, 0x45, 0x73, 0x65, 0x67, 0x75, 0x77, 0x69, 0x6E, 0x61, 0x77, 0x61, 0x72, 0x61));
					if (count != 1) return String(CharArray::of(0x44, 0x69, 0x6E, 0x61, 0x72, 0x69, 0x20, 0x50, 0x69, 0x73, 0x61, 0x73, 0x75, 0x77, 0x61, 0x2D, 0x69, 0x74, 0x61, 0x20, 0x42, 0x75, 0x73, 0x69, 0x6E, 0x69, 0x79, 0x61, 0x2D, 0x45, 0x73, 0x65, 0x67, 0x75, 0x77, 0x69, 0x6E, 0x61, 0x77, 0x61, 0x72, 0x61));
					break;
				case 25:
					if (count == -1) return String(CharArray::of(0x44, 0xF3, 0x72, 0x61, 0x20, 0x62, 0x61, 0x72, 0x62, 0x61, 0x64, 0x75, 0x77, 0x61, 0x72, 0x61));
					if (count == 1) return String(CharArray::of(0x44, 0xF3, 0x72, 0x61, 0x20, 0x62, 0x61, 0x72, 0x62, 0x61, 0x64, 0x75, 0x77, 0x61, 0x72, 0x61));
					if (count != 1) return String(CharArray::of(0x44, 0xF3, 0x72, 0x61, 0x2D, 0x69, 0x74, 0x61, 0x20, 0x62, 0x61, 0x72, 0x62, 0x61, 0x64, 0x75, 0x77, 0x61, 0x72, 0x61));
					break;
				case 26:
					if (count == -1) return String(CharArray::of(0x54, 0x61, 0x6B, 0x61, 0x20, 0x42, 0x1EBD, 0x67, 0x61, 0x72, 0x69, 0x77, 0x61, 0x72, 0x61));
					if (count == 1) return String(CharArray::of(0x54, 0x61, 0x6B, 0x61, 0x20, 0x42, 0x1EBD, 0x67, 0x61, 0x72, 0x69, 0x77, 0x61, 0x72, 0x61));
					if (count != 1) return String(CharArray::of(0x54, 0x61, 0x6B, 0x61, 0x2D, 0x69, 0x74, 0x61, 0x20, 0x42, 0x1EBD, 0x67, 0x61, 0x72, 0x69, 0x77, 0x61, 0x72, 0x61));
					break;
				case 27:
					if (count == -1) return String(CharArray::of(0x46, 0x61, 0x72, 0xE3, 0x6B, 0x75, 0x20, 0x42, 0x65, 0x75, 0x6A, 0x69, 0x6B, 0x61, 0x77, 0x61, 0x72, 0x61, 0x20, 0x28, 0x79, 0x75, 0x6D, 0x75, 0x79, 0x65, 0x72, 0x65, 0x75, 0x77, 0x61, 0x29));
					if (count == 1) return String(CharArray::of(0x46, 0x61, 0x72, 0xE3, 0x6B, 0x75, 0x20, 0x42, 0x65, 0x75, 0x6A, 0x69, 0x6B, 0x61, 0x77, 0x61, 0x72, 0x61, 0x20, 0x28, 0x79, 0x75, 0x6D, 0x75, 0x79, 0x65, 0x72, 0x65, 0x75, 0x77, 0x61, 0x29));
					if (count != 1) return String(CharArray::of(0x46, 0x61, 0x72, 0xE3, 0x6B, 0x75, 0x2D, 0x69, 0x74, 0x61, 0x20, 0x42, 0x65, 0x75, 0x6A, 0x69, 0x6B, 0x61, 0x77, 0x61, 0x72, 0x61, 0x20, 0x28, 0x79, 0x75, 0x6D, 0x75, 0x79, 0x65, 0x72, 0x65, 0x75, 0x77, 0x61, 0x2D, 0x69, 0x74, 0x61, 0x29));
					break;
				case 28:
					if (count == -1) return String(CharArray::of(0x46, 0x61, 0x72, 0xE3, 0x6B, 0x75, 0x20, 0x42, 0x65, 0x75, 0x6A, 0x69, 0x6B, 0x61, 0x77, 0x61, 0x72, 0x61));
					if (count == 1) return String(CharArray::of(0x46, 0x61, 0x72, 0xE3, 0x6B, 0x75, 0x20, 0x42, 0x65, 0x75, 0x6A, 0x69, 0x6B, 0x61, 0x77, 0x61, 0x72, 0x61));
					if (count != 1) return String(CharArray::of(0x46, 0x61, 0x72, 0xE3, 0x6B, 0x75, 0x2D, 0x69, 0x74, 0x61, 0x20, 0x42, 0x65, 0x75, 0x6A, 0x69, 0x6B, 0x61, 0x77, 0x61, 0x72, 0x61));
					break;
				case 29:
					if (count == -1) return String(CharArray::of(0x46, 0x61, 0x72, 0xE3, 0x6B, 0x75, 0x20, 0x42, 0x65, 0x75, 0x6A, 0x69, 0x6B, 0x61, 0x77, 0x61, 0x72, 0x61, 0x20, 0x28, 0x66, 0x69, 0x6E, 0xE3, 0x73, 0x65, 0x72, 0x75, 0x29));
					if (count == 1) return String(CharArray::of(0x46, 0x61, 0x72, 0xE3, 0x6B, 0x75, 0x20, 0x42, 0x65, 0x75, 0x6A, 0x69, 0x6B, 0x61, 0x77, 0x61, 0x72, 0x61, 0x20, 0x28, 0x66, 0x69, 0x6E, 0xE3, 0x73, 0x65, 0x72, 0x75, 0x29));
					if (count != 1) return String(CharArray::of(0x46, 0x61, 0x72, 0xE3, 0x6B, 0x75, 0x2D, 0x69, 0x74, 0x61, 0x20, 0x42, 0x65, 0x75, 0x6A, 0x69, 0x6B, 0x61, 0x77, 0x61, 0x72, 0x61, 0x20, 0x28, 0x66, 0x69, 0x6E, 0xE3, 0x73, 0x65, 0x72, 0x75, 0x29));
					break;
				case 30:
					if (count == -1) return String(CharArray::of(0x52, 0x65, 0x76, 0x69, 0x20, 0x4B, 0x69, 0x72, 0x0129, 0x62, 0x61, 0x77, 0x61, 0x20, 0x42, 0x75, 0x67, 0x61, 0x72, 0x69, 0x79, 0x61, 0x77, 0x61, 0x72, 0x61));
					if (count == 1) return String(CharArray::of(0x52, 0x65, 0x76, 0x69, 0x20, 0x4B, 0x69, 0x72, 0x0129, 0x62, 0x61, 0x77, 0x61, 0x20, 0x42, 0x75, 0x67, 0x61, 0x72, 0x69, 0x79, 0x61, 0x77, 0x61, 0x72, 0x61));
					if (count != 1) return String(CharArray::of(0x52, 0x65, 0x76, 0x69, 0x2D, 0x69, 0x74, 0x61, 0x20, 0x4B, 0x69, 0x72, 0x0129, 0x62, 0x61, 0x77, 0x61, 0x20, 0x42, 0x75, 0x67, 0x61, 0x72, 0x69, 0x79, 0x61, 0x77, 0x61, 0x72, 0x61));
					break;
				case 31:
					if (count == -1) return String(CharArray::of(0x52, 0x65, 0x76, 0x69, 0x20, 0x53, 0x75, 0x73, 0x69, 0x61, 0x72, 0x69, 0x74, 0x61, 0x77, 0x61, 0x20, 0x42, 0x75, 0x67, 0x61, 0x72, 0x69, 0x79, 0x61, 0x77, 0x61, 0x72, 0x61));
					if (count == 1) return String(CharArray::of(0x52, 0x65, 0x76, 0x69, 0x20, 0x53, 0x75, 0x73, 0x69, 0x61, 0x72, 0x69, 0x74, 0x61, 0x77, 0x61, 0x20, 0x42, 0x75, 0x67, 0x61, 0x72, 0x69, 0x79, 0x61, 0x77, 0x61, 0x72, 0x61));
					if (count != 1) return String(CharArray::of(0x52, 0x65, 0x76, 0x69, 0x2D, 0x69, 0x74, 0x61, 0x20, 0x53, 0x75, 0x73, 0x69, 0x61, 0x72, 0x69, 0x74, 0x61, 0x77, 0x61, 0x20, 0x42, 0x75, 0x67, 0x61, 0x72, 0x69, 0x79, 0x61, 0x77, 0x61, 0x72, 0x61));
					break;
				case 32:
					if (count == -1) return String(CharArray::of(0x52, 0x65, 0x76, 0x69, 0x20, 0x42, 0x75, 0x67, 0x61, 0x72, 0x69, 0x79, 0x61, 0x77, 0x61, 0x72, 0x61));
					if (count == 1) return String(CharArray::of(0x52, 0x65, 0x76, 0x69, 0x20, 0x42, 0x75, 0x67, 0x61, 0x72, 0x69, 0x79, 0x61, 0x77, 0x61, 0x72, 0x61));
					if (count != 1) return String(CharArray::of(0x52, 0x65, 0x76, 0x69, 0x2D, 0x69, 0x74, 0x61, 0x20, 0x42, 0x75, 0x67, 0x61, 0x72, 0x69, 0x79, 0x61, 0x77, 0x61, 0x72, 0x61));
					break;
				case 33:
					if (count == -1) return String(CharArray::of(0x52, 0x65, 0x76, 0x69, 0x20, 0x42, 0x75, 0x67, 0x61, 0x72, 0x69, 0x79, 0x61, 0x77, 0x61, 0x72, 0x61, 0x20, 0x28, 0x31, 0x38, 0x37, 0x39, 0x2013, 0x31, 0x39, 0x35, 0x32, 0x29));
					if (count == 1) return String(CharArray::of(0x52, 0x65, 0x76, 0x69, 0x20, 0x42, 0x75, 0x67, 0x61, 0x72, 0x69, 0x79, 0x61, 0x77, 0x61, 0x72, 0x61, 0x20, 0x28, 0x31, 0x38, 0x37, 0x39, 0x2013, 0x31, 0x39, 0x35, 0x32, 0x29));
					if (count != 1) return String(CharArray::of(0x52, 0x65, 0x76, 0x69, 0x2D, 0x69, 0x74, 0x61, 0x20, 0x42, 0x75, 0x67, 0x61, 0x72, 0x69, 0x79, 0x61, 0x77, 0x61, 0x72, 0x61, 0x20, 0x28, 0x31, 0x38, 0x37, 0x39, 0x2013, 0x31, 0x39, 0x35, 0x32, 0x29));
					break;
				case 34:
					if (count == -1) return String(CharArray::of(0x44, 0x69, 0x6E, 0x61, 0x72, 0x69, 0x20, 0x42, 0x61, 0x72, 0x1EBD, 0x69, 0x77, 0x61, 0x72, 0x61));
					if (count == 1) return String(CharArray::of(0x44, 0x69, 0x6E, 0x61, 0x72, 0x69, 0x20, 0x42, 0x61, 0x72, 0x1EBD, 0x69, 0x77, 0x61, 0x72, 0x61));
					if (count != 1) return String(CharArray::of(0x44, 0x69, 0x6E, 0x61, 0x72, 0x69, 0x2D, 0x69, 0x74, 0x61, 0x20, 0x42, 0x61, 0x72, 0x1EBD, 0x69, 0x77, 0x61, 0x72, 0x61));
					break;
				case 35:
					if (count == -1) return String(CharArray::of(0x46, 0x61, 0x72, 0xE3, 0x6B, 0x75, 0x20, 0x42, 0x75, 0x72, 0x0169, 0x64, 0x69, 0x77, 0x61, 0x72, 0x61));
					if (count == 1) return String(CharArray::of(0x46, 0x61, 0x72, 0xE3, 0x6B, 0x75, 0x20, 0x42, 0x75, 0x72, 0x0169, 0x64, 0x69, 0x77, 0x61, 0x72, 0x61));
					if (count != 1) return String(CharArray::of(0x46, 0x61, 0x72, 0xE3, 0x6B, 0x75, 0x2D, 0x69, 0x74, 0x61, 0x20, 0x42, 0x75, 0x72, 0x0169, 0x64, 0x69, 0x77, 0x61, 0x72, 0x61));
					break;
				case 36:
					if (count == -1) return String(CharArray::of(0x44, 0xF3, 0x72, 0x61, 0x20, 0x42, 0x65, 0x6D, 0x75, 0x64, 0x61, 0x77, 0x61, 0x72, 0x61));
					if (count == 1) return String(CharArray::of(0x44, 0xF3, 0x72, 0x61, 0x20, 0x42, 0x65, 0x6D, 0x75, 0x64, 0x61, 0x77, 0x61, 0x72, 0x61));
					if (count != 1) return String(CharArray::of(0x44, 0xF3, 0x72, 0x61, 0x2D, 0x69, 0x74, 0x61, 0x20, 0x42, 0x65, 0x6D, 0x75, 0x64, 0x61, 0x77, 0x61, 0x72, 0x61));
					break;
				case 37:
					if (count == -1) return String(CharArray::of(0x44, 0xF3, 0x72, 0x61, 0x20, 0x42, 0x75, 0x72, 0x75, 0x6E, 0x65, 0x69, 0x77, 0x61, 0x72, 0x61));
					if (count == 1) return String(CharArray::of(0x44, 0xF3, 0x72, 0x61, 0x20, 0x42, 0x75, 0x72, 0x75, 0x6E, 0x65, 0x69, 0x77, 0x61, 0x72, 0x61));
					if (count != 1) return String(CharArray::of(0x44, 0xF3, 0x72, 0x61, 0x2D, 0x69, 0x74, 0x61, 0x20, 0x42, 0x75, 0x72, 0x75, 0x6E, 0x65, 0x69, 0x77, 0x61, 0x72, 0x61));
					break;
				case 38:
					if (count == -1) return String(CharArray::of(0x42, 0x75, 0x72, 0x69, 0x77, 0x69, 0x79, 0x61, 0x6E, 0x75, 0x20, 0x42, 0x75, 0x72, 0xED, 0x77, 0x69, 0x61, 0x20, 0x73, 0x75, 0xED));
					if (count == 1) return String(CharArray::of(0x42, 0x75, 0x72, 0x69, 0x77, 0x69, 0x79, 0x61, 0x6E, 0x75, 0x20, 0x42, 0x75, 0x72, 0x69, 0x77, 0x69, 0x61, 0x20, 0x73, 0x75, 0xED));
					if (count != 1) return String(CharArray::of(0x42, 0x75, 0x72, 0x69, 0x77, 0x69, 0x79, 0x61, 0x6E, 0x75, 0x2D, 0x69, 0x74, 0x61, 0x20, 0x42, 0x75, 0x72, 0xED, 0x77, 0x69, 0x61, 0x20, 0x73, 0x75, 0xED));
					break;
				case 39:
					if (count == -1) return String(CharArray::of(0x42, 0x75, 0x72, 0x69, 0x77, 0x69, 0x79, 0x61, 0x6E, 0x75, 0x20, 0x28, 0x31, 0x38, 0x36, 0x33, 0x2013, 0x31, 0x39, 0x36, 0x33, 0x29));
					if (count == 1) return String(CharArray::of(0x42, 0x75, 0x72, 0x69, 0x77, 0x69, 0x79, 0x61, 0x6E, 0x75, 0x20, 0x28, 0x31, 0x38, 0x36, 0x33, 0x2013, 0x31, 0x39, 0x36, 0x33, 0x29));
					if (count != 1) return String(CharArray::of(0x42, 0x75, 0x72, 0x69, 0x77, 0x69, 0x79, 0x61, 0x6E, 0x75, 0x2D, 0x69, 0x74, 0x61, 0x20, 0x28, 0x31, 0x38, 0x36, 0x33, 0x2013, 0x31, 0x39, 0x36, 0x33, 0x29));
					break;
				case 40:
					if (count == -1) return String(CharArray::of(0x50, 0x75, 0x73, 0x65, 0x77, 0x61, 0x20, 0x62, 0x75, 0x72, 0x69, 0x77, 0x69, 0x79, 0x61, 0x6E, 0x75));
					if (count == 1) return String(CharArray::of(0x50, 0x75, 0x73, 0x65, 0x77, 0x61, 0x20, 0x62, 0x75, 0x72, 0x69, 0x77, 0x69, 0x79, 0x61, 0x6E, 0x75));
					if (count != 1) return String(CharArray::of(0x50, 0x75, 0x73, 0x65, 0x77, 0x61, 0x2D, 0x69, 0x74, 0x61, 0x20, 0x62, 0x75, 0x72, 0x69, 0x77, 0x69, 0x79, 0x61, 0x6E, 0x75));
					break;
				case 41:
					if (count == -1) return String(CharArray::of(0x4D, 0x76, 0x64, 0x6F, 0x6C, 0x20, 0x62, 0x75, 0x72, 0x69, 0x77, 0x69, 0x79, 0x61, 0x6E, 0x75));
					if (count == 1) return String(CharArray::of(0x4D, 0x76, 0x64, 0x6F, 0x6C, 0x20, 0x62, 0x75, 0x72, 0x69, 0x77, 0x69, 0x79, 0x61, 0x6E, 0x75));
					if (count != 1) return String(CharArray::of(0x4D, 0x76, 0x64, 0x6F, 0x6C, 0x2D, 0x69, 0x74, 0x61, 0x20, 0x62, 0x75, 0x72, 0x69, 0x77, 0x69, 0x79, 0x61, 0x6E, 0x75));
					break;
				case 42:
					if (count == -1) return String(CharArray::of(0x4B, 0x75, 0x72, 0x75, 0x73, 0x65, 0x72, 0x75, 0x20, 0x50, 0x69, 0x73, 0x61, 0x73, 0x75, 0x77, 0x61, 0x20, 0x42, 0x72, 0x61, 0x73, 0x69, 0x75, 0x77, 0x61, 0x72, 0x61, 0x20, 0x28, 0x31, 0x39, 0x36, 0x37, 0x2013, 0x31, 0x39, 0x38, 0x36, 0x29));
					if (count == 1) return String(CharArray::of(0x4B, 0x75, 0x72, 0x75, 0x73, 0x65, 0x72, 0x75, 0x20, 0x50, 0x69, 0x73, 0x61, 0x73, 0x75, 0x77, 0x61, 0x20, 0x42, 0x72, 0x61, 0x73, 0x69, 0x75, 0x77, 0x61, 0x72, 0x61, 0x20, 0x28, 0x42, 0x52, 0x42, 0x29));
					if (count != 1) return String(CharArray::of(0x4B, 0x75, 0x72, 0x75, 0x73, 0x65, 0x72, 0x75, 0x2D, 0x69, 0x74, 0x61, 0x20, 0x50, 0x69, 0x73, 0x61, 0x73, 0x75, 0x77, 0x61, 0x2D, 0x69, 0x74, 0x61, 0x20, 0x42, 0x72, 0x61, 0x73, 0x69, 0x75, 0x77, 0x61, 0x72, 0x61, 0x20, 0x28, 0x42, 0x52, 0x42, 0x29));
					break;
				case 43:
					if (count == -1) return String(CharArray::of(0x4B, 0x75, 0x72, 0x75, 0x73, 0x61, 0x64, 0x75, 0x20, 0x42, 0x72, 0x61, 0x73, 0x69, 0x75, 0x77, 0x61, 0x72, 0x61, 0x20, 0x28, 0x31, 0x39, 0x38, 0x36, 0x2013, 0x31, 0x39, 0x38, 0x39, 0x29));
					if (count == 1) return String(CharArray::of(0x4B, 0x75, 0x72, 0x75, 0x73, 0x61, 0x64, 0x75, 0x20, 0x42, 0x72, 0x61, 0x73, 0x69, 0x75, 0x77, 0x61, 0x72, 0x61));
					if (count != 1) return String(CharArray::of(0x4B, 0x75, 0x72, 0x75, 0x73, 0x61, 0x64, 0x75, 0x2D, 0x69, 0x74, 0x61, 0x20, 0x42, 0x72, 0x61, 0x73, 0x69, 0x75, 0x77, 0x61, 0x72, 0x61));
					break;
				case 44:
					if (count == -1) return String(CharArray::of(0x4B, 0x75, 0x72, 0x75, 0x73, 0x65, 0x72, 0x75, 0x20, 0x42, 0x72, 0x61, 0x73, 0x69, 0x75, 0x77, 0x61, 0x72, 0x61, 0x20, 0x28, 0x31, 0x39, 0x39, 0x30, 0x2013, 0x31, 0x39, 0x39, 0x33, 0x29));
					if (count == 1) return String(CharArray::of(0x4B, 0x75, 0x72, 0x75, 0x73, 0x65, 0x72, 0x75, 0x20, 0x42, 0x72, 0x61, 0x73, 0x69, 0x75, 0x77, 0x61, 0x72, 0x61, 0x20, 0x28, 0x42, 0x52, 0x45, 0x29));
					if (count != 1) return String(CharArray::of(0x4B, 0x75, 0x72, 0x75, 0x73, 0x65, 0x72, 0x75, 0x2D, 0x69, 0x74, 0x61, 0x20, 0x42, 0x72, 0x61, 0x73, 0x69, 0x75, 0x77, 0x61, 0x72, 0x61, 0x20, 0x28, 0x42, 0x52, 0x45, 0x29));
					break;
				case 45:
					if (count == -1) return String(CharArray::of(0x52, 0x65, 0x61, 0x75, 0x20, 0x42, 0x72, 0x61, 0x73, 0x69, 0x75, 0x77, 0x61, 0x72, 0x61));
					if (count == 1) return String(CharArray::of(0x52, 0x65, 0x61, 0x75, 0x20, 0x42, 0x72, 0x61, 0x73, 0x69, 0x75, 0x77, 0x61, 0x72, 0x61));
					if (count != 1) return String(CharArray::of(0x52, 0x65, 0x61, 0x75, 0x2D, 0x69, 0x74, 0x61, 0x20, 0x42, 0x72, 0x61, 0x73, 0x69, 0x75, 0x77, 0x61, 0x72, 0x61));
					break;
				case 46:
					if (count == -1) return String(CharArray::of(0x4B, 0x75, 0x72, 0x75, 0x73, 0x61, 0x64, 0x75, 0x20, 0x50, 0x69, 0x73, 0x61, 0x73, 0x75, 0x77, 0x61, 0x20, 0x42, 0x72, 0x61, 0x73, 0x69, 0x75, 0x77, 0x61, 0x72, 0x61, 0x20, 0x28, 0x31, 0x39, 0x38, 0x39, 0x2013, 0x31, 0x39, 0x39, 0x30, 0x29));
					if (count == 1) return String(CharArray::of(0x4B, 0x75, 0x72, 0x75, 0x73, 0x61, 0x64, 0x75, 0x20, 0x50, 0x69, 0x73, 0x61, 0x73, 0x75, 0x77, 0x61, 0x20, 0x42, 0x72, 0x61, 0x73, 0x69, 0x75, 0x77, 0x61, 0x72, 0x61));
					if (count != 1) return String(CharArray::of(0x4B, 0x75, 0x72, 0x75, 0x73, 0x61, 0x64, 0x75, 0x2D, 0x69, 0x74, 0x61, 0x20, 0x50, 0x69, 0x73, 0x61, 0x73, 0x75, 0x77, 0x61, 0x2D, 0x69, 0x74, 0x61, 0x20, 0x42, 0x72, 0x61, 0x73, 0x69, 0x75, 0x77, 0x61, 0x72, 0x61));
					break;
				case 47:
					if (count == -1) return String(CharArray::of(0x4B, 0x75, 0x72, 0x75, 0x73, 0x65, 0x69, 0x72, 0x75, 0x20, 0x42, 0x72, 0x61, 0x73, 0x69, 0x75, 0x77, 0x61, 0x72, 0x61, 0x20, 0x28, 0x31, 0x39, 0x39, 0x33, 0x2013, 0x31, 0x39, 0x39, 0x34, 0x29));
					if (count == 1) return String(CharArray::of(0x4B, 0x75, 0x72, 0x75, 0x73, 0x65, 0x69, 0x72, 0x75, 0x20, 0x42, 0x72, 0x61, 0x73, 0x69, 0x75, 0x77, 0x61, 0x72, 0x61));
					if (count != 1) return String(CharArray::of(0x4B, 0x75, 0x72, 0x75, 0x73, 0x65, 0x69, 0x72, 0x75, 0x2D, 0x69, 0x74, 0x61, 0x20, 0x42, 0x72, 0x61, 0x73, 0x69, 0x75, 0x77, 0x61, 0x72, 0x61));
					break;
				case 48:
					if (count == -1) return String(CharArray::of(0x4B, 0x75, 0x72, 0x75, 0x73, 0x65, 0x69, 0x72, 0x75, 0x20, 0x42, 0x72, 0x61, 0x73, 0x69, 0x75, 0x77, 0x61, 0x72, 0x61, 0x20, 0x28, 0x31, 0x39, 0x34, 0x32, 0x2013, 0x31, 0x39, 0x36, 0x37, 0x29));
					if (count == 1) return String(CharArray::of(0x4B, 0x75, 0x72, 0x75, 0x73, 0x65, 0x69, 0x72, 0x75, 0x20, 0x42, 0x72, 0x61, 0x73, 0x69, 0x75, 0x77, 0x61, 0x72, 0x61, 0x20, 0x6B, 0x75, 0x78, 0x69, 0xED, 0x6D, 0x61, 0x77, 0x61, 0x72, 0x61));
					if (count != 1) return String(CharArray::of(0x4B, 0x75, 0x72, 0x75, 0x73, 0x65, 0x69, 0x72, 0x75, 0x2D, 0x69, 0x74, 0x61, 0x20, 0x42, 0x72, 0x61, 0x73, 0x69, 0x75, 0x77, 0x61, 0x72, 0x61, 0x20, 0x6B, 0x75, 0x78, 0x69, 0xED, 0x6D, 0x61, 0x77, 0x61, 0x72, 0x61));
					break;
				case 49:
					if (count == -1) return String(CharArray::of(0x44, 0xF3, 0x72, 0x61, 0x20, 0x42, 0x61, 0x79, 0x61, 0x6D, 0x61, 0x77, 0x61, 0x72, 0x61));
					if (count == 1) return String(CharArray::of(0x44, 0xF3, 0x72, 0x61, 0x20, 0x42, 0x61, 0x79, 0x61, 0x6D, 0x61, 0x77, 0x61, 0x72, 0x61));
					if (count != 1) return String(CharArray::of(0x44, 0xF3, 0x72, 0x61, 0x2D, 0x69, 0x74, 0x61, 0x20, 0x42, 0x61, 0x79, 0x61, 0x6D, 0x61, 0x77, 0x61, 0x72, 0x61));
					break;
				case 50:
					if (count == -1) return String(CharArray::of(0x0128, 0x67, 0x75, 0x74, 0x75, 0x72, 0x0169, 0x20, 0x42, 0x75, 0x74, 0xE3, 0x77, 0x61, 0x72, 0x61));
					if (count == 1) return String(CharArray::of(0x0128, 0x67, 0x75, 0x74, 0x75, 0x72, 0x0169, 0x20, 0x42, 0x75, 0x74, 0xE3, 0x77, 0x61, 0x72, 0x61));
					if (count != 1) return String(CharArray::of(0x0128, 0x67, 0x75, 0x74, 0x75, 0x72, 0x0169, 0x2D, 0x69, 0x74, 0x61, 0x20, 0x42, 0x75, 0x74, 0xE3, 0x77, 0x61, 0x72, 0x61));
					break;
				case 51:
					if (count == -1) return String(CharArray::of(0x4B, 0x69, 0x61, 0x74, 0x69, 0x20, 0x42, 0x69, 0x6D, 0xE3, 0x6E, 0x69, 0x79, 0x61, 0x77, 0x61, 0x72, 0x61));
					if (count == 1) return String(CharArray::of(0x4B, 0x69, 0x61, 0x74, 0x69, 0x20, 0x42, 0x69, 0x6D, 0xE3, 0x6E, 0x69, 0x79, 0x61, 0x77, 0x61, 0x72, 0x61));
					if (count != 1) return String(CharArray::of(0x4B, 0x69, 0x61, 0x74, 0x69, 0x2D, 0x69, 0x74, 0x61, 0x20, 0x42, 0x69, 0x6D, 0xE3, 0x6E, 0x69, 0x79, 0x61, 0x77, 0x61, 0x72, 0x61));
					break;
				case 52:
					if (count == -1) return String(CharArray::of(0x50, 0x75, 0x72, 0x61, 0x20, 0x42, 0x75, 0x74, 0x69, 0x73, 0x75, 0x77, 0x61, 0x6E, 0x61, 0x77, 0x61, 0x72, 0x61));
					if (count == 1) return String(CharArray::of(0x50, 0x75, 0x72, 0x61, 0x20, 0x42, 0x75, 0x74, 0x69, 0x73, 0x75, 0x77, 0x61, 0x6E, 0x61, 0x77, 0x61, 0x72, 0x61));
					if (count != 1) return String(CharArray::of(0x50, 0x75, 0x72, 0x61, 0x2D, 0x69, 0x74, 0x61, 0x20, 0x42, 0x75, 0x74, 0x69, 0x73, 0x75, 0x77, 0x61, 0x6E, 0x61, 0x77, 0x61, 0x72, 0x61));
					break;
				case 53:
					if (count == -1) return String(CharArray::of(0x52, 0x75, 0x62, 0x75, 0x72, 0x75, 0x20, 0x50, 0x69, 0x73, 0x61, 0x73, 0x75, 0x77, 0x61, 0x20, 0x42, 0x69, 0x65, 0x72, 0x75, 0x2D, 0x72, 0x75, 0x73, 0x69, 0x79, 0x61, 0x77, 0x61, 0x72, 0x61, 0x20, 0x28, 0x31, 0x39, 0x39, 0x34, 0x2013, 0x31, 0x39, 0x39, 0x39, 0x29));
					if (count == 1) return String(CharArray::of(0x52, 0x75, 0x62, 0x75, 0x72, 0x75, 0x20, 0x50, 0x69, 0x73, 0x61, 0x73, 0x75, 0x77, 0x61, 0x20, 0x42, 0x69, 0x65, 0x72, 0x75, 0x2D, 0x72, 0x75, 0x73, 0x69, 0x79, 0x61, 0x77, 0x61, 0x72, 0x61, 0x20, 0x28, 0x42, 0x59, 0x42, 0x29));
					if (count != 1) return String(CharArray::of(0x52, 0x75, 0x62, 0x75, 0x72, 0x75, 0x20, 0x50, 0x69, 0x73, 0x61, 0x73, 0x75, 0x77, 0x61, 0x69, 0x74, 0x61, 0x20, 0x42, 0x69, 0x65, 0x72, 0x75, 0x2D, 0x72, 0x75, 0x73, 0x69, 0x79, 0x61, 0x77, 0x61, 0x72, 0x61, 0x20, 0x28, 0x42, 0x59, 0x42, 0x29));
					break;
				case 54:
					if (count == -1) return String(CharArray::of(0x52, 0x75, 0x62, 0x75, 0x72, 0x75, 0x20, 0x62, 0x69, 0x65, 0x72, 0x75, 0x72, 0x75, 0x73, 0x6F));
					if (count == 1) return String(CharArray::of(0x52, 0x75, 0x62, 0x75, 0x72, 0x75, 0x20, 0x62, 0x69, 0x65, 0x72, 0x75, 0x72, 0x75, 0x73, 0x6F));
					if (count != 1) return String(CharArray::of(0x52, 0x75, 0x62, 0x75, 0x72, 0x75, 0x20, 0x62, 0x69, 0x65, 0x72, 0x75, 0x72, 0x75, 0x73, 0x6F, 0x2D, 0x69, 0x74, 0x61));
					break;
				case 55:
					if (count == -1) return String(CharArray::of(0x52, 0x75, 0x62, 0x75, 0x72, 0x75, 0x20, 0x62, 0x69, 0x65, 0x72, 0x75, 0x72, 0x75, 0x73, 0x6F, 0x20, 0x28, 0x32, 0x30, 0x30, 0x30, 0x2013, 0x32, 0x30, 0x31, 0x36, 0x29));
					if (count == 1) return String(CharArray::of(0x52, 0x75, 0x62, 0x75, 0x72, 0x75, 0x20, 0x62, 0x69, 0x65, 0x72, 0x75, 0x72, 0x75, 0x73, 0x6F, 0x20, 0x28, 0x32, 0x30, 0x30, 0x30, 0x2013, 0x32, 0x30, 0x31, 0x36, 0x29));
					if (count != 1) return String(CharArray::of(0x52, 0x75, 0x62, 0x75, 0x72, 0x75, 0x20, 0x62, 0x69, 0x65, 0x72, 0x75, 0x72, 0x75, 0x73, 0x6F, 0x2D, 0x69, 0x74, 0x61, 0x20, 0x28, 0x32, 0x30, 0x30, 0x30, 0x2013, 0x32, 0x30, 0x31, 0x36, 0x29));
					break;
				case 56:
					if (count == -1) return String(CharArray::of(0x44, 0xF3, 0x72, 0x61, 0x20, 0x42, 0x65, 0x6C, 0x69, 0x73, 0x69, 0x77, 0x61, 0x72, 0x61));
					if (count == 1) return String(CharArray::of(0x44, 0xF3, 0x72, 0x61, 0x20, 0x42, 0x65, 0x6C, 0x69, 0x73, 0x69, 0x77, 0x61, 0x72, 0x61));
					if (count != 1) return String(CharArray::of(0x44, 0xF3, 0x72, 0x61, 0x2D, 0x69, 0x74, 0x61, 0x20, 0x42, 0x65, 0x6C, 0x69, 0x73, 0x69, 0x77, 0x61, 0x72, 0x61));
					break;
				case 57:
					if (count == -1) return String(CharArray::of(0x44, 0xF3, 0x72, 0x61, 0x20, 0x4B, 0x61, 0x6E, 0x61, 0x64, 0xE1, 0x77, 0x61, 0x72, 0x61));
					if (count == 1) return String(CharArray::of(0x44, 0xF3, 0x72, 0x61, 0x20, 0x4B, 0x61, 0x6E, 0x61, 0x64, 0xE1, 0x77, 0x61, 0x72, 0x61));
					if (count != 1) return String(CharArray::of(0x44, 0xF3, 0x72, 0x61, 0x2D, 0x69, 0x74, 0x61, 0x20, 0x4B, 0x61, 0x6E, 0x61, 0x64, 0xE1, 0x77, 0x61, 0x72, 0x61));
					break;
				case 58:
					if (count == -1) return String(CharArray::of(0x46, 0x61, 0x72, 0xE3, 0x6B, 0x75, 0x20, 0x4B, 0x0169, 0x67, 0x75, 0x77, 0x61, 0x72, 0x61));
					if (count == 1) return String(CharArray::of(0x46, 0x61, 0x72, 0xE3, 0x6B, 0x75, 0x20, 0x4B, 0x0169, 0x67, 0x75, 0x77, 0x61, 0x72, 0x61));
					if (count != 1) return String(CharArray::of(0x46, 0x61, 0x72, 0xE3, 0x6B, 0x75, 0x2D, 0x69, 0x74, 0x61, 0x20, 0x4B, 0x0169, 0x67, 0x75, 0x77, 0x61, 0x72, 0x61));
					break;
				case 59:
					if (count == -1) return String(CharArray::of(0x45, 0x75, 0x72, 0x75, 0x20, 0x57, 0x49, 0x52));
					if (count == 1) return String(CharArray::of(0x45, 0x75, 0x72, 0x75, 0x20, 0x57, 0x49, 0x52));
					if (count != 1) return String(CharArray::of(0x45, 0x75, 0x72, 0x75, 0x20, 0x57, 0x49, 0x52, 0x2D, 0x69, 0x74, 0x61));
					break;
				case 60:
					if (count == -1) return String(CharArray::of(0x46, 0x61, 0x72, 0xE3, 0x6B, 0x75, 0x20, 0x53, 0x75, 0x77, 0x69, 0x73, 0x61, 0x77, 0x61, 0x72, 0x61));
					if (count == 1) return String(CharArray::of(0x46, 0x61, 0x72, 0xE3, 0x6B, 0x75, 0x20, 0x53, 0x75, 0x77, 0x69, 0x73, 0x61, 0x77, 0x61, 0x72, 0x61));
					if (count != 1) return String(CharArray::of(0x46, 0x61, 0x72, 0xE3, 0x6B, 0x75, 0x2D, 0x69, 0x74, 0x61, 0x20, 0x53, 0x75, 0x77, 0x69, 0x73, 0x61, 0x77, 0x61, 0x72, 0x61));
					break;
				case 61:
					if (count == -1) return String(CharArray::of(0x46, 0x61, 0x72, 0xE3, 0x6B, 0x75, 0x20, 0x57, 0x49, 0x52));
					if (count == 1) return String(CharArray::of(0x46, 0x61, 0x72, 0xE3, 0x6B, 0x75, 0x20, 0x57, 0x49, 0x52));
					if (count != 1) return String(CharArray::of(0x46, 0x61, 0x72, 0xE3, 0x6B, 0x75, 0x2D, 0x69, 0x74, 0x61, 0x20, 0x57, 0x49, 0x52));
					break;
				case 62:
					if (count == -1) return String(CharArray::of(0x57, 0x61, 0x72, 0x61, 0x6B, 0x61, 0x70, 0xE1, 0x20, 0x58, 0x69, 0x72, 0x69, 0x77, 0x61, 0x72, 0x61));
					if (count == 1) return String(CharArray::of(0x57, 0x61, 0x72, 0x61, 0x6B, 0x61, 0x70, 0xE1, 0x20, 0x58, 0x69, 0x72, 0x69, 0x77, 0x61, 0x72, 0x61));
					if (count != 1) return String(CharArray::of(0x57, 0x61, 0x72, 0x61, 0x6B, 0x61, 0x70, 0xE1, 0x2D, 0x69, 0x74, 0x61, 0x20, 0x58, 0x69, 0x72, 0x69, 0x77, 0x61, 0x72, 0x61));
					break;
				case 63:
					if (count == -1) return String(CharArray::of(0x59, 0x65, 0x70, 0x65, 0x73, 0x61, 0x77, 0x61, 0x2D, 0x69, 0x74, 0x61, 0x20, 0x4D, 0x75, 0x61, 0x70, 0x69, 0x72, 0x65, 0x73, 0x61, 0x77, 0x61, 0x20, 0x58, 0x69, 0x72, 0x69, 0x77, 0x61, 0x72, 0x61));
					if (count == 1) return String(CharArray::of(0x59, 0x65, 0x70, 0x65, 0x73, 0x61, 0x77, 0x61, 0x20, 0x4D, 0x75, 0x61, 0x70, 0x69, 0x72, 0x65, 0x73, 0x61, 0x77, 0x61, 0x20, 0x58, 0x69, 0x72, 0x69, 0x77, 0x61, 0x72, 0x61));
					break;
				case 64:
					if (count == -1) return String(CharArray::of(0x50, 0x75, 0x73, 0x65, 0x77, 0x61, 0x20, 0x58, 0x69, 0x72, 0x69, 0x77, 0x61, 0x72, 0x61));
					if (count == 1) return String(CharArray::of(0x50, 0x75, 0x73, 0x65, 0x77, 0x61, 0x20, 0x58, 0x69, 0x72, 0x69, 0x77, 0x61, 0x72, 0x61));
					if (count != 1) return String(CharArray::of(0x50, 0x75, 0x73, 0x65, 0x77, 0x61, 0x2D, 0x69, 0x74, 0x61, 0x20, 0x58, 0x69, 0x72, 0x69, 0x77, 0x61, 0x72, 0x61));
					break;
				case 65:
					if (count == -1) return String(CharArray::of(0x59, 0x75, 0x77, 0xE3, 0x20, 0x58, 0x69, 0x6E, 0x61, 0x77, 0x61, 0x72, 0x61, 0x20, 0x28, 0x6F, 0x66, 0x66, 0x73, 0x68, 0x6F, 0x72, 0x65, 0x29));
					if (count == 1) return String(CharArray::of(0x59, 0x75, 0x77, 0xE3, 0x20, 0x58, 0x69, 0x6E, 0x61, 0x77, 0x61, 0x72, 0x61, 0x20, 0x28, 0x6F, 0x66, 0x66, 0x73, 0x68, 0x6F, 0x72, 0x65, 0x29));
					if (count != 1) return String(CharArray::of(0x59, 0x75, 0x77, 0xE3, 0x2D, 0x69, 0x74, 0x61, 0x20, 0x58, 0x69, 0x6E, 0x61, 0x77, 0x61, 0x72, 0x61, 0x20, 0x28, 0x6F, 0x66, 0x66, 0x73, 0x68, 0x6F, 0x72, 0x65, 0x29));
					break;
				case 66:
					if (count == -1) return String(CharArray::of(0x44, 0xF3, 0x72, 0x61, 0x20, 0x42, 0xE3, 0x6B, 0x75, 0x20, 0x50, 0x75, 0x70, 0x75, 0x6C, 0x61, 0x72, 0x69, 0x20, 0x58, 0x69, 0x6E, 0x61, 0x77, 0x61, 0x72, 0x61, 0x20, 0x73, 0x75, 0xED));
					if (count == 1) return String(CharArray::of(0x44, 0xF3, 0x72, 0x61, 0x20, 0x42, 0xE3, 0x6B, 0x75, 0x20, 0x50, 0x75, 0x70, 0x75, 0x6C, 0x61, 0x72, 0x69, 0x20, 0x58, 0x69, 0x6E, 0x61, 0x77, 0x61, 0x72, 0x61, 0x20, 0x73, 0x75, 0xED));
					if (count != 1) return String(CharArray::of(0x44, 0xF3, 0x72, 0x61, 0x2D, 0x69, 0x74, 0x61, 0x20, 0x42, 0xE3, 0x6B, 0x75, 0x20, 0x50, 0x75, 0x70, 0x75, 0x6C, 0x61, 0x72, 0x69, 0x20, 0x58, 0x69, 0x6E, 0x61, 0x77, 0x61, 0x72, 0x61, 0x20, 0x73, 0x75, 0xED));
					break;
				case 67:
					if (count == -1) return String(CharArray::of(0x59, 0x75, 0x77, 0xE3, 0x20, 0x58, 0x69, 0x6E, 0x61, 0x77, 0x61, 0x72, 0x61));
					if (count == 1) return String(CharArray::of(0x59, 0x75, 0x77, 0xE3, 0x20, 0x58, 0x69, 0x6E, 0x61, 0x77, 0x61, 0x72, 0x61));
					if (count != 1) return String(CharArray::of(0x59, 0x75, 0x77, 0xE3, 0x2D, 0x69, 0x74, 0x61, 0x20, 0x58, 0x69, 0x6E, 0x61, 0x77, 0x61, 0x72, 0x61));
					break;
				case 68:
					if (count == -1) return String(CharArray::of(0x50, 0x65, 0x73, 0x6F, 0x20, 0x4B, 0x75, 0x72, 0x0169, 0x62, 0x69, 0x79, 0x61, 0x77, 0x61, 0x72, 0x61));
					if (count == 1) return String(CharArray::of(0x50, 0x65, 0x73, 0x6F, 0x20, 0x4B, 0x75, 0x72, 0x0169, 0x62, 0x69, 0x79, 0x61, 0x77, 0x61, 0x72, 0x61));
					if (count != 1) return String(CharArray::of(0x50, 0x75, 0x73, 0x65, 0x77, 0x61, 0x2D, 0x69, 0x74, 0x61, 0x20, 0x4B, 0x75, 0x72, 0x0169, 0x62, 0x69, 0x79, 0x61, 0x77, 0x61, 0x72, 0x61));
					break;
				case 69:
					if (count == -1) return String(CharArray::of(0x59, 0x65, 0x70, 0x65, 0x73, 0x61, 0x77, 0x61, 0x20, 0x53, 0x65, 0x70, 0x69, 0x73, 0x61, 0x77, 0x61, 0x20, 0x52, 0x65, 0x61, 0x75, 0x20, 0x73, 0x75, 0x69, 0x77, 0x61, 0x72, 0x61));
					if (count == 1) return String(CharArray::of(0x59, 0x65, 0x70, 0x65, 0x73, 0x61, 0x77, 0x61, 0x20, 0x53, 0x65, 0x70, 0x69, 0x73, 0x61, 0x77, 0x61, 0x20, 0x52, 0x65, 0x61, 0x75, 0x20, 0x73, 0x75, 0x69, 0x77, 0x61, 0x72, 0x61));
					if (count != 1) return String(CharArray::of(0x59, 0x65, 0x70, 0x65, 0x73, 0x61, 0x77, 0x61, 0x2D, 0x69, 0x74, 0x61, 0x20, 0x53, 0x65, 0x70, 0x69, 0x73, 0x61, 0x77, 0x61, 0x20, 0x52, 0x65, 0x61, 0x75, 0x20, 0x73, 0x75, 0x69, 0x77, 0x61, 0x72, 0x61));
					break;
				case 70:
					if (count == -1) return String(CharArray::of(0x4B, 0x75, 0x72, 0x0169, 0x20, 0x4B, 0x75, 0x70, 0x65, 0x2D, 0x52, 0x69, 0x6B, 0x61, 0x77, 0x61, 0x72, 0x61));
					if (count == 1) return String(CharArray::of(0x4B, 0x75, 0x72, 0x0169, 0x20, 0x4B, 0x75, 0x70, 0x65, 0x2D, 0x52, 0x69, 0x6B, 0x61, 0x77, 0x61, 0x72, 0x61));
					if (count != 1) return String(CharArray::of(0x4B, 0x75, 0x72, 0x0169, 0x2D, 0x69, 0x74, 0x61, 0x20, 0x4B, 0x75, 0x70, 0x65, 0x2D, 0x52, 0x69, 0x6B, 0x61, 0x77, 0x61, 0x72, 0x61));
					break;
				case 71:
					if (count == -1) return String(CharArray::of(0x44, 0x69, 0x6E, 0x61, 0x72, 0x69, 0x20, 0x53, 0x65, 0x77, 0x69, 0x79, 0x61, 0x77, 0x61, 0x72, 0x61, 0x20, 0x28, 0x32, 0x30, 0x30, 0x32, 0x2013, 0x32, 0x30, 0x30, 0x36, 0x29));
					if (count != 1) return String(CharArray::of(0x44, 0x69, 0x6E, 0x61, 0x72, 0x69, 0x20, 0x4B, 0x75, 0x78, 0x69, 0xED, 0x6D, 0x61, 0x77, 0x61, 0x72, 0x61, 0x20, 0x53, 0x65, 0x77, 0x69, 0x79, 0x61, 0x77, 0x61, 0x72, 0x61));
					break;
				case 72:
					if (count == -1) return String(CharArray::of(0x4B, 0x75, 0x72, 0x75, 0x77, 0x61, 0x20, 0x4B, 0x69, 0x72, 0x0129, 0x62, 0x61, 0x77, 0x61, 0x20, 0x58, 0x65, 0x6B, 0x75, 0x73, 0x69, 0x72, 0x6F, 0x77, 0x61, 0x6B, 0x61));
					if (count == 1) return String(CharArray::of(0x4B, 0x75, 0x72, 0x75, 0x77, 0x61, 0x20, 0x4B, 0x69, 0x72, 0x0129, 0x62, 0x61, 0x77, 0x61, 0x20, 0x58, 0x65, 0x6B, 0x75, 0x73, 0x69, 0x72, 0x6F, 0x77, 0x61, 0x6B, 0x61));
					if (count != 1) return String(CharArray::of(0x4B, 0x75, 0x72, 0x75, 0x77, 0x61, 0x20, 0x4B, 0x69, 0x72, 0x0129, 0x62, 0x61, 0x77, 0x61, 0x2D, 0x69, 0x74, 0x61, 0x20, 0x58, 0x65, 0x6B, 0x75, 0x73, 0x69, 0x72, 0x6F, 0x77, 0x61, 0x6B, 0x61));
					break;
				case 73:
					if (count == -1) return String(CharArray::of(0x50, 0x75, 0x73, 0x65, 0x77, 0x61, 0x20, 0x4B, 0x75, 0x62, 0x61, 0x77, 0x61, 0x72, 0x61, 0x20, 0x59, 0x75, 0x6D, 0x75, 0x79, 0x65, 0x72, 0x65, 0x77, 0x61));
					if (count == 1) return String(CharArray::of(0x50, 0x75, 0x73, 0x65, 0x77, 0x61, 0x20, 0x4B, 0x75, 0x62, 0x61, 0x77, 0x61, 0x72, 0x61, 0x20, 0x59, 0x75, 0x6D, 0x75, 0x79, 0x65, 0x72, 0x65, 0x77, 0x61));
					if (count != 1) return String(CharArray::of(0x50, 0x75, 0x73, 0x65, 0x77, 0x61, 0x2D, 0x69, 0x74, 0x61, 0x20, 0x4B, 0x75, 0x62, 0x61, 0x77, 0x61, 0x72, 0x61, 0x20, 0x59, 0x75, 0x6D, 0x75, 0x79, 0x65, 0x72, 0x65, 0x77, 0x61));
					break;
				case 74:
					if (count == -1) return String(CharArray::of(0x50, 0x75, 0x73, 0x65, 0x77, 0x61, 0x20, 0x4B, 0x75, 0x62, 0x61, 0x77, 0x61, 0x72, 0x61));
					if (count == 1) return String(CharArray::of(0x50, 0x75, 0x73, 0x65, 0x77, 0x61, 0x20, 0x4B, 0x75, 0x62, 0x61, 0x77, 0x61, 0x72, 0x61));
					if (count != 1) return String(CharArray::of(0x50, 0x75, 0x73, 0x65, 0x77, 0x61, 0x2D, 0x69, 0x74, 0x61, 0x20, 0x4B, 0x75, 0x62, 0x61, 0x77, 0x61, 0x72, 0x61));
					break;
				case 75:
					if (count == -1) return String(CharArray::of(0x57, 0x61, 0x72, 0x61, 0x6B, 0x61, 0x70, 0xE1, 0x20, 0x4B, 0x61, 0x62, 0x75, 0x2D, 0x53, 0x75, 0x69, 0x6B, 0x69, 0x72, 0x69, 0x77, 0x61, 0x72, 0x61));
					if (count == 1) return String(CharArray::of(0x57, 0x61, 0x72, 0x61, 0x6B, 0x61, 0x70, 0xE1, 0x20, 0x4B, 0x61, 0x62, 0x75, 0x2D, 0x53, 0x75, 0x69, 0x6B, 0x69, 0x72, 0x69, 0x77, 0x61, 0x72, 0x61));
					if (count != 1) return String(CharArray::of(0x57, 0x61, 0x72, 0x61, 0x6B, 0x61, 0x70, 0xE1, 0x2D, 0x69, 0x74, 0x61, 0x20, 0x4B, 0x61, 0x62, 0x75, 0x2D, 0x53, 0x75, 0x69, 0x6B, 0x69, 0x72, 0x69, 0x77, 0x61, 0x72, 0x61));
					break;
				case 76:
					if (count == -1) return String(CharArray::of(0x52, 0x69, 0x62, 0x61, 0x72, 0x61, 0x20, 0x58, 0x69, 0x70, 0x69, 0x72, 0x69, 0x77, 0x61, 0x72, 0x61));
					if (count == 1) return String(CharArray::of(0x52, 0x69, 0x62, 0x61, 0x72, 0x61, 0x20, 0x58, 0x69, 0x70, 0x69, 0x72, 0x69, 0x77, 0x61, 0x72, 0x61));
					if (count != 1) return String(CharArray::of(0x52, 0x69, 0x62, 0x61, 0x72, 0x61, 0x2D, 0x69, 0x74, 0x61, 0x20, 0x58, 0x69, 0x70, 0x69, 0x72, 0x69, 0x77, 0x61, 0x72, 0x61));
					break;
				case 77:
					if (count == -1) return String(CharArray::of(0x4B, 0x75, 0x72, 0x75, 0x77, 0x61, 0x20, 0x58, 0x65, 0x6B, 0x61, 0x77, 0x61, 0x72, 0x61));
					if (count == 1) return String(CharArray::of(0x4B, 0x75, 0x72, 0x75, 0x77, 0x61, 0x20, 0x58, 0x65, 0x6B, 0x61, 0x77, 0x61, 0x72, 0x61));
					if (count != 1) return String(CharArray::of(0x4B, 0x75, 0x72, 0x75, 0x77, 0x61, 0x2D, 0x69, 0x74, 0x61, 0x20, 0x58, 0x65, 0x6B, 0x61, 0x77, 0x61, 0x72, 0x61));
					break;
				case 78:
					if (count == -1) return String(CharArray::of(0x4F, 0x73, 0x74, 0x6D, 0x61, 0x72, 0x6B, 0x20, 0x41, 0x72, 0x65, 0x6D, 0xE3, 0x79, 0x61, 0x20, 0x55, 0x72, 0x69, 0x1EBD, 0x74, 0x61, 0x77, 0x61, 0x72, 0x61));
					if (count == 1) return String(CharArray::of(0x4D, 0x61, 0x72, 0x6B, 0x75, 0x20, 0x41, 0x72, 0x65, 0x6D, 0xE3, 0x79, 0x61, 0x20, 0x55, 0x72, 0x69, 0x1EBD, 0x74, 0x61, 0x77, 0x61, 0x72, 0x61));
					if (count != 1) return String(CharArray::of(0x4D, 0x61, 0x72, 0x6B, 0x75, 0x2D, 0x69, 0x74, 0x61, 0x20, 0x41, 0x72, 0x65, 0x6D, 0xE3, 0x79, 0x61, 0x20, 0x55, 0x72, 0x69, 0x1EBD, 0x74, 0x61, 0x77, 0x61, 0x72, 0x61));
					break;
				case 79:
					if (count == -1) return String(CharArray::of(0x4D, 0x61, 0x72, 0x6B, 0x75, 0x20, 0x41, 0x72, 0x65, 0x6D, 0xE3, 0x79, 0x61, 0x77, 0x61, 0x72, 0x61));
					if (count == 1) return String(CharArray::of(0x4D, 0x61, 0x72, 0x6B, 0x75, 0x20, 0x41, 0x72, 0x65, 0x6D, 0xE3, 0x79, 0x61, 0x77, 0x61, 0x72, 0x61));
					if (count != 1) return String(CharArray::of(0x4D, 0x61, 0x72, 0x6B, 0x75, 0x2D, 0x69, 0x74, 0x61, 0x20, 0x41, 0x72, 0x65, 0x6D, 0xE3, 0x79, 0x61, 0x77, 0x61, 0x72, 0x61));
					break;
				case 80:
					if (count == -1) return String(CharArray::of(0x46, 0x61, 0x72, 0xE3, 0x6B, 0x75, 0x20, 0x44, 0x69, 0x67, 0x69, 0x62, 0x75, 0x74, 0x69, 0x77, 0x61, 0x72, 0x61));
					if (count == 1) return String(CharArray::of(0x46, 0x61, 0x72, 0xE3, 0x6B, 0x75, 0x20, 0x44, 0x69, 0x67, 0x69, 0x62, 0x75, 0x74, 0x69, 0x77, 0x61, 0x72, 0x61));
					if (count != 1) return String(CharArray::of(0x46, 0x61, 0x72, 0xE3, 0x6B, 0x75, 0x2D, 0x69, 0x74, 0x61, 0x20, 0x44, 0x69, 0x67, 0x69, 0x62, 0x75, 0x74, 0x69, 0x77, 0x61, 0x72, 0x61));
					break;
				case 81:
					if (count == -1) return String(CharArray::of(0x4B, 0x75, 0x72, 0x75, 0x77, 0x61, 0x20, 0x44, 0x69, 0x6E, 0x61, 0x6D, 0x61, 0x6B, 0x61, 0x77, 0x61, 0x72, 0x61));
					if (count == 1) return String(CharArray::of(0x4B, 0x75, 0x72, 0x75, 0x77, 0x61, 0x20, 0x44, 0x69, 0x6E, 0x61, 0x6D, 0x61, 0x6B, 0x61, 0x77, 0x61, 0x72, 0x61));
					if (count != 1) return String(CharArray::of(0x4B, 0x75, 0x72, 0x75, 0x77, 0x61, 0x2D, 0x69, 0x74, 0x61, 0x20, 0x44, 0x69, 0x6E, 0x61, 0x6D, 0x61, 0x6B, 0x61, 0x77, 0x61, 0x72, 0x61));
					break;
				case 82:
					if (count == -1) return String(CharArray::of(0x50, 0x75, 0x73, 0x65, 0x77, 0x61, 0x20, 0x44, 0x6F, 0x6D, 0x69, 0x6E, 0x69, 0x6B, 0x61, 0x77, 0x61, 0x72, 0x61));
					if (count == 1) return String(CharArray::of(0x50, 0x75, 0x73, 0x65, 0x77, 0x61, 0x20, 0x44, 0x6F, 0x6D, 0x69, 0x6E, 0x69, 0x6B, 0x61, 0x77, 0x61, 0x72, 0x61));
					if (count != 1) return String(CharArray::of(0x50, 0x75, 0x73, 0x65, 0x77, 0x61, 0x2D, 0x69, 0x74, 0x61, 0x20, 0x44, 0x6F, 0x6D, 0x69, 0x6E, 0x69, 0x6B, 0x61, 0x77, 0x61, 0x72, 0x61));
					break;
				case 83:
					if (count == -1) return String(CharArray::of(0x44, 0x69, 0x6E, 0x61, 0x72, 0x69, 0x20, 0x41, 0x72, 0x67, 0x65, 0x72, 0x69, 0x79, 0x61, 0x77, 0x72, 0x61));
					if (count == 1) return String(CharArray::of(0x44, 0x69, 0x6E, 0x61, 0x72, 0x69, 0x20, 0x41, 0x72, 0x67, 0x65, 0x72, 0x69, 0x79, 0x61, 0x77, 0x72, 0x61));
					if (count != 1) return String(CharArray::of(0x44, 0x69, 0x6E, 0x61, 0x72, 0x69, 0x2D, 0x69, 0x74, 0x61, 0x20, 0x41, 0x72, 0x67, 0x65, 0x72, 0x69, 0x79, 0x61, 0x77, 0x72, 0x61));
					break;
				case 84:
					if (count == -1) return String(CharArray::of(0x53, 0x75, 0x6B, 0x69, 0x72, 0x69, 0x20, 0x45, 0x6B, 0x75, 0x61, 0x64, 0x75, 0x77, 0x61, 0x72, 0x61));
					if (count == 1) return String(CharArray::of(0x53, 0x75, 0x6B, 0x69, 0x72, 0x69, 0x20, 0x45, 0x6B, 0x75, 0x61, 0x64, 0x75, 0x77, 0x61, 0x72, 0x61));
					if (count != 1) return String(CharArray::of(0x53, 0x75, 0x6B, 0x69, 0x72, 0x69, 0x2D, 0x69, 0x74, 0x61, 0x20, 0x45, 0x6B, 0x75, 0x61, 0x64, 0x75, 0x77, 0x61, 0x72, 0x61));
					break;
				case 85:
					if (count == -1) return String(CharArray::of(0x59, 0x65, 0x70, 0x65, 0x73, 0x61, 0x77, 0x61, 0x20, 0x53, 0x65, 0x70, 0x69, 0x73, 0x61, 0x77, 0x61, 0x20, 0x50, 0x69, 0xE1, 0x2D, 0x73, 0xE3, 0x74, 0xE1, 0x20, 0x28, 0x55, 0x56, 0x53, 0x29, 0x20, 0x45, 0x6B, 0x75, 0x61, 0x64, 0x75, 0x77, 0x61, 0x72, 0x61));
					if (count == 1) return String(CharArray::of(0x59, 0x65, 0x70, 0x65, 0x73, 0x61, 0x77, 0x61, 0x20, 0x53, 0x65, 0x70, 0x69, 0x73, 0x61, 0x77, 0x61, 0x20, 0x50, 0x69, 0xE1, 0x2D, 0x73, 0xE3, 0x74, 0xE1, 0x20, 0x28, 0x55, 0x56, 0x53, 0x29, 0x20, 0x45, 0x6B, 0x75, 0x61, 0x64, 0x75, 0x77, 0x61, 0x72, 0x61));
					if (count != 1) return String(CharArray::of(0x59, 0x65, 0x70, 0x65, 0x73, 0x61, 0x77, 0x61, 0x2D, 0x69, 0x74, 0x61, 0x20, 0x53, 0x65, 0x70, 0x69, 0x73, 0x61, 0x77, 0x61, 0x20, 0x50, 0x69, 0xE1, 0x2D, 0x73, 0xE3, 0x74, 0xE1, 0x20, 0x28, 0x55, 0x56, 0x53, 0x29, 0x20, 0x45, 0x6B, 0x75, 0x61, 0x64, 0x75, 0x77, 0x61, 0x72, 0x61));
					break;
				case 86:
					if (count == -1) return String(CharArray::of(0x4B, 0x75, 0x72, 0x75, 0x77, 0x61, 0x20, 0x49, 0x73, 0x69, 0x74, 0x75, 0x6E, 0x69, 0x79, 0x61, 0x77, 0x61, 0x72, 0x61));
					if (count == 1) return String(CharArray::of(0x4B, 0x75, 0x72, 0x75, 0x77, 0x61, 0x20, 0x49, 0x73, 0x69, 0x74, 0x75, 0x6E, 0x69, 0x79, 0x61, 0x77, 0x61, 0x72, 0x61));
					if (count != 1) return String(CharArray::of(0x4B, 0x75, 0x72, 0x75, 0x77, 0x61, 0x2D, 0x69, 0x74, 0x61, 0x20, 0x49, 0x73, 0x69, 0x74, 0x75, 0x6E, 0x69, 0x79, 0x61, 0x77, 0x61, 0x72, 0x61));
					break;
				case 87:
					if (count == -1) return String(CharArray::of(0x52, 0x69, 0x62, 0x61, 0x72, 0x61, 0x20, 0x45, 0x67, 0x69, 0x74, 0x75, 0x77, 0x61, 0x72, 0x61));
					if (count == 1) return String(CharArray::of(0x52, 0x69, 0x62, 0x61, 0x72, 0x61, 0x20, 0x45, 0x67, 0x69, 0x74, 0x75, 0x77, 0x61, 0x72, 0x61));
					if (count != 1) return String(CharArray::of(0x52, 0x69, 0x62, 0x61, 0x72, 0x61, 0x2D, 0x69, 0x74, 0x61, 0x20, 0x45, 0x67, 0x69, 0x74, 0x75, 0x77, 0x61, 0x72, 0x61));
					break;
				case 88:
					if (count == -1) return String(CharArray::of(0x4E, 0x61, 0x6B, 0x69, 0x77, 0x61, 0x20, 0x45, 0x72, 0x69, 0x74, 0x69, 0x72, 0x65, 0x79, 0x61, 0x77, 0x61, 0x72, 0x61));
					if (count == 1) return String(CharArray::of(0x4E, 0x61, 0x6B, 0x69, 0x77, 0x61, 0x20, 0x45, 0x72, 0x69, 0x74, 0x69, 0x72, 0x65, 0x79, 0x61, 0x77, 0x61, 0x72, 0x61));
					if (count != 1) return String(CharArray::of(0x4E, 0x61, 0x6B, 0x69, 0x77, 0x61, 0x2D, 0x69, 0x74, 0x61, 0x20, 0x45, 0x72, 0x69, 0x74, 0x69, 0x72, 0x65, 0x79, 0x61, 0x77, 0x61, 0x72, 0x61));
					break;
				case 89:
					if (count == -1) return String(CharArray::of(0x50, 0x65, 0x73, 0x65, 0x74, 0x61, 0x20, 0x49, 0x73, 0x69, 0x70, 0xE3, 0x79, 0x61, 0x77, 0x61, 0x72, 0x61, 0x20, 0x28, 0x6B, 0xE3, 0x74, 0x61, 0x20, 0x41, 0x29));
					if (count == 1) return String(CharArray::of(0x50, 0x65, 0x73, 0x65, 0x74, 0x61, 0x20, 0x49, 0x73, 0x69, 0x70, 0xE3, 0x79, 0x61, 0x77, 0x61, 0x72, 0x61, 0x20, 0x28, 0x6B, 0xE3, 0x74, 0x61, 0x20, 0x41, 0x29));
					if (count != 1) return String(CharArray::of(0x50, 0x65, 0x73, 0x65, 0x74, 0x61, 0x2D, 0x69, 0x74, 0x61, 0x20, 0x49, 0x73, 0x69, 0x70, 0xE3, 0x79, 0x61, 0x77, 0x61, 0x72, 0x61, 0x20, 0x28, 0x6B, 0xE3, 0x74, 0x61, 0x20, 0x41, 0x29));
					break;
				case 90:
					if (count == -1) return String(CharArray::of(0x50, 0x65, 0x73, 0x65, 0x74, 0x61, 0x20, 0x49, 0x73, 0x69, 0x70, 0xE3, 0x79, 0x61, 0x77, 0x61, 0x72, 0x61, 0x20, 0x28, 0x6B, 0xE3, 0x74, 0x61, 0x20, 0x79, 0x75, 0x6D, 0x75, 0x79, 0x65, 0x72, 0x65, 0x77, 0x61, 0x29));
					if (count == 1) return String(CharArray::of(0x50, 0x65, 0x73, 0x65, 0x74, 0x61, 0x20, 0x49, 0x73, 0x69, 0x70, 0xE3, 0x79, 0x61, 0x77, 0x61, 0x72, 0x61, 0x20, 0x28, 0x6B, 0xE3, 0x74, 0x61, 0x20, 0x79, 0x75, 0x6D, 0x75, 0x79, 0x65, 0x72, 0x65, 0x77, 0x61, 0x29));
					if (count != 1) return String(CharArray::of(0x50, 0x65, 0x73, 0x65, 0x74, 0x61, 0x2D, 0x69, 0x74, 0x61, 0x20, 0x49, 0x73, 0x69, 0x70, 0xE3, 0x79, 0x61, 0x77, 0x61, 0x72, 0x61, 0x20, 0x28, 0x6B, 0xE3, 0x74, 0x61, 0x20, 0x79, 0x75, 0x6D, 0x75, 0x79, 0x65, 0x72, 0x65, 0x77, 0x61, 0x29));
					break;
				case 91:
					if (count == -1) return String(CharArray::of(0x50, 0x65, 0x73, 0x65, 0x74, 0x61, 0x20, 0x49, 0x73, 0x69, 0x70, 0xE3, 0x79, 0x61, 0x77, 0x61, 0x72, 0x61));
					if (count == 1) return String(CharArray::of(0x50, 0x65, 0x73, 0x65, 0x74, 0x61, 0x20, 0x49, 0x73, 0x69, 0x70, 0xE3, 0x79, 0x61, 0x77, 0x61, 0x72, 0x61));
					if (count != 1) return String(CharArray::of(0x50, 0x65, 0x73, 0x65, 0x74, 0x61, 0x2D, 0x69, 0x74, 0x61, 0x20, 0x49, 0x73, 0x69, 0x70, 0xE3, 0x79, 0x61, 0x77, 0x61, 0x72, 0x61));
					break;
				case 92:
					if (count == -1) return String(CharArray::of(0x42, 0x69, 0x72, 0x69, 0x20, 0x45, 0x74, 0x69, 0x75, 0x70, 0x69, 0x79, 0x61, 0x77, 0x61, 0x72, 0x61));
					if (count == 1) return String(CharArray::of(0x42, 0x69, 0x72, 0x69, 0x20, 0x45, 0x74, 0x69, 0x75, 0x70, 0x69, 0x79, 0x61, 0x77, 0x61, 0x72, 0x61));
					if (count != 1) return String(CharArray::of(0x42, 0x69, 0x72, 0x69, 0x2D, 0x69, 0x74, 0x61, 0x20, 0x45, 0x74, 0x69, 0x75, 0x70, 0x69, 0x79, 0x61, 0x77, 0x61, 0x72, 0x61));
					break;
				case 93:
					if (count == -1) return String(CharArray::of(0x45, 0x75, 0x72, 0x75));
					if (count == 1) return String(CharArray::of(0x45, 0x75, 0x72, 0x75));
					if (count != 1) return String(CharArray::of(0x45, 0x75, 0x72, 0x75, 0x2D, 0x69, 0x74, 0x61));
					break;
				case 94:
					if (count == -1) return String(CharArray::of(0x4D, 0x61, 0x72, 0x6B, 0x61, 0x20, 0x46, 0x69, 0x72, 0xE3, 0x64, 0x69, 0x79, 0x61, 0x77, 0x61, 0x72, 0x61));
					if (count == 1) return String(CharArray::of(0x4D, 0x61, 0x72, 0x6B, 0x61, 0x20, 0x46, 0x69, 0x72, 0xE3, 0x64, 0x69, 0x79, 0x61, 0x77, 0x61, 0x72, 0x61));
					if (count != 1) return String(CharArray::of(0x4D, 0x61, 0x72, 0x6B, 0x61, 0x2D, 0x69, 0x74, 0x61, 0x20, 0x46, 0x69, 0x72, 0xE3, 0x64, 0x69, 0x79, 0x61, 0x77, 0x61, 0x72, 0x61));
					break;
				case 95:
					if (count == -1) return String(CharArray::of(0x44, 0xF3, 0x72, 0x61, 0x20, 0x46, 0x69, 0x79, 0x69, 0x77, 0x61, 0x72, 0x61));
					if (count == 1) return String(CharArray::of(0x44, 0xF3, 0x72, 0x61, 0x20, 0x46, 0x69, 0x79, 0x69, 0x77, 0x61, 0x72, 0x61));
					if (count != 1) return String(CharArray::of(0x44, 0xF3, 0x72, 0x61, 0x2D, 0x69, 0x74, 0x61, 0x20, 0x46, 0x69, 0x79, 0x69, 0x77, 0x61, 0x72, 0x61));
					break;
				case 96:
					if (count == -1) return String(CharArray::of(0x52, 0x69, 0x62, 0x61, 0x72, 0x61, 0x20, 0x4D, 0x61, 0x77, 0x69, 0x6E, 0x61, 0x77, 0x61, 0x72, 0x61));
					if (count == 1) return String(CharArray::of(0x52, 0x69, 0x62, 0x61, 0x72, 0x61, 0x20, 0x4D, 0x61, 0x77, 0x69, 0x6E, 0x61, 0x77, 0x61, 0x72, 0x61));
					if (count != 1) return String(CharArray::of(0x52, 0x69, 0x62, 0x61, 0x72, 0x61, 0x2D, 0x69, 0x74, 0x61, 0x20, 0x4D, 0x61, 0x77, 0x69, 0x6E, 0x61, 0x77, 0x61, 0x72, 0x61));
					break;
				case 97:
					if (count == -1) return String(CharArray::of(0x46, 0x61, 0x72, 0xE3, 0x6B, 0x75, 0x20, 0x46, 0x72, 0xE3, 0x73, 0x61, 0x77, 0x61, 0x72, 0x61));
					if (count == 1) return String(CharArray::of(0x46, 0x61, 0x72, 0xE3, 0x6B, 0x75, 0x20, 0x46, 0x72, 0xE3, 0x73, 0x61, 0x77, 0x61, 0x72, 0x61));
					if (count != 1) return String(CharArray::of(0x46, 0x61, 0x72, 0xE3, 0x6B, 0x75, 0x2D, 0x69, 0x74, 0x61, 0x20, 0x46, 0x72, 0xE3, 0x73, 0x61, 0x77, 0x61, 0x72, 0x61));
					break;
				case 98:
					if (count == -1) return String(CharArray::of(0x52, 0x69, 0x62, 0x61, 0x72, 0x61, 0x20, 0x65, 0x73, 0x69, 0x74, 0x65, 0x72, 0x69, 0x6E, 0x61));
					if (count == 1) return String(CharArray::of(0x52, 0x69, 0x62, 0x61, 0x72, 0x61, 0x20, 0x65, 0x73, 0x69, 0x74, 0x65, 0x72, 0x69, 0x6E, 0x61));
					if (count != 1) return String(CharArray::of(0x52, 0x69, 0x62, 0x61, 0x72, 0x61, 0x2D, 0x69, 0x74, 0x61, 0x20, 0x65, 0x73, 0x69, 0x74, 0x65, 0x72, 0x69, 0x6E, 0x61));
					break;
				case 99:
					if (count == -1) return String(CharArray::of(0x4B, 0x75, 0x70, 0x0169, 0x20, 0x52, 0x61, 0x72, 0x69, 0x20, 0x47, 0x65, 0x75, 0x67, 0x69, 0x79, 0x61, 0x77, 0x61, 0x72, 0x61));
					if (count == 1) return String(CharArray::of(0x4B, 0x75, 0x70, 0x0169, 0x20, 0x52, 0x61, 0x72, 0x69, 0x20, 0x47, 0x65, 0x75, 0x67, 0x69, 0x79, 0x61, 0x77, 0x61, 0x72, 0x61));
					if (count != 1) return String(CharArray::of(0x4B, 0x75, 0x70, 0x0169, 0x20, 0x52, 0x61, 0x72, 0x69, 0x2D, 0x69, 0x74, 0x61, 0x20, 0x47, 0x65, 0x75, 0x67, 0x69, 0x79, 0x61, 0x77, 0x61, 0x72, 0x61));
					break;
				case 100:
					if (count == -1) return String(CharArray::of(0x52, 0x61, 0x72, 0x69, 0x20, 0x67, 0x65, 0x75, 0x67, 0x69, 0x79, 0x61, 0x6E, 0x75));
					if (count == 1) return String(CharArray::of(0x52, 0x61, 0x72, 0x69, 0x20, 0x67, 0x65, 0x75, 0x67, 0x69, 0x79, 0x61, 0x6E, 0x75));
					if (count != 1) return String(CharArray::of(0x52, 0x61, 0x72, 0x69, 0x2D, 0x69, 0x74, 0x61, 0x20, 0x67, 0x65, 0x75, 0x67, 0x69, 0x79, 0x61, 0x6E, 0x75));
					break;
				case 101:
					if (count == -1) return String(CharArray::of(0x53, 0x65, 0x64, 0x69, 0x20, 0x47, 0x61, 0x6E, 0x61, 0x77, 0x61, 0x72, 0x61, 0x20, 0x28, 0x31, 0x39, 0x37, 0x39, 0x2013, 0x32, 0x30, 0x30, 0x37, 0x29));
					if (count == 1) return String(CharArray::of(0x53, 0x65, 0x64, 0x69, 0x20, 0x47, 0x61, 0x6E, 0x61, 0x77, 0x61, 0x72, 0x61, 0x20, 0x28, 0x31, 0x39, 0x37, 0x39, 0x2013, 0x32, 0x30, 0x30, 0x37, 0x29));
					if (count != 1) return String(CharArray::of(0x53, 0x65, 0x64, 0x69, 0x2D, 0x69, 0x74, 0x61, 0x20, 0x47, 0x61, 0x6E, 0x61, 0x77, 0x61, 0x72, 0x61, 0x20, 0x28, 0x31, 0x39, 0x37, 0x39, 0x2013, 0x32, 0x30, 0x30, 0x37, 0x29));
					break;
				case 102:
					if (count == -1) return String(CharArray::of(0x53, 0x65, 0x64, 0x69, 0x20, 0x67, 0x61, 0x6E, 0x65, 0x69));
					if (count == 1) return String(CharArray::of(0x53, 0x65, 0x64, 0x69, 0x20, 0x67, 0x61, 0x6E, 0x65, 0x69));
					if (count != 1) return String(CharArray::of(0x53, 0x65, 0x64, 0x69, 0x20, 0x67, 0x61, 0x6E, 0x65, 0x69, 0x2D, 0x69, 0x74, 0x61));
					break;
				case 103:
					if (count == -1) return String(CharArray::of(0x52, 0x69, 0x62, 0x61, 0x72, 0x61, 0x20, 0x47, 0x69, 0x62, 0x61, 0x72, 0x61, 0x75, 0x74, 0xE1, 0x77, 0x61, 0x72, 0x61));
					if (count == 1) return String(CharArray::of(0x52, 0x69, 0x62, 0x61, 0x72, 0x61, 0x20, 0x47, 0x69, 0x62, 0x61, 0x72, 0x61, 0x75, 0x74, 0xE1, 0x77, 0x61, 0x72, 0x61));
					if (count != 1) return String(CharArray::of(0x52, 0x69, 0x62, 0x61, 0x72, 0x61, 0x2D, 0x69, 0x74, 0x61, 0x20, 0x47, 0x69, 0x62, 0x61, 0x72, 0x61, 0x75, 0x74, 0xE1, 0x77, 0x61, 0x72, 0x61));
					break;
				case 104:
					if (count == -1) return String(CharArray::of(0x44, 0x61, 0x72, 0x61, 0x73, 0x69, 0x20, 0x47, 0xE3, 0x62, 0x69, 0x79, 0x61, 0x77, 0x61, 0x72, 0x61));
					if (count == 1) return String(CharArray::of(0x44, 0x61, 0x72, 0x61, 0x73, 0x69, 0x20, 0x47, 0xE3, 0x62, 0x69, 0x79, 0x61, 0x77, 0x61, 0x72, 0x61));
					if (count != 1) return String(CharArray::of(0x44, 0x61, 0x72, 0x61, 0x73, 0x69, 0x2D, 0x69, 0x74, 0x61, 0x20, 0x47, 0xE3, 0x62, 0x69, 0x79, 0x61, 0x77, 0x61, 0x72, 0x61));
					break;
				case 105:
					if (count == -1) return String(CharArray::of(0x46, 0x61, 0x72, 0xE3, 0x6B, 0x75, 0x20, 0x47, 0x69, 0x6E, 0x65, 0x77, 0x61, 0x72, 0x61));
					if (count == 1) return String(CharArray::of(0x46, 0x61, 0x72, 0xE3, 0x6B, 0x75, 0x20, 0x47, 0x69, 0x6E, 0x65, 0x77, 0x61, 0x72, 0x61));
					if (count != 1) return String(CharArray::of(0x46, 0x61, 0x72, 0xE3, 0x6B, 0x75, 0x2D, 0x69, 0x74, 0x61, 0x20, 0x47, 0x69, 0x6E, 0x65, 0x77, 0x61, 0x72, 0x61));
					break;
				case 106:
					if (count == -1) return String(CharArray::of(0x53, 0x69, 0x72, 0x69, 0x20, 0x47, 0x69, 0x6E, 0x65, 0x77, 0x61, 0x72, 0x61));
					if (count == 1) return String(CharArray::of(0x53, 0x69, 0x72, 0x69, 0x20, 0x47, 0x69, 0x6E, 0x65, 0x77, 0x61, 0x72, 0x61));
					if (count != 1) return String(CharArray::of(0x53, 0x69, 0x72, 0x69, 0x2D, 0x69, 0x74, 0x61, 0x20, 0x47, 0x69, 0x6E, 0x65, 0x77, 0x61, 0x72, 0x61));
					break;
				case 107:
					if (count == -1) return String(CharArray::of(0x45, 0x6B, 0x69, 0x77, 0x65, 0x72, 0x65, 0x20, 0x47, 0x69, 0x6E, 0xE9, 0x20, 0x45, 0x6B, 0x75, 0x61, 0x74, 0x6F, 0x72, 0x69, 0x79, 0x61, 0x77, 0x61, 0x72, 0x61));
					if (count == 1) return String(CharArray::of(0x45, 0x6B, 0x69, 0x77, 0x65, 0x72, 0x65, 0x20, 0x47, 0x69, 0x6E, 0xE9, 0x20, 0x45, 0x6B, 0x75, 0x61, 0x74, 0x6F, 0x72, 0x69, 0x79, 0x61, 0x77, 0x61, 0x72, 0x61));
					if (count != 1) return String(CharArray::of(0x45, 0x6B, 0x69, 0x77, 0x65, 0x72, 0x65, 0x2D, 0x69, 0x74, 0x61, 0x20, 0x47, 0x69, 0x6E, 0xE9, 0x20, 0x45, 0x6B, 0x75, 0x61, 0x74, 0x6F, 0x72, 0x69, 0x79, 0x61, 0x77, 0x61, 0x72, 0x61));
					break;
				case 108:
					if (count == -1) return String(CharArray::of(0x44, 0x61, 0x72, 0x61, 0x6B, 0x69, 0x6D, 0x61, 0x20, 0x47, 0x65, 0x72, 0x65, 0x73, 0x69, 0x79, 0x61, 0x77, 0x61, 0x72, 0x61));
					if (count == 1) return String(CharArray::of(0x44, 0x61, 0x72, 0x61, 0x6B, 0x69, 0x6D, 0x61, 0x20, 0x47, 0x65, 0x72, 0x65, 0x73, 0x69, 0x79, 0x61, 0x77, 0x61, 0x72, 0x61));
					if (count != 1) return String(CharArray::of(0x44, 0x61, 0x72, 0x61, 0x6B, 0x69, 0x6D, 0x61, 0x2D, 0x69, 0x74, 0x61, 0x20, 0x47, 0x65, 0x72, 0x65, 0x73, 0x69, 0x79, 0x61, 0x77, 0x61, 0x72, 0x61));
					break;
				case 109:
					if (count == -1) return String(CharArray::of(0x4B, 0x65, 0x74, 0x69, 0x73, 0x61, 0x75, 0x20, 0x47, 0x75, 0x61, 0x74, 0x65, 0x6D, 0x61, 0x77, 0x61, 0x72, 0x61));
					if (count == 1) return String(CharArray::of(0x4B, 0x65, 0x74, 0x69, 0x73, 0x61, 0x75, 0x20, 0x47, 0x75, 0x61, 0x74, 0x65, 0x6D, 0x61, 0x77, 0x61, 0x72, 0x61));
					if (count != 1) return String(CharArray::of(0x4B, 0x65, 0x74, 0x69, 0x73, 0x61, 0x75, 0x2D, 0x69, 0x74, 0x61, 0x20, 0x47, 0x75, 0x61, 0x74, 0x65, 0x6D, 0x61, 0x77, 0x61, 0x72, 0x61));
					break;
				case 110:
					if (count == -1) return String(CharArray::of(0x57, 0x61, 0x72, 0x61, 0x6B, 0x61, 0x70, 0xE1, 0x20, 0x47, 0x69, 0x6E, 0xE9, 0x20, 0x50, 0x75, 0x72, 0x75, 0x74, 0x75, 0x67, 0x65, 0x73, 0x61, 0x77, 0x61, 0x72, 0x61));
					if (count == 1) return String(CharArray::of(0x57, 0x61, 0x72, 0x61, 0x6B, 0x61, 0x70, 0xE1, 0x20, 0x47, 0x69, 0x6E, 0xE9, 0x20, 0x50, 0x75, 0x72, 0x75, 0x74, 0x75, 0x67, 0x65, 0x73, 0x61, 0x77, 0x61, 0x72, 0x61));
					if (count != 1) return String(CharArray::of(0x57, 0x61, 0x72, 0x61, 0x6B, 0x61, 0x70, 0xE1, 0x2D, 0x69, 0x74, 0x61, 0x20, 0x47, 0x69, 0x6E, 0xE9, 0x20, 0x50, 0x75, 0x72, 0x75, 0x74, 0x75, 0x67, 0x65, 0x73, 0x61, 0x77, 0x61, 0x72, 0x61));
					break;
				case 111:
					if (count == -1) return String(CharArray::of(0x50, 0x75, 0x73, 0x65, 0x77, 0x61, 0x20, 0x47, 0x69, 0x6E, 0xE9, 0x2D, 0x42, 0x69, 0x73, 0x61, 0x77, 0x61, 0x72, 0x61));
					if (count == 1) return String(CharArray::of(0x50, 0x75, 0x73, 0x65, 0x77, 0x61, 0x20, 0x47, 0x69, 0x6E, 0xE9, 0x2D, 0x42, 0x69, 0x73, 0x61, 0x77, 0x61, 0x72, 0x61));
					if (count != 1) return String(CharArray::of(0x50, 0x75, 0x73, 0x65, 0x77, 0x61, 0x2D, 0x69, 0x74, 0x61, 0x20, 0x47, 0x69, 0x6E, 0xE9, 0x2D, 0x42, 0x69, 0x73, 0x61, 0x77, 0x61, 0x72, 0x61));
					break;
				case 112:
					if (count == -1) return String(CharArray::of(0x44, 0xF3, 0x72, 0x61, 0x20, 0x47, 0x69, 0x61, 0x6E, 0x61, 0x77, 0x61, 0x72, 0x61));
					if (count == 1) return String(CharArray::of(0x44, 0xF3, 0x72, 0x61, 0x20, 0x47, 0x69, 0x61, 0x6E, 0x61, 0x77, 0x61, 0x72, 0x61));
					if (count != 1) return String(CharArray::of(0x44, 0xF3, 0x72, 0x61, 0x2D, 0x69, 0x74, 0x61, 0x20, 0x47, 0x69, 0x61, 0x6E, 0x61, 0x77, 0x61, 0x72, 0x61));
					break;
				case 113:
					if (count == -1) return String(CharArray::of(0x44, 0xF3, 0x72, 0x61, 0x20, 0x48, 0x0169, 0x67, 0x69, 0x2D, 0x4B, 0x0169, 0x67, 0x69, 0x77, 0x61, 0x72, 0x61));
					if (count == 1) return String(CharArray::of(0x44, 0xF3, 0x72, 0x61, 0x20, 0x48, 0x0169, 0x67, 0x69, 0x2D, 0x4B, 0x0169, 0x67, 0x69, 0x77, 0x61, 0x72, 0x61));
					if (count != 1) return String(CharArray::of(0x44, 0xF3, 0x72, 0x61, 0x2D, 0x69, 0x74, 0x61, 0x20, 0x48, 0x0169, 0x67, 0x69, 0x2D, 0x4B, 0x0169, 0x67, 0x69, 0x77, 0x61, 0x72, 0x61));
					break;
				case 114:
					if (count == -1) return String(CharArray::of(0x52, 0x69, 0x62, 0x61, 0x72, 0x61, 0x20, 0x0168, 0x64, 0x75, 0x72, 0x61, 0x77, 0x61, 0x72, 0x61));
					if (count == 1) return String(CharArray::of(0x52, 0x69, 0x62, 0x61, 0x72, 0x61, 0x20, 0x0168, 0x64, 0x75, 0x72, 0x61, 0x77, 0x61, 0x72, 0x61));
					if (count != 1) return String(CharArray::of(0x52, 0x69, 0x62, 0x61, 0x72, 0x61, 0x2D, 0x69, 0x74, 0x61, 0x20, 0x0168, 0x64, 0x75, 0x72, 0x61, 0x77, 0x61, 0x72, 0x61));
					break;
				case 115:
					if (count == -1) return String(CharArray::of(0x44, 0x69, 0x6E, 0x61, 0x72, 0x69, 0x20, 0x4B, 0x75, 0x72, 0x75, 0x77, 0x61, 0x73, 0x69, 0x79, 0x61, 0x77, 0x61, 0x72, 0x61));
					if (count == 1) return String(CharArray::of(0x44, 0x69, 0x6E, 0x61, 0x72, 0x69, 0x20, 0x4B, 0x75, 0x72, 0x75, 0x77, 0x61, 0x73, 0x69, 0x79, 0x61, 0x77, 0x61, 0x72, 0x61));
					if (count != 1) return String(CharArray::of(0x44, 0x69, 0x6E, 0x61, 0x72, 0x69, 0x2D, 0x69, 0x74, 0x61, 0x20, 0x4B, 0x75, 0x72, 0x75, 0x77, 0x61, 0x73, 0x69, 0x79, 0x61, 0x77, 0x61, 0x72, 0x61));
					break;
				case 116:
					if (count == -1) return String(CharArray::of(0x4B, 0x75, 0x6E, 0x61, 0x20, 0x4B, 0x75, 0x72, 0x75, 0x61, 0x74, 0x61));
					if (count == 1) return String(CharArray::of(0x4B, 0x75, 0x6E, 0x61, 0x20, 0x4B, 0x75, 0x72, 0x75, 0x61, 0x74, 0x61));
					if (count != 1) return String(CharArray::of(0x4B, 0x75, 0x6E, 0x61, 0x2D, 0x69, 0x74, 0x61, 0x20, 0x4B, 0x75, 0x72, 0x75, 0x61, 0x74, 0x61));
					break;
				case 117:
					if (count == -1) return String(CharArray::of(0x47, 0x6F, 0x75, 0x72, 0x64, 0x65, 0x20, 0x41, 0x69, 0x74, 0x69, 0x77, 0x61, 0x72, 0x61));
					if (count == 1) return String(CharArray::of(0x47, 0x6F, 0x75, 0x72, 0x64, 0x65, 0x20, 0x41, 0x69, 0x74, 0x69, 0x77, 0x61, 0x72, 0x61));
					if (count != 1) return String(CharArray::of(0x47, 0x6F, 0x75, 0x72, 0x64, 0x65, 0x2D, 0x69, 0x74, 0x61, 0x20, 0x41, 0x69, 0x74, 0x69, 0x77, 0x61, 0x72, 0x61));
					break;
				case 118:
					if (count == -1) return String(CharArray::of(0x46, 0x75, 0x6C, 0x75, 0x72, 0x0129, 0x20, 0x0168, 0x67, 0x69, 0x72, 0x69, 0x79, 0x61, 0x77, 0x61, 0x72, 0x61));
					if (count == 1) return String(CharArray::of(0x46, 0x75, 0x6C, 0x75, 0x72, 0x0129, 0x20, 0x0168, 0x67, 0x69, 0x72, 0x69, 0x79, 0x61, 0x77, 0x61, 0x72, 0x61));
					if (count != 1) return String(CharArray::of(0x46, 0x75, 0x6C, 0x75, 0x72, 0x0129, 0x2D, 0x69, 0x74, 0x61, 0x20, 0x0168, 0x67, 0x69, 0x72, 0x69, 0x79, 0x61, 0x77, 0x61, 0x72, 0x61));
					break;
				case 119:
					if (count == -1) return String(CharArray::of(0x52, 0x75, 0x70, 0x69, 0x79, 0x61, 0x20, 0x0128, 0x64, 0x75, 0x6E, 0x65, 0x73, 0x69, 0x79, 0x61, 0x77, 0x61, 0x72, 0x61));
					if (count == 1) return String(CharArray::of(0x52, 0x75, 0x70, 0x69, 0x79, 0x61, 0x20, 0x0128, 0x64, 0x75, 0x6E, 0x65, 0x73, 0x69, 0x79, 0x61, 0x77, 0x61, 0x72, 0x61));
					if (count != 1) return String(CharArray::of(0x52, 0x75, 0x70, 0x69, 0x79, 0x61, 0x2D, 0x69, 0x74, 0x61, 0x20, 0x0128, 0x64, 0x75, 0x6E, 0x65, 0x73, 0x69, 0x79, 0x61, 0x77, 0x61, 0x72, 0x61));
					break;
				case 120:
					if (count == -1) return String(CharArray::of(0x52, 0x69, 0x62, 0x61, 0x72, 0x61, 0x20, 0x49, 0x72, 0xE3, 0x64, 0x61, 0x77, 0x61, 0x72, 0x61));
					if (count == 1) return String(CharArray::of(0x52, 0x69, 0x62, 0x61, 0x72, 0x61, 0x20, 0x49, 0x72, 0xE3, 0x64, 0x61, 0x77, 0x61, 0x72, 0x61));
					if (count != 1) return String(CharArray::of(0x52, 0x69, 0x62, 0x61, 0x72, 0x61, 0x2D, 0x69, 0x74, 0x61, 0x20, 0x49, 0x72, 0xE3, 0x64, 0x61, 0x77, 0x61, 0x72, 0x61));
					break;
				case 121:
					if (count == -1) return String(CharArray::of(0x52, 0x69, 0x62, 0x61, 0x72, 0x61, 0x20, 0x49, 0x73, 0x69, 0x72, 0x61, 0x79, 0x65, 0x77, 0x61, 0x72, 0x61));
					if (count == 1) return String(CharArray::of(0x52, 0x69, 0x62, 0x61, 0x72, 0x61, 0x20, 0x49, 0x73, 0x69, 0x72, 0x61, 0x79, 0x65, 0x77, 0x61, 0x72, 0x61));
					if (count != 1) return String(CharArray::of(0x52, 0x69, 0x62, 0x61, 0x72, 0x61, 0x2D, 0x69, 0x74, 0x61, 0x20, 0x49, 0x73, 0x69, 0x72, 0x61, 0x79, 0x65, 0x77, 0x61, 0x72, 0x61));
					break;
				case 122:
					if (count == -1) return String(CharArray::of(0x58, 0x65, 0x6B, 0x65, 0x75, 0x20, 0x4B, 0x75, 0x78, 0x69, 0xED, 0x6D, 0x61, 0x77, 0x61, 0x72, 0x61, 0x20, 0x49, 0x73, 0x69, 0x72, 0x61, 0x79, 0x65, 0x72, 0x69, 0x74, 0x61));
					break;
				case 123:
					if (count == -1) return String(CharArray::of(0x50, 0x69, 0x73, 0x75, 0x73, 0x61, 0x77, 0x61, 0x20, 0x58, 0x65, 0x6B, 0x65, 0x75, 0x20, 0x49, 0x73, 0x69, 0x72, 0x61, 0x65, 0x6C, 0x1EBD, 0x73, 0x69));
					if (count == 1) return String(CharArray::of(0x50, 0x69, 0x73, 0x75, 0x73, 0x61, 0x77, 0x61, 0x20, 0x58, 0x65, 0x6B, 0x65, 0x75, 0x20, 0x49, 0x73, 0x69, 0x72, 0x61, 0x65, 0x6C, 0x1EBD, 0x73, 0x69));
					if (count != 1) return String(CharArray::of(0x50, 0x69, 0x73, 0x75, 0x73, 0x61, 0x77, 0x61, 0x20, 0x58, 0x65, 0x6B, 0x65, 0x75, 0x2D, 0x69, 0x74, 0x61, 0x20, 0x49, 0x73, 0x69, 0x72, 0x61, 0x65, 0x6C, 0x1EBD, 0x73, 0x69));
					break;
				case 124:
					if (count == -1) return String(CharArray::of(0x52, 0x75, 0x70, 0x69, 0x79, 0x61, 0x20, 0x0128, 0x64, 0x69, 0x61, 0x77, 0x61, 0x72, 0x61));
					if (count == 1) return String(CharArray::of(0x52, 0x75, 0x70, 0x69, 0x79, 0x61, 0x20, 0x0128, 0x64, 0x69, 0x61, 0x77, 0x61, 0x72, 0x61));
					if (count != 1) return String(CharArray::of(0x52, 0x75, 0x70, 0x69, 0x79, 0x61, 0x2D, 0x69, 0x74, 0x61, 0x20, 0x0128, 0x64, 0x69, 0x61, 0x77, 0x61, 0x72, 0x61));
					break;
				case 125:
					if (count == -1) return String(CharArray::of(0x44, 0x69, 0x6E, 0x61, 0x72, 0x69, 0x20, 0x49, 0x72, 0x61, 0x6B, 0x69, 0x77, 0x61, 0x72, 0x61));
					if (count == 1) return String(CharArray::of(0x44, 0x69, 0x6E, 0x61, 0x72, 0x69, 0x20, 0x49, 0x72, 0x61, 0x6B, 0x69, 0x77, 0x61, 0x72, 0x61));
					if (count != 1) return String(CharArray::of(0x44, 0x69, 0x6E, 0x61, 0x72, 0x69, 0x2D, 0x69, 0x74, 0x61, 0x20, 0x49, 0x72, 0x61, 0x6B, 0x69, 0x77, 0x61, 0x72, 0x61));
					break;
				case 126:
					if (count == -1) return String(CharArray::of(0x52, 0x69, 0x61, 0x75, 0x20, 0x49, 0x72, 0xE3, 0x77, 0x61, 0x72, 0x61));
					if (count == 1) return String(CharArray::of(0x52, 0x69, 0x61, 0x75, 0x20, 0x49, 0x72, 0xE3, 0x77, 0x61, 0x72, 0x61));
					if (count != 1) return String(CharArray::of(0x52, 0x69, 0x61, 0x75, 0x2D, 0x69, 0x74, 0x61, 0x20, 0x49, 0x72, 0xE3, 0x77, 0x61, 0x72, 0x61));
					break;
				case 127:
					if (count == -1) return String(CharArray::of(0x4B, 0x75, 0x72, 0x75, 0x77, 0x61, 0x20, 0x4B, 0x75, 0x78, 0x69, 0xED, 0x6D, 0x61, 0x77, 0x61, 0x72, 0x61, 0x20, 0x49, 0x73, 0x69, 0x72, 0xE3, 0x64, 0x69, 0x61, 0x77, 0x61, 0x72, 0x61));
					break;
				case 128:
					if (count == -1) return String(CharArray::of(0x4B, 0x75, 0x72, 0x75, 0x77, 0x61, 0x20, 0x49, 0x73, 0x69, 0x72, 0xE3, 0x64, 0x69, 0x61, 0x77, 0x61, 0x72, 0x61));
					if (count == 1) return String(CharArray::of(0x4B, 0x75, 0x72, 0x75, 0x77, 0x61, 0x20, 0x49, 0x73, 0x69, 0x72, 0xE3, 0x64, 0x69, 0x61, 0x77, 0x61, 0x72, 0x61));
					if (count != 1) return String(CharArray::of(0x4B, 0x75, 0x72, 0x75, 0x77, 0x61, 0x2D, 0x69, 0x74, 0x61, 0x20, 0x49, 0x73, 0x69, 0x72, 0xE3, 0x64, 0x69, 0x61, 0x77, 0x61, 0x72, 0x61));
					break;
				case 129:
					if (count == -1) return String(CharArray::of(0x52, 0x69, 0x72, 0x61, 0x20, 0x49, 0x74, 0x61, 0x72, 0x69, 0x79, 0x61, 0x77, 0x61, 0x72, 0x61));
					if (count == 1) return String(CharArray::of(0x52, 0x69, 0x72, 0x61, 0x20, 0x49, 0x74, 0x61, 0x72, 0x69, 0x79, 0x61, 0x77, 0x61, 0x72, 0x61));
					if (count != 1) return String(CharArray::of(0x52, 0x69, 0x72, 0x61, 0x2D, 0x69, 0x74, 0x61, 0x20, 0x49, 0x74, 0x61, 0x72, 0x69, 0x79, 0x61, 0x77, 0x61, 0x72, 0x61));
					break;
				case 130:
					if (count == -1) return String(CharArray::of(0x44, 0xF3, 0x72, 0x61, 0x20, 0x59, 0x61, 0x6D, 0x61, 0x69, 0x6B, 0x61, 0x77, 0x61, 0x72, 0x61));
					if (count == 1) return String(CharArray::of(0x44, 0xF3, 0x72, 0x61, 0x20, 0x59, 0x61, 0x6D, 0x61, 0x69, 0x6B, 0x61, 0x77, 0x61, 0x72, 0x61));
					if (count != 1) return String(CharArray::of(0x44, 0xF3, 0x72, 0x61, 0x2D, 0x69, 0x74, 0x61, 0x20, 0x59, 0x61, 0x6D, 0x61, 0x69, 0x6B, 0x61, 0x77, 0x61, 0x72, 0x61));
					break;
				case 131:
					if (count == -1) return String(CharArray::of(0x44, 0x69, 0x6E, 0x61, 0x72, 0x69, 0x20, 0x59, 0x75, 0x64, 0xE2, 0x6E, 0x69, 0x79, 0x61, 0x77, 0x61, 0x72, 0x61));
					if (count == 1) return String(CharArray::of(0x44, 0x69, 0x6E, 0x61, 0x72, 0x69, 0x20, 0x59, 0x75, 0x64, 0xE2, 0x6E, 0x69, 0x79, 0x61, 0x77, 0x61, 0x72, 0x61));
					if (count != 1) return String(CharArray::of(0x44, 0x69, 0x6E, 0x61, 0x72, 0x69, 0x2D, 0x69, 0x74, 0x61, 0x20, 0x59, 0x75, 0x64, 0xE2, 0x6E, 0x69, 0x79, 0x61, 0x77, 0x61, 0x72, 0x61));
					break;
				case 132:
					if (count == -1) return String(CharArray::of(0x49, 0x79, 0x65, 0x6E, 0x65, 0x20, 0x4E, 0x69, 0x70, 0xF5, 0x77, 0x61, 0x72, 0x61));
					if (count == 1) return String(CharArray::of(0x49, 0x79, 0x65, 0x6E, 0x65, 0x20, 0x4E, 0x69, 0x70, 0xF5, 0x77, 0x61, 0x72, 0x61));
					if (count != 1) return String(CharArray::of(0x49, 0x79, 0x65, 0x6E, 0x65, 0x2D, 0x69, 0x74, 0x61, 0x20, 0x4E, 0x69, 0x70, 0xF5, 0x77, 0x61, 0x72, 0x61));
					break;
				case 133:
					if (count == -1) return String(CharArray::of(0x58, 0x69, 0x72, 0x0129, 0x20, 0x4B, 0x1EBD, 0x6E, 0x69, 0x79, 0x61, 0x77, 0x61, 0x72, 0x61));
					if (count == 1) return String(CharArray::of(0x58, 0x69, 0x72, 0x0129, 0x20, 0x4B, 0x1EBD, 0x6E, 0x69, 0x79, 0x61, 0x77, 0x61, 0x72, 0x61));
					if (count != 1) return String(CharArray::of(0x58, 0x69, 0x72, 0x0129, 0x2D, 0x69, 0x74, 0x61, 0x20, 0x4B, 0x1EBD, 0x6E, 0x69, 0x79, 0x61, 0x77, 0x61, 0x72, 0x61));
					break;
				case 134:
					if (count == -1) return String(CharArray::of(0x53, 0x75, 0x6D, 0x75, 0x20, 0x4B, 0x69, 0x72, 0x69, 0x67, 0x69, 0x72, 0x65, 0x74, 0xE3, 0x6D, 0x61, 0x77, 0x61, 0x72, 0x61));
					if (count == 1) return String(CharArray::of(0x53, 0x75, 0x6D, 0x75, 0x20, 0x4B, 0x69, 0x72, 0x69, 0x67, 0x69, 0x72, 0x65, 0x74, 0xE3, 0x6D, 0x61, 0x77, 0x61, 0x72, 0x61));
					if (count != 1) return String(CharArray::of(0x53, 0x75, 0x6D, 0x75, 0x2D, 0x69, 0x74, 0x61, 0x20, 0x4B, 0x69, 0x72, 0x69, 0x67, 0x69, 0x72, 0x65, 0x74, 0xE3, 0x6D, 0x61, 0x77, 0x61, 0x72, 0x61));
					break;
				case 135:
					if (count == -1) return String(CharArray::of(0x52, 0x69, 0x65, 0x75, 0x20, 0x4B, 0xE3, 0x62, 0x75, 0x79, 0x61, 0x77, 0x61, 0x72, 0x61));
					if (count == 1) return String(CharArray::of(0x52, 0x69, 0x65, 0x75, 0x20, 0x4B, 0xE3, 0x62, 0x75, 0x79, 0x61, 0x77, 0x61, 0x72, 0x61));
					if (count != 1) return String(CharArray::of(0x52, 0x69, 0x65, 0x75, 0x2D, 0x69, 0x74, 0x61, 0x20, 0x4B, 0xE3, 0x62, 0x75, 0x79, 0x61, 0x77, 0x61, 0x72, 0x61));
					break;
				case 136:
					if (count == -1) return String(CharArray::of(0x46, 0x61, 0x72, 0xE3, 0x6B, 0x75, 0x20, 0x4B, 0x75, 0x6D, 0x75, 0x72, 0x65, 0x77, 0x61, 0x72, 0x61));
					if (count == 1) return String(CharArray::of(0x46, 0x61, 0x72, 0xE3, 0x6B, 0x75, 0x20, 0x4B, 0x75, 0x6D, 0x75, 0x72, 0x65, 0x77, 0x61, 0x72, 0x61));
					if (count != 1) return String(CharArray::of(0x46, 0x61, 0x72, 0xE3, 0x6B, 0x75, 0x2D, 0x69, 0x74, 0x61, 0x20, 0x4B, 0x75, 0x6D, 0x75, 0x72, 0x65, 0x77, 0x61, 0x72, 0x61));
					break;
				case 137:
					if (count == -1) return String(CharArray::of(0x57, 0xF5, 0x20, 0x6E, 0x75, 0x74, 0x69, 0x2D, 0x6B, 0x75, 0x72, 0x65, 0x79, 0x61, 0x6E, 0x75));
					if (count == 1) return String(CharArray::of(0x57, 0xF5, 0x20, 0x6E, 0x75, 0x74, 0x69, 0x2D, 0x6B, 0x75, 0x72, 0x65, 0x79, 0x61, 0x6E, 0x75));
					if (count != 1) return String(CharArray::of(0x57, 0xF5, 0x2D, 0x69, 0x74, 0x61, 0x20, 0x6E, 0x75, 0x74, 0x69, 0x2D, 0x6B, 0x75, 0x72, 0x65, 0x79, 0x61, 0x6E, 0x75));
					break;
				case 138:
					if (count == -1) return String(CharArray::of(0x48, 0x75, 0x77, 0xE3, 0x20, 0x4B, 0x75, 0x72, 0x65, 0x79, 0x61, 0x2D, 0x53, 0x75, 0x77, 0x61, 0x72, 0x61));
					if (count == 1) return String(CharArray::of(0x48, 0x75, 0x77, 0xE3, 0x20, 0x4B, 0x75, 0x72, 0x65, 0x79, 0x61, 0x2D, 0x53, 0x75, 0x77, 0x61, 0x72, 0x61));
					if (count != 1) return String(CharArray::of(0x48, 0x75, 0x77, 0xE3, 0x2D, 0x69, 0x74, 0x61, 0x20, 0x4B, 0x75, 0x72, 0x65, 0x79, 0x61, 0x2D, 0x53, 0x75, 0x77, 0x61, 0x72, 0x61));
					break;
				case 139:
					if (count == -1) return String(CharArray::of(0x57, 0xF5, 0x20, 0x4B, 0x75, 0x72, 0x65, 0x79, 0x61, 0x2D, 0x53, 0x75, 0x77, 0x61, 0x72, 0x61, 0x20, 0x28, 0x31, 0x39, 0x34, 0x35, 0x2013, 0x31, 0x39, 0x35, 0x33, 0x29));
					if (count == 1) return String(CharArray::of(0x57, 0xF5, 0x20, 0x4B, 0x75, 0x78, 0x69, 0xED, 0x6D, 0x61, 0x77, 0x61, 0x72, 0x61, 0x20, 0x4B, 0x75, 0x72, 0x65, 0x79, 0x61, 0x2D, 0x53, 0x75, 0x77, 0x61, 0x72, 0x61));
					if (count != 1) return String(CharArray::of(0x57, 0xF5, 0x2D, 0x69, 0x74, 0x61, 0x20, 0x4B, 0x75, 0x78, 0x69, 0xED, 0x6D, 0x61, 0x77, 0x61, 0x72, 0x61, 0x20, 0x4B, 0x75, 0x72, 0x65, 0x79, 0x61, 0x2D, 0x53, 0x75, 0x77, 0x61, 0x72, 0x61));
					break;
				case 140:
					if (count == -1) return String(CharArray::of(0x57, 0xF5, 0x20, 0x73, 0x75, 0x2D, 0x6B, 0x75, 0x72, 0x65, 0x79, 0x61, 0x6E, 0x75));
					if (count == 1) return String(CharArray::of(0x57, 0xF5, 0x20, 0x73, 0x75, 0x2D, 0x6B, 0x75, 0x72, 0x65, 0x79, 0x61, 0x6E, 0x75));
					if (count != 1) return String(CharArray::of(0x57, 0xF5, 0x2D, 0x69, 0x74, 0x61, 0x20, 0x73, 0x75, 0x2D, 0x6B, 0x75, 0x72, 0x65, 0x79, 0x61, 0x6E, 0x75));
					break;
				case 141:
					if (count == -1) return String(CharArray::of(0x44, 0x69, 0x6E, 0x61, 0x72, 0x69, 0x20, 0x4B, 0x75, 0x77, 0x61, 0x69, 0x74, 0x69, 0x77, 0x61, 0x72, 0x61));
					if (count == 1) return String(CharArray::of(0x44, 0x69, 0x6E, 0x61, 0x72, 0x69, 0x20, 0x4B, 0x75, 0x77, 0x61, 0x69, 0x74, 0x69, 0x77, 0x61, 0x72, 0x61));
					if (count != 1) return String(CharArray::of(0x44, 0x69, 0x6E, 0x61, 0x72, 0x69, 0x2D, 0x69, 0x74, 0x61, 0x20, 0x4B, 0x75, 0x77, 0x61, 0x69, 0x74, 0x69, 0x77, 0x61, 0x72, 0x61));
					break;
				case 142:
					if (count == -1) return String(CharArray::of(0x44, 0xF3, 0x72, 0x61, 0x20, 0x4B, 0x61, 0x69, 0x6D, 0xE3, 0x77, 0x61, 0x72, 0x61));
					if (count == 1) return String(CharArray::of(0x44, 0xF3, 0x72, 0x61, 0x20, 0x4B, 0x61, 0x69, 0x6D, 0xE3, 0x77, 0x61, 0x72, 0x61));
					if (count != 1) return String(CharArray::of(0x44, 0xF3, 0x72, 0x61, 0x2D, 0x69, 0x74, 0x61, 0x20, 0x4B, 0x61, 0x69, 0x6D, 0xE3, 0x77, 0x61, 0x72, 0x61));
					break;
				case 143:
					if (count == -1) return String(CharArray::of(0x54, 0x1EBD, 0x67, 0x65, 0x20, 0x4B, 0x61, 0x73, 0x61, 0x6B, 0x69, 0x77, 0x61, 0x72, 0x61));
					if (count == 1) return String(CharArray::of(0x54, 0x1EBD, 0x67, 0x65, 0x20, 0x4B, 0x61, 0x73, 0x61, 0x6B, 0x69, 0x77, 0x61, 0x72, 0x61));
					if (count != 1) return String(CharArray::of(0x54, 0x1EBD, 0x67, 0x65, 0x2D, 0x69, 0x74, 0x61, 0x20, 0x4B, 0x61, 0x73, 0x61, 0x6B, 0x69, 0x77, 0x61, 0x72, 0x61));
					break;
				case 144:
					if (count == -1) return String(CharArray::of(0x4B, 0x69, 0x70, 0x69, 0x20, 0x52, 0x61, 0x77, 0x6F, 0x73, 0x69, 0x77, 0x61, 0x72, 0x61));
					if (count == 1) return String(CharArray::of(0x4B, 0x69, 0x70, 0x69, 0x20, 0x52, 0x61, 0x77, 0x6F, 0x73, 0x69, 0x77, 0x61, 0x72, 0x61));
					if (count != 1) return String(CharArray::of(0x4B, 0x69, 0x70, 0x69, 0x2D, 0x69, 0x74, 0x61, 0x20, 0x52, 0x61, 0x77, 0x6F, 0x73, 0x69, 0x77, 0x61, 0x72, 0x61));
					break;
				case 145:
					if (count == -1) return String(CharArray::of(0x52, 0x69, 0x62, 0x61, 0x72, 0x61, 0x20, 0x52, 0x69, 0x62, 0x61, 0x6E, 0x75, 0x77, 0x61, 0x72, 0x61));
					if (count == 1) return String(CharArray::of(0x52, 0x69, 0x62, 0x61, 0x72, 0x61, 0x20, 0x52, 0x69, 0x62, 0x61, 0x6E, 0x75, 0x77, 0x61, 0x72, 0x61));
					if (count != 1) return String(CharArray::of(0x52, 0x69, 0x62, 0x61, 0x72, 0x61, 0x2D, 0x69, 0x74, 0x61, 0x20, 0x52, 0x69, 0x62, 0x61, 0x6E, 0x75, 0x77, 0x61, 0x72, 0x61));
					break;
				case 146:
					if (count == -1) return String(CharArray::of(0x52, 0x75, 0x70, 0x69, 0x79, 0x61, 0x20, 0x53, 0x69, 0x72, 0x69, 0x72, 0xE3, 0x6B, 0x61, 0x77, 0x61, 0x72, 0x61));
					if (count == 1) return String(CharArray::of(0x52, 0x75, 0x70, 0x69, 0x79, 0x61, 0x20, 0x53, 0x69, 0x72, 0x69, 0x72, 0xE3, 0x6B, 0x61, 0x77, 0x61, 0x72, 0x61));
					if (count != 1) return String(CharArray::of(0x52, 0x75, 0x70, 0x69, 0x79, 0x61, 0x2D, 0x69, 0x74, 0x61, 0x20, 0x53, 0x69, 0x72, 0x69, 0x72, 0xE3, 0x6B, 0x61, 0x77, 0x61, 0x72, 0x61));
					break;
				case 147:
					if (count == -1) return String(CharArray::of(0x44, 0xF3, 0x72, 0x61, 0x20, 0x52, 0x69, 0x62, 0x65, 0x72, 0x69, 0x79, 0x61, 0x77, 0x61, 0x72, 0x61));
					if (count == 1) return String(CharArray::of(0x44, 0xF3, 0x72, 0x61, 0x20, 0x52, 0x69, 0x62, 0x65, 0x72, 0x69, 0x79, 0x61, 0x77, 0x61, 0x72, 0x61));
					if (count != 1) return String(CharArray::of(0x44, 0xF3, 0x72, 0x61, 0x2D, 0x69, 0x74, 0x61, 0x20, 0x52, 0x69, 0x62, 0x65, 0x72, 0x69, 0x79, 0x61, 0x77, 0x61, 0x72, 0x61));
					break;
				case 148:
					if (count == -1) return String(CharArray::of(0x52, 0x75, 0x74, 0x69, 0x20, 0x52, 0x65, 0x73, 0x75, 0x74, 0x75, 0x77, 0x61, 0x72, 0x61));
					if (count == 1) return String(CharArray::of(0x52, 0x75, 0x74, 0x69, 0x20, 0x52, 0x65, 0x73, 0x75, 0x74, 0x75, 0x77, 0x61, 0x72, 0x61));
					if (count != 1) return String(CharArray::of(0x52, 0x75, 0x74, 0x69, 0x2D, 0x69, 0x74, 0x61, 0x20, 0x52, 0x65, 0x73, 0x75, 0x74, 0x75, 0x77, 0x61, 0x72, 0x61));
					break;
				case 149:
					if (count == -1) return String(CharArray::of(0x52, 0x69, 0x74, 0x61, 0x20, 0x52, 0x69, 0x74, 0x75, 0x77, 0xE3, 0x6E, 0x69, 0x77, 0x61, 0x72, 0x61));
					if (count == 1) return String(CharArray::of(0x52, 0x69, 0x74, 0x61, 0x20, 0x52, 0x69, 0x74, 0x75, 0x77, 0xE3, 0x6E, 0x69, 0x77, 0x61, 0x72, 0x61));
					if (count != 1) return String(CharArray::of(0x52, 0x69, 0x74, 0x61, 0x2D, 0x69, 0x74, 0x61, 0x20, 0x52, 0x69, 0x74, 0x75, 0x77, 0xE3, 0x6E, 0x69, 0x77, 0x61, 0x72, 0x61));
					break;
				case 150:
					if (count == -1) return String(CharArray::of(0x54, 0x61, 0x72, 0x75, 0x6E, 0x61, 0x20, 0x72, 0x69, 0x74, 0x75, 0x77, 0xE3, 0x6E, 0x75));
					if (count == 1) return String(CharArray::of(0x54, 0x61, 0x72, 0x75, 0x6E, 0x61, 0x20, 0x72, 0x69, 0x74, 0x75, 0x77, 0xE3, 0x6E, 0x75));
					if (count != 1) return String(CharArray::of(0x54, 0x61, 0x72, 0x75, 0x6E, 0x61, 0x2D, 0x69, 0x74, 0x61, 0x20, 0x72, 0x69, 0x74, 0x75, 0x77, 0xE3, 0x6E, 0x75));
					break;
				case 151:
					if (count == -1) return String(CharArray::of(0x46, 0x61, 0x72, 0xE3, 0x6B, 0x75, 0x20, 0x79, 0x75, 0x6D, 0x75, 0x79, 0x65, 0x72, 0x65, 0x77, 0x61, 0x20, 0x52, 0x75, 0x78, 0x1EBD, 0x62, 0x75, 0x67, 0x75, 0x77, 0x61, 0x72, 0x61));
					if (count == 1) return String(CharArray::of(0x46, 0x61, 0x72, 0xE3, 0x6B, 0x75, 0x20, 0x79, 0x75, 0x6D, 0x75, 0x79, 0x65, 0x72, 0x65, 0x77, 0x61, 0x20, 0x52, 0x75, 0x78, 0x1EBD, 0x62, 0x75, 0x67, 0x75, 0x77, 0x61, 0x72, 0x61));
					if (count != 1) return String(CharArray::of(0x46, 0x61, 0x72, 0xE3, 0x6B, 0x75, 0x2D, 0x69, 0x74, 0x61, 0x20, 0x79, 0x75, 0x6D, 0x75, 0x79, 0x65, 0x72, 0x65, 0x77, 0x61, 0x20, 0x52, 0x75, 0x78, 0x1EBD, 0x62, 0x75, 0x67, 0x75, 0x77, 0x61, 0x72, 0x61));
					break;
				case 152:
					if (count == -1) return String(CharArray::of(0x46, 0x61, 0x72, 0xE3, 0x6B, 0x75, 0x20, 0x52, 0x75, 0x78, 0x1EBD, 0x62, 0x75, 0x67, 0x75, 0x77, 0x61, 0x72, 0x61));
					if (count == 1) return String(CharArray::of(0x46, 0x61, 0x72, 0xE3, 0x6B, 0x75, 0x20, 0x52, 0x75, 0x78, 0x1EBD, 0x62, 0x75, 0x67, 0x75, 0x77, 0x61, 0x72, 0x61));
					if (count != 1) return String(CharArray::of(0x46, 0x61, 0x72, 0xE3, 0x6B, 0x75, 0x2D, 0x69, 0x74, 0x61, 0x20, 0x52, 0x75, 0x78, 0x1EBD, 0x62, 0x75, 0x67, 0x75, 0x77, 0x61, 0x72, 0x61));
					break;
				case 153:
					if (count == -1) return String(CharArray::of(0x46, 0x61, 0x72, 0xE3, 0x6B, 0x75, 0x20, 0x66, 0x69, 0x6E, 0xE3, 0x73, 0x65, 0x72, 0x75, 0x20, 0x52, 0x75, 0x78, 0x1EBD, 0x62, 0x75, 0x67, 0x75, 0x77, 0x61, 0x72, 0x61));
					if (count == 1) return String(CharArray::of(0x46, 0x61, 0x72, 0xE3, 0x6B, 0x75, 0x20, 0x66, 0x69, 0x6E, 0xE3, 0x73, 0x65, 0x72, 0x75, 0x20, 0x52, 0x75, 0x78, 0x1EBD, 0x62, 0x75, 0x67, 0x75, 0x77, 0x61, 0x72, 0x61));
					if (count != 1) return String(CharArray::of(0x46, 0x61, 0x72, 0xE3, 0x6B, 0x75, 0x2D, 0x69, 0x74, 0x61, 0x20, 0x66, 0x69, 0x6E, 0xE3, 0x73, 0x65, 0x72, 0x75, 0x20, 0x52, 0x75, 0x78, 0x1EBD, 0x62, 0x75, 0x67, 0x75, 0x77, 0x61, 0x72, 0x61));
					break;
				case 154:
					if (count == -1) return String(CharArray::of(0x52, 0x61, 0x74, 0x69, 0x20, 0x52, 0x65, 0x74, 0x75, 0x6E, 0x69, 0x79, 0x61, 0x77, 0x61, 0x72, 0x61));
					if (count == 1) return String(CharArray::of(0x52, 0x61, 0x74, 0x69, 0x20, 0x52, 0x65, 0x74, 0x75, 0x6E, 0x69, 0x79, 0x61, 0x77, 0x61, 0x72, 0x61));
					if (count != 1) return String(CharArray::of(0x52, 0x61, 0x74, 0x69, 0x2D, 0x69, 0x74, 0x61, 0x20, 0x52, 0x65, 0x74, 0x75, 0x6E, 0x69, 0x79, 0x61, 0x77, 0x61, 0x72, 0x61));
					break;
				case 155:
					if (count == -1) return String(CharArray::of(0x52, 0x75, 0x62, 0x75, 0x72, 0x75, 0x20, 0x52, 0x65, 0x74, 0x75, 0x6E, 0x69, 0x79, 0x61, 0x77, 0x61, 0x72, 0x61));
					if (count == 1) return String(CharArray::of(0x52, 0x75, 0x62, 0x75, 0x72, 0x75, 0x20, 0x52, 0x65, 0x74, 0x75, 0x6E, 0x69, 0x79, 0x61, 0x77, 0x61, 0x72, 0x61));
					if (count != 1) return String(CharArray::of(0x52, 0x75, 0x62, 0x75, 0x72, 0x75, 0x2D, 0x69, 0x74, 0x61, 0x20, 0x52, 0x65, 0x74, 0x75, 0x6E, 0x69, 0x79, 0x61, 0x77, 0x61, 0x72, 0x61));
					break;
				case 156:
					if (count == -1) return String(CharArray::of(0x44, 0x69, 0x6E, 0x61, 0x72, 0x69, 0x20, 0x52, 0x69, 0x62, 0x69, 0x79, 0x61, 0x77, 0x61, 0x72, 0x61));
					if (count == 1) return String(CharArray::of(0x44, 0x69, 0x6E, 0x61, 0x72, 0x69, 0x20, 0x52, 0x69, 0x62, 0x69, 0x79, 0x61, 0x77, 0x61, 0x72, 0x61));
					if (count != 1) return String(CharArray::of(0x44, 0x69, 0x6E, 0x61, 0x72, 0x69, 0x2D, 0x69, 0x74, 0x61, 0x20, 0x52, 0x69, 0x62, 0x69, 0x79, 0x61, 0x77, 0x61, 0x72, 0x61));
					break;
				case 157:
					if (count == -1) return String(CharArray::of(0x44, 0x69, 0x72, 0x68, 0xE3, 0x20, 0x4D, 0x61, 0x72, 0x75, 0x6B, 0x75, 0x77, 0x61, 0x72, 0x61));
					if (count == 1) return String(CharArray::of(0x44, 0x69, 0x72, 0x68, 0xE3, 0x20, 0x4D, 0x61, 0x72, 0x75, 0x6B, 0x75, 0x77, 0x61, 0x72, 0x61));
					if (count != 1) return String(CharArray::of(0x44, 0x69, 0x72, 0x68, 0xE3, 0x2D, 0x69, 0x74, 0x61, 0x20, 0x4D, 0x61, 0x72, 0x75, 0x6B, 0x75, 0x77, 0x61, 0x72, 0x61));
					break;
				case 158:
					if (count == -1) return String(CharArray::of(0x46, 0x61, 0x72, 0xE3, 0x6B, 0x75, 0x20, 0x4D, 0x61, 0x72, 0x75, 0x6B, 0x75, 0x77, 0x61, 0x72, 0x61));
					if (count == 1) return String(CharArray::of(0x46, 0x61, 0x72, 0xE3, 0x6B, 0x75, 0x20, 0x4D, 0x61, 0x72, 0x75, 0x6B, 0x75, 0x77, 0x61, 0x72, 0x61));
					if (count != 1) return String(CharArray::of(0x46, 0x61, 0x72, 0xE3, 0x6B, 0x75, 0x2D, 0x69, 0x74, 0x61, 0x20, 0x4D, 0x61, 0x72, 0x75, 0x6B, 0x75, 0x77, 0x61, 0x72, 0x61));
					break;
				case 159:
					if (count == -1) return String(CharArray::of(0x46, 0x61, 0x72, 0xE3, 0x6B, 0x75, 0x20, 0x4D, 0x0169, 0x6E, 0x61, 0x6B, 0x75, 0x77, 0x61, 0x72, 0x61));
					if (count == 1) return String(CharArray::of(0x46, 0x61, 0x72, 0xE3, 0x6B, 0x75, 0x20, 0x4D, 0x0169, 0x6E, 0x61, 0x6B, 0x75, 0x77, 0x61, 0x72, 0x61));
					if (count != 1) return String(CharArray::of(0x46, 0x61, 0x72, 0xE3, 0x6B, 0x75, 0x2D, 0x69, 0x74, 0x61, 0x20, 0x4D, 0x0169, 0x6E, 0x61, 0x6B, 0x75, 0x77, 0x61, 0x72, 0x61));
					break;
				case 160:
					if (count == -1) return String(CharArray::of(0x4B, 0x75, 0x70, 0x0169, 0x20, 0x4D, 0x0169, 0x64, 0x75, 0x77, 0x61, 0x72, 0x61));
					if (count == 1) return String(CharArray::of(0x4B, 0x75, 0x70, 0x0169, 0x20, 0x4D, 0x0169, 0x64, 0x75, 0x77, 0x61, 0x72, 0x61));
					if (count != 1) return String(CharArray::of(0x4B, 0x75, 0x70, 0x0169, 0x2D, 0x69, 0x74, 0x61, 0x20, 0x4D, 0x0169, 0x64, 0x75, 0x77, 0x61, 0x72, 0x61));
					break;
				case 161:
					if (count == -1) return String(CharArray::of(0x4C, 0x65, 0x79, 0x75, 0x20, 0x6D, 0x75, 0x64, 0x61, 0x77, 0x69, 0x75));
					if (count == 1) return String(CharArray::of(0x4C, 0x65, 0x79, 0x75, 0x20, 0x6D, 0x75, 0x64, 0x61, 0x77, 0x69, 0x75));
					if (count != 1) return String(CharArray::of(0x4C, 0x65, 0x79, 0x75, 0x2D, 0x69, 0x74, 0x61, 0x20, 0x6D, 0x75, 0x64, 0x61, 0x77, 0x69, 0x75, 0x2D, 0x69, 0x74, 0x61));
					break;
				case 162:
					if (count == -1) return String(CharArray::of(0x41, 0x72, 0x69, 0x79, 0x61, 0x72, 0x69, 0x20, 0x6D, 0x61, 0x75, 0x67, 0x61, 0x78, 0x69));
					if (count == 1) return String(CharArray::of(0x41, 0x72, 0x69, 0x79, 0x61, 0x72, 0x69, 0x20, 0x6D, 0x61, 0x75, 0x67, 0x61, 0x78, 0x69));
					if (count != 1) return String(CharArray::of(0x41, 0x72, 0x69, 0x79, 0x61, 0x72, 0x69, 0x2D, 0x69, 0x74, 0x61, 0x20, 0x6D, 0x61, 0x75, 0x67, 0x61, 0x78, 0x69, 0x2D, 0x69, 0x74, 0x61));
					break;
				case 163:
					if (count == -1) return String(CharArray::of(0x46, 0x61, 0x72, 0xE3, 0x6B, 0x75, 0x20, 0x4D, 0x61, 0x64, 0x61, 0x67, 0x61, 0x73, 0x69, 0x6B, 0x61, 0x77, 0x61, 0x72, 0x61));
					if (count == 1) return String(CharArray::of(0x46, 0x61, 0x72, 0xE3, 0x6B, 0x75, 0x20, 0x4D, 0x61, 0x64, 0x61, 0x67, 0x61, 0x73, 0x69, 0x6B, 0x61, 0x77, 0x61, 0x72, 0x61));
					if (count != 1) return String(CharArray::of(0x46, 0x61, 0x72, 0xE3, 0x6B, 0x75, 0x2D, 0x69, 0x74, 0x61, 0x20, 0x4D, 0x61, 0x64, 0x61, 0x67, 0x61, 0x73, 0x69, 0x6B, 0x61, 0x77, 0x61, 0x72, 0x61));
					break;
				case 164:
					if (count == -1) return String(CharArray::of(0x44, 0x69, 0x6E, 0x61, 0x72, 0x69, 0x20, 0x4D, 0x61, 0x73, 0x65, 0x64, 0x75, 0x6E, 0x69, 0x79, 0x61, 0x77, 0x61, 0x72, 0x61));
					if (count == 1) return String(CharArray::of(0x44, 0x69, 0x6E, 0x61, 0x72, 0x69, 0x20, 0x4D, 0x61, 0x73, 0x65, 0x64, 0x75, 0x6E, 0x69, 0x79, 0x61, 0x77, 0x61, 0x72, 0x61));
					if (count != 1) return String(CharArray::of(0x44, 0x69, 0x6E, 0x61, 0x72, 0x69, 0x2D, 0x69, 0x74, 0x61, 0x20, 0x4D, 0x61, 0x73, 0x65, 0x64, 0x75, 0x6E, 0x69, 0x79, 0x61, 0x77, 0x61, 0x72, 0x61));
					break;
				case 165:
					if (count == -1) return String(CharArray::of(0x44, 0x69, 0x6E, 0x61, 0x72, 0x69, 0x20, 0x4D, 0x61, 0x73, 0x65, 0x64, 0x75, 0x6E, 0x69, 0x79, 0x61, 0x77, 0x61, 0x72, 0x61, 0x20, 0x28, 0x31, 0x39, 0x39, 0x32, 0x2013, 0x31, 0x39, 0x39, 0x33, 0x29));
					if (count == 1) return String(CharArray::of(0x44, 0x69, 0x6E, 0x61, 0x72, 0x69, 0x20, 0x4D, 0x61, 0x73, 0x65, 0x64, 0x75, 0x6E, 0x69, 0x79, 0x61, 0x77, 0x61, 0x72, 0x61, 0x20, 0x28, 0x31, 0x39, 0x39, 0x32, 0x2013, 0x31, 0x39, 0x39, 0x33, 0x29));
					if (count != 1) return String(CharArray::of(0x44, 0x69, 0x6E, 0x61, 0x72, 0x69, 0x2D, 0x69, 0x74, 0x61, 0x20, 0x4D, 0x61, 0x73, 0x65, 0x64, 0x75, 0x6E, 0x69, 0x79, 0x61, 0x77, 0x61, 0x72, 0x61, 0x20, 0x28, 0x31, 0x39, 0x39, 0x32, 0x2013, 0x31, 0x39, 0x39, 0x33, 0x29));
					break;
				case 166:
					if (count == -1) return String(CharArray::of(0x46, 0x61, 0x72, 0xE3, 0x6B, 0x75, 0x20, 0x4D, 0x61, 0x72, 0x69, 0x77, 0x61, 0x72, 0x61));
					if (count == 1) return String(CharArray::of(0x46, 0x61, 0x72, 0xE3, 0x6B, 0x75, 0x20, 0x4D, 0x61, 0x72, 0x69, 0x77, 0x61, 0x72, 0x61));
					if (count != 1) return String(CharArray::of(0x46, 0x61, 0x72, 0xE3, 0x6B, 0x75, 0x2D, 0x69, 0x74, 0x61, 0x20, 0x4D, 0x61, 0x72, 0x69, 0x77, 0x61, 0x72, 0x61));
					break;
				case 167:
					if (count == -1) return String(CharArray::of(0x4B, 0x69, 0x79, 0x61, 0x74, 0x69, 0x20, 0x4D, 0x69, 0x61, 0x79, 0x61, 0x6D, 0x61, 0x77, 0x61, 0x72, 0x61));
					if (count == 1) return String(CharArray::of(0x4B, 0x69, 0x79, 0x61, 0x74, 0x69, 0x20, 0x4D, 0x69, 0x61, 0x79, 0x61, 0x6D, 0x61, 0x77, 0x61, 0x72, 0x61));
					if (count != 1) return String(CharArray::of(0x4B, 0x69, 0x79, 0x61, 0x74, 0x69, 0x2D, 0x69, 0x74, 0x61, 0x20, 0x4D, 0x69, 0x61, 0x79, 0x61, 0x6D, 0x61, 0x77, 0x61, 0x72, 0x61));
					break;
				case 168:
					if (count == -1) return String(CharArray::of(0x54, 0x75, 0x67, 0x69, 0x72, 0x69, 0x6B, 0x69, 0x20, 0x4D, 0x0169, 0x67, 0x75, 0x72, 0x69, 0x79, 0x61, 0x77, 0x61, 0x72, 0x61));
					if (count == 1) return String(CharArray::of(0x54, 0x75, 0x67, 0x69, 0x72, 0x69, 0x6B, 0x69, 0x20, 0x4D, 0x0169, 0x67, 0x75, 0x72, 0x69, 0x79, 0x61, 0x77, 0x61, 0x72, 0x61));
					if (count != 1) return String(CharArray::of(0x54, 0x75, 0x67, 0x69, 0x72, 0x69, 0x6B, 0x69, 0x2D, 0x69, 0x74, 0x61, 0x20, 0x4D, 0x0169, 0x67, 0x75, 0x72, 0x69, 0x79, 0x61, 0x77, 0x61, 0x72, 0x61));
					break;
				case 169:
					if (count == -1) return String(CharArray::of(0x50, 0x61, 0x74, 0x61, 0x6B, 0x61, 0x20, 0x4D, 0x61, 0x6B, 0x61, 0x75, 0x77, 0x61, 0x72, 0x61));
					if (count == 1) return String(CharArray::of(0x50, 0x61, 0x74, 0x61, 0x6B, 0x61, 0x20, 0x4D, 0x61, 0x6B, 0x61, 0x75, 0x77, 0x61, 0x72, 0x61));
					if (count != 1) return String(CharArray::of(0x50, 0x61, 0x74, 0x61, 0x6B, 0x61, 0x2D, 0x69, 0x74, 0x61, 0x20, 0x4D, 0x61, 0x6B, 0x61, 0x75, 0x77, 0x61, 0x72, 0x61));
					break;
				case 170:
					if (count == -1) return String(CharArray::of(0x57, 0x6F, 0x67, 0x69, 0x79, 0x61, 0x20, 0x4D, 0x61, 0x6B, 0x61, 0x75, 0x77, 0x61, 0x72, 0x61, 0x20, 0x28, 0x31, 0x39, 0x37, 0x33, 0x2013, 0x32, 0x30, 0x31, 0x37, 0x29));
					if (count == 1) return String(CharArray::of(0x57, 0x6F, 0x67, 0x69, 0x79, 0x61, 0x20, 0x4D, 0x61, 0x6B, 0x61, 0x75, 0x77, 0x61, 0x72, 0x61, 0x20, 0x28, 0x31, 0x39, 0x37, 0x33, 0x2013, 0x32, 0x30, 0x31, 0x37, 0x29));
					if (count != 1) return String(CharArray::of(0x57, 0x6F, 0x67, 0x69, 0x79, 0x61, 0x2D, 0x69, 0x74, 0x61, 0x20, 0x4D, 0x61, 0x6B, 0x61, 0x75, 0x77, 0x61, 0x72, 0x61, 0x20, 0x28, 0x31, 0x39, 0x37, 0x33, 0x2013, 0x32, 0x30, 0x31, 0x37, 0x29));
					break;
				case 171:
					if (count == -1) return String(CharArray::of(0x57, 0x6F, 0x67, 0x69, 0x79, 0x61, 0x20, 0x4D, 0x61, 0x75, 0x72, 0x69, 0x74, 0x61, 0x6E, 0x69, 0x77, 0x61, 0x72, 0x61));
					if (count == 1) return String(CharArray::of(0x57, 0x6F, 0x67, 0x69, 0x79, 0x61, 0x20, 0x4D, 0x61, 0x75, 0x72, 0x69, 0x74, 0x61, 0x6E, 0x69, 0x77, 0x61, 0x72, 0x61));
					if (count != 1) return String(CharArray::of(0x57, 0x6F, 0x67, 0x69, 0x79, 0x61, 0x2D, 0x69, 0x74, 0x61, 0x20, 0x4D, 0x61, 0x75, 0x72, 0x69, 0x74, 0x61, 0x6E, 0x69, 0x77, 0x61, 0x72, 0x61));
					break;
				case 172:
					if (count == -1) return String(CharArray::of(0x52, 0x69, 0x72, 0x61, 0x20, 0x4D, 0x61, 0x75, 0x74, 0x61, 0x77, 0x61, 0x72, 0x61));
					if (count == 1) return String(CharArray::of(0x52, 0x69, 0x72, 0x61, 0x20, 0x4D, 0x61, 0x75, 0x74, 0x61, 0x77, 0x61, 0x72, 0x61));
					if (count != 1) return String(CharArray::of(0x52, 0x69, 0x72, 0x61, 0x2D, 0x69, 0x74, 0x61, 0x20, 0x4D, 0x61, 0x75, 0x74, 0x61, 0x77, 0x61, 0x72, 0x61));
					break;
				case 173:
					if (count == -1) return String(CharArray::of(0x52, 0x69, 0x62, 0x61, 0x72, 0x61, 0x20, 0x6D, 0x61, 0x75, 0x74, 0x65, 0x73, 0x61));
					if (count == 1) return String(CharArray::of(0x52, 0x69, 0x62, 0x61, 0x72, 0x61, 0x20, 0x6D, 0x61, 0x75, 0x74, 0x65, 0x73, 0x61));
					if (count != 1) return String(CharArray::of(0x52, 0x69, 0x62, 0x61, 0x72, 0x61, 0x2D, 0x69, 0x74, 0x61, 0x20, 0x6D, 0x61, 0x75, 0x74, 0x65, 0x73, 0x61, 0x2D, 0x69, 0x74, 0x61));
					break;
				case 174:
					if (count == -1) return String(CharArray::of(0x52, 0x75, 0x70, 0x69, 0x79, 0x61, 0x20, 0x4D, 0x61, 0x75, 0x72, 0x69, 0x73, 0x69, 0x77, 0x61, 0x72, 0x61));
					if (count == 1) return String(CharArray::of(0x52, 0x75, 0x70, 0x69, 0x79, 0x61, 0x20, 0x4D, 0x61, 0x75, 0x72, 0x69, 0x73, 0x69, 0x77, 0x61, 0x72, 0x61));
					if (count != 1) return String(CharArray::of(0x52, 0x75, 0x70, 0x69, 0x79, 0x61, 0x2D, 0x69, 0x74, 0x61, 0x20, 0x4D, 0x61, 0x75, 0x72, 0x69, 0x73, 0x69, 0x77, 0x61, 0x72, 0x61));
					break;
				case 176:
					if (count == -1) return String(CharArray::of(0x52, 0x75, 0x70, 0x69, 0x79, 0x61, 0x20, 0x4D, 0x61, 0x75, 0x64, 0x69, 0x77, 0x61, 0x77, 0x61, 0x72, 0x61));
					if (count == 1) return String(CharArray::of(0x52, 0x75, 0x70, 0x69, 0x79, 0x61, 0x20, 0x4D, 0x61, 0x75, 0x64, 0x69, 0x77, 0x61, 0x77, 0x61, 0x72, 0x61));
					if (count != 1) return String(CharArray::of(0x52, 0x75, 0x70, 0x69, 0x79, 0x61, 0x2D, 0x69, 0x74, 0x61, 0x20, 0x4D, 0x61, 0x75, 0x64, 0x69, 0x77, 0x61, 0x77, 0x61, 0x72, 0x61));
					break;
				case 177:
					if (count == -1) return String(CharArray::of(0x4B, 0x75, 0x61, 0x78, 0x61, 0x20, 0x4D, 0x61, 0x72, 0x61, 0x77, 0x69, 0x77, 0x61, 0x72, 0x61));
					if (count == 1) return String(CharArray::of(0x4B, 0x75, 0x61, 0x78, 0x61, 0x20, 0x4D, 0x61, 0x72, 0x61, 0x77, 0x69, 0x77, 0x61, 0x72, 0x61));
					if (count != 1) return String(CharArray::of(0x4B, 0x75, 0x61, 0x78, 0x61, 0x2D, 0x69, 0x74, 0x61, 0x20, 0x4D, 0x61, 0x72, 0x61, 0x77, 0x69, 0x77, 0x61, 0x72, 0x61));
					break;
				case 178:
					if (count == -1) return String(CharArray::of(0x50, 0x75, 0x73, 0x65, 0x77, 0x61, 0x20, 0x4D, 0x65, 0x78, 0x69, 0x6B, 0x75, 0x77, 0x61, 0x72, 0x61));
					if (count == 1) return String(CharArray::of(0x50, 0x75, 0x73, 0x65, 0x77, 0x61, 0x20, 0x4D, 0x65, 0x78, 0x69, 0x6B, 0x75, 0x77, 0x61, 0x72, 0x61));
					if (count != 1) return String(CharArray::of(0x50, 0x65, 0x73, 0x75, 0x2D, 0x69, 0x74, 0x61, 0x20, 0x4D, 0x65, 0x78, 0x69, 0x6B, 0x75, 0x77, 0x61, 0x72, 0x61));
					break;
				case 179:
					if (count == -1) return String(CharArray::of(0x50, 0x75, 0x73, 0x65, 0x77, 0x61, 0x20, 0x50, 0x61, 0x72, 0x61, 0x74, 0x61, 0x20, 0x73, 0x75, 0x69, 0x77, 0x61, 0x72, 0x61, 0x20, 0x6D, 0x65, 0x78, 0x69, 0x6B, 0x61, 0x6E, 0x75, 0x20, 0x28, 0x31, 0x38, 0x36, 0x31, 0x2013, 0x31, 0x39, 0x39, 0x32, 0x29));
					if (count == 1) return String(CharArray::of(0x50, 0x75, 0x73, 0x65, 0x77, 0x61, 0x20, 0x50, 0x61, 0x72, 0x61, 0x74, 0x61, 0x20, 0x73, 0x75, 0x69, 0x77, 0x61, 0x72, 0x61, 0x20, 0x6D, 0x65, 0x78, 0x69, 0x6B, 0x61, 0x6E, 0x75, 0x20, 0x28, 0x31, 0x38, 0x36, 0x31, 0x2013, 0x31, 0x39, 0x39, 0x32, 0x29));
					if (count != 1) return String(CharArray::of(0x50, 0x75, 0x73, 0x65, 0x77, 0x61, 0x2D, 0x69, 0x74, 0x61, 0x20, 0x50, 0x61, 0x72, 0x61, 0x74, 0x61, 0x20, 0x73, 0x75, 0x69, 0x77, 0x61, 0x72, 0x61, 0x20, 0x6D, 0x65, 0x78, 0x69, 0x6B, 0x61, 0x6E, 0x75, 0x2D, 0x69, 0x74, 0x61, 0x20, 0x28, 0x31, 0x38, 0x36, 0x31, 0x2013, 0x31, 0x39, 0x39, 0x32, 0x29));
					break;
				case 180:
					if (count == -1) return String(CharArray::of(0x59, 0x65, 0x70, 0x65, 0x73, 0x61, 0x77, 0x61, 0x20, 0x4D, 0x65, 0x78, 0x69, 0x6B, 0x75, 0x77, 0x61, 0x72, 0x61, 0x20, 0x0128, 0x77, 0x65, 0x74, 0x69, 0x72, 0x69, 0x61, 0x72, 0x61, 0x6D, 0x61, 0x20, 0x28, 0x55, 0x44, 0x49, 0x29));
					if (count == 1) return String(CharArray::of(0x55, 0x6E, 0x69, 0x64, 0x61, 0x64, 0x65, 0x20, 0x0128, 0x77, 0x65, 0x73, 0x74, 0x69, 0x72, 0x69, 0x61, 0x72, 0x61, 0x6D, 0x61, 0x20, 0x4D, 0x65, 0x78, 0x69, 0x6B, 0x75, 0x77, 0x61, 0x72, 0x61, 0x20, 0x28, 0x55, 0x44, 0x49, 0x29));
					if (count != 1) return String(CharArray::of(0x55, 0x6E, 0x69, 0x64, 0x61, 0x64, 0x65, 0x2D, 0x69, 0x74, 0x61, 0x20, 0x4D, 0x65, 0x78, 0x69, 0x6B, 0x75, 0x77, 0x61, 0x72, 0x61, 0x20, 0x0128, 0x77, 0x65, 0x73, 0x74, 0x69, 0x72, 0x69, 0x61, 0x72, 0x61, 0x6D, 0x61, 0x2D, 0x69, 0x74, 0x61, 0x20, 0x28, 0x55, 0x44, 0x49, 0x29));
					break;
				case 181:
					if (count == -1) return String(CharArray::of(0x52, 0x0129, 0x67, 0x69, 0x74, 0x69, 0x20, 0x6D, 0x61, 0x6C, 0x61, 0x79, 0x75));
					if (count == 1) return String(CharArray::of(0x52, 0x0129, 0x67, 0x69, 0x74, 0x69, 0x20, 0x6D, 0x61, 0x6C, 0x61, 0x79, 0x75));
					if (count != 1) return String(CharArray::of(0x52, 0x0129, 0x67, 0x69, 0x74, 0x69, 0x2D, 0x69, 0x74, 0x61, 0x20, 0x6D, 0x61, 0x6C, 0x61, 0x79, 0x75, 0x2D, 0x69, 0x74, 0x61));
					break;
				case 182:
					if (count == -1) return String(CharArray::of(0x57, 0x61, 0x72, 0x61, 0x6B, 0x61, 0x70, 0xE1, 0x20, 0x4D, 0x75, 0x73, 0xE3, 0x62, 0x69, 0x6B, 0x69, 0x77, 0x61, 0x72, 0x61));
					if (count == 1) return String(CharArray::of(0x57, 0x61, 0x72, 0x61, 0x6B, 0x61, 0x70, 0xE1, 0x20, 0x4D, 0x75, 0x73, 0xE3, 0x62, 0x69, 0x6B, 0x69, 0x77, 0x61, 0x72, 0x61));
					if (count != 1) return String(CharArray::of(0x57, 0x61, 0x72, 0x61, 0x6B, 0x61, 0x70, 0xE1, 0x2D, 0x69, 0x74, 0x61, 0x20, 0x4D, 0x75, 0x73, 0xE3, 0x62, 0x69, 0x6B, 0x69, 0x77, 0x61, 0x72, 0x61));
					break;
				case 183:
					if (count == -1) return String(CharArray::of(0x4D, 0x65, 0x74, 0x69, 0x6B, 0x61, 0x75, 0x20, 0x4D, 0x75, 0x73, 0xE3, 0x62, 0x69, 0x6B, 0x69, 0x77, 0x61, 0x72, 0x61, 0x20, 0x28, 0x31, 0x39, 0x38, 0x30, 0x2013, 0x32, 0x30, 0x30, 0x36, 0x29));
					if (count != 1) return String(CharArray::of(0x4D, 0x65, 0x74, 0x69, 0x6B, 0x61, 0x75, 0x20, 0x4B, 0x75, 0x78, 0x69, 0xED, 0x6D, 0x61, 0x77, 0x61, 0x72, 0x61, 0x20, 0x4D, 0x75, 0x73, 0xE3, 0x62, 0x69, 0x6B, 0x69, 0x77, 0x61, 0x72, 0x61));
					break;
				case 184:
					if (count == -1) return String(CharArray::of(0x4D, 0x65, 0x74, 0x69, 0x6B, 0x61, 0x75, 0x20, 0x4D, 0x75, 0x73, 0xE3, 0x62, 0x69, 0x6B, 0x69, 0x77, 0x61, 0x72, 0x61));
					if (count == 1) return String(CharArray::of(0x4D, 0x65, 0x74, 0x69, 0x6B, 0x61, 0x75, 0x20, 0x4D, 0x75, 0x73, 0xE3, 0x62, 0x69, 0x6B, 0x69, 0x77, 0x61, 0x72, 0x61));
					if (count != 1) return String(CharArray::of(0x4D, 0x65, 0x74, 0x69, 0x6B, 0x61, 0x75, 0x2D, 0x69, 0x74, 0x61, 0x20, 0x4D, 0x75, 0x73, 0xE3, 0x62, 0x69, 0x6B, 0x69, 0x77, 0x61, 0x72, 0x61));
					break;
				case 185:
					if (count == -1) return String(CharArray::of(0x44, 0xF3, 0x72, 0x61, 0x20, 0x4E, 0x61, 0x6D, 0x69, 0x62, 0x69, 0x79, 0x61, 0x77, 0x61, 0x72, 0x61));
					if (count == 1) return String(CharArray::of(0x44, 0xF3, 0x72, 0x61, 0x20, 0x4E, 0x61, 0x6D, 0x69, 0x62, 0x69, 0x79, 0x61, 0x77, 0x61, 0x72, 0x61));
					if (count != 1) return String(CharArray::of(0x44, 0xF3, 0x72, 0x61, 0x2D, 0x69, 0x74, 0x61, 0x20, 0x4E, 0x61, 0x6D, 0x69, 0x62, 0x69, 0x79, 0x61, 0x77, 0x61, 0x72, 0x61));
					break;
				case 186:
					if (count == -1) return String(CharArray::of(0x4E, 0x61, 0x69, 0x72, 0x61, 0x20, 0x4E, 0x69, 0x67, 0x65, 0x72, 0x69, 0x79, 0x61, 0x77, 0x61, 0x72, 0x61));
					if (count == 1) return String(CharArray::of(0x4E, 0x61, 0x69, 0x72, 0x61, 0x20, 0x4E, 0x69, 0x67, 0x65, 0x72, 0x69, 0x79, 0x61, 0x77, 0x61, 0x72, 0x61));
					if (count != 1) return String(CharArray::of(0x4E, 0x61, 0x69, 0x72, 0x61, 0x2D, 0x69, 0x74, 0x61, 0x20, 0x4E, 0x69, 0x67, 0x65, 0x72, 0x69, 0x79, 0x61, 0x77, 0x61, 0x72, 0x61));
					break;
				case 187:
					if (count == -1) return String(CharArray::of(0x4B, 0x6F, 0x64, 0x75, 0x62, 0x61, 0x20, 0x4E, 0x69, 0x6B, 0x61, 0x72, 0x61, 0x67, 0x75, 0x77, 0x61, 0x72, 0x61, 0x20, 0x28, 0x31, 0x39, 0x38, 0x38, 0x2013, 0x31, 0x39, 0x39, 0x31, 0x29));
					if (count == 1) return String(CharArray::of(0x4B, 0x6F, 0x64, 0x75, 0x62, 0x61, 0x20, 0x4E, 0x69, 0x6B, 0x61, 0x72, 0x61, 0x67, 0x75, 0x77, 0x61, 0x72, 0x61, 0x20, 0x28, 0x31, 0x39, 0x38, 0x38, 0x2013, 0x31, 0x39, 0x39, 0x31, 0x29));
					if (count != 1) return String(CharArray::of(0x4B, 0x6F, 0x64, 0x75, 0x62, 0x61, 0x2D, 0x69, 0x74, 0x61, 0x20, 0x4E, 0x69, 0x6B, 0x61, 0x72, 0x61, 0x67, 0x75, 0x77, 0x61, 0x72, 0x61, 0x20, 0x28, 0x31, 0x39, 0x38, 0x38, 0x2013, 0x31, 0x39, 0x39, 0x31, 0x29));
					break;
				case 188:
					if (count == -1) return String(CharArray::of(0x4B, 0x6F, 0x64, 0x75, 0x62, 0x61, 0x20, 0x4E, 0x69, 0x6B, 0x61, 0x72, 0x61, 0x67, 0x75, 0x77, 0x61, 0x72, 0x61));
					if (count == 1) return String(CharArray::of(0x4B, 0x6F, 0x64, 0x75, 0x62, 0x61, 0x20, 0x4E, 0x69, 0x6B, 0x61, 0x72, 0x61, 0x67, 0x75, 0x77, 0x61, 0x72, 0x61));
					if (count != 1) return String(CharArray::of(0x4B, 0x6F, 0x64, 0x75, 0x62, 0x61, 0x2D, 0x69, 0x74, 0x61, 0x20, 0x4E, 0x69, 0x6B, 0x61, 0x72, 0x61, 0x67, 0x75, 0x77, 0x61, 0x72, 0x61));
					break;
				case 189:
					if (count == -1) return String(CharArray::of(0x46, 0x75, 0x6C, 0x75, 0x72, 0x0129, 0x20, 0x48, 0x75, 0x72, 0xE3, 0x64, 0x61, 0x77, 0x61, 0x72, 0x61));
					if (count == 1) return String(CharArray::of(0x46, 0x75, 0x6C, 0x75, 0x72, 0x0129, 0x20, 0x48, 0x75, 0x72, 0xE3, 0x64, 0x61, 0x77, 0x61, 0x72, 0x61));
					if (count != 1) return String(CharArray::of(0x46, 0x75, 0x6C, 0x75, 0x72, 0x0129, 0x2D, 0x69, 0x74, 0x61, 0x20, 0x48, 0x75, 0x72, 0xE3, 0x64, 0x61, 0x77, 0x61, 0x72, 0x61));
					break;
				case 190:
					if (count == -1) return String(CharArray::of(0x4B, 0x75, 0x72, 0x75, 0x77, 0x61, 0x20, 0x4E, 0x75, 0x72, 0x75, 0x77, 0x65, 0x67, 0x61, 0x77, 0x61, 0x72, 0x61));
					if (count == 1) return String(CharArray::of(0x4B, 0x75, 0x72, 0x75, 0x77, 0x61, 0x20, 0x4E, 0x75, 0x72, 0x75, 0x77, 0x65, 0x67, 0x61, 0x77, 0x61, 0x72, 0x61));
					if (count != 1) return String(CharArray::of(0x4B, 0x75, 0x72, 0x75, 0x77, 0x61, 0x2D, 0x69, 0x74, 0x61, 0x20, 0x4E, 0x75, 0x72, 0x75, 0x77, 0x65, 0x67, 0x61, 0x77, 0x61, 0x72, 0x61));
					break;
				case 191:
					if (count == -1) return String(CharArray::of(0x52, 0x75, 0x70, 0x69, 0x79, 0x61, 0x20, 0x4E, 0x65, 0x70, 0x61, 0x75, 0x77, 0x61, 0x72, 0x61));
					if (count == 1) return String(CharArray::of(0x52, 0x75, 0x70, 0x69, 0x79, 0x61, 0x20, 0x6E, 0x4E, 0x70, 0x61, 0x75, 0x77, 0x61, 0x72, 0x61));
					if (count != 1) return String(CharArray::of(0x52, 0x75, 0x70, 0x69, 0x79, 0x61, 0x2D, 0x69, 0x74, 0x61, 0x20, 0x4E, 0x65, 0x70, 0x61, 0x75, 0x77, 0x61, 0x72, 0x61));
					break;
				case 192:
					if (count == -1) return String(CharArray::of(0x44, 0xF3, 0x72, 0x61, 0x20, 0x6E, 0x65, 0x75, 0x73, 0x65, 0x72, 0xE3, 0x64, 0x65, 0x77, 0x61));
					if (count == 1) return String(CharArray::of(0x44, 0xF3, 0x72, 0x61, 0x20, 0x6E, 0x65, 0x75, 0x73, 0x65, 0x72, 0xE3, 0x64, 0x65, 0x77, 0x61));
					if (count != 1) return String(CharArray::of(0x44, 0xF3, 0x72, 0x61, 0x2D, 0x69, 0x74, 0x61, 0x20, 0x6E, 0x65, 0x75, 0x73, 0x65, 0x72, 0xE3, 0x64, 0x65, 0x77, 0x61, 0x2D, 0x69, 0x74, 0x61));
					break;
				case 193:
					if (count == -1) return String(CharArray::of(0x52, 0x69, 0x79, 0x61, 0x75, 0x20, 0x55, 0x6D, 0xE3, 0x77, 0x61, 0x72, 0x61));
					if (count == 1) return String(CharArray::of(0x52, 0x69, 0x79, 0x61, 0x75, 0x20, 0x55, 0x6D, 0xE3, 0x77, 0x61, 0x72, 0x61));
					if (count != 1) return String(CharArray::of(0x52, 0x69, 0x79, 0x61, 0x75, 0x2D, 0x69, 0x74, 0x61, 0x20, 0x55, 0x6D, 0xE3, 0x77, 0x61, 0x72, 0x61));
					break;
				case 194:
					if (count == -1) return String(CharArray::of(0x42, 0x61, 0x75, 0x62, 0x6F, 0x77, 0x61, 0x20, 0x50, 0x61, 0x6E, 0x61, 0x6D, 0x61, 0x77, 0x61, 0x72, 0x61));
					if (count == 1) return String(CharArray::of(0x42, 0x61, 0x75, 0x62, 0x6F, 0x77, 0x61, 0x20, 0x50, 0x61, 0x6E, 0x61, 0x6D, 0x61, 0x77, 0x61, 0x72, 0x61));
					if (count != 1) return String(CharArray::of(0x42, 0x61, 0x75, 0x62, 0x6F, 0x77, 0x61, 0x2D, 0x69, 0x74, 0x61, 0x20, 0x50, 0x61, 0x6E, 0x61, 0x6D, 0x61, 0x77, 0x61, 0x72, 0x61));
					break;
				case 195:
					if (count == -1) return String(CharArray::of(0x0128, 0x74, 0x69, 0x20, 0x50, 0x65, 0x72, 0x75, 0x77, 0x61, 0x72, 0x61));
					if (count == 1) return String(CharArray::of(0x0128, 0x74, 0x69, 0x20, 0x50, 0x65, 0x72, 0x75, 0x77, 0x61, 0x72, 0x61));
					if (count != 1) return String(CharArray::of(0x0128, 0x74, 0x69, 0x2D, 0x69, 0x74, 0x61, 0x20, 0x50, 0x65, 0x72, 0x75, 0x77, 0x61, 0x72, 0x61));
					break;
				case 196:
					if (count == -1) return String(CharArray::of(0x50, 0x69, 0x73, 0x61, 0x73, 0x75, 0x77, 0x61, 0x20, 0x4B, 0x75, 0x72, 0x61, 0x73, 0xED, 0x20, 0x50, 0x65, 0x72, 0x75, 0x77, 0x61, 0x72, 0x61));
					if (count == 1) return String(CharArray::of(0x50, 0x69, 0x73, 0x61, 0x73, 0x75, 0x77, 0x61, 0x20, 0x4B, 0x75, 0x72, 0x61, 0x73, 0xED, 0x20, 0x50, 0x65, 0x72, 0x75, 0x77, 0x61, 0x72, 0x61));
					if (count != 1) return String(CharArray::of(0x50, 0x69, 0x73, 0x61, 0x73, 0x75, 0x77, 0x61, 0x20, 0x4B, 0x75, 0x72, 0x61, 0x73, 0xED, 0x2D, 0x69, 0x74, 0x61, 0x20, 0x50, 0x65, 0x72, 0x75, 0x77, 0x61, 0x72, 0x61));
					break;
				case 197:
					if (count == -1) return String(CharArray::of(0x4B, 0x75, 0x72, 0x61, 0x73, 0xED, 0x20, 0x50, 0x65, 0x72, 0x75, 0x77, 0x61, 0x72, 0x61, 0x20, 0x28, 0x31, 0x38, 0x36, 0x33, 0x2013, 0x31, 0x39, 0x36, 0x35, 0x29));
					if (count == 1) return String(CharArray::of(0x4B, 0x75, 0x72, 0x61, 0x73, 0xED, 0x20, 0x50, 0x65, 0x72, 0x75, 0x77, 0x61, 0x72, 0x61, 0x20, 0x28, 0x31, 0x38, 0x36, 0x33, 0x2013, 0x31, 0x39, 0x36, 0x35, 0x29));
					if (count != 1) return String(CharArray::of(0x4B, 0x75, 0x72, 0x61, 0x73, 0xED, 0x2D, 0x69, 0x74, 0x61, 0x20, 0x50, 0x65, 0x72, 0x75, 0x77, 0x61, 0x72, 0x61, 0x20, 0x28, 0x31, 0x38, 0x36, 0x33, 0x2013, 0x31, 0x39, 0x36, 0x35, 0x29));
					break;
				case 198:
					if (count == -1) return String(CharArray::of(0x4B, 0x69, 0x6E, 0x61, 0x20, 0x50, 0x61, 0x70, 0x75, 0x77, 0x61, 0x72, 0x61));
					if (count == 1) return String(CharArray::of(0x4B, 0x69, 0x6E, 0x61, 0x20, 0x50, 0x61, 0x70, 0x75, 0x77, 0x61, 0x72, 0x61));
					if (count != 1) return String(CharArray::of(0x4B, 0x69, 0x6E, 0x61, 0x2D, 0x69, 0x74, 0x61, 0x20, 0x50, 0x61, 0x70, 0x75, 0x77, 0x61, 0x72, 0x61));
					break;
				case 199:
					if (count == -1) return String(CharArray::of(0x50, 0x75, 0x73, 0x65, 0x77, 0x61, 0x20, 0x46, 0x69, 0x72, 0x69, 0x70, 0x69, 0x6E, 0x61, 0x77, 0x61, 0x72, 0x61));
					if (count == 1) return String(CharArray::of(0x50, 0x75, 0x73, 0x65, 0x77, 0x61, 0x20, 0x46, 0x69, 0x72, 0x69, 0x70, 0x69, 0x6E, 0x61, 0x77, 0x61, 0x72, 0x61));
					if (count != 1) return String(CharArray::of(0x50, 0x75, 0x73, 0x65, 0x77, 0x61, 0x2D, 0x69, 0x74, 0x61, 0x20, 0x46, 0x69, 0x72, 0x69, 0x70, 0x69, 0x6E, 0x61, 0x77, 0x61, 0x72, 0x61));
					break;
				case 200:
					if (count == -1) return String(CharArray::of(0x52, 0x75, 0x70, 0x69, 0x79, 0x61, 0x20, 0x50, 0x61, 0x6B, 0x69, 0x72, 0x65, 0x74, 0xE3, 0x77, 0x61, 0x72, 0x61));
					if (count == 1) return String(CharArray::of(0x52, 0x75, 0x70, 0x69, 0x79, 0x61, 0x20, 0x50, 0x61, 0x6B, 0x69, 0x72, 0x65, 0x74, 0xE3, 0x77, 0x61, 0x72, 0x61));
					if (count != 1) return String(CharArray::of(0x52, 0x75, 0x70, 0x69, 0x79, 0x61, 0x2D, 0x69, 0x74, 0x61, 0x20, 0x50, 0x61, 0x6B, 0x69, 0x72, 0x65, 0x74, 0xE3, 0x77, 0x61, 0x72, 0x61));
					break;
				case 201:
					if (count == -1) return String(CharArray::of(0x5A, 0x69, 0x72, 0x6F, 0x74, 0x69, 0x20, 0x50, 0x75, 0x72, 0x75, 0x6E, 0x69, 0x79, 0x61, 0x77, 0x61, 0x72, 0x61));
					if (count == 1) return String(CharArray::of(0x5A, 0x69, 0x72, 0x6F, 0x74, 0x69, 0x20, 0x50, 0x75, 0x72, 0x75, 0x6E, 0x69, 0x79, 0x61, 0x77, 0x61, 0x72, 0x61));
					if (count != 1) return String(CharArray::of(0x5A, 0x69, 0x72, 0x6F, 0x74, 0x69, 0x2D, 0x69, 0x74, 0x61, 0x20, 0x50, 0x75, 0x72, 0x75, 0x6E, 0x69, 0x79, 0x61, 0x77, 0x61, 0x72, 0x61));
					break;
				case 202:
					if (count == -1) return String(CharArray::of(0x5A, 0x69, 0x72, 0x6F, 0x74, 0x69, 0x20, 0x50, 0x75, 0x72, 0x75, 0x6E, 0x69, 0x79, 0x61, 0x77, 0x61, 0x72, 0x61, 0x20, 0x28, 0x31, 0x39, 0x35, 0x30, 0x2013, 0x31, 0x39, 0x39, 0x35, 0x29));
					if (count == 1) return String(CharArray::of(0x5A, 0x69, 0x72, 0x6F, 0x74, 0x69, 0x20, 0x50, 0x75, 0x72, 0x75, 0x6E, 0x69, 0x79, 0x61, 0x77, 0x61, 0x72, 0x61, 0x20, 0x28, 0x31, 0x39, 0x35, 0x30, 0x2013, 0x31, 0x39, 0x39, 0x35, 0x29));
					if (count != 1) return String(CharArray::of(0x5A, 0x69, 0x72, 0x6F, 0x74, 0x69, 0x2D, 0x69, 0x74, 0x61, 0x20, 0x50, 0x75, 0x72, 0x75, 0x6E, 0x69, 0x79, 0x61, 0x77, 0x61, 0x72, 0x61, 0x20, 0x28, 0x31, 0x39, 0x35, 0x30, 0x2013, 0x31, 0x39, 0x39, 0x35, 0x29));
					break;
				case 203:
					if (count == -1) return String(CharArray::of(0x57, 0x61, 0x72, 0x61, 0x6B, 0x61, 0x70, 0xE1, 0x20, 0x50, 0x75, 0x72, 0x75, 0x74, 0x75, 0x67, 0x61, 0x77, 0x61, 0x72, 0x61));
					if (count == 1) return String(CharArray::of(0x57, 0x61, 0x72, 0x61, 0x6B, 0x61, 0x70, 0xE1, 0x20, 0x50, 0x75, 0x72, 0x75, 0x74, 0x75, 0x67, 0x61, 0x77, 0x61, 0x72, 0x61));
					if (count != 1) return String(CharArray::of(0x57, 0x61, 0x72, 0x61, 0x6B, 0x61, 0x70, 0xE1, 0x2D, 0x69, 0x74, 0x61, 0x20, 0x50, 0x75, 0x72, 0x75, 0x74, 0x75, 0x67, 0x61, 0x77, 0x61, 0x72, 0x61));
					break;
				case 204:
					if (count == -1) return String(CharArray::of(0x47, 0x75, 0x77, 0x61, 0x72, 0x61, 0x6E, 0x69, 0x20, 0x50, 0x61, 0x72, 0x61, 0x67, 0x75, 0x77, 0x61, 0x69, 0x77, 0x61, 0x72, 0x61));
					if (count == 1) return String(CharArray::of(0x47, 0x75, 0x77, 0x61, 0x72, 0x61, 0x6E, 0x69, 0x20, 0x50, 0x61, 0x72, 0x61, 0x67, 0x75, 0x77, 0x61, 0x69, 0x77, 0x61, 0x72, 0x61));
					if (count != 1) return String(CharArray::of(0x47, 0x75, 0x77, 0x61, 0x72, 0x61, 0x6E, 0x69, 0x2D, 0x69, 0x74, 0x61, 0x20, 0x50, 0x61, 0x72, 0x61, 0x67, 0x75, 0x77, 0x61, 0x69, 0x77, 0x61, 0x72, 0x61));
					break;
				case 205:
					if (count == -1) return String(CharArray::of(0x52, 0x69, 0x79, 0x61, 0x75, 0x20, 0x4B, 0x61, 0x74, 0x61, 0x77, 0x61, 0x72, 0x61));
					if (count == 1) return String(CharArray::of(0x52, 0x69, 0x79, 0x61, 0x75, 0x20, 0x4B, 0x61, 0x74, 0x61, 0x77, 0x61, 0x72, 0x61));
					if (count != 1) return String(CharArray::of(0x52, 0x69, 0x79, 0x61, 0x75, 0x2D, 0x69, 0x74, 0x61, 0x20, 0x4B, 0x61, 0x74, 0x61, 0x77, 0x61, 0x72, 0x61));
					break;
				case 206:
					if (count == -1) return String(CharArray::of(0x44, 0xF3, 0x72, 0x61, 0x20, 0x52, 0x75, 0x64, 0x65, 0x73, 0x69, 0x79, 0x61, 0x77, 0x61, 0x72, 0x61));
					if (count == 1) return String(CharArray::of(0x44, 0xF3, 0x72, 0x61, 0x20, 0x52, 0x75, 0x64, 0x65, 0x73, 0x69, 0x79, 0x61, 0x77, 0x61, 0x72, 0x61));
					if (count != 1) return String(CharArray::of(0x44, 0xF3, 0x72, 0x61, 0x2D, 0x69, 0x74, 0x61, 0x20, 0x52, 0x75, 0x64, 0x65, 0x73, 0x69, 0x79, 0x61, 0x77, 0x61, 0x72, 0x61));
					break;
				case 207:
					if (count == -1) return String(CharArray::of(0x4C, 0x65, 0x75, 0x20, 0x52, 0x75, 0x6D, 0x65, 0x6E, 0x69, 0x79, 0x61, 0x77, 0x61, 0x72, 0x61, 0x20, 0x28, 0x31, 0x39, 0x35, 0x32, 0x2013, 0x32, 0x30, 0x30, 0x36, 0x29));
					if (count == 1) return String(CharArray::of(0x4C, 0x65, 0x75, 0x20, 0x4B, 0x75, 0x78, 0x69, 0xED, 0x6D, 0x61, 0x77, 0x61, 0x72, 0x61, 0x20, 0x52, 0x75, 0x6D, 0x65, 0x6E, 0x69, 0x79, 0x61, 0x77, 0x61, 0x72, 0x61));
					if (count != 1) return String(CharArray::of(0x4C, 0x65, 0x75, 0x20, 0x4B, 0x75, 0x78, 0x69, 0xED, 0x6D, 0x61, 0x77, 0x61, 0x72, 0x61, 0x2D, 0x69, 0x74, 0x61, 0x20, 0x52, 0x75, 0x6D, 0x65, 0x6E, 0x69, 0x79, 0x61, 0x77, 0x61, 0x72, 0x61));
					break;
				case 208:
					if (count == -1) return String(CharArray::of(0x4C, 0x65, 0x75, 0x20, 0x52, 0x75, 0x6D, 0x65, 0x6E, 0x69, 0x79, 0x61, 0x77, 0x61, 0x72, 0x61));
					if (count == 1) return String(CharArray::of(0x4C, 0x65, 0x75, 0x20, 0x52, 0x75, 0x6D, 0x65, 0x6E, 0x69, 0x79, 0x61, 0x77, 0x61, 0x72, 0x61));
					if (count != 1) return String(CharArray::of(0x4C, 0x65, 0x75, 0x2D, 0x69, 0x74, 0x61, 0x20, 0x52, 0x75, 0x6D, 0x65, 0x6E, 0x69, 0x79, 0x61, 0x77, 0x61, 0x72, 0x61));
					break;
				case 209:
					if (count == -1) return String(CharArray::of(0x44, 0x69, 0x6E, 0x61, 0x72, 0x69, 0x20, 0x53, 0x65, 0x77, 0x69, 0x79, 0x61, 0x77, 0x61, 0x72, 0x61));
					if (count == 1) return String(CharArray::of(0x44, 0x69, 0x6E, 0x61, 0x72, 0x69, 0x20, 0x53, 0x65, 0x77, 0x69, 0x79, 0x61, 0x77, 0x61, 0x72, 0x61));
					if (count != 1) return String(CharArray::of(0x44, 0x69, 0x6E, 0x61, 0x72, 0x69, 0x2D, 0x69, 0x74, 0x61, 0x20, 0x53, 0x65, 0x77, 0x69, 0x79, 0x61, 0x77, 0x61, 0x72, 0x61));
					break;
				case 210:
					if (count == -1) return String(CharArray::of(0x52, 0x75, 0x62, 0x75, 0x72, 0x75, 0x20, 0x52, 0x75, 0x73, 0x69, 0x79, 0x61, 0x77, 0x61, 0x72, 0x61));
					if (count == 1) return String(CharArray::of(0x52, 0x75, 0x62, 0x75, 0x72, 0x75, 0x20, 0x52, 0x75, 0x73, 0x69, 0x79, 0x61, 0x77, 0x61, 0x72, 0x61));
					if (count != 1) return String(CharArray::of(0x52, 0x75, 0x62, 0x75, 0x72, 0x75, 0x2D, 0x69, 0x74, 0x61, 0x20, 0x52, 0x75, 0x73, 0x69, 0x79, 0x61, 0x77, 0x61, 0x72, 0x61));
					break;
				case 211:
					if (count == -1) return String(CharArray::of(0x52, 0x75, 0x62, 0x75, 0x72, 0x75, 0x20, 0x52, 0x75, 0x73, 0x69, 0x79, 0x61, 0x77, 0x61, 0x72, 0x61, 0x20, 0x28, 0x31, 0x39, 0x39, 0x31, 0x2013, 0x31, 0x39, 0x39, 0x38, 0x29));
					if (count == 1) return String(CharArray::of(0x52, 0x75, 0x62, 0x75, 0x72, 0x75, 0x20, 0x52, 0x75, 0x73, 0x69, 0x79, 0x61, 0x77, 0x61, 0x72, 0x61, 0x20, 0x28, 0x31, 0x39, 0x39, 0x31, 0x2013, 0x31, 0x39, 0x39, 0x38, 0x29));
					if (count != 1) return String(CharArray::of(0x52, 0x75, 0x62, 0x75, 0x72, 0x75, 0x2D, 0x69, 0x74, 0x61, 0x20, 0x52, 0x75, 0x73, 0x69, 0x79, 0x61, 0x77, 0x61, 0x72, 0x61, 0x20, 0x28, 0x31, 0x39, 0x39, 0x31, 0x2013, 0x31, 0x39, 0x39, 0x38, 0x29));
					break;
				case 212:
					if (count == -1) return String(CharArray::of(0x46, 0x61, 0x72, 0xE3, 0x6B, 0x75, 0x20, 0x52, 0x75, 0xE3, 0x64, 0x61, 0x77, 0x61, 0x72, 0x61));
					if (count == 1) return String(CharArray::of(0x46, 0x61, 0x72, 0xE3, 0x6B, 0x75, 0x20, 0x52, 0x75, 0xE3, 0x64, 0x61, 0x77, 0x61, 0x72, 0x61));
					if (count != 1) return String(CharArray::of(0x46, 0x61, 0x72, 0xE3, 0x6B, 0x75, 0x2D, 0x69, 0x74, 0x61, 0x20, 0x52, 0x75, 0xE3, 0x64, 0x61, 0x77, 0x61, 0x72, 0x61));
					break;
				case 213:
					if (count == -1) return String(CharArray::of(0x52, 0x69, 0x79, 0x61, 0x75, 0x20, 0x53, 0x61, 0x75, 0x64, 0x69, 0x74, 0x61, 0x77, 0x61, 0x72, 0x61));
					if (count == 1) return String(CharArray::of(0x52, 0x69, 0x79, 0x61, 0x75, 0x20, 0x53, 0x61, 0x75, 0x64, 0x69, 0x74, 0x61, 0x77, 0x61, 0x72, 0x61));
					if (count != 1) return String(CharArray::of(0x52, 0x69, 0x79, 0x61, 0x75, 0x2D, 0x69, 0x74, 0x61, 0x20, 0x53, 0x61, 0x75, 0x64, 0x69, 0x74, 0x61, 0x77, 0x61, 0x72, 0x61));
					break;
				case 214:
					if (count == -1) return String(CharArray::of(0x44, 0xF3, 0x72, 0x61, 0x20, 0x4B, 0x61, 0x70, 0x75, 0xE3, 0x6D, 0x61, 0x2D, 0x69, 0x74, 0x61, 0x20, 0x53, 0x61, 0x72, 0x75, 0x6D, 0x0169, 0x20, 0x79, 0x61, 0x72, 0x61));
					if (count == 1) return String(CharArray::of(0x44, 0xF3, 0x72, 0x61, 0x20, 0x4B, 0x61, 0x70, 0x75, 0xE3, 0x6D, 0x61, 0x2D, 0x69, 0x74, 0x61, 0x20, 0x53, 0x61, 0x72, 0x75, 0x6D, 0x0169, 0x20, 0x79, 0x61, 0x72, 0x61));
					if (count != 1) return String(CharArray::of(0x44, 0xF3, 0x72, 0x61, 0x2D, 0x69, 0x74, 0x61, 0x20, 0x4B, 0x61, 0x70, 0x75, 0xE3, 0x6D, 0x61, 0x2D, 0x69, 0x74, 0x61, 0x20, 0x53, 0x61, 0x72, 0x75, 0x6D, 0x0169, 0x20, 0x79, 0x61, 0x72, 0x61));
					break;
				case 215:
					if (count == -1) return String(CharArray::of(0x52, 0x75, 0x70, 0x69, 0x79, 0x61, 0x20, 0x53, 0x65, 0x69, 0x78, 0x65, 0x72, 0x69, 0x77, 0x61, 0x72, 0x61));
					if (count == 1) return String(CharArray::of(0x52, 0x75, 0x70, 0x69, 0x79, 0x61, 0x20, 0x53, 0x65, 0x69, 0x78, 0x65, 0x72, 0x69, 0x77, 0x61, 0x72, 0x61));
					if (count != 1) return String(CharArray::of(0x52, 0x75, 0x70, 0x69, 0x79, 0x61, 0x2D, 0x69, 0x74, 0x61, 0x20, 0x53, 0x65, 0x69, 0x78, 0x65, 0x72, 0x69, 0x77, 0x61, 0x72, 0x61));
					break;
				case 216:
					if (count == -1) return String(CharArray::of(0x44, 0x69, 0x6E, 0x61, 0x72, 0x69, 0x20, 0x53, 0x75, 0x64, 0x61, 0x77, 0x61, 0x72, 0x61, 0x20, 0x28, 0x31, 0x39, 0x39, 0x32, 0x2013, 0x32, 0x30, 0x30, 0x37, 0x29));
					if (count != 1) return String(CharArray::of(0x44, 0x69, 0x6E, 0x61, 0x72, 0x69, 0x20, 0x4B, 0x75, 0x78, 0x69, 0xED, 0x6D, 0x61, 0x77, 0x61, 0x72, 0x61, 0x20, 0x53, 0x75, 0x64, 0x61, 0x77, 0x61, 0x72, 0x61));
					break;
				case 217:
					if (count == -1) return String(CharArray::of(0x52, 0x69, 0x62, 0x61, 0x72, 0x61, 0x20, 0x53, 0x75, 0x64, 0x61, 0x77, 0x61, 0x72, 0x61));
					if (count == 1) return String(CharArray::of(0x52, 0x69, 0x62, 0x61, 0x72, 0x61, 0x20, 0x53, 0x75, 0x64, 0x61, 0x77, 0x61, 0x72, 0x61));
					if (count != 1) return String(CharArray::of(0x52, 0x69, 0x62, 0x61, 0x72, 0x61, 0x2D, 0x69, 0x74, 0x61, 0x20, 0x53, 0x75, 0x64, 0x61, 0x77, 0x61, 0x72, 0x61));
					break;
				case 218:
					if (count == -1) return String(CharArray::of(0x52, 0x69, 0x62, 0x61, 0x72, 0x61, 0x20, 0x53, 0x75, 0x64, 0x61, 0x77, 0x61, 0x72, 0x61, 0x20, 0x28, 0x31, 0x39, 0x35, 0x37, 0x2013, 0x31, 0x39, 0x39, 0x38, 0x29));
					if (count == 1) return String(CharArray::of(0x52, 0x69, 0x62, 0x61, 0x72, 0x61, 0x20, 0x4B, 0x75, 0x78, 0x69, 0xED, 0x6D, 0x61, 0x77, 0x61, 0x72, 0x61, 0x20, 0x53, 0x75, 0x64, 0x61, 0x0169, 0x77, 0x61, 0x72, 0x61));
					if (count != 1) return String(CharArray::of(0x52, 0x69, 0x62, 0x61, 0x72, 0x61, 0x20, 0x4B, 0x75, 0x78, 0x69, 0xED, 0x6D, 0x61, 0x77, 0x61, 0x72, 0x61, 0x2D, 0x69, 0x74, 0x61, 0x20, 0x53, 0x75, 0x64, 0x61, 0x0169, 0x77, 0x61, 0x72, 0x61));
					break;
				case 219:
					if (count == -1) return String(CharArray::of(0x4B, 0x75, 0x72, 0x75, 0x77, 0x61, 0x20, 0x53, 0x75, 0x77, 0xE9, 0x73, 0x69, 0x79, 0x61, 0x77, 0x61, 0x72, 0x61));
					if (count == 1) return String(CharArray::of(0x4B, 0x75, 0x72, 0x75, 0x77, 0x61, 0x20, 0x53, 0x75, 0x77, 0xE9, 0x73, 0x69, 0x79, 0x61, 0x77, 0x61, 0x72, 0x61));
					if (count != 1) return String(CharArray::of(0x4B, 0x75, 0x72, 0x75, 0x77, 0x61, 0x2D, 0x69, 0x74, 0x61, 0x20, 0x53, 0x75, 0x77, 0xE9, 0x73, 0x69, 0x79, 0x61, 0x77, 0x61, 0x72, 0x61));
					break;
				case 220:
					if (count == -1) return String(CharArray::of(0x44, 0xF3, 0x72, 0x61, 0x20, 0x53, 0x0129, 0x67, 0x61, 0x70, 0x75, 0x72, 0x61, 0x77, 0x61, 0x72, 0x61));
					if (count == 1) return String(CharArray::of(0x44, 0xF3, 0x72, 0x61, 0x20, 0x53, 0x0129, 0x67, 0x61, 0x70, 0x75, 0x72, 0x61, 0x77, 0x61, 0x72, 0x61));
					if (count != 1) return String(CharArray::of(0x44, 0xF3, 0x72, 0x61, 0x2D, 0x69, 0x74, 0x61, 0x20, 0x53, 0x0129, 0x67, 0x61, 0x70, 0x75, 0x72, 0x61, 0x77, 0x61, 0x72, 0x61));
					break;
				case 221:
					if (count == -1) return String(CharArray::of(0x52, 0x69, 0x62, 0x61, 0x72, 0x61, 0x20, 0x53, 0xE3, 0x74, 0x61, 0x20, 0x48, 0x65, 0x72, 0x65, 0x6E, 0x61, 0x20, 0x79, 0x61, 0x72, 0x61));
					if (count == 1) return String(CharArray::of(0x52, 0x69, 0x62, 0x61, 0x72, 0x61, 0x20, 0x53, 0xE3, 0x74, 0x61, 0x20, 0x48, 0x65, 0x72, 0x65, 0x6E, 0x61, 0x20, 0x79, 0x61, 0x72, 0x61));
					if (count != 1) return String(CharArray::of(0x52, 0x69, 0x62, 0x61, 0x72, 0x61, 0x2D, 0x69, 0x74, 0x61, 0x20, 0x53, 0xE3, 0x74, 0x61, 0x20, 0x48, 0x65, 0x72, 0x65, 0x6E, 0x61, 0x20, 0x79, 0x61, 0x72, 0x61));
					break;
				case 222:
					if (count == -1) return String(CharArray::of(0x54, 0x6F, 0x72, 0x61, 0x20, 0x4B, 0x61, 0x74, 0x75, 0x77, 0x61, 0x20, 0x45, 0x73, 0x69, 0x72, 0x75, 0x77, 0x65, 0x6E, 0x69, 0x79, 0x61, 0x77, 0x61, 0x72, 0x61));
					if (count == 1) return String(CharArray::of(0x54, 0x6F, 0x72, 0x61, 0x20, 0x45, 0x73, 0x69, 0x72, 0x75, 0x77, 0x65, 0x6E, 0x69, 0x79, 0x61, 0x77, 0x61, 0x72, 0x61));
					if (count != 1) return String(CharArray::of(0x54, 0x6F, 0x72, 0x61, 0x2D, 0x69, 0x74, 0x61, 0x20, 0x45, 0x73, 0x69, 0x72, 0x75, 0x77, 0x65, 0x6E, 0x69, 0x79, 0x61, 0x77, 0x61, 0x72, 0x61));
					break;
				case 223:
					if (count == -1) return String(CharArray::of(0x4B, 0x75, 0x72, 0x75, 0x77, 0x61, 0x20, 0x45, 0x73, 0x69, 0x72, 0x6F, 0x77, 0x61, 0x6B, 0x61));
					if (count == 1) return String(CharArray::of(0x4B, 0x75, 0x72, 0x75, 0x77, 0x61, 0x20, 0x45, 0x73, 0x69, 0x72, 0x6F, 0x77, 0x61, 0x6B, 0x61));
					if (count != 1) return String(CharArray::of(0x4B, 0x75, 0x72, 0x75, 0x77, 0x61, 0x2D, 0x69, 0x74, 0x61, 0x20, 0x45, 0x73, 0x69, 0x72, 0x6F, 0x77, 0x61, 0x6B, 0x61));
					break;
				case 224:
					if (count == -1) return String(CharArray::of(0x52, 0x69, 0x6F, 0x6E, 0x69, 0x20, 0x49, 0x77, 0x69, 0x74, 0x65, 0x72, 0x61, 0x20, 0x52, 0x65, 0x75, 0x77, 0x61, 0x20, 0x79, 0x61, 0x72, 0x61));
					if (count == 1) return String(CharArray::of(0x52, 0x69, 0x6F, 0x6E, 0x69, 0x20, 0x49, 0x77, 0x69, 0x74, 0x65, 0x72, 0x61, 0x20, 0x52, 0x65, 0x75, 0x77, 0x61, 0x20, 0x79, 0x61, 0x72, 0x61));
					if (count != 1) return String(CharArray::of(0x52, 0x69, 0x6F, 0x6E, 0x69, 0x2D, 0x69, 0x74, 0x61, 0x20, 0x49, 0x77, 0x69, 0x74, 0x65, 0x72, 0x61, 0x20, 0x52, 0x65, 0x75, 0x77, 0x61, 0x20, 0x79, 0x61, 0x72, 0x61));
					break;
				case 225:
					if (count == -1) return String(CharArray::of(0x52, 0x69, 0x6F, 0x6E, 0x69, 0x20, 0x49, 0x77, 0x69, 0x74, 0x65, 0x72, 0x61, 0x20, 0x52, 0x65, 0x75, 0x77, 0x61, 0x20, 0x79, 0x61, 0x72, 0x61, 0x20, 0x28, 0x31, 0x39, 0x36, 0x34, 0x2014, 0x32, 0x30, 0x32, 0x32, 0x29));
					if (count == 1) return String(CharArray::of(0x52, 0x69, 0x6F, 0x6E, 0x69, 0x20, 0x49, 0x77, 0x69, 0x74, 0x65, 0x72, 0x61, 0x20, 0x52, 0x65, 0x75, 0x77, 0x61, 0x20, 0x79, 0x61, 0x72, 0x61, 0x20, 0x28, 0x31, 0x39, 0x36, 0x34, 0x2014, 0x32, 0x30, 0x32, 0x32, 0x29));
					if (count != 1) return String(CharArray::of(0x52, 0x69, 0x6F, 0x6E, 0x69, 0x2D, 0x69, 0x74, 0x61, 0x20, 0x49, 0x77, 0x69, 0x74, 0x65, 0x72, 0x61, 0x20, 0x52, 0x65, 0x75, 0x77, 0x61, 0x20, 0x79, 0x61, 0x72, 0x61, 0x20, 0x28, 0x31, 0x39, 0x36, 0x34, 0x2014, 0x32, 0x30, 0x32, 0x32, 0x29));
					break;
				case 226:
					if (count == -1) return String(CharArray::of(0x58, 0x65, 0x72, 0x0129, 0x20, 0x53, 0x75, 0x6D, 0x61, 0x72, 0x69, 0x79, 0x61, 0x77, 0x61, 0x72, 0x61));
					if (count == 1) return String(CharArray::of(0x58, 0x65, 0x72, 0x0129, 0x20, 0x53, 0x75, 0x6D, 0x61, 0x72, 0x69, 0x79, 0x61, 0x77, 0x61, 0x72, 0x61));
					if (count != 1) return String(CharArray::of(0x58, 0x65, 0x72, 0x0129, 0x2D, 0x69, 0x74, 0x61, 0x20, 0x53, 0x75, 0x6D, 0x61, 0x72, 0x69, 0x79, 0x61, 0x77, 0x61, 0x72, 0x61));
					break;
				case 227:
					if (count == -1) return String(CharArray::of(0x44, 0xF3, 0x72, 0x61, 0x20, 0x53, 0x75, 0x72, 0x69, 0x6E, 0xE3, 0x6D, 0x69, 0x79, 0x61, 0x77, 0x61, 0x72, 0x61));
					if (count == 1) return String(CharArray::of(0x44, 0xF3, 0x72, 0x61, 0x20, 0x53, 0x75, 0x72, 0x69, 0x6E, 0xE3, 0x6D, 0x69, 0x79, 0x61, 0x77, 0x61, 0x72, 0x61));
					if (count != 1) return String(CharArray::of(0x44, 0xF3, 0x72, 0x61, 0x2D, 0x69, 0x74, 0x61, 0x20, 0x53, 0x75, 0x72, 0x69, 0x6E, 0xE3, 0x6D, 0x69, 0x79, 0x61, 0x77, 0x61, 0x72, 0x61));
					break;
				case 228:
					if (count == -1) return String(CharArray::of(0x46, 0x75, 0x6C, 0x75, 0x72, 0x0129, 0x20, 0x53, 0x75, 0x72, 0x69, 0x6E, 0x61, 0x6D, 0x69, 0x20, 0x79, 0x61, 0x72, 0x61));
					if (count == 1) return String(CharArray::of(0x46, 0x75, 0x6C, 0x75, 0x72, 0x0129, 0x20, 0x53, 0x75, 0x72, 0x69, 0x6E, 0x61, 0x6D, 0x69, 0x20, 0x79, 0x61, 0x72, 0x61));
					if (count != 1) return String(CharArray::of(0x46, 0x75, 0x6C, 0x75, 0x72, 0x0129, 0x2D, 0x69, 0x74, 0x61, 0x20, 0x53, 0x75, 0x72, 0x69, 0x6E, 0x61, 0x6D, 0x69, 0x20, 0x79, 0x61, 0x72, 0x61));
					break;
				case 229:
					if (count == -1) return String(CharArray::of(0x52, 0x69, 0x62, 0x61, 0x72, 0x61, 0x20, 0x53, 0x75, 0x2D, 0x53, 0x75, 0x64, 0xE3, 0x6E, 0x69, 0x79, 0x61, 0x77, 0x61, 0x72, 0x61));
					if (count == 1) return String(CharArray::of(0x52, 0x69, 0x62, 0x61, 0x72, 0x61, 0x20, 0x53, 0x75, 0x2D, 0x53, 0x75, 0x64, 0xE3, 0x6E, 0x69, 0x79, 0x61, 0x77, 0x61, 0x72, 0x61));
					if (count != 1) return String(CharArray::of(0x52, 0x69, 0x62, 0x61, 0x72, 0x61, 0x2D, 0x69, 0x74, 0x61, 0x20, 0x53, 0x75, 0x2D, 0x53, 0x75, 0x64, 0xE3, 0x6E, 0x69, 0x79, 0x61, 0x77, 0x61, 0x72, 0x61));
					break;
				case 230:
					if (count == -1) return String(CharArray::of(0x44, 0x6F, 0x62, 0x61, 0x72, 0x61, 0x20, 0x53, 0xE3, 0x74, 0x75, 0x20, 0x54, 0x75, 0x6D, 0xE9, 0x20, 0x61, 0x73, 0x75, 0xED, 0x20, 0x50, 0x69, 0x72, 0x0129, 0x73, 0x69, 0x70, 0x69, 0x20, 0x79, 0x61, 0x72, 0x61, 0x20, 0x28, 0x31, 0x39, 0x37, 0x37, 0x2013, 0x32, 0x30, 0x31, 0x37, 0x29));
					if (count == 1) return String(CharArray::of(0x44, 0x6F, 0x62, 0x61, 0x72, 0x61, 0x20, 0x53, 0xE3, 0x74, 0x75, 0x20, 0x54, 0x75, 0x6D, 0xE9, 0x20, 0x61, 0x73, 0x75, 0xED, 0x20, 0x50, 0x69, 0x72, 0x0129, 0x73, 0x69, 0x70, 0x69, 0x20, 0x79, 0x61, 0x72, 0x61, 0x20, 0x28, 0x31, 0x39, 0x37, 0x37, 0x2013, 0x32, 0x30, 0x31, 0x37, 0x29));
					if (count != 1) return String(CharArray::of(0x44, 0x6F, 0x62, 0x61, 0x72, 0x61, 0x2D, 0x69, 0x74, 0x61, 0x20, 0x53, 0xE3, 0x74, 0x75, 0x20, 0x54, 0x75, 0x6D, 0xE9, 0x20, 0x61, 0x73, 0x75, 0xED, 0x20, 0x50, 0x69, 0x72, 0x0129, 0x73, 0x69, 0x70, 0x69, 0x20, 0x79, 0x61, 0x72, 0x61, 0x20, 0x28, 0x31, 0x39, 0x37, 0x37, 0x2013, 0x32, 0x30, 0x31, 0x37, 0x29));
					break;
				case 231:
					if (count == -1) return String(CharArray::of(0x44, 0x6F, 0x62, 0x61, 0x72, 0x61, 0x20, 0x53, 0xE3, 0x74, 0x75, 0x20, 0x54, 0x75, 0x6D, 0xE9, 0x20, 0x61, 0x73, 0x75, 0xED, 0x20, 0x50, 0x69, 0x72, 0x0129, 0x73, 0x69, 0x70, 0x69, 0x20, 0x79, 0x61, 0x72, 0x61));
					if (count == 1) return String(CharArray::of(0x44, 0x6F, 0x62, 0x61, 0x72, 0x61, 0x20, 0x53, 0xE3, 0x74, 0x75, 0x20, 0x54, 0x75, 0x6D, 0xE9, 0x20, 0x61, 0x73, 0x75, 0xED, 0x20, 0x50, 0x69, 0x72, 0x0129, 0x73, 0x69, 0x70, 0x69, 0x20, 0x79, 0x61, 0x72, 0x61));
					if (count != 1) return String(CharArray::of(0x44, 0x6F, 0x62, 0x61, 0x72, 0x61, 0x2D, 0x69, 0x74, 0x61, 0x20, 0x53, 0xE3, 0x74, 0x75, 0x20, 0x54, 0x75, 0x6D, 0xE9, 0x20, 0x61, 0x73, 0x75, 0xED, 0x20, 0x50, 0x69, 0x72, 0x0129, 0x73, 0x69, 0x70, 0x69, 0x20, 0x79, 0x61, 0x72, 0x61));
					break;
				case 232:
					if (count == -1) return String(CharArray::of(0x52, 0x75, 0x62, 0x75, 0x72, 0x75, 0x20, 0x53, 0x75, 0x77, 0x69, 0x79, 0x65, 0x74, 0x69, 0x6B, 0x61, 0x77, 0x61, 0x72, 0x61));
					if (count == 1) return String(CharArray::of(0x52, 0x75, 0x62, 0x75, 0x72, 0x75, 0x20, 0x53, 0x75, 0x77, 0x69, 0x79, 0x65, 0x74, 0x69, 0x6B, 0x61, 0x77, 0x61, 0x72, 0x61));
					if (count != 1) return String(CharArray::of(0x52, 0x75, 0x62, 0x75, 0x72, 0x75, 0x2D, 0x69, 0x74, 0x61, 0x20, 0x53));
					break;
				case 233:
					if (count == -1) return String(CharArray::of(0x4B, 0x75, 0x72, 0x0169, 0x20, 0x53, 0x61, 0x75, 0x77, 0x61, 0x64, 0xFA, 0x20, 0x79, 0x61, 0x72, 0x61));
					if (count == 1) return String(CharArray::of(0x4B, 0x75, 0x72, 0x0169, 0x20, 0x53, 0x61, 0x75, 0x77, 0x61, 0x64, 0xFA, 0x20, 0x79, 0x61, 0x72, 0x61));
					if (count != 1) return String(CharArray::of(0x4B, 0x75, 0x72, 0x0169, 0x2D, 0x69, 0x74, 0x61, 0x20, 0x53, 0x61, 0x75, 0x77, 0x61, 0x64, 0xFA, 0x20, 0x79, 0x61, 0x72, 0x61));
					break;
				case 234:
					if (count == -1) return String(CharArray::of(0x52, 0x69, 0x62, 0x61, 0x72, 0x61, 0x20, 0x53, 0xED, 0x72, 0x69, 0x79, 0x61));
					if (count == 1) return String(CharArray::of(0x52, 0x69, 0x62, 0x61, 0x72, 0x61, 0x20, 0x53, 0xED, 0x72, 0x69, 0x79, 0x61));
					if (count != 1) return String(CharArray::of(0x52, 0x69, 0x62, 0x61, 0x72, 0x61, 0x2D, 0x69, 0x74, 0x61, 0x20, 0x53, 0xED, 0x72, 0x69, 0x79, 0x61));
					break;
				case 235:
					if (count == -1) return String(CharArray::of(0x52, 0x69, 0x72, 0xE3, 0x67, 0x65, 0x6E, 0x69, 0x20, 0x53, 0x75, 0x77, 0x61, 0x73, 0x69, 0x72, 0x65, 0x74, 0xE3, 0x6D, 0x61, 0x77, 0x61, 0x72, 0x61));
					if (count == 1) return String(CharArray::of(0x52, 0x69, 0x72, 0xE3, 0x67, 0x65, 0x6E, 0x69, 0x20, 0x53, 0x75, 0x77, 0x61, 0x73, 0x69, 0x72, 0x65, 0x74, 0xE3, 0x6D, 0x61, 0x77, 0x61, 0x72, 0x61));
					if (count != 1) return String(CharArray::of(0x52, 0x69, 0x72, 0xE3, 0x67, 0x65, 0x6E, 0x69, 0x2D, 0x69, 0x74, 0x61, 0x20, 0x53, 0x75, 0x77, 0x61, 0x73, 0x69, 0x72, 0x65, 0x74, 0xE3, 0x6D, 0x61, 0x77, 0x61, 0x72, 0x61));
					break;
				case 236:
					if (count == -1) return String(CharArray::of(0x42, 0x61, 0x68, 0x74, 0x20, 0x54, 0x61, 0x69, 0x72, 0x65, 0x74, 0xE3, 0x6D, 0x61, 0x77, 0x61, 0x72, 0x61));
					if (count == 1) return String(CharArray::of(0x42, 0x61, 0x68, 0x74, 0x20, 0x54, 0x61, 0x69, 0x72, 0x65, 0x74, 0xE3, 0x6D, 0x61, 0x77, 0x61, 0x72, 0x61));
					if (count != 1) return String(CharArray::of(0x42, 0x61, 0x68, 0x74, 0x2D, 0x69, 0x74, 0x61, 0x20, 0x54, 0x61, 0x69, 0x72, 0x65, 0x74, 0xE3, 0x6D, 0x61, 0x77, 0x61, 0x72, 0x61));
					break;
				case 237:
					if (count == -1) return String(CharArray::of(0x52, 0x75, 0x62, 0x75, 0x72, 0x75, 0x20, 0x54, 0x61, 0x79, 0x69, 0x6B, 0x69, 0x72, 0x65, 0x74, 0xE3, 0x6D, 0x61, 0x77, 0x61, 0x72, 0x61));
					if (count == 1) return String(CharArray::of(0x52, 0x75, 0x62, 0x75, 0x72, 0x75, 0x20, 0x54, 0x61, 0x79, 0x69, 0x6B, 0x69, 0x72, 0x65, 0x74, 0xE3, 0x6D, 0x61, 0x77, 0x61, 0x72, 0x61));
					if (count != 1) return String(CharArray::of(0x52, 0x75, 0x62, 0x75, 0x72, 0x75, 0x2D, 0x69, 0x74, 0x61, 0x20, 0x54, 0x61, 0x79, 0x69, 0x6B, 0x69, 0x72, 0x65, 0x74, 0xE3, 0x6D, 0x61, 0x77, 0x61, 0x72, 0x61));
					break;
				case 238:
					if (count == -1) return String(CharArray::of(0x53, 0x75, 0x6D, 0x75, 0x6E, 0x69, 0x20, 0x74, 0x61, 0x79, 0x69, 0x6B, 0x69));
					if (count == 1) return String(CharArray::of(0x53, 0x75, 0x6D, 0x75, 0x6E, 0x69, 0x20, 0x74, 0x61, 0x79, 0x69, 0x6B, 0x69));
					if (count != 1) return String(CharArray::of(0x53, 0x75, 0x6D, 0x75, 0x6E, 0x69, 0x2D, 0x69, 0x74, 0x61, 0x20, 0x74, 0x61, 0x79, 0x69, 0x6B, 0x69, 0x2D, 0x69, 0x74, 0x61));
					break;
				case 239:
					if (count == -1) return String(CharArray::of(0x4D, 0x61, 0x6E, 0x61, 0x74, 0x69, 0x20, 0x54, 0x75, 0x72, 0x6B, 0x75, 0x72, 0x61, 0x6E, 0x61, 0x72, 0x65, 0x74, 0xE3, 0x6D, 0x61, 0x20, 0x79, 0x61, 0x72, 0x61, 0x20, 0x28, 0x31, 0x39, 0x39, 0x33, 0x2013, 0x32, 0x30, 0x30, 0x39, 0x29));
					if (count == 1) return String(CharArray::of(0x4D, 0x61, 0x6E, 0x61, 0x74, 0x69, 0x20, 0x54, 0x75, 0x72, 0x6B, 0x75, 0x72, 0x61, 0x6E, 0x61, 0x72, 0x65, 0x74, 0xE3, 0x6D, 0x61, 0x20, 0x79, 0x61, 0x72, 0x61, 0x20, 0x28, 0x31, 0x39, 0x39, 0x33, 0x2013, 0x32, 0x30, 0x30, 0x39, 0x29));
					if (count != 1) return String(CharArray::of(0x4D, 0x61, 0x6E, 0x61, 0x74, 0x69, 0x2D, 0x69, 0x74, 0x61, 0x20, 0x54, 0x75, 0x72, 0x6B, 0x75, 0x72, 0x61, 0x6E, 0x61, 0x72, 0x65, 0x74, 0xE3, 0x6D, 0x61, 0x20, 0x79, 0x61, 0x72, 0x61, 0x20, 0x28, 0x31, 0x39, 0x39, 0x33, 0x2013, 0x32, 0x30, 0x30, 0x39, 0x29));
					break;
				case 240:
					if (count == -1) return String(CharArray::of(0x4D, 0x61, 0x6E, 0x61, 0x74, 0x69, 0x20, 0x74, 0x75, 0x72, 0x6B, 0x75, 0x6D, 0x65, 0x6E, 0x75));
					if (count == 1) return String(CharArray::of(0x4D, 0x61, 0x6E, 0x61, 0x74, 0x69, 0x20, 0x74, 0x75, 0x72, 0x6B, 0x75, 0x6D, 0x65, 0x6E, 0x75));
					if (count != 1) return String(CharArray::of(0x4D, 0x61, 0x6E, 0x61, 0x74, 0x69, 0x2D, 0x69, 0x74, 0x61, 0x20, 0x74, 0x75, 0x72, 0x6B, 0x75, 0x6D, 0x65, 0x6E, 0x75, 0x2D, 0x69, 0x74, 0x61));
					break;
				case 241:
					if (count == -1) return String(CharArray::of(0x44, 0x69, 0x6E, 0x61, 0x72, 0x69, 0x20, 0x54, 0x75, 0x6E, 0x69, 0x73, 0x69, 0x79, 0x61, 0x77, 0x61, 0x72, 0x61));
					if (count == 1) return String(CharArray::of(0x44, 0x69, 0x6E, 0x61, 0x72, 0x69, 0x20, 0x54, 0x75, 0x6E, 0x69, 0x73, 0x69, 0x79, 0x61, 0x77, 0x61, 0x72, 0x61));
					if (count != 1) return String(CharArray::of(0x44, 0x69, 0x6E, 0x61, 0x72, 0x69, 0x2D, 0x69, 0x74, 0x61, 0x20, 0x54, 0x75, 0x6E, 0x69, 0x73, 0x69, 0x79, 0x61, 0x77, 0x61, 0x72, 0x61));
					break;
				case 242:
					if (count == -1) return String(CharArray::of(0x50, 0x61, 0x77, 0xE3, 0x67, 0x61, 0x20, 0x54, 0x0169, 0x67, 0x61, 0x77, 0x61, 0x72, 0x61));
					if (count == 1) return String(CharArray::of(0x50, 0x61, 0x77, 0xE3, 0x67, 0x61, 0x20, 0x54, 0x0169, 0x67, 0x61, 0x77, 0x61, 0x72, 0x61));
					if (count != 1) return String(CharArray::of(0x50, 0x61, 0x77, 0xE3, 0x67, 0x61, 0x2D, 0x69, 0x74, 0x61, 0x20, 0x54, 0x0169, 0x67, 0x61, 0x77, 0x61, 0x72, 0x61));
					break;
				case 243:
					if (count == -1) return String(CharArray::of(0x57, 0x61, 0x72, 0x61, 0x6B, 0x61, 0x70, 0xE1, 0x20, 0x54, 0x69, 0x6D, 0x75, 0x77, 0x61, 0x72, 0x61));
					if (count == 1) return String(CharArray::of(0x57, 0x61, 0x72, 0x61, 0x6B, 0x61, 0x70, 0xE1, 0x20, 0x54, 0x69, 0x6D, 0x75, 0x77, 0x61, 0x72, 0x61));
					if (count != 1) return String(CharArray::of(0x57, 0x61, 0x72, 0x61, 0x6B, 0x61, 0x70, 0xE1, 0x2D, 0x69, 0x74, 0x61, 0x20, 0x54, 0x69, 0x6D, 0x75, 0x77, 0x61, 0x72, 0x61));
					break;
				case 244:
					if (count == -1) return String(CharArray::of(0x52, 0x69, 0x72, 0x61, 0x20, 0x74, 0x75, 0x72, 0x6B, 0x61, 0x20, 0x28, 0x31, 0x39, 0x32, 0x32, 0x2013, 0x32, 0x30, 0x30, 0x35, 0x29));
					if (count == 1) return String(CharArray::of(0x52, 0x69, 0x72, 0x61, 0x20, 0x74, 0x75, 0x72, 0x6B, 0x61, 0x20, 0x6B, 0x75, 0x78, 0x69, 0xED, 0x6D, 0x61, 0x77, 0x61, 0x72, 0x61));
					if (count != 1) return String(CharArray::of(0x52, 0x69, 0x72, 0x61, 0x20, 0x74, 0x75, 0x72, 0x6B, 0x61, 0x20, 0x6B, 0x75, 0x78, 0x69, 0xED, 0x6D, 0x61, 0x77, 0x61, 0x72, 0x61, 0x2D, 0x69, 0x74, 0x61));
					break;
				case 245:
					if (count == -1) return String(CharArray::of(0x52, 0x69, 0x72, 0x61, 0x20, 0x74, 0x75, 0x72, 0x6B, 0x61));
					if (count == 1) return String(CharArray::of(0x52, 0x69, 0x72, 0x61, 0x20, 0x74, 0x75, 0x72, 0x6B, 0x61));
					if (count != 1) return String(CharArray::of(0x52, 0x69, 0x72, 0x61, 0x2D, 0x69, 0x74, 0x61, 0x20, 0x74, 0x75, 0x72, 0x6B, 0x61, 0x2D, 0x69, 0x74, 0x61));
					break;
				case 246:
					if (count == -1) return String(CharArray::of(0x44, 0xF3, 0x72, 0x61, 0x20, 0x54, 0x69, 0x72, 0x69, 0x6E, 0x69, 0x64, 0x61, 0x64, 0x69, 0x20, 0x61, 0x73, 0x75, 0xED, 0x20, 0x54, 0x6F, 0x62, 0x61, 0x67, 0x75, 0x20, 0x79, 0x61, 0x72, 0x61));
					if (count == 1) return String(CharArray::of(0x44, 0xF3, 0x72, 0x61, 0x20, 0x54, 0x69, 0x72, 0x69, 0x6E, 0x69, 0x64, 0x61, 0x64, 0x69, 0x20, 0x61, 0x73, 0x75, 0xED, 0x20, 0x54, 0x6F, 0x62, 0x61, 0x67, 0x75, 0x20, 0x79, 0x61, 0x72, 0x61));
					if (count != 1) return String(CharArray::of(0x44, 0xF3, 0x72, 0x61, 0x2D, 0x69, 0x74, 0x61, 0x20, 0x54, 0x69, 0x72, 0x69, 0x6E, 0x69, 0x64, 0x61, 0x64, 0x69, 0x20, 0x61, 0x73, 0x75, 0xED, 0x20, 0x54, 0x6F, 0x62, 0x61, 0x67, 0x75, 0x20, 0x79, 0x61, 0x72, 0x61));
					break;
				case 247:
					if (count == -1) return String(CharArray::of(0x50, 0x69, 0x73, 0x61, 0x73, 0x75, 0x77, 0x61, 0x20, 0x44, 0xF3, 0x72, 0x61, 0x20, 0x54, 0x61, 0x69, 0x77, 0xE3, 0x77, 0x61, 0x72, 0x61));
					if (count == 1) return String(CharArray::of(0x50, 0x69, 0x73, 0x61, 0x73, 0x75, 0x77, 0x61, 0x20, 0x44, 0xF3, 0x72, 0x61, 0x20, 0x54, 0x61, 0x69, 0x77, 0xE3, 0x77, 0x61, 0x72, 0x61));
					if (count != 1) return String(CharArray::of(0x50, 0x69, 0x73, 0x61, 0x73, 0x75, 0x77, 0x61, 0x2D, 0x69, 0x74, 0x61, 0x20, 0x44, 0xF3, 0x72, 0x61, 0x2D, 0x69, 0x74, 0x61, 0x20, 0x54, 0x61, 0x69, 0x77, 0xE3, 0x77, 0x61, 0x72, 0x61));
					break;
				case 248:
					if (count == -1) return String(CharArray::of(0x58, 0x65, 0x72, 0x0129, 0x20, 0x54, 0xE3, 0x73, 0x61, 0x6E, 0x69, 0x79, 0x61, 0x77, 0x61, 0x72, 0x61));
					if (count == 1) return String(CharArray::of(0x58, 0x65, 0x72, 0x0129, 0x20, 0x54, 0xE3, 0x73, 0x61, 0x6E, 0x69, 0x79, 0x61, 0x77, 0x61, 0x72, 0x61));
					if (count != 1) return String(CharArray::of(0x58, 0x65, 0x72, 0x0129, 0x2D, 0x69, 0x74, 0x61, 0x20, 0x54, 0xE3, 0x73, 0x61, 0x6E, 0x69, 0x79, 0x61, 0x77, 0x61, 0x72, 0x61));
					break;
				case 249:
					if (count == -1) return String(CharArray::of(0x48, 0x69, 0x72, 0x79, 0x75, 0x77, 0x69, 0x6E, 0x69, 0x79, 0x61, 0x20, 0x55, 0x6B, 0x61, 0x72, 0x61, 0x6E, 0x69, 0x79, 0xE3, 0x77, 0x61, 0x72, 0x61));
					if (count == 1) return String(CharArray::of(0x48, 0x69, 0x72, 0x79, 0x75, 0x77, 0x69, 0x6E, 0x69, 0x79, 0x61, 0x20, 0x55, 0x6B, 0x61, 0x72, 0x61, 0x6E, 0x69, 0x79, 0xE3, 0x77, 0x61, 0x72, 0x61));
					if (count != 1) return String(CharArray::of(0x48, 0x69, 0x72, 0x79, 0x75, 0x77, 0x69, 0x6E, 0x69, 0x79, 0x61, 0x2D, 0x69, 0x74, 0x61, 0x20, 0x55, 0x6B, 0x61, 0x72, 0x61, 0x6E, 0x69, 0x79, 0xE3, 0x77, 0x61, 0x72, 0x61));
					break;
				case 250:
					if (count == -1) return String(CharArray::of(0x4B, 0x61, 0x62, 0x75, 0x77, 0x61, 0x6E, 0x65, 0x74, 0x69, 0x20, 0x55, 0x6B, 0x61, 0x72, 0x61, 0x6E, 0x69, 0x79, 0xE3, 0x77, 0x61, 0x72, 0x61));
					if (count == 1) return String(CharArray::of(0x4B, 0x61, 0x62, 0x75, 0x77, 0x61, 0x6E, 0x65, 0x74, 0x69, 0x20, 0x55, 0x6B, 0x61, 0x72, 0x61, 0x6E, 0x69, 0x79, 0xE3, 0x77, 0x61, 0x72, 0x61));
					if (count != 1) return String(CharArray::of(0x4B, 0x61, 0x62, 0x75, 0x77, 0x61, 0x6E, 0x65, 0x74, 0x69, 0x2D, 0x69, 0x74, 0x61, 0x20, 0x55, 0x6B, 0x61, 0x72, 0x61, 0x6E, 0x69, 0x79, 0xE3, 0x77, 0x61, 0x72, 0x61));
					break;
				case 251:
					if (count == -1) return String(CharArray::of(0x58, 0x65, 0x72, 0x0129, 0x20, 0x55, 0x67, 0xE3, 0x64, 0x61, 0x77, 0x61, 0x72, 0x61, 0x20, 0x28, 0x31, 0x39, 0x36, 0x36, 0x2013, 0x31, 0x39, 0x38, 0x37, 0x29));
					if (count == 1) return String(CharArray::of(0x58, 0x69, 0x72, 0x0129, 0x67, 0x61, 0x20, 0x55, 0x67, 0xE3, 0x64, 0x61, 0x77, 0x61, 0x72, 0x61, 0x20, 0x28, 0x31, 0x39, 0x36, 0x36, 0x2013, 0x31, 0x39, 0x38, 0x37, 0x29));
					if (count != 1) return String(CharArray::of(0x58, 0x69, 0x72, 0x0129, 0x67, 0x61, 0x2D, 0x69, 0x74, 0x61, 0x20, 0x55, 0x67, 0xE3, 0x64, 0x61, 0x77, 0x61, 0x72, 0x61, 0x20, 0x28, 0x31, 0x39, 0x36, 0x36, 0x2013, 0x31, 0x39, 0x38, 0x37, 0x29));
					break;
				case 252:
					if (count == -1) return String(CharArray::of(0x58, 0x65, 0x72, 0x0129, 0x20, 0x55, 0x67, 0xE3, 0x64, 0x61, 0x77, 0x61, 0x72, 0x61));
					if (count == 1) return String(CharArray::of(0x58, 0x65, 0x72, 0x0129, 0x20, 0x55, 0x67, 0xE3, 0x64, 0x61, 0x77, 0x61, 0x72, 0x61));
					if (count != 1) return String(CharArray::of(0x58, 0x65, 0x72, 0x0129, 0x2D, 0x69, 0x74, 0x61, 0x20, 0x55, 0x67, 0xE3, 0x64, 0x61, 0x77, 0x61, 0x72, 0x61));
					break;
				case 253:
					if (count == -1) return String(CharArray::of(0x44, 0xF3, 0x72, 0x61, 0x20, 0x4D, 0x65, 0x78, 0x69, 0x6B, 0x75, 0x77, 0x61, 0x72, 0x61));
					if (count == 1) return String(CharArray::of(0x44, 0xF3, 0x72, 0x61, 0x20, 0x4D, 0x65, 0x78, 0x69, 0x6B, 0x75, 0x77, 0x61, 0x72, 0x61));
					if (count != 1) return String(CharArray::of(0x44, 0xF3, 0x72, 0x61, 0x2D, 0x69, 0x74, 0x61, 0x20, 0x4D, 0x65, 0x78, 0x69, 0x6B, 0x75, 0x77, 0x61, 0x72, 0x61));
					break;
				case 254:
					if (count == -1) return String(CharArray::of(0x44, 0xF3, 0x72, 0x61, 0x20, 0x6E, 0x75, 0x74, 0x69, 0x2D, 0x61, 0x6D, 0x65, 0x72, 0x69, 0x6B, 0x61, 0x77, 0x61, 0x20, 0x28, 0x61, 0x6D, 0x0169, 0x20, 0xE1, 0x72, 0x61, 0x29));
					if (count == 1) return String(CharArray::of(0x44, 0xF3, 0x72, 0x61, 0x20, 0x61, 0x6D, 0x65, 0x72, 0x69, 0x6B, 0x61, 0x77, 0x61, 0x20, 0x28, 0x61, 0x6D, 0x0169, 0x20, 0xE1, 0x72, 0x61, 0x29));
					if (count != 1) return String(CharArray::of(0x44, 0xF3, 0x72, 0x61, 0x2D, 0x69, 0x74, 0x61, 0x20, 0x61, 0x6D, 0x65, 0x72, 0x69, 0x6B, 0x61, 0x77, 0x61, 0x2D, 0x69, 0x72, 0x61, 0x20, 0x28, 0x61, 0x6D, 0x0169, 0x20, 0xE1, 0x72, 0x61, 0x29));
					break;
				case 255:
					if (count == -1) return String(CharArray::of(0x44, 0xF3, 0x72, 0x61, 0x20, 0x6E, 0x75, 0x74, 0x69, 0x2D, 0x61, 0x6D, 0x65, 0x72, 0x69, 0x6B, 0x61, 0x77, 0x61, 0x20, 0x28, 0x61, 0x72, 0x61, 0x6D, 0x1EBD, 0x20, 0x77, 0xE1, 0x72, 0x61, 0x29));
					if (count == 1) return String(CharArray::of(0x44, 0xF3, 0x72, 0x61, 0x20, 0x61, 0x6D, 0x65, 0x72, 0x69, 0x6B, 0x61, 0x77, 0x61, 0x20, 0x28, 0x61, 0x72, 0x61, 0x6D, 0x1EBD, 0x20, 0x77, 0xE1, 0x72, 0x61, 0x29));
					if (count != 1) return String(CharArray::of(0x44, 0xF3, 0x72, 0x61, 0x2D, 0x69, 0x74, 0x61, 0x20, 0x61, 0x6D, 0x65, 0x72, 0x69, 0x6B, 0x61, 0x77, 0x61, 0x2D, 0x69, 0x74, 0x61, 0x20, 0x28, 0x61, 0x72, 0x61, 0x6D, 0x1EBD, 0x20, 0x77, 0xE1, 0x72, 0x61, 0x29));
					break;
				case 256:
					if (count == -1) return String(CharArray::of(0x50, 0x75, 0x73, 0x65, 0x77, 0x61, 0x20, 0x55, 0x72, 0x75, 0x67, 0x75, 0x77, 0x61, 0x69, 0x77, 0x61, 0x72, 0x61, 0x20, 0x79, 0x65, 0x70, 0x65, 0x73, 0x61, 0x77, 0x61, 0x20, 0x0129, 0x64, 0x65, 0x6B, 0x69, 0x73, 0x61, 0x64, 0x61, 0x2D, 0x69, 0x74, 0x61, 0x20, 0x75, 0x70, 0xE9));
					if (count == 1) return String(CharArray::of(0x50, 0x75, 0x73, 0x65, 0x77, 0x61, 0x20, 0x55, 0x72, 0x75, 0x67, 0x75, 0x77, 0x61, 0x69, 0x77, 0x61, 0x72, 0x61, 0x20, 0x79, 0x65, 0x70, 0x65, 0x73, 0x61, 0x77, 0x61, 0x20, 0x0129, 0x64, 0x65, 0x6B, 0x69, 0x73, 0x61, 0x64, 0x61, 0x2D, 0x69, 0x74, 0x61, 0x20, 0x75, 0x70, 0xE9));
					if (count != 1) return String(CharArray::of(0x50, 0x75, 0x73, 0x65, 0x77, 0x61, 0x2D, 0x69, 0x74, 0x61, 0x20, 0x55, 0x72, 0x75, 0x67, 0x75, 0x77, 0x61, 0x69, 0x77, 0x61, 0x72, 0x61, 0x20, 0x79, 0x65, 0x70, 0x65, 0x73, 0x61, 0x77, 0x61, 0x20, 0x0129, 0x64, 0x65, 0x6B, 0x69, 0x73, 0x61, 0x64, 0x61, 0x2D, 0x69, 0x74, 0x61, 0x20, 0x75, 0x70, 0xE9));
					break;
				case 257:
					if (count == -1) return String(CharArray::of(0x50, 0x75, 0x73, 0x65, 0x77, 0x61, 0x20, 0x55, 0x72, 0x75, 0x67, 0x75, 0x77, 0x61, 0x69, 0x77, 0x61, 0x72, 0x61, 0x20, 0x28, 0x31, 0x39, 0x37, 0x35, 0x2013, 0x31, 0x39, 0x39, 0x33, 0x29));
					if (count == 1) return String(CharArray::of(0x50, 0x75, 0x73, 0x65, 0x77, 0x61, 0x20, 0x55, 0x72, 0x75, 0x67, 0x75, 0x77, 0x61, 0x69, 0x77, 0x61, 0x72, 0x61, 0x20, 0x28, 0x31, 0x39, 0x37, 0x35, 0x2013, 0x31, 0x39, 0x39, 0x33, 0x29));
					if (count != 1) return String(CharArray::of(0x50, 0x75, 0x73, 0x65, 0x77, 0x61, 0x2D, 0x69, 0x74, 0x61, 0x20, 0x55, 0x72, 0x75, 0x67, 0x75, 0x77, 0x61, 0x69, 0x77, 0x61, 0x72, 0x61, 0x20, 0x28, 0x31, 0x39, 0x37, 0x35, 0x2013, 0x31, 0x39, 0x39, 0x33, 0x29));
					break;
				case 258:
					if (count == -1) return String(CharArray::of(0x50, 0x75, 0x73, 0x65, 0x77, 0x61, 0x20, 0x55, 0x72, 0x75, 0x67, 0x75, 0x77, 0x61, 0x69, 0x77, 0x61, 0x72, 0x61));
					if (count == 1) return String(CharArray::of(0x50, 0x75, 0x73, 0x65, 0x77, 0x61, 0x20, 0x55, 0x72, 0x75, 0x67, 0x75, 0x77, 0x61, 0x69, 0x77, 0x61, 0x72, 0x61));
					if (count != 1) return String(CharArray::of(0x50, 0x75, 0x73, 0x65, 0x77, 0x61, 0x2D, 0x69, 0x74, 0x61, 0x20, 0x55, 0x72, 0x75, 0x67, 0x75, 0x77, 0x61, 0x69, 0x77, 0x61, 0x72, 0x61));
					break;
				case 260:
					if (count == -1) return String(CharArray::of(0x53, 0x75, 0x6D, 0x75, 0x20, 0x59, 0x0169, 0x62, 0x75, 0x65, 0x73, 0x61, 0x72, 0x61, 0x2D, 0x72, 0x65, 0x74, 0xE3, 0x6D, 0x61, 0x77, 0x61, 0x72, 0x61));
					if (count == 1) return String(CharArray::of(0x53, 0x75, 0x6D, 0x75, 0x20, 0x59, 0x0169, 0x62, 0x75, 0x65, 0x73, 0x61, 0x72, 0x61, 0x2D, 0x72, 0x65, 0x74, 0xE3, 0x6D, 0x61, 0x77, 0x61, 0x72, 0x61));
					if (count != 1) return String(CharArray::of(0x53, 0x75, 0x6D, 0x75, 0x2D, 0x69, 0x74, 0x61, 0x20, 0x59, 0x0169, 0x62, 0x75, 0x65, 0x73, 0x61, 0x72, 0x61, 0x2D, 0x72, 0x65, 0x74, 0xE3, 0x6D, 0x61, 0x77, 0x61, 0x72, 0x61));
					break;
				case 261:
					if (count == -1) return String(CharArray::of(0x42, 0x75, 0x72, 0x69, 0x77, 0x61, 0x72, 0x69, 0x20, 0x57, 0x65, 0x6E, 0x65, 0x73, 0x75, 0x65, 0x72, 0x61, 0x77, 0x61, 0x72, 0x61, 0x20, 0x28, 0x31, 0x38, 0x37, 0x31, 0x2013, 0x32, 0x30, 0x30, 0x38, 0x29));
					if (count == 1) return String(CharArray::of(0x42, 0x75, 0x72, 0x69, 0x77, 0x61, 0x72, 0x69, 0x20, 0x57, 0x65, 0x6E, 0x65, 0x73, 0x75, 0x65, 0x72, 0x61, 0x77, 0x61, 0x72, 0x61, 0x20, 0x28, 0x31, 0x38, 0x37, 0x31, 0x2013, 0x32, 0x30, 0x30, 0x38, 0x29));
					if (count != 1) return String(CharArray::of(0x42, 0x75, 0x72, 0x69, 0x77, 0x61, 0x72, 0x69, 0x2D, 0x69, 0x74, 0x61, 0x20, 0x57, 0x65, 0x6E, 0x65, 0x73, 0x75, 0x65, 0x72, 0x61, 0x77, 0x61, 0x72, 0x61, 0x20, 0x28, 0x31, 0x38, 0x37, 0x31, 0x2013, 0x32, 0x30, 0x30, 0x38, 0x29));
					break;
				case 263:
					if (count == -1) return String(CharArray::of(0x42, 0x75, 0x72, 0x69, 0x77, 0x61, 0x72, 0x69, 0x20, 0x57, 0x65, 0x6E, 0x65, 0x73, 0x75, 0x65, 0x72, 0x61, 0x77, 0x61, 0x72, 0x61, 0x20, 0x28, 0x32, 0x30, 0x30, 0x38, 0x2013, 0x32, 0x30, 0x31, 0x38, 0x29));
					if (count == 1) return String(CharArray::of(0x42, 0x75, 0x72, 0x69, 0x77, 0x61, 0x72, 0x69, 0x20, 0x57, 0x65, 0x6E, 0x65, 0x73, 0x75, 0x65, 0x72, 0x61, 0x77, 0x61, 0x72, 0x61, 0x20, 0x28, 0x32, 0x30, 0x30, 0x38, 0x2013, 0x32, 0x30, 0x31, 0x38, 0x29));
					if (count != 1) return String(CharArray::of(0x42, 0x75, 0x72, 0x69, 0x77, 0x61, 0x72, 0x69, 0x2D, 0x69, 0x74, 0x61, 0x20, 0x57, 0x65, 0x6E, 0x65, 0x73, 0x75, 0x65, 0x72, 0x61, 0x77, 0x61, 0x72, 0x61, 0x20, 0x28, 0x32, 0x30, 0x30, 0x38, 0x2013, 0x32, 0x30, 0x31, 0x38, 0x29));
					break;
				case 264:
					if (count == -1) return String(CharArray::of(0x42, 0x75, 0x72, 0x69, 0x77, 0x61, 0x72, 0x69, 0x20, 0x57, 0x65, 0x6E, 0x65, 0x73, 0x75, 0x65, 0x72, 0x61, 0x77, 0x61, 0x72, 0x61));
					if (count == 1) return String(CharArray::of(0x42, 0x75, 0x72, 0x69, 0x77, 0x61, 0x72, 0x69, 0x20, 0x57, 0x65, 0x6E, 0x65, 0x73, 0x75, 0x65, 0x72, 0x61, 0x77, 0x61, 0x72, 0x61));
					if (count != 1) return String(CharArray::of(0x42, 0x75, 0x72, 0x69, 0x77, 0x61, 0x72, 0x69, 0x2D, 0x69, 0x74, 0x61, 0x20, 0x57, 0x65, 0x6E, 0x65, 0x73, 0x75, 0x65, 0x72, 0x61, 0x77, 0x61, 0x72, 0x61));
					break;
				case 265:
					if (count == -1) return String(CharArray::of(0x44, 0x6F, 0x6E, 0x67, 0x20, 0x77, 0x69, 0x65, 0x74, 0x69, 0x6E, 0x61, 0x6D, 0x69, 0x74, 0x61));
					if (count == 1) return String(CharArray::of(0x44, 0x6F, 0x6E, 0x67, 0x20, 0x77, 0x69, 0x65, 0x74, 0x69, 0x6E, 0x61, 0x6D, 0x69, 0x74, 0x61));
					if (count != 1) return String(CharArray::of(0x44, 0x6F, 0x6E, 0x67, 0x2D, 0x69, 0x74, 0x61, 0x20, 0x77, 0x69, 0x65, 0x74, 0x69, 0x6E, 0x61, 0x6D, 0x69, 0x74, 0x61, 0x2D, 0x69, 0x74, 0x61));
					break;
				case 266:
					if (count == -1) return String(CharArray::of(0x44, 0x6F, 0x6E, 0x67, 0x20, 0x77, 0x69, 0x65, 0x74, 0x69, 0x6E, 0x61, 0x6D, 0x69, 0x74, 0x61, 0x20, 0x28, 0x31, 0x39, 0x37, 0x38, 0x2013, 0x31, 0x39, 0x38, 0x35, 0x29));
					if (count == 1) return String(CharArray::of(0x44, 0x6F, 0x6E, 0x67, 0x20, 0x77, 0x69, 0x65, 0x74, 0x69, 0x6E, 0x61, 0x6D, 0x69, 0x74, 0x61, 0x20, 0x28, 0x31, 0x39, 0x37, 0x38, 0x2013, 0x31, 0x39, 0x38, 0x35, 0x29));
					if (count != 1) return String(CharArray::of(0x44, 0x6F, 0x6E, 0x67, 0x2D, 0x69, 0x74, 0x61, 0x20, 0x77, 0x69, 0x65, 0x74, 0x69, 0x6E, 0x61, 0x6D, 0x69, 0x74, 0x61, 0x2D, 0x69, 0x74, 0x61, 0x20, 0x28, 0x31, 0x39, 0x37, 0x38, 0x2013, 0x31, 0x39, 0x38, 0x35, 0x29));
					break;
				case 267:
					if (count == -1) return String(CharArray::of(0x57, 0x61, 0x74, 0x75, 0x20, 0x57, 0x61, 0x6E, 0x75, 0x61, 0x74, 0x75, 0x20, 0x79, 0x61, 0x72, 0x61));
					if (count == 1) return String(CharArray::of(0x57, 0x61, 0x74, 0x75, 0x20, 0x57, 0x61, 0x6E, 0x75, 0x61, 0x74, 0x75, 0x20, 0x79, 0x61, 0x72, 0x61));
					if (count != 1) return String(CharArray::of(0x57, 0x61, 0x74, 0x75, 0x2D, 0x69, 0x74, 0x61, 0x20, 0x57, 0x61, 0x6E, 0x75, 0x61, 0x74, 0x75, 0x20, 0x79, 0x61, 0x72, 0x61, 0x2D, 0x69, 0x74, 0x61));
					break;
				case 268:
					if (count == -1) return String(CharArray::of(0x54, 0x61, 0x72, 0x61, 0x20, 0x53, 0x61, 0x6D, 0x75, 0x77, 0x61, 0x72, 0x61));
					if (count == 1) return String(CharArray::of(0x54, 0x61, 0x72, 0x61, 0x20, 0x53, 0x61, 0x6D, 0x75, 0x77, 0x61, 0x72, 0x61));
					if (count != 1) return String(CharArray::of(0x54, 0x61, 0x72, 0x61, 0x2D, 0x69, 0x74, 0x61, 0x20, 0x53, 0x61, 0x6D, 0x75, 0x77, 0x61, 0x72, 0x61));
					break;
				case 269:
					if (count == -1) return String(CharArray::of(0x46, 0x61, 0x72, 0xE3, 0x6B, 0x75, 0x20, 0x43, 0x46, 0x43, 0x20, 0x42, 0x45, 0x41, 0x43, 0x20, 0x79, 0x61, 0x72, 0x61));
					if (count == 1) return String(CharArray::of(0x46, 0x61, 0x72, 0xE3, 0x6B, 0x75, 0x20, 0x43, 0x46, 0x43, 0x20, 0x42, 0x45, 0x41, 0x43, 0x20, 0x79, 0x61, 0x72, 0x61));
					if (count != 1) return String(CharArray::of(0x46, 0x61, 0x72, 0xE3, 0x6B, 0x75, 0x2D, 0x69, 0x74, 0x61, 0x20, 0x43, 0x46, 0x43, 0x20, 0x42, 0x45, 0x41, 0x43, 0x20, 0x79, 0x61, 0x72, 0x61));
					break;
				case 270:
					if (count == -1) return String(CharArray::of(0x50, 0x61, 0x72, 0x61, 0x74, 0x61));
					if (count == 1) return String(CharArray::of(0x50, 0x61, 0x72, 0x61, 0x74, 0x61));
					if (count != 1) return String(CharArray::of(0x50, 0x61, 0x72, 0x61, 0x74, 0x61, 0x2D, 0x69, 0x74, 0x61));
					break;
				case 271:
					if (count == -1) return String(CharArray::of(0x4F, 0x75, 0x72, 0x75));
					if (count == 1) return String(CharArray::of(0x4F, 0x75, 0x72, 0x75));
					if (count != 1) return String(CharArray::of(0x4F, 0x75, 0x72, 0x75, 0x2D, 0x69, 0x74, 0x61));
					break;
				case 272:
					if (count == -1) return String(CharArray::of(0x59, 0x65, 0x70, 0x65, 0x73, 0x61, 0x77, 0x61, 0x20, 0x73, 0x69, 0x69, 0x79, 0x61, 0x77, 0x69, 0x74, 0x61, 0x20, 0x45, 0x75, 0x72, 0x75, 0x70, 0x61, 0x77, 0x61, 0x72, 0x61));
					if (count == 1) return String(CharArray::of(0x59, 0x65, 0x70, 0x65, 0x73, 0x61, 0x77, 0x61, 0x20, 0x73, 0x69, 0x69, 0x79, 0x61, 0x77, 0x69, 0x74, 0x61, 0x20, 0x45, 0x75, 0x72, 0x75, 0x70, 0x61, 0x77, 0x61, 0x72, 0x61));
					if (count != 1) return String(CharArray::of(0x59, 0x65, 0x70, 0x65, 0x73, 0x61, 0x77, 0x61, 0x2D, 0x69, 0x74, 0x61, 0x20, 0x73, 0x69, 0x69, 0x79, 0x61, 0x77, 0x69, 0x74, 0x61, 0x20, 0x45, 0x75, 0x72, 0x75, 0x70, 0x61, 0x77, 0x61, 0x72, 0x61));
					break;
				case 273:
					if (count == -1) return String(CharArray::of(0x59, 0x65, 0x70, 0x65, 0x73, 0x61, 0x77, 0x61, 0x20, 0x6D, 0x75, 0x6E, 0x65, 0x74, 0x61, 0x72, 0x69, 0x79, 0x61, 0x20, 0x45, 0x75, 0x72, 0x75, 0x70, 0x61, 0x77, 0x61, 0x72, 0x61));
					if (count == 1) return String(CharArray::of(0x59, 0x65, 0x70, 0x65, 0x73, 0x61, 0x77, 0x61, 0x20, 0x6D, 0x75, 0x6E, 0x65, 0x74, 0x61, 0x72, 0x69, 0x79, 0x61, 0x20, 0x45, 0x75, 0x72, 0x75, 0x70, 0x61, 0x77, 0x61, 0x72, 0x61));
					if (count != 1) return String(CharArray::of(0x59, 0x65, 0x70, 0x65, 0x73, 0x61, 0x77, 0x61, 0x2D, 0x69, 0x74, 0x61, 0x20, 0x6D, 0x75, 0x6E, 0x65, 0x74, 0x61, 0x72, 0x69, 0x79, 0x61, 0x2D, 0x69, 0x74, 0x61, 0x20, 0x45, 0x75, 0x72, 0x75, 0x70, 0x61, 0x77, 0x61, 0x72, 0x61));
					break;
				case 274:
					if (count == -1) return String(CharArray::of(0x59, 0x65, 0x70, 0x65, 0x73, 0x61, 0x77, 0x61, 0x20, 0x6B, 0x0169, 0x74, 0x61, 0x20, 0x45, 0x75, 0x72, 0x75, 0x70, 0x61, 0x77, 0x61, 0x72, 0x61, 0x20, 0x28, 0x58, 0x42, 0x43, 0x29));
					if (count == 1) return String(CharArray::of(0x59, 0x65, 0x70, 0x65, 0x73, 0x61, 0x77, 0x61, 0x20, 0x6B, 0x0169, 0x74, 0x61, 0x20, 0x45, 0x75, 0x72, 0x75, 0x70, 0x61, 0x77, 0x61, 0x72, 0x61, 0x20, 0x28, 0x58, 0x42, 0x43, 0x29));
					if (count != 1) return String(CharArray::of(0x59, 0x65, 0x70, 0x65, 0x73, 0x61, 0x77, 0x61, 0x2D, 0x69, 0x74, 0x61, 0x20, 0x6B, 0x0169, 0x74, 0x61, 0x20, 0x45, 0x75, 0x72, 0x75, 0x70, 0x61, 0x77, 0x61, 0x72, 0x61, 0x20, 0x28, 0x58, 0x42, 0x43, 0x29));
					break;
				case 275:
					if (count == -1) return String(CharArray::of(0x59, 0x65, 0x70, 0x65, 0x73, 0x61, 0x77, 0x61, 0x20, 0x6B, 0x0169, 0x74, 0x61, 0x20, 0x45, 0x75, 0x72, 0x75, 0x70, 0x61, 0x77, 0x61, 0x72, 0x61, 0x20, 0x28, 0x58, 0x42, 0x44, 0x29));
					if (count == 1) return String(CharArray::of(0x59, 0x65, 0x70, 0x65, 0x73, 0x61, 0x77, 0x61, 0x20, 0x6B, 0x0169, 0x74, 0x61, 0x20, 0x45, 0x75, 0x72, 0x75, 0x70, 0x61, 0x77, 0x61, 0x72, 0x61, 0x20, 0x28, 0x58, 0x42, 0x44, 0x29));
					if (count != 1) return String(CharArray::of(0x59, 0x65, 0x70, 0x65, 0x73, 0x61, 0x77, 0x61, 0x2D, 0x69, 0x74, 0x61, 0x20, 0x6B, 0x0169, 0x74, 0x61, 0x20, 0x45, 0x75, 0x72, 0x75, 0x70, 0x61, 0x77, 0x61, 0x72, 0x61, 0x20, 0x28, 0x58, 0x42, 0x44, 0x29));
					break;
				case 276:
					if (count == -1) return String(CharArray::of(0x44, 0xF3, 0x72, 0x61, 0x20, 0x4B, 0x61, 0x72, 0x69, 0x62, 0x69, 0x20, 0x55, 0x72, 0x69, 0x1EBD, 0x74, 0x61, 0x77, 0x61, 0x72, 0x61, 0x20, 0x79, 0x61, 0x72, 0x61));
					if (count == 1) return String(CharArray::of(0x44, 0xF3, 0x72, 0x61, 0x20, 0x4B, 0x61, 0x72, 0x69, 0x62, 0x69, 0x20, 0x55, 0x72, 0x69, 0x1EBD, 0x74, 0x61, 0x77, 0x61, 0x72, 0x61, 0x20, 0x79, 0x61, 0x72, 0x61));
					if (count != 1) return String(CharArray::of(0x44, 0xF3, 0x72, 0x61, 0x2D, 0x69, 0x74, 0x61, 0x20, 0x4B, 0x61, 0x72, 0x69, 0x62, 0x69, 0x20, 0x55, 0x72, 0x69, 0x1EBD, 0x74, 0x61, 0x77, 0x61, 0x72, 0x61, 0x20, 0x79, 0x61, 0x72, 0x61));
					break;
				case 278:
					if (count == -1) return String(CharArray::of(0x59, 0x75, 0x70, 0x69, 0x74, 0x61, 0x73, 0x75, 0x6B, 0x61, 0x73, 0x61, 0x20, 0x59, 0xE3, 0x6B, 0x61, 0x74, 0x75, 0x77, 0x61, 0x20, 0x4D, 0x75, 0x73, 0x61, 0x6B, 0x61, 0x73, 0x61, 0x77, 0x61));
					if (count == 1) return String(CharArray::of(0x59, 0x75, 0x70, 0x69, 0x74, 0x61, 0x73, 0x75, 0x6B, 0x61, 0x73, 0x61, 0x20, 0x59, 0xE3, 0x6B, 0x61, 0x74, 0x75, 0x77, 0x61, 0x20, 0x4D, 0x75, 0x73, 0x61, 0x6B, 0x61, 0x73, 0x61, 0x77, 0x61));
					if (count != 1) return String(CharArray::of(0x59, 0x75, 0x70, 0x69, 0x74, 0x61, 0x73, 0x75, 0x6B, 0x61, 0x73, 0x61, 0x2D, 0x69, 0x74, 0x61, 0x20, 0x59, 0xE3, 0x6B, 0x61, 0x74, 0x75, 0x77, 0x61, 0x20, 0x4D, 0x75, 0x73, 0x61, 0x6B, 0x61, 0x73, 0x61, 0x77, 0x61));
					break;
				case 279:
					if (count == -1) return String(CharArray::of(0x59, 0x65, 0x70, 0x65, 0x73, 0x61, 0x77, 0x61, 0x20, 0x4D, 0x75, 0x77, 0x65, 0x64, 0x61, 0x20, 0x45, 0x75, 0x72, 0x75, 0x70, 0x61, 0x77, 0x61, 0x72, 0x61));
					if (count == 1) return String(CharArray::of(0x59, 0x65, 0x70, 0x65, 0x73, 0x61, 0x77, 0x61, 0x20, 0x4D, 0x75, 0x77, 0x65, 0x64, 0x61, 0x20, 0x45, 0x75, 0x72, 0x75, 0x70, 0x61, 0x77, 0x61, 0x72, 0x61));
					if (count != 1) return String(CharArray::of(0x59, 0x65, 0x70, 0x65, 0x73, 0x61, 0x77, 0x61, 0x2D, 0x69, 0x74, 0x61, 0x20, 0x4D, 0x75, 0x77, 0x65, 0x64, 0x61, 0x2D, 0x69, 0x74, 0x61, 0x20, 0x45, 0x75, 0x72, 0x75, 0x70, 0x61, 0x77, 0x61, 0x72, 0x61));
					break;
				case 280:
					if (count == -1) return String(CharArray::of(0x46, 0x61, 0x72, 0xE3, 0x6B, 0x75, 0x2D, 0x6F, 0x75, 0x72, 0x75, 0x20, 0x46, 0x61, 0x72, 0xE3, 0x73, 0x61, 0x77, 0x61, 0x72, 0x61));
					if (count == 1) return String(CharArray::of(0x46, 0x61, 0x72, 0xE3, 0x6B, 0x75, 0x2D, 0x6F, 0x75, 0x72, 0x75, 0x20, 0x46, 0x61, 0x72, 0xE3, 0x73, 0x61, 0x77, 0x61, 0x72, 0x61));
					if (count != 1) return String(CharArray::of(0x46, 0x61, 0x72, 0xE3, 0x6B, 0x75, 0x2D, 0x6F, 0x75, 0x72, 0x75, 0x2D, 0x69, 0x74, 0x61, 0x20, 0x46, 0x61, 0x72, 0xE3, 0x73, 0x61, 0x77, 0x61, 0x72, 0x61));
					break;
				case 281:
					if (count == -1) return String(CharArray::of(0x46, 0x61, 0x72, 0xE3, 0x6B, 0x75, 0x20, 0x55, 0x49, 0x43, 0x20, 0x46, 0x61, 0x72, 0xE3, 0x73, 0x61, 0x77, 0x61, 0x72, 0x61));
					if (count == 1) return String(CharArray::of(0x46, 0x61, 0x72, 0xE3, 0x6B, 0x75, 0x20, 0x55, 0x49, 0x43, 0x20, 0x46, 0x61, 0x72, 0xE3, 0x73, 0x61, 0x77, 0x61, 0x72, 0x61));
					if (count != 1) return String(CharArray::of(0x46, 0x61, 0x72, 0xE3, 0x6B, 0x75, 0x20, 0x55, 0x49, 0x43, 0x2D, 0x69, 0x74, 0x61, 0x20, 0x46, 0x61, 0x72, 0xE3, 0x73, 0x61, 0x77, 0x61, 0x72, 0x61));
					break;
				case 282:
					if (count == -1) return String(CharArray::of(0x46, 0x61, 0x72, 0xE3, 0x6B, 0x75, 0x20, 0x43, 0x46, 0x41, 0x20, 0x42, 0x43, 0x45, 0x41, 0x4F, 0x20, 0x79, 0x61, 0x72, 0x61));
					if (count == 1) return String(CharArray::of(0x46, 0x61, 0x72, 0xE3, 0x6B, 0x75, 0x20, 0x43, 0x46, 0x41, 0x20, 0x42, 0x43, 0x45, 0x41, 0x4F, 0x20, 0x79, 0x61, 0x72, 0x61));
					if (count != 1) return String(CharArray::of(0x46, 0x61, 0x72, 0xE3, 0x6B, 0x75, 0x20, 0x43, 0x46, 0x41, 0x2D, 0x69, 0x74, 0x61, 0x20, 0x42, 0x43, 0x45, 0x41, 0x4F, 0x20, 0x79, 0x61, 0x72, 0x61, 0x2D, 0x69, 0x74, 0x61));
					break;
				case 283:
					if (count == -1) return String(CharArray::of(0x50, 0x61, 0x72, 0xE1, 0x64, 0x69, 0x79, 0x75));
					if (count == 1) return String(CharArray::of(0x50, 0x61, 0x72, 0xE1, 0x64, 0x69, 0x79, 0x75));
					if (count != 1) return String(CharArray::of(0x50, 0x61, 0x72, 0xE1, 0x64, 0x69, 0x79, 0x75, 0x2D, 0x69, 0x74, 0x61));
					break;
				case 284:
					if (count == -1) return String(CharArray::of(0x46, 0x61, 0x72, 0xE3, 0x6B, 0x75, 0x20, 0x43, 0x46, 0x50));
					if (count == 1) return String(CharArray::of(0x46, 0x61, 0x72, 0xE3, 0x6B, 0x75, 0x20, 0x43, 0x46, 0x50));
					if (count != 1) return String(CharArray::of(0x46, 0x61, 0x72, 0xE3, 0x6B, 0x75, 0x20, 0x43, 0x46, 0x50, 0x2D, 0x69, 0x74, 0x61));
					break;
				case 285:
					if (count == -1) return String(CharArray::of(0x50, 0x61, 0x72, 0x61, 0x74, 0x69, 0x6E, 0x61));
					if (count == 1) return String(CharArray::of(0x50, 0x61, 0x72, 0x61, 0x74, 0x69, 0x6E, 0x61));
					if (count != 1) return String(CharArray::of(0x50, 0x61, 0x72, 0x61, 0x74, 0x69, 0x6E, 0x61, 0x2D, 0x69, 0x74, 0x61));
					break;
				case 286:
					if (count == -1) return String(CharArray::of(0x46, 0x0169, 0x64, 0x75, 0x20, 0x52, 0x49, 0x4E, 0x45, 0x54));
					if (count == 1) return String(CharArray::of(0x46, 0x0169, 0x64, 0x75, 0x20, 0x52, 0x49, 0x4E, 0x45, 0x54));
					if (count != 1) return String(CharArray::of(0x46, 0x0169, 0x64, 0x75, 0x2D, 0x69, 0x74, 0x61, 0x20, 0x52, 0x49, 0x4E, 0x45, 0x54));
					break;
				case 288:
					if (count == -1) return String(CharArray::of(0x4B, 0x75, 0x64, 0x69, 0x67, 0x75, 0x20, 0x4D, 0x75, 0x77, 0x65, 0x64, 0x61, 0x20, 0x59, 0x75, 0x73, 0xE3, 0x20, 0x79, 0x61, 0x72, 0x61));
					if (count == 1) return String(CharArray::of(0x4B, 0x75, 0x64, 0x69, 0x67, 0x75, 0x20, 0x4D, 0x75, 0x77, 0x65, 0x64, 0x61, 0x20, 0x59, 0x75, 0x73, 0xE3, 0x20, 0x79, 0x61, 0x72, 0x61));
					if (count != 1) return String(CharArray::of(0x4B, 0x75, 0x64, 0x69, 0x67, 0x75, 0x2D, 0x69, 0x74, 0x61, 0x20, 0x4D, 0x75, 0x77, 0x65, 0x64, 0x61, 0x20, 0x59, 0x75, 0x73, 0xE3, 0x20, 0x79, 0x61, 0x72, 0x61));
					break;
				case 290:
					if (count == -1) return String(CharArray::of(0x4D, 0x6F, 0x77, 0x65, 0x64, 0x61, 0x20, 0x0169, 0x62, 0x61, 0x77, 0x61, 0x75, 0x6B, 0x75, 0x61, 0x20, 0x61, 0x77, 0x61));
					if (count == 1) return String(CharArray::of(0x28, 0x79, 0x65, 0x70, 0x65, 0x73, 0x61, 0x77, 0x61, 0x20, 0x6D, 0x75, 0x6E, 0x65, 0x74, 0x61, 0x72, 0x69, 0x79, 0x61, 0x20, 0x0169, 0x62, 0x61, 0x77, 0x61, 0x75, 0x6B, 0x75, 0x61, 0x20, 0x61, 0x77, 0x61, 0x29));
					if (count != 1) return String(CharArray::of(0x28, 0x6D, 0x6F, 0x77, 0x65, 0x64, 0x61, 0x2D, 0x69, 0x74, 0x61, 0x20, 0x0169, 0x62, 0x61, 0x77, 0x61, 0x75, 0x6B, 0x75, 0x61, 0x20, 0x61, 0x77, 0x61, 0x2D, 0x69, 0x74, 0x61, 0x29));
					break;
				case 291:
					if (count == -1) return String(CharArray::of(0x44, 0x69, 0x6E, 0x61, 0x72, 0x69, 0x20, 0x59, 0x65, 0x6D, 0x1EBD, 0x77, 0x61, 0x72, 0x61));
					if (count == 1) return String(CharArray::of(0x44, 0x69, 0x6E, 0x61, 0x72, 0x69, 0x20, 0x59, 0x65, 0x6D, 0x1EBD, 0x77, 0x61, 0x72, 0x61));
					if (count != 1) return String(CharArray::of(0x44, 0x69, 0x6E, 0xE3, 0x2D, 0x69, 0x74, 0x61, 0x20, 0x59, 0x65, 0x6D, 0x1EBD, 0x77, 0x61, 0x72, 0x61));
					break;
				case 292:
					if (count == -1) return String(CharArray::of(0x52, 0x69, 0x79, 0x61, 0x75, 0x20, 0x79, 0x65, 0x6D, 0x69, 0x6E, 0x69, 0x74, 0x61));
					if (count == 1) return String(CharArray::of(0x52, 0x69, 0x79, 0x61, 0x75, 0x20, 0x79, 0x65, 0x6D, 0x69, 0x6E, 0x69, 0x74, 0x61));
					if (count != 1) return String(CharArray::of(0x52, 0x69, 0x79, 0x61, 0x75, 0x2D, 0x69, 0x74, 0x61, 0x20, 0x79, 0x65, 0x6D, 0x69, 0x6E, 0x69, 0x74, 0x61, 0x2D, 0x69, 0x74, 0x61));
					break;
				case 293:
					if (count == -1) return String(CharArray::of(0x44, 0x69, 0x6E, 0x61, 0x72, 0x69, 0x20, 0x6B, 0x69, 0x72, 0x0129, 0x62, 0x61, 0x77, 0x61, 0x20, 0x59, 0x75, 0x67, 0x75, 0x73, 0x69, 0x72, 0x61, 0x77, 0x69, 0x61, 0x77, 0x61, 0x72, 0x61, 0x20, 0x28, 0x31, 0x39, 0x36, 0x36, 0x2013, 0x31, 0x39, 0x39, 0x30, 0x29));
					if (count == 1) return String(CharArray::of(0x44, 0x69, 0x6E, 0x61, 0x72, 0x69, 0x20, 0x6B, 0x69, 0x72, 0x0129, 0x62, 0x61, 0x77, 0x61, 0x20, 0x59, 0x75, 0x67, 0x75, 0x73, 0x69, 0x72, 0x61, 0x77, 0x69, 0x61, 0x77, 0x61, 0x72, 0x61));
					if (count != 1) return String(CharArray::of(0x44, 0x69, 0x6E, 0x61, 0x72, 0x69, 0x2D, 0x69, 0x74, 0x61, 0x20, 0x6B, 0x69, 0x72, 0x0129, 0x62, 0x61, 0x77, 0x61, 0x2D, 0x69, 0x74, 0x61, 0x20, 0x59, 0x75, 0x67, 0x75, 0x73, 0x69, 0x72, 0x61, 0x77, 0x69, 0x61, 0x77, 0x61, 0x72, 0x61));
					break;
				case 294:
					if (count == -1) return String(CharArray::of(0x44, 0x69, 0x6E, 0x61, 0x72, 0x69, 0x20, 0x70, 0x69, 0x73, 0x61, 0x73, 0x75, 0x77, 0x61, 0x20, 0x79, 0x75, 0x67, 0x75, 0x73, 0x69, 0x72, 0x61, 0x77, 0x69, 0x61, 0x20, 0x28, 0x31, 0x39, 0x39, 0x34, 0x2013, 0x32, 0x30, 0x30, 0x32, 0x29));
					if (count == 1) return String(CharArray::of(0x44, 0x69, 0x6E, 0x61, 0x72, 0x69, 0x20, 0x70, 0x69, 0x73, 0x61, 0x73, 0x75, 0x77, 0x61, 0x20, 0x59, 0x75, 0x67, 0x75, 0x73, 0x69, 0x72, 0x61, 0x77, 0x69, 0x61, 0x77, 0x61, 0x72, 0x61));
					if (count != 1) return String(CharArray::of(0x44, 0x69, 0x6E, 0x61, 0x72, 0x69, 0x2D, 0x69, 0x74, 0x61, 0x20, 0x70, 0x69, 0x73, 0x61, 0x73, 0x75, 0x77, 0x61, 0x2D, 0x69, 0x74, 0x61, 0x20, 0x59, 0x75, 0x67, 0x75, 0x73, 0x69, 0x72, 0x61, 0x77, 0x69, 0x61, 0x77, 0x61, 0x72, 0x61));
					break;
				case 295:
					if (count == -1) return String(CharArray::of(0x44, 0x69, 0x6E, 0x61, 0x72, 0x69, 0x20, 0x79, 0x75, 0x6D, 0x75, 0x79, 0x65, 0x72, 0x65, 0x77, 0x61, 0x20, 0x59, 0x75, 0x67, 0x75, 0x73, 0x69, 0x72, 0x61, 0x77, 0x69, 0x61, 0x77, 0x61, 0x72, 0x61, 0x20, 0x28, 0x31, 0x39, 0x39, 0x30, 0x2013, 0x31, 0x39, 0x39, 0x32, 0x29));
					if (count == 1) return String(CharArray::of(0x44, 0x69, 0x6E, 0x61, 0x72, 0x69, 0x20, 0x79, 0x75, 0x6D, 0x75, 0x79, 0x65, 0x72, 0x65, 0x77, 0x61, 0x20, 0x59, 0x75, 0x67, 0x75, 0x73, 0x69, 0x72, 0x61, 0x77, 0x69, 0x61, 0x77, 0x61, 0x72, 0x61));
					if (count != 1) return String(CharArray::of(0x44, 0x69, 0x6E, 0x61, 0x72, 0x69, 0x2D, 0x69, 0x74, 0x61, 0x20, 0x79, 0x75, 0x6D, 0x75, 0x79, 0x65, 0x72, 0x65, 0x77, 0x61, 0x2D, 0x69, 0x74, 0x61, 0x20, 0x59, 0x75, 0x67, 0x75, 0x73, 0x69, 0x72, 0x61, 0x77, 0x69, 0x61, 0x77, 0x61, 0x72, 0x61));
					break;
				case 296:
					if (count == -1) return String(CharArray::of(0x44, 0x69, 0x6E, 0x61, 0x72, 0x69, 0x20, 0x79, 0x0169, 0x70, 0x69, 0x73, 0x61, 0x73, 0x75, 0x77, 0x61, 0x20, 0x59, 0x75, 0x67, 0x75, 0x73, 0x69, 0x72, 0x61, 0x77, 0x69, 0x61, 0x77, 0x61, 0x72, 0x61, 0x20, 0x28, 0x31, 0x39, 0x39, 0x32, 0x2013, 0x31, 0x39, 0x39, 0x33, 0x29));
					if (count == 1) return String(CharArray::of(0x44, 0x69, 0x6E, 0x61, 0x72, 0x69, 0x20, 0x79, 0x0169, 0x70, 0x69, 0x73, 0x61, 0x73, 0x75, 0x77, 0x61, 0x20, 0x59, 0x75, 0x67, 0x75, 0x73, 0x69, 0x72, 0x61, 0x77, 0x69, 0x61, 0x77, 0x61, 0x72, 0x61));
					if (count != 1) return String(CharArray::of(0x44, 0x69, 0x6E, 0x61, 0x72, 0x69, 0x2D, 0x69, 0x74, 0x61, 0x20, 0x79, 0x0169, 0x70, 0x69, 0x73, 0x61, 0x73, 0x75, 0x77, 0x61, 0x2D, 0x69, 0x74, 0x61, 0x20, 0x59, 0x75, 0x67, 0x75, 0x73, 0x69, 0x72, 0x61, 0x77, 0x69, 0x61, 0x77, 0x61, 0x72, 0x61));
					break;
				case 297:
					if (count == -1) return String(CharArray::of(0x52, 0xE3, 0x64, 0x69, 0x20, 0x73, 0x75, 0x2D, 0x61, 0x66, 0x69, 0x72, 0x69, 0x6B, 0x61, 0x6E, 0x75, 0x20, 0x28, 0x66, 0x69, 0x6E, 0xE3, 0x73, 0x65, 0x72, 0x75, 0x29));
					if (count == 1) return String(CharArray::of(0x52, 0xE3, 0x64, 0x69, 0x20, 0x41, 0x66, 0x69, 0x72, 0x69, 0x6B, 0x61, 0x20, 0x53, 0x75, 0x20, 0x6B, 0x69, 0x74, 0x69, 0x77, 0x61, 0x72, 0x61, 0x20, 0x28, 0x66, 0x69, 0x6E, 0xE3, 0x73, 0x65, 0x72, 0x75, 0x29));
					if (count != 1) return String(CharArray::of(0x52, 0xE3, 0x64, 0x69, 0x2D, 0x69, 0x74, 0x61, 0x20, 0x41, 0x66, 0x69, 0x72, 0x69, 0x6B, 0x61, 0x20, 0x53, 0x75, 0x20, 0x6B, 0x69, 0x74, 0x69, 0x77, 0x61, 0x72, 0x61, 0x20, 0x28, 0x66, 0x69, 0x6E, 0xE3, 0x73, 0x65, 0x72, 0x75, 0x29));
					break;
				case 298:
					if (count == -1) return String(CharArray::of(0x52, 0xE3, 0x64, 0x69, 0x2D, 0x69, 0x74, 0x61, 0x20, 0x41, 0x66, 0x69, 0x72, 0x69, 0x6B, 0x61, 0x20, 0x53, 0x75, 0x20, 0x6B, 0x69, 0x74, 0x69, 0x77, 0x61, 0x72, 0x61));
					if (count == 1) return String(CharArray::of(0x52, 0xE3, 0x64, 0x69, 0x20, 0x53, 0x75, 0x2D, 0x41, 0x66, 0x69, 0x72, 0x69, 0x6B, 0x61, 0x77, 0x61, 0x72, 0x61));
					if (count != 1) return String(CharArray::of(0x52, 0xE3, 0x64, 0x69, 0x2D, 0x69, 0x74, 0x61, 0x20, 0x53, 0x75, 0x2D, 0x41, 0x66, 0x69, 0x72, 0x69, 0x6B, 0x61, 0x77, 0x61, 0x72, 0x61));
					break;
				case 299:
					if (count == -1) return String(CharArray::of(0x4B, 0x75, 0x77, 0x61, 0x78, 0x61, 0x20, 0x73, 0xE3, 0x62, 0x69, 0x61, 0x6E, 0x75, 0x20, 0x28, 0x31, 0x39, 0x36, 0x38, 0x2013, 0x32, 0x30, 0x31, 0x32, 0x29));
					if (count == 1) return String(CharArray::of(0x4B, 0x75, 0x77, 0x61, 0x78, 0x61, 0x20, 0x53, 0xE3, 0x62, 0x69, 0x61, 0x77, 0x61, 0x72, 0x61, 0x20, 0x28, 0x31, 0x39, 0x36, 0x38, 0x2013, 0x32, 0x30, 0x31, 0x32, 0x29));
					if (count != 1) return String(CharArray::of(0x4B, 0x75, 0x77, 0x61, 0x78, 0x61, 0x2D, 0x69, 0x74, 0x61, 0x20, 0x53, 0xE3, 0x62, 0x69, 0x61, 0x77, 0x61, 0x72, 0x61, 0x20, 0x28, 0x31, 0x39, 0x36, 0x38, 0x2013, 0x32, 0x30, 0x31, 0x32, 0x29));
					break;
				case 300:
					if (count == -1) return String(CharArray::of(0x4B, 0x75, 0x77, 0x61, 0x78, 0x61, 0x20, 0x73, 0xE3, 0x62, 0x69, 0x61, 0x6E, 0x75));
					if (count == 1) return String(CharArray::of(0x4B, 0x75, 0x77, 0x61, 0x78, 0x61, 0x20, 0x73, 0xE3, 0x62, 0x69, 0x61, 0x6E, 0x75));
					if (count != 1) return String(CharArray::of(0x4B, 0x75, 0x77, 0x61, 0x78, 0x61, 0x2D, 0x69, 0x74, 0x61, 0x20, 0x73, 0xE3, 0x62, 0x69, 0x61, 0x6E, 0x75, 0x2D, 0x69, 0x74, 0x61));
					break;
				case 301:
					if (count == -1) return String(CharArray::of(0x53, 0x61, 0x69, 0x72, 0x65, 0x20, 0x50, 0x69, 0x73, 0x61, 0x73, 0x75, 0x77, 0x61, 0x20, 0x53, 0x61, 0x69, 0x72, 0x65, 0x77, 0x61, 0x72, 0x61, 0x20, 0x28, 0x31, 0x39, 0x39, 0x33, 0x2013, 0x31, 0x39, 0x39, 0x38, 0x29));
					if (count == 1) return String(CharArray::of(0x53, 0x61, 0x69, 0x72, 0x65, 0x20, 0x50, 0x69, 0x73, 0x61, 0x73, 0x75, 0x77, 0x61, 0x20, 0x53, 0x61, 0x69, 0x72, 0x65, 0x77, 0x61, 0x72, 0x61));
					if (count != 1) return String(CharArray::of(0x53, 0x61, 0x69, 0x72, 0x65, 0x2D, 0x69, 0x74, 0x61, 0x20, 0x50, 0x69, 0x73, 0x61, 0x73, 0x75, 0x77, 0x61, 0x20, 0x53, 0x61, 0x69, 0x72, 0x65, 0x77, 0x61, 0x72, 0x61));
					break;
				case 302:
					if (count == -1) return String(CharArray::of(0x53, 0x61, 0x69, 0x72, 0x65, 0x20, 0x53, 0x61, 0x69, 0x72, 0x65, 0x77, 0x61, 0x72, 0x61, 0x20, 0x28, 0x31, 0x39, 0x37, 0x31, 0x2013, 0x31, 0x39, 0x39, 0x33, 0x29));
					if (count == 1) return String(CharArray::of(0x53, 0x61, 0x69, 0x72, 0x65, 0x20, 0x53, 0x61, 0x69, 0x72, 0x65, 0x77, 0x61, 0x72, 0x61));
					if (count != 1) return String(CharArray::of(0x53, 0x61, 0x69, 0x72, 0x65, 0x2D, 0x69, 0x74, 0x61, 0x20, 0x53, 0x61, 0x69, 0x72, 0x65, 0x77, 0x61, 0x72, 0x61));
					break;
				case 303:
					if (count == -1) return String(CharArray::of(0x44, 0xF3, 0x72, 0x61, 0x20, 0x53, 0x0129, 0x62, 0x61, 0x62, 0x75, 0x77, 0x65, 0x77, 0x61, 0x72, 0x61, 0x20, 0x28, 0x31, 0x39, 0x38, 0x30, 0x2013, 0x32, 0x30, 0x30, 0x38, 0x29));
					if (count == 1) return String(CharArray::of(0x44, 0xF3, 0x72, 0x61, 0x20, 0x53, 0x0129, 0x62, 0x61, 0x62, 0x75, 0x77, 0x65, 0x77, 0x61, 0x72, 0x61));
					if (count != 1) return String(CharArray::of(0x44, 0xF3, 0x72, 0x61, 0x2D, 0x69, 0x74, 0x61, 0x20, 0x53, 0x0129, 0x62, 0x61, 0x62, 0x75, 0x77, 0x65, 0x77, 0x61, 0x72, 0x61));
					break;
				case 305:
					if (count == -1) return String(CharArray::of(0x44, 0xF3, 0x72, 0x61, 0x20, 0x53, 0x0129, 0x62, 0x61, 0x62, 0x75, 0x77, 0x65, 0x77, 0x61, 0x72, 0x61, 0x20, 0x28, 0x32, 0x30, 0x30, 0x39, 0x29));
					if (count == 1) return String(CharArray::of(0x44, 0xF3, 0x72, 0x61, 0x20, 0x53, 0x0129, 0x62, 0x61, 0x62, 0x75, 0x77, 0x65, 0x77, 0x61, 0x72, 0x61, 0x20, 0x28, 0x32, 0x30, 0x30, 0x39, 0x29));
					if (count != 1) return String(CharArray::of(0x44, 0xF3, 0x72, 0x61, 0x2D, 0x69, 0x74, 0x61, 0x20, 0x53, 0x0129, 0x62, 0x61, 0x62, 0x75, 0x77, 0x65, 0x77, 0x61, 0x72, 0x61, 0x20, 0x28, 0x32, 0x30, 0x30, 0x39, 0x29));
					break;
				case 306:
					if (count == -1) return String(CharArray::of(0x44, 0xF3, 0x72, 0x61, 0x20, 0x53, 0x0129, 0x62, 0x61, 0x62, 0x75, 0x77, 0x65, 0x77, 0x61, 0x72, 0x61, 0x20, 0x28, 0x32, 0x30, 0x30, 0x38, 0x29));
					if (count == 1) return String(CharArray::of(0x44, 0xF3, 0x72, 0x61, 0x20, 0x53, 0x0129, 0x62, 0x61, 0x62, 0x75, 0x77, 0x65, 0x77, 0x61, 0x72, 0x61, 0x20, 0x28, 0x32, 0x30, 0x30, 0x38, 0x29));
					if (count != 1) return String(CharArray::of(0x44, 0xF3, 0x72, 0x61, 0x2D, 0x69, 0x74, 0x61, 0x20, 0x53, 0x0129, 0x62, 0x61, 0x62, 0x75, 0x77, 0x65, 0x77, 0x61, 0x72, 0x61, 0x20, 0x28, 0x32, 0x30, 0x30, 0x38, 0x29));
					break;
            default: break;
            }
            return String();
        }
        
        String Yrl::displayUnit(gint unit, gint count) const {
            switch(unit) { 
				case 1: return String(CharArray::of(0x6D, 0x65, 0x74, 0x75, 0x72, 0x75, 0x20, 0x73, 0x65, 0x67, 0x0169, 0x64, 0x75, 0x20, 0x6B, 0x75, 0x61, 0x64, 0x61, 0x72, 0x61, 0x64, 0x75, 0x20, 0x72, 0x75, 0x70, 0x69));
				case 6: return String(CharArray::of(0x79, 0x61, 0x74, 0x69, 0x6D, 0x61, 0x6E, 0x61, 0x73, 0x61, 0x77, 0x61));
				case 5: return String(CharArray::of(0x72, 0x61, 0x64, 0x69, 0x61, 0x6E, 0x6F, 0x2D, 0x69, 0x74, 0x61));
				case 2: return String(CharArray::of(0x6D, 0x69, 0x72, 0x61, 0x70, 0x61, 0x72, 0x61, 0x20, 0x6D, 0x69, 0x6E, 0x75, 0x74, 0x75, 0x2D, 0x69, 0x74, 0x61));
				case 3: return String(CharArray::of(0x6D, 0x69, 0x72, 0x61, 0x70, 0x61, 0x72, 0x61, 0x20, 0x73, 0x65, 0x67, 0x0169, 0x64, 0x75, 0x2D, 0x69, 0x74, 0x61));
				case 16: return String(CharArray::of(0x61, 0x70, 0x65, 0x6B, 0x61, 0x74, 0x75, 0x73, 0x61, 0x77, 0x61, 0x20, 0x6B, 0x75, 0x61, 0x64, 0x61, 0x72, 0x61, 0x64, 0x75, 0x2D, 0x69, 0x74, 0x61));
				case 11: return String(CharArray::of(0x68, 0x65, 0x63, 0x74, 0x61, 0x72, 0x65, 0x2D, 0x69, 0x74, 0x61));
				case 17: return String(CharArray::of(0x6D, 0x65, 0x74, 0x75, 0x72, 0x75, 0x20, 0x6B, 0x75, 0x61, 0x64, 0x61, 0x72, 0x61, 0x64, 0x75, 0x2D, 0x69, 0x74, 0x61));
				case 13: return String(CharArray::of(0x73, 0x1EBD, 0x74, 0x69, 0x6D, 0x65, 0x74, 0x75, 0x72, 0x75, 0x20, 0x6B, 0x75, 0x61, 0x64, 0x61, 0x72, 0x61, 0x64, 0x75, 0x2D, 0x69, 0x74, 0x61));
				case 18: return String(CharArray::of(0x6D, 0x69, 0x6C, 0x68, 0x61, 0x20, 0x6B, 0x75, 0x61, 0x64, 0x61, 0x72, 0x61, 0x64, 0x75, 0x2D, 0x69, 0x74, 0x61));
				case 7: return String(CharArray::of(0x61, 0x63, 0x72, 0x65, 0x2D, 0x69, 0x74, 0x61));
				case 19: return String(CharArray::of(0x6A, 0x61, 0x72, 0x64, 0x61, 0x20, 0x6B, 0x75, 0x61, 0x64, 0x61, 0x72, 0x61, 0x64, 0x75, 0x2D, 0x69, 0x74, 0x61));
				case 14: return String(CharArray::of(0x70, 0xED, 0x20, 0x6B, 0x75, 0x61, 0x64, 0x61, 0x72, 0x61, 0x64, 0x75, 0x2D, 0x69, 0x74, 0x61));
				case 15: return String(CharArray::of(0x70, 0x75, 0x72, 0x65, 0x67, 0x61, 0x64, 0x61, 0x20, 0x6B, 0x75, 0x61, 0x64, 0x61, 0x72, 0x61, 0x64, 0x75, 0x2D, 0x69, 0x74, 0x61));
				case 10: return String(CharArray::of(0x64, 0x75, 0x6E, 0x61, 0x6E, 0x2D, 0x69, 0x74, 0x61));
				case 21: return String(CharArray::of(0x6B, 0x69, 0x6C, 0x61, 0x74, 0x65, 0x2D, 0x69, 0x74, 0x61));
				case 22: return String(CharArray::of(0x6D, 0x69, 0x72, 0x69, 0x67, 0x72, 0x61, 0x6D, 0x61, 0x2D, 0x69, 0x74, 0x61, 0x20, 0x64, 0x65, 0x73, 0x69, 0x72, 0x69, 0x74, 0x72, 0x75, 0x20, 0x72, 0x75, 0x70, 0x69));
				case 23: return String(CharArray::of(0x6D, 0x69, 0x72, 0x69, 0x6D, 0x6F, 0x6C, 0x2D, 0x69, 0x74, 0x61, 0x20, 0x69, 0x72, 0x65, 0x72, 0xFA, 0x2D, 0x70, 0x75, 0x6B, 0xFA, 0x20, 0x72, 0x75, 0x70, 0x69));
				case 27: return String(CharArray::of(0x70, 0x69, 0x73, 0x61, 0x77, 0x65, 0x72, 0x61, 0x2D, 0x69, 0x74, 0x61, 0x20, 0x6D, 0x69, 0x6C, 0x69, 0xE3, 0x75, 0x20, 0x72, 0x75, 0x70, 0x69));
				case 24: return String(CharArray::of(0x6D, 0x6F, 0x6C, 0x2D, 0x69, 0x74, 0x61));
				case 31: return String(CharArray::of(0x69, 0x72, 0x65, 0x72, 0xFA, 0x2D, 0x70, 0x75, 0x6B, 0xFA, 0x2D, 0x69, 0x74, 0x61, 0x20, 0x61, 0x70, 0x65, 0x6B, 0x61, 0x74, 0x75, 0x73, 0x61, 0x77, 0x61, 0x20, 0x72, 0x75, 0x70, 0x69));
				case 30: return String(CharArray::of(0x69, 0x72, 0x65, 0x72, 0xFA, 0x2D, 0x70, 0x75, 0x6B, 0xFA, 0x2D, 0x69, 0x74, 0x61, 0x20, 0x31, 0x30, 0x30, 0x20, 0x61, 0x70, 0x65, 0x6B, 0x61, 0x74, 0x75, 0x73, 0x61, 0x77, 0x61, 0x20, 0x72, 0x75, 0x70, 0x69));
				case 32: return String(CharArray::of(0x6D, 0x69, 0x6C, 0x68, 0x61, 0x2D, 0x69, 0x74, 0x61, 0x20, 0x6B, 0x61, 0x72, 0xF3, 0x74, 0x69, 0x20, 0x72, 0x75, 0x70, 0x69));
				case 33: return String(CharArray::of(0x6D, 0x69, 0x6C, 0x68, 0x61, 0x2D, 0x69, 0x74, 0x61, 0x20, 0x6B, 0x61, 0x72, 0xF3, 0x74, 0x69, 0x20, 0x0129, 0x70, 0x65, 0x72, 0x69, 0x61, 0x77, 0x61, 0x20, 0x72, 0x75, 0x70, 0x69));
				case 42: return String(CharArray::of(0x70, 0x65, 0x74, 0x61, 0x62, 0x79, 0x74, 0x65, 0x2D, 0x69, 0x74, 0x61));
				case 44: return String(CharArray::of(0x74, 0x65, 0x72, 0x61, 0x62, 0x79, 0x74, 0x65, 0x2D, 0x69, 0x74, 0x61));
				case 43: return String(CharArray::of(0x74, 0x65, 0x72, 0x61, 0x62, 0x69, 0x74, 0x2D, 0x69, 0x74, 0x61));
				case 37: return String(CharArray::of(0x67, 0x69, 0x67, 0x61, 0x62, 0x79, 0x74, 0x65, 0x2D, 0x69, 0x74, 0x61));
				case 36: return String(CharArray::of(0x67, 0x69, 0x67, 0x61, 0x62, 0x69, 0x74, 0x2D, 0x69, 0x74, 0x61));
				case 41: return String(CharArray::of(0x6D, 0x65, 0x67, 0x61, 0x62, 0x79, 0x74, 0x65, 0x2D, 0x69, 0x74, 0x61));
				case 40: return String(CharArray::of(0x6D, 0x65, 0x67, 0x61, 0x62, 0x69, 0x74, 0x2D, 0x69, 0x74, 0x61));
				case 39: return String(CharArray::of(0x6B, 0x69, 0x72, 0x75, 0x62, 0x79, 0x74, 0x65, 0x2D, 0x69, 0x74, 0x61));
				case 38: return String(CharArray::of(0x6B, 0x69, 0x72, 0x75, 0x62, 0x69, 0x74, 0x2D, 0x69, 0x74, 0x61));
				case 35: return String(CharArray::of(0x62, 0x79, 0x74, 0x65, 0x2D, 0x69, 0x74, 0x61));
				case 34: return String(CharArray::of(0x62, 0x69, 0x74, 0x2D, 0x69, 0x74, 0x61));
				case 45: return String(CharArray::of(0x73, 0xE9, 0x6B, 0x75, 0x72, 0x75, 0x2D, 0x69, 0x74, 0x61));
				case 48: return String(CharArray::of(0x64, 0xE9, 0x6B, 0x61, 0x64, 0x61, 0x2D, 0x69, 0x74, 0x61));
				case 61: return String(CharArray::of(0x61, 0x6B, 0x61, 0x79, 0xFA, 0x2D, 0x69, 0x74, 0x61));
				case 53: return String(CharArray::of(0x79, 0x61, 0x73, 0xED, 0x2D, 0x69, 0x74, 0x61));
				case 59: return String(CharArray::of(0x73, 0x1EBD, 0x6D, 0xE3, 0x6E, 0x61, 0x2D, 0x69, 0x74, 0x61));
				case 46: return String(CharArray::of(0x61, 0x72, 0x61, 0x2D, 0x69, 0x74, 0x61));
				case 49: return String(CharArray::of(0x68, 0x75, 0x72, 0x61, 0x2D, 0x69, 0x74, 0x61));
				case 52: return String(CharArray::of(0x6D, 0x69, 0x6E, 0x75, 0x74, 0x75, 0x2D, 0x69, 0x74, 0x61));
				case 58: return String(CharArray::of(0x73, 0x65, 0x67, 0x0169, 0x64, 0x75, 0x2D, 0x69, 0x74, 0x61));
				case 51: return String(CharArray::of(0x6D, 0x69, 0x72, 0x69, 0x73, 0x65, 0x67, 0x0169, 0x64, 0x75, 0x2D, 0x69, 0x74, 0x61));
				case 50: return String(CharArray::of(0x6D, 0x69, 0x6B, 0x72, 0x75, 0x73, 0x65, 0x67, 0x0169, 0x64, 0x75, 0x2D, 0x69, 0x74, 0x61));
				case 55: return String(CharArray::of(0x6E, 0x61, 0x6E, 0x75, 0x73, 0x65, 0x67, 0x0169, 0x64, 0x75, 0x2D, 0x69, 0x74, 0x61));
				case 63: return String(CharArray::of(0x61, 0x6D, 0x70, 0x65, 0x72, 0x65, 0x2D, 0x69, 0x74, 0x61));
				case 64: return String(CharArray::of(0x6D, 0x69, 0x72, 0x69, 0x61, 0x6D, 0x70, 0x65, 0x72, 0x65, 0x2D, 0x69, 0x74, 0x61));
				case 65: return String(CharArray::of(0x6F, 0x68, 0x6D, 0x2D, 0x69, 0x74, 0x61));
				case 66: return String(CharArray::of(0x76, 0x6F, 0x6C, 0x74, 0x2D, 0x69, 0x74, 0x61));
				case 72: return String(CharArray::of(0x6B, 0x69, 0x72, 0x75, 0x6B, 0x61, 0x72, 0x75, 0x72, 0x69, 0x61, 0x2D, 0x69, 0x74, 0x61));
				case 68: return String(CharArray::of(0x6B, 0x61, 0x72, 0x75, 0x72, 0x69, 0x61));
				case 70: return String(CharArray::of(0x4B, 0x61, 0x72, 0x75, 0x72, 0x69, 0x61));
				case 73: return String(CharArray::of(0x6B, 0x69, 0x72, 0x75, 0x6A, 0x6F, 0x75, 0x6C, 0x65, 0x2D, 0x69, 0x74, 0x61));
				case 71: return String(CharArray::of(0x6A, 0x6F, 0x75, 0x6C, 0x65, 0x2D, 0x69, 0x74, 0x61));
				case 74: return String(CharArray::of(0x6B, 0x69, 0x72, 0x75, 0x77, 0x61, 0x74, 0x74, 0x2D, 0x68, 0x75, 0x72, 0x61, 0x2D, 0x69, 0x74, 0x61));
				case 69: return String(CharArray::of(0x65, 0x6C, 0xE9, 0x74, 0x72, 0x6F, 0x6E, 0x2D, 0x76, 0x6F, 0x6C, 0x74, 0x2D, 0x69, 0x74, 0x61));
				case 67: return String(CharArray::of(0x79, 0x65, 0x70, 0x65, 0x73, 0x61, 0x77, 0x61, 0x20, 0x73, 0x61, 0x6B, 0x75, 0x73, 0x61, 0x77, 0x61, 0x20, 0x62, 0x69, 0x72, 0x69, 0x74, 0xE3, 0x6E, 0x69, 0x6B, 0x61, 0x2D, 0x69, 0x74, 0x61));
				case 75: return String(CharArray::of(0x79, 0x65, 0x70, 0x65, 0x73, 0x61, 0x77, 0x61, 0x20, 0x73, 0x61, 0x6B, 0x75, 0x73, 0x61, 0x77, 0x61, 0x20, 0x45, 0x55, 0x41, 0x2D, 0x73, 0x75, 0xED, 0x2D, 0x69, 0x74, 0x61));
				case 78: return String(CharArray::of(0x6B, 0x69, 0x72, 0x0129, 0x62, 0x61, 0x20, 0x6C, 0x69, 0x62, 0x72, 0x61, 0x2D, 0x69, 0x74, 0x61));
				case 77: return String(CharArray::of(0x6E, 0x65, 0x77, 0x74, 0x6F, 0x6E, 0x2D, 0x69, 0x74, 0x61));
				case 79: return String(CharArray::of(0x67, 0x69, 0x67, 0x61, 0x68, 0x65, 0x72, 0x74, 0x7A, 0x2D, 0x69, 0x74, 0x61));
				case 82: return String(CharArray::of(0x6D, 0x65, 0x67, 0x61, 0x68, 0x65, 0x72, 0x74, 0x7A, 0x2D, 0x69, 0x74, 0x61));
				case 81: return String(CharArray::of(0x6B, 0x69, 0x72, 0x75, 0x68, 0x65, 0x72, 0x74, 0x7A, 0x2D, 0x69, 0x74, 0x61));
				case 80: return String(CharArray::of(0x68, 0x65, 0x72, 0x74, 0x7A, 0x2D, 0x69, 0x74, 0x61));
				case 86: return String(CharArray::of(0x74, 0x69, 0x70, 0x6F, 0x67, 0x72, 0x61, 0x66, 0x69, 0x61, 0x20, 0x65, 0x6D));
				case 88: return String(CharArray::of(0x70, 0x69, 0x6B, 0x69, 0x73, 0x65, 0x6C, 0x2D, 0x69, 0x74, 0x61));
				case 87: return String(CharArray::of(0x6D, 0x65, 0x67, 0x61, 0x70, 0x69, 0x6B, 0x69, 0x73, 0x65, 0x6C, 0x2D, 0x69, 0x74, 0x61));
				case 89: return String(CharArray::of(0x70, 0x69, 0x6B, 0x69, 0x73, 0x65, 0x6C, 0x2D, 0x69, 0x74, 0x61, 0x20, 0x73, 0x1EBD, 0x74, 0x69, 0x6D, 0x65, 0x74, 0x75, 0x72, 0x75, 0x20, 0x72, 0x75, 0x70, 0x69));
				case 90: return String(CharArray::of(0x70, 0x69, 0x6B, 0x69, 0x73, 0x65, 0x6C, 0x2D, 0x69, 0x74, 0x61, 0x20, 0x70, 0x75, 0x72, 0x65, 0x67, 0x61, 0x64, 0x61, 0x20, 0x72, 0x75, 0x70, 0x69));
				case 84: return String(CharArray::of(0x70, 0x69, 0x74, 0x75, 0x73, 0xE1, 0x2D, 0x69, 0x74, 0x61, 0x20, 0x73, 0x1EBD, 0x74, 0x69, 0x6D, 0x65, 0x74, 0x75, 0x72, 0x75, 0x20, 0x72, 0x75, 0x70, 0x69));
				case 85: return String(CharArray::of(0x70, 0x69, 0x74, 0x75, 0x73, 0xE1, 0x2D, 0x69, 0x74, 0x61, 0x20, 0x70, 0x75, 0x72, 0x65, 0x67, 0x61, 0x64, 0x61, 0x20, 0x72, 0x75, 0x70, 0x69));
				case 101: return String(CharArray::of(0x61, 0x70, 0x65, 0x6B, 0x61, 0x74, 0x75, 0x73, 0x61, 0x77, 0x61, 0x2D, 0x69, 0x74, 0x61));
				case 103: return String(CharArray::of(0x6D, 0x65, 0x74, 0x75, 0x72, 0x75, 0x2D, 0x69, 0x74, 0x61));
				case 93: return String(CharArray::of(0x64, 0x65, 0x73, 0x69, 0x6D, 0x65, 0x74, 0x75, 0x72, 0x75, 0x2D, 0x69, 0x74, 0x61));
				case 92: return String(CharArray::of(0x73, 0x1EBD, 0x74, 0x69, 0x6D, 0x65, 0x74, 0x75, 0x72, 0x75, 0x2D, 0x69, 0x74, 0x61));
				case 107: return String(CharArray::of(0x6D, 0x69, 0x72, 0x69, 0x6D, 0x65, 0x74, 0x75, 0x72, 0x75, 0x2D, 0x69, 0x74, 0x61));
				case 104: return String(CharArray::of(0x6D, 0x69, 0x6B, 0x72, 0x75, 0x6D, 0x65, 0x74, 0x75, 0x72, 0x75, 0x2D, 0x69, 0x74, 0x61));
				case 108: return String(CharArray::of(0x6E, 0x61, 0x6E, 0x75, 0x6D, 0x65, 0x74, 0x75, 0x72, 0x75, 0x2D, 0x69, 0x74, 0x61));
				case 111: return String(CharArray::of(0x70, 0x69, 0x63, 0x6F, 0x6D, 0x65, 0x74, 0x75, 0x72, 0x75, 0x2D, 0x69, 0x74, 0x61));
				case 105: return String(CharArray::of(0x6D, 0x69, 0x6C, 0x68, 0x61, 0x2D, 0x69, 0x74, 0x61));
				case 119: return String(CharArray::of(0x6A, 0x61, 0x72, 0x64, 0x61, 0x2D, 0x69, 0x74, 0x61));
				case 96: return String(CharArray::of(0x70, 0xED, 0x2D, 0x69, 0x74, 0x61));
				case 98: return String(CharArray::of(0x70, 0x75, 0x72, 0x65, 0x67, 0x61, 0x64, 0x61, 0x2D, 0x69, 0x74, 0x61));
				case 110: return String(CharArray::of(0x70, 0x61, 0x72, 0x73, 0x65, 0x63, 0x2D, 0x69, 0x74, 0x61));
				case 102: return String(CharArray::of(0x61, 0x6B, 0x61, 0x79, 0xFA, 0x2D, 0x77, 0x65, 0x72, 0x61, 0x77, 0x61, 0x2D, 0x69, 0x74, 0x61));
				case 91: return String(CharArray::of(0x79, 0x65, 0x70, 0x65, 0x73, 0x61, 0x77, 0x61, 0x20, 0x69, 0x77, 0x61, 0x6B, 0x61, 0x73, 0x61, 0x72, 0x61, 0x2D, 0x69, 0x74, 0x61));
				case 97: return String(CharArray::of(0x66, 0x75, 0x72, 0x6C, 0x6F, 0x6E, 0x67, 0x2D, 0x69, 0x74, 0x61));
				case 95: return String(CharArray::of(0x62, 0x61, 0x72, 0x61, 0x73, 0x61, 0x2D, 0x69, 0x74, 0x61));
				case 109: return String(CharArray::of(0x6D, 0x69, 0x6C, 0x68, 0x61, 0x20, 0x70, 0x61, 0x72, 0x61, 0x6E, 0xE3, 0x75, 0x61, 0x72, 0x61, 0x2D, 0x69, 0x74, 0x61));
				case 106: return String(CharArray::of(0x6D, 0x69, 0x6C, 0x68, 0x61, 0x20, 0x65, 0x73, 0x69, 0x6B, 0xE3, 0x64, 0x69, 0x6E, 0x61, 0x75, 0x61, 0x2D, 0x69, 0x74, 0x61));
				case 112: return String(CharArray::of(0x70, 0x69, 0x74, 0x75, 0x73, 0xE1, 0x2D, 0x69, 0x74, 0x61));
				case 117: return String(CharArray::of(0x6B, 0x75, 0x61, 0x72, 0x61, 0x73, 0x69, 0x61, 0x77, 0x61, 0x2D, 0x69, 0x74, 0x61));
				case 123: return String(CharArray::of(0x6B, 0x75, 0x61, 0x72, 0x61, 0x73, 0xED, 0x20, 0x6D, 0x75, 0x74, 0x75, 0x72, 0x69, 0x73, 0x61, 0x77, 0x61, 0x2D, 0x69, 0x74, 0x61));
				case 139: return String(CharArray::of(0x74, 0x6F, 0x6E, 0x65, 0x72, 0x61, 0x64, 0x61, 0x20, 0x6D, 0x65, 0x74, 0x69, 0x72, 0x69, 0x6B, 0x61, 0x2D, 0x69, 0x74, 0x61));
				case 130: return String(CharArray::of(0x70, 0x75, 0x73, 0x65, 0x73, 0x61, 0x77, 0x61, 0x2D, 0x69, 0x74, 0x61));
				case 129: return String(CharArray::of(0x67, 0x72, 0x61, 0x6D, 0x61, 0x2D, 0x69, 0x74, 0x61));
				case 132: return String(CharArray::of(0x6D, 0x69, 0x72, 0x69, 0x67, 0x72, 0x61, 0x6D, 0x61, 0x2D, 0x69, 0x74, 0x61));
				case 131: return String(CharArray::of(0x6D, 0x69, 0x6B, 0x72, 0x75, 0x67, 0x72, 0x61, 0x6D, 0x61, 0x2D, 0x69, 0x74, 0x61));
				case 138: return String(CharArray::of(0x74, 0x6F, 0x6E, 0x65, 0x72, 0x61, 0x64, 0x61, 0x2D, 0x69, 0x74, 0x61));
				case 137: return String(CharArray::of(0x73, 0x74, 0x6F, 0x6E, 0x65, 0x2D, 0x69, 0x74, 0x61));
				case 135: return String(CharArray::of(0x6C, 0x69, 0x62, 0x72, 0x61, 0x2D, 0x69, 0x74, 0x61));
				case 133: return String(CharArray::of(0x69, 0x61, 0x75, 0x61, 0x72, 0x65, 0x74, 0xE9, 0x2D, 0x69, 0x74, 0x61));
				case 134: return String(CharArray::of(0x69, 0x61, 0x75, 0x61, 0x72, 0x65, 0x74, 0xE9, 0x20, 0x74, 0x72, 0x6F, 0x79, 0x2D, 0x69, 0x74, 0x61));
				case 124: return String(CharArray::of(0x63, 0x75, 0x69, 0x72, 0x61, 0x74, 0x65, 0x2D, 0x69, 0x74, 0x61));
				case 125: return String(CharArray::of(0x64, 0x61, 0x6C, 0x74, 0x6F, 0x6E, 0x2D, 0x69, 0x74, 0x61));
				case 126: return String(CharArray::of(0x69, 0x77, 0xED, 0x20, 0x73, 0x75, 0x73, 0x75, 0x1EBD, 0x67, 0x61, 0x2D, 0x69, 0x74, 0x61));
				case 136: return String(CharArray::of(0x6B, 0x75, 0x61, 0x72, 0x61, 0x73, 0xED, 0x20, 0x73, 0x75, 0x73, 0x75, 0x1EBD, 0x67, 0x61, 0x2D, 0x69, 0x74, 0x61));
				case 140: return String(CharArray::of(0x67, 0x69, 0x67, 0x61, 0x77, 0x61, 0x74, 0x74, 0x2D, 0x69, 0x74, 0x61));
				case 143: return String(CharArray::of(0x6D, 0x65, 0x67, 0x61, 0x77, 0x61, 0x74, 0x74, 0x2D, 0x69, 0x74, 0x61));
				case 142: return String(CharArray::of(0x6B, 0x69, 0x72, 0x75, 0x77, 0x61, 0x74, 0x74, 0x2D, 0x69, 0x74, 0x61));
				case 145: return String(CharArray::of(0x77, 0x61, 0x74, 0x74, 0x2D, 0x69, 0x74, 0x61));
				case 144: return String(CharArray::of(0x6D, 0x69, 0x72, 0x69, 0x77, 0x61, 0x74, 0x74, 0x2D, 0x69, 0x74, 0x61));
				case 141: return String(CharArray::of(0x6B, 0x61, 0x77, 0x61, 0x72, 0x75, 0x2D, 0x77, 0x61, 0x70, 0xFA, 0x2D, 0x69, 0x74, 0x61));
				case 154: return String(CharArray::of(0x6D, 0x65, 0x72, 0x69, 0x6B, 0x75, 0x72, 0x69, 0x6A, 0x75, 0x20, 0x6D, 0x69, 0x72, 0x69, 0x6D, 0x65, 0x74, 0x75, 0x72, 0x75, 0x2D, 0x69, 0x74, 0x61));
				case 156: return String(CharArray::of(0x6C, 0x69, 0x62, 0x72, 0x61, 0x2D, 0x69, 0x74, 0x61, 0x20, 0x70, 0x75, 0x72, 0x65, 0x67, 0x61, 0x64, 0x61, 0x20, 0x6B, 0x75, 0x61, 0x64, 0x61, 0x72, 0x61, 0x64, 0x75, 0x20, 0x72, 0x75, 0x70, 0x69));
				case 150: return String(CharArray::of(0x6D, 0x65, 0x72, 0x69, 0x6B, 0x75, 0x72, 0x69, 0x6A, 0x75, 0x20, 0x70, 0x75, 0x72, 0x65, 0x67, 0x61, 0x64, 0x61, 0x2D, 0x69, 0x74, 0x61));
				case 147: return String(CharArray::of(0x62, 0x61, 0x72, 0x2D, 0x69, 0x74, 0x61));
				case 153: return String(CharArray::of(0x6D, 0x69, 0x72, 0x69, 0x62, 0x61, 0x72, 0x2D, 0x69, 0x74, 0x61));
				case 146: return String(CharArray::of(0x79, 0xE3, 0x67, 0x61, 0x73, 0x61, 0x77, 0x61, 0x2D, 0x69, 0x74, 0x61));
				case 155: return String(CharArray::of(0x70, 0x61, 0x73, 0x63, 0x61, 0x6C, 0x2D, 0x69, 0x74, 0x61));
				case 149: return String(CharArray::of(0x68, 0x65, 0x63, 0x74, 0x6F, 0x70, 0x61, 0x73, 0x63, 0x61, 0x6C, 0x2D, 0x69, 0x74, 0x61));
				case 151: return String(CharArray::of(0x6B, 0x69, 0x72, 0x75, 0x70, 0x61, 0x73, 0x63, 0x61, 0x6C, 0x2D, 0x69, 0x74, 0x61));
				case 152: return String(CharArray::of(0x6D, 0x65, 0x67, 0x61, 0x70, 0x61, 0x73, 0x63, 0x61, 0x6C, 0x2D, 0x69, 0x74, 0x61));
				case 158: return String(CharArray::of(0x61, 0x70, 0x65, 0x6B, 0x61, 0x74, 0x75, 0x73, 0x61, 0x77, 0x61, 0x2D, 0x69, 0x74, 0x61, 0x20, 0x68, 0x75, 0x72, 0x61, 0x20, 0x72, 0x75, 0x70, 0x69));
				case 161: return String(CharArray::of(0x6D, 0x65, 0x74, 0x75, 0x72, 0x75, 0x2D, 0x69, 0x74, 0x61, 0x20, 0x73, 0x65, 0x67, 0x0169, 0x64, 0x75, 0x20, 0x72, 0x75, 0x70, 0x69));
				case 162: return String(CharArray::of(0x6D, 0x69, 0x6C, 0x68, 0x61, 0x2D, 0x69, 0x74, 0x61, 0x20, 0x68, 0x75, 0x72, 0x61, 0x20, 0x72, 0x75, 0x70, 0x69));
				case 159: return String(CharArray::of(0x6B, 0x69, 0x74, 0x61, 0x6E, 0x67, 0x61, 0x2D, 0x69, 0x74, 0x61));
				case 163: return String(CharArray::of(0x67, 0x61, 0x72, 0x61, 0x75, 0x20, 0x43, 0x65, 0x6C, 0x73, 0x69, 0x75, 0x73, 0x2D, 0x69, 0x74, 0x61));
				case 164: return String(CharArray::of(0x67, 0x61, 0x72, 0x61, 0x75, 0x20, 0x46, 0x61, 0x68, 0x72, 0x65, 0x6E, 0x68, 0x65, 0x69, 0x74, 0x2D, 0x69, 0x74, 0x61));
				case 166: return String(CharArray::of(0x6B, 0x65, 0x6C, 0x76, 0x69, 0x6E, 0x2D, 0x69, 0x74, 0x61));
				case 168: return String(CharArray::of(0x70, 0xED, 0x2D, 0x6C, 0x69, 0x62, 0x72, 0x61));
				case 167: return String(CharArray::of(0x6E, 0x65, 0x77, 0x74, 0x6F, 0x6E, 0x2D, 0x6D, 0x65, 0x74, 0x75, 0x72, 0x75, 0x2D, 0x69, 0x74, 0x61));
				case 176: return String(CharArray::of(0x61, 0x70, 0x65, 0x6B, 0x61, 0x74, 0x75, 0x73, 0x61, 0x77, 0x61, 0x20, 0x6B, 0xFA, 0x62, 0x69, 0x6B, 0x75, 0x2D, 0x69, 0x74, 0x61));
				case 177: return String(CharArray::of(0x6D, 0x65, 0x74, 0x75, 0x72, 0x75, 0x20, 0x6B, 0xFA, 0x62, 0x69, 0x6B, 0x75, 0x2D, 0x69, 0x74, 0x61));
				case 173: return String(CharArray::of(0x73, 0x1EBD, 0x74, 0x69, 0x6D, 0x65, 0x74, 0x75, 0x72, 0x75, 0x20, 0x6B, 0xFA, 0x62, 0x69, 0x6B, 0x75, 0x2D, 0x69, 0x74, 0x61));
				case 178: return String(CharArray::of(0x6D, 0x69, 0x6C, 0x68, 0x61, 0x20, 0x6B, 0xFA, 0x62, 0x69, 0x6B, 0x61, 0x2D, 0x69, 0x74, 0x61));
				case 179: return String(CharArray::of(0x6A, 0x61, 0x72, 0x64, 0x61, 0x20, 0x6B, 0xFA, 0x62, 0x69, 0x6B, 0x61, 0x2D, 0x69, 0x74, 0x61));
				case 174: return String(CharArray::of(0x70, 0xED, 0x20, 0x6B, 0xFA, 0x62, 0x69, 0x6B, 0x75, 0x2D, 0x69, 0x74, 0x61));
				case 175: return String(CharArray::of(0x70, 0x75, 0x72, 0x65, 0x67, 0x61, 0x64, 0x61, 0x20, 0x6B, 0xFA, 0x62, 0x69, 0x6B, 0x61, 0x2D, 0x69, 0x74, 0x61));
				case 197: return String(CharArray::of(0x6D, 0x65, 0x67, 0x61, 0x72, 0x69, 0x74, 0x72, 0x75, 0x2D, 0x69, 0x74, 0x61));
				case 192: return String(CharArray::of(0x68, 0x65, 0x63, 0x74, 0x6F, 0x72, 0x69, 0x74, 0x72, 0x75, 0x2D, 0x69, 0x74, 0x61));
				case 196: return String(CharArray::of(0x69, 0x72, 0x65, 0x72, 0xFA, 0x2D, 0x70, 0x75, 0x6B, 0xFA, 0x2D, 0x69, 0x74, 0x61));
				case 183: return String(CharArray::of(0x64, 0x65, 0x73, 0x69, 0x72, 0x69, 0x74, 0x72, 0x75, 0x2D, 0x69, 0x74, 0x61));
				case 172: return String(CharArray::of(0x73, 0x1EBD, 0x74, 0x69, 0x72, 0x69, 0x74, 0x72, 0x75, 0x2D, 0x69, 0x74, 0x61));
				case 198: return String(CharArray::of(0x6D, 0x69, 0x72, 0x69, 0x72, 0x69, 0x74, 0x72, 0x75, 0x2D, 0x69, 0x74, 0x61));
				case 202: return String(CharArray::of(0x70, 0x69, 0x6E, 0x74, 0x20, 0x6D, 0xE9, 0x74, 0x69, 0x72, 0x69, 0x6B, 0x75, 0x2D, 0x69, 0x74, 0x61));
				case 182: return String(CharArray::of(0x78, 0x69, 0x6B, 0x61, 0x72, 0x61, 0x20, 0x6D, 0xE9, 0x74, 0x69, 0x72, 0x69, 0x6B, 0x61, 0x2D, 0x69, 0x74, 0x61));
				case 169: return String(CharArray::of(0x61, 0x63, 0x72, 0x65, 0x2D, 0x70, 0xED, 0x2D, 0x69, 0x74, 0x61));
				case 190: return String(CharArray::of(0x6B, 0x61, 0x72, 0xF3, 0x74, 0x69, 0x2D, 0x69, 0x74, 0x61));
				case 191: return String(CharArray::of(0x6B, 0x61, 0x72, 0xF3, 0x74, 0x69, 0x20, 0x0129, 0x70, 0x65, 0x72, 0x69, 0x61, 0x77, 0x61, 0x2D, 0x69, 0x74, 0x61));
				case 203: return String(CharArray::of(0x69, 0x72, 0x75, 0x6E, 0x64, 0x69, 0x73, 0x61, 0x77, 0x61, 0x2D, 0x69, 0x74, 0x61));
				case 201: return String(CharArray::of(0x70, 0x69, 0x6E, 0x74, 0x2D, 0x69, 0x74, 0x61));
				case 180: return String(CharArray::of(0x78, 0x69, 0x6B, 0x61, 0x72, 0x61, 0x2D, 0x69, 0x74, 0x61));
				case 188: return String(CharArray::of(0x69, 0x61, 0x75, 0x61, 0x72, 0x65, 0x74, 0xE9, 0x20, 0x66, 0x72, 0x75, 0x69, 0x64, 0x61, 0x2D, 0x69, 0x74, 0x61));
				case 189: return String(CharArray::of(0x69, 0x61, 0x75, 0x61, 0x72, 0x65, 0x74, 0xE9, 0x20, 0x66, 0x72, 0x75, 0x69, 0x64, 0x61, 0x20, 0x0129, 0x70, 0x65, 0x72, 0x69, 0x61, 0x77, 0x61, 0x2D, 0x69, 0x74, 0x61));
				case 207: return String(CharArray::of(0x6B, 0x75, 0x79, 0x65, 0x72, 0x61, 0x2D, 0x6B, 0x61, 0x0129, 0x62, 0x65, 0x77, 0x61, 0x72, 0x61, 0x2D, 0x69, 0x74, 0x61));
				case 208: return String(CharArray::of(0x6B, 0x75, 0x79, 0x65, 0x72, 0x61, 0x20, 0x78, 0x61, 0x77, 0x61, 0x72, 0x61, 0x2D, 0x69, 0x74, 0x61));
				case 170: return String(CharArray::of(0x62, 0x61, 0x72, 0x69, 0x75, 0x2D, 0x69, 0x74, 0x61));
            default: break;
            }
            return String();
        }
        
        String Yrl::displayShortUnit(gint unit, gint count) const {
            switch(unit) { 
				case 0: return String(CharArray::of(0x6B, 0x69, 0x72, 0x0129, 0x62, 0x61, 0x20, 0x67));
				case 1: return String(CharArray::of(0x6D, 0x65, 0x74, 0x75, 0x72, 0x75, 0x2D, 0x69, 0x74, 0xE1, 0x2F, 0x73, 0x65, 0x67, 0xB2));
				case 5: return String(CharArray::of(0x72, 0x61, 0x64, 0x69, 0x61, 0x6E, 0x6F));
				case 4: return String(CharArray::of(0x67, 0x61, 0x72, 0x61, 0x75));
				case 3: return String(CharArray::of(0x61, 0x72, 0x63, 0x73, 0x65, 0x67));
				case 17: return String(CharArray::of(0x6D, 0x65, 0x74, 0x75, 0x72, 0x75, 0x2D, 0x69, 0x74, 0xE1, 0xB2));
				case 18: return String(CharArray::of(0x6D, 0x69, 0x6C, 0x68, 0x61, 0x2D, 0x69, 0x74, 0xE1, 0xB2));
				case 19: return String(CharArray::of(0x6A, 0x61, 0x72, 0x64, 0x61, 0x2D, 0x69, 0x74, 0xE1, 0xB2));
				case 14: return String(CharArray::of(0x70, 0xED, 0x2D, 0x69, 0x74, 0xE1, 0xB2));
				case 15: return String(CharArray::of(0x70, 0x75, 0x72, 0x65, 0x67, 0x61, 0x64, 0x61, 0x2D, 0x69, 0x74, 0xE1, 0xB2));
				case 10: return String(CharArray::of(0x64, 0x75, 0x6E, 0x61, 0x6E));
				case 21: return String(CharArray::of(0x6B, 0x69, 0x72, 0x61, 0x74, 0x65));
				case 22: return String(CharArray::of(0x6D, 0x67, 0x2F, 0x64, 0x6C));
				case 23: return String(CharArray::of(0x6D, 0x69, 0x72, 0x69, 0x6D, 0x6F, 0x6C, 0x2F, 0x72, 0x69, 0x74, 0x72, 0x75));
				case 27: return String(CharArray::of(0x70, 0x69, 0x73, 0x61, 0x77, 0x65, 0x72, 0x61, 0x20, 0x6D, 0x69, 0x6C, 0x69, 0xE3, 0x75, 0x20, 0x72, 0x75, 0x70, 0x69));
				case 25: return String(CharArray::of(0x73, 0x1EBD, 0x74, 0x75, 0x20, 0x72, 0x75, 0x70, 0x69));
				case 26: return String(CharArray::of(0x6D, 0x69, 0x6C, 0x20, 0x72, 0x75, 0x70, 0x69));
				case 28: return String(CharArray::of(0x70, 0x69, 0x74, 0x75, 0x73, 0xE1, 0x2D, 0x70, 0x69, 0x74, 0x61, 0x73, 0x75, 0x6B, 0x61, 0x73, 0xE1));
				case 31: return String(CharArray::of(0x72, 0x69, 0x74, 0x72, 0x75, 0x2D, 0x69, 0x74, 0xE1, 0x2F, 0x6B, 0x6D));
				case 30: return String(CharArray::of(0x6C, 0x2F, 0x31, 0x30, 0x30, 0x20, 0x6B, 0x6D));
				case 32: return String(CharArray::of(0x6D, 0x69, 0x6C, 0x68, 0x61, 0x2D, 0x69, 0x74, 0xE1, 0x2F, 0x67, 0x61, 0x6C));
				case 33: return String(CharArray::of(0x6D, 0x69, 0x6C, 0x68, 0x61, 0x73, 0x2F, 0x67, 0x61, 0x6C, 0x2E, 0x20, 0x69, 0x6D, 0x70, 0x2E));
				case 42: return String(CharArray::of(0x50, 0x42, 0x79, 0x74, 0x65));
				case 44: return String(CharArray::of(0x54, 0x42, 0x79, 0x74, 0x65));
				case 43: return String(CharArray::of(0x54, 0x62, 0x69, 0x74));
				case 37: return String(CharArray::of(0x47, 0x42, 0x79, 0x74, 0x65));
				case 36: return String(CharArray::of(0x47, 0x62, 0x69, 0x74));
				case 41: return String(CharArray::of(0x4D, 0x42, 0x79, 0x74, 0x65));
				case 40: return String(CharArray::of(0x4D, 0x62, 0x69, 0x74));
				case 39: return String(CharArray::of(0x6B, 0x42, 0x79, 0x74, 0x65));
				case 38: return String(CharArray::of(0x6B, 0x62, 0x69, 0x74));
				case 45: return String(CharArray::of(0x73, 0xE9, 0x6B, 0x2E));
				case 48: return String(CharArray::of(0x64, 0xE9, 0x6B, 0x2E));
				case 61: return String(CharArray::of(0x61, 0x6B, 0x61, 0x79, 0xFA));
				case 53: return String(CharArray::of(0x79, 0x61, 0x73, 0xED));
				case 59: return String(CharArray::of(0x73, 0x1EBD, 0x6D, 0xE3, 0x6E, 0x61));
				case 46: return String(CharArray::of(0x61, 0x72, 0x61));
				case 49: return String(CharArray::of(0x68, 0x75, 0x72, 0x61));
				case 58: return String(CharArray::of(0x73, 0x65, 0x67));
				case 51: return String(CharArray::of(0x6D, 0x69, 0x72, 0x69, 0x73, 0x65, 0x67, 0x0169, 0x64, 0x75));
				case 64: return String(CharArray::of(0x6D, 0x69, 0x72, 0x69, 0x61, 0x6D, 0x70));
				case 70: return String(CharArray::of(0x63, 0x61, 0x6C));
				case 73: return String(CharArray::of(0x6B, 0x69, 0x72, 0x75, 0x6A, 0x6F, 0x75, 0x6C, 0x65));
				case 74: return String(CharArray::of(0x6B, 0x57, 0x2D, 0x68, 0x75, 0x72, 0x61));
				case 69: return String(CharArray::of(0x65, 0x6C, 0xE9, 0x74, 0x72, 0x6F, 0x6E, 0x2D, 0x76, 0x6F, 0x6C, 0x74));
				case 67: return String(CharArray::of(0x42, 0x54, 0x55));
				case 75: return String(CharArray::of(0x74, 0x68, 0x6D, 0x20, 0x45, 0x55, 0x41));
				case 78: return String(CharArray::of(0x6C, 0x69, 0x62, 0x72, 0x61, 0x2D, 0x6B, 0x69, 0x72, 0x0129, 0x62, 0x61));
				case 77: return String(CharArray::of(0x6E, 0x65, 0x77, 0x74, 0x6F, 0x6E));
				case 88: return String(CharArray::of(0x70, 0x69, 0x78, 0x65, 0x6C));
				case 87: return String(CharArray::of(0x6D, 0x65, 0x67, 0x61, 0x70, 0x69, 0x78, 0x65, 0x6C));
				case 103: return String(CharArray::of(0x6D));
				case 105: return String(CharArray::of(0x6D, 0x69, 0x6C, 0x68, 0x61));
				case 119: return String(CharArray::of(0x6A, 0x61, 0x72, 0x64, 0x61));
				case 96: return String(CharArray::of(0x70, 0xED, 0x2D, 0x69, 0x74, 0xE1));
				case 98: return String(CharArray::of(0x70, 0x75, 0x72, 0x2E));
				case 110: return String(CharArray::of(0x70, 0x61, 0x72, 0x73, 0x65, 0x63));
				case 102: return String(CharArray::of(0x61, 0x6B, 0x61, 0x79, 0xFA, 0x2D, 0x77, 0x65, 0x72, 0x61, 0x77, 0x61));
				case 91: return String(CharArray::of(0x75, 0x61));
				case 97: return String(CharArray::of(0x66, 0x75, 0x72, 0x6C, 0x6F, 0x6E, 0x67));
				case 95: return String(CharArray::of(0x62, 0x61, 0x72, 0x61, 0x73, 0x61));
				case 109: return String(CharArray::of(0x6D, 0x6E));
				case 112: return String(CharArray::of(0x70, 0x69, 0x74, 0x75, 0x73, 0xE1));
				case 117: return String(CharArray::of(0x6B, 0x75, 0x61, 0x72, 0x61, 0x73, 0x69, 0x61, 0x77, 0x61));
				case 122: return String(CharArray::of(0x6C, 0x75, 0x78));
				case 123: return String(CharArray::of(0x6B, 0x75, 0x61, 0x72, 0x61, 0x73, 0xED, 0x20, 0x6D, 0x75, 0x74, 0x75, 0x72, 0x69, 0x73, 0x61, 0x77, 0x61));
				case 129: return String(CharArray::of(0x67, 0x72, 0x61, 0x6D, 0x61));
				case 138: return String(CharArray::of(0x74, 0x6F, 0x6E, 0x65, 0x72, 0x61, 0x64, 0x61));
				case 137: return String(CharArray::of(0x73, 0x74, 0x6F, 0x6E, 0x65, 0x73));
				case 135: return String(CharArray::of(0x6C, 0x69, 0x62, 0x72, 0x61));
				case 134: return String(CharArray::of(0x6F, 0x7A, 0x20, 0x74, 0x72, 0x6F, 0x79));
				case 124: return String(CharArray::of(0x63, 0x75, 0x69, 0x72, 0x61, 0x74, 0x65));
				case 125: return String(CharArray::of(0x64, 0x61, 0x6C, 0x74, 0x6F, 0x6E));
				case 126: return String(CharArray::of(0x69, 0x77, 0xED, 0x20, 0x73, 0x75, 0x73, 0x75, 0x1EBD, 0x67, 0x61));
				case 136: return String(CharArray::of(0x6B, 0x75, 0x61, 0x72, 0x61, 0x73, 0xED, 0x20, 0x73, 0x75, 0x73, 0x75, 0x1EBD, 0x67, 0x61));
				case 141: return String(CharArray::of(0x63, 0x76));
				case 154: return String(CharArray::of(0x6D, 0x6D, 0x48, 0x67));
				case 161: return String(CharArray::of(0x6D, 0x65, 0x74, 0x75, 0x72, 0x75, 0x2F, 0x73, 0x65, 0x67));
				case 162: return String(CharArray::of(0x6D, 0x69, 0x6C, 0x68, 0x61, 0x2D, 0x69, 0x74, 0xE1, 0x2F, 0x68, 0x75, 0x72, 0x61));
				case 159: return String(CharArray::of(0x6B, 0x69, 0x74, 0x61, 0x6E, 0x67, 0x61));
				case 163: return String(CharArray::of(0x67, 0x61, 0x72, 0x61, 0x75, 0x20, 0x43));
				case 164: return String(CharArray::of(0x67, 0x61, 0x72, 0x61, 0x75, 0x20, 0x46));
				case 179: return String(CharArray::of(0x6A, 0x61, 0x72, 0x64, 0x61, 0x2D, 0x69, 0x74, 0xE1, 0xB3));
				case 174: return String(CharArray::of(0x70, 0xED, 0x2D, 0x69, 0x74, 0xE1, 0xB3));
				case 175: return String(CharArray::of(0x70, 0x75, 0x72, 0x65, 0x67, 0x61, 0x64, 0x61, 0x2D, 0x69, 0x72, 0xE1, 0xB3));
				case 197: return String(CharArray::of(0x4D, 0x6C));
				case 192: return String(CharArray::of(0x68, 0x6C));
				case 196: return String(CharArray::of(0x6C, 0x69, 0x74, 0x72, 0x6F, 0x73));
				case 183: return String(CharArray::of(0x64, 0x6C));
				case 172: return String(CharArray::of(0x63, 0x6C));
				case 198: return String(CharArray::of(0x6D, 0x6C));
				case 202: return String(CharArray::of(0x70, 0x74, 0x6D));
				case 182: return String(CharArray::of(0x78, 0xED, 0x63, 0x6D));
				case 169: return String(CharArray::of(0x61, 0x63, 0x72, 0x65, 0x2D, 0x70, 0xED));
				case 190: return String(CharArray::of(0x67, 0x61, 0x6C));
				case 191: return String(CharArray::of(0x67, 0x61, 0x6C, 0x2E, 0x20, 0x69, 0x6D, 0x70, 0x2E));
				case 203: return String(CharArray::of(0x71, 0x74, 0x73));
				case 201: return String(CharArray::of(0x70, 0x69, 0x6E, 0x74));
				case 180: return String(CharArray::of(0x78, 0xED, 0x6B, 0x61, 0x72, 0x61));
				case 188: return String(CharArray::of(0x66, 0x6C, 0x20, 0x6F, 0x7A));
				case 207: return String(CharArray::of(0x6B, 0x2E, 0x20, 0x6B, 0x61, 0x0129, 0x62, 0x65, 0x77, 0x61, 0x72, 0x61));
				case 208: return String(CharArray::of(0x6B, 0x2E, 0x20, 0x78, 0x61, 0x77, 0x61, 0x72, 0x61));
				case 170: return String(CharArray::of(0x6B, 0x6F, 0x72, 0x6F, 0x74, 0x69));
            default: break;
            }
            return String();
        }
        
        String Yrl::displayNarrowUnit(gint unit, gint count) const {
            switch(unit) { 
				case 25: return String(CharArray::of(0x25));
				case 42: return String(CharArray::of(0x50, 0x42));
				case 44: return String(CharArray::of(0x54, 0x42));
				case 43: return String(CharArray::of(0x54, 0x62));
				case 37: return String(CharArray::of(0x47, 0x42));
				case 36: return String(CharArray::of(0x47, 0x62));
				case 41: return String(CharArray::of(0x4D, 0x42));
				case 40: return String(CharArray::of(0x4D, 0x62));
				case 39: return String(CharArray::of(0x6B, 0x42));
				case 38: return String(CharArray::of(0x6B, 0x62));
				case 35: return String(CharArray::of(0x42));
				case 59: return String(CharArray::of(0x73, 0x65, 0x6D, 0x2E));
				case 51: return String(CharArray::of(0x6D, 0x73));
				case 105: return String(CharArray::of(0x6D, 0x69, 0x6C));
				case 96: return String(CharArray::of(0x70, 0xED, 0x2D, 0x69, 0x74, 0x61));
				case 138: return String(CharArray::of(0x74, 0x6F, 0x6E));
				case 137: return String(CharArray::of(0x73, 0x74, 0x6F, 0x6E, 0x65));
				case 163: return String(CharArray::of(0xB0, 0x43));
				case 174: return String(CharArray::of(0x66, 0x74, 0xB3));
				case 196: return String(CharArray::of(0x69, 0x72, 0x65, 0x72, 0xFA, 0x2D, 0x70, 0x75, 0x6B, 0xFA));
				case 188: return String(CharArray::of(0x66, 0x6C, 0x2E, 0x20, 0x6F, 0x7A, 0x2E));
            default: break;
            }
            return String();
        }
        
        String Yrl::displayCurrencySymbol(gint currency) const {
            switch(currency) { 
				case 18: return String(CharArray::of(0x41, 0x55, 0x24));
				case 38: return String(CharArray::of(0x42, 0x55, 0x42));
				case 54: return String(CharArray::of(0x70, 0x2E));
				case 68: return String(CharArray::of(0x24));
				case 199: return String(CharArray::of(0x50, 0x48, 0x50));
				case 203: return String(CharArray::of(0x45, 0x73, 0x63, 0x2E));
				case 208: return String(CharArray::of(0x4C));
				case 215: return String(CharArray::of(0x53, 0x43, 0x52, 0x75));
				case 234: return String(CharArray::of(0x53, 0xA3));
				case 236: return String(CharArray::of(0x0E3F));
				case 247: return String(CharArray::of(0x4E, 0x54, 0x24));
				case 264: return String(CharArray::of(0x42, 0x73, 0x2E, 0x53));
				case 269: return String(CharArray::of(0x46, 0x43, 0x46));
				case 282: return String(CharArray::of(0x43, 0x46, 0x41));
				case 284: return String(CharArray::of(0x43, 0x46, 0x50));
				case 300: return String(CharArray::of(0x5A, 0x6B));
            default: break;
            }
            return String();
        }
            
        String Yrl::quotationStart(gbool alt) const {
            return (alt) ? String() : String() ;
        }
            
        String Yrl::quotationEnd(gbool alt) const {
            return (alt) ? String() : String() ;
        }
            
        String Yrl::decimalSeparator() const {
            return String(CharArray::of(0x2C));
        }
            
        String Yrl::groupSeparator() const {
            return String(CharArray::of(0x2E));
        }
            
        String Yrl::listSeparator() const {
            return String();
        }
            
        String Yrl::plusSign() const {
            return String();
        }
            
        String Yrl::minusSign() const {
            return String();
        }
            
        String Yrl::exponential() const {
            return String();
        }
            
        String Yrl::perMill() const {
            return String();
        }
            
        String Yrl::percent() const {
            return String();
        }
            
        String Yrl::infinity() const {
            return String();
        }
            
        String Yrl::nan() const {
            return String();
        }
            
        String Yrl::superScriptingExponent() const {
            return String();
        }
           
        String Yrl::decimalPattern() const {
            return String();
        }
            
        String Yrl::scientificPattern() const {
            return String();
        }
            
        String Yrl::percentPattern() const {
            return String();
        }
            
        String Yrl::currencyPattern() const {
            return String();
        }

        String Yrl::listPattern(gint type, gint subType) const {
            switch(subType) {

				case 10: 
					if(type == 1) return String(CharArray::of(0x7B, 0x30, 0x7D, 0x20, 0x61, 0x73, 0x75, 0xED, 0x20, 0x7B, 0x31, 0x7D));
					if(type == 2) return String(CharArray::of(0x7B, 0x30, 0x7D, 0x20, 0x61, 0x73, 0x75, 0xED, 0x20, 0x7B, 0x31, 0x7D));
					break;

				case 11: 
					if(type == 1) return String(CharArray::of(0x7B, 0x30, 0x7D, 0x20, 0x75, 0x20, 0x7B, 0x31, 0x7D));
					if(type == 2) return String(CharArray::of(0x7B, 0x30, 0x7D, 0x20, 0x75, 0x20, 0x7B, 0x31, 0x7D));
					break;

				case 14: 
					if(type == 1) return String(CharArray::of(0x7B, 0x30, 0x7D, 0x2C, 0x20, 0x7B, 0x31, 0x7D));
					if(type == 2) return String(CharArray::of(0x7B, 0x30, 0x7D, 0x2C, 0x20, 0x7B, 0x31, 0x7D));
					break;

				case 17: 
					if(type == -1) return String(CharArray::of(0x7B, 0x30, 0x7D, 0x20, 0x7B, 0x31, 0x7D));
					if(type == 0) return String(CharArray::of(0x7B, 0x30, 0x7D, 0x20, 0x7B, 0x31, 0x7D));
					if(type == 1) return String(CharArray::of(0x7B, 0x30, 0x7D, 0x20, 0x7B, 0x31, 0x7D));
					if(type == 2) return String(CharArray::of(0x7B, 0x30, 0x7D, 0x20, 0x7B, 0x31, 0x7D));
					break;
            default: break;
            }
            return String();
        }
            
        String Yrl::posixMessage(gbool yesOrNo) const {
            return (yesOrNo) ? String(CharArray::of(0x65, 0x1EBD, 0x3A, 0x65)) : String(CharArray::of(0x0169, 0x62, 0x61, 0xE1, 0x3A, 0x75));
        }
        
        CharArray Yrl::digits() const {
            return CharArray::of(48, 49, 50, 51, 52, 53, 54, 55, 56, 57);
        }
        
        StringArray Yrl::displayDays(gint style, gbool stand_alone) const {
            if (!stand_alone) { // format
                switch(style) {
				case 1: return StringArray::of(String(CharArray::of(0x6D, 0x75, 0x72)), String(CharArray::of(0x6D, 0x6D, 0x6B)), String(CharArray::of(0x6D, 0x6D, 0x73)), String(CharArray::of(0x73, 0x75, 0x70)), String(CharArray::of(0x79, 0x75, 0x6B)), String(CharArray::of(0x73, 0x61, 0x75)), String(CharArray::of(0x6D, 0x69, 0x74)));
				case 0: return StringArray::of(String(CharArray::of(0x6D, 0x75, 0x72, 0x61, 0x6B, 0x69, 0x70, 0xED)), String(CharArray::of(0x6D, 0x75, 0x72, 0x61, 0x6B, 0xED, 0x2D, 0x6D, 0x75, 0x6B, 0x0169, 0x69)), String(CharArray::of(0x6D, 0x75, 0x72, 0x61, 0x6B, 0xED, 0x2D, 0x6D, 0x75, 0x73, 0x61, 0x70, 0xED, 0x72, 0x69)), String(CharArray::of(0x73, 0x75, 0x70, 0x61, 0x70, 0xE1)), String(CharArray::of(0x79, 0x75, 0x6B, 0x75, 0x61, 0x6B, 0xFA)), String(CharArray::of(0x73, 0x61, 0x75, 0x72, 0xFA)), String(CharArray::of(0x6D, 0x69, 0x74, 0x75, 0xFA)));
                default: break;
                }
            } else {
                switch(style) {
				case 2: return StringArray::of(String(), String(CharArray::of(0x4D)), String(CharArray::of(0x4D)), String(CharArray::of(0x53)), String(CharArray::of(0x59)), String(), String(CharArray::of(0x4D)));
                default: break;
                }
            }
            return StringArray();
        }
        
        StringArray Yrl::displayMonths(gint style, gbool stand_alone) const {
            if (!stand_alone) { // format
                switch(style) {
				case 1: return StringArray::of(String(CharArray::of(0x79, 0x65)), String(CharArray::of(0x6D, 0x6B)), String(CharArray::of(0x6D, 0x73)), String(CharArray::of(0x69, 0x64)), String(CharArray::of(0x70, 0x75)), String(CharArray::of(0x70, 0x79)), String(CharArray::of(0x70, 0x6D)), String(CharArray::of(0x70, 0x73)), String(CharArray::of(0x70, 0x69)), String(CharArray::of(0x79, 0x70)), String(CharArray::of(0x79, 0x79)), String(CharArray::of(0x79, 0x6D)));
				case 0: return StringArray::of(String(CharArray::of(0x79, 0x65, 0x70, 0xE9)), String(CharArray::of(0x6D, 0x75, 0x6B, 0x0169, 0x69)), String(CharArray::of(0x6D, 0x75, 0x73, 0x61, 0x70, 0xED, 0x72, 0x69)), String(CharArray::of(0x69, 0x72, 0x0169, 0x64, 0xED)), String(CharArray::of(0x70, 0xFA)), String(CharArray::of(0x70, 0xFA, 0x2D, 0x79, 0x65, 0x70, 0xE9)), String(CharArray::of(0x70, 0xFA, 0x2D, 0x6D, 0x75, 0x6B, 0x0169, 0x69)), String(CharArray::of(0x70, 0xFA, 0x2D, 0x6D, 0x75, 0x73, 0x61, 0x70, 0xED, 0x72, 0x69)), String(CharArray::of(0x70, 0xFA, 0x2D, 0x69, 0x72, 0x0169, 0x64, 0xED)), String(CharArray::of(0x79, 0x65, 0x70, 0xE9, 0x2D, 0x70, 0x75, 0x74, 0x69, 0x6D, 0x61, 0xE3)), String(CharArray::of(0x79, 0x65, 0x70, 0xE9, 0x2D, 0x79, 0x65, 0x70, 0xE9)), String(CharArray::of(0x79, 0x65, 0x70, 0xE9, 0x2D, 0x6D, 0x75, 0x6B, 0x0169, 0x69)));
                default: break;
                }
            } else {
                switch(style) {
				case 2: return StringArray::of(String(CharArray::of(0x59)), String(CharArray::of(0x4D)), String(CharArray::of(0x4D)), String(CharArray::of(0x49)), String(CharArray::of(0x50)), String(CharArray::of(0x50)), String(CharArray::of(0x50)), String(CharArray::of(0x50)), String(CharArray::of(0x50)), String(CharArray::of(0x59)), String(CharArray::of(0x59)), String(CharArray::of(0x59)));
                default: break;
                }
            }
            return StringArray();
        }
        
        StringArray Yrl::displayQuarters(gint style, gbool stand_alone) const {
            if (!stand_alone) { // format
                switch(style) {
				case 1: return StringArray::of(String(CharArray::of(0x4D, 0x31)), String(CharArray::of(0x4D, 0x32)), String(CharArray::of(0x4D, 0x33)), String(CharArray::of(0x4D, 0x34)));
				case 0: return StringArray::of(String(CharArray::of(0x79, 0x65, 0x70, 0xE9, 0x73, 0xE1, 0x77, 0x61, 0x20, 0x6D, 0x75, 0x73, 0x61, 0x70, 0xED, 0x72, 0x69, 0x2D, 0x79, 0x61, 0x73, 0xED)), String(CharArray::of(0x6D, 0x75, 0x6B, 0x0169, 0x69, 0x73, 0x61, 0x77, 0x61, 0x20, 0x6D, 0x75, 0x73, 0x61, 0x70, 0xED, 0x72, 0x69, 0x2D, 0x79, 0x61, 0x73, 0xED)), String(CharArray::of(0x6D, 0x75, 0x73, 0x61, 0x70, 0xED, 0x72, 0x69, 0x73, 0x61, 0x77, 0x61, 0x20, 0x6D, 0x75, 0x73, 0x61, 0x70, 0xED, 0x72, 0x69, 0x2D, 0x79, 0x61, 0x73, 0xED)), String(CharArray::of(0x69, 0x72, 0x0169, 0x64, 0x69, 0x73, 0x61, 0x77, 0x61, 0x20, 0x6D, 0x75, 0x73, 0x61, 0x70, 0xED, 0x72, 0x69, 0x2D, 0x79, 0x61, 0x73, 0xED)));
                default: break;
                }
            } else {
                switch(style) {
                default: break;
                }
            }
            return StringArray();
        }
        
        StringArray Yrl::displayDayPeriods(gint style, gbool stand_alone) const {
            if (!stand_alone) { // format
                switch(style) {
				case 1: return StringArray::of(String(CharArray::of(0x70, 0x69, 0x74, 0x75, 0x6E, 0x61, 0x20, 0x70, 0x79, 0x74, 0x65, 0x72, 0x75, 0x70, 0xE9)), String(), String(CharArray::of(0x69, 0x61, 0x6E, 0x64, 0xE9, 0x2D, 0x61, 0x72, 0x61, 0x2D, 0x70, 0x79, 0x74, 0x75, 0x72, 0x65, 0x70, 0xE9)), String(), String(CharArray::of(0x6B, 0x75, 0xEA, 0x6D, 0x61, 0x20, 0x72, 0x61, 0x6D, 0x1EBD)), String(CharArray::of(0x6B, 0x61, 0x72, 0x75, 0x6B, 0x61, 0x20, 0x72, 0x61, 0x6D, 0x1EBD)), String(CharArray::of(0x70, 0x69, 0x74, 0x75, 0x6E, 0x61, 0x20, 0x72, 0x61, 0x6D, 0x1EBD)), String(CharArray::of(0x70, 0x69, 0x74, 0x75, 0x6E, 0x61, 0x65, 0x74, 0xE9, 0x20, 0x72, 0x61, 0x6D, 0x1EBD)));
                default: break;
                }
            } else {
                switch(style) {
                default: break;
                }
            }
            return StringArray();
        }
        
        StringArray Yrl::displayEras(gint style, gbool stand_alone) const {
            if (!stand_alone) { // format
                switch(style) {
				case 1: return StringArray::of(String(CharArray::of(0x4B, 0x2E, 0x73, 0x2E)), String(CharArray::of(0x4B, 0x2E, 0x61, 0x2E)));
                default: break;
                }
            } else {
                switch(style) {
				case 1: return StringArray::of(String(CharArray::of(0x4B, 0x2E, 0x73, 0x2E)), String(CharArray::of(0x4B, 0x2E, 0x61, 0x2E)));
                default: break;
                }
            }
            return StringArray();
        }
        
        String Yrl::datePattern(gint style) const {
            switch(style) {
				case 0: return String(CharArray::of(0x45, 0x45, 0x45, 0x45, 0x2C, 0x20, 0x64, 0x20, 0x4D, 0x4D, 0x4D, 0x4D, 0x20, 0x79));
				case 1: return String(CharArray::of(0x64, 0x20, 0x4D, 0x4D, 0x4D, 0x4D, 0x20, 0x79));
				case 2: return String(CharArray::of(0x64, 0x20, 0x4D, 0x4D, 0x4D, 0x20, 0x79));
				case 3: return String(CharArray::of(0x64, 0x64, 0x2F, 0x4D, 0x4D, 0x2F, 0x79));
            default: break;
            }
            return String();
        }
        
        String Yrl::timePattern(gint style) const {
            switch(style) {
            default: break;
            }
            return String();
        }
        
        String Yrl::datetimePattern(gint style) const {
            switch(style) {
            default: break;
            }
            return String();
        }
        
        String Yrl::displayTimezone(gint tz, gint style) const {
            switch(tz) {
				case 422: 
					if (style == 1) return String(CharArray::of(0x48, 0x75, 0x72, 0x61, 0x72, 0x69, 0x79, 0x75, 0x20, 0x4D, 0x0169, 0x64, 0x69, 0x20, 0x74, 0x75, 0x72, 0x75, 0x73, 0x75, 0x73, 0x61, 0x77, 0x61, 0x20, 0x4B, 0x75, 0x72, 0x64, 0x65, 0x6E, 0x61, 0x64, 0x75));
					break;
				case 426: 
					if (style == 6) return String(CharArray::of(0xC3, 0x64, 0x75, 0x72, 0x61));
					break;
				case 276: 
					if (style == 6) return String(CharArray::of(0x4B, 0x61, 0x62, 0xFA));
					break;
				case 57: 
					if (style == 6) return String(CharArray::of(0xC3, 0x74, 0x69, 0x67, 0x75, 0x77, 0x61));
					break;
				case 56: 
					if (style == 6) return String(CharArray::of(0xC3, 0x67, 0x69, 0x72, 0x61));
					break;
				case 476: 
					if (style == 6) return String(CharArray::of(0x54, 0x69, 0x72, 0x61, 0x6E, 0x61));
					break;
				case 333: 
					if (style == 6) return String(CharArray::of(0x59, 0x65, 0x72, 0x65, 0x77, 0xE3));
					break;
				case 34: 
					if (style == 6) return String(CharArray::of(0x52, 0x75, 0xE3, 0x64, 0x61));
					break;
				case 229: 
					if (style == 6) return String(CharArray::of(0x52, 0x6F, 0x74, 0x65, 0x72, 0x61));
					break;
				case 228: 
					if (style == 6) return String(CharArray::of(0x50, 0x61, 0x75, 0x6D, 0x65, 0x72, 0x65));
					break;
				case 231: 
					if (style == 6) return String(CharArray::of(0x53, 0x69, 0x79, 0x6F, 0x77, 0x61));
					break;
				case 226: 
					if (style == 6) return String(CharArray::of(0x4D, 0x61, 0x75, 0x73, 0x0169));
					break;
				case 223: 
					if (style == 6) return String(CharArray::of(0x44, 0x61, 0x77, 0x69));
					break;
				case 233: 
					if (style == 6) return String(CharArray::of(0x57, 0x6F, 0x73, 0x69, 0x74, 0x75, 0x6B, 0x69));
					break;
				case 222: 
					if (style == 6) return String(CharArray::of(0x4B, 0x61, 0x73, 0x65, 0x69));
					break;
				case 227: 
					if (style == 6) return String(CharArray::of(0x4D, 0x61, 0x6B, 0x69, 0x4D, 0x75, 0x64, 0x75));
					break;
				case 66: 
					if (style == 6) return String(CharArray::of(0x50, 0x61, 0x72, 0x61, 0x6E, 0xE3, 0x20, 0x47, 0x61, 0x72, 0x65, 0x67, 0x75, 0x2D, 0x69, 0x74, 0x61));
					break;
				case 157: 
					if (style == 6) return String(CharArray::of(0x4D, 0x1EBD, 0x64, 0x75, 0x73, 0x61));
					break;
				case 68: 
					if (style == 6) return String(CharArray::of(0x53, 0xE3, 0x20, 0x59, 0x75, 0x77, 0xE3));
					break;
				case 71: 
					if (style == 6) return String(CharArray::of(0x55, 0x78, 0x75, 0x77, 0x61, 0x79, 0x61));
					break;
				case 64: 
					if (style == 6) return String(CharArray::of(0x52, 0x61, 0x20, 0x52, 0x69, 0x6F, 0x79, 0x61));
					break;
				case 69: 
					if (style == 6) return String(CharArray::of(0x53, 0xE3, 0x20, 0x52, 0x75, 0x69));
					break;
				case 90: 
					if (style == 6) return String(CharArray::of(0x4B, 0x61, 0x74, 0x61, 0x6D, 0x61, 0x6B, 0x61));
					break;
				case 67: 
					if (style == 6) return String(CharArray::of(0x53, 0x61, 0x75, 0x74, 0x61));
					break;
				case 139: 
					if (style == 6) return String(CharArray::of(0x59, 0x75, 0x79, 0x75, 0x69));
					break;
				case 70: 
					if (style == 6) return String(CharArray::of(0x54, 0x75, 0x6B, 0x75, 0x6D, 0xE3));
					break;
				case 97: 
					if (style == 6) return String(CharArray::of(0x4B, 0xF3, 0x64, 0x75, 0x62, 0x61));
					break;
				case 85: 
					if (style == 6) return String(CharArray::of(0x42, 0x75, 0x77, 0x65, 0x6E, 0x75, 0x73, 0x61, 0x69, 0x72, 0x69));
					break;
				case 551: 
					if (style == 6) return String(CharArray::of(0x50, 0x61, 0x67, 0x75, 0x20, 0x50, 0x61, 0x67, 0x75));
					break;
				case 482: 
					if (style == 6) return String(CharArray::of(0x57, 0x69, 0x79, 0x65, 0x6E, 0x61));
					break;
				case 361: 
					if (style == 6) return String(CharArray::of(0x50, 0x65, 0x72, 0x69, 0x74, 0x69));
					break;
				case 353: 
					if (style == 6) return String(CharArray::of(0x45, 0x75, 0x6B, 0x61, 0x72, 0x61));
					break;
				case 352: 
					if (style == 6) return String(CharArray::of(0x44, 0x61, 0x72, 0x69, 0x77, 0x0129));
					break;
				case 347: 
					if (style == 6) return String(CharArray::of(0x41, 0x64, 0x65, 0x72, 0x61, 0x69, 0x64, 0x69));
					break;
				case 349: 
					if (style == 6) return String(CharArray::of(0x49, 0x77, 0x69, 0x74, 0x65, 0x72, 0x61, 0x20, 0x4D, 0x75, 0x70, 0x65, 0x6E, 0x61, 0xED, 0x72, 0x61));
					break;
				case 358: 
					if (style == 6) return String(CharArray::of(0x4D, 0x65, 0x75, 0x62, 0xFA, 0x6E, 0x69));
					break;
				case 354: 
					if (style == 6) return String(CharArray::of(0x48, 0x6F, 0x62, 0x61, 0x74, 0x69));
					break;
				case 356: 
					if (style == 6) return String(CharArray::of(0x52, 0x0129, 0x64, 0x65, 0x6D, 0xE3));
					break;
				case 364: 
					if (style == 6) return String(CharArray::of(0x53, 0x69, 0x64, 0x69, 0x6E, 0x65, 0x69));
					break;
				case 348: 
					if (style == 6) return String(CharArray::of(0x42, 0x69, 0x72, 0x69, 0x62, 0x61, 0x6E, 0x69));
					break;
				case 225: 
					if (style == 6) return String(CharArray::of(0x4D, 0x61, 0x6B, 0x69, 0x6B, 0x75, 0x61, 0x72, 0x69));
					break;
				case 357: 
					if (style == 6) return String(CharArray::of(0x4C, 0x75, 0x72, 0x75, 0x64, 0x69, 0x20, 0x48, 0x6F, 0x77, 0x65));
					break;
				case 456: 
					if (style == 6) return String(CharArray::of(0x4D, 0x61, 0x72, 0x69, 0x1EBD, 0x79, 0xE3));
					break;
				case 469: 
					if (style == 6) return String(CharArray::of(0x53, 0x61, 0x72, 0x61, 0x79, 0x65, 0x77, 0x6F));
					break;
				case 78: 
					if (style == 6) return String(CharArray::of(0x42, 0x61, 0x72, 0x61, 0x62, 0x61, 0x64, 0x75));
					break;
				case 260: 
					if (style == 6) return String(CharArray::of(0x44, 0x61, 0x6B, 0x61));
					break;
				case 433: 
					if (style == 6) return String(CharArray::of(0x42, 0x75, 0x72, 0x75, 0x78, 0x65, 0x72, 0x61));
					break;
				case 47: 
					if (style == 6) return String(CharArray::of(0x55, 0x77, 0x61, 0x67, 0x61, 0x64, 0x75, 0x67, 0x75));
					break;
				case 473: 
					if (style == 6) return String(CharArray::of(0x53, 0x75, 0x66, 0x69, 0x79, 0x61));
					break;
				case 245: 
					if (style == 6) return String(CharArray::of(0x42, 0x61, 0x72, 0x1EBD, 0x69));
					break;
				case 12: 
					if (style == 6) return String(CharArray::of(0x42, 0x75, 0x79, 0x0169, 0x62, 0x75, 0x72, 0x61));
					break;
				case 48: 
					if (style == 6) return String(CharArray::of(0x49, 0x67, 0x61, 0x72, 0x61, 0x70, 0x61, 0x77, 0x61, 0x20, 0x50, 0x69, 0x73, 0x61, 0x73, 0xFA));
					break;
				case 203: 
					if (style == 6) return String(CharArray::of(0x53, 0xE3, 0x20, 0x42, 0x61, 0x74, 0x75, 0x6C, 0x75, 0x6D, 0x65, 0x75));
					break;
				case 335: 
					if (style == 6) return String(CharArray::of(0x42, 0x65, 0x6D, 0x75, 0x64, 0x61));
					break;
				case 251: 
					if (style == 6) return String(CharArray::of(0x42, 0x75, 0x72, 0x75, 0x6E, 0x65, 0x69));
					break;
				case 144: 
					if (style == 6) return String(CharArray::of(0x4B, 0x61, 0x72, 0x61, 0x72, 0x1EBD, 0x64, 0x69, 0x6B, 0x69));
					break;
				case 109: 
					if (style == 6) return String(CharArray::of(0x45, 0x69, 0x72, 0x75, 0x6E, 0x65, 0x70, 0xE9));
					break;
				case 193: 
					if (style == 6) return String(CharArray::of(0x50, 0x61, 0x72, 0x61, 0x6E, 0xE3, 0x20, 0x4D, 0x75, 0x72, 0x75, 0x74, 0x0129, 0x67, 0x61));
					break;
				case 185: 
					if (style == 6) return String(CharArray::of(0x49, 0x67, 0x61, 0x72, 0x61, 0x70, 0x61, 0x77, 0x61, 0x20, 0x4B, 0x75, 0x78, 0x69, 0x6D, 0x61, 0x77, 0x61, 0x72, 0x61));
					break;
				case 82: 
					if (style == 6) return String(CharArray::of(0x42, 0x75, 0x77, 0x61, 0x20, 0x56, 0x69, 0x73, 0x74, 0x61));
					break;
				case 152: 
					if (style == 6) return String(CharArray::of(0x4D, 0x61, 0x6E, 0x61, 0x75));
					break;
				case 100: 
					if (style == 6) return String(CharArray::of(0x4B, 0x75, 0x79, 0x61, 0x62, 0x61));
					break;
				case 196: 
					if (style == 6) return String(CharArray::of(0x53, 0xE3, 0x74, 0x61, 0x72, 0x1EBD));
					break;
				case 87: 
					if (style == 6) return String(CharArray::of(0x4B, 0xE3, 0x70, 0x75, 0x20, 0x57, 0x61, 0x73, 0x75));
					break;
				case 79: 
					if (style == 6) return String(CharArray::of(0x42, 0x65, 0x6C, 0x1EBD));
					break;
				case 58: 
					if (style == 6) return String(CharArray::of(0x41, 0x72, 0x61, 0x67, 0x75, 0x61, 0x79, 0x69, 0x6E, 0x61));
					break;
				case 199: 
					if (style == 6) return String(CharArray::of(0x53, 0xE3, 0x20, 0x50, 0x61, 0x75, 0x72, 0x75));
					break;
				case 76: 
					if (style == 6) return String(CharArray::of(0x42, 0x61, 0xED, 0x79, 0x61));
					break;
				case 114: 
					if (style == 6) return String(CharArray::of(0x46, 0x75, 0x74, 0x61, 0x72, 0x65, 0x73, 0x61));
					break;
				case 150: 
					if (style == 6) return String(CharArray::of(0x4D, 0x61, 0x73, 0x65, 0x79, 0xF3));
					break;
				case 190: 
					if (style == 6) return String(CharArray::of(0x52, 0x65, 0x73, 0x69, 0x66, 0x69));
					break;
				case 172: 
					if (style == 6) return String(CharArray::of(0x46, 0x65, 0x6E, 0xE3, 0x64, 0x75, 0x20, 0x4E, 0x75, 0x72, 0x75, 0x79, 0xE3));
					break;
				case 168: 
					if (style == 6) return String(CharArray::of(0x4E, 0x61, 0x73, 0x61, 0x75));
					break;
				case 320: 
					if (style == 6) return String(CharArray::of(0x54, 0x0129, 0x70, 0x75));
					break;
				case 23: 
					if (style == 6) return String(CharArray::of(0x47, 0x61, 0x62, 0x75, 0x72, 0x75, 0x6E, 0x69));
					break;
				case 457: 
					if (style == 6) return String(CharArray::of(0x4D, 0x0129, 0x73, 0x69, 0x6B, 0x69));
					break;
				case 80: 
					if (style == 6) return String(CharArray::of(0x42, 0x65, 0x72, 0x69, 0x73, 0x65));
					break;
				case 103: 
					if (style == 6) return String(CharArray::of(0x44, 0x61, 0x75, 0x73, 0x0169));
					break;
				case 218: 
					if (style == 6) return String(CharArray::of(0x4B, 0x61, 0x77, 0x61, 0x72, 0x75, 0x20, 0x4D, 0x75, 0x72, 0x75, 0x74, 0x0129, 0x67, 0x61));
					break;
				case 136: 
					if (style == 6) return String(CharArray::of(0x49, 0x6E, 0x75, 0x77, 0x69, 0x6B, 0x69));
					break;
				case 216: 
					if (style == 6) return String(CharArray::of(0x56, 0xE3, 0x6B, 0x75, 0x77, 0x65, 0x72, 0x69));
					break;
				case 112: 
					if (style == 6) return String(CharArray::of(0x46, 0x75, 0x74, 0x69, 0x20, 0x4E, 0x65, 0x75, 0x73, 0x0169));
					break;
				case 104: 
					if (style == 6) return String(CharArray::of(0x44, 0x61, 0x75, 0x73, 0x0169, 0x20, 0x4B, 0x69, 0x72, 0x69, 0x6B, 0x69));
					break;
				case 99: 
					if (style == 6) return String(CharArray::of(0x4B, 0x65, 0x72, 0x65, 0x73, 0x74, 0x0169));
					break;
				case 108: 
					if (style == 6) return String(CharArray::of(0x45, 0x64, 0x69, 0x6D, 0x0169, 0x74, 0x0169));
					break;
				case 209: 
					if (style == 6) return String(CharArray::of(0x50, 0x61, 0x72, 0x61, 0x6E, 0xE3, 0x20, 0x50, 0x69, 0x72, 0xE3, 0x74, 0xE3));
					break;
				case 86: 
					if (style == 6) return String(CharArray::of(0x4B, 0x1EBD, 0x62, 0x69, 0x72, 0x69, 0x79, 0x69, 0x20, 0x4B, 0x75, 0x61, 0x72, 0x61));
					break;
				case 191: 
					if (style == 6) return String(CharArray::of(0x52, 0x65, 0x6A, 0x0129, 0x6E, 0x1EF9));
					break;
				case 219: 
					if (style == 6) return String(CharArray::of(0x57, 0x69, 0x6E, 0x0129, 0x70, 0x65, 0x67, 0x69));
					break;
				case 192: 
					if (style == 6) return String(CharArray::of(0x52, 0x65, 0x73, 0x6F, 0x72, 0x75, 0x74, 0x69));
					break;
				case 189: 
					if (style == 6) return String(CharArray::of(0x52, 0xE3, 0x6B, 0x0129, 0x20, 0x55, 0x69, 0x6B, 0x65, 0x73, 0x61, 0x77, 0x61));
					break;
				case 96: 
					if (style == 6) return String(CharArray::of(0x41, 0x74, 0x69, 0x6B, 0x6F, 0x6B, 0xE3));
					break;
				case 214: 
					if (style == 6) return String(CharArray::of(0x54, 0x75, 0x72, 0x0169, 0x74, 0x75));
					break;
				case 137: 
					if (style == 6) return String(CharArray::of(0x49, 0x6B, 0x61, 0x72, 0x75, 0x69, 0x74, 0x69));
					break;
				case 163: 
					if (style == 6) return String(CharArray::of(0x4D, 0x0169, 0x6B, 0x69, 0x74, 0x0169));
					break;
				case 117: 
					if (style == 6) return String(CharArray::of(0x49, 0x70, 0x65, 0x6B, 0x61, 0x77, 0x61, 0x73, 0x75, 0x20, 0x4B, 0x75, 0x61, 0x72, 0x61));
					break;
				case 115: 
					if (style == 6) return String(CharArray::of(0x59, 0x72, 0x75, 0x73, 0xE3, 0x67, 0x75, 0x73, 0x75, 0x2D, 0x61, 0x74, 0xE3, 0x20, 0x4B, 0x75, 0x61, 0x72, 0x61));
					break;
				case 81: 
					if (style == 6) return String(CharArray::of(0x49, 0x77, 0x69, 0x6B, 0x75, 0xED, 0x20, 0x4D, 0x75, 0x72, 0x75, 0x74, 0x0129, 0x67, 0x61));
					break;
				case 204: 
					if (style == 6) return String(CharArray::of(0x53, 0xE3, 0x74, 0x69, 0x20, 0x4A, 0x75, 0x6E, 0x69));
					break;
				case 499: 
					if (style == 6) return String(CharArray::of(0x4B, 0x75, 0x6B, 0x75, 0x2D, 0x69, 0x74, 0x61));
					break;
				case 30: 
					if (style == 6) return String(CharArray::of(0x4B, 0x0129, 0x78, 0x61, 0x73, 0x61));
					break;
				case 35: 
					if (style == 6) return String(CharArray::of(0x4C, 0x75, 0x62, 0x0169, 0x62, 0x61, 0x78, 0x69));
					break;
				case 7: 
					if (style == 6) return String(CharArray::of(0x42, 0xE3, 0x6B, 0x69));
					break;
				case 11: 
					if (style == 6) return String(CharArray::of(0x42, 0x61, 0x72, 0x61, 0x7A, 0x61, 0x77, 0x69, 0x72, 0x69));
					break;
				case 488: 
					if (style == 6) return String(CharArray::of(0x5A, 0x75, 0x72, 0x69, 0x6B, 0x69));
					break;
				case 0: 
					if (style == 6) return String(CharArray::of(0x41, 0x62, 0x69, 0x64, 0x69, 0x79, 0xE3));
					break;
				case 557: 
					if (style == 6) return String(CharArray::of(0x52, 0x61, 0x72, 0x75, 0x74, 0x0169, 0x67, 0x61));
					break;
				case 528: 
					if (style == 6) return String(CharArray::of(0x50, 0x61, 0x73, 0x69, 0x6B, 0x75, 0x77, 0x61, 0x20, 0x4B, 0x61, 0x70, 0x75, 0xE3, 0x6D, 0x61));
					break;
				case 187: 
					if (style == 6) return String(CharArray::of(0x50, 0x0169, 0x74, 0x61, 0x20, 0x41, 0x72, 0x65, 0x6E, 0x61, 0x2D, 0x69, 0x74, 0x61));
					break;
				case 197: 
					if (style == 6) return String(CharArray::of(0x53, 0xE3, 0x74, 0x69, 0x79, 0x61, 0x67, 0x75));
					break;
				case 20: 
					if (style == 6) return String(CharArray::of(0x44, 0x75, 0x77, 0x61, 0x6C, 0x61));
					break;
				case 326: 
					if (style == 6) return String(CharArray::of(0x55, 0x72, 0x0169, 0x6B, 0x69));
					break;
				case 311: 
					if (style == 6) return String(CharArray::of(0x58, 0xE3, 0x67, 0x61, 0x69));
					break;
				case 83: 
					if (style == 6) return String(CharArray::of(0x42, 0x75, 0x67, 0x75, 0x74, 0xE1));
					break;
				case 98: 
					if (style == 6) return String(CharArray::of(0x4B, 0x75, 0x70, 0xE9, 0x20, 0x52, 0x69, 0x6B, 0x61));
					break;
				case 125: 
					if (style == 6) return String(CharArray::of(0x48, 0x61, 0x77, 0x61, 0x6E, 0x61));
					break;
				case 337: 
					if (style == 6) return String(CharArray::of(0x4B, 0x61, 0x62, 0x75, 0x20, 0x53, 0x75, 0x69, 0x6B, 0x69, 0x72, 0x69));
					break;
				case 101: 
					if (style == 6) return String(CharArray::of(0x4B, 0x75, 0x72, 0x61, 0x73, 0x61, 0x75));
					break;
				case 498: 
					if (style == 6) return String(CharArray::of(0x4B, 0x69, 0x72, 0x69, 0x74, 0x69, 0x6D, 0x61, 0x2D, 0x69, 0x74, 0x61));
					break;
				case 294: 
					if (style == 6) return String(CharArray::of(0x4E, 0x69, 0x6B, 0x6F, 0x73, 0x69, 0x79, 0x61));
					break;
				case 264: 
					if (style == 6) return String(CharArray::of(0x46, 0x61, 0x6D, 0x61, 0x67, 0x75, 0x69, 0x74, 0x61));
					break;
				case 464: 
					if (style == 6) return String(CharArray::of(0x50, 0x72, 0x61, 0x67, 0x61));
					break;
				case 436: 
					if (style == 6) return String(CharArray::of(0x42, 0x75, 0x73, 0x0129, 0x67, 0x65, 0x6E, 0x69));
					break;
				case 431: 
					if (style == 6) return String(CharArray::of(0x42, 0x65, 0x72, 0x6C, 0x69, 0x6D));
					break;
				case 19: 
					if (style == 6) return String(CharArray::of(0x44, 0x69, 0x6A, 0x69, 0x62, 0x75, 0x74, 0x69));
					break;
				case 438: 
					if (style == 6) return String(CharArray::of(0x4B, 0x6F, 0x70, 0x1EBD, 0x79, 0x61, 0x67, 0x69));
					break;
				case 107: 
					if (style == 6) return String(CharArray::of(0x44, 0x75, 0x6D, 0x69, 0x6E, 0x69, 0x6B, 0x61));
					break;
				case 198: 
					if (style == 6) return String(CharArray::of(0x53, 0xE3, 0x74, 0x75, 0x20, 0x44, 0x75, 0x6D, 0x0129, 0x67, 0x75));
					break;
				case 3: 
					if (style == 6) return String(CharArray::of(0x41, 0x67, 0x65, 0x75));
					break;
				case 534: 
					if (style == 6) return String(CharArray::of(0x47, 0x61, 0x72, 0x61, 0x70, 0x61, 0x67, 0x75, 0x2D, 0x69, 0x74, 0x61));
					break;
				case 122: 
					if (style == 6) return String(CharArray::of(0x47, 0x75, 0x61, 0x79, 0x61, 0x6B, 0x69, 0x75));
					break;
				case 475: 
					if (style == 6) return String(CharArray::of(0x54, 0x61, 0x72, 0x0129));
					break;
				case 13: 
					if (style == 6) return String(CharArray::of(0x4B, 0x61, 0x69, 0x72, 0x75));
					break;
				case 21: 
					if (style == 6) return String(CharArray::of(0x45, 0x75, 0x20, 0x41, 0x79, 0x0169));
					break;
				case 5: 
					if (style == 6) return String(CharArray::of(0x41, 0x73, 0x69, 0x6D, 0x61, 0x72, 0x61));
					break;
				case 336: 
					if (style == 6) return String(CharArray::of(0x4B, 0x61, 0x6E, 0x61, 0x72, 0x69, 0x79, 0x61, 0x2D, 0x69, 0x74, 0x61));
					break;
				case 15: 
					if (style == 6) return String(CharArray::of(0x53, 0x65, 0x75, 0x74, 0x61));
					break;
				case 454: 
					if (style == 6) return String(CharArray::of(0x4D, 0x61, 0x64, 0x72, 0x69));
					break;
				case 2: 
					if (style == 6) return String(CharArray::of(0x41, 0x64, 0x69, 0x73, 0x69, 0x20, 0x41, 0x62, 0x65, 0x62, 0x61));
					break;
				case 442: 
					if (style == 6) return String(CharArray::of(0x48, 0x65, 0x75, 0x73, 0x0129, 0x6B, 0x65));
					break;
				case 532: 
					if (style == 6) return String(CharArray::of(0x46, 0x69, 0x79, 0x69));
					break;
				case 345: 
					if (style == 6) return String(CharArray::of(0x49, 0x73, 0x69, 0x74, 0xE3, 0x72, 0x65, 0x69));
					break;
				case 542: 
					if (style == 6) return String(CharArray::of(0x4B, 0x75, 0x73, 0x69, 0x72, 0x61, 0x69));
					break;
				case 338: 
					if (style == 6) return String(CharArray::of(0x4B, 0x61, 0x70, 0x75, 0xE3, 0x6D, 0x61, 0x2D, 0x69, 0x74, 0x61, 0x20, 0x46, 0x61, 0x72, 0x75, 0x77, 0x65));
					break;
				case 32: 
					if (style == 6) return String(CharArray::of(0x52, 0x69, 0x62, 0x65, 0x72, 0x65, 0x76, 0x69, 0x6C, 0x69));
					break;
				case 452: 
					if (style == 2) return String(CharArray::of(0x48, 0x75, 0x72, 0x61, 0x72, 0x69, 0x79, 0x75, 0x20, 0x4B, 0x75, 0x72, 0x61, 0x73, 0xED, 0x20, 0x41, 0x72, 0x61, 0x20, 0x42, 0x69, 0x72, 0x69, 0x74, 0xE3, 0x6E, 0x69, 0x6B, 0x75));
					break;
				case 119: 
					if (style == 6) return String(CharArray::of(0x47, 0x61, 0x72, 0x61, 0x6E, 0x61, 0x64, 0x61));
					break;
				case 316: 
					if (style == 6) return String(CharArray::of(0x54, 0x69, 0x62, 0x69, 0x6C, 0x69, 0x73, 0x69));
					break;
				case 91: 
					if (style == 6) return String(CharArray::of(0x4B, 0x61, 0x79, 0x65, 0x6E, 0x61));
					break;
				case 441: 
					if (style == 6) return String(CharArray::of(0x47, 0x75, 0x77, 0x1EBD, 0x6E, 0x69, 0x73, 0x65, 0x69));
					break;
				case 1: 
					if (style == 6) return String(CharArray::of(0x41, 0x6B, 0x61, 0x72, 0x61));
					break;
				case 440: 
					if (style == 6) return String(CharArray::of(0x47, 0x69, 0x62, 0x61, 0x72, 0x61, 0x75, 0x74, 0xE1));
					break;
				case 211: 
					if (style == 6) return String(CharArray::of(0x54, 0x69, 0x78, 0x75, 0x72, 0x69));
					break;
				case 116: 
					if (style == 6) return String(CharArray::of(0x4E, 0x75, 0x6B, 0x69));
					break;
				case 200: 
					if (style == 6) return String(CharArray::of(0x49, 0x74, 0x75, 0x6B, 0x75, 0x74, 0x75, 0x6D, 0x69, 0x74, 0x69));
					break;
				case 102: 
					if (style == 6) return String(CharArray::of(0x44, 0x69, 0x6E, 0x61, 0x6D, 0x61, 0x72, 0x61, 0x6B, 0x61, 0x73, 0xE3, 0x76));
					break;
				case 8: 
					if (style == 6) return String(CharArray::of(0x42, 0xE3, 0x6A, 0xFA));
					break;
				case 16: 
					if (style == 6) return String(CharArray::of(0x4B, 0x75, 0x6E, 0x61, 0x6B, 0x69, 0x72, 0x69));
					break;
				case 120: 
					if (style == 6) return String(CharArray::of(0x47, 0x75, 0x61, 0x64, 0x61, 0x72, 0x75, 0x70, 0x69));
					break;
				case 37: 
					if (style == 6) return String(CharArray::of(0x4D, 0x61, 0x6C, 0x61, 0x62, 0x75));
					break;
				case 428: 
					if (style == 6) return String(CharArray::of(0x41, 0x74, 0x65, 0x6E, 0x61, 0x2D, 0x69, 0x74, 0x61));
					break;
				case 343: 
					if (style == 6) return String(CharArray::of(0x47, 0x65, 0x75, 0x67, 0x69, 0x79, 0x61, 0x20, 0x53, 0x75, 0x20, 0x73, 0x75, 0xED));
					break;
				case 121: 
					if (style == 6) return String(CharArray::of(0x47, 0x75, 0x61, 0x74, 0x65, 0x6D, 0x61, 0x72, 0x61));
					break;
				case 537: 
					if (style == 6) return String(CharArray::of(0x47, 0x75, 0x77, 0xE3));
					break;
				case 9: 
					if (style == 6) return String(CharArray::of(0x42, 0x69, 0x73, 0x61, 0x75));
					break;
				case 123: 
					if (style == 6) return String(CharArray::of(0x47, 0x69, 0x79, 0x61, 0x6E, 0x61));
					break;
				case 269: 
					if (style == 6) return String(CharArray::of(0x48, 0x0169, 0x67, 0x20, 0x4B, 0x0169, 0x67));
					break;
				case 210: 
					if (style == 6) return String(CharArray::of(0x54, 0x65, 0x67, 0x75, 0x73, 0x69, 0x67, 0x61, 0x75, 0x70, 0x61));
					break;
				case 486: 
					if (style == 6) return String(CharArray::of(0x53, 0x61, 0x67, 0x61, 0x72, 0x65, 0x62, 0x69));
					break;
				case 182: 
					if (style == 6) return String(CharArray::of(0x49, 0x67, 0x61, 0x72, 0x61, 0x70, 0x61, 0x77, 0x61, 0x20, 0x50, 0x69, 0x72, 0x0129, 0x73, 0x69, 0x70, 0x69));
					break;
				case 435: 
					if (style == 6) return String(CharArray::of(0x42, 0x75, 0x64, 0x61, 0x70, 0x65, 0x74, 0x69));
					break;
				case 273: 
					if (style == 6) return String(CharArray::of(0x4A, 0x61, 0x6B, 0x61, 0x74, 0x61));
					break;
				case 300: 
					if (style == 6) return String(CharArray::of(0x50, 0x0169, 0x74, 0x69, 0x61, 0x6E, 0x61, 0x6B, 0x61));
					break;
				case 274: 
					if (style == 6) return String(CharArray::of(0x59, 0x61, 0x79, 0x61, 0x70, 0x75, 0x72, 0x61));
					break;
				case 439: 
					if (style == 2) return String(CharArray::of(0x48, 0x75, 0x72, 0x61, 0x72, 0x69, 0x79, 0x75, 0x20, 0x52, 0x65, 0x74, 0x65, 0x77, 0x61, 0x20, 0x49, 0x72, 0xE3, 0x64, 0x65, 0x69));
					break;
				case 275: 
					if (style == 6) return String(CharArray::of(0x59, 0x65, 0x72, 0x75, 0x73, 0x61, 0x72, 0x1EBD, 0x69));
					break;
				case 443: 
					if (style == 6) return String(CharArray::of(0x4D, 0xE3, 0x20, 0x4B, 0x61, 0x70, 0x75, 0xE3, 0x6D, 0x61));
					break;
				case 252: 
					if (style == 6) return String(CharArray::of(0x4B, 0x61, 0x75, 0x6B, 0x75, 0x74, 0xE1));
					break;
				case 497: 
					if (style == 6) return String(CharArray::of(0x58, 0x61, 0x67, 0x75, 0x2D, 0x69, 0x74, 0x61));
					break;
				case 244: 
					if (style == 6) return String(CharArray::of(0x4D, 0x61, 0x67, 0x6E, 0x61));
					break;
				case 317: 
					if (style == 6) return String(CharArray::of(0x54, 0x65, 0x79, 0x65, 0x72, 0xE3));
					break;
				case 342: 
					if (style == 6) return String(CharArray::of(0x52, 0x65, 0x69, 0x6B, 0x69, 0x79, 0x61, 0x77, 0x69, 0x6B, 0x69));
					break;
				case 466: 
					if (style == 6) return String(CharArray::of(0x52, 0x6F, 0x6D, 0x61));
					break;
				case 445: 
					if (style == 6) return String(CharArray::of(0x4A, 0x65, 0x72, 0x73, 0x65, 0x69));
					break;
				case 138: 
					if (style == 6) return String(CharArray::of(0x59, 0x61, 0x6D, 0x61, 0x69, 0x6B, 0x61));
					break;
				case 237: 
					if (style == 6) return String(CharArray::of(0x41, 0x6D, 0xE3));
					break;
				case 321: 
					if (style == 6) return String(CharArray::of(0x54, 0x6F, 0x6B, 0x69, 0x79, 0x75));
					break;
				case 43: 
					if (style == 6) return String(CharArray::of(0x4E, 0x61, 0x69, 0x72, 0x75, 0x62, 0x69));
					break;
				case 250: 
					if (style == 6) return String(CharArray::of(0x42, 0x69, 0x73, 0x69, 0x6B, 0x65, 0x6B, 0x69));
					break;
				case 299: 
					if (style == 6) return String(CharArray::of(0x50, 0x69, 0x6E, 0xF5, 0x20, 0x50, 0x1EBD, 0x69));
					break;
				case 530: 
					if (style == 6) return String(CharArray::of(0x1EBC, 0x64, 0x65, 0x62, 0x75, 0x72, 0x69));
					break;
				case 500: 
					if (style == 6) return String(CharArray::of(0x4B, 0x75, 0x6D, 0x75, 0x72, 0x65, 0x2D, 0x69, 0x74, 0x61));
					break;
				case 205: 
					if (style == 6) return String(CharArray::of(0x53, 0xE3, 0x20, 0x4B, 0x69, 0x72, 0x69, 0x74, 0x75, 0x77, 0xE3, 0x75));
					break;
				case 301: 
					if (style == 6) return String(CharArray::of(0x50, 0x69, 0x0169, 0x67, 0x69, 0xE3, 0x67, 0x69));
					break;
				case 310: 
					if (style == 6) return String(CharArray::of(0x53, 0x65, 0xFA));
					break;
				case 287: 
					if (style == 6) return String(CharArray::of(0x4B, 0x75, 0x77, 0x61, 0x69, 0x74, 0x69));
					break;
				case 92: 
					if (style == 6) return String(CharArray::of(0x4B, 0x61, 0x69, 0x6D, 0xE3));
					break;
				case 239: 
					if (style == 6) return String(CharArray::of(0x41, 0x6B, 0x69, 0x74, 0x61, 0x75));
					break;
				case 298: 
					if (style == 6) return String(CharArray::of(0x52, 0x61, 0x75, 0x72, 0x65));
					break;
				case 243: 
					if (style == 6) return String(CharArray::of(0x41, 0x74, 0x69, 0x72, 0x61, 0x75));
					break;
				case 240: 
					if (style == 6) return String(CharArray::of(0x41, 0x6B, 0x69, 0x74, 0x75, 0x62, 0x69));
					break;
				case 303: 
					if (style == 6) return String(CharArray::of(0x4B, 0x6F, 0x73, 0x69, 0x74, 0x61, 0x6E, 0x61, 0x69));
					break;
				case 304: 
					if (style == 6) return String(CharArray::of(0x4B, 0x69, 0x73, 0x69, 0x72, 0x6F, 0x64, 0x61));
					break;
				case 236: 
					if (style == 6) return String(CharArray::of(0x41, 0x75, 0x6D, 0x61, 0x74, 0x69));
					break;
				case 328: 
					if (style == 6) return String(CharArray::of(0x56, 0x69, 0x1EBD, 0x74, 0x69, 0x61, 0x6E, 0x65));
					break;
				case 249: 
					if (style == 6) return String(CharArray::of(0x42, 0x65, 0x69, 0x72, 0x75, 0x74, 0x65));
					break;
				case 206: 
					if (style == 6) return String(CharArray::of(0x53, 0xE3, 0x74, 0x61, 0x20, 0x4C, 0x75, 0x73, 0x69, 0x79, 0x61));
					break;
				case 480: 
					if (style == 6) return String(CharArray::of(0x56, 0x61, 0x64, 0x75, 0x73, 0x69));
					break;
				case 257: 
					if (style == 6) return String(CharArray::of(0x4B, 0x75, 0x72, 0x0169, 0x62, 0x75));
					break;
				case 42: 
					if (style == 6) return String(CharArray::of(0x4D, 0x0169, 0x72, 0x75, 0x77, 0x69, 0x79, 0x61));
					break;
				case 483: 
					if (style == 6) return String(CharArray::of(0x56, 0x69, 0x77, 0x69, 0x75, 0x2D, 0x69, 0x74, 0x61));
					break;
				case 453: 
					if (style == 6) return String(CharArray::of(0x52, 0x75, 0x78, 0x1EBD, 0x62, 0x75, 0x67, 0x75));
					break;
				case 51: 
					if (style == 6) return String(CharArray::of(0x54, 0x69, 0x72, 0x69, 0x70, 0x75, 0x72, 0x69));
					break;
				case 14: 
					if (style == 6) return String(CharArray::of(0x55, 0x6B, 0x61, 0x20, 0x4D, 0x75, 0x72, 0x75, 0x74, 0x0129, 0x67, 0x61));
					break;
				case 458: 
					if (style == 6) return String(CharArray::of(0x4D, 0x75, 0x6E, 0x61, 0x6B, 0x75));
					break;
				case 437: 
					if (style == 6) return String(CharArray::of(0x58, 0x69, 0x73, 0x69, 0x6E, 0x61, 0x75));
					break;
				case 463: 
					if (style == 6) return String(CharArray::of(0x50, 0x75, 0x64, 0x69, 0x67, 0x75, 0x72, 0x69, 0x6B, 0x61));
					break;
				case 153: 
					if (style == 6) return String(CharArray::of(0x4D, 0x61, 0x72, 0x69, 0x67, 0x75, 0x74, 0x69));
					break;
				case 496: 
					if (style == 6) return String(CharArray::of(0xC3, 0x74, 0x61, 0x6E, 0x61, 0x6E, 0x61, 0x72, 0x69, 0x75));
					break;
				case 543: 
					if (style == 6) return String(CharArray::of(0x4B, 0x75, 0x61, 0x79, 0x61, 0x72, 0x1EBD, 0x69));
					break;
				case 544: 
					if (style == 6) return String(CharArray::of(0x4D, 0x61, 0x79, 0x75, 0x72, 0x75));
					break;
				case 472: 
					if (style == 6) return String(CharArray::of(0x49, 0x73, 0x69, 0x6B, 0x75, 0x70, 0x69, 0x79, 0x65));
					break;
				case 6: 
					if (style == 6) return String(CharArray::of(0x42, 0x61, 0x6D, 0x61, 0x6B, 0x75));
					break;
				case 305: 
					if (style == 6) return String(CharArray::of(0x52, 0xE3, 0x67, 0x0169));
					break;
				case 270: 
					if (style == 6) return String(CharArray::of(0x48, 0x6F, 0x77, 0x69, 0x64, 0x69));
					break;
				case 324: 
					if (style == 6) return String(CharArray::of(0x55, 0x72, 0xE3, 0x20, 0x42, 0x61, 0x74, 0x75, 0x72, 0x75));
					break;
				case 254: 
					if (style == 6) return String(CharArray::of(0x58, 0x75, 0x69, 0x62, 0x61, 0x75, 0x73, 0xE3));
					break;
				case 289: 
					if (style == 6) return String(CharArray::of(0x4D, 0x61, 0x6B, 0x61, 0x75));
					break;
				case 558: 
					if (style == 6) return String(CharArray::of(0x53, 0x61, 0x69, 0x70, 0xE3));
					break;
				case 154: 
					if (style == 6) return String(CharArray::of(0x4D, 0x61, 0x74, 0x69, 0x6E, 0x69, 0x6B, 0x61));
					break;
				case 46: 
					if (style == 6) return String(CharArray::of(0x4E, 0x6F, 0x77, 0x61, 0x6B, 0x69, 0x78, 0x75, 0x74, 0x69));
					break;
				case 167: 
					if (style == 6) return String(CharArray::of(0x4D, 0xF5, 0x74, 0x69, 0x73, 0x65, 0x72, 0x61, 0x74, 0x69));
					break;
				case 455: 
					if (style == 6) return String(CharArray::of(0x4D, 0x61, 0x75, 0x74, 0x61));
					break;
				case 504: 
					if (style == 6) return String(CharArray::of(0x4D, 0x61, 0x75, 0x72, 0x69, 0x73, 0x69, 0x79, 0x75));
					break;
				case 503: 
					if (style == 6) return String(CharArray::of(0x4D, 0x61, 0x75, 0x64, 0x69, 0x77, 0x61, 0x2D, 0x69, 0x74, 0x61));
					break;
				case 10: 
					if (style == 6) return String(CharArray::of(0x42, 0x61, 0x72, 0xE3, 0x74, 0x69, 0x72, 0x65));
					break;
				case 213: 
					if (style == 6) return String(CharArray::of(0x54, 0x69, 0x6A, 0x75, 0x76, 0x1EF9, 0x6E, 0x1EF9));
					break;
				case 126: 
					if (style == 6) return String(CharArray::of(0x48, 0x65, 0x6D, 0x75, 0x73, 0x69, 0x72, 0x75));
					break;
				case 156: 
					if (style == 6) return String(CharArray::of(0x4D, 0x61, 0x73, 0x61, 0x74, 0x61, 0x72, 0xE3));
					break;
				case 94: 
					if (style == 6) return String(CharArray::of(0x53, 0x69, 0x76, 0x61, 0x76, 0x61));
					break;
				case 77: 
					if (style == 6) return String(CharArray::of(0x42, 0xE3, 0x64, 0x65, 0x72, 0x61, 0x2D, 0x69, 0x74, 0x61, 0x20, 0x4B, 0x75, 0x61, 0x72, 0x61));
					break;
				case 177: 
					if (style == 6) return String(CharArray::of(0x4F, 0x79, 0x69, 0x6E, 0x61, 0x67, 0x61));
					break;
				case 164: 
					if (style == 6) return String(CharArray::of(0x4D, 0xF5, 0x74, 0x65, 0x72, 0x65, 0x69));
					break;
				case 161: 
					if (style == 6) return String(CharArray::of(0x1EBC, 0x6D, 0xE3, 0x20, 0x74, 0x1EF9, 0x20, 0x4D, 0x1EBD, 0x73, 0x69, 0x6B, 0x75));
					break;
				case 155: 
					if (style == 6) return String(CharArray::of(0x4D, 0x6F, 0x72, 0x6F, 0x69, 0x74, 0x61, 0x79, 0x75, 0x6B, 0xE1));
					break;
				case 88: 
					if (style == 6) return String(CharArray::of(0x4B, 0xE3, 0x6B, 0x0169));
					break;
				case 285: 
					if (style == 6) return String(CharArray::of(0x4B, 0x75, 0x61, 0x72, 0x61, 0x20, 0x52, 0x0169, 0x70, 0x75, 0x72, 0x75));
					break;
				case 286: 
					if (style == 6) return String(CharArray::of(0x4B, 0x75, 0x78, 0x0129, 0x67, 0x69));
					break;
				case 38: 
					if (style == 6) return String(CharArray::of(0x4D, 0x61, 0x70, 0x75, 0x74, 0x75));
					break;
				case 53: 
					if (style == 6) return String(CharArray::of(0x57, 0x0129, 0x64, 0x75, 0x65, 0x6B, 0x69));
					break;
				case 550: 
					if (style == 6) return String(CharArray::of(0x4E, 0x75, 0x6D, 0x65, 0x79, 0x61));
					break;
				case 45: 
					if (style == 6) return String(CharArray::of(0x4E, 0x69, 0x61, 0x6D, 0x65, 0x69));
					break;
				case 549: 
					if (style == 6) return String(CharArray::of(0x4E, 0x75, 0x72, 0x75, 0x66, 0x75, 0x6B, 0x69));
					break;
				case 31: 
					if (style == 6) return String(CharArray::of(0x49, 0x70, 0x61, 0x77, 0x61, 0x69, 0x74, 0x61));
					break;
				case 151: 
					if (style == 6) return String(CharArray::of(0x4D, 0x61, 0x6E, 0xE1, 0x67, 0x75, 0x77, 0x61));
					break;
				case 425: 
					if (style == 6) return String(CharArray::of(0x41, 0x6D, 0x69, 0x74, 0x65, 0x72, 0x69, 0x64, 0xE3));
					break;
				case 461: 
					if (style == 6) return String(CharArray::of(0x55, 0x73, 0x69, 0x72, 0x75));
					break;
				case 281: 
					if (style == 6) return String(CharArray::of(0x4B, 0x61, 0x74, 0x69, 0x6D, 0xE3, 0x64, 0x75));
					break;
				case 548: 
					if (style == 6) return String(CharArray::of(0x4E, 0x69, 0x77, 0x65));
					break;
				case 526: 
					if (style == 6) return String(CharArray::of(0x58, 0x61, 0x74, 0x69, 0x6E, 0xE3));
					break;
				case 524: 
					if (style == 6) return String(CharArray::of(0xD3, 0x6B, 0x69, 0x72, 0xE3, 0x64, 0x69));
					break;
				case 293: 
					if (style == 6) return String(CharArray::of(0x4D, 0x61, 0x73, 0x69, 0x6B, 0x61, 0x74, 0x69));
					break;
				case 178: 
					if (style == 6) return String(CharArray::of(0x50, 0x61, 0x6E, 0x61, 0x6D, 0xE3));
					break;
				case 146: 
					if (style == 6) return String(CharArray::of(0x52, 0x69, 0x6D, 0x61));
					break;
				case 560: 
					if (style == 6) return String(CharArray::of(0x54, 0x61, 0x69, 0x74, 0x69));
					break;
				case 545: 
					if (style == 6) return String(CharArray::of(0x4D, 0x61, 0x6B, 0x65, 0x73, 0x61, 0x2D, 0x69, 0x74, 0x61));
					break;
				case 535: 
					if (style == 6) return String(CharArray::of(0x47, 0xE3, 0x62, 0x69, 0x65, 0x72, 0x65));
					break;
				case 556: 
					if (style == 6) return String(CharArray::of(0x49, 0x67, 0x61, 0x72, 0x61, 0x70, 0x61, 0x77, 0x61, 0x20, 0x4D, 0x6F, 0x72, 0x65, 0x73, 0x62, 0x79));
					break;
				case 525: 
					if (style == 6) return String(CharArray::of(0x42, 0x75, 0x67, 0x61, 0x0129, 0x77, 0x69, 0x72, 0x69));
					break;
				case 292: 
					if (style == 6) return String(CharArray::of(0x4D, 0x61, 0x6E, 0x69, 0x72, 0x61));
					break;
				case 278: 
					if (style == 6) return String(CharArray::of(0x4B, 0x61, 0x72, 0x61, 0x78, 0x69));
					break;
				case 485: 
					if (style == 6) return String(CharArray::of(0x57, 0x61, 0x72, 0x69, 0x73, 0xF3, 0x77, 0x69, 0x79, 0x61));
					break;
				case 162: 
					if (style == 6) return String(CharArray::of(0x4D, 0x69, 0x6B, 0x69, 0x72, 0x0169));
					break;
				case 186: 
					if (style == 6) return String(CharArray::of(0x49, 0x67, 0x61, 0x72, 0x61, 0x70, 0x61, 0x77, 0x61, 0x20, 0x52, 0x69, 0x6B, 0x75));
					break;
				case 265: 
					if (style == 6) return String(CharArray::of(0x47, 0x61, 0x73, 0x61));
					break;
				case 267: 
					if (style == 6) return String(CharArray::of(0x48, 0x65, 0x62, 0x75, 0x72, 0x0169));
					break;
				case 334: 
					if (style == 6) return String(CharArray::of(0x41, 0x73, 0x6F, 0x72, 0x69, 0x2D, 0x69, 0x74, 0x61));
					break;
				case 450: 
					if (style == 6) return String(CharArray::of(0x4C, 0x69, 0x73, 0x62, 0x6F, 0x61));
					break;
				case 552: 
					if (style == 6) return String(CharArray::of(0x50, 0x61, 0x72, 0x61, 0x75));
					break;
				case 73: 
					if (style == 6) return String(CharArray::of(0x41, 0x73, 0x0169, 0x73, 0x69, 0x79, 0xF5));
					break;
				case 302: 
					if (style == 6) return String(CharArray::of(0x4B, 0x61, 0x74, 0x61, 0x72, 0x69));
					break;
				case 506: 
					if (style == 6) return String(CharArray::of(0x59, 0x75, 0x6D, 0x75, 0x61, 0x74, 0x69, 0x72, 0x69, 0x73, 0x61, 0x77, 0x61));
					break;
				case 434: 
					if (style == 6) return String(CharArray::of(0x42, 0x75, 0x6B, 0x61, 0x72, 0x65, 0x74, 0x69));
					break;
				case 430: 
					if (style == 6) return String(CharArray::of(0x42, 0x65, 0x75, 0x67, 0x61, 0x72, 0x61, 0x64, 0x75));
					break;
				case 446: 
					if (style == 6) return String(CharArray::of(0x4B, 0x61, 0x72, 0x69, 0x6E, 0x0129, 0x67, 0x61, 0x72, 0x61, 0x64, 0x75));
					break;
				case 459: 
					if (style == 6) return String(CharArray::of(0x4D, 0x6F, 0x73, 0x6B, 0x6F, 0x75));
					break;
				case 484: 
					if (style == 6) return String(CharArray::of(0x57, 0x75, 0x67, 0x6F, 0x67, 0x61, 0x72, 0x61, 0x64, 0x75));
					break;
				case 470: 
					if (style == 6) return String(CharArray::of(0x53, 0x61, 0x72, 0x61, 0x74, 0x75, 0x77, 0x6F));
					break;
				case 427: 
					if (style == 6) return String(CharArray::of(0x41, 0x73, 0x69, 0x74, 0x61, 0x72, 0x61, 0x6B, 0xE3));
					break;
				case 478: 
					if (style == 6) return String(CharArray::of(0x55, 0x6C, 0x69, 0x61, 0x6E, 0x75, 0x77, 0x69, 0x6B, 0x69));
					break;
				case 448: 
					if (style == 6) return String(CharArray::of(0x4B, 0x69, 0x72, 0x6F, 0x77, 0x69));
					break;
				case 332: 
					if (style == 6) return String(CharArray::of(0x45, 0x6B, 0x61, 0x74, 0x65, 0x72, 0x0129, 0x62, 0x75, 0x67, 0x75));
					break;
				case 297: 
					if (style == 6) return String(CharArray::of(0x4F, 0x6D, 0x69, 0x73, 0x69, 0x6B, 0x69));
					break;
				case 296: 
					if (style == 6) return String(CharArray::of(0x53, 0x69, 0x62, 0x69, 0x72, 0x69, 0x73, 0x69, 0x6B, 0x69, 0x20, 0x50, 0x69, 0x73, 0x61, 0x73, 0xFA));
					break;
				case 248: 
					if (style == 6) return String(CharArray::of(0x42, 0x61, 0x72, 0x6E, 0x61, 0x75));
					break;
				case 322: 
					if (style == 6) return String(CharArray::of(0x54, 0x6F, 0x6D, 0x69, 0x73, 0x69, 0x6B, 0x69));
					break;
				case 295: 
					if (style == 6) return String(CharArray::of(0x4B, 0x75, 0x73, 0x69, 0x6E, 0x65, 0x74, 0x69, 0x73, 0x69, 0x6B, 0x69, 0x20, 0x50, 0x69, 0x73, 0x61, 0x73, 0xFA));
					break;
				case 284: 
					if (style == 6) return String(CharArray::of(0x4B, 0x61, 0x72, 0x61, 0x73, 0x69, 0x6E, 0x6F, 0x79, 0x61, 0x72, 0x69, 0x73, 0x69, 0x6B, 0x69));
					break;
				case 271: 
					if (style == 6) return String(CharArray::of(0x49, 0x72, 0x6B, 0x75, 0x74, 0x69, 0x73, 0x69, 0x6B, 0x69));
					break;
				case 253: 
					if (style == 6) return String(CharArray::of(0x58, 0x69, 0x74, 0x61));
					break;
				case 330: 
					if (style == 6) return String(CharArray::of(0x59, 0x61, 0x6B, 0x75, 0x74, 0x69, 0x73, 0x69, 0x6B, 0x69));
					break;
				case 329: 
					if (style == 6) return String(CharArray::of(0x57, 0x61, 0x72, 0x61, 0x64, 0x69, 0x77, 0x6F, 0x73, 0x69, 0x74, 0x75, 0x6B, 0x69));
					break;
				case 282: 
					if (style == 6) return String(CharArray::of(0x4B, 0xE3, 0x64, 0x69, 0x67, 0x61));
					break;
				case 308: 
					if (style == 6) return String(CharArray::of(0x53, 0x61, 0x6B, 0x61, 0x72, 0x69, 0x6E, 0x61));
					break;
				case 327: 
					if (style == 6) return String(CharArray::of(0x55, 0x73, 0x69, 0x74, 0x69, 0x2D, 0x4E, 0x65, 0x72, 0x61));
					break;
				case 290: 
					if (style == 6) return String(CharArray::of(0x4D, 0x61, 0x67, 0x61, 0x64, 0xE3));
					break;
				case 313: 
					if (style == 6) return String(CharArray::of(0x58, 0x65, 0x72, 0x65, 0x64, 0x69, 0x6E, 0x65, 0x6B, 0x6F, 0x72, 0x69, 0x6D, 0x69, 0x7A, 0x69, 0x6B, 0x69));
					break;
				case 277: 
					if (style == 6) return String(CharArray::of(0x4B, 0xE3, 0x78, 0x61, 0x74, 0x69, 0x6B, 0x61));
					break;
				case 238: 
					if (style == 6) return String(CharArray::of(0x41, 0x6E, 0x61, 0x64, 0x69));
					break;
				case 29: 
					if (style == 6) return String(CharArray::of(0x4B, 0x69, 0x67, 0x61, 0x72, 0x69));
					break;
				case 306: 
					if (style == 6) return String(CharArray::of(0x52, 0x69, 0x61, 0x64, 0x65));
					break;
				case 536: 
					if (style == 6) return String(CharArray::of(0x47, 0x75, 0x61, 0x64, 0x61, 0x75, 0x6B, 0x61, 0x6E, 0x61, 0x75));
					break;
				case 502: 
					if (style == 6) return String(CharArray::of(0x4D, 0x61, 0xE9));
					break;
				case 28: 
					if (style == 6) return String(CharArray::of(0x4B, 0x61, 0x74, 0x0169));
					break;
				case 474: 
					if (style == 6) return String(CharArray::of(0x45, 0x73, 0x74, 0x6F, 0x63, 0x6F, 0x6C, 0x6D, 0x6F));
					break;
				case 312: 
					if (style == 6) return String(CharArray::of(0x53, 0x0129, 0x67, 0x61, 0x70, 0x75, 0x72, 0x61));
					break;
				case 344: 
					if (style == 6) return String(CharArray::of(0x53, 0xE3, 0x74, 0x61, 0x20, 0x45, 0x72, 0x1EBD, 0x6E, 0x61));
					break;
				case 451: 
					if (style == 6) return String(CharArray::of(0x52, 0x69, 0x75, 0x62, 0x69, 0x72, 0x69, 0x61, 0x6E, 0x61));
					break;
				case 234: 
					if (style == 6) return String(CharArray::of(0x4C, 0x6F, 0x6E, 0x67, 0x79, 0x65, 0x61, 0x72, 0x20, 0x54, 0x61, 0x77, 0x61, 0x2D, 0x77, 0x61, 0x73, 0xFA));
					break;
				case 432: 
					if (style == 6) return String(CharArray::of(0x42, 0x61, 0x72, 0x61, 0x74, 0x69, 0x73, 0x69, 0x6C, 0x61, 0x77, 0x61));
					break;
				case 22: 
					if (style == 6) return String(CharArray::of(0x46, 0x69, 0x72, 0x65, 0x74, 0x0169));
					break;
				case 468: 
					if (style == 6) return String(CharArray::of(0x53, 0xE3, 0x20, 0x4D, 0x61, 0x72, 0x69, 0x6E, 0x75));
					break;
				case 41: 
					if (style == 6) return String(CharArray::of(0x4D, 0x75, 0x67, 0x61, 0x64, 0x69, 0x73, 0x69, 0x6B, 0x75));
					break;
				case 180: 
					if (style == 6) return String(CharArray::of(0x50, 0x61, 0x72, 0x61, 0x6D, 0x61, 0x72, 0x69, 0x62, 0x75));
					break;
				case 26: 
					if (style == 6) return String(CharArray::of(0x59, 0x75, 0x62, 0x61));
					break;
				case 49: 
					if (style == 6) return String(CharArray::of(0x53, 0xE3, 0x20, 0x54, 0x75, 0x6D, 0xE9));
					break;
				case 110: 
					if (style == 6) return String(CharArray::of(0x45, 0x75, 0x20, 0x53, 0x61, 0x77, 0x61, 0x64, 0x75));
					break;
				case 149: 
					if (style == 6) return String(CharArray::of(0x50, 0x69, 0x72, 0x0129, 0x73, 0x69, 0x70, 0x69, 0x20, 0x51, 0x75, 0x61, 0x72, 0x74, 0x65, 0x72, 0x20, 0x55, 0x69, 0x72, 0x70, 0x65, 0x77, 0x61, 0x72, 0x61));
					break;
				case 259: 
					if (style == 6) return String(CharArray::of(0x44, 0x61, 0x6D, 0x61, 0x73, 0x69, 0x6B, 0x75));
					break;
				case 40: 
					if (style == 6) return String(CharArray::of(0x0168, 0x62, 0x61, 0x62, 0x61, 0x6E, 0x69));
					break;
				case 118: 
					if (style == 6) return String(CharArray::of(0x57, 0x61, 0x73, 0xFA, 0x20, 0x54, 0x75, 0x72, 0x69, 0x6B, 0x75));
					break;
				case 44: 
					if (style == 6) return String(CharArray::of(0x4E, 0x2019, 0x20, 0x44, 0x69, 0x79, 0x61, 0x6D, 0x65, 0x6E, 0x61));
					break;
				case 501: 
					if (style == 6) return String(CharArray::of(0x4B, 0x65, 0x72, 0x67, 0x65, 0x6C, 0x1EBD));
					break;
				case 33: 
					if (style == 6) return String(CharArray::of(0x52, 0x75, 0x6D, 0xE9));
					break;
				case 247: 
					if (style == 6) return String(CharArray::of(0x4D, 0xE1, 0x67, 0x2D, 0x6B, 0xF3, 0x6B, 0x69));
					break;
				case 263: 
					if (style == 6) return String(CharArray::of(0x44, 0x75, 0x78, 0xE3, 0x62, 0x69));
					break;
				case 531: 
					if (style == 6) return String(CharArray::of(0x46, 0x61, 0x6B, 0x61, 0x75, 0x66, 0x75));
					break;
				case 261: 
					if (style == 6) return String(CharArray::of(0x44, 0x69, 0x72, 0x69));
					break;
				case 241: 
					if (style == 6) return String(CharArray::of(0x41, 0x73, 0x69, 0x67, 0x61, 0x62, 0x61, 0x74, 0x69));
					break;
				case 52: 
					if (style == 6) return String(CharArray::of(0x54, 0x75, 0x6E, 0x69, 0x2D, 0x69, 0x74, 0x61));
					break;
				case 562: 
					if (style == 6) return String(CharArray::of(0x54, 0x0169, 0x67, 0x61, 0x74, 0x61, 0x70, 0x75));
					break;
				case 444: 
					if (style == 6) return String(CharArray::of(0x49, 0x73, 0x74, 0x61, 0x6D, 0x62, 0x75, 0x6C));
					break;
				case 183: 
					if (style == 6) return String(CharArray::of(0x45, 0x73, 0x69, 0x70, 0xE3, 0x79, 0x61, 0x20, 0x49, 0x67, 0x61, 0x72, 0x61, 0x70, 0x61, 0x77, 0x61));
					break;
				case 18: 
					if (style == 6) return String(CharArray::of(0x4B, 0x61, 0x74, 0x75, 0x61, 0x77, 0x61, 0x20, 0x72, 0x75, 0x6B, 0x61));
					break;
				case 447: 
					if (style == 6) return String(CharArray::of(0x4B, 0x69, 0x79, 0x65, 0x77, 0x65));
					break;
				case 471: 
					if (style == 6) return String(CharArray::of(0x53, 0x0129, 0x77, 0x65, 0x72, 0x75, 0x70, 0x75));
					break;
				case 27: 
					if (style == 6) return String(CharArray::of(0x4B, 0xE3, 0x70, 0x61, 0x72, 0x61));
					break;
				case 546: 
					if (style == 6) return String(CharArray::of(0x4D, 0x69, 0x64, 0x69, 0x77, 0x65, 0x69));
					break;
				case 54: 
					if (style == 6) return String(CharArray::of(0x41, 0x64, 0x61, 0x6B, 0x69));
					break;
				case 171: 
					if (style == 6) return String(CharArray::of(0x52, 0xE9, 0x72, 0x61));
					break;
				case 538: 
					if (style == 6) return String(CharArray::of(0x48, 0x75, 0x6E, 0x75, 0x72, 0x75, 0x72, 0x75));
					break;
				case 55: 
					if (style == 6) return String(CharArray::of(0xC3, 0x6B, 0x75, 0x72, 0x61, 0x67, 0x65));
					break;
				case 220: 
					if (style == 6) return String(CharArray::of(0x59, 0x61, 0x6B, 0x75, 0x74, 0x61, 0x74, 0x69));
					break;
				case 202: 
					if (style == 6) return String(CharArray::of(0x53, 0x69, 0x74, 0x69, 0x6B, 0x61));
					break;
				case 140: 
					if (style == 6) return String(CharArray::of(0x59, 0x75, 0x6E, 0x65, 0x61, 0x75));
					break;
				case 160: 
					if (style == 6) return String(CharArray::of(0x4D, 0x65, 0x74, 0x69, 0x72, 0x61, 0x6B, 0x61, 0x74, 0x69, 0x72, 0x61));
					break;
				case 84: 
					if (style == 6) return String(CharArray::of(0x42, 0x75, 0x77, 0x69, 0x73, 0xE9));
					break;
				case 181: 
					if (style == 6) return String(CharArray::of(0x50, 0x75, 0x77, 0x65, 0x6E, 0x69, 0x6B, 0x69, 0x73, 0x69));
					break;
				case 105: 
					if (style == 6) return String(CharArray::of(0x44, 0x1EBD, 0x77, 0x65, 0x72));
					break;
				case 173: 
					if (style == 6) return String(CharArray::of(0x42, 0x65, 0x75, 0x72, 0x2C, 0x20, 0x44, 0x61, 0x6B, 0x6F, 0x74, 0x61, 0x20, 0x4E, 0x75, 0x74, 0x69, 0x20, 0x73, 0x75, 0xED));
					break;
				case 175: 
					if (style == 6) return String(CharArray::of(0x50, 0x69, 0x73, 0x61, 0x73, 0xFA, 0x20, 0x53, 0x61, 0x72, 0x1EBD, 0x2C, 0x20, 0x44, 0x61, 0x6B, 0x6F, 0x74, 0x61, 0x20, 0x4E, 0x75, 0x74, 0x69, 0x20, 0x73, 0x75, 0xED));
					break;
				case 174: 
					if (style == 6) return String(CharArray::of(0x53, 0x1EBD, 0x74, 0x65, 0x2C, 0x20, 0x44, 0x61, 0x6B, 0x6F, 0x74, 0x61, 0x20, 0x4E, 0x75, 0x74, 0x69, 0x20, 0x73, 0x75, 0xED));
					break;
				case 93: 
					if (style == 6) return String(CharArray::of(0x58, 0x69, 0x6B, 0x61, 0x67, 0x75));
					break;
				case 158: 
					if (style == 6) return String(CharArray::of(0x4D, 0x65, 0x6E, 0x6F, 0x6D, 0x69, 0x6E, 0x69));
					break;
				case 133: 
					if (style == 6) return String(CharArray::of(0x57, 0x0129, 0x73, 0x65, 0x6E, 0x65, 0x2D, 0x69, 0x74, 0x61, 0x2C, 0x20, 0x0128, 0x64, 0x69, 0x61, 0x6E, 0x61));
					break;
				case 130: 
					if (style == 6) return String(CharArray::of(0x50, 0x69, 0x74, 0x69, 0x72, 0x69, 0x73, 0x69, 0x62, 0x75, 0x67, 0x69, 0x2C, 0x20, 0x0128, 0x64, 0x69, 0x61, 0x6E, 0x61));
					break;
				case 131: 
					if (style == 6) return String(CharArray::of(0x54, 0x65, 0x6C, 0x6C, 0x20, 0x54, 0x61, 0x77, 0x61, 0x2D, 0x77, 0x61, 0x73, 0xFA, 0x2C, 0x20, 0x0128, 0x64, 0x69, 0x61, 0x6E, 0x61));
					break;
				case 128: 
					if (style == 6) return String(CharArray::of(0x4B, 0x6E, 0x6F, 0x78, 0x2C, 0x20, 0x0128, 0x64, 0x69, 0x61, 0x6E, 0x61));
					break;
				case 134: 
					if (style == 6) return String(CharArray::of(0x57, 0x69, 0x6E, 0xE3, 0x6D, 0x61, 0x6B, 0x69, 0x2C, 0x20, 0x0128, 0x64, 0x69, 0x61, 0x6E, 0x61));
					break;
				case 129: 
					if (style == 6) return String(CharArray::of(0x4D, 0x61, 0x72, 0x1EBD, 0x67, 0x75, 0x2C, 0x20, 0x0128, 0x64, 0x69, 0x61, 0x6E, 0x61));
					break;
				case 135: 
					if (style == 6) return String(CharArray::of(0x0128, 0x64, 0x69, 0x61, 0x6E, 0x61, 0x70, 0x75, 0x72, 0x69));
					break;
				case 148: 
					if (style == 6) return String(CharArray::of(0x4C, 0x75, 0x77, 0x69, 0x73, 0x69, 0x76, 0x69, 0x72, 0x69));
					break;
				case 132: 
					if (style == 6) return String(CharArray::of(0x57, 0x65, 0x77, 0x61, 0x69, 0x2C, 0x20, 0x0128, 0x64, 0x69, 0x61, 0x6E, 0x61));
					break;
				case 142: 
					if (style == 6) return String(CharArray::of(0x4D, 0x0169, 0x74, 0x69, 0x73, 0x65, 0x72, 0x75, 0x2C, 0x20, 0x4B, 0x1EBD, 0x74, 0x75, 0x6B, 0x69));
					break;
				case 169: 
					if (style == 6) return String(CharArray::of(0x59, 0x75, 0x72, 0x6B, 0x69, 0x20, 0x50, 0x69, 0x73, 0x61, 0x73, 0xFA));
					break;
				case 165: 
					if (style == 6) return String(CharArray::of(0x4D, 0x0169, 0x74, 0x69, 0x77, 0x69, 0x64, 0x65, 0x77, 0x75));
					break;
				case 309: 
					if (style == 6) return String(CharArray::of(0x53, 0x61, 0x6D, 0x61, 0x6B, 0xE3, 0x64, 0x61));
					break;
				case 315: 
					if (style == 6) return String(CharArray::of(0x54, 0x61, 0x73, 0x69, 0x6B, 0x1EBD, 0x74, 0x69));
					break;
				case 481: 
					if (style == 6) return String(CharArray::of(0x57, 0x61, 0x74, 0x69, 0x6B, 0x61, 0x6E, 0x75));
					break;
				case 208: 
					if (style == 6) return String(CharArray::of(0x53, 0xE3, 0x20, 0x57, 0x69, 0x73, 0x1EBD, 0x74, 0x69));
					break;
				case 89: 
					if (style == 6) return String(CharArray::of(0x4B, 0x61, 0x72, 0x61, 0x6B, 0x61));
					break;
				case 215: 
					if (style == 6) return String(CharArray::of(0x54, 0x75, 0x74, 0x75, 0x72, 0x61));
					break;
				case 207: 
					if (style == 6) return String(CharArray::of(0x53, 0xE3, 0x74, 0x69, 0x20, 0x54, 0x6F, 0x6D, 0xE1));
					break;
				case 529: 
					if (style == 6) return String(CharArray::of(0x45, 0x66, 0x61, 0x74, 0xE9));
					break;
				case 565: 
					if (style == 6) return String(CharArray::of(0x57, 0x61, 0x72, 0x69, 0x2D, 0x69, 0x74, 0x61));
					break;
				case 523: 
					if (style == 6) return String(CharArray::of(0x41, 0x70, 0x69, 0x79, 0x61));
					break;
				case 235: 
					if (style == 6) return String(CharArray::of(0x41, 0x64, 0x1EBD));
					break;
				case 505: 
					if (style == 6) return String(CharArray::of(0x4D, 0x61, 0x79, 0x75, 0x74, 0x69));
					break;
				case 25: 
					if (style == 6) return String(CharArray::of(0x4A, 0x75, 0x61, 0x6E, 0x65, 0x73, 0x69, 0x62, 0x75, 0x67, 0x75));
					break;
            default: break;
            }
            return String();
        }
        
        String Yrl::displayGlobalTimezone(gint tz, gint style) const {
            switch(tz) {
				case 0: 
				if (style == 0) return String(CharArray::of(0x48, 0x75, 0x72, 0x61, 0x72, 0x69, 0x79, 0x75, 0x20, 0x41, 0x63, 0x72, 0x65, 0x20, 0x79, 0x61, 0x72, 0x61));
				if (style == 1) return String(CharArray::of(0x48, 0x75, 0x72, 0x61, 0x72, 0x69, 0x79, 0x75, 0x20, 0x52, 0x65, 0x74, 0x65, 0x77, 0x61, 0x20, 0x41, 0x63, 0x72, 0x65, 0x20, 0x79, 0x61, 0x72, 0x61));
				if (style == 2) return String(CharArray::of(0x48, 0x75, 0x72, 0x61, 0x72, 0x69, 0x79, 0x75, 0x20, 0x4B, 0x75, 0x72, 0x61, 0x73, 0xED, 0x20, 0x41, 0x72, 0x61, 0x20, 0x41, 0x63, 0x72, 0x65, 0x20, 0x79, 0x61, 0x72, 0x61));
				if (style == 3) return String(CharArray::of(0x41, 0x43, 0x54));
				if (style == 4) return String(CharArray::of(0x41, 0x43, 0x54));
				if (style == 5) return String(CharArray::of(0x41, 0x43, 0x53, 0x54));
					break;
				case 1: 
				if (style == 1) return String(CharArray::of(0x41, 0x66, 0x65, 0x67, 0xE3, 0x6E, 0x69, 0x72, 0x65, 0x74, 0xE3, 0x6D, 0x61, 0x20, 0x48, 0x75, 0x72, 0x61, 0x72, 0x69, 0x79, 0x75));
					break;
				case 2: 
				if (style == 1) return String(CharArray::of(0x41, 0x66, 0x69, 0x72, 0x69, 0x6B, 0x61, 0x20, 0x50, 0x69, 0x74, 0x65, 0x72, 0x61, 0x77, 0x61, 0x72, 0x61, 0x20, 0x48, 0x75, 0x72, 0x61, 0x72, 0x69, 0x79, 0x75));
					break;
				case 3: 
				if (style == 1) return String(CharArray::of(0x41, 0x66, 0x69, 0x72, 0x69, 0x6B, 0x61, 0x20, 0x55, 0x72, 0x69, 0x1EBD, 0x74, 0x61, 0x77, 0x61, 0x72, 0x61, 0x20, 0x48, 0x75, 0x72, 0x61, 0x72, 0x69, 0x79, 0x75));
					break;
				case 4: 
				if (style == 1) return String(CharArray::of(0x41, 0x66, 0x69, 0x72, 0x69, 0x6B, 0x61, 0x20, 0x53, 0x75, 0x20, 0x73, 0x75, 0xED, 0x20, 0x48, 0x75, 0x72, 0x61, 0x72, 0x69, 0x79, 0x75));
					break;
				case 5: 
				if (style == 0) return String(CharArray::of(0x41, 0x66, 0x69, 0x72, 0x69, 0x6B, 0x69, 0x61, 0x20, 0x55, 0x73, 0x69, 0x64, 0x1EBD, 0x74, 0x61, 0x77, 0x61, 0x72, 0x61, 0x20, 0x48, 0x75, 0x72, 0x61, 0x72, 0x69, 0x79, 0x75));
				if (style == 1) return String(CharArray::of(0x41, 0x66, 0x69, 0x72, 0x69, 0x6B, 0x61, 0x20, 0x55, 0x73, 0x69, 0x64, 0x1EBD, 0x74, 0x61, 0x77, 0x61, 0x72, 0x61, 0x20, 0x48, 0x75, 0x72, 0x61, 0x72, 0x69, 0x79, 0x75, 0x20, 0x52, 0x65, 0x74, 0x65, 0x77, 0x61));
				if (style == 2) return String(CharArray::of(0x41, 0x66, 0x69, 0x72, 0x69, 0x6B, 0x61, 0x20, 0x55, 0x73, 0x69, 0x64, 0x1EBD, 0x74, 0x61, 0x77, 0x61, 0x72, 0x61, 0x20, 0x4B, 0x75, 0x72, 0x61, 0x73, 0xED, 0x20, 0x41, 0x72, 0x61, 0x20, 0x48, 0x75, 0x72, 0x61, 0x72, 0x69, 0x79, 0x75));
					break;
				case 6: 
				if (style == 0) return String(CharArray::of(0x41, 0x6C, 0x61, 0x73, 0x69, 0x6B, 0x61, 0x20, 0x48, 0x75, 0x72, 0x61, 0x72, 0x69, 0x79, 0x75));
				if (style == 1) return String(CharArray::of(0x41, 0x6C, 0x61, 0x73, 0x69, 0x6B, 0x61, 0x20, 0x48, 0x75, 0x72, 0x61, 0x72, 0x69, 0x79, 0x75, 0x20, 0x45, 0x74, 0xE9));
				if (style == 2) return String(CharArray::of(0x41, 0x6C, 0x61, 0x73, 0x69, 0x6B, 0x61, 0x20, 0x4B, 0x75, 0x72, 0x61, 0x73, 0xED, 0x20, 0x41, 0x72, 0x61, 0x20, 0x48, 0x75, 0x72, 0x61, 0x72, 0x69, 0x79, 0x75));
					break;
				case 7: 
				if (style == 0) return String(CharArray::of(0x41, 0x75, 0x6D, 0x61, 0x74, 0x69, 0x20, 0x48, 0x75, 0x72, 0x61, 0x72, 0x69, 0x79, 0x75));
				if (style == 1) return String(CharArray::of(0x41, 0x75, 0x6D, 0x61, 0x74, 0x69, 0x20, 0x48, 0x75, 0x72, 0x61, 0x72, 0x69, 0x79, 0x75, 0x20, 0x45, 0x74, 0xE9));
				if (style == 2) return String(CharArray::of(0x41, 0x75, 0x6D, 0x61, 0x74, 0x69, 0x20, 0x4B, 0x75, 0x72, 0x61, 0x73, 0xED, 0x20, 0x41, 0x72, 0x61, 0x20, 0x48, 0x75, 0x72, 0x61, 0x72, 0x69, 0x79, 0x75));
					break;
				case 8: 
				if (style == 0) return String(CharArray::of(0x41, 0x6D, 0x61, 0x73, 0x75, 0x6E, 0x61, 0x20, 0x48, 0x75, 0x72, 0x61, 0x72, 0x69, 0x79, 0x75));
				if (style == 1) return String(CharArray::of(0x41, 0x6D, 0x61, 0x73, 0x75, 0x6E, 0x61, 0x20, 0x48, 0x75, 0x72, 0x61, 0x72, 0x69, 0x79, 0x75, 0x20, 0x45, 0x74, 0xE9));
				if (style == 2) return String(CharArray::of(0x41, 0x6D, 0x61, 0x73, 0x75, 0x6E, 0x61, 0x20, 0x4B, 0x75, 0x72, 0x61, 0x73, 0xED, 0x20, 0x41, 0x72, 0x61, 0x20, 0x48, 0x75, 0x72, 0x61, 0x72, 0x69, 0x79, 0x75));
				if (style == 3) return String(CharArray::of(0x41, 0x4D, 0x54));
				if (style == 4) return String(CharArray::of(0x41, 0x4D, 0x54));
				if (style == 5) return String(CharArray::of(0x41, 0x4D, 0x53, 0x54));
					break;
				case 9: 
				if (style == 0) return String(CharArray::of(0xD3, 0x72, 0x61, 0x20, 0x4B, 0x75, 0x6A, 0x75));
				if (style == 1) return String(CharArray::of(0x48, 0x75, 0x72, 0x61, 0x72, 0x69, 0x79, 0x75, 0x20, 0x52, 0x65, 0x74, 0x65, 0x77, 0x61, 0x20, 0x50, 0x69, 0x74, 0x65, 0x72, 0x61, 0x77, 0x61, 0x72, 0x61));
				if (style == 2) return String(CharArray::of(0x48, 0x75, 0x72, 0x61, 0x72, 0x69, 0x79, 0x75, 0x20, 0x4B, 0x75, 0x72, 0x61, 0x73, 0xED, 0x20, 0x41, 0x72, 0x61, 0x20, 0x50, 0x69, 0x74, 0x65, 0x72, 0x61, 0x77, 0x61, 0x72, 0x61));
					break;
				case 10: 
				if (style == 0) return String(CharArray::of(0x48, 0x75, 0x72, 0x61, 0x72, 0x69, 0x79, 0x75, 0x20, 0x4C, 0x65, 0x73, 0x69, 0x74, 0x69));
				if (style == 1) return String(CharArray::of(0x48, 0x75, 0x72, 0x61, 0x72, 0x69, 0x79, 0x75, 0x20, 0x52, 0x65, 0x74, 0x65, 0x77, 0x61, 0x20, 0x4C, 0x65, 0x73, 0x69, 0x74, 0x69, 0x20, 0x79, 0x61, 0x72, 0x61));
				if (style == 2) return String(CharArray::of(0x48, 0x75, 0x72, 0x61, 0x72, 0x69, 0x79, 0x75, 0x20, 0x4B, 0x75, 0x72, 0x61, 0x73, 0xED, 0x20, 0x41, 0x72, 0x61, 0x20, 0x4C, 0x65, 0x73, 0x69, 0x74, 0x69));
					break;
				case 11: 
				if (style == 0) return String(CharArray::of(0xD3, 0x72, 0x61, 0x20, 0x4B, 0x72, 0x0129, 0x2D, 0x61, 0x67, 0x20, 0x74, 0xE1));
				if (style == 1) return String(CharArray::of(0xD3, 0x72, 0x61, 0x20, 0x50, 0xE3, 0x20, 0x4B, 0x72, 0x0129, 0x2D, 0x61, 0x67, 0x20, 0x74, 0xE1));
				if (style == 2) return String(CharArray::of(0x52, 0x1EF9, 0x20, 0x6B, 0xE3, 0x20, 0xD3, 0x72, 0x61, 0x20, 0x4B, 0x72, 0x0129, 0x2D, 0x61, 0x67, 0x20, 0x74, 0xE1));
					break;
				case 12: 
				if (style == 0) return String(CharArray::of(0xD3, 0x72, 0x61, 0x20, 0x50, 0x61, 0x73, 0x69, 0x66, 0x69, 0x6B, 0x75, 0x20, 0x74, 0xE1));
				if (style == 1) return String(CharArray::of(0xD3, 0x72, 0x61, 0x20, 0x50, 0xE3, 0x20, 0x50, 0x61, 0x73, 0x69, 0x66, 0x69, 0x6B, 0x75, 0x20, 0x74, 0xE1));
				if (style == 2) return String(CharArray::of(0x52, 0x1EF9, 0x20, 0x4B, 0xE3, 0x20, 0xD3, 0x72, 0x61, 0x20, 0x50, 0x61, 0x73, 0x69, 0x66, 0x69, 0x6B, 0x75, 0x20, 0x74, 0xE1));
					break;
				case 13: 
				if (style == 0) return String(CharArray::of(0x41, 0x6E, 0x61, 0x64, 0xED, 0x20, 0x48, 0x75, 0x72, 0x61, 0x72, 0x69, 0x79, 0x75));
				if (style == 1) return String(CharArray::of(0x41, 0x6E, 0x61, 0x64, 0xED, 0x20, 0x48, 0x75, 0x72, 0x61, 0x72, 0x69, 0x79, 0x75, 0x20, 0x52, 0x65, 0x74, 0x65, 0x77, 0x61));
				if (style == 2) return String(CharArray::of(0x41, 0x6E, 0x61, 0x64, 0xED, 0x20, 0x4B, 0x75, 0x72, 0x61, 0x73, 0xED, 0x20, 0x41, 0x72, 0x61, 0x20, 0x48, 0x75, 0x72, 0x61, 0x72, 0x69, 0x79, 0x75));
					break;
				case 14: 
				if (style == 0) return String(CharArray::of(0x41, 0x70, 0x69, 0x79, 0x61, 0x20, 0x48, 0x75, 0x72, 0x61, 0x72, 0x69, 0x79, 0x75));
				if (style == 1) return String(CharArray::of(0x41, 0x70, 0x69, 0x79, 0x61, 0x20, 0x55, 0x72, 0x61, 0x72, 0x75, 0x69, 0x79, 0x75, 0x20, 0x52, 0x65, 0x74, 0x65, 0x77, 0x61));
				if (style == 2) return String(CharArray::of(0x41, 0x70, 0x69, 0x79, 0x61, 0x20, 0x4B, 0x75, 0x72, 0x61, 0x73, 0xED, 0x20, 0x41, 0x72, 0x61, 0x20, 0x48, 0x75, 0x72, 0x61, 0x72, 0x69, 0x79, 0x75));
					break;
				case 15: 
				if (style == 0) return String(CharArray::of(0x41, 0x6B, 0x69, 0x74, 0x61, 0x75, 0x20, 0x48, 0x75, 0x72, 0x61, 0x72, 0x69, 0x79, 0x75));
				if (style == 1) return String(CharArray::of(0x41, 0x6B, 0x69, 0x74, 0x61, 0x75, 0x20, 0x48, 0x75, 0x72, 0x61, 0x72, 0x69, 0x79, 0x75, 0x20, 0x52, 0x65, 0x74, 0x65, 0x77, 0x61));
				if (style == 2) return String(CharArray::of(0x41, 0x6B, 0x69, 0x74, 0x61, 0x75, 0x20, 0x4B, 0x75, 0x72, 0x61, 0x73, 0xED, 0x20, 0x41, 0x72, 0x61, 0x20, 0x48, 0x75, 0x72, 0x61, 0x72, 0x69, 0x79, 0x75));
					break;
				case 16: 
				if (style == 0) return String(CharArray::of(0x41, 0x6B, 0x69, 0x74, 0x75, 0x62, 0x69, 0x20, 0x48, 0x75, 0x72, 0x61, 0x72, 0x69, 0x79, 0x75));
				if (style == 1) return String(CharArray::of(0x41, 0x6B, 0x69, 0x74, 0x75, 0x62, 0x69, 0x20, 0x48, 0x75, 0x72, 0x61, 0x72, 0x69, 0x79, 0x75, 0x20, 0x52, 0x65, 0x74, 0x65, 0x77, 0x61));
				if (style == 2) return String(CharArray::of(0x41, 0x6B, 0x69, 0x74, 0x75, 0x62, 0x69, 0x20, 0x4B, 0x75, 0x72, 0x61, 0x73, 0xED, 0x20, 0x41, 0x72, 0x61, 0x20, 0x48, 0x75, 0x72, 0x61, 0x72, 0x69, 0x79, 0x75));
					break;
				case 17: 
				if (style == 0) return String(CharArray::of(0x41, 0x72, 0xE1, 0x62, 0x69, 0x79, 0x61, 0x20, 0x48, 0x75, 0x72, 0x61, 0x72, 0x69, 0x79, 0x75));
				if (style == 1) return String(CharArray::of(0x41, 0x72, 0xE1, 0x62, 0x69, 0x79, 0x61, 0x20, 0x48, 0x75, 0x72, 0x61, 0x72, 0x69, 0x79, 0x75, 0x20, 0x52, 0x65, 0x74, 0x65, 0x77, 0x61));
				if (style == 2) return String(CharArray::of(0x41, 0x72, 0x61, 0x62, 0x69, 0x79, 0x61, 0x20, 0x4B, 0x75, 0x72, 0x61, 0x73, 0xED, 0x20, 0x41, 0x72, 0x61, 0x20, 0x48, 0x75, 0x72, 0x61, 0x72, 0x69, 0x79, 0x75));
					break;
				case 18: 
				if (style == 0) return String(CharArray::of(0x41, 0x72, 0x67, 0x1EBD, 0x74, 0x69, 0x6E, 0x61, 0x20, 0x48, 0x75, 0x72, 0x61, 0x72, 0x69, 0x79, 0x75));
				if (style == 1) return String(CharArray::of(0x41, 0x72, 0x67, 0x1EBD, 0x74, 0x69, 0x6E, 0x61, 0x20, 0x48, 0x75, 0x72, 0x61, 0x72, 0x69, 0x79, 0x75, 0x20, 0x52, 0x65, 0x74, 0x65, 0x77, 0x61));
				if (style == 2) return String(CharArray::of(0x41, 0x72, 0x67, 0x1EBD, 0x74, 0x69, 0x6E, 0x61, 0x20, 0x4B, 0x75, 0x72, 0x61, 0x73, 0xED, 0x20, 0x41, 0x72, 0x61, 0x20, 0x48, 0x75, 0x72, 0x61, 0x72, 0x69, 0x79, 0x75));
					break;
				case 19: 
				if (style == 0) return String(CharArray::of(0x41, 0x72, 0x67, 0x1EBD, 0x74, 0x69, 0x6E, 0x61, 0x20, 0x55, 0x73, 0x69, 0x64, 0x1EBD, 0x74, 0x61, 0x77, 0x61, 0x72, 0x61, 0x20, 0x48, 0x75, 0x72, 0x61, 0x72, 0x69, 0x79, 0x75));
				if (style == 1) return String(CharArray::of(0x41, 0x72, 0x67, 0x1EBD, 0x74, 0x69, 0x6E, 0x61, 0x20, 0x55, 0x73, 0x69, 0x64, 0x1EBD, 0x74, 0x61, 0x77, 0x61, 0x72, 0x61, 0x20, 0x48, 0x75, 0x72, 0x61, 0x72, 0x69, 0x79, 0x75, 0x20, 0x52, 0x65, 0x74, 0x65, 0x77, 0x61));
				if (style == 2) return String(CharArray::of(0x41, 0x72, 0x67, 0x1EBD, 0x74, 0x69, 0x6E, 0x61, 0x20, 0x55, 0x73, 0x69, 0x64, 0x1EBD, 0x74, 0x61, 0x77, 0x61, 0x72, 0x61, 0x20, 0x4B, 0x75, 0x72, 0x61, 0x73, 0xED, 0x20, 0x41, 0x72, 0x61, 0x20, 0x48, 0x75, 0x72, 0x61, 0x72, 0x69, 0x79, 0x75));
					break;
				case 20: 
				if (style == 0) return String(CharArray::of(0x41, 0x72, 0x69, 0x6D, 0x1EBD, 0x6E, 0x69, 0x79, 0x61, 0x20, 0x48, 0x75, 0x72, 0x61, 0x72, 0x69, 0x79, 0x75));
				if (style == 1) return String(CharArray::of(0x41, 0x72, 0x69, 0x6D, 0x1EBD, 0x6E, 0x69, 0x79, 0x61, 0x20, 0x48, 0x75, 0x72, 0x61, 0x72, 0x69, 0x79, 0x75, 0x20, 0x52, 0x65, 0x74, 0x65, 0x77, 0x61));
				if (style == 2) return String(CharArray::of(0x41, 0x72, 0x69, 0x6D, 0x1EBD, 0x6E, 0x69, 0x79, 0x61, 0x20, 0x4B, 0x75, 0x72, 0x61, 0x73, 0xED, 0x20, 0x41, 0x72, 0x61, 0x20, 0x48, 0x75, 0x72, 0x61, 0x72, 0x69, 0x79, 0x75));
					break;
				case 21: 
				if (style == 0) return String(CharArray::of(0x41, 0x74, 0x61, 0x6C, 0xE3, 0x74, 0x69, 0x6B, 0x75, 0x20, 0x48, 0x75, 0x72, 0x61, 0x72, 0x69, 0x79, 0x75));
				if (style == 1) return String(CharArray::of(0x41, 0x74, 0x61, 0x6C, 0xE3, 0x74, 0x69, 0x6B, 0x75, 0x20, 0x48, 0x75, 0x72, 0x61, 0x72, 0x69, 0x79, 0x75, 0x20, 0x52, 0x65, 0x74, 0x65, 0x77, 0x61));
				if (style == 2) return String(CharArray::of(0x41, 0x74, 0x61, 0x6C, 0xE3, 0x74, 0x6B, 0x75, 0x20, 0x4B, 0x75, 0x72, 0x61, 0x73, 0xED, 0x20, 0x41, 0x72, 0x61, 0x20, 0x48, 0x75, 0x72, 0x61, 0x72, 0x69, 0x79, 0x75));
					break;
				case 22: 
				if (style == 0) return String(CharArray::of(0x41, 0x75, 0x73, 0x69, 0x74, 0x61, 0x72, 0x61, 0x6C, 0x69, 0x79, 0x61, 0x20, 0x50, 0x69, 0x74, 0x65, 0x72, 0x61, 0x77, 0x61, 0x72, 0x61, 0x20, 0x48, 0x75, 0x72, 0x61, 0x72, 0x69, 0x79, 0x75));
				if (style == 1) return String(CharArray::of(0x41, 0x75, 0x73, 0x69, 0x74, 0x61, 0x72, 0x61, 0x6C, 0x69, 0x79, 0x61, 0x20, 0x50, 0x69, 0x74, 0x65, 0x72, 0x61, 0x77, 0x61, 0x72, 0x61, 0x20, 0x48, 0x75, 0x72, 0x61, 0x72, 0x69, 0x79, 0x75, 0x20, 0x52, 0x65, 0x74, 0x65, 0x77, 0x61));
				if (style == 2) return String(CharArray::of(0x41, 0x75, 0x73, 0x69, 0x74, 0x61, 0x72, 0x61, 0x6C, 0x69, 0x79, 0x61, 0x20, 0x50, 0x69, 0x74, 0x65, 0x72, 0x61, 0x77, 0x61, 0x72, 0x61, 0x20, 0x4B, 0x75, 0x72, 0x61, 0x73, 0xED, 0x20, 0x41, 0x72, 0x61, 0x20, 0x48, 0x75, 0x72, 0x61, 0x72, 0x69, 0x79, 0x75));
					break;
				case 23: 
				if (style == 0) return String(CharArray::of(0x41, 0x75, 0x73, 0x69, 0x74, 0x61, 0x72, 0x61, 0x6C, 0x69, 0x79, 0x61, 0x20, 0x50, 0x69, 0x74, 0x65, 0x72, 0x61, 0x77, 0x61, 0x72, 0x61, 0x2D, 0x55, 0x73, 0x69, 0x64, 0x1EBD, 0x74, 0x61, 0x77, 0x61, 0x72, 0x61, 0x20, 0x48, 0x75, 0x72, 0x61, 0x72, 0x69, 0x79, 0x75));
				if (style == 1) return String(CharArray::of(0x41, 0x75, 0x73, 0x69, 0x74, 0x61, 0x72, 0x61, 0x6C, 0x69, 0x79, 0x61, 0x20, 0x50, 0x69, 0x74, 0x65, 0x72, 0x61, 0x77, 0x61, 0x72, 0x61, 0x2D, 0x55, 0x73, 0x69, 0x64, 0x1EBD, 0x74, 0x61, 0x77, 0x61, 0x72, 0x61, 0x20, 0x48, 0x75, 0x72, 0x61, 0x72, 0x69, 0x79, 0x75, 0x20, 0x52, 0x65, 0x74, 0x65, 0x77, 0x61));
				if (style == 2) return String(CharArray::of(0x41, 0x75, 0x73, 0x69, 0x74, 0x61, 0x72, 0x61, 0x6C, 0x69, 0x79, 0x61, 0x20, 0x50, 0x69, 0x74, 0x65, 0x72, 0x61, 0x77, 0x61, 0x72, 0x61, 0x2D, 0x55, 0x73, 0x69, 0x64, 0x1EBD, 0x74, 0x61, 0x77, 0x61, 0x72, 0x61, 0x20, 0x4B, 0x75, 0x72, 0x61, 0x73, 0xED, 0x20, 0x41, 0x72, 0x61, 0x20, 0x48, 0x75, 0x72, 0x61, 0x72, 0x69, 0x79, 0x75));
					break;
				case 24: 
				if (style == 0) return String(CharArray::of(0x41, 0x75, 0x73, 0x69, 0x74, 0x61, 0x72, 0x61, 0x6C, 0x69, 0x79, 0x61, 0x20, 0x55, 0x72, 0x69, 0x1EBD, 0x74, 0x61, 0x77, 0x61, 0x72, 0x61, 0x20, 0x48, 0x75, 0x72, 0x61, 0x72, 0x69, 0x79, 0x75));
				if (style == 1) return String(CharArray::of(0x41, 0x75, 0x73, 0x69, 0x74, 0x61, 0x72, 0x61, 0x6C, 0x69, 0x79, 0x61, 0x20, 0x55, 0x72, 0x69, 0x1EBD, 0x74, 0x61, 0x77, 0x61, 0x72, 0x61, 0x20, 0x48, 0x75, 0x72, 0x61, 0x72, 0x69, 0x79, 0x75, 0x20, 0x52, 0x65, 0x74, 0x65, 0x77, 0x61));
				if (style == 2) return String(CharArray::of(0x41, 0x75, 0x73, 0x69, 0x74, 0x61, 0x72, 0x61, 0x6C, 0x69, 0x79, 0x61, 0x20, 0x55, 0x72, 0x69, 0x1EBD, 0x74, 0x61, 0x77, 0x61, 0x72, 0x61, 0x20, 0x4B, 0x75, 0x72, 0x61, 0x73, 0xED, 0x20, 0x41, 0x72, 0x61, 0x20, 0x48, 0x75, 0x72, 0x61, 0x72, 0x69, 0x79, 0x75));
					break;
				case 25: 
				if (style == 0) return String(CharArray::of(0x41, 0x75, 0x73, 0x69, 0x74, 0x61, 0x72, 0x61, 0x6C, 0x69, 0x79, 0x61, 0x20, 0x55, 0x73, 0x69, 0x64, 0x1EBD, 0x74, 0x61, 0x77, 0x61, 0x72, 0x61, 0x20, 0x48, 0x75, 0x72, 0x61, 0x72, 0x69, 0x79, 0x75));
				if (style == 1) return String(CharArray::of(0x41, 0x75, 0x73, 0x69, 0x74, 0x61, 0x72, 0x61, 0x6C, 0x69, 0x79, 0x61, 0x20, 0x55, 0x73, 0x69, 0x64, 0x1EBD, 0x74, 0x61, 0x77, 0x61, 0x72, 0x61, 0x20, 0x48, 0x75, 0x72, 0x61, 0x72, 0x69, 0x79, 0x75, 0x20, 0x52, 0x65, 0x74, 0x65, 0x77, 0x61));
				if (style == 2) return String(CharArray::of(0x41, 0x75, 0x73, 0x69, 0x74, 0x61, 0x72, 0x61, 0x6C, 0x69, 0x79, 0x61, 0x20, 0x55, 0x73, 0x69, 0x64, 0x1EBD, 0x74, 0x61, 0x77, 0x61, 0x72, 0x61, 0x20, 0x4B, 0x75, 0x72, 0x61, 0x73, 0xED, 0x20, 0x41, 0x72, 0x61, 0x20, 0x48, 0x75, 0x72, 0x61, 0x72, 0x69, 0x79, 0x75));
					break;
				case 26: 
				if (style == 0) return String(CharArray::of(0x41, 0x73, 0x65, 0x72, 0x69, 0x72, 0x65, 0x74, 0xE3, 0x6D, 0x61, 0x20, 0x48, 0x75, 0x72, 0x61, 0x72, 0x69, 0x79, 0x75));
				if (style == 1) return String(CharArray::of(0x41, 0x73, 0x65, 0x72, 0x69, 0x72, 0x65, 0x74, 0xE3, 0x6D, 0x61, 0x20, 0x48, 0x75, 0x72, 0x61, 0x72, 0x69, 0x79, 0x75, 0x20, 0x52, 0x65, 0x74, 0x65, 0x77, 0x61));
				if (style == 2) return String(CharArray::of(0x41, 0x73, 0x65, 0x72, 0x69, 0x72, 0x65, 0x74, 0xE3, 0x6D, 0x61, 0x20, 0x4B, 0x75, 0x72, 0x61, 0x73, 0xED, 0x20, 0x41, 0x72, 0x61, 0x20, 0x48, 0x75, 0x72, 0x61, 0x72, 0x69, 0x79, 0x75));
					break;
				case 27: 
				if (style == 0) return String(CharArray::of(0x41, 0x73, 0x6F, 0x72, 0x69, 0x2D, 0x69, 0x74, 0x61, 0x20, 0x48, 0x75, 0x72, 0x61, 0x72, 0x69, 0x79, 0x75));
				if (style == 1) return String(CharArray::of(0x41, 0x73, 0x6F, 0x72, 0x69, 0x2D, 0x69, 0x74, 0x61, 0x20, 0x48, 0x75, 0x72, 0x61, 0x72, 0x69, 0x79, 0x75, 0x20, 0x52, 0x65, 0x74, 0x65, 0x77, 0x61));
				if (style == 2) return String(CharArray::of(0x41, 0x73, 0x6F, 0x72, 0x69, 0x2D, 0x69, 0x74, 0x61, 0x20, 0x4B, 0x75, 0x72, 0x61, 0x73, 0xED, 0x20, 0x41, 0x72, 0x61, 0x20, 0x48, 0x75, 0x72, 0x61, 0x72, 0x69, 0x79, 0x75));
					break;
				case 28: 
				if (style == 0) return String(CharArray::of(0x42, 0xE3, 0x6B, 0x61, 0x72, 0x61, 0x64, 0x65, 0x78, 0x69, 0x20, 0x48, 0x6F, 0x72, 0x61, 0x72, 0x69, 0x79, 0x75));
				if (style == 1) return String(CharArray::of(0x42, 0xE3, 0x6B, 0x61, 0x72, 0x61, 0x64, 0x65, 0x78, 0x69, 0x20, 0x48, 0x6F, 0x72, 0x61, 0x72, 0x69, 0x79, 0x75, 0x20, 0x52, 0x65, 0x74, 0x65, 0x77, 0x61));
				if (style == 2) return String(CharArray::of(0x42, 0xE3, 0x6B, 0x61, 0x72, 0x61, 0x64, 0x65, 0x78, 0x69, 0x20, 0x4B, 0x75, 0x72, 0x61, 0x73, 0xED, 0x20, 0x41, 0x72, 0x61, 0x20, 0x48, 0x6F, 0x72, 0x61, 0x72, 0x69, 0x79, 0x75));
					break;
				case 29: 
				if (style == 1) return String(CharArray::of(0x42, 0x75, 0x74, 0xE3, 0x75, 0x20, 0x48, 0x75, 0x72, 0x61, 0x72, 0x69, 0x79, 0x75));
					break;
				case 30: 
				if (style == 1) return String(CharArray::of(0x42, 0x75, 0x72, 0xED, 0x77, 0x69, 0x61, 0x20, 0x48, 0x75, 0x72, 0x61, 0x72, 0x69, 0x79, 0x75));
					break;
				case 31: 
				if (style == 0) return String(CharArray::of(0xD3, 0x72, 0x61, 0x20, 0x42, 0x72, 0x61, 0x73, 0xED, 0x6C, 0x69, 0x61, 0x20, 0x74, 0xE1));
				if (style == 1) return String(CharArray::of(0xD3, 0x72, 0x61, 0x20, 0x50, 0xE3, 0x20, 0x42, 0x72, 0x61, 0x73, 0xED, 0x6C, 0x69, 0x61, 0x20, 0x74, 0xE1));
				if (style == 2) return String(CharArray::of(0x52, 0x1EF9, 0x20, 0x4B, 0xE3, 0x20, 0xD3, 0x72, 0x61, 0x20, 0x42, 0x72, 0x61, 0x73, 0xED, 0x6C, 0x69, 0x61, 0x20, 0x74, 0xE1));
				if (style == 3) return String(CharArray::of(0x42, 0x52, 0x54));
				if (style == 4) return String(CharArray::of(0x42, 0x52, 0x54));
				if (style == 5) return String(CharArray::of(0x42, 0x52, 0x53, 0x54));
					break;
				case 32: 
				if (style == 1) return String(CharArray::of(0x42, 0x75, 0x72, 0x75, 0x6E, 0x65, 0x69, 0x20, 0x44, 0x61, 0x72, 0x75, 0x73, 0x61, 0x72, 0x61, 0x6D, 0x20, 0x48, 0x75, 0x72, 0x61, 0x72, 0x69, 0x79, 0x75));
					break;
				case 33: 
				if (style == 0) return String(CharArray::of(0x4B, 0x61, 0x62, 0x75, 0x20, 0x53, 0x75, 0x69, 0x6B, 0x69, 0x72, 0x69, 0x20, 0x48, 0x75, 0x72, 0x61, 0x72, 0x69, 0x79, 0x75));
				if (style == 1) return String(CharArray::of(0x4B, 0x61, 0x62, 0x75, 0x20, 0x53, 0x75, 0x69, 0x6B, 0x69, 0x72, 0x69, 0x20, 0x48, 0x75, 0x72, 0x61, 0x72, 0x69, 0x79, 0x75, 0x20, 0x52, 0x65, 0x74, 0x65, 0x77, 0x61));
				if (style == 2) return String(CharArray::of(0x4B, 0x61, 0x62, 0x75, 0x20, 0x53, 0x75, 0x69, 0x6B, 0x69, 0x72, 0x69, 0x20, 0x4B, 0x75, 0x72, 0x61, 0x73, 0xED, 0x20, 0x41, 0x72, 0x61, 0x20, 0x48, 0x75, 0x72, 0x61, 0x72, 0x69, 0x79, 0x75));
					break;
				case 35: 
				if (style == 1) return String(CharArray::of(0x58, 0x61, 0x6D, 0x6F, 0x72, 0x6F, 0x20, 0x48, 0x75, 0x72, 0x61, 0x72, 0x69, 0x79, 0x75));
					break;
				case 36: 
				if (style == 0) return String(CharArray::of(0x58, 0x61, 0x74, 0x68, 0x61, 0x6D, 0x20, 0x48, 0x75, 0x72, 0x61, 0x72, 0x69, 0x79, 0x75));
				if (style == 1) return String(CharArray::of(0x58, 0x61, 0x74, 0x68, 0x61, 0x6D, 0x20, 0x48, 0x75, 0x72, 0x61, 0x72, 0x69, 0x79, 0x75, 0x20, 0x52, 0x65, 0x74, 0x65, 0x77, 0x61));
				if (style == 2) return String(CharArray::of(0x58, 0x61, 0x74, 0x68, 0x61, 0x6D, 0x20, 0x4B, 0x75, 0x72, 0x61, 0x73, 0xED, 0x20, 0x41, 0x72, 0x61, 0x20, 0x48, 0x75, 0x72, 0x61, 0x72, 0x69, 0x79, 0x75));
					break;
				case 37: 
				if (style == 0) return String(CharArray::of(0x58, 0x69, 0x72, 0x69, 0x20, 0x48, 0x75, 0x72, 0x61, 0x72, 0x69, 0x79, 0x75));
				if (style == 1) return String(CharArray::of(0x58, 0x69, 0x72, 0x69, 0x20, 0x48, 0x75, 0x72, 0x61, 0x72, 0x69, 0x79, 0x75, 0x20, 0x52, 0x65, 0x74, 0x65, 0x77, 0x61));
				if (style == 2) return String(CharArray::of(0x58, 0x69, 0x72, 0x69, 0x20, 0x4B, 0x75, 0x72, 0x61, 0x73, 0xED, 0x20, 0x41, 0x72, 0x61, 0x20, 0x48, 0x75, 0x72, 0x61, 0x72, 0x69, 0x79, 0x75));
					break;
				case 38: 
				if (style == 0) return String(CharArray::of(0x58, 0x69, 0x6E, 0x61, 0x20, 0x48, 0x75, 0x72, 0x61, 0x72, 0x69, 0x79, 0x75));
				if (style == 1) return String(CharArray::of(0x58, 0x69, 0x6E, 0x61, 0x20, 0x48, 0x75, 0x72, 0x61, 0x72, 0x69, 0x79, 0x75, 0x20, 0x52, 0x65, 0x74, 0x65, 0x77, 0x61));
				if (style == 2) return String(CharArray::of(0x58, 0x69, 0x6E, 0x61, 0x20, 0x4B, 0x75, 0x72, 0x61, 0x73, 0xED, 0x20, 0x41, 0x72, 0x61, 0x20, 0x48, 0x75, 0x72, 0x61, 0x72, 0x69, 0x79, 0x75));
					break;
				case 39: 
				if (style == 0) return String(CharArray::of(0x58, 0x6F, 0x69, 0x62, 0x61, 0x73, 0xE3, 0x20, 0x48, 0x75, 0x72, 0x61, 0x72, 0x69, 0x79, 0x75));
				if (style == 1) return String(CharArray::of(0x58, 0x6F, 0x69, 0x62, 0x61, 0x73, 0xE3, 0x20, 0x48, 0x75, 0x72, 0x61, 0x72, 0x69, 0x79, 0x75, 0x20, 0x52, 0x65, 0x74, 0x65, 0x77, 0x61));
				if (style == 2) return String(CharArray::of(0x58, 0x6F, 0x69, 0x62, 0x61, 0x73, 0xE3, 0x20, 0x4B, 0x75, 0x72, 0x61, 0x73, 0xED, 0x20, 0x41, 0x72, 0x61, 0x20, 0x48, 0x75, 0x72, 0x61, 0x72, 0x69, 0x79, 0x75));
					break;
				case 40: 
				if (style == 1) return String(CharArray::of(0x4B, 0x61, 0x70, 0x75, 0xE3, 0x6D, 0x61, 0x4B, 0x69, 0x72, 0x69, 0x74, 0x69, 0x6D, 0x61, 0x20, 0x48, 0x75, 0x72, 0x61, 0x72, 0x69, 0x79, 0x75));
					break;
				case 41: 
				if (style == 1) return String(CharArray::of(0x4B, 0x61, 0x70, 0x75, 0xE3, 0x2D, 0x69, 0x74, 0x61, 0x20, 0x4B, 0x75, 0x6B, 0x75, 0x2D, 0x69, 0x74, 0x61, 0x20, 0x48, 0x75, 0x72, 0x61, 0x72, 0x69, 0x79, 0x75));
					break;
				case 42: 
				if (style == 0) return String(CharArray::of(0x4B, 0x75, 0x72, 0x0169, 0x62, 0x69, 0x61, 0x20, 0x48, 0x75, 0x72, 0x61, 0x72, 0x69, 0x79, 0x75));
				if (style == 1) return String(CharArray::of(0x4B, 0x75, 0x72, 0x0169, 0x62, 0x69, 0x61, 0x20, 0x48, 0x75, 0x72, 0x61, 0x72, 0x69, 0x79, 0x75, 0x20, 0x52, 0x65, 0x74, 0x65, 0x77, 0x61));
				if (style == 2) return String(CharArray::of(0x4B, 0x75, 0x72, 0x0169, 0x62, 0x69, 0x61, 0x20, 0x4B, 0x75, 0x72, 0x61, 0x73, 0xED, 0x20, 0x41, 0x72, 0x61, 0x20, 0x48, 0x75, 0x72, 0x61, 0x72, 0x69, 0x79, 0x75));
					break;
				case 43: 
				if (style == 0) return String(CharArray::of(0x4B, 0x61, 0x70, 0x75, 0xE3, 0x2D, 0x69, 0x74, 0x61, 0x20, 0x4B, 0x6F, 0x6F, 0x6B, 0x69, 0x20, 0x48, 0x75, 0x72, 0x61, 0x72, 0x69, 0x79, 0x75));
				if (style == 1) return String(CharArray::of(0x4B, 0x61, 0x70, 0x75, 0xE3, 0x2D, 0x69, 0x74, 0x61, 0x20, 0x4B, 0x6F, 0x6F, 0x6B, 0x69, 0x20, 0x48, 0x75, 0x72, 0x61, 0x72, 0x69, 0x79, 0x75, 0x20, 0x52, 0x65, 0x74, 0x65, 0x77, 0x61));
				if (style == 2) return String(CharArray::of(0x4B, 0x61, 0x70, 0x75, 0xE3, 0x2D, 0x69, 0x74, 0x61, 0x20, 0x4B, 0x6F, 0x6F, 0x6B, 0x69, 0x20, 0x4B, 0x75, 0x72, 0x61, 0x73, 0xED, 0x20, 0x41, 0x72, 0x61, 0x20, 0x50, 0x69, 0x74, 0x65, 0x72, 0x61, 0x20, 0x48, 0x75, 0x72, 0x61, 0x72, 0x69, 0x79, 0x75));
					break;
				case 44: 
				if (style == 0) return String(CharArray::of(0x4B, 0x75, 0x62, 0x61, 0x20, 0x48, 0x75, 0x72, 0x61, 0x72, 0x69, 0x79, 0x75));
				if (style == 1) return String(CharArray::of(0x4B, 0x75, 0x62, 0x61, 0x20, 0x48, 0x75, 0x72, 0x61, 0x72, 0x69, 0x79, 0x75, 0x20, 0x52, 0x65, 0x74, 0x65, 0x77, 0x61));
				if (style == 2) return String(CharArray::of(0x4B, 0x75, 0x62, 0x61, 0x20, 0x4B, 0x75, 0x72, 0x61, 0x73, 0xED, 0x20, 0x41, 0x72, 0x61, 0x20, 0x48, 0x75, 0x72, 0x61, 0x72, 0x69, 0x79, 0x75));
					break;
				case 45: 
				if (style == 1) return String(CharArray::of(0x44, 0x61, 0x77, 0x69, 0x20, 0x48, 0x75, 0x72, 0x61, 0x72, 0x69, 0x79, 0x75));
					break;
				case 46: 
				if (style == 1) return String(CharArray::of(0x44, 0x75, 0x6D, 0x6F, 0x6E, 0x74, 0x2D, 0x64, 0x2019, 0x55, 0x72, 0x76, 0x69, 0x6C, 0x6C, 0x65, 0x20, 0x48, 0x75, 0x72, 0x61, 0x72, 0x69, 0x79, 0x75));
					break;
				case 47: 
				if (style == 1) return String(CharArray::of(0x54, 0x69, 0x6D, 0x75, 0x2D, 0x53, 0x65, 0x6D, 0x75, 0x73, 0x61, 0x77, 0x61, 0x20, 0x48, 0x75, 0x72, 0x61, 0x72, 0x69, 0x79, 0x75));
					break;
				case 48: 
				if (style == 0) return String(CharArray::of(0x50, 0x61, 0x73, 0x69, 0x6B, 0x75, 0x77, 0x61, 0x20, 0x4B, 0x61, 0x70, 0x75, 0xE3, 0x6D, 0x61, 0x20, 0x48, 0x75, 0x72, 0x61, 0x72, 0x69, 0x79, 0x75));
				if (style == 1) return String(CharArray::of(0x50, 0x61, 0x73, 0x69, 0x6B, 0x75, 0x77, 0x61, 0x20, 0x4B, 0x61, 0x70, 0x75, 0xE3, 0x6D, 0x61, 0x20, 0x48, 0x75, 0x72, 0x61, 0x72, 0x69, 0x79, 0x75, 0x20, 0x52, 0x65, 0x74, 0x65, 0x77, 0x61));
				if (style == 2) return String(CharArray::of(0x50, 0x61, 0x73, 0x69, 0x6B, 0x75, 0x77, 0x61, 0x20, 0x4B, 0x61, 0x70, 0x75, 0xE3, 0x6D, 0x61, 0x20, 0x4B, 0x75, 0x72, 0x61, 0x73, 0xED, 0x20, 0x41, 0x72, 0x61, 0x20, 0x48, 0x75, 0x72, 0x61, 0x72, 0x69, 0x79, 0x75));
					break;
				case 49: 
				if (style == 1) return String(CharArray::of(0x45, 0x6B, 0x75, 0x61, 0x64, 0xFA, 0x20, 0x48, 0x75, 0x72, 0x61, 0x72, 0x69, 0x79, 0x75));
					break;
				case 50: 
				if (style == 0) return String(CharArray::of(0x45, 0x75, 0x72, 0x75, 0x70, 0x61, 0x20, 0x50, 0x69, 0x74, 0x65, 0x72, 0x61, 0x77, 0x61, 0x72, 0x61, 0x20, 0x48, 0x75, 0x72, 0x61, 0x72, 0x69, 0x79, 0x75));
				if (style == 1) return String(CharArray::of(0x45, 0x75, 0x72, 0x75, 0x70, 0x61, 0x20, 0x50, 0x69, 0x74, 0x65, 0x72, 0x61, 0x77, 0x61, 0x72, 0x61, 0x20, 0x48, 0x75, 0x72, 0x61, 0x72, 0x69, 0x79, 0x75, 0x20, 0x52, 0x65, 0x74, 0x65, 0x77, 0x61));
				if (style == 2) return String(CharArray::of(0x45, 0x75, 0x72, 0x75, 0x70, 0x61, 0x20, 0x50, 0x69, 0x74, 0x65, 0x72, 0x61, 0x77, 0x61, 0x72, 0x61, 0x20, 0x4B, 0x75, 0x72, 0x61, 0x73, 0xED, 0x20, 0x41, 0x72, 0x61, 0x20, 0x48, 0x75, 0x72, 0x61, 0x72, 0x69, 0x79, 0x75));
					break;
				case 51: 
				if (style == 0) return String(CharArray::of(0x45, 0x75, 0x72, 0x75, 0x70, 0x61, 0x20, 0x55, 0x72, 0x69, 0x1EBD, 0x74, 0x61, 0x77, 0x61, 0x72, 0x61, 0x20, 0x48, 0x75, 0x72, 0x61, 0x72, 0x69, 0x79, 0x75));
				if (style == 1) return String(CharArray::of(0x45, 0x75, 0x72, 0x75, 0x70, 0x61, 0x20, 0x55, 0x72, 0x69, 0x1EBD, 0x74, 0x61, 0x77, 0x61, 0x72, 0x61, 0x20, 0x48, 0x75, 0x72, 0x61, 0x72, 0x69, 0x79, 0x75, 0x20, 0x52, 0x65, 0x74, 0x65, 0x77, 0x61));
				if (style == 2) return String(CharArray::of(0x45, 0x75, 0x72, 0x75, 0x70, 0x61, 0x20, 0x55, 0x72, 0x69, 0x1EBD, 0x74, 0x61, 0x77, 0x61, 0x72, 0x61, 0x20, 0x4B, 0x75, 0x72, 0x61, 0x73, 0xED, 0x20, 0x41, 0x72, 0x61, 0x20, 0x48, 0x75, 0x72, 0x61, 0x72, 0x69, 0x79, 0x75));
					break;
				case 52: 
				if (style == 1) return String(CharArray::of(0x45, 0x75, 0x72, 0x75, 0x70, 0x61, 0x20, 0x4C, 0x65, 0x73, 0x69, 0x74, 0x69, 0x2D, 0x65, 0x74, 0xE9, 0x20, 0x48, 0x75, 0x72, 0x61, 0x72, 0x69, 0x79, 0x75));
					break;
				case 53: 
				if (style == 0) return String(CharArray::of(0x45, 0x75, 0x72, 0x75, 0x70, 0x61, 0x20, 0x55, 0x73, 0x69, 0x64, 0x1EBD, 0x74, 0x61, 0x77, 0x61, 0x72, 0x61, 0x20, 0x48, 0x75, 0x72, 0x61, 0x72, 0x69, 0x79, 0x75));
				if (style == 1) return String(CharArray::of(0x45, 0x75, 0x72, 0x75, 0x70, 0x61, 0x20, 0x55, 0x73, 0x69, 0x64, 0x1EBD, 0x74, 0x61, 0x77, 0x61, 0x72, 0x61, 0x20, 0x48, 0x75, 0x72, 0x61, 0x72, 0x69, 0x79, 0x75, 0x20, 0x52, 0x65, 0x74, 0x65, 0x77, 0x61));
				if (style == 2) return String(CharArray::of(0x45, 0x75, 0x72, 0x75, 0x70, 0x61, 0x20, 0x55, 0x73, 0x69, 0x64, 0x1EBD, 0x74, 0x61, 0x77, 0x61, 0x72, 0x61, 0x20, 0x4B, 0x75, 0x72, 0x61, 0x73, 0xED, 0x20, 0x41, 0x72, 0x61, 0x20, 0x48, 0x75, 0x72, 0x61, 0x72, 0x69, 0x79, 0x75));
					break;
				case 54: 
				if (style == 0) return String(CharArray::of(0x4B, 0x61, 0x70, 0x75, 0xE3, 0x2D, 0x69, 0x74, 0x61, 0x20, 0x4D, 0x61, 0x77, 0x69, 0x6E, 0x61, 0x20, 0x48, 0x75, 0x72, 0x61, 0x72, 0x69, 0x79, 0x75));
				if (style == 1) return String(CharArray::of(0x4B, 0x61, 0x70, 0x75, 0xE3, 0x2D, 0x69, 0x74, 0x61, 0x20, 0x4D, 0x61, 0x77, 0x69, 0x6E, 0x61, 0x20, 0x48, 0x75, 0x72, 0x61, 0x72, 0x69, 0x79, 0x75, 0x20, 0x52, 0x65, 0x74, 0x65, 0x77, 0x61));
				if (style == 2) return String(CharArray::of(0x4B, 0x61, 0x70, 0x75, 0xE3, 0x2D, 0x69, 0x74, 0x61, 0x20, 0x4D, 0x61, 0x77, 0x69, 0x6E, 0x61, 0x20, 0x4B, 0x75, 0x72, 0x61, 0x73, 0xED, 0x20, 0x41, 0x72, 0x61, 0x20, 0x48, 0x75, 0x72, 0x61, 0x72, 0x69, 0x79, 0x75));
					break;
				case 55: 
				if (style == 0) return String(CharArray::of(0x46, 0x69, 0x79, 0x69, 0x20, 0x48, 0x75, 0x72, 0x61, 0x72, 0x69, 0x79, 0x75));
				if (style == 1) return String(CharArray::of(0x46, 0x69, 0x79, 0x69, 0x20, 0x48, 0x75, 0x72, 0x61, 0x72, 0x69, 0x79, 0x75, 0x20, 0x52, 0x65, 0x74, 0x65, 0x77, 0x61));
				if (style == 2) return String(CharArray::of(0x46, 0x69, 0x79, 0x69, 0x20, 0x4B, 0x75, 0x72, 0x61, 0x73, 0xED, 0x20, 0x41, 0x72, 0x61, 0x20, 0x48, 0x75, 0x72, 0x61, 0x72, 0x69, 0x79, 0x75));
					break;
				case 56: 
				if (style == 1) return String(CharArray::of(0x47, 0x69, 0x79, 0x61, 0x6E, 0x61, 0x20, 0x46, 0x72, 0xE3, 0x73, 0x61, 0x20, 0x79, 0x61, 0x72, 0x61, 0x20, 0x48, 0x75, 0x72, 0x61, 0x72, 0x69, 0x79, 0x75));
					break;
				case 57: 
				if (style == 1) return String(CharArray::of(0x54, 0x65, 0x74, 0xE3, 0x6D, 0x61, 0x20, 0x53, 0x75, 0x20, 0x73, 0x75, 0xED, 0x20, 0x46, 0x72, 0xE3, 0x73, 0x61, 0x20, 0x79, 0x61, 0x72, 0x61, 0x20, 0x61, 0x73, 0x75, 0xED, 0x20, 0xC3, 0x74, 0x61, 0x72, 0x74, 0x69, 0x64, 0x61, 0x20, 0x48, 0x75, 0x72, 0x61, 0x72, 0x69, 0x79, 0x75));
					break;
				case 59: 
				if (style == 1) return String(CharArray::of(0x47, 0x61, 0x72, 0x61, 0x70, 0x61, 0x67, 0x75, 0x2D, 0x69, 0x74, 0x61, 0x20, 0x48, 0x75, 0x72, 0x61, 0x72, 0x69, 0x79, 0x75));
					break;
				case 60: 
				if (style == 1) return String(CharArray::of(0x47, 0xE3, 0x62, 0x69, 0x65, 0x72, 0x65, 0x20, 0x48, 0x75, 0x72, 0x61, 0x72, 0x69, 0x79, 0x75));
					break;
				case 61: 
				if (style == 0) return String(CharArray::of(0x47, 0x65, 0x75, 0x67, 0x69, 0x79, 0x61, 0x20, 0x48, 0x75, 0x72, 0x61, 0x72, 0x69, 0x79, 0x75));
				if (style == 1) return String(CharArray::of(0x47, 0x65, 0x75, 0x67, 0x69, 0x79, 0x61, 0x20, 0x48, 0x75, 0x72, 0x61, 0x72, 0x69, 0x79, 0x75, 0x20, 0x52, 0x65, 0x74, 0x65, 0x77, 0x61));
				if (style == 2) return String(CharArray::of(0x47, 0x65, 0x75, 0x67, 0x69, 0x79, 0x61, 0x20, 0x4B, 0x75, 0x72, 0x61, 0x73, 0xED, 0x20, 0x41, 0x72, 0x61, 0x20, 0x48, 0x75, 0x72, 0x61, 0x72, 0x69, 0x79, 0x75));
					break;
				case 62: 
				if (style == 1) return String(CharArray::of(0x4B, 0x61, 0x70, 0x75, 0xE3, 0x2D, 0x69, 0x74, 0x61, 0x20, 0x59, 0x75, 0x62, 0x65, 0x74, 0x75, 0x20, 0x48, 0x75, 0x72, 0x61, 0x72, 0x69, 0x79, 0x75));
					break;
				case 58: 
				if (style == 1) return String(CharArray::of(0x47, 0x72, 0x65, 0x65, 0x6E, 0x77, 0x69, 0x63, 0x68, 0x20, 0x4D, 0x69, 0x72, 0x69, 0x64, 0x69, 0x79, 0x61, 0x6E, 0x75, 0x20, 0x79, 0x61, 0x72, 0x61, 0x20, 0x48, 0x75, 0x72, 0x61, 0x72, 0x69, 0x79, 0x75));
					break;
				case 64: 
				if (style == 0) return String(CharArray::of(0x47, 0x75, 0x72, 0x75, 0x1EBD, 0x72, 0xE3, 0x64, 0x69, 0x79, 0x61, 0x20, 0x55, 0x72, 0x69, 0x1EBD, 0x74, 0x61, 0x77, 0x61, 0x72, 0x61, 0x20, 0x48, 0x75, 0x72, 0x61, 0x72, 0x69, 0x79, 0x75));
				if (style == 1) return String(CharArray::of(0x47, 0x75, 0x72, 0x75, 0x1EBD, 0x72, 0xE3, 0x64, 0x69, 0x79, 0x61, 0x20, 0x55, 0x72, 0x69, 0x1EBD, 0x74, 0x61, 0x77, 0x61, 0x72, 0x61, 0x20, 0x48, 0x75, 0x72, 0x61, 0x72, 0x69, 0x79, 0x75, 0x20, 0x52, 0x65, 0x74, 0x65, 0x77, 0x61));
				if (style == 2) return String(CharArray::of(0x47, 0x75, 0x72, 0x75, 0x1EBD, 0x72, 0xE3, 0x64, 0x69, 0x79, 0x61, 0x20, 0x55, 0x72, 0x69, 0x1EBD, 0x74, 0x61, 0x77, 0x61, 0x72, 0x61, 0x20, 0x4B, 0x75, 0x72, 0x61, 0x73, 0xED, 0x20, 0x41, 0x72, 0x61, 0x20, 0x48, 0x75, 0x72, 0x61, 0x72, 0x69, 0x79, 0x75));
					break;
				case 65: 
				if (style == 0) return String(CharArray::of(0x47, 0x75, 0x72, 0x75, 0x1EBD, 0x72, 0xE3, 0x64, 0x69, 0x79, 0x61, 0x20, 0x55, 0x73, 0x69, 0x64, 0x1EBD, 0x74, 0x61, 0x77, 0x61, 0x72, 0x61, 0x20, 0x48, 0x75, 0x72, 0x61, 0x72, 0x69, 0x79, 0x75));
				if (style == 1) return String(CharArray::of(0x47, 0x75, 0x72, 0x75, 0x1EBD, 0x72, 0xE3, 0x64, 0x69, 0x79, 0x61, 0x20, 0x55, 0x73, 0x69, 0x64, 0x1EBD, 0x74, 0x61, 0x77, 0x61, 0x72, 0x61, 0x20, 0x48, 0x75, 0x72, 0x61, 0x72, 0x69, 0x79, 0x75, 0x20, 0x52, 0x65, 0x74, 0x65, 0x77, 0x61));
				if (style == 2) return String(CharArray::of(0x47, 0x75, 0x72, 0x75, 0x1EBD, 0x72, 0xE3, 0x64, 0x69, 0x79, 0x61, 0x20, 0x55, 0x73, 0x69, 0x64, 0x1EBD, 0x74, 0x61, 0x77, 0x61, 0x72, 0x61, 0x20, 0x4B, 0x75, 0x72, 0x61, 0x73, 0xED, 0x20, 0x41, 0x72, 0x61, 0x20, 0x48, 0x75, 0x72, 0x61, 0x72, 0x69, 0x79, 0x75));
					break;
				case 66: 
				if (style == 1) return String(CharArray::of(0x47, 0x75, 0x77, 0xE3, 0x20, 0x48, 0x75, 0x72, 0x61, 0x72, 0x69, 0x79, 0x75, 0x20, 0x52, 0x65, 0x74, 0x65, 0x77, 0x61));
					break;
				case 67: 
				if (style == 1) return String(CharArray::of(0x47, 0x6F, 0x6C, 0x66, 0x6F, 0x20, 0x48, 0x75, 0x72, 0x61, 0x72, 0x69, 0x79, 0x75));
					break;
				case 68: 
				if (style == 1) return String(CharArray::of(0x47, 0x69, 0x79, 0x61, 0x6E, 0x61, 0x20, 0x48, 0x75, 0x72, 0x61, 0x72, 0x69, 0x79, 0x75));
					break;
				case 69: 
				if (style == 0) return String(CharArray::of(0x48, 0x61, 0x77, 0x61, 0xED, 0x20, 0x61, 0x73, 0x75, 0xED, 0x20, 0x4B, 0x61, 0x70, 0x75, 0xE3, 0x2D, 0x69, 0x74, 0x61, 0x20, 0x41, 0x72, 0x65, 0x75, 0x74, 0x61, 0x2D, 0x69, 0x74, 0x61, 0x20, 0x48, 0x75, 0x72, 0x61, 0x72, 0x69, 0x79, 0x75));
				if (style == 1) return String(CharArray::of(0x48, 0x61, 0x77, 0x61, 0xED, 0x20, 0x61, 0x73, 0x75, 0xED, 0x20, 0x4B, 0x61, 0x70, 0x75, 0xE3, 0x2D, 0x69, 0x74, 0x61, 0x20, 0x41, 0x72, 0x65, 0x75, 0x74, 0x61, 0x2D, 0x69, 0x74, 0x61, 0x20, 0x48, 0x75, 0x72, 0x61, 0x72, 0x69, 0x79, 0x75, 0x20, 0x52, 0x65, 0x74, 0x65, 0x77, 0x61));
				if (style == 2) return String(CharArray::of(0x48, 0x61, 0x77, 0x61, 0xED, 0x20, 0x61, 0x73, 0x75, 0xED, 0x20, 0x4B, 0x61, 0x70, 0x75, 0xE3, 0x2D, 0x69, 0x74, 0x61, 0x20, 0x41, 0x72, 0x65, 0x75, 0x74, 0x61, 0x2D, 0x69, 0x74, 0x61, 0x20, 0x4B, 0x75, 0x72, 0x61, 0x73, 0xED, 0x20, 0x41, 0x72, 0x61, 0x20, 0x48, 0x75, 0x72, 0x61, 0x72, 0x69, 0x79, 0x75));
					break;
				case 70: 
				if (style == 0) return String(CharArray::of(0x48, 0x0169, 0x67, 0x20, 0x4B, 0x0169, 0x67, 0x20, 0x48, 0x75, 0x72, 0x61, 0x72, 0x69, 0x79, 0x75));
				if (style == 1) return String(CharArray::of(0x48, 0x0169, 0x67, 0x20, 0x4B, 0x0169, 0x67, 0x20, 0x48, 0x75, 0x72, 0x61, 0x72, 0x69, 0x79, 0x75, 0x20, 0x52, 0x65, 0x74, 0x65, 0x77, 0x61));
				if (style == 2) return String(CharArray::of(0x48, 0x0169, 0x67, 0x20, 0x4B, 0x0169, 0x67, 0x20, 0x4B, 0x75, 0x72, 0x61, 0x73, 0xED, 0x20, 0x41, 0x72, 0x61, 0x20, 0x48, 0x75, 0x72, 0x61, 0x72, 0x69, 0x79, 0x75));
					break;
				case 71: 
				if (style == 0) return String(CharArray::of(0x48, 0x6F, 0x77, 0x69, 0x64, 0x69, 0x20, 0x48, 0x75, 0x72, 0x61, 0x72, 0x69, 0x79, 0x75));
				if (style == 1) return String(CharArray::of(0x48, 0x6F, 0x77, 0x69, 0x64, 0x69, 0x20, 0x48, 0x75, 0x72, 0x61, 0x72, 0x69, 0x79, 0x75, 0x20, 0x52, 0x65, 0x74, 0x65, 0x77, 0x61));
				if (style == 2) return String(CharArray::of(0x48, 0x6F, 0x77, 0x69, 0x64, 0x69, 0x20, 0x4B, 0x75, 0x72, 0x61, 0x73, 0xED, 0x20, 0x41, 0x72, 0x61, 0x20, 0x48, 0x75, 0x72, 0x61, 0x72, 0x69, 0x79, 0x75));
					break;
				case 72: 
				if (style == 1) return String(CharArray::of(0x0128, 0x64, 0x69, 0x61, 0x20, 0x48, 0x75, 0x72, 0x61, 0x72, 0x69, 0x79, 0x75, 0x20, 0x52, 0x65, 0x74, 0x65, 0x77, 0x61));
					break;
				case 73: 
				if (style == 1) return String(CharArray::of(0x55, 0x73, 0x65, 0x79, 0x61, 0x6E, 0x75, 0x20, 0x0128, 0x64, 0x69, 0x6B, 0x75, 0x20, 0x48, 0x75, 0x72, 0x61, 0x72, 0x69, 0x79, 0x75));
					break;
				case 74: 
				if (style == 1) return String(CharArray::of(0x0128, 0x64, 0x6F, 0x78, 0x69, 0x6E, 0x61, 0x20, 0x48, 0x75, 0x72, 0x61, 0x72, 0x69, 0x79, 0x75));
					break;
				case 75: 
				if (style == 1) return String(CharArray::of(0x0128, 0x64, 0x6F, 0x6E, 0x65, 0x73, 0x69, 0x79, 0x61, 0x20, 0x50, 0x69, 0x74, 0x65, 0x72, 0x61, 0x77, 0x61, 0x72, 0x61, 0x20, 0x48, 0x75, 0x72, 0x61, 0x72, 0x69, 0x79, 0x75));
					break;
				case 76: 
				if (style == 1) return String(CharArray::of(0x0128, 0x64, 0x6F, 0x6E, 0x65, 0x73, 0x69, 0x79, 0x61, 0x20, 0x55, 0x72, 0x69, 0x1EBD, 0x74, 0x61, 0x77, 0x61, 0x72, 0x61, 0x20, 0x48, 0x75, 0x72, 0x61, 0x72, 0x69, 0x79, 0x75));
					break;
				case 77: 
				if (style == 1) return String(CharArray::of(0x0128, 0x64, 0x6F, 0x6E, 0x65, 0x73, 0x69, 0x79, 0x61, 0x20, 0x55, 0x73, 0x69, 0x64, 0x1EBD, 0x74, 0x61, 0x77, 0x61, 0x72, 0x61, 0x20, 0x48, 0x75, 0x72, 0x61, 0x72, 0x69, 0x79, 0x75));
					break;
				case 78: 
				if (style == 0) return String(CharArray::of(0x49, 0x72, 0xE3, 0x20, 0x48, 0x75, 0x72, 0x61, 0x72, 0x69, 0x79, 0x75));
				if (style == 1) return String(CharArray::of(0x49, 0x72, 0xE3, 0x20, 0x48, 0x75, 0x72, 0x61, 0x72, 0x69, 0x79, 0x75, 0x20, 0x52, 0x65, 0x74, 0x65, 0x77, 0x61));
				if (style == 2) return String(CharArray::of(0x49, 0x72, 0xE3, 0x20, 0x4B, 0x75, 0x72, 0x61, 0x73, 0xED, 0x20, 0x41, 0x72, 0x61, 0x20, 0x48, 0x75, 0x72, 0x61, 0x72, 0x69, 0x79, 0x75));
					break;
				case 79: 
				if (style == 0) return String(CharArray::of(0x49, 0x72, 0x6B, 0x75, 0x74, 0x69, 0x73, 0x69, 0x6B, 0x69, 0x20, 0x48, 0x75, 0x72, 0x61, 0x72, 0x69, 0x79, 0x75));
				if (style == 1) return String(CharArray::of(0x49, 0x72, 0x6B, 0x75, 0x74, 0x69, 0x73, 0x69, 0x6B, 0x69, 0x20, 0x48, 0x75, 0x72, 0x61, 0x72, 0x69, 0x79, 0x75, 0x20, 0x52, 0x65, 0x74, 0x65, 0x77, 0x61));
				if (style == 2) return String(CharArray::of(0x49, 0x72, 0x6B, 0x75, 0x74, 0x69, 0x73, 0x69, 0x6B, 0x69, 0x20, 0x4B, 0x75, 0x72, 0x61, 0x73, 0xED, 0x20, 0x41, 0x72, 0x61, 0x20, 0x48, 0x75, 0x72, 0x61, 0x72, 0x69, 0x79, 0x75));
					break;
				case 80: 
				if (style == 0) return String(CharArray::of(0x49, 0x73, 0x69, 0x72, 0x61, 0x79, 0x65, 0x75, 0x20, 0x48, 0x75, 0x72, 0x61, 0x72, 0x69, 0x79, 0x75));
				if (style == 1) return String(CharArray::of(0x49, 0x73, 0x69, 0x72, 0x61, 0x79, 0x65, 0x75, 0x20, 0x48, 0x75, 0x72, 0x61, 0x72, 0x69, 0x79, 0x75, 0x20, 0x52, 0x65, 0x74, 0x65, 0x77, 0x61));
				if (style == 2) return String(CharArray::of(0x49, 0x73, 0x69, 0x72, 0x61, 0x79, 0x65, 0x75, 0x20, 0x4B, 0x75, 0x72, 0x61, 0x73, 0xED, 0x20, 0x41, 0x72, 0x61, 0x20, 0x48, 0x75, 0x72, 0x61, 0x72, 0x69, 0x79, 0x75));
					break;
				case 81: 
				if (style == 0) return String(CharArray::of(0x4E, 0x69, 0x70, 0xF5, 0x20, 0x48, 0x75, 0x72, 0x61, 0x72, 0x69, 0x79, 0x75));
				if (style == 1) return String(CharArray::of(0x4E, 0x69, 0x70, 0xF5, 0x20, 0x48, 0x75, 0x72, 0x61, 0x72, 0x69, 0x79, 0x75, 0x20, 0x52, 0x65, 0x74, 0x65, 0x77, 0x61));
				if (style == 2) return String(CharArray::of(0x4E, 0x69, 0x70, 0xF5, 0x20, 0x4B, 0x75, 0x72, 0x61, 0x73, 0xED, 0x20, 0x41, 0x72, 0x61, 0x20, 0x48, 0x75, 0x72, 0x61, 0x72, 0x69, 0x79, 0x75));
					break;
				case 82: 
				if (style == 0) return String(CharArray::of(0x50, 0x65, 0x74, 0x72, 0x6F, 0x70, 0x61, 0x76, 0x6C, 0x6F, 0x76, 0x73, 0x6B, 0x2D, 0x4B, 0x61, 0x6D, 0x63, 0x68, 0x61, 0x74, 0x73, 0x6B, 0x69, 0x20, 0x48, 0x75, 0x72, 0x61, 0x72, 0x69, 0x79, 0x75));
				if (style == 1) return String(CharArray::of(0x50, 0x65, 0x74, 0x72, 0x6F, 0x70, 0x61, 0x76, 0x6C, 0x6F, 0x76, 0x73, 0x6B, 0x2D, 0x4B, 0x61, 0x6D, 0x63, 0x68, 0x61, 0x74, 0x73, 0x6B, 0x69, 0x20, 0x48, 0x75, 0x72, 0x61, 0x72, 0x69, 0x79, 0x75, 0x20, 0x52, 0x65, 0x74, 0x65, 0x77, 0x61));
				if (style == 2) return String(CharArray::of(0x50, 0x65, 0x74, 0x72, 0x6F, 0x70, 0x61, 0x76, 0x6C, 0x6F, 0x76, 0x73, 0x6B, 0x2D, 0x4B, 0x61, 0x6D, 0x63, 0x68, 0x61, 0x74, 0x73, 0x6B, 0x69, 0x20, 0x4B, 0x75, 0x72, 0x61, 0x73, 0xED, 0x20, 0x41, 0x72, 0x61, 0x20, 0x48, 0x75, 0x72, 0x61, 0x72, 0x69, 0x79, 0x75));
					break;
				case 84: 
				if (style == 1) return String(CharArray::of(0x4B, 0x61, 0x73, 0x61, 0x6B, 0x69, 0x72, 0x65, 0x74, 0xE3, 0x6D, 0x61, 0x20, 0x55, 0x72, 0x69, 0x1EBD, 0x74, 0x61, 0x77, 0x61, 0x72, 0x61, 0x20, 0x48, 0x75, 0x72, 0x61, 0x72, 0x69, 0x79, 0x75));
					break;
				case 85: 
				if (style == 1) return String(CharArray::of(0x4B, 0x61, 0x73, 0x61, 0x6B, 0x69, 0x72, 0x65, 0x74, 0xE3, 0x6D, 0x61, 0x20, 0x55, 0x73, 0x69, 0x64, 0x1EBD, 0x74, 0x61, 0x77, 0x61, 0x72, 0x61, 0x20, 0x48, 0x75, 0x72, 0x61, 0x72, 0x69, 0x79, 0x75));
					break;
				case 86: 
				if (style == 0) return String(CharArray::of(0x4B, 0x75, 0x72, 0x65, 0x79, 0x61, 0x20, 0x48, 0x75, 0x72, 0x61, 0x72, 0x69, 0x79, 0x75));
				if (style == 1) return String(CharArray::of(0x4B, 0x75, 0x72, 0x65, 0x79, 0x61, 0x20, 0x48, 0x75, 0x72, 0x61, 0x72, 0x69, 0x79, 0x75, 0x20, 0x52, 0x65, 0x74, 0x65, 0x77, 0x61));
				if (style == 2) return String(CharArray::of(0x4B, 0x75, 0x72, 0x65, 0x79, 0x61, 0x20, 0x4B, 0x75, 0x72, 0x61, 0x73, 0xED, 0x20, 0x41, 0x72, 0x61, 0x20, 0x48, 0x75, 0x72, 0x61, 0x72, 0x69, 0x79, 0x75));
					break;
				case 87: 
				if (style == 1) return String(CharArray::of(0x4B, 0x75, 0x73, 0x69, 0x72, 0x61, 0x69, 0x20, 0x48, 0x75, 0x72, 0x61, 0x72, 0x69, 0x79, 0x75));
					break;
				case 88: 
				if (style == 0) return String(CharArray::of(0x4B, 0x61, 0x72, 0x61, 0x73, 0x69, 0x6E, 0x6F, 0x79, 0x61, 0x72, 0x69, 0x73, 0x69, 0x6B, 0x69, 0x20, 0x48, 0x75, 0x72, 0x61, 0x72, 0x69, 0x79, 0x75));
				if (style == 1) return String(CharArray::of(0x4B, 0x61, 0x72, 0x61, 0x73, 0x69, 0x6E, 0x6F, 0x79, 0x61, 0x72, 0x69, 0x73, 0x69, 0x6B, 0x69, 0x20, 0x48, 0x75, 0x72, 0x61, 0x72, 0x69, 0x79, 0x75, 0x20, 0x52, 0x65, 0x74, 0x65, 0x77, 0x61));
				if (style == 2) return String(CharArray::of(0x4B, 0x61, 0x72, 0x61, 0x73, 0x69, 0x6E, 0x6F, 0x79, 0x61, 0x72, 0x69, 0x73, 0x69, 0x6B, 0x69, 0x20, 0x4B, 0x75, 0x72, 0x61, 0x73, 0xED, 0x20, 0x41, 0x72, 0x61, 0x20, 0x48, 0x75, 0x72, 0x61, 0x72, 0x69, 0x79, 0x75));
					break;
				case 89: 
				if (style == 1) return String(CharArray::of(0x4B, 0x69, 0x72, 0x69, 0x67, 0x69, 0x72, 0x65, 0x74, 0xE3, 0x6D, 0x61, 0x20, 0x48, 0x75, 0x72, 0x61, 0x72, 0x69, 0x79, 0x75));
					break;
				case 90: 
				if (style == 1) return String(CharArray::of(0x52, 0xE3, 0x6B, 0x61, 0x20, 0x48, 0x75, 0x72, 0x61, 0x72, 0x69, 0x79, 0x75));
					break;
				case 91: 
				if (style == 1) return String(CharArray::of(0x4B, 0x61, 0x70, 0x75, 0xE3, 0x2D, 0x69, 0x74, 0x61, 0x20, 0x49, 0x6E, 0x0129, 0x62, 0x75, 0x20, 0x48, 0x75, 0x72, 0x61, 0x72, 0x69, 0x79, 0x75));
					break;
				case 92: 
				if (style == 0) return String(CharArray::of(0x4C, 0x75, 0x72, 0x75, 0x64, 0x69, 0x20, 0x48, 0x6F, 0x77, 0x65, 0x20, 0x48, 0x75, 0x72, 0x61, 0x72, 0x69, 0x79, 0x75));
				if (style == 1) return String(CharArray::of(0x4C, 0x75, 0x72, 0x75, 0x64, 0x69, 0x20, 0x48, 0x6F, 0x77, 0x65, 0x20, 0x48, 0x75, 0x72, 0x61, 0x72, 0x69, 0x79, 0x75, 0x20, 0x52, 0x65, 0x74, 0x65, 0x77, 0x61));
				if (style == 2) return String(CharArray::of(0x4C, 0x75, 0x72, 0x75, 0x64, 0x69, 0x20, 0x48, 0x6F, 0x77, 0x65, 0x20, 0x4B, 0x75, 0x72, 0x61, 0x73, 0xED, 0x20, 0x41, 0x72, 0x61, 0x20, 0x48, 0x75, 0x72, 0x61, 0x72, 0x69, 0x79, 0x75));
					break;
				case 93: 
				if (style == 0) return String(CharArray::of(0x4D, 0x61, 0x6B, 0x61, 0x75, 0x20, 0x48, 0x75, 0x72, 0x61, 0x72, 0x69, 0x79, 0x75));
				if (style == 1) return String(CharArray::of(0x4D, 0x61, 0x6B, 0x61, 0x75, 0x20, 0x48, 0x75, 0x72, 0x61, 0x72, 0x69, 0x79, 0x75, 0x20, 0x52, 0x65, 0x74, 0x65, 0x77, 0x61));
				if (style == 2) return String(CharArray::of(0x4D, 0x61, 0x6B, 0x61, 0x75, 0x20, 0x4B, 0x75, 0x72, 0x61, 0x73, 0xED, 0x20, 0x41, 0x72, 0x61, 0x20, 0x48, 0x75, 0x72, 0x61, 0x72, 0x69, 0x79, 0x75));
					break;
				case 94: 
				if (style == 0) return String(CharArray::of(0x4D, 0x61, 0x67, 0x61, 0x64, 0xE3, 0x20, 0x48, 0x75, 0x72, 0x61, 0x72, 0x69, 0x79, 0x75));
				if (style == 1) return String(CharArray::of(0x4D, 0x61, 0x67, 0x61, 0x64, 0xE3, 0x20, 0x48, 0x75, 0x72, 0x61, 0x72, 0x69, 0x79, 0x75, 0x20, 0x52, 0x65, 0x74, 0x65, 0x77, 0x61));
				if (style == 2) return String(CharArray::of(0x4D, 0x61, 0x67, 0x61, 0x64, 0xE3, 0x20, 0x4B, 0x75, 0x72, 0x61, 0x73, 0xED, 0x20, 0x41, 0x72, 0x61, 0x20, 0x48, 0x75, 0x72, 0x61, 0x72, 0x69, 0x79, 0x75));
					break;
				case 95: 
				if (style == 1) return String(CharArray::of(0x4D, 0x61, 0x6C, 0x61, 0x73, 0x69, 0x79, 0x61, 0x20, 0x48, 0x75, 0x72, 0x61, 0x72, 0x69, 0x79, 0x75));
					break;
				case 96: 
				if (style == 1) return String(CharArray::of(0x4B, 0x61, 0x70, 0x75, 0xE3, 0x2D, 0x69, 0x74, 0x61, 0x20, 0x4D, 0x61, 0x75, 0x64, 0x69, 0x77, 0x61, 0x2D, 0x69, 0x74, 0x61, 0x20, 0x48, 0x75, 0x72, 0x61, 0x72, 0x69, 0x79, 0x75));
					break;
				case 97: 
				if (style == 1) return String(CharArray::of(0x4D, 0x61, 0x6B, 0x65, 0x73, 0x61, 0x2D, 0x69, 0x74, 0x61, 0x20, 0x48, 0x75, 0x72, 0x61, 0x72, 0x69, 0x79, 0x75));
					break;
				case 98: 
				if (style == 1) return String(CharArray::of(0x4B, 0x61, 0x70, 0x75, 0xE3, 0x2D, 0x69, 0x74, 0x61, 0x20, 0x4D, 0x61, 0x72, 0x73, 0x68, 0x61, 0x6C, 0x6C, 0x20, 0x48, 0x75, 0x72, 0x61, 0x72, 0x69, 0x79, 0x75));
					break;
				case 99: 
				if (style == 0) return String(CharArray::of(0x4D, 0x61, 0x75, 0x72, 0x69, 0x73, 0x69, 0x79, 0x75, 0x20, 0x48, 0x75, 0x72, 0x61, 0x72, 0x69, 0x79, 0x75));
				if (style == 1) return String(CharArray::of(0x4D, 0x61, 0x75, 0x72, 0x69, 0x73, 0x69, 0x79, 0x75, 0x20, 0x48, 0x75, 0x72, 0x61, 0x72, 0x69, 0x79, 0x75, 0x20, 0x52, 0x65, 0x74, 0x65, 0x77, 0x61));
				if (style == 2) return String(CharArray::of(0x4D, 0x61, 0x75, 0x72, 0x69, 0x73, 0x69, 0x79, 0x75, 0x20, 0x4B, 0x75, 0x72, 0x61, 0x73, 0xED, 0x20, 0x41, 0x72, 0x61, 0x20, 0x48, 0x75, 0x72, 0x61, 0x72, 0x69, 0x79, 0x75));
					break;
				case 100: 
				if (style == 1) return String(CharArray::of(0x4D, 0x61, 0x75, 0x73, 0x0169, 0x20, 0x48, 0x75, 0x72, 0x61, 0x72, 0x69, 0x79, 0x75));
					break;
				case 101: 
				if (style == 0) return String(CharArray::of(0x50, 0x61, 0x73, 0x69, 0x66, 0x69, 0x6B, 0x75, 0x20, 0x4D, 0x65, 0x78, 0x69, 0x6B, 0x61, 0x6E, 0x75, 0x20, 0x48, 0x75, 0x72, 0x61, 0x72, 0x69, 0x79, 0x75));
				if (style == 1) return String(CharArray::of(0x50, 0x61, 0x73, 0x69, 0x66, 0x69, 0x6B, 0x75, 0x20, 0x4D, 0x65, 0x78, 0x69, 0x6B, 0x61, 0x6E, 0x75, 0x20, 0x48, 0x75, 0x72, 0x61, 0x72, 0x69, 0x79, 0x75, 0x20, 0x52, 0x65, 0x74, 0x65, 0x77, 0x61));
				if (style == 2) return String(CharArray::of(0x50, 0x61, 0x73, 0x69, 0x66, 0x69, 0x6B, 0x75, 0x20, 0x4D, 0x65, 0x78, 0x69, 0x6B, 0x61, 0x6E, 0x75, 0x20, 0x4B, 0x75, 0x72, 0x61, 0x73, 0xED, 0x20, 0x41, 0x72, 0x61, 0x20, 0x48, 0x75, 0x72, 0x61, 0x72, 0x69, 0x79, 0x75));
					break;
				case 102: 
				if (style == 0) return String(CharArray::of(0x55, 0x72, 0xE3, 0x20, 0x42, 0x61, 0x74, 0x75, 0x72, 0x75, 0x20, 0x48, 0x75, 0x72, 0x61, 0x72, 0x69, 0x79, 0x75));
				if (style == 1) return String(CharArray::of(0x55, 0x72, 0xE3, 0x20, 0x42, 0x61, 0x74, 0x75, 0x72, 0x75, 0x20, 0x48, 0x75, 0x72, 0x61, 0x72, 0x69, 0x79, 0x75, 0x20, 0x52, 0x65, 0x74, 0x65, 0x77, 0x61));
				if (style == 2) return String(CharArray::of(0x55, 0x72, 0xE3, 0x20, 0x42, 0x61, 0x74, 0x75, 0x72, 0x75, 0x20, 0x4B, 0x75, 0x72, 0x61, 0x73, 0xED, 0x20, 0x41, 0x72, 0x61, 0x20, 0x48, 0x75, 0x72, 0x61, 0x72, 0x69, 0x79, 0x75));
					break;
				case 103: 
				if (style == 0) return String(CharArray::of(0x4D, 0x6F, 0x73, 0x6B, 0x6F, 0x75, 0x20, 0x48, 0x75, 0x72, 0x61, 0x72, 0x69, 0x79, 0x75));
				if (style == 1) return String(CharArray::of(0x4D, 0x6F, 0x73, 0x6B, 0x6F, 0x75, 0x20, 0x48, 0x75, 0x72, 0x61, 0x72, 0x69, 0x79, 0x75, 0x20, 0x52, 0x65, 0x74, 0x65, 0x77, 0x61));
				if (style == 2) return String(CharArray::of(0x4D, 0x6F, 0x73, 0x6B, 0x6F, 0x75, 0x20, 0x4B, 0x75, 0x72, 0x61, 0x73, 0xED, 0x20, 0x41, 0x72, 0x61, 0x20, 0x48, 0x75, 0x72, 0x61, 0x72, 0x69, 0x79, 0x75));
					break;
				case 104: 
				if (style == 1) return String(CharArray::of(0x4D, 0x69, 0x79, 0x61, 0x6D, 0xE1, 0x20, 0x48, 0x75, 0x72, 0x61, 0x72, 0x69, 0x79, 0x75));
					break;
				case 105: 
				if (style == 1) return String(CharArray::of(0x4E, 0x61, 0x75, 0x72, 0x75, 0x20, 0x48, 0x75, 0x72, 0x61, 0x72, 0x69, 0x79, 0x75));
					break;
				case 106: 
				if (style == 1) return String(CharArray::of(0x4E, 0x65, 0x70, 0x61, 0x75, 0x20, 0x48, 0x75, 0x72, 0x61, 0x72, 0x69, 0x79, 0x75));
					break;
				case 107: 
				if (style == 0) return String(CharArray::of(0x4B, 0x61, 0x72, 0x65, 0x64, 0x0169, 0x6E, 0x69, 0x79, 0x61, 0x20, 0x50, 0x69, 0x73, 0x61, 0x73, 0xFA, 0x20, 0x48, 0x75, 0x72, 0x61, 0x72, 0x69, 0x79, 0x75));
				if (style == 1) return String(CharArray::of(0x4B, 0x61, 0x72, 0x65, 0x64, 0x0169, 0x6E, 0x69, 0x79, 0x61, 0x20, 0x50, 0x69, 0x73, 0x61, 0x73, 0xFA, 0x20, 0x48, 0x75, 0x72, 0x61, 0x72, 0x69, 0x79, 0x75, 0x20, 0x52, 0x65, 0x74, 0x65, 0x77, 0x61));
				if (style == 2) return String(CharArray::of(0x4B, 0x61, 0x72, 0x65, 0x64, 0x0169, 0x6E, 0x69, 0x79, 0x61, 0x20, 0x50, 0x69, 0x73, 0x61, 0x73, 0xFA, 0x20, 0x4B, 0x75, 0x72, 0x61, 0x73, 0xED, 0x20, 0x41, 0x72, 0x61, 0x20, 0x48, 0x75, 0x72, 0x61, 0x72, 0x69, 0x79, 0x75));
					break;
				case 108: 
				if (style == 0) return String(CharArray::of(0x53, 0x65, 0x72, 0xE3, 0x64, 0x69, 0x79, 0x61, 0x20, 0x50, 0x69, 0x73, 0x61, 0x73, 0xFA, 0x20, 0x48, 0x75, 0x72, 0x61, 0x72, 0x69, 0x79, 0x75));
				if (style == 1) return String(CharArray::of(0x53, 0x65, 0x72, 0xE3, 0x64, 0x69, 0x79, 0x61, 0x20, 0x50, 0x69, 0x73, 0x61, 0x73, 0xFA, 0x20, 0x48, 0x75, 0x72, 0x61, 0x72, 0x69, 0x79, 0x75, 0x20, 0x52, 0x65, 0x74, 0x65, 0x77, 0x61));
				if (style == 2) return String(CharArray::of(0x53, 0x65, 0x72, 0xE3, 0x64, 0x69, 0x79, 0x61, 0x20, 0x50, 0x69, 0x73, 0x61, 0x73, 0xFA, 0x20, 0x4B, 0x75, 0x72, 0x61, 0x73, 0xED, 0x20, 0x41, 0x72, 0x61, 0x20, 0x48, 0x75, 0x72, 0x61, 0x72, 0x69, 0x79, 0x75));
					break;
				case 109: 
				if (style == 0) return String(CharArray::of(0x49, 0x77, 0xED, 0x20, 0x50, 0x69, 0x73, 0x61, 0x73, 0xFA, 0x20, 0x48, 0x75, 0x72, 0x61, 0x72, 0x69, 0x79, 0x75));
				if (style == 1) return String(CharArray::of(0x49, 0x77, 0xED, 0x20, 0x50, 0x69, 0x73, 0x61, 0x73, 0xFA, 0x20, 0x48, 0x75, 0x72, 0x61, 0x72, 0x69, 0x79, 0x75, 0x20, 0x52, 0x65, 0x74, 0x65, 0x77, 0x61));
				if (style == 2) return String(CharArray::of(0x49, 0x77, 0xED, 0x20, 0x50, 0x69, 0x73, 0x61, 0x73, 0xFA, 0x20, 0x4B, 0x75, 0x72, 0x61, 0x73, 0xED, 0x20, 0x41, 0x72, 0x61, 0x20, 0x48, 0x75, 0x72, 0x61, 0x72, 0x69, 0x79, 0x75));
					break;
				case 110: 
				if (style == 1) return String(CharArray::of(0x4E, 0x69, 0x77, 0x65, 0x20, 0x48, 0x75, 0x72, 0x61, 0x72, 0x69, 0x79, 0x75));
					break;
				case 111: 
				if (style == 0) return String(CharArray::of(0x4B, 0x61, 0x70, 0x75, 0xE3, 0x6D, 0x61, 0x20, 0x4E, 0x6F, 0x72, 0x66, 0x6F, 0x6C, 0x6B, 0x20, 0x48, 0x75, 0x72, 0x61, 0x72, 0x69, 0x79, 0x75));
				if (style == 1) return String(CharArray::of(0x4B, 0x61, 0x70, 0x75, 0xE3, 0x6D, 0x61, 0x20, 0x4E, 0x6F, 0x72, 0x66, 0x6F, 0x6C, 0x6B, 0x20, 0x48, 0x75, 0x72, 0x61, 0x72, 0x69, 0x79, 0x75, 0x20, 0x52, 0x65, 0x74, 0x65, 0x77, 0x61));
				if (style == 2) return String(CharArray::of(0x4B, 0x61, 0x70, 0x75, 0xE3, 0x6D, 0x61, 0x20, 0x4E, 0x6F, 0x72, 0x66, 0x6F, 0x6C, 0x6B, 0x20, 0x4B, 0x75, 0x72, 0x61, 0x73, 0xED, 0x20, 0x41, 0x72, 0x61, 0x20, 0x48, 0x75, 0x72, 0x61, 0x72, 0x69, 0x79, 0x75));
					break;
				case 112: 
				if (style == 0) return String(CharArray::of(0x46, 0x65, 0x6E, 0xE3, 0x64, 0x75, 0x20, 0x4E, 0x75, 0x72, 0x75, 0x79, 0xE3, 0x20, 0x48, 0x75, 0x72, 0x61, 0x72, 0x69, 0x79, 0x75));
				if (style == 1) return String(CharArray::of(0x46, 0x65, 0x6E, 0xE3, 0x64, 0x75, 0x20, 0x4E, 0x75, 0x72, 0x75, 0x79, 0xE3, 0x20, 0x48, 0x75, 0x72, 0x61, 0x72, 0x69, 0x79, 0x75, 0x20, 0x52, 0x65, 0x74, 0x65, 0x77, 0x61));
				if (style == 2) return String(CharArray::of(0x46, 0x65, 0x6E, 0xE3, 0x64, 0x75, 0x20, 0x4E, 0x75, 0x72, 0x75, 0x79, 0xE3, 0x20, 0x4B, 0x75, 0x72, 0x61, 0x73, 0xED, 0x20, 0x41, 0x72, 0x61, 0x20, 0x48, 0x75, 0x72, 0x61, 0x72, 0x69, 0x79, 0x75));
					break;
				case 113: 
				if (style == 1) return String(CharArray::of(0x4B, 0x61, 0x70, 0x75, 0xE3, 0x2D, 0x69, 0x74, 0x61, 0x20, 0x4D, 0x61, 0x72, 0x69, 0x79, 0xE3, 0x6E, 0x61, 0x20, 0x4E, 0x75, 0x74, 0x69, 0x20, 0x73, 0x75, 0xED, 0x20, 0x48, 0x75, 0x72, 0x61, 0x72, 0x69, 0x79, 0x75));
					break;
				case 114: 
				if (style == 0) return String(CharArray::of(0x53, 0x69, 0x62, 0x69, 0x72, 0x69, 0x73, 0x69, 0x6B, 0x69, 0x20, 0x50, 0x69, 0x73, 0x61, 0x73, 0xFA, 0x20, 0x48, 0x75, 0x72, 0x61, 0x72, 0x69, 0x79, 0x75));
				if (style == 1) return String(CharArray::of(0x53, 0x69, 0x62, 0x69, 0x72, 0x69, 0x73, 0x69, 0x6B, 0x69, 0x20, 0x50, 0x69, 0x73, 0x61, 0x73, 0xFA, 0x20, 0x48, 0x75, 0x72, 0x61, 0x72, 0x69, 0x79, 0x75, 0x20, 0x52, 0x65, 0x74, 0x65, 0x77, 0x61));
				if (style == 2) return String(CharArray::of(0x53, 0x69, 0x62, 0x69, 0x72, 0x69, 0x73, 0x69, 0x6B, 0x69, 0x20, 0x50, 0x69, 0x73, 0x61, 0x73, 0xFA, 0x20, 0x4B, 0x75, 0x72, 0x61, 0x73, 0xED, 0x20, 0x41, 0x72, 0x61, 0x20, 0x48, 0x75, 0x72, 0x61, 0x72, 0x69, 0x79, 0x75));
					break;
				case 115: 
				if (style == 0) return String(CharArray::of(0x4F, 0x6D, 0x69, 0x73, 0x69, 0x6B, 0x69, 0x20, 0x48, 0x75, 0x72, 0x61, 0x72, 0x69, 0x79, 0x75));
				if (style == 1) return String(CharArray::of(0x4F, 0x6D, 0x69, 0x73, 0x69, 0x6B, 0x69, 0x20, 0x48, 0x75, 0x72, 0x61, 0x72, 0x69, 0x79, 0x75, 0x20, 0x52, 0x65, 0x74, 0x65, 0x77, 0x61));
				if (style == 2) return String(CharArray::of(0x4F, 0x6D, 0x69, 0x73, 0x69, 0x6B, 0x69, 0x20, 0x4B, 0x75, 0x72, 0x61, 0x73, 0xED, 0x20, 0x41, 0x72, 0x61, 0x20, 0x48, 0x75, 0x72, 0x61, 0x72, 0x69, 0x79, 0x75));
					break;
				case 116: 
				if (style == 0) return String(CharArray::of(0x50, 0x61, 0x6B, 0x69, 0x72, 0x65, 0x74, 0xE3, 0x6D, 0x61, 0x20, 0x48, 0x75, 0x72, 0x61, 0x72, 0x69, 0x79, 0x75));
				if (style == 1) return String(CharArray::of(0x50, 0x61, 0x6B, 0x69, 0x72, 0x65, 0x74, 0xE3, 0x6D, 0x61, 0x20, 0x48, 0x75, 0x72, 0x61, 0x72, 0x69, 0x79, 0x75, 0x20, 0x52, 0x65, 0x74, 0x65, 0x77, 0x61));
				if (style == 2) return String(CharArray::of(0x50, 0x61, 0x6B, 0x69, 0x72, 0x65, 0x74, 0xE3, 0x6D, 0x61, 0x20, 0x4B, 0x75, 0x72, 0x61, 0x73, 0xED, 0x20, 0x41, 0x72, 0x61, 0x20, 0x48, 0x75, 0x72, 0x61, 0x72, 0x69, 0x79, 0x75));
					break;
				case 117: 
				if (style == 1) return String(CharArray::of(0x50, 0x61, 0x72, 0x61, 0x75, 0x20, 0x48, 0x75, 0x72, 0x61, 0x72, 0x69, 0x79, 0x75));
					break;
				case 118: 
				if (style == 1) return String(CharArray::of(0x50, 0x61, 0x70, 0x75, 0x77, 0x61, 0x2D, 0x47, 0x69, 0x6E, 0xE9, 0x20, 0x50, 0x69, 0x73, 0x61, 0x73, 0xFA, 0x20, 0x48, 0x75, 0x72, 0x61, 0x72, 0x69, 0x79, 0x75));
					break;
				case 119: 
				if (style == 0) return String(CharArray::of(0x50, 0x61, 0x72, 0x61, 0x67, 0x75, 0x77, 0x61, 0x69, 0x20, 0x48, 0x75, 0x72, 0x61, 0x72, 0x69, 0x79, 0x75));
				if (style == 1) return String(CharArray::of(0x50, 0x61, 0x72, 0x61, 0x67, 0x75, 0x77, 0x61, 0x69, 0x20, 0x48, 0x75, 0x72, 0x61, 0x72, 0x69, 0x79, 0x75, 0x20, 0x52, 0x65, 0x74, 0x65, 0x77, 0x61));
				if (style == 2) return String(CharArray::of(0x50, 0x61, 0x72, 0x61, 0x67, 0x75, 0x77, 0x61, 0x69, 0x4B, 0x75, 0x72, 0x61, 0x73, 0xED, 0x20, 0x41, 0x72, 0x61, 0x20, 0x48, 0x75, 0x72, 0x61, 0x72, 0x69, 0x79, 0x75));
					break;
				case 120: 
				if (style == 0) return String(CharArray::of(0x50, 0x65, 0x72, 0x75, 0x20, 0x48, 0x75, 0x72, 0x61, 0x72, 0x69, 0x79, 0x75));
				if (style == 1) return String(CharArray::of(0x50, 0x65, 0x72, 0x75, 0x20, 0x48, 0x75, 0x72, 0x61, 0x72, 0x69, 0x79, 0x75, 0x20, 0x52, 0x65, 0x74, 0x65, 0x77, 0x61));
				if (style == 2) return String(CharArray::of(0x50, 0x65, 0x72, 0x75, 0x20, 0x4B, 0x75, 0x72, 0x61, 0x73, 0xED, 0x20, 0x41, 0x72, 0x61, 0x20, 0x48, 0x75, 0x72, 0x61, 0x72, 0x69, 0x79, 0x75));
					break;
				case 121: 
				if (style == 0) return String(CharArray::of(0x46, 0x69, 0x72, 0x69, 0x70, 0x69, 0x6E, 0x61, 0x20, 0x48, 0x75, 0x72, 0x61, 0x72, 0x69, 0x79, 0x75));
				if (style == 1) return String(CharArray::of(0x46, 0x69, 0x72, 0x69, 0x70, 0x69, 0x6E, 0x61, 0x20, 0x48, 0x75, 0x72, 0x61, 0x72, 0x69, 0x79, 0x75, 0x20, 0x52, 0x65, 0x74, 0x65, 0x77, 0x61));
				if (style == 2) return String(CharArray::of(0x46, 0x69, 0x72, 0x69, 0x70, 0x69, 0x6E, 0x61, 0x20, 0x4B, 0x75, 0x72, 0x61, 0x73, 0xED, 0x20, 0x41, 0x72, 0x61, 0x20, 0x48, 0x75, 0x72, 0x61, 0x72, 0x69, 0x79, 0x75));
					break;
				case 122: 
				if (style == 1) return String(CharArray::of(0x4B, 0x61, 0x70, 0x75, 0xE3, 0x2D, 0x69, 0x74, 0x61, 0x20, 0x46, 0x1EBD, 0x6E, 0x69, 0x78));
					break;
				case 123: 
				if (style == 0) return String(CharArray::of(0x53, 0xE3, 0x20, 0x50, 0x65, 0x64, 0x75, 0x72, 0x75, 0x20, 0x61, 0x73, 0x75, 0xED, 0x20, 0x4D, 0x69, 0x6B, 0x69, 0x72, 0xE3, 0x75, 0x20, 0x48, 0x75, 0x72, 0x61, 0x72, 0x69, 0x79, 0x75));
				if (style == 1) return String(CharArray::of(0x53, 0xE3, 0x20, 0x50, 0x65, 0x64, 0x75, 0x72, 0x75, 0x20, 0x61, 0x73, 0x75, 0xED, 0x20, 0x4D, 0x69, 0x6B, 0x69, 0x72, 0xE3, 0x75, 0x20, 0x48, 0x75, 0x72, 0x61, 0x72, 0x69, 0x79, 0x75, 0x20, 0x52, 0x65, 0x74, 0x65, 0x77, 0x61));
				if (style == 2) return String(CharArray::of(0x53, 0xE3, 0x20, 0x50, 0x65, 0x64, 0x75, 0x72, 0x75, 0x20, 0x61, 0x73, 0x75, 0xED, 0x20, 0x4D, 0x69, 0x6B, 0x69, 0x72, 0xE3, 0x75, 0x20, 0x4B, 0x75, 0x72, 0x61, 0x73, 0xED, 0x20, 0x41, 0x72, 0x61, 0x20, 0x48, 0x75, 0x72, 0x61, 0x72, 0x69, 0x79, 0x75));
					break;
				case 124: 
				if (style == 1) return String(CharArray::of(0x50, 0x69, 0x74, 0x63, 0x61, 0x69, 0x72, 0x6E, 0x20, 0x48, 0x75, 0x72, 0x61, 0x72, 0x69, 0x79, 0x75));
					break;
				case 125: 
				if (style == 1) return String(CharArray::of(0x50, 0x6F, 0x6E, 0x61, 0x70, 0x65, 0x20, 0x48, 0x75, 0x72, 0x61, 0x72, 0x69, 0x79, 0x75));
					break;
				case 126: 
				if (style == 1) return String(CharArray::of(0x50, 0x69, 0xFA, 0x67, 0x69, 0xE3, 0x67, 0x69, 0x20, 0x48, 0x75, 0x72, 0x61, 0x72, 0x69, 0x79, 0x75));
					break;
				case 127: 
				if (style == 0) return String(CharArray::of(0x4B, 0x69, 0x73, 0x69, 0x72, 0x6F, 0x64, 0x61, 0x20, 0x48, 0x75, 0x72, 0x61, 0x72, 0x69, 0x79, 0x75));
				if (style == 1) return String(CharArray::of(0x4B, 0x69, 0x73, 0x69, 0x72, 0x6F, 0x64, 0x61, 0x20, 0x48, 0x75, 0x72, 0x61, 0x72, 0x69, 0x79, 0x75, 0x20, 0x52, 0x65, 0x74, 0x65, 0x77, 0x61));
				if (style == 2) return String(CharArray::of(0x4B, 0x69, 0x73, 0x69, 0x72, 0x6F, 0x64, 0x61, 0x20, 0x4B, 0x75, 0x72, 0x61, 0x73, 0xED, 0x20, 0x41, 0x72, 0x61, 0x20, 0x48, 0x75, 0x72, 0x61, 0x72, 0x69, 0x79, 0x75));
					break;
				case 128: 
				if (style == 1) return String(CharArray::of(0x59, 0x75, 0x6D, 0x75, 0x61, 0x74, 0x69, 0x72, 0x69, 0x73, 0x61, 0x77, 0x61, 0x20, 0x48, 0x75, 0x72, 0x61, 0x72, 0x69, 0x79, 0x75));
					break;
				case 129: 
				if (style == 1) return String(CharArray::of(0x52, 0x6F, 0x74, 0x65, 0x72, 0x61, 0x20, 0x48, 0x75, 0x72, 0x61, 0x72, 0x69, 0x79, 0x75));
					break;
				case 130: 
				if (style == 0) return String(CharArray::of(0x53, 0x61, 0x6B, 0x61, 0x72, 0x69, 0x6E, 0x61, 0x20, 0x48, 0x75, 0x72, 0x61, 0x72, 0x69, 0x79, 0x75));
				if (style == 1) return String(CharArray::of(0x53, 0x61, 0x6B, 0x61, 0x72, 0x69, 0x6E, 0x61, 0x20, 0x48, 0x75, 0x72, 0x61, 0x72, 0x69, 0x79, 0x75, 0x20, 0x52, 0x65, 0x74, 0x65, 0x77, 0x61));
				if (style == 2) return String(CharArray::of(0x53, 0x61, 0x6B, 0x61, 0x72, 0x69, 0x6E, 0x61, 0x20, 0x4B, 0x75, 0x72, 0x61, 0x73, 0xED, 0x20, 0x41, 0x72, 0x61, 0x20, 0x48, 0x75, 0x72, 0x61, 0x72, 0x69, 0x79, 0x75));
					break;
				case 131: 
				if (style == 0) return String(CharArray::of(0x53, 0x61, 0x6D, 0x61, 0x72, 0x61, 0x20, 0x48, 0x75, 0x72, 0x61, 0x72, 0x69, 0x79, 0x75));
				if (style == 1) return String(CharArray::of(0x53, 0x61, 0x6D, 0x61, 0x72, 0x61, 0x20, 0x48, 0x75, 0x72, 0x61, 0x72, 0x69, 0x79, 0x75, 0x20, 0x52, 0x65, 0x74, 0x65, 0x77, 0x61));
				if (style == 2) return String(CharArray::of(0x53, 0x61, 0x6D, 0x61, 0x72, 0x61, 0x20, 0x4B, 0x75, 0x72, 0x61, 0x73, 0xED, 0x20, 0x41, 0x72, 0x61, 0x20, 0x48, 0x75, 0x72, 0x61, 0x72, 0x69, 0x79, 0x75));
					break;
				case 132: 
				if (style == 0) return String(CharArray::of(0x53, 0x61, 0x6D, 0x6F, 0x77, 0x61, 0x20, 0x48, 0x75, 0x72, 0x61, 0x72, 0x69, 0x79, 0x75));
				if (style == 1) return String(CharArray::of(0x53, 0x61, 0x6D, 0x6F, 0x77, 0x61, 0x20, 0x48, 0x75, 0x72, 0x61, 0x72, 0x69, 0x79, 0x75, 0x20, 0x52, 0x65, 0x74, 0x65, 0x77, 0x61));
				if (style == 2) return String(CharArray::of(0x53, 0x61, 0x6D, 0x6F, 0x77, 0x61, 0x20, 0x4B, 0x75, 0x72, 0x61, 0x73, 0xED, 0x20, 0x41, 0x72, 0x61, 0x20, 0x48, 0x75, 0x72, 0x61, 0x72, 0x69, 0x79, 0x75));
					break;
				case 133: 
				if (style == 1) return String(CharArray::of(0x53, 0x65, 0x69, 0x78, 0x65, 0x72, 0x69, 0x20, 0x48, 0x75, 0x72, 0x61, 0x72, 0x69, 0x79, 0x75));
					break;
				case 134: 
				if (style == 1) return String(CharArray::of(0x53, 0x0129, 0x67, 0x61, 0x70, 0x75, 0x72, 0x61, 0x20, 0x48, 0x75, 0x72, 0x61, 0x72, 0x69, 0x79, 0x75, 0x20, 0x52, 0x65, 0x74, 0x65, 0x77, 0x61));
					break;
				case 135: 
				if (style == 1) return String(CharArray::of(0x4B, 0x61, 0x70, 0x75, 0xE3, 0x6D, 0x61, 0x2D, 0x69, 0x74, 0x61, 0x20, 0x53, 0x61, 0x72, 0x75, 0x6D, 0x0169, 0x20, 0x48, 0x75, 0x72, 0x61, 0x72, 0x69, 0x79, 0x75));
					break;
				case 136: 
				if (style == 1) return String(CharArray::of(0x47, 0x65, 0x75, 0x67, 0x69, 0x79, 0x61, 0x20, 0x53, 0x75, 0x20, 0x73, 0x75, 0xED, 0x20, 0x48, 0x75, 0x72, 0x61, 0x72, 0x69, 0x79, 0x75));
					break;
				case 137: 
				if (style == 1) return String(CharArray::of(0x53, 0x75, 0x72, 0x69, 0x6E, 0x61, 0x6D, 0x65, 0x20, 0x48, 0x75, 0x72, 0x61, 0x72, 0x69, 0x79, 0x75));
					break;
				case 138: 
				if (style == 1) return String(CharArray::of(0x53, 0x69, 0x79, 0x6F, 0x77, 0x61, 0x20, 0x48, 0x75, 0x72, 0x61, 0x72, 0x69, 0x79, 0x75));
					break;
				case 139: 
				if (style == 1) return String(CharArray::of(0x54, 0x61, 0x69, 0x74, 0x69, 0x20, 0x48, 0x75, 0x72, 0x61, 0x72, 0x69, 0x79, 0x75));
					break;
				case 140: 
				if (style == 0) return String(CharArray::of(0x54, 0x61, 0x69, 0x70, 0x65, 0x69, 0x20, 0x48, 0x75, 0x72, 0x61, 0x72, 0x69, 0x79, 0x75));
				if (style == 1) return String(CharArray::of(0x54, 0x61, 0x69, 0x70, 0x65, 0x69, 0x20, 0x48, 0x75, 0x72, 0x61, 0x72, 0x69, 0x79, 0x75, 0x20, 0x52, 0x65, 0x74, 0x65, 0x77, 0x61));
				if (style == 2) return String(CharArray::of(0x54, 0x61, 0x69, 0x70, 0x65, 0x69, 0x20, 0x4B, 0x75, 0x72, 0x61, 0x73, 0xED, 0x20, 0x41, 0x72, 0x61, 0x20, 0x48, 0x75, 0x72, 0x61, 0x72, 0x69, 0x79, 0x75));
					break;
				case 141: 
				if (style == 1) return String(CharArray::of(0x54, 0x61, 0x79, 0x69, 0x6B, 0x69, 0x72, 0x65, 0x74, 0xE3, 0x6D, 0x61, 0x20, 0x48, 0x75, 0x72, 0x61, 0x72, 0x69, 0x79, 0x75));
					break;
				case 142: 
				if (style == 1) return String(CharArray::of(0x54, 0x6F, 0x6B, 0x65, 0x72, 0x61, 0x75, 0x20, 0x48, 0x75, 0x72, 0x61, 0x72, 0x69, 0x79, 0x75));
					break;
				case 143: 
				if (style == 0) return String(CharArray::of(0x54, 0xF5, 0x67, 0x61, 0x20, 0x48, 0x75, 0x72, 0x61, 0x72, 0x69, 0x79, 0x75));
				if (style == 1) return String(CharArray::of(0x54, 0xF5, 0x67, 0x61, 0x20, 0x48, 0x75, 0x72, 0x61, 0x72, 0x69, 0x79, 0x75, 0x20, 0x52, 0x65, 0x74, 0x65, 0x77, 0x61));
				if (style == 2) return String(CharArray::of(0x54, 0xF5, 0x67, 0x61, 0x20, 0x4B, 0x75, 0x72, 0x61, 0x73, 0xED, 0x20, 0x41, 0x72, 0x61, 0x20, 0x48, 0x75, 0x72, 0x61, 0x72, 0x69, 0x79, 0x75));
					break;
				case 144: 
				if (style == 1) return String(CharArray::of(0x43, 0x68, 0x75, 0x75, 0x6B, 0x20, 0x48, 0x75, 0x72, 0x61, 0x72, 0x69, 0x79, 0x75));
					break;
				case 145: 
				if (style == 0) return String(CharArray::of(0x54, 0x75, 0x72, 0x6B, 0x75, 0x72, 0x61, 0x6E, 0x61, 0x72, 0x65, 0x74, 0xE3, 0x6D, 0x61, 0x20, 0x48, 0x75, 0x72, 0x61, 0x72, 0x69, 0x79, 0x75));
				if (style == 1) return String(CharArray::of(0x54, 0x75, 0x72, 0x6B, 0x75, 0x72, 0x61, 0x6E, 0x61, 0x72, 0x65, 0x74, 0xE3, 0x6D, 0x61, 0x20, 0x48, 0x75, 0x72, 0x61, 0x72, 0x69, 0x79, 0x75, 0x20, 0x52, 0x65, 0x74, 0x65, 0x77, 0x61));
				if (style == 2) return String(CharArray::of(0x54, 0x75, 0x72, 0x6B, 0x75, 0x72, 0x61, 0x6E, 0x61, 0x72, 0x65, 0x74, 0xE3, 0x6D, 0x61, 0x20, 0x4B, 0x75, 0x72, 0x61, 0x73, 0xED, 0x20, 0x41, 0x72, 0x61, 0x20, 0x48, 0x75, 0x72, 0x61, 0x72, 0x69, 0x79, 0x75));
					break;
				case 146: 
				if (style == 1) return String(CharArray::of(0x54, 0x75, 0x76, 0x61, 0x72, 0x75, 0x20, 0x48, 0x75, 0x72, 0x61, 0x72, 0x69, 0x79, 0x75));
					break;
				case 147: 
				if (style == 0) return String(CharArray::of(0x55, 0x72, 0x75, 0x67, 0x75, 0x77, 0x61, 0x69, 0x20, 0x48, 0x75, 0x72, 0x61, 0x72, 0x69, 0x79, 0x75));
				if (style == 1) return String(CharArray::of(0x55, 0x72, 0x75, 0x67, 0x75, 0x77, 0x61, 0x69, 0x20, 0x48, 0x75, 0x72, 0x61, 0x72, 0x69, 0x79, 0x75, 0x20, 0x52, 0x65, 0x74, 0x65, 0x77, 0x61));
				if (style == 2) return String(CharArray::of(0x55, 0x72, 0x75, 0x67, 0x75, 0x77, 0x61, 0x69, 0x20, 0x4B, 0x75, 0x72, 0x61, 0x73, 0xED, 0x20, 0x41, 0x72, 0x61, 0x20, 0x48, 0x75, 0x72, 0x61, 0x72, 0x69, 0x79, 0x75));
					break;
				case 148: 
				if (style == 0) return String(CharArray::of(0x59, 0x0169, 0x62, 0x75, 0x65, 0x73, 0x61, 0x72, 0x61, 0x2D, 0x72, 0x65, 0x74, 0xE3, 0x6D, 0x61, 0x20, 0x48, 0x75, 0x72, 0x61, 0x72, 0x69, 0x79, 0x75));
				if (style == 1) return String(CharArray::of(0x59, 0x0169, 0x62, 0x75, 0x65, 0x73, 0x61, 0x72, 0x61, 0x2D, 0x72, 0x65, 0x74, 0xE3, 0x6D, 0x61, 0x20, 0x48, 0x75, 0x72, 0x61, 0x72, 0x69, 0x79, 0x75, 0x20, 0x52, 0x65, 0x74, 0x65, 0x77, 0x61));
				if (style == 2) return String(CharArray::of(0x59, 0x0169, 0x62, 0x75, 0x65, 0x73, 0x61, 0x72, 0x61, 0x2D, 0x72, 0x65, 0x74, 0xE3, 0x6D, 0x61, 0x20, 0x4B, 0x75, 0x72, 0x61, 0x73, 0xED, 0x20, 0x41, 0x72, 0x61, 0x20, 0x48, 0x75, 0x72, 0x61, 0x72, 0x69, 0x79, 0x75));
					break;
				case 149: 
				if (style == 0) return String(CharArray::of(0x57, 0x61, 0x6E, 0x75, 0x61, 0x74, 0x75, 0x20, 0x48, 0x75, 0x72, 0x61, 0x72, 0x69, 0x79, 0x75));
				if (style == 1) return String(CharArray::of(0x57, 0x61, 0x6E, 0x75, 0x61, 0x74, 0x75, 0x20, 0x48, 0x75, 0x72, 0x61, 0x72, 0x69, 0x79, 0x75, 0x20, 0x52, 0x65, 0x74, 0x65, 0x77, 0x61));
				if (style == 2) return String(CharArray::of(0x57, 0x61, 0x6E, 0x75, 0x61, 0x74, 0x75, 0x20, 0x4B, 0x75, 0x72, 0x61, 0x73, 0xED, 0x20, 0x41, 0x72, 0x61, 0x20, 0x48, 0x75, 0x72, 0x61, 0x72, 0x69, 0x79, 0x75));
					break;
				case 150: 
				if (style == 1) return String(CharArray::of(0x57, 0x65, 0x6E, 0x1EBD, 0x73, 0x75, 0x65, 0x72, 0x61, 0x20, 0x48, 0x75, 0x72, 0x61, 0x72, 0x69, 0x79, 0x75));
					break;
				case 151: 
				if (style == 0) return String(CharArray::of(0x57, 0x61, 0x72, 0x61, 0x64, 0x69, 0x77, 0x6F, 0x73, 0x69, 0x74, 0x75, 0x6B, 0x69, 0x20, 0x48, 0x75, 0x72, 0x61, 0x72, 0x69, 0x79, 0x75));
				if (style == 1) return String(CharArray::of(0x57, 0x61, 0x72, 0x61, 0x64, 0x69, 0x77, 0x6F, 0x73, 0x69, 0x74, 0x75, 0x6B, 0x69, 0x20, 0x48, 0x75, 0x72, 0x61, 0x72, 0x69, 0x79, 0x75, 0x20, 0x52, 0x65, 0x74, 0x65, 0x77, 0x61));
				if (style == 2) return String(CharArray::of(0x57, 0x61, 0x72, 0x61, 0x64, 0x69, 0x77, 0x6F, 0x73, 0x69, 0x74, 0x75, 0x6B, 0x69, 0x20, 0x4B, 0x75, 0x72, 0x61, 0x73, 0xED, 0x20, 0x41, 0x72, 0x61, 0x20, 0x48, 0x75, 0x72, 0x61, 0x72, 0x69, 0x79, 0x75));
					break;
				case 152: 
				if (style == 0) return String(CharArray::of(0x57, 0x6F, 0x72, 0x77, 0x6F, 0x67, 0x61, 0x72, 0x61, 0x64, 0x75, 0x20, 0x48, 0x75, 0x72, 0x61, 0x72, 0x69, 0x79, 0x75));
				if (style == 1) return String(CharArray::of(0x57, 0x6F, 0x72, 0x77, 0x6F, 0x67, 0x61, 0x72, 0x61, 0x64, 0x75, 0x20, 0x48, 0x75, 0x72, 0x61, 0x72, 0x69, 0x79, 0x75, 0x20, 0x52, 0x65, 0x74, 0x65, 0x77, 0x61));
				if (style == 2) return String(CharArray::of(0x57, 0x6F, 0x72, 0x77, 0x6F, 0x67, 0x61, 0x72, 0x61, 0x64, 0x75, 0x20, 0x4B, 0x75, 0x72, 0x61, 0x73, 0xED, 0x20, 0x41, 0x72, 0x61, 0x20, 0x48, 0x75, 0x72, 0x61, 0x72, 0x69, 0x79, 0x75));
					break;
				case 153: 
				if (style == 1) return String(CharArray::of(0x57, 0x6F, 0x73, 0x69, 0x74, 0x75, 0x6B, 0x69, 0x20, 0x48, 0x75, 0x72, 0x61, 0x72, 0x69, 0x79, 0x75));
					break;
				case 154: 
				if (style == 1) return String(CharArray::of(0x4B, 0x61, 0x70, 0x75, 0xE3, 0x2D, 0x69, 0x74, 0x61, 0x20, 0x57, 0x61, 0x6B, 0x65));
					break;
				case 155: 
				if (style == 1) return String(CharArray::of(0x57, 0x61, 0x72, 0x69, 0x20, 0x61, 0x73, 0x75, 0xED, 0x20, 0x46, 0x75, 0x74, 0x75, 0x6E, 0x61, 0x20, 0x48, 0x75, 0x72, 0x61, 0x72, 0x69, 0x79, 0x75));
					break;
				case 156: 
				if (style == 0) return String(CharArray::of(0x59, 0x61, 0x6B, 0x75, 0x74, 0x69, 0x73, 0x69, 0x6B, 0x69, 0x20, 0x48, 0x75, 0x72, 0x61, 0x72, 0x69, 0x79, 0x75));
				if (style == 1) return String(CharArray::of(0x59, 0x61, 0x6B, 0x75, 0x74, 0x69, 0x73, 0x69, 0x6B, 0x69, 0x20, 0x48, 0x75, 0x72, 0x61, 0x72, 0x69, 0x79, 0x75, 0x20, 0x52, 0x65, 0x74, 0x65, 0x77, 0x61));
				if (style == 2) return String(CharArray::of(0x59, 0x61, 0x6B, 0x75, 0x74, 0x69, 0x73, 0x69, 0x6B, 0x69, 0x20, 0x4B, 0x75, 0x72, 0x61, 0x73, 0xED, 0x20, 0x41, 0x72, 0x61, 0x20, 0x48, 0x75, 0x72, 0x61, 0x72, 0x69, 0x79, 0x75));
					break;
				case 157: 
				if (style == 0) return String(CharArray::of(0x45, 0x6B, 0x61, 0x74, 0x65, 0x72, 0x0129, 0x62, 0x75, 0x67, 0x75, 0x20, 0x48, 0x75, 0x72, 0x61, 0x72, 0x69, 0x79, 0x75));
				if (style == 1) return String(CharArray::of(0x45, 0x6B, 0x61, 0x74, 0x65, 0x72, 0x0129, 0x62, 0x75, 0x67, 0x75, 0x20, 0x48, 0x75, 0x72, 0x61, 0x72, 0x69, 0x79, 0x75, 0x20, 0x52, 0x65, 0x74, 0x65, 0x77, 0x61));
				if (style == 2) return String(CharArray::of(0x45, 0x6B, 0x61, 0x74, 0x65, 0x72, 0x0129, 0x62, 0x75, 0x67, 0x75, 0x20, 0x4B, 0x75, 0x72, 0x61, 0x73, 0xED, 0x20, 0x41, 0x72, 0x61, 0x20, 0x48, 0x75, 0x72, 0x61, 0x72, 0x69, 0x79, 0x75));
					break;
            default: break;
            }
            return String();
        }
        
        String Yrl::timezonePattern(gint type) const {
            switch(type){
				case 3: return String(CharArray::of(0x48, 0x75, 0x72, 0x61, 0x72, 0x69, 0x79, 0x75, 0x20, 0x7B, 0x30, 0x7D));
            default: break;
            }
            return String();
        }
    }
}
        